Hugo_Symbol,gene length,silent,nonsense,splice site,missense,recurrent missense,normalized missense position entropy,frameshift indel,inframe indel,normalized mutation entropy,lost start and stop,missense to silent,non-silent to silent,inactivating p-value,entropy p-value,vest p-value,combined p-value,expression_CCLE,replication_time,HiC_compartment,gene_betweeness,gene_degree,3'UTR,5'Flank,5'UTR,COULD_NOT_DETERMINE,DE_NOVO_START_IN_FRAME,DE_NOVO_START_OUT_FRAME,Frame_Shift_Del,Frame_Shift_Ins,IGR,In_Frame_Del,In_Frame_Ins,Intron,Missense_Mutation,Nonsense_Mutation,Nonstop_Mutation,RNA,START_CODON_INS,START_CODON_SNP,Silent,Splice_Site,Translation_Start_Site,DEL,DNP,INS,ONP,SNP,TNP,pnum,cadd_mean,cadd_var,proteome_mean,proteome_var,amp_mean,amp_var,amp_freq,del_mean,del_var,del_freq,abs_mean,abs_var,abs_freq,exp_mean,exp_var,methy_mean,methy_var,Phosphoproteome_mean,Phosphoproteome_var,gene_desc,class
CSF3R,2592,0.2272727272727272,0.0,0.0,0.6363636363636364,0.0,1.0,0.1363636363636363,0.0,0.951533901945023,0.0,2.333333333333333,2.833333333333333,1.0,1.0,0.1791151710549883,0.4871442354161247,581031.8,347.0,0.03074992,7.58207342257004e-06,13.0,0.0,0.0,0.0,0.0,0.0,0.0,3.0,0.0,0.0,0.0,0.0,0.0,14.0,0.0,0.0,0.0,0.0,0.0,5.0,0.0,0.0,3.0,0.0,0.0,0.0,19.0,0.0,19.0,12.36031579,88.42512589,21.88701420269522,1.8204614569819408,0.2647544444444442,0.0350891524856889,126.0,-0.2385138857142858,0.015885252229642,175.0,0.2494983056478403,0.0240020649301196,301.0,3.2971209124332286,0.0334449273500813,0.111514500398345,0.0145173604745375,16.140126432682987,0.9602245326375978,"Yes, the CSF3R gene, which encodes the granulocyte colony-stimulating factor receptor, has been implicated in various cancers, particularly in myeloid malignancies such as chronic neutrophilic leukemia and other hematological disorders. Alterations in CSF3R, including mutations and dysregulated expression, can lead to aberrant signaling pathways that promote cell proliferation, survival, and differentiation. These alterations may facilitate an environment conducive to tumor progression by enhancing the survival of myeloid lineage cells, influencing the immune microenvironment, and modulating inflammatory responses. Additionally, abnormal CSF3R signaling can lead to increased production of granulocytes, which may further contribute to tumorigenesis through mechanisms such as immune evasion and promotion of angiogenesis.",1
CALR,1254,0.1666666666666666,0.0833333333333333,0.0,0.5833333333333334,0.0,1.0,0.1666666666666666,0.0,0.8894714728255649,0.0,2.333333333333333,3.333333333333333,0.3593244699964068,1.0,0.230361667818475,0.5685567234087671,1886809.0,335.0,0.03995114,0.0007267511486051,110.0,0.0,0.0,0.0,0.0,0.0,0.0,2.0,0.0,0.0,0.0,0.0,0.0,7.0,1.0,0.0,0.0,0.0,0.0,2.0,0.0,0.0,2.0,0.0,0.0,0.0,10.0,0.0,12.0,23.1324,127.7619643,30.66120599574636,0.3897893516348912,0.3330567027027027,0.0623990649298295,185.0,-0.2169554081632652,0.0116493280003453,196.0,0.2733300524934381,0.0395681580726288,381.0,3.939536814589189,0.0021240825490186,0.0925606289650008,0.0129453073703023,20.47013040630189,3.851482889416865,"Yes, there is a relationship between the CALR gene and cancer. CALR (calreticulin) is involved in calcium homeostasis and protein folding, and mutations in this gene, particularly in the context of myeloproliferative neoplasms, have been associated with disease pathogenesis. These mutations can lead to the expression of an aberrant protein that misguides the immune response and facilitates clonal expansion of hematopoietic cells. Moreover, calcitriol, the active form of vitamin D, has been shown to interact with CALR, influencing its role in apoptosis and cellular stress responses. Such alterations can disrupt normal signaling pathways, contribute to the tumor microenvironment, and promote oncogenic processes, highlighting CALR’s potential role in the development and progression of certain cancers.",1
CIC,4827,0.4166666666666667,0.0833333333333333,0.0,0.3333333333333333,0.0,1.0,0.1666666666666666,0.0,0.8590521459927658,0.0,0.7272727272727273,1.2727272727272727,0.1834525775087139,1.0,0.9182736455463728,0.9965655132698104,790786.8,299.0,0.0368695,2.380479005446577e-05,14.0,0.0,0.0,0.0,0.0,0.0,0.0,4.0,0.0,0.0,0.0,0.0,1.0,8.0,2.0,0.0,0.0,0.0,0.0,10.0,0.0,0.0,4.0,0.0,1.0,0.0,20.0,0.0,24.0,18.12615,126.8970553,23.352866569533862,0.3643113877550178,0.3080316230366492,0.0629148521978782,191.0,-0.2577255244755245,0.0237866972615187,143.0,0.2864933832335329,0.0466621091539849,334.0,3.4676243870088257,0.0281432996928375,0.055838627378591,0.0124268783578849,25.935939250717983,0.5222783325734076,"Yes, there is a relationship between the CIC gene and cancer. The CIC gene encodes a transcriptional repressor that plays a vital role in regulating gene expression linked to cellular growth and differentiation. Alterations or mutations in CIC can disrupt these regulatory functions, leading to aberrant signaling pathways that promote tumorigenesis. Specifically, in certain types of cancers, such as gliomas and sarcomas, CIC mutations have been associated with pathways involved in cell proliferation and oncogenic transformation. Additionally, CIC is involved in chromatin remodeling, and its loss of function can lead to genomic instability and increased susceptibility to carcinogenic influences. Overall, the dysregulation of CIC and its downstream effects on cellular homeostasis may contribute to the development and progression of various malignancies.",1
PRKACA,1056,0.4,0.0,0.0,0.6,0.0,1.0,0.0,0.0,1.0,0.0,1.2,1.2,1.0,1.0,0.206654267410622,0.5324877222176447,1034381.0,321.0,0.03587211,0.0013627839429123,124.0,0.0,0.0,0.0,0.0,0.0,0.0,0.0,0.0,0.0,0.0,0.0,1.0,6.0,0.0,0.0,0.0,0.0,0.0,4.0,0.0,0.0,0.0,0.0,0.0,0.0,11.0,0.0,10.0,18.50018182,124.1680934,26.038456223763028,0.4643440031200011,0.3170243902439024,0.0606361791278468,164.0,-0.2212024210526314,0.0131836413464884,190.0,0.265594519774011,0.037347353236171,354.0,3.347863656047856,0.0147291947017534,0.044736553926774,0.0133627010841734,22.159003920939256,4.775712919135863,"Yes, there is a relationship between the PRKACA gene and cancer. PRKACA encodes the catalytic subunit of protein kinase A (PKA), which is involved in multiple signaling pathways, including those regulating cell growth, differentiation, and apoptosis. Dysregulation of PKA activity, often due to mutations or altered expression of PRKACA, can lead to aberrant cellular signaling and has been implicated in various cancers, such as adrenal tumors and certain pancreatic neoplasms. Elevated PKA activity can promote tumorigenesis through mechanisms such as enhanced cellular proliferation, inhibition of apoptosis, and modulation of metabolic pathways, thereby contributing to the oncogenic phenotype. Furthermore, PKA is involved in the phosphorylation of downstream targets that affect gene expression and cell cycle regulation, further linking PRKACA to cancer development.",1
SMARCA4,5040,0.1764705882352941,0.1323529411764706,0.0147058823529411,0.5735294117647058,0.0,1.0,0.0735294117647058,0.0294117647058823,0.8487649690203058,0.0,3.0,4.307692307692308,0.00347,1.0,0.0238021564753766,0.1127741197772184,1984564.0,190.0,0.04046629,0.0011947079100357,199.0,0.0,0.0,0.0,0.0,0.0,0.0,3.0,2.0,0.0,2.0,0.0,4.0,37.0,9.0,0.0,0.0,0.0,0.0,12.0,2.0,0.0,5.0,1.0,2.0,0.0,63.0,0.0,59.0,24.75374603,153.0797446,24.556111005119973,0.2860961257290044,0.3219020588235293,0.0609318563478071,169.0,-0.2168371078431371,0.0116133101024316,204.0,0.2645939037433152,0.0366717668077762,373.0,3.6420458038962726,0.0090467361079419,0.0402344039500055,0.0050094233934704,24.8799534761512,0.7282661538704854,"Yes, there is a relationship between the SMARCA4 gene and cancer. SMARCA4 encodes a subunit of the SWI/SNF chromatin-remodeling complex, which is crucial for regulating gene expression and maintaining genomic stability. In various cancers, including lung and ovarian tumors, mutations or deletions of the SMARCA4 gene can lead to the loss of function of the SWI/SNF complex. This disruption can result in altered chromatin accessibility and gene expression patterns that promote tumorigenesis. Additionally, the loss of SMARCA4 can contribute to changes in cell cycle regulation and increased genomic instability, further facilitating cancer development and progression through a variety of pathways, including those involved in DNA damage response and repair.",1
TCF3,1965,0.2857142857142857,0.0,0.0714285714285714,0.5714285714285714,0.0,1.0,0.0714285714285714,0.0,0.9624786378518296,0.0,1.6,2.0,0.4170141784820684,1.0,0.7072135785007072,0.9522083221176668,2396187.0,262.0,0.0309214999999999,0.0023020514452626,147.0,0.0,0.0,1.0,0.0,0.0,0.0,1.0,0.0,0.0,0.0,0.0,7.0,7.0,0.0,0.0,0.0,0.0,0.0,4.0,1.0,0.0,1.0,0.0,0.0,0.0,20.0,0.0,16.0,12.53865,115.110906,21.08305378094556,2.5386636084010887,0.249901043478261,0.0155523188725858,115.0,-0.2663907241379311,0.0261146528108925,290.0,0.2617084691358023,0.0231249742372545,405.0,3.497672605434168,0.009072145991905,0.035777097926922,0.0026180887068834,22.53935556540424,0.5348019740565182,"Yes, there is a relationship between the TCF3 gene and cancer. TCF3 (Transcription Factor 3) plays a critical role in gene regulatory networks, particularly in hematopoiesis and B-cell development. Dysregulation of TCF3, often through mutations or aberrations such as translocations, can lead to oncogenic processes. In specific malignancies, including certain types of leukemia and lymphoma, TCF3 can contribute to the inappropriate activation of target genes that promote cell proliferation and survival. Additionally, TCF3 interacts with other key signaling pathways and transcription factors, potentially leading to an altered cellular microenvironment that favors tumorigenesis. This multifaceted role highlights TCF3 as a significant player in the pathology of various cancers.",1
CCND1,888,0.0,0.2307692307692307,0.0,0.6923076923076923,0.0,1.0,0.0,0.0769230769230769,0.8180073353228107,0.0,9.0,13.0,0.0783208020050125,1.0,0.4426737494466578,0.8034184318219858,441430.8,536.0,0.04094218,0.0003046664827035,78.0,2.0,0.0,0.0,0.0,0.0,0.0,0.0,0.0,0.0,1.0,0.0,6.0,9.0,3.0,0.0,0.0,0.0,0.0,0.0,0.0,0.0,3.0,0.0,0.0,0.0,18.0,0.0,21.0,22.03627778,152.695051,20.79079934992069,2.1841942325172723,0.5608373662551445,0.4941682507145225,243.0,-0.2180182051282052,0.0167280911395937,78.0,0.4775355140186921,0.399425766152938,321.0,3.728439785845513,0.0228967187943182,0.1156929804221034,0.0142302050740811,18.69219580585901,1.3808359130453665,"Yes, there is a relationship between the CCND1 gene and cancer, particularly in various types of tumors, including breast and colorectal cancers. CCND1 encodes cyclin D1, a protein that plays a crucial role in regulating the cell cycle by promoting the transition from the G1 phase to the S phase. Overexpression or amplification of the CCND1 gene can lead to dysregulation of this cell cycle checkpoint, contributing to uncontrolled cell proliferation. This aberration can also result in genomic instability and increased tumorigenesis, as cyclin D1 interacts with cyclin-dependent kinases (CDKs) to modulate cell cycle progression and can influence pathways related to apoptosis and cellular differentiation. Additionally, cyclin D1 has been implicated in various signaling pathways, including those involving growth factors, further enhancing its role in cancer development and progression.",1
CREB3L1,1560,0.375,0.0625,0.0,0.5,0.0,1.0,0.0,0.0625,1.0,0.0,1.1428571428571428,1.4285714285714286,0.7299270072992701,1.0,0.8445945945945946,0.9872453855251808,801520.4,158.0,0.03649365,0.0002406677182427,22.0,1.0,0.0,0.0,0.0,0.0,0.0,0.0,0.0,0.0,1.0,0.0,0.0,8.0,1.0,0.0,0.0,0.0,0.0,6.0,0.0,0.0,1.0,0.0,0.0,0.0,16.0,0.0,16.0,17.472875,124.3444266,20.3534656218166,3.8227390332335776,0.2338092567567566,0.0326498112803962,148.0,-0.2561531972789115,0.0211792918301183,147.0,0.2449433559322031,0.0269677491618286,294.0,3.027043510433649,0.2225783434105242,0.111514500398345,0.0145173604745375,17.862214877656612,2.218095017262074,"The CREB3L1 gene, also known as CREB-H, has been implicated in various cellular processes, including the regulation of stress responses and the modulation of the unfolded protein response (UPR). Alterations in the expression or function of CREB3L1 may influence tumorigenesis by affecting cellular proliferation, apoptosis, and metabolic adaptation to stress, which are crucial in cancer development and progression. Additionally, CREB3L1's role in the UPR can impact tumor cell survival under conditions of hypoxia or nutrient deprivation, further linking it to cancer biology. However, the specific mechanisms and the extent of CREB3L1's involvement in different cancers are still under investigation and require further elucidation.",1
KMT2A,11919,0.1891891891891892,0.027027027027027,0.0,0.7297297297297297,0.0,1.0,0.0405405405405405,0.0135135135135135,0.9616764793119092,0.0,3.6,4.0,0.9823182711198428,1.0,0.3347840642785403,0.7011280680394953,1338034.0,192.0,0.04876435,0.0002295260094954,76.0,0.0,0.0,0.0,0.0,0.0,0.0,3.0,0.0,0.0,1.0,0.0,0.0,53.0,2.0,0.0,0.0,0.0,0.0,13.0,1.0,0.0,4.0,0.0,0.0,0.0,69.0,0.0,55.0,20.19076812,83.53983059,22.201237856611566,1.232844917151116,0.2110454128440366,0.012642272667652,109.0,-0.2777071111111111,0.020704398888492,225.0,0.2559522455089822,0.0190073557465941,333.0,3.701890558162461,0.0177635897988257,0.0656139801735225,0.0057576384318581,24.4323689359078,0.7496571097803476,"Yes, there is a relationship between the KMT2A gene (also known as MLL) and cancer, particularly in hematological malignancies such as acute lymphoblastic leukemia (ALL) and acute myeloid leukemia (AML). KMT2A encodes a lysine methyltransferase that is critical for regulating gene expression during development and differentiation. Mutations, translocations, and overexpression of KMT2A can lead to the aberrant activation of oncogenic pathways, as well as the dysregulation of target genes involved in cell cycle progression and apoptosis. These genetic alterations often result in a gain-of-function effect that drives the proliferation and survival of malignant cells, contributing to leukemogenesis. Additionally, KMT2A's role in epigenetic regulation highlights its potential impact on the chromatin landscape, further influencing tumor behavior and therapeutic responses.",1
MYOD1,963,0.4,0.0,0.05,0.5,0.0,1.0,0.05,0.0,0.9537243573680482,0.0,1.1111111111111112,1.3333333333333333,0.4608294930875576,1.0,0.8230452674897121,0.9833284582654418,391397.6,626.0,0.01695203,0.0002431683146758,69.0,0.0,0.0,0.0,0.0,0.0,0.0,0.0,1.0,0.0,0.0,0.0,0.0,10.0,0.0,0.0,0.0,0.0,0.0,8.0,1.0,0.0,0.0,0.0,1.0,0.0,19.0,0.0,20.0,19.38152632,79.1067956,21.88701420269522,1.8204614569819408,0.2407184374999999,0.0346615283881092,160.0,-0.2455495428571428,0.0164089772492151,175.0,0.243242149253731,0.0250547779217142,335.0,0.4230304998550671,0.5871770333606767,0.1464854600581101,0.0181674819783437,13.33843659747203,0.3055525704807605,"Yes, there is a relationship between the MYOD1 gene and cancer, particularly in certain types of soft tissue sarcomas, such as pleomorphic rhabdomyosarcoma. MYOD1 encodes a muscle-specific transcription factor that plays a crucial role in myogenic differentiation and muscle development. Dysregulation or mutations in MYOD1 can lead to aberrant cell proliferation and altered differentiation pathways, contributing to tumorigenesis. Mechanistically, these alterations may disrupt normal myogenic lineage commitment, favoring an undifferentiated state conducive to oncogenesis, and potentially influencing pathways associated with proliferation, apoptosis, and cell cycle regulation. This inappropriate expression or mutation of MYOD1 can result in evasion of normal growth control, thereby facilitating the development and progression of specific cancer types.",1
YAP1,1515,0.4,0.0,0.0,0.4,0.0,1.0,0.2,0.0,1.0,0.0,0.6666666666666666,1.0,1.0,1.0,0.8554319931565441,0.9890065718476744,456820.5,327.0,-0.01362953,0.0009486646605492,123.0,0.0,0.0,0.0,0.0,0.0,0.0,1.0,0.0,0.0,0.0,0.0,0.0,2.0,0.0,0.0,0.0,0.0,0.0,2.0,0.0,0.0,1.0,0.0,0.0,0.0,4.0,0.0,5.0,16.9855,62.98110767,25.39430724045158,0.4210347860038694,0.3571044666666665,0.2940307986020626,149.0,-0.2700939303482585,0.0188020178409751,201.0,0.3072779202279201,0.1377751649690907,350.0,3.6998026220991047,0.0093297641995003,0.096364256793276,0.011874918172954,27.50187652006943,0.8991837768562432,"Yes, there is a relationship between the YAP1 gene and cancer. YAP1 (Yes-associated protein 1) functions as a key regulator in the Hippo signaling pathway, which plays a critical role in controlling cell proliferation, survival, and apoptosis. Dysregulation of YAP1 often leads to its overactivation, which can occur through genetic mutations, chromosomal rearrangements, or environmental cues that inhibit the Hippo pathway. This overactivation promotes oncogenic processes such as increased cell growth, resistance to apoptosis, and enhanced stem cell-like properties. Consequently, elevated YAP1 activity has been implicated in various cancers, including hepatocellular carcinoma, breast cancer, and colorectal cancer, where it contributes to tumor progression and metastasis by altering the expression of target genes involved in cell cycle regulation and epithelial-to-mesenchymal transition.",1
ACVR1,1530,0.0833333333333333,0.0833333333333333,0.0,0.8333333333333334,0.0,1.0,0.0,0.0,1.0,0.0,5.0,5.5,0.6313131313131313,1.0,0.137627305257363,0.4105705936965333,81110.46,935.0,0.001722014,0.0006409106311945,68.0,0.0,0.0,0.0,0.0,0.0,0.0,0.0,0.0,0.0,0.0,0.0,0.0,10.0,1.0,0.0,0.0,0.0,0.0,1.0,1.0,0.0,0.0,1.0,0.0,0.0,12.0,0.0,12.0,28.40758333,88.49370827,21.107034074183545,0.6553145260516811,0.2382949765258216,0.0233396692420985,211.0,-0.2028648611111111,0.0098578874450508,72.0,0.2293442105263159,0.0201248868631949,283.0,3.456531436309563,0.0057173510919354,0.0632257193558983,0.0069971808608863,14.919320396375117,1.1868226121820715,"Yes, there is a relationship between the ACVR1 gene and cancer, particularly in the context of specific malignancies such as gliomas and soft tissue tumors. ACVR1 encodes a receptor that functions in the transforming growth factor-beta (TGF-β) signaling pathway, which is crucial for regulating cell growth, differentiation, and apoptosis. Mutations in ACVR1 can lead to aberrant signaling, promoting uncontrolled cell proliferation and resistance to apoptosis. These alterations may drive tumorigenesis by facilitating an environment conducive to cancer cell survival and metastasis. Additionally, dysregulated ACVR1 activity can influence the tumor microenvironment, further contributing to oncogenesis and tumor progression through inflammatory pathways and interactions with stromal cells.",1
DNMT3A,2739,0.2105263157894736,0.1052631578947368,0.0526315789473684,0.631578947368421,0.0,1.0,0.0,0.0,0.9410872157860573,0.0,2.4,3.0,0.0491642084562438,1.0,0.0963483957992099,0.3217828821642886,330147.4,286.0,0.04312737,0.0003154641560737,52.0,0.0,0.0,0.0,0.0,0.0,0.0,0.0,0.0,0.0,0.0,0.0,2.0,12.0,2.0,0.0,0.0,0.0,0.0,4.0,2.0,0.0,1.0,0.0,0.0,0.0,21.0,0.0,20.0,24.40914286,118.0375153,22.99805396229804,0.6909876091871411,0.2383350684931505,0.0173840708205228,219.0,-0.2289287999999999,0.0203021974269189,75.0,0.2359355102040813,0.0180786111715818,294.0,3.527296771277036,0.009354327352402,0.094771591240109,0.0123951639037592,23.64805596331854,0.4913835181003437,"Yes, there is a relationship between the DNMT3A gene and cancer. DNMT3A encodes a DNA methyltransferase involved in establishing and maintaining DNA methylation patterns, which are crucial for regulating gene expression and genomic stability. Mutations in DNMT3A, particularly in hematological malignancies such as acute myeloid leukemia (AML), can lead to altered methylation landscapes, resulting in the dysregulation of tumor suppressor genes and activation of oncogenes. This aberrant methylation can promote cancer development by contributing to cellular proliferation and survival, undermining normal differentiation processes, and facilitating genomic instability. Additionally, DNMT3A mutations can disrupt the normal progression of hematopoietic stem cells, influencing the clonal evolution of cancer.",1
PAX8,1353,0.1538461538461538,0.0,0.0,0.7692307692307693,0.0,1.0,0.0769230769230769,0.0,1.0000000000000002,0.0,3.333333333333333,3.6666666666666665,1.0,1.0,0.3441156228492774,0.7112104491218484,633218.4,385.0,0.03600913,1.5881989327262077e-05,9.0,0.0,0.0,0.0,0.0,0.0,0.0,1.0,0.0,0.0,0.0,0.0,1.0,10.0,0.0,0.0,0.0,0.0,0.0,2.0,0.0,0.0,1.0,0.0,0.0,0.0,13.0,0.0,14.0,22.83576923,56.48432436,23.81364596789594,0.8217879297824545,0.2112376966292135,0.0130833081579413,178.0,-0.2581501694915254,0.0336122498879018,59.0,0.2229163291139241,0.0184863454479081,237.0,3.0287218870747816,0.2294462911095455,0.6021590333358537,0.0431958022239036,23.229862226839284,0.9604832516316676,"Yes, there is a relationship between the PAX8 gene and cancer. PAX8 is a transcription factor that plays a crucial role in organogenesis, particularly in the development of the thyroid, kidney, and Müllerian ducts. Dysregulation of PAX8 has been implicated in various cancers, including ovarian, thyroid, and renal cancers. Mechanistically, aberrant expression or mutations in PAX8 can lead to alterations in downstream signaling pathways that promote cell proliferation, survival, and transformation. For instance, PAX8 has been shown to interact with other oncogenic pathways and transcription factors, enhancing the expression of genes associated with tumor progression and metastasis. Furthermore, PAX8 expression levels have been correlated with the prognosis in certain malignancies, suggesting its potential role in tumor biology and aggressive behavior of cancer cells.",1
REL,1860,0.3076923076923077,0.0769230769230769,0.0,0.6153846153846154,0.0,1.0,0.0,0.0,1.0000000000000002,0.0,1.6,1.8,0.657030223390276,1.0,0.922509225092251,0.9969168847024488,635307.5,439.0,0.0341879999999999,0.0025782719822765,211.0,0.0,0.0,0.0,0.0,0.0,0.0,0.0,0.0,0.0,0.0,0.0,0.0,9.0,1.0,0.0,0.0,0.0,0.0,4.0,1.0,0.0,1.0,1.0,0.0,0.0,13.0,0.0,11.0,17.21023077,148.0400234,23.759885313037103,1.2234475842367465,0.244490349344978,0.0245717348586493,229.0,-0.1999513725490197,0.0142689704240784,51.0,0.2363778928571427,0.0229338583012788,280.0,3.5937202212877386,0.0180771192962281,0.0539547625736385,0.0135730752841924,17.563846254195646,1.2774939257698397,"Yes, there is a relationship between the REL gene and cancer. The REL gene encodes a member of the NF-κB family of transcription factors, which are key regulators of immune responses and cell survival. Dysregulation of NF-κB signaling, often due to mutations or aberrant expression of REL, can lead to uncontrolled cellular proliferation and resistance to apoptosis, contributing to oncogenesis. In particular, elevated REL expression has been implicated in the development of various hematological malignancies, such as lymphoma, where it can promote survival and differentiation of malignant cells. The REL gene may also influence inflammatory pathways that further facilitate tumor progression and metastasis, thereby linking it to cancer pathophysiology through multiple, interrelated mechanisms.",1
STAT3,2313,0.3529411764705882,0.0,0.0588235294117647,0.5294117647058824,0.0,1.0,0.0,0.0588235294117647,1.0,0.0,1.2857142857142858,1.5714285714285714,0.7278020378457059,1.0,0.5296610169491526,0.8662701629890408,2140948.0,160.0,0.03204235,0.0018674267702047,175.0,0.0,0.0,0.0,0.0,0.0,0.0,0.0,0.0,0.0,1.0,0.0,1.0,9.0,0.0,0.0,0.0,0.0,0.0,6.0,1.0,0.0,1.0,0.0,0.0,0.0,17.0,0.0,16.0,21.18782353,104.3102744,26.89798573216548,0.4876795273521718,0.2800563684210529,0.0695933087713979,190.0,-0.2680732967032968,0.0207983612056462,181.0,0.2741936827956989,0.045636083026023,371.0,3.790744572830673,0.0061620612025702,0.0739840972360681,0.0092831997187073,25.44525999084342,0.8452757524376808,"Yes, there is a relationship between the STAT3 gene and cancer. STAT3 is a transcription factor that is often constitutively activated in various malignancies, leading to enhanced cell proliferation, survival, and immune evasion. This activation can occur through mutations in the STAT3 gene itself or through upstream signaling pathways, such as those involving cytokines and growth factors (e.g., IL-6, IL-10). Once activated, STAT3 translocates to the nucleus where it induces the expression of target genes that promote oncogenic processes, including anti-apoptotic proteins, angiogenic factors, and immunosuppressive cytokines. Consequently, overactive STAT3 signaling contributes to tumor growth, metastasis, and resistance to therapies, making it a critical player in the tumor microenvironment and cancer progression.",1
YWHAE,768,0.25,0.0,0.0,0.5,0.0,1.0,0.0,0.25,1.0,0.0,1.0,1.5,1.0,1.0,0.4191114836546521,0.7835785095036565,1417492.0,215.0,0.02174056,0.0035019919735535,346.0,0.0,0.0,0.0,0.0,0.0,0.0,0.0,0.0,0.0,1.0,0.0,0.0,2.0,0.0,0.0,0.0,0.0,0.0,1.0,0.0,0.0,1.0,0.0,0.0,0.0,3.0,0.0,4.0,25.43666667,122.9780333,29.7186611469705,0.4384905730154935,0.2470861363636363,0.036675320934326,88.0,-0.2786743325526932,0.0214507986490252,427.0,0.2732767378640775,0.0241276201659915,515.0,3.800561356955833,0.0050742668447936,0.1051604239997663,0.004594729182324,23.44541219822157,2.215491490263753,"Yes, there is a relationship between the YWHAE gene and cancer. YWHAE encodes the protein 14-3-3 eta, which is involved in various cellular processes, including cell cycle regulation, apoptosis, and signal transduction pathways. Aberrant expression or mutations in YWHAE can disrupt these processes, potentially leading to uncontrolled cell proliferation and resistance to apoptosis, both of which are hallmarks of cancer. Furthermore, YWHAE interacts with numerous proteins involved in cancer pathways, including those that regulate mitogen-activated protein kinase (MAPK) signaling, contributing to tumorigenesis. The dysregulation of YWHAE and its associated pathways has been implicated in various malignancies, indicating its potential significance in cancer biology.",1
CTNNB1,2346,0.064516129032258,0.032258064516129,0.032258064516129,0.8225806451612904,0.4354838709677419,0.739710104596826,0.0,0.0483870967741935,0.7506363914121441,0.0,10.2,11.6,0.8539709649871904,0.0,5e-05,1.1208206508753152e-08,305811.2,448.0,0.007941789,0.0051646339980255,276.0,0.0,0.0,0.0,0.0,0.0,0.0,0.0,0.0,0.0,3.0,0.0,0.0,50.0,2.0,0.0,0.0,0.0,0.0,3.0,3.0,0.0,3.0,1.0,0.0,0.0,57.0,0.0,57.0,28.91949123,58.45039311,27.21832978921276,0.3243448842332228,0.2297129999999999,0.0196972637388235,120.0,-0.273690856423174,0.0179219435704768,397.0,0.2634832301740812,0.0186420176722976,517.0,3.916940513607973,0.002799497389632,0.0568109410112214,0.0113143773942219,27.594381744763087,0.7609401421157994,"Yes, there is a relationship between the CTNNB1 gene and cancer. CTNNB1 encodes β-catenin, a key component of the Wnt signaling pathway, which is crucial for cell proliferation, differentiation, and adhesion. Mutations or dysregulation of CTNNB1 can lead to abnormal accumulation of β-catenin in the cytoplasm and its subsequent translocation to the nucleus, where it activates target genes that drive oncogenic processes. This aberrant signaling can contribute to various cancers, including colorectal cancer and hepatocellular carcinoma, by promoting cellular transformation, evading apoptosis, and enhancing tumorigenic properties. Furthermore, interactions with other oncogenic pathways and the tumor microenvironment may exacerbate the malignant phenotype, underscoring the gene's relevance in tumor biology.",1
FOXL2,1131,0.3,0.05,0.0,0.5,0.0,1.0,0.15,0.0,0.9074487147360965,0.0,1.4285714285714286,2.0,0.3468609087755809,1.0,0.8771929824561403,0.9921300547424596,345888.2,340.0,0.02125854,1.163282766208387e-06,4.0,0.0,0.0,0.0,0.0,0.0,0.0,3.0,0.0,0.0,0.0,0.0,0.0,10.0,1.0,0.0,0.0,0.0,0.0,6.0,0.0,0.0,3.0,0.0,0.0,0.0,17.0,0.0,20.0,21.52117647,52.12656103,20.966339579219675,0.329639561441546,0.3114297419354838,0.0448850838633636,310.0,-0.2580712987012987,0.0258738337509227,77.0,0.3008132041343669,0.0414806001995514,387.0,1.351739881408155,1.218005527921049,0.1374520005532901,0.0278138634998884,20.64774388776853,5.979122231653484,"Yes, there is a relationship between the FOXL2 gene and cancer, particularly in ovarian and other gynecological malignancies. FOXL2 is a transcription factor that plays a crucial role in ovarian development and function. Alterations in FOXL2 expression or function, such as mutations or epigenetic modifications, have been implicated in the pathogenesis of certain ovarian tumors, notably those originating from the ovarian stroma. These alterations can disrupt normal regulatory pathways, leading to aberrant cell proliferation, survival, and differentiation. Additionally, FOXL2 is involved in regulating apoptosis and may influence tumor microenvironment interactions, providing further insight into its potential role as a tumor suppressor or an oncogene depending on the context of the neoplasm.",1
FOXP1,2082,0.1111111111111111,0.1111111111111111,0.0,0.4444444444444444,0.0,1.0,0.2222222222222222,0.1111111111111111,0.7400729296679489,0.0,2.6666666666666665,5.333333333333333,0.268312315535283,1.0,0.0295325005168187,0.1335537612486813,99202.23,675.0,-0.0006184025,2.373327715286134e-05,13.0,6.0,0.0,0.0,0.0,0.0,0.0,2.0,2.0,0.0,2.0,0.0,3.0,8.0,1.0,0.0,0.0,0.0,0.0,2.0,2.0,0.0,9.0,0.0,2.0,0.0,17.0,0.0,24.0,26.01935294,96.42596462,17.633544587455162,1.1876019424913722,0.2429975714285714,0.0212012744962178,140.0,-0.2793526233766236,0.0220738122042978,385.0,0.2696579428571431,0.0220591880301112,524.0,3.545782651446683,0.0109302771219238,0.093085448477523,0.0090584428477985,18.45791825470932,1.769551306481724,"Yes, there is a relationship between the FOXP1 gene and cancer. FOXP1 is a transcription factor that plays a critical role in regulating various cellular processes, including differentiation and proliferation. Alterations in FOXP1 expression, due to chromosomal rearrangements or mutations, have been observed in several types of cancers, such as breast cancer, lymphoma, and others. Dysregulation of FOXP1 can lead to aberrant signaling pathways that promote tumorigenesis, including the activation of oncogenes and inhibition of tumor suppressor genes. Additionally, FOXP1 has been linked to the modulation of immune responses and cell apoptosis, further contributing to cancer progression and metastasis. Collectively, these mechanisms underscore the importance of FOXP1 in cancer biology, making it a significant focus of ongoing research.",1
WWTR1,1203,0.2222222222222222,0.1111111111111111,0.0,0.6666666666666666,0.0,1.0,0.0,0.0,1.0,0.0,2.0,2.333333333333333,0.3698224852071006,1.0,0.1097213078779899,0.352184736980655,558005.5,263.0,0.01846221,1.4969237997612508e-05,22.0,0.0,0.0,0.0,0.0,0.0,0.0,0.0,0.0,0.0,0.0,0.0,1.0,6.0,1.0,0.0,0.0,0.0,0.0,2.0,0.0,0.0,0.0,0.0,0.0,0.0,10.0,0.0,9.0,22.498,66.79037333,23.602567297271097,0.8269714138411024,0.340513605633803,0.0596226723841377,355.0,-0.2492627272727272,0.0214658803032167,66.0,0.3262082422802854,0.0546788501630935,421.0,3.611407851422924,0.0157157615875163,0.0897431917320912,0.014994060667283,23.01992103130856,1.0517154649606002,"Yes, there is a relationship between the WWTR1 gene and cancer. WWTR1 (also known as TAZ) is a transcriptional co-activator that plays a critical role in the Hippo signaling pathway, which regulates cell proliferation and apoptosis. Dysregulation of this pathway, often resulting from mutations or aberrant expression of WWTR1, can lead to increased cell growth and survival, contributing to tumorigenesis. Moreover, WWTR1 is known to interact with various oncogenic pathways, such as those involving YAP (Yes-associated protein), and influences the expression of genes that drive epithelial-to-mesenchymal transition (EMT) and stem cell properties, further supporting cancer progression and metastasis. Elevated WWTR1 levels have been associated with aggressive forms of certain cancers, indicating its potential role as a biomarker and therapeutic target in oncology.",1
MYB,2286,0.2,0.0,0.0,0.8,0.0,1.0,0.0,0.0,1.0,0.0,2.6666666666666665,2.6666666666666665,1.0,1.0,0.5387931034482759,0.871995492653022,150099.8,410.0,0.03207751,0.0001847860865674,50.0,0.0,0.0,0.0,0.0,0.0,0.0,0.0,0.0,0.0,0.0,0.0,10.0,8.0,0.0,0.0,0.0,0.0,0.0,2.0,0.0,0.0,2.0,0.0,1.0,0.0,17.0,0.0,15.0,16.87876471,106.7511167,17.08968686583365,1.276102805477819,0.2602717307692306,0.0371058200862957,104.0,-0.2728451865671642,0.0224220686685044,268.0,0.2693300268817203,0.0264701800223712,372.0,3.2041138470699555,0.0826422812326477,0.0574318326367842,0.0028313226060881,19.233850618757096,3.29216761611899,"Yes, there is a relationship between the MYB gene and cancer. The MYB gene encodes a transcription factor that plays a crucial role in regulating cell proliferation, differentiation, and survival. Dysregulation of MYB, through overexpression or mutations, can lead to aberrant activation of target genes involved in cell cycle progression and apoptosis, contributing to tumorigenesis. Specifically, MYB has been implicated in various hematological malignancies and solid tumors, often associated with chromosomal translocations that enhance its oncogenic potential. The pathway activation associated with MYB can lead to increased cellular growth and resistance to programmed cell death, promoting cancer development and progression.",1
TFEB,1473,0.1666666666666666,0.0833333333333333,0.0,0.6666666666666666,0.0,1.0,0.0,0.0833333333333333,1.0,0.0,2.6666666666666665,3.333333333333333,0.4357298474945534,1.0,0.1785076758300607,0.486098478550146,458236.8,251.0,0.04949371,9.224305762979345e-08,2.0,0.0,0.0,0.0,0.0,0.0,0.0,0.0,0.0,0.0,0.0,1.0,1.0,8.0,1.0,0.0,0.0,0.0,0.0,2.0,0.0,0.0,0.0,0.0,1.0,0.0,12.0,0.0,10.0,22.82108333,108.9146828,22.612784442054,0.8334879416706865,0.3295335263157894,0.1052935201224199,188.0,-0.24936808,0.0190293115607999,125.0,0.2977218412698412,0.0724351832590193,313.0,3.252871053443461,0.0139114927436851,0.0716859191917292,0.0123307764896681,22.74438116680845,0.7259645310565466,"Yes, there is a relationship between the TFEB gene and cancer. TFEB (Transcription Factor E) plays a crucial role in regulating lysosomal biogenesis and autophagy, processes that are essential for cellular homeostasis and metabolism. Dysregulation of TFEB has been implicated in cancer through several mechanisms. Overexpression of TFEB can promote tumor growth by enhancing the degradation of cellular waste and promoting nutrient recycling, which supports the metabolic demands of rapidly proliferating cancer cells. Additionally, TFEB has been shown to modulate the immune response in the tumor microenvironment, influencing cancer cell survival and metastasis. The interplay between TFEB activity, autophagy, and metabolic reprogramming underscores its significance in cancer biology, making it a focal point for understanding tumorigenesis and potential therapeutic strategies.",1
ETV6,1359,0.2307692307692307,0.0,0.0,0.7692307692307693,0.0,1.0,0.0,0.0,0.958424899318874,0.0,2.5,2.5,1.0,1.0,0.0299715270493031,0.1350968813533813,233493.0,629.0,0.03109082,0.0001095791852993,32.0,1.0,0.0,0.0,0.0,0.0,0.0,0.0,0.0,0.0,0.0,0.0,0.0,10.0,0.0,0.0,0.0,0.0,0.0,3.0,0.0,0.0,1.0,0.0,0.0,0.0,13.0,0.0,13.0,23.70692308,74.62502308,23.30554900898049,0.5098235085481262,0.307964537815126,0.0596262649835407,238.0,-0.2702097709923662,0.0323063949191779,131.0,0.2945610840108402,0.0501404746672999,369.0,3.549337755588095,0.0065055880469339,0.0444355173927365,0.0088315840528731,25.42018199572856,0.4294624917518288,"Yes, there is a relationship between the ETV6 gene and cancer. ETV6 is a transcription factor that plays a crucial role in hematopoiesis and cellular differentiation. Abnormalities in ETV6, including deletions, fusions, and mutations, have been implicated in various malignancies, particularly hematological cancers such as acute lymphoblastic leukemia (ALL) and certain types of solid tumors. The mechanisms by which ETV6 contributes to oncogenesis often involve its role in regulating gene expression pathways associated with cell proliferation and survival. For example, ETV6 rearrangements can result in the fusion of ETV6 with other oncogenes, leading to dysregulated transcriptional programs that promote tumorigenesis. Additionally, the loss of ETV6 function can disrupt normal cellular processes, contributing to the malignant transformation of cells.",1
GLI1,3321,0.3137254901960784,0.0588235294117647,0.0,0.5882352941176471,0.0,1.0,0.0392156862745098,0.0,0.9529556266518542,0.0,1.7647058823529411,2.0588235294117645,0.5125576627370579,1.0,0.8613264427217916,0.9899067206854044,1347802.0,194.0,0.03196463,0.0002370266722632,26.0,0.0,2.0,0.0,0.0,0.0,0.0,2.0,0.0,0.0,0.0,0.0,0.0,30.0,3.0,1.0,0.0,0.0,0.0,16.0,2.0,0.0,3.0,2.0,0.0,0.0,51.0,0.0,47.0,18.48019608,73.37315408,17.265457233888398,0.4098651233047254,0.3996041111111108,0.4444098748209931,180.0,-0.2280325510204081,0.0201952467903324,98.0,0.3391220503597122,0.3009969920770081,278.0,2.720117334516588,0.2021332108315752,0.111514500398345,0.0145173604745375,19.72304205881943,2.1840232667607062,"Yes, there is a relationship between the GLI1 gene and cancer. GLI1 is a transcription factor that plays a critical role in the Hedgehog signaling pathway, which is involved in embryonic development and tissue homeostasis. Aberrant activation of this pathway, often due to mutations or dysregulation of upstream components, can lead to excessive GLI1 expression, promoting oncogenesis. Mechanistically, elevated GLI1 can drive the transcription of genes involved in cell proliferation, survival, and angiogenesis, contributing to tumor growth and metastasis. Additionally, GLI1 is implicated in the regulation of the epithelial-to-mesenchymal transition (EMT), a process associated with increased invasiveness and resistance to therapies in various cancers. Thus, GLI1 serves as a significant molecular player in tumor biology and progression.",1
HMGA2,330,0.0,0.3333333333333333,0.0,0.3333333333333333,0.0,1.0,0.0,0.3333333333333333,1.0,0.0,1.0,3.0,0.580046403712297,1.0,0.6720430107526881,0.9391350379105512,274513.8,562.0,-0.006326826,6.987555313513921e-06,20.0,0.0,0.0,0.0,0.0,0.0,0.0,0.0,0.0,0.0,1.0,0.0,3.0,1.0,1.0,0.0,0.0,0.0,0.0,0.0,0.0,0.0,1.0,0.0,0.0,0.0,5.0,0.0,6.0,23.1814,192.8408448,21.972606758923632,3.678788874218135,0.3055813186813186,0.1100612969794669,182.0,-0.2146771874999999,0.0182877959972697,96.0,0.2741899640287767,0.0800642284061358,277.0,3.1292244305143377,0.2774509534291463,0.1120512974640955,0.0148901115275035,23.52621591923116,2.2154494817672026,"Yes, there is a relationship between the HMGA2 gene and cancer. HMGA2 encodes a non-histone chromatin-binding protein that plays a pivotal role in regulating gene expression and chromatin architecture. Overexpression of HMGA2 has been implicated in various types of cancer, such as lung, breast, and ovarian cancers, where it contributes to tumorigenesis through multiple mechanisms. These include promoting cellular proliferation, enhancing migration and invasion, and supporting an epithelial-to-mesenchymal transition (EMT), which is crucial for metastasis. Additionally, HMGA2 has been associated with the regulation of key oncogenes and tumor suppressor genes, further influencing cancer cell behavior and progression. Its role in stemness and resistance to therapy also highlights its significance in the cancer landscape.",1
KMT2D,16614,0.1720430107526881,0.1344086021505376,0.010752688172043,0.4731182795698925,0.0,1.0,0.1881720430107527,0.021505376344086,0.7267598451923534,0.0,2.6666666666666665,4.666666666666667,9e-05,1.0,0.508646998982706,0.8524928899923575,1770671.0,214.0,0.06520138,1.6687782959734534e-05,26.0,0.0,0.0,0.0,0.0,0.0,0.0,22.0,12.0,0.0,4.0,0.0,0.0,85.0,22.0,0.0,0.0,0.0,0.0,32.0,7.0,0.0,27.0,1.0,12.0,0.0,144.0,0.0,129.0,22.81604861,136.2150297,23.30772225462233,0.7130458241651995,0.2161484105960265,0.0111018517734569,151.0,-0.2500941463414634,0.0276999220408636,123.0,0.2313868248175181,0.0187647524232146,274.0,3.61171475150606,0.0206250967111934,0.111514500398345,0.0145173604745375,24.67526367252153,0.399045343873964,"Yes, there is a relationship between the KMT2D gene and cancer. KMT2D, also known as MLL2, encodes a histone methyltransferase that plays a crucial role in the regulation of gene expression through epigenetic modifications, specifically the tri-methylation of histone H3 lysine 4 (H3K4me3). Alterations in KMT2D, including mutations and deletions, can lead to disrupted histone modification patterns, resulting in aberrant activation or silencing of target genes that are critical for cellular processes such as proliferation, differentiation, and apoptosis. These alterations can contribute to oncogenesis by promoting tumor growth, survival, and metastasis. In various cancers, including lymphoma and other hematological malignancies, loss-of-function mutations in KMT2D have been associated with poor prognosis and therapeutic resistance, highlighting its potential role as a tumor suppressor.",1
PTPRB,6648,0.2753623188405797,0.0289855072463768,0.0,0.6666666666666666,0.0,1.0,0.0289855072463768,0.0,0.9810196341512792,0.0,2.3,2.5,0.9587727708533078,1.0,0.2872737719046251,0.6455959807036202,159249.8,454.0,-0.02589898,3.8906566482105844e-07,5.0,0.0,0.0,0.0,0.0,0.0,0.0,2.0,0.0,0.0,0.0,0.0,1.0,48.0,2.0,0.0,0.0,0.0,0.0,19.0,0.0,0.0,2.0,2.0,0.0,0.0,68.0,0.0,56.0,18.21263235,117.3981918,21.179790906673457,4.0141401586667005,0.3387620689655171,0.2506676403709459,203.0,-0.1974962499999999,0.0104275487542105,96.0,0.2934058193979933,0.1776045634156855,299.0,3.522143071426283,0.0297860437633547,0.0830125077236221,0.0101797921473001,19.3897708147787,4.695507163516454,"Yes, there is a relationship between the PTPRB gene and cancer. PTPRB encodes a protein that functions as a receptor protein tyrosine phosphatase, which plays a critical role in regulating various cellular processes, including cell adhesion, migration, and proliferation. Dysregulation of PTPRB has been implicated in tumorigenesis, as abnormal activity can lead to altered signaling cascades that favor cancer cell proliferation and metastasis. For example, loss of function or downregulation of PTPRB may result in increased phosphorylation of signaling proteins that promote cell survival and migration, thereby contributing to the aggressive behavior of tumors. Additionally, PTPRB influences the immune response in the tumor microenvironment, potentially affecting cancer progression and response to therapies. Thus, the mechanisms through which PTPRB is involved in cancer are multifaceted, linking cellular signaling, adhesion, and immune modulation.",1
CREB3L2,1563,0.4,0.1,0.2,0.3,0.0,1.0,0.0,0.0,0.8568636235841013,0.0,0.6,1.2,0.1413028119259573,1.0,0.8795074758135444,0.9924302680460853,227555.7,553.0,0.02042013,5.381245704649565e-05,13.0,0.0,0.0,0.0,0.0,0.0,0.0,0.0,0.0,0.0,0.0,0.0,3.0,3.0,1.0,0.0,0.0,0.0,0.0,4.0,3.0,0.0,0.0,0.0,2.0,0.0,12.0,0.0,14.0,20.27308333,243.631405,18.583517105590847,1.0928449821542725,0.3051955489614244,0.0306057831866768,337.0,-0.2487314912280701,0.0221977513101459,114.0,0.2909230376940133,0.0290299376069741,451.0,3.610130542690877,0.011178763435057,0.0821531208072163,0.0104066666899054,18.45533438853097,0.8080160869500667,"The CREB3L2 gene, a member of the CREB/ATF family of transcription factors, has been implicated in various cellular processes including stress response, cell proliferation, and apoptosis. Emerging evidence suggests that dysregulation of CREB3L2 may contribute to oncogenesis through several potential mechanisms. For instance, altered expression or activity of CREB3L2 can affect the transcription of genes involved in the cell cycle and survival pathways, potentially leading to increased cell growth and resistance to apoptosis in tumor cells. Additionally, CREB3L2 may interact with signaling pathways that modulate the tumor microenvironment, influencing cancer progression and metastasis. However, the specific roles of CREB3L2 in different cancer types remain an area of active research and further elucidation is needed to clarify its contributions to tumor biology.",1
MNX1,1206,0.3076923076923077,0.0,0.0,0.5384615384615384,0.0,1.0,0.1538461538461538,0.0,0.958424899318874,0.0,1.4,1.8,1.0,1.0,0.0341110656296902,0.1493427971777733,387870.8,369.0,0.02380856,0.0,1.0,0.0,0.0,0.0,0.0,0.0,0.0,2.0,0.0,0.0,0.0,0.0,0.0,7.0,0.0,0.0,0.0,0.0,0.0,3.0,1.0,0.0,2.0,0.0,0.0,0.0,11.0,0.0,13.0,21.02090909,63.89958909,18.36027874867483,0.9100711043262948,0.292644852071006,0.0229520315538356,338.0,-0.270555923076923,0.0260318463421645,130.0,0.2865090384615384,0.0238517198117072,468.0,2.107544273891778,0.9931400547293916,0.1523053685299982,0.0167957450277877,21.07657608423579,3.6915527584358783,"Yes, there is a relationship between the MNX1 gene and cancer. MNX1, which encodes the motor neuron and pancreas homeobox 1 protein, plays a crucial role in the development and differentiation of neuronal and pancreatic tissues. Aberrations in MNX1 expression have been implicated in various cancers, particularly neuroblastoma and pancreatic cancer. The potential mechanisms involve MNX1's regulation of gene expression related to cell proliferation, differentiation, and apoptosis. Dysregulation may lead to oncogenic processes, such as enhanced cell survival and proliferation, improper cellular differentiation, and altered signaling pathways that contribute to tumorigenesis. Additionally, MNX1's interaction with other transcription factors and signaling molecules may further impact the tumor microenvironment and cancer progression.",1
NPM1,885,0.3333333333333333,0.0,0.0,0.6666666666666666,0.0,1.0,0.0,0.0,1.0,0.0,1.0,1.0,1.0,1.0,0.6414368184733804,0.9262633675918148,300839.8,347.0,0.03023782,0.0055166453956542,451.0,0.0,0.0,0.0,0.0,0.0,0.0,0.0,0.0,0.0,0.0,0.0,1.0,2.0,0.0,0.0,0.0,0.0,0.0,1.0,0.0,0.0,0.0,0.0,0.0,0.0,4.0,0.0,4.0,18.21,74.28006667,29.862089405467707,0.4587427887354196,0.2866298076923076,0.0198691479574507,208.0,-0.2408396698113207,0.0139468827283264,212.0,0.2635166904761904,0.0173647810747011,420.0,3.917840399197551,0.0049051897818081,0.0426263410509271,0.0075262699139303,26.58945961298932,0.6864573508466941,"Yes, there is a relationship between the NPM1 gene and cancer, particularly in acute myeloid leukemia (AML). NPM1 encodes nucleophosmin, a nucleolar protein that plays a crucial role in ribosome biogenesis, cellular stress response, and regulation of chromatin dynamics. Mutations in NPM1, frequently resulting in a cytoplasmic localization of the protein, can disrupt these processes, leading to alterations in cellular proliferation and genomic stability. The aberrant localization may interfere with the p53 signaling pathway and disrupt normal apoptosis, allowing for the survival of mutated cells. Additionally, the mutated NPM1 can affect the function of various regulatory proteins involved in cell cycle and differentiation, contributing to the pathogenesis of leukemia and the promotion of an oncogenic environment.",1
TERT,3399,0.4423076923076923,0.0,0.0,0.4807692307692308,0.0,1.0,0.0769230769230769,0.0,0.9730115286796994,0.0,1.0416666666666667,1.2083333333333333,1.0,1.0,0.4940711462450593,0.8424287309413138,657889.9,541.0,0.02418944,0.0003168168202416,62.0,0.0,0.0,0.0,0.0,0.0,0.0,4.0,0.0,0.0,0.0,0.0,0.0,26.0,0.0,0.0,0.0,0.0,0.0,23.0,0.0,0.0,4.0,1.0,0.0,0.0,48.0,0.0,43.0,10.82702083,74.22607249,21.88701420269522,1.8204614569819408,0.3648861307901906,0.0671994923095784,367.0,-0.2515074137931034,0.0298092104581064,58.0,0.3494132705882353,0.0635329356753629,425.0,1.9828715493481388,0.6309148884288183,0.4037768959148661,0.0199427344557502,20.060674391099585,2.322449260305919,"Yes, there is a significant relationship between the TERT gene and cancer. The TERT gene encodes the telomerase reverse transcriptase, which is a crucial component of the telomerase enzyme responsible for maintaining telomere length and promoting cellular immortality. In many cancer types, the upregulation or reactivation of telomerase activity is observed, enabling cancer cells to bypass senescence and apoptosis by maintaining their telomeres. Mechanistically, alterations in TERT, including mutations, promoter methylation changes, or amplifications, can lead to its overexpression, thereby contributing to tumorigenesis. This reactivation allows for increased proliferation and survival of malignant cells, facilitating cancer progression and metastasis.",1
DICER1,5769,0.1904761904761904,0.0238095238095238,0.0,0.7857142857142857,0.0714285714285714,0.9714361137024152,0.0,0.0,0.9790050180065198,0.0,3.6666666666666665,3.7777777777777777,0.9842519685039368,0.0360503262554526,0.1090161865964886,0.0256991080213553,215900.2,674.0,0.01608616,0.0003516788265422,56.0,0.0,0.0,0.0,0.0,0.0,0.0,0.0,0.0,0.0,0.0,0.0,0.0,32.0,1.0,0.0,0.0,0.0,0.0,8.0,1.0,0.0,0.0,0.0,0.0,0.0,42.0,0.0,29.0,23.27130952,67.24019988,23.642399428401216,0.9308033852727412,0.2444622784810126,0.0311449439476416,158.0,-0.2812261977186311,0.0201826111900675,263.0,0.2674288123515441,0.0245500143319194,421.0,3.722849049808614,0.007384506611416,0.0596354825347687,0.0078686785071762,21.483050330603053,0.88189084062425,"Yes, there is a relationship between the DICER1 gene and cancer. DICER1 encodes an endonuclease responsible for processing precursor microRNAs (pre-miRNAs) into mature miRNAs, which are crucial for post-transcriptional regulation of gene expression. Mutations or dysregulation of DICER1 have been implicated in the development of several cancer types, particularly those arising in the context of familial DICER1 syndrome, such as pleuropulmonary blastoma and recurrent thyroid tumors. Aberrant levels of miRNAs due to dysfunctional DICER1 can lead to the loss of regulatory control over oncogenes and tumor suppressor genes, thereby promoting tumorigenesis. Moreover, the altered miRNA landscape can affect pathways involved in cell proliferation, differentiation, and apoptosis, contributing to cancer progression and metastasis.",1
CBFA2T3,1962,0.3461538461538461,0.0,0.0,0.6153846153846154,0.0,1.0,0.0384615384615384,0.0,0.9836349189574336,0.0,1.6,1.7,1.0,1.0,0.9487666034155596,0.9986645636804276,649122.9543319192,444.4009897808343,0.0198885680771551,0.0003266286557216,24.0,0.0,0.0,0.0,0.0,0.0,0.0,1.0,0.0,0.0,0.0,0.0,3.0,15.0,0.0,0.0,0.0,0.0,0.0,9.0,0.0,0.0,1.0,0.0,2.0,0.0,25.0,0.0,27.0,12.89812,77.08144836,18.38920710301451,6.999110494584277,0.2489115333333332,0.0422987691352169,150.0,-0.295116370967742,0.0308199091033759,248.0,0.2777024874371859,0.0355530890519834,398.0,2.5641286251210613,0.1669089018044453,0.1364646403461877,0.0283614059950608,19.83175864226413,1.38366785158599,"The CBFA2T3 gene, which encodes a transcriptional regulator, has been implicated in certain hematologic malignancies, particularly acute megakaryoblastic leukemia (AMKL). Its involvement in cancer is thought to relate to chromosomal rearrangements that lead to the production of fusion proteins, such as those seen with the RUNX1 gene. These fusion proteins can disrupt normal hematopoietic development and promote oncogenic pathways by altering gene expression and signaling networks. Additionally, CBFA2T3 may influence cellular processes such as differentiation and proliferation, further contributing to the malignant phenotype when dysregulated in cancerous states. Thus, the mechanisms through which CBFA2T3 potentially influences cancer progression involve aberrant transcriptional regulation and disruption of hematopoietic lineage commitment.",1
CBFB,564,0.0,0.1111111111111111,0.0,0.6666666666666666,0.0,1.0,0.2222222222222222,0.0,0.7632300273809492,0.0,6.0,9.0,0.4777830864787386,1.0,0.2670226969292389,0.6196052381760169,1068656.0,125.0,0.04752437,4.212966233520406e-05,25.0,0.0,0.0,0.0,0.0,0.0,0.0,2.0,0.0,0.0,0.0,0.0,0.0,6.0,1.0,0.0,0.0,0.0,0.0,0.0,2.0,0.0,4.0,0.0,0.0,0.0,7.0,0.0,11.0,30.37142857,28.18904762,25.11869792361349,0.3811635093011133,0.2365818064516127,0.0204088024265856,155.0,-0.3082958293838862,0.0331524146482374,211.0,0.2779251366120218,0.0289438948261456,366.0,3.5412015450633056,0.0038008747291285,0.0705379263037423,0.0132149222167052,22.707107803917456,0.8561736749154503,"Yes, there is a relationship between the CBFB gene and cancer. CBFB encodes a transcription factor that forms heterodimers with RUNX proteins, playing a crucial role in hematopoiesis and the regulation of gene expression associated with cell differentiation and proliferation. Aberrant expression or mutations in CBFB can disrupt normal hematopoietic development and lead to myeloid malignancies, such as acute myeloid leukemia (AML). In particular, the CBFB-MYH11 fusion protein, resulting from a chromosomal translocation, can drive leukemogenesis by altering transcriptional programs essential for cell growth and survival, contributing to oncogenic transformation. Additionally, dysregulation of CBFB may influence pathways related to cell cycle control and apoptosis, further implicating it in tumorigenesis.",1
JAK2,3399,0.0869565217391304,0.0434782608695652,0.0434782608695652,0.8260869565217391,0.0,1.0,0.0,0.0,0.9807769800471736,0.0,6.333333333333333,7.0,0.7132667617689016,1.0,0.0593225366316663,0.2268948211899016,255684.9,634.0,0.02805088,0.000521799820988,96.0,0.0,0.0,0.0,0.0,0.0,0.0,0.0,0.0,0.0,0.0,0.0,0.0,18.0,1.0,0.0,0.0,0.0,0.0,2.0,2.0,0.0,0.0,0.0,0.0,0.0,23.0,0.0,21.0,23.46073913,78.93711257,21.1579497211086,0.7865947686790327,0.2710057988165682,0.0268972151578402,169.0,-0.297101835616438,0.0377585184161267,365.0,0.2888429775280895,0.0344118178509675,533.0,3.4922678764342425,0.0113531014819385,0.0467599844131094,0.0129439849651635,20.76028148413677,1.572151107050843,"Yes, there is a relationship between the JAK2 gene and cancer, particularly hematological malignancies. Mutations in the JAK2 gene, especially the JAK2 V617F mutation, lead to constitutive activation of the JAK-STAT signaling pathway, which is critical in regulating hematopoiesis and immune responses. This aberrant signaling can promote cell proliferation and survival, contributing to the pathogenesis of diseases like polycythemia vera, essential thrombocythemia, and primary myelofibrosis. Additionally, unregulated activation of downstream pathways can result in further genetic alterations, enhancing oncogenic transformations and supporting the development of malignancies. This dysregulation of signaling pathways exemplifies how genetic mutations can have profound effects on cellular behavior and lead to cancer development.",1
PAX5,1176,0.2,0.0,0.0666666666666666,0.6,0.0,1.0,0.1333333333333333,0.0,0.9188632257835572,0.0,2.25,3.0,0.6523157208088715,1.0,0.2648305084745763,0.6167016017699296,429504.4,542.0,0.03448425,1.0277862739101725e-06,8.0,0.0,0.0,0.0,0.0,0.0,0.0,1.0,1.0,0.0,0.0,0.0,0.0,9.0,0.0,0.0,0.0,0.0,0.0,3.0,1.0,0.0,1.0,0.0,1.0,0.0,13.0,0.0,13.0,26.37623077,145.6776474,15.872621447021537,2.216782719371365,0.2821375806451614,0.0417154806292502,186.0,-0.2667883164983165,0.0281161096991832,296.0,0.2726992132505175,0.0333333580462677,481.0,2.2811953325067846,0.6213892076350332,0.2679151160640999,0.0252451354079118,14.69571120728586,1.408650459709166,"Yes, there is a relationship between the PAX5 gene and cancer, particularly in hematological malignancies such as B-cell acute lymphoblastic leukemia (B-ALL) and certain types of lymphoma. PAX5 encodes a transcription factor that is crucial for B-cell development and function. Aberrations in PAX5, such as deletions, mutations, or chromosomal rearrangements, can disrupt normal B-cell maturation and contribute to the leukemogenesis process by promoting the survival of malignant cells, altering cell signaling pathways, and impacting the expression of downstream target genes involved in cell proliferation and differentiation. These alterations can lead to a block in B-cell differentiation and the uncontrolled growth characteristic of cancer. Additionally, altered PAX5 function can contribute to genomic instability, further promoting tumorigenesis.",1
ATRX,7479,0.1081081081081081,0.0945945945945946,0.027027027027027,0.6756756756756757,0.0,1.0,0.081081081081081,0.0135135135135135,0.8724626410309786,0.0,5.555555555555555,7.333333333333333,0.7007708479327261,1.0,0.7204610951008645,0.9566742522223436,548517.1,444.4009897808343,0.007779237,0.0002268819396966,47.0,0.0,0.0,0.0,0.0,0.0,0.0,5.0,1.0,0.0,1.0,0.0,0.0,50.0,7.0,0.0,0.0,0.0,0.0,8.0,5.0,0.0,7.0,1.0,2.0,0.0,67.0,0.0,43.0,21.53429851,98.40690879,24.41845075538408,0.3338073031369239,0.2167836559139784,0.0112375743647498,93.0,-0.2756046616541353,0.0269624999614376,133.0,0.2513995575221239,0.0212545246940255,226.0,3.7372753416706654,0.0042291699548216,0.2288922139157202,0.0571960342379372,26.03442363032553,0.7221100356685516,"Yes, there is a relationship between the ATRX gene and cancer, particularly in the context of aggressive tumors such as gliomas and certain hematological malignancies. ATRX encodes a Helicase/ATPase that is involved in chromatin remodeling and the maintenance of telomere integrity, and its loss or mutation can lead to telomere dysfunction and genomic instability. This genomic instability can facilitate tumorigenesis by promoting unregulated cell proliferation, chromosomal aberrations, and the activation of alternative telomere lengthening mechanisms. Additionally, ATRX mutations are often associated with alterations in DNA damage response pathways and epigenetic changes, which can contribute to a more aggressive cancer phenotype. Thus, the dysregulation of ATRX is implicated in the processes of tumor formation and progression.",1
BCOR,5268,0.1666666666666666,0.05,0.0,0.7,0.1,0.9315173183822733,0.0833333333333333,0.0,0.8885206625357721,0.0,3.8181818181818175,4.545454545454546,0.3681885125184095,0.0,0.6936,8.932725496901919e-05,377184.1,444.4009897808343,0.0421931,2.8665848400603443e-05,34.0,0.0,0.0,0.0,0.0,0.0,0.0,3.0,1.0,0.0,0.0,0.0,4.0,40.0,3.0,0.0,0.0,0.0,0.0,10.0,1.0,0.0,5.0,0.0,1.0,0.0,56.0,0.0,53.0,19.56582143,91.62146426,20.8098468644735,1.862679306064408,0.19043703125,0.0079912872402529,64.0,-0.2904955494505494,0.044908540446934,182.0,0.2644640650406503,0.037167131333612,246.0,3.482130858029173,0.0109197950883818,0.1478340033771933,0.0304998118853391,22.814864159614235,1.218580034905129,"Yes, there is a relationship between the BCOR gene and cancer. BCOR (BCL6 Corepressor) is a transcriptional corepressor that plays a role in epigenetic regulation and has implications in various malignancies. Alterations in BCOR, including mutations or expression changes, can disrupt its normal function in regulating gene expression pathways, particularly those involved in cell proliferation and differentiation. These perturbations can contribute to oncogenic processes such as enhanced survival of malignant cells, dysregulation of stem cell pathways, and the evasion of apoptosis. For instance, BCOR mutations have been implicated in hematological malignancies, including lymphomas and leukemias, where they may affect the balance between normal hematopoiesis and malignant transformation. Overall, BCOR's involvement in cancer underscores its potential as an important player in the pathology of certain tumors.",1
FOXR2,936,0.3076923076923077,0.0,0.0,0.6923076923076923,0.0,1.0,0.0,0.0,1.0000000000000002,0.0,1.8,1.8,1.0,1.0,0.4885197850512946,0.8384832958862494,89606.85,444.4009897808343,0.009733792,2.0137306199452424e-05,29.0,0.0,0.0,1.0,0.0,0.0,0.0,0.0,0.0,0.0,0.0,0.0,0.0,10.0,0.0,0.0,0.0,0.0,0.0,4.0,0.0,0.0,0.0,1.0,0.0,0.0,14.0,0.0,14.0,7.723357143,72.24791379,14.76875627178942,2.6083277085517427,0.265494756097561,0.0532697075363595,82.0,-0.2704990066225167,0.0335232384663399,151.0,0.2687378540772532,0.0402787193143407,233.0,0.1609278309197952,0.256664330155864,0.111514500398345,0.0145173604745375,15.805800270321972,2.1900444102112897,"The FOXR2 gene has been implicated in several cancers, with evidence suggesting it may play a role in oncogenic processes such as cell proliferation, differentiation, and apoptosis. FOXR2 expression can disrupt normal regulatory pathways involved in cellular growth and survival, potentially leading to tumorigenesis. Additionally, FOXR2 has been observed to interact with other signaling pathways and transcription factors that influence cancer progression, suggesting that its dysregulation could contribute to both the initiation and maintenance of malignancies. Studies have indicated that altered FOXR2 expression may correlate with disease progression and poor prognosis in certain cancer types, pointing to its potential significance as a factor in cancer biology.",1
SSX1,567,0.6,0.0,0.0,0.4,0.0,1.0,0.0,0.0,1.0,0.0,0.5,0.5,1.0,1.0,0.9433962264150944,0.9983668944565808,603601.8,444.4009897808343,0.005204685,1.4822272204995725e-07,3.0,0.0,0.0,0.0,0.0,0.0,0.0,0.0,0.0,0.0,0.0,0.0,0.0,2.0,0.0,0.0,0.0,0.0,0.0,3.0,0.0,0.0,0.0,0.0,0.0,0.0,5.0,0.0,4.0,3.1214,13.4641198,15.53112462666888,8.06709266532863,0.2863227848101265,0.0841207685280428,79.0,-0.9052619298245622,16.358041449650962,171.0,0.7096771600000007,11.277626037720008,250.0,0.25890599651196,0.3895734160845205,0.111514500398345,0.0145173604745375,20.060674391099585,2.322449260305919,"The SSX1 gene, part of the melanoma-associated antigen (MAGE) gene family, has been implicated in cancer, particularly in melanoma and other malignancies. SSX1 encodes a protein that can elicit specific immune responses, suggesting a potential role in immune evasion. The overexpression of SSX1 in tumor cells may contribute to the progression of cancer by altering the tumor microenvironment, facilitating immune suppression, or influencing apoptosis pathways. Additionally, aberrations in SSX1 expression may correlate with tumorigenesis, as it may modulate oncogenic signaling cascades. Overall, while the exact mechanisms remain an area of ongoing research, SSX1 is thought to play a role in tumor biology and immune interaction.",1
TFE3,1728,0.125,0.0625,0.0,0.5625,0.0,1.0,0.25,0.0,0.8185993675869248,0.0,3.0,4.666666666666667,0.5621135469364812,1.0,0.1418842224744608,0.4189477708050342,834139.7,444.4009897808343,0.04114944,7.794239236910657e-06,21.0,3.0,0.0,0.0,0.0,0.0,0.0,3.0,1.0,0.0,0.0,0.0,0.0,9.0,1.0,0.0,0.0,0.0,0.0,2.0,0.0,0.0,3.0,0.0,1.0,0.0,15.0,0.0,18.0,20.9356,78.01902926,22.649338911993013,1.2972075738658926,0.2473332051282051,0.0417581964506326,78.0,-0.2823504166666667,0.0430157530830588,168.0,0.2712473983739837,0.0427115499752447,246.0,3.479734078130189,0.0039014173463047,0.2112102474177599,0.0433224850712132,23.33801078013797,0.5371994119704909,"Yes, there is a relationship between the TFE3 gene and cancer, particularly in the context of translocations and fusion proteins. TFE3 encodes a transcription factor that is involved in cellular processes such as lysosomal biogenesis and cellular stress responses. In various cancers, including renal cell carcinoma and certain soft tissue tumors, TFE3 can become dysregulated due to chromosomal rearrangements that result in the formation of TFE3 fusion proteins. These fusion proteins often possess altered transcriptional activity, leading to inappropriate activation of oncogenic pathways and contributing to tumorigenesis. Additionally, the aberrant expression of TFE3 can promote angiogenesis and metastasis, further complicating the tumor landscape. This disruption of normal cellular functions highlights the importance of TFE3 in cancer biology.",1
MYBL1,2259,0.25,0.0625,0.0,0.4375,0.0,1.0,0.25,0.0,0.8185993675869248,0.0,1.4,2.4,0.6811989100817438,1.0,0.2209456473707468,0.5545379026096655,329075.8,140.0,0.03703302,1.8367798570953853e-06,8.0,0.0,0.0,0.0,0.0,0.0,0.0,3.0,1.0,0.0,0.0,0.0,0.0,7.0,1.0,0.0,0.0,0.0,0.0,4.0,0.0,0.0,3.0,0.0,1.0,0.0,12.0,0.0,14.0,23.32816667,150.4566867,16.929243721250412,0.6493936323833018,0.3238406106870228,0.0528652330358505,390.0,-0.2617995061728395,0.016781863159753,81.0,0.3132386497890295,0.0471970804374965,471.0,3.1579878292241976,0.0261472538401651,0.0442100894334925,0.0098364327447905,17.4807105283468,2.4506953966938467,"The MYBL1 gene, a member of the MYB family of transcription factors, has been implicated in various cancers through its role in regulating cell proliferation, differentiation, and apoptosis. Dysregulation of MYBL1 can lead to aberrant expression of target genes involved in these pathways, contributing to oncogenic processes. For instance, alterations in MYBL1 expression or function may disrupt normal cellular signaling, promoting tumorigenesis by facilitating uncontrolled cell growth or evading programmed cell death. Furthermore, MYBL1 has been found to interact with other oncogenic pathways and tumor suppressor mechanisms, suggesting that its altered regulation can have a cascading effect on the cellular environment that supports cancer development.",1
NCOA2,4395,0.1891891891891892,0.081081081081081,0.0,0.6486486486486487,0.0,1.0,0.081081081081081,0.0,0.9195341470967476,0.0,3.0,3.75,0.4646840148698885,1.0,0.3473428273706148,0.7146380728134905,265128.5,742.0,0.03491331,0.0002705830087221,63.0,0.0,0.0,0.0,0.0,0.0,0.0,1.0,2.0,0.0,0.0,0.0,0.0,24.0,3.0,0.0,0.0,0.0,0.0,7.0,0.0,0.0,1.0,0.0,2.0,0.0,34.0,0.0,33.0,23.19420588,74.22285829,22.47123217787198,0.7600335747369571,0.3268672058823526,0.050645194704213,407.0,-0.245779,0.0149831783801449,70.0,0.3149923640167361,0.0462039846512131,476.0,3.660670517077749,0.0061870954102823,0.0916846861485124,0.0091862609015128,25.01827649942444,0.7731966571692733,"Yes, there is evidence suggesting a relationship between the NCOA2 gene and cancer. NCOA2 encodes a nuclear receptor coactivator that plays a crucial role in regulating the transcription of genes involved in cellular growth and differentiation. Dysregulation of NCOA2 can lead to aberrant signaling pathways that promote oncogenesis. For example, NCOA2 has been implicated in the modulation of the estrogen receptor pathway in breast cancer, potentially facilitating tumor progression through enhanced cell proliferation and survival mechanisms. Additionally, alterations in NCOA2 expression have been observed in various malignancies, suggesting its involvement in the oncogenic process through mechanisms such as chromosomal translocations, gene amplification, or mutations that can enhance its coactivator functions, thereby contributing to an altered transcriptional landscape conducive to cancer development.",1
NUTM1,3483,0.2,0.0666666666666666,0.0333333333333333,0.6,0.0,1.0,0.1,0.0,0.8946394890876679,0.0,2.571428571428572,3.4285714285714284,0.2657454158915758,1.0,0.6983240223463687,0.9490726735603728,542657.4,234.0,0.0220882,3.6026787694238303e-05,23.0,0.0,0.0,0.0,0.0,0.0,0.0,2.0,1.0,0.0,0.0,0.0,0.0,18.0,2.0,0.0,0.0,0.0,0.0,6.0,1.0,0.0,2.0,0.0,1.0,0.0,27.0,0.0,23.0,15.21218519,94.03841077,21.88701420269522,1.8204614569819408,0.1962310526315788,0.0125538035774436,57.0,-0.2839396539792386,0.0279542035797409,289.0,0.2694905491329478,0.026435004190712,346.0,1.421466361153778,0.6842996923449198,0.111514500398345,0.0145173604745375,20.060674391099585,2.322449260305919,"The NUTM1 gene has been implicated in certain cancers, particularly in the context of NUT carcinoma, a rare and aggressive malignancy. This relationship is primarily attributed to the fusion of NUTM1 with various partners, notably the BRD4 gene, which results in the production of a constitutively active fusion protein. This oncoprotein can disrupt normal transcriptional regulation and epigenetic control, leading to aberrant cell proliferation and survival. The fusion protein is thought to hijack chromatin remodeling complexes, promoting oncogenic gene expression while repressing tumor suppressor genes. Additionally, the presence of the NUTM1 fusion can alter signaling pathways associated with cancer progression, contributing to the aggressive nature of tumors in which this fusion is expressed.",1
PML,2649,0.1739130434782608,0.0,0.0,0.6521739130434783,0.0,1.0,0.1739130434782608,0.0,0.903884900235868,0.0,3.0,3.8,1.0,1.0,0.0157027778213966,0.080930823783101,375210.8,344.0,0.04149266,0.0016092311791873,190.0,0.0,0.0,0.0,0.0,0.0,0.0,3.0,1.0,0.0,0.0,0.0,10.0,15.0,0.0,0.0,0.0,0.0,0.0,4.0,0.0,0.0,5.0,1.0,1.0,0.0,26.0,0.0,27.0,13.34461538,67.15909377,27.3800831948238,0.7371106337606144,0.2328565217391303,0.0202315429657907,92.0,-0.2570073170731709,0.0230275878401194,246.0,0.250433727810651,0.0223201298317595,338.0,3.512429046671996,0.0113264376688099,0.111514500398345,0.0145173604745375,27.617086731924985,6.200058806012723,"Yes, there is a relationship between the promyelocytic leukemia (PML) gene and cancer. The PML gene encodes for a protein that is a critical component of the PML nuclear bodies, which play a role in regulating various cellular processes, including apoptosis, DNA repair, and gene expression. Dysregulation or loss of PML function has been implicated in several malignancies, most notably acute promyelocytic leukemia (APL), where a fusion between the PML gene and the retinoic acid receptor alpha (RARA) gene leads to the formation of an oncogenic fusion protein that interferes with normal hematopoiesis. Additionally, PML has been shown to possess tumor suppressor properties, as its expression can inhibit the growth of various tumor types by triggering senescence and apoptosis in response to cellular stress and DNA damage. Hence, the disruption of PML function can contribute to the development and progression of cancer through the evasion of these regulatory mechanisms.",1
ASXL1,4626,0.1578947368421052,0.1052631578947368,0.0,0.5263157894736842,0.0,1.0,0.2105263157894736,0.0,0.7842779995759683,0.0,2.857142857142857,4.571428571428571,0.2185314685314685,1.0,0.5307855626326964,0.8669836391476493,780777.1,242.0,0.05736297,1.3581211090327996e-05,11.0,0.0,0.0,0.0,0.0,0.0,0.0,6.0,2.0,0.0,0.0,0.0,0.0,20.0,4.0,0.0,0.0,0.0,1.0,6.0,0.0,0.0,6.0,0.0,2.0,0.0,31.0,0.0,36.0,18.83887097,147.268054,16.969210524699875,2.545638898394954,0.3295703389830507,0.0465032053658904,354.0,-0.1858309090909091,0.0116600278875264,44.0,0.3136795477386934,0.0446488561015581,398.0,3.6391314670135695,0.0030135604797018,0.0454136283433674,0.009947088169619,19.91686046588008,0.7130821846079076,"The ASXL1 gene, which encodes a component of the polycomb repressive complex, has been implicated in various hematologic malignancies, particularly myeloid neoplasms. Mutations in ASXL1 often result in a loss of function, leading to dysregulation of gene expression and an altered epigenetic landscape. This disruption can promote uncontrolled cell proliferation and inhibit differentiation, contributing to tumorigenesis. Furthermore, ASXL1 mutations are frequently associated with poor prognosis in conditions like acute myeloid leukemia and myelodysplastic syndromes, underscoring its potential role as a tumor suppressor. Mechanistically, the loss of ASXL1 may compromise the normal regulation of key oncogenic and tumor suppressive pathways, fostering a more permissive environment for cancer development.",1
EWSR1,1986,0.2,0.1,0.0,0.6,0.0,1.0,0.1,0.0,0.939794000867204,0.0,2.0,2.6666666666666665,0.4982561036372696,1.0,0.7380073800738007,0.9622150954477228,854819.9,251.0,0.05051948,0.0038007101186987,235.0,0.0,0.0,0.0,0.0,0.0,0.0,1.0,0.0,0.0,0.0,0.0,1.0,6.0,1.0,0.0,0.0,0.0,0.0,1.0,1.0,0.0,1.0,0.0,0.0,0.0,10.0,0.0,10.0,23.5096,88.24790827,26.7233224736072,0.2735236410128209,0.270668943661972,0.0414295281130606,142.0,-0.2910497656249999,0.0287107662360232,255.0,0.2837782160804022,0.0332512546454242,397.0,3.73015106844465,0.0015908130536839,0.0463465771446193,0.0105269773030063,16.890624437834465,1.334331278461947,"Yes, there is a relationship between the EWSR1 gene and cancer, particularly in the context of Ewing sarcoma, a type of bone cancer. EWSR1 is frequently involved in chromosomal translocations that result in the formation of oncogenic fusion proteins, most notably EWSR1-FLI1. These fusion proteins disrupt normal cellular functions by altering gene expression and various signaling pathways, including those involved in cell proliferation, differentiation, and apoptosis. The aberrant activity of these fusion proteins can lead to uncontrolled cell growth and tumorigenesis. Additionally, EWSR1 has been implicated in processes such as RNA processing and transcriptional regulation, suggesting a broader role in oncogenesis beyond the formation of specific fusions.",1
MN1,3963,0.2777777777777778,0.0185185185185185,0.0,0.6296296296296297,0.0,1.0,0.074074074074074,0.0,0.9562058547518972,0.0,2.125,2.4375,0.7112375533428165,1.0,0.3261578604044357,0.6915765754891137,107534.8,256.0,-0.1104492,1.540881770461026e-06,3.0,0.0,0.0,0.0,0.0,0.0,0.0,4.0,0.0,0.0,0.0,0.0,0.0,34.0,1.0,0.0,0.0,0.0,0.0,15.0,0.0,0.0,4.0,0.0,0.0,0.0,50.0,0.0,47.0,19.55974,75.3616933,16.781505425705046,1.536778707918941,0.2488272180451129,0.0358880668081111,133.0,-0.2969096183206107,0.0473237798948729,262.0,0.2807198481012659,0.0438900594933779,395.0,3.0013531828984488,0.0963971304637918,0.1214782552440091,0.0148749885629228,19.780127607310444,1.758525556677549,"Yes, there is a relationship between the MN1 gene and cancer. MN1, which is located on chromosome 22, has been implicated in various hematological malignancies, most notably acute myeloid leukemia (AML). The gene encodes a protein that is involved in the regulation of transcription and has been associated with the promotion of cell proliferation and survival. Aberrant expression of MN1 can lead to dysregulation of critical signaling pathways, such as those related to myeloid differentiation and proliferation. This dysregulation may contribute to the leukemogenic process by enhancing the self-renewal capabilities of hematopoietic stem cells and inhibiting their differentiation, thereby leading to the accumulation of immature myeloid cells and the development of leukemia. Additionally, studies have shown that MN1 overexpression can cooperate with other genetic abnormalities, facilitating tumor progression and resistance to apoptosis.",1
FOXO1,1968,0.2222222222222222,0.1111111111111111,0.0,0.6666666666666666,0.0,1.0,0.0,0.0,1.0,0.0,2.0,2.333333333333333,0.2046663937781416,1.0,0.0369699434359865,0.1588838787397843,237875.7,449.0,0.0551531,7.449400624224053e-05,34.0,0.0,0.0,0.0,0.0,0.0,0.0,0.0,0.0,0.0,0.0,0.0,1.0,6.0,1.0,0.0,0.0,0.0,0.0,2.0,0.0,0.0,0.0,0.0,0.0,0.0,10.0,0.0,10.0,21.117,150.3885658,21.61793131672963,1.2368453203207552,0.2925421428571428,0.033649796097177,168.0,-0.2921263862928348,0.0258673200850253,321.0,0.2922692229038852,0.0284776177010342,489.0,3.500822352068587,0.018622500822376,0.0471233057900462,0.0122761783456999,23.42540622828912,0.6038274234752564,"Yes, there is a relationship between the FOXO1 gene and cancer. FOXO1, a member of the Forkhead box O (FOXO) transcription factor family, plays a crucial role in regulating cellular processes such as apoptosis, cell cycle progression, and oxidative stress response. In cancer, altered expression or mutations of FOXO1 can lead to dysregulation of these processes. For instance, reduced FOXO1 activity can promote tumorigenesis by allowing uncontrolled cell proliferation and evasion of apoptosis. Additionally, FOXO1 interacts with various oncogenic and tumor suppressive pathways, including those involving insulin signaling and reactive oxygen species, further influencing cancer progression. Its role in stem cell maintenance and differentiation also suggests that FOXO1 may contribute to cancer stem cell properties, which are essential for tumor recurrence and metastasis.",1
BCL2,720,0.0,0.0,0.0,1.0,0.0,1.0,0.0,0.0,1.0,0.0,3.0,3.0,1.0,1.0,0.126151129052605,0.3873186140854066,207116.5,522.0,0.06028997,0.0007526383285131,96.0,0.0,0.0,0.0,0.0,0.0,0.0,0.0,0.0,0.0,0.0,0.0,0.0,3.0,0.0,0.0,0.0,0.0,0.0,0.0,0.0,0.0,0.0,0.0,0.0,0.0,3.0,0.0,3.0,20.45333333,40.38453333,20.867890800130777,1.442165013008311,0.2618102803738318,0.0278612998933168,107.0,-0.278648902743142,0.021821457471293,401.0,0.27510218503937,0.0230884205820011,508.0,3.49381307371208,0.0331731420373017,0.0949799555816735,0.0154394438539414,14.203509643302343,2.50326829345219,"Yes, there is a significant relationship between the BCL2 gene and cancer. The BCL2 (B-cell lymphoma 2) gene encodes an anti-apoptotic protein that plays a critical role in regulating the apoptotic process, thereby influencing cell survival. Dysregulation or overexpression of BCL2 can inhibit programmed cell death, allowing cells with DNA damage or oncogenic mutations to survive and proliferate. This evasion of apoptosis is a hallmark of cancer progression, contributing to tumorigenesis and the resistance of cancer cells to therapies. In various hematological malignancies, such as follicular lymphoma and chronic lymphocytic leukemia, BCL2 overexpression is often associated with poor prognosis, highlighting its critical role in the survival and persistence of cancer cells.",1
ERG,1461,0.2727272727272727,0.0909090909090909,0.0,0.6363636363636364,0.0,1.0,0.0,0.0,1.0000000000000002,0.0,1.75,2.0,0.484027105517909,1.0,0.4555808656036446,0.8137503628825214,162262.4,418.0,0.004462245,7.780398466217898e-05,77.0,0.0,0.0,0.0,0.0,0.0,0.0,0.0,0.0,0.0,0.0,0.0,2.0,7.0,1.0,0.0,0.0,0.0,0.0,3.0,0.0,0.0,0.0,0.0,0.0,0.0,13.0,0.0,13.0,21.06023077,154.2515172,20.423842164493905,1.3553067410586594,0.2409344047619047,0.0173083944948221,84.0,-0.2751631439393939,0.0276476268969221,264.0,0.2669010344827587,0.0253100352640564,348.0,3.2676800810962026,0.0214279326619555,0.0941183801542417,0.0156459128638315,23.00808534495641,1.997615380406694,"Yes, there is a relationship between the ERG gene and cancer, particularly in prostate cancer. The ERG gene, which encodes the ETS-related transcription factor, is often involved in gene fusion events, notably fusion with the TMPRSS2 gene, leading to its aberrant expression. This fusion results in the expression of a truncated ERG protein that can act as a transcriptional regulator, promoting oncogenic pathways. The overexpression of ERG can influence cell proliferation, apoptosis, and tumor progression by modulating the transcription of target genes associated with cancer cell behavior. Additionally, ERG may contribute to the invasion and metastasis of cancer cells through its role in epithelial-mesenchymal transition (EMT) processes. These mechanisms position ERG as a potential contributor to the pathogenesis of certain cancers, particularly through its aberrant regulatory functions.",1
RUNX1,1443,0.2142857142857142,0.0,0.0,0.5714285714285714,0.0,1.0,0.1428571428571428,0.0714285714285714,0.9108508867100676,0.0,2.2857142857142856,3.142857142857143,1.0,1.0,0.181257930034439,0.4908164281838488,164915.0,429.0,0.04466899,0.000228236935643,70.0,2.0,0.0,0.0,0.0,0.0,0.0,2.0,1.0,0.0,2.0,0.0,8.0,18.0,0.0,0.0,0.0,0.0,0.0,6.0,0.0,0.0,5.0,1.0,1.0,0.0,32.0,0.0,37.0,17.045625,130.4552474,22.5591227718474,1.2465830368645066,0.2590238888888889,0.0344269888083021,90.0,-0.2668705533596838,0.024394980575883,252.0,0.2648116618075803,0.0269462702723765,340.0,3.594286821951936,0.0173779935012253,0.0544701399114144,0.0134169502618771,23.267872901160704,0.6433230326038675,"Yes, there is a relationship between the RUNX1 gene and cancer. RUNX1 is a key transcription factor involved in hematopoiesis and is essential for the regulation of various genes during blood cell development. Mutations or alterations in RUNX1 can lead to disrupted hematopoietic differentiation and contribute to the development of hematological malignancies, such as acute myeloid leukemia (AML) and leukemia linked to myeloproliferative disorders. Mechanistically, RUNX1 mutations can result in the loss of its regulatory functions, leading to aberrant expression of target genes that promote cell proliferation and survival, as well as genomic instability. Additionally, RUNX1 loss-of-function mutations can allow for the improper activation of pathways that drive oncogenesis, further facilitating tumorigenesis in hematopoietic cells. Thus, RUNX1 plays a critical role in maintaining normal cellular homeostasis, and its dysregulation is implicated in the pathogenesis of various cancers, particularly those of the blood.",1
U2AF1,723,0.0,0.0,0.0,1.0,0.0,1.0,0.0,0.0,1.0,0.0,3.0,3.0,1.0,1.0,0.2360160490913382,0.5767891129677655,687432.8,279.0,0.05882527,0.0001807993825028,114.0,0.0,0.0,0.0,0.0,0.0,0.0,0.0,0.0,0.0,0.0,0.0,0.0,3.0,0.0,0.0,0.0,0.0,0.0,0.0,0.0,0.0,0.0,0.0,0.0,0.0,3.0,0.0,3.0,29.33333333,24.44333333,21.88701420269522,1.8204614569819408,0.239240111111111,0.0154948832033583,90.0,-0.2655710037174721,0.0203146449456305,269.0,0.2589699442896936,0.0191902927966449,359.0,3.081643007659269,0.1923497159043239,0.0,0.0,20.060674391099585,2.322449260305919,"Yes, there is a relationship between the U2AF1 gene and cancer. U2AF1 encodes a splicing factor that plays a crucial role in pre-mRNA splicing by recognizing and binding to the consensus sequences at the 3' splice sites. Mutations in U2AF1 can lead to aberrant splicing, which may result in the production of dysfunctional proteins and dysregulation of critical cellular pathways. This misregulation of splicing can contribute to oncogenesis by affecting cell cycle control, apoptosis, and the cellular response to DNA damage, thereby promoting tumorigenesis in various cancers, particularly in hematological malignancies. Furthermore, U2AF1 mutations are often associated with specific cancer subtypes and may influence the progression and clinical outcomes of the disease.",1
RRAGA,942,0.1818181818181818,0.0,0.0,0.8181818181818182,0.0,1.0,0.0,0.0,0.9474427588512933,0.0,3.0,3.0,1.0,1.0,0.0118756383155594,0.0645235039975399,500397.1,450.0,-0.02735849,1.1281722475067198e-05,23.0,0.0,0.0,0.0,0.0,0.0,0.0,0.0,0.0,0.0,0.0,0.0,0.0,9.0,0.0,0.0,0.0,0.0,0.0,2.0,0.0,0.0,0.0,0.0,0.0,0.0,11.0,0.0,10.0,25.98454545,92.14858147,22.023691690676923,0.8849175918157837,0.2621462337662338,0.0217750151948731,154.0,-0.2912808928571424,0.0289328404444692,392.0,0.2830634249084247,0.0270425098798081,546.0,3.512018086050498,0.0049377717331322,0.0411510797078228,0.0114852776597623,19.36367129594025,1.936267839001764,"Yes, there is a relationship between the RRAGA gene and cancer. RRAGA encodes a small GTPase that plays a critical role in the regulation of the mechanistic target of rapamycin (mTOR) signaling pathway, which is often dysregulated in various cancers. RRAGA facilitates the translocation of mTOR to lysosomes, where it becomes activated in response to nutrient availability. Alterations in RRAGA expression or mutations can impair mTOR signaling, leading to altered cellular growth, proliferation, and survival. This dysregulation can contribute to tumorigenesis by promoting metabolic reprogramming and resistance to apoptosis, thus highlighting RRAGA as a potential player in cancer cell biology.",0
CPTP,645,1.0,0.0,0.0,0.0,0.0,1.0,0.0,0.0,1.0,0.0,0.0,0.0,1.0,1.0,1.0,1.0,1744013.0,273.0,0.02773012,2.557686923029875e-05,7.0,0.0,0.0,0.0,0.0,0.0,0.0,0.0,0.0,0.0,0.0,0.0,0.0,0.0,0.0,0.0,0.0,0.0,0.0,2.0,0.0,0.0,0.0,0.0,0.0,0.0,2.0,0.0,2.0,7.6945,0.7092405,22.62114611832151,0.497757179476657,0.2638164016874681,0.0370683991865753,190.13201675643327,-0.2623792743604192,0.0349935889004216,187.6534410532616,0.2724842722630945,0.0397860230283488,377.6466786355476,3.2611783248797366,0.009896119022322,0.0336317093854775,0.0059917795465197,20.060674391099585,2.322449260305919,"The CPTP gene, also known as CTP synthase, has been implicated in various cellular processes that could relate to cancer biology, although direct relationships are still under investigation. One possible mechanism involves its role in nucleotide metabolism, specifically in the synthesis of CTP, which is crucial for RNA synthesis and overall cellular proliferation. Dysregulation of nucleotide metabolism can lead to uncontrolled cell growth and tumorigenesis. Additionally, alterations in stress responses and apoptosis, potentially influenced by CPTP activity, may contribute to the cancer phenotype. As such, changes in CPTP expression or function may have implications for cancer development and progression. However, further research is needed to fully elucidate these connections.",0
TMPRSS13,1704,0.2777777777777778,0.0,0.0,0.6111111111111112,0.0,1.0,0.1111111111111111,0.0,0.9733541703813188,0.0,1.8333333333333333,2.1666666666666665,1.0,1.0,0.6680026720106881,0.9375171045006622,527704.3,576.0,0.04528557,3.991569353860935e-07,4.0,0.0,0.0,0.0,0.0,0.0,0.0,2.0,0.0,0.0,0.0,0.0,3.0,12.0,0.0,0.0,0.0,0.0,0.0,5.0,0.0,0.0,2.0,1.0,0.0,0.0,19.0,0.0,20.0,11.49410526,114.0111527,15.38703476049564,3.818427060872197,0.2106105555555555,0.0127873159436137,108.0,-0.2780530530973451,0.0205148425359704,226.0,0.2562452994011977,0.0189683971631232,334.0,2.9954526272725404,0.2577862162346345,0.111514500398345,0.0145173604745375,19.516436213160706,1.6431667546891269,"The TMPRSS13 gene encodes a member of the serine protease family, which has been implicated in various physiological processes, including the modulation of cell signaling pathways and the regulation of extracellular matrix components. While direct associations between TMPRSS13 and cancer are still being explored, alterations in the expression or function of serine proteases can influence tumor progression, metastasis, and angiogenesis. Potential mechanisms could involve the proteolytic activation of growth factors and pro-tumorigenic signaling pathways, or the degradation of inhibitory factors that normally suppress cancer cell invasiveness. Additionally, the role of TMPRSS13 in modulating the immune microenvironment and its interactions with other proteases, such as those involved in epithelial-to-mesenchymal transition (EMT), may further contribute to tumorigenesis and cancer progression. However, definitive clinical correlations and mechanistic insights regarding TMPRSS13 in the context of specific cancers remain to be fully elucidated.",0
ZNF483,2235,0.125,0.0416666666666666,0.0,0.75,0.0,1.0,0.0833333333333333,0.0,0.9567891094945744,0.0,4.5,5.25,0.9250693802035151,1.0,0.2361275088547816,0.5769500184425073,437884.6,309.0,0.02176956,3.64200272750966e-05,9.0,0.0,0.0,0.0,0.0,0.0,0.0,1.0,1.0,0.0,0.0,0.0,2.0,18.0,1.0,0.0,0.0,0.0,0.0,3.0,0.0,0.0,1.0,0.0,1.0,0.0,24.0,0.0,21.0,13.84770833,86.50332074,18.84491665375576,0.2577114818153036,0.2468404054054054,0.0205178457603787,138.0,-0.2364562878787878,0.0147641460508065,255.0,0.240186504854369,0.0168109970344695,392.0,3.367402489432234,0.061152942509955,0.111514500398345,0.0145173604745375,17.291103849548225,1.255153952780894,"The relationship between the ZNF483 gene and cancer has garnered interest due to its role in transcription regulation and its potential involvement in cellular processes such as differentiation and proliferation. ZNF483 encodes a zinc finger protein that can influence gene expression by interacting with specific DNA sequences. Alterations in ZNF483 expression or function could disrupt normal regulatory networks, leading to aberrant cellular behaviors characteristic of cancer, such as uncontrolled growth and evasion of apoptosis. Additionally, ZNF483 may participate in pathways linked to epigenetic modifications or responses to cellular stress, further implicating it in oncogenesis and tumor progression. However, specific mechanisms linking ZNF483 directly to distinct cancer types and their pathophysiology require further investigation.",0
CD14,1128,0.3,0.0,0.0,0.7,0.0,1.0,0.0,0.0,1.0,0.0,1.75,1.75,1.0,1.0,0.510986203372509,0.8540688239212769,774470.0,356.0,0.03119387,7.233061472538628e-06,9.0,0.0,0.0,0.0,0.0,0.0,0.0,0.0,0.0,0.0,0.0,0.0,0.0,7.0,0.0,0.0,0.0,0.0,0.0,3.0,0.0,0.0,0.0,0.0,0.0,0.0,10.0,0.0,9.0,12.4543,56.99698246,26.083240094046896,0.5628850638474656,0.2586405524861877,0.0133599041085819,181.0,-0.2476887168141592,0.0162488264556794,226.0,0.2525591891891893,0.0149576937700306,407.0,3.571669952638901,0.0159372484429444,0.2539485755293856,0.0417028117644876,14.339914535470824,1.4195590361635897,"Yes, there is a relationship between the CD14 gene and cancer. CD14 encodes a co-receptor that plays a critical role in the innate immune response, particularly in recognizing pathogen-associated molecular patterns and modulating inflammation. Dysregulation of CD14 expression or function can influence tumor microenvironments, immune cell infiltration, and the inflammatory milieu, potentially promoting tumorigenesis or cancer progression. Additionally, CD14 has been implicated in the response of immune cells to tumor-associated antigens, which can affect tumor surveillance and immune evasion mechanisms. Elevated levels of soluble CD14 have been observed in various malignancies, suggesting its role in modulating the systemic immune response and possibly contributing to cancer development and metastasis. Thus, the interplay between CD14 signaling, inflammation, and immune response offers insights into its relevance in cancer biology.",0
H6PD,2376,0.2083333333333333,0.0833333333333333,0.0416666666666666,0.625,0.0,1.0,0.0416666666666666,0.0,0.9272985693381562,0.0,2.5,3.1666666666666665,0.0752785305630834,1.0,0.7293946024799417,0.9595480675274816,954201.7,297.0,0.03258847,5.394314529882464e-07,3.0,0.0,0.0,0.0,0.0,0.0,0.0,1.0,0.0,0.0,0.0,0.0,0.0,15.0,2.0,0.0,0.0,0.0,0.0,5.0,1.0,0.0,1.0,0.0,0.0,0.0,23.0,0.0,22.0,19.19430435,180.7774122,25.67541889494152,0.5100008829273696,0.2387140206185566,0.0197291927055412,97.0,-0.264260576923077,0.0209423849792025,260.0,0.257319355742297,0.0206859115919995,357.0,3.638288953881649,0.0081097430738741,0.027701572668449,0.0064271622291326,13.632373124706126,3.067563171210641,"The H6PD gene encodes an enzyme involved in the hexose-6-phosphate dehydrogenase pathway, which is crucial for maintaining cellular NADPH levels and redox balance. Alterations in H6PD expression and activity may influence cancer metabolism, as NADPH is essential for nucleotide synthesis, lipid biosynthesis, and the detoxification of reactive oxygen species. Increased oxidative stress and metabolic reprogramming are common in cancer cells, and disruptions in this pathway could potentially contribute to tumorigenesis or cancer progression. Additionally, variations in H6PD expression might affect the cellular response to chemotherapeutic agents, further implicating its role in cancer biology. Nonetheless, the exact relationship between H6PD and specific cancer types remains an area of ongoing research.",0
ZFP92,1251,0.4814814814814814,0.0,0.0,0.5185185185185185,0.0,1.0,0.0,0.0,1.0000000000000002,0.0,1.0,1.0,1.0,1.0,0.8051529790660226,0.9796481348722118,649122.9543319192,444.4009897808343,0.0198885680771551,0.0,0.0,0.0,0.0,0.0,0.0,0.0,0.0,0.0,0.0,0.0,0.0,0.0,0.0,14.0,0.0,0.0,0.0,0.0,0.0,13.0,0.0,0.0,0.0,0.0,0.0,0.0,27.0,0.0,19.0,8.25362963,79.00687647,17.266360101095977,1.3632107295790592,0.2719953284671533,0.027977187139781,137.0,-0.2795468468468468,0.0260897722236036,111.0,0.275375241935484,0.0270375267699816,248.0,2.8833638136050204,0.1049046409309184,0.111514500398345,0.0145173604745375,19.1017169422225,2.281091056504279,"The ZFP92 gene, part of the zinc finger protein family, has been implicated in various biological processes, including transcriptional regulation. Research suggests that dysregulation of genes like ZFP92 can contribute to oncogenic pathways. Potential mechanisms include the modulation of key signaling cascades involved in cell proliferation, apoptosis, and differentiation, which are often altered in cancerous tissues. Additionally, ZFP92 may influence the expression of downstream target genes that are critical for maintaining cellular homeostasis, thus promoting tumorigenesis when aberrantly expressed. However, the specific role of ZFP92 in cancer biology remains to be fully elucidated, warranting further investigation into its functional impacts in specific cancer types.",0
ZSCAN30,1485,0.0,0.0,0.0,0.8,0.0,1.0,0.2,0.0,1.0,0.0,4.0,5.0,1.0,1.0,0.2178174689610106,0.5497926084223665,260555.5,599.0,0.007037943,2.6250967726196743e-08,4.0,1.0,0.0,0.0,0.0,0.0,0.0,0.0,1.0,0.0,0.0,0.0,0.0,4.0,0.0,0.0,0.0,0.0,0.0,0.0,0.0,0.0,0.0,0.0,1.0,0.0,5.0,0.0,6.0,20.218,176.40972,17.56115739625688,2.702246090632174,0.3136239860139859,0.0720572668509011,143.0,-0.2663103313253011,0.0192448274219442,332.0,0.2805542315789473,0.0354977106628575,475.0,3.459356409969457,0.0095878302231905,0.0720825012790324,0.0100487871759605,16.832927370664454,2.70592632632446,"The relationship between the ZSCAN30 gene and cancer is currently not fully understood, but emerging evidence suggests potential roles in tumorigenesis and cancer progression. ZSCAN30, a transcription factor, may influence cellular proliferation and differentiation pathways, which are critical in cancer biology. Its expression levels have been correlated with various cancer types, impacting oncogenic signaling networks and potentially affecting the immune response to tumors. Dysregulation of ZSCAN30 could alter gene expression profiles associated with malignancy, promoting environments conducive to tumor growth and metastasis. Further research is necessary to clarify its exact mechanisms and contributions to cancer pathology.",0
SCARF1,2493,0.1764705882352941,0.0,0.0,0.8235294117647058,0.0,1.0,0.0,0.0,1.0,0.0,3.5,3.5,1.0,1.0,0.7267441860465116,0.9587069327842672,1361271.0,198.0,0.02684971,0.0,0.0,0.0,0.0,0.0,0.0,0.0,0.0,0.0,0.0,0.0,0.0,0.0,0.0,15.0,0.0,0.0,0.0,0.0,0.0,3.0,0.0,0.0,0.0,1.0,0.0,0.0,17.0,0.0,16.0,12.74629412,61.77343097,20.24221869182693,2.7876136721408424,0.2374428409090909,0.0312799260642502,88.0,-0.2769316235294117,0.0206731562834428,425.0,0.2701577192982455,0.0226571415141241,513.0,3.16009827202714,0.0283376988313317,0.111514500398345,0.0145173604745375,22.9475375292778,1.776215314769252,"The SCARF1 (Scavenger receptor class F member 1) gene has gained attention in research related to cancer due to its role in regulating immune responses and inflammation. Dysregulated expression of SCARF1 may affect the tumor microenvironment, potentially influencing tumor progression and metastatic behavior. SCARF1 is involved in modulating the uptake of modified lipoproteins and apoptotic cells, which can alter the inflammatory milieu and immune evasion mechanisms utilized by tumors. Furthermore, its interaction with immune cells may play a crucial role in either promoting or suppressing tumor growth, depending on the context of its expression and the surrounding cellular environment. Thus, altered SCARF1 function could contribute to the complexities of cancer development and response to therapy.",0
OSTC,516,0.0,0.0,0.25,0.75,0.0,1.0,0.0,0.0,1.0,0.0,3.0,4.0,0.4462293618920125,1.0,0.3840245775729647,0.7515548096568059,160718.9,574.0,0.01427421,2.324005196225461e-06,4.0,0.0,0.0,0.0,0.0,0.0,0.0,0.0,0.0,0.0,0.0,0.0,0.0,3.0,0.0,0.0,0.0,0.0,0.0,0.0,1.0,0.0,0.0,0.0,0.0,0.0,4.0,0.0,4.0,26.225,37.1625,23.42885966635584,2.183358925237444,0.209610119047619,0.0263881979120338,84.0,-0.2591046062992125,0.0205241196858127,254.0,0.246804201183432,0.0223663456297754,338.0,3.587281747880025,0.0082803526932132,0.0767881420336607,0.0055349706493587,20.060674391099585,2.322449260305919,"The OSTC gene, which encodes a protein involved in the transport of sulfated compounds, may have implications in cancer biology, particularly in the context of tumor microenvironment modulation and cellular signaling. Alterations in sulfatation processes can affect various signaling pathways, including those related to cell proliferation, apoptosis, and metastasis. Disruption of these processes via aberrant OSTC expression or activity could potentially contribute to cancer progression by influencing tumor growth and the invasive characteristics of cancer cells. Additionally, altered sulfate metabolism can affect the abundance of glycosaminoglycans and proteoglycans in the extracellular matrix, which may further influence cancer cell behavior and interaction with surrounding tissues. However, more research is needed to elucidate the specific mechanisms linking OSTC to cancer pathogenesis.",0
OFD1,3039,0.3103448275862069,0.0689655172413793,0.0689655172413793,0.4827586206896552,0.0,1.0,0.0689655172413793,0.0,0.8899090325236303,0.0,1.4,2.0,0.4734848484848485,1.0,0.9765625,0.9997231705247228,135235.4,444.4009897808343,0.04802851,2.1339285903669463e-05,23.0,0.0,0.0,0.0,0.0,0.0,0.0,2.0,0.0,0.0,0.0,0.0,0.0,14.0,3.0,0.0,0.0,0.0,0.0,9.0,2.0,0.0,2.0,1.0,0.0,0.0,27.0,0.0,18.0,12.26433333,107.1032671,21.818147077999303,1.2275189324604914,0.2386413414634145,0.0386218924463264,82.0,-0.285915159574468,0.0435689554614717,188.0,0.2715579259259259,0.042391700947355,270.0,3.541709100305208,0.0039965458925897,0.0718193435204097,0.0153009875306556,23.717016731079333,0.4140229111554402,"Yes, there is a relationship between the OFD1 gene and cancer. OFD1, which is located on the X chromosome, is involved in ciliogenesis and the maintenance of cilia, structures that play a crucial role in cellular signaling pathways, including those related to cell growth and differentiation. Dysregulation of OFD1 can lead to impaired ciliogenesis, which may disrupt pathways such as the Hedgehog and Wnt signaling cascades. This disruption has been associated with various oncogenic processes, including uncontrolled cell proliferation and altered cellular behavior that promotes tumorigenesis. Additionally, mutations or loss of function in OFD1 have been linked to certain syndromic conditions, such as oral-facial-digital syndrome, which can also contribute to an increased risk of developing specific tumors. Therefore, OFD1 serves as a critical gene that intersects with cancer biology through its roles in cellular organization and signaling.",0
CCDC151,1788,0.2,0.2,0.0,0.6,0.0,1.0,0.0,0.0,0.939794000867204,0.0,2.0,2.6666666666666665,0.118119536971415,1.0,0.2696871628910464,0.6231102070398084,1255985.0,265.0,0.0324625999999999,7.019475174103651e-05,27.0,0.0,0.0,2.0,0.0,0.0,0.0,0.0,0.0,0.0,0.0,0.0,0.0,6.0,2.0,0.0,0.0,0.0,0.0,2.0,0.0,0.0,1.0,0.0,0.0,0.0,11.0,0.0,12.0,21.85527273,126.3476386,19.447207213671163,3.072510041126273,0.3288529479768786,0.07161893912091,173.0,-0.2195733990147782,0.0124820609274984,203.0,0.2698536170212763,0.0425473001170156,376.0,2.32203289113073,0.32663692517128,0.0656340527075474,0.013879144806937,21.46079249371302,2.9778581903573853,"The CCDC151 gene has been implicated in various cellular processes, including those related to cilia function and cellular signaling pathways. While specific and direct associations between CCDC151 and cancer are not extensively characterized, alterations in ciliary function and related signaling pathways, such as Hedgehog and Wnt signaling, have been linked to tumorigenesis. Dysregulation of these pathways can lead to abnormal cell proliferation, survival, and migration, potentially contributing to cancer progression. Further studies are necessary to elucidate the precise role of CCDC151 in cancer biology and its potential involvement in oncogenic processes.",0
SPARCL1,1995,0.2727272727272727,0.0454545454545454,0.0,0.6818181818181818,0.0,1.0,0.0,0.0,0.9999999999999998,0.0,2.142857142857143,2.2857142857142856,0.8680555555555556,1.0,0.591715976331361,0.9022062301390428,526761.3,537.0,0.01590046,7.345551897831895e-07,3.0,0.0,0.0,3.0,0.0,0.0,0.0,0.0,0.0,0.0,0.0,0.0,0.0,14.0,1.0,0.0,0.0,0.0,0.0,5.0,1.0,0.0,0.0,0.0,0.0,0.0,24.0,0.0,24.0,12.86083333,132.7874028,24.392936976183297,1.3698959260807435,0.1984912765957446,0.0099056930542667,94.0,-0.2473710504201681,0.0170264510448835,238.0,0.2335315963855423,0.0154607192291659,331.0,3.797912948467708,0.0196495364751897,0.111514500398345,0.0145173604745375,26.326926506240103,2.2064899935270152,"Yes, there is a relationship between the SPARCL1 gene and cancer. SPARCL1, or SPARC-like 1, is involved in cellular processes such as adhesion, migration, and differentiation. In various cancers, SPARCL1 expression is found to be downregulated, which may contribute to tumor progression and metastasis. This downregulation can impair normal extracellular matrix interactions and enhance the invasive potential of cancer cells. Additionally, SPARCL1 has been implicated in modulating the tumor microenvironment, influencing angiogenesis, and affecting immune responses. The loss of SPARCL1 may disrupt these mechanisms, promoting a more aggressive tumor phenotype.",0
HEATR5A,6141,0.2432432432432432,0.081081081081081,0.0,0.6486486486486487,0.0,1.0,0.027027027027027,0.0,0.9584954118904736,0.0,2.4,2.8,0.6013229104028863,1.0,0.1387539891771888,0.4128004406746645,375543.5,154.0,0.02017452,2.695541996923315e-06,4.0,0.0,0.0,0.0,0.0,0.0,0.0,1.0,0.0,0.0,0.0,0.0,1.0,22.0,3.0,0.0,0.0,0.0,0.0,9.0,2.0,0.0,1.0,0.0,0.0,0.0,37.0,0.0,25.0,22.65905405,85.22689222,23.09876156063191,0.4667365664848273,0.2736421621621621,0.0452073126137779,185.0,-0.2892557142857142,0.0235948560094032,238.0,0.2824270921985816,0.0330225159438943,423.0,3.5840175826341523,0.009286113354248,0.0668325088993396,0.0067492089928176,20.402663143750782,1.0275987522898766,"The HEATR5A gene has been implicated in various cellular processes, including protein folding and response to stress, which can impact carcinogenesis. Abnormalities in HEATR5A expression or function could potentially disrupt the proteostasis network, leading to the accumulation of misfolded proteins and increased cellular stress. This dysregulation may promote tumorigenesis by facilitating the survival of cells with oncogenic mutations. Additionally, alterations in HEATR5A might influence cell cycle progression and apoptosis, further contributing to cancer development and progression. However, the specific pathways and mechanisms connecting HEATR5A to cancer remain an area of ongoing research and require further elucidation.",0
FAM220A,780,0.6,0.0,0.0,0.2,0.0,1.0,0.2,0.0,1.0,0.0,0.25,0.5,1.0,1.0,0.9699321047526672,0.9995433608485188,649122.9543319192,444.4009897808343,0.0198885680771551,0.0,0.0,0.0,0.0,0.0,0.0,0.0,0.0,1.0,0.0,0.0,0.0,0.0,0.0,1.0,0.0,0.0,0.0,0.0,0.0,3.0,0.0,0.0,1.0,0.0,0.0,0.0,4.0,0.0,5.0,4.615,75.169766,21.88701420269522,1.8204614569819408,0.3015634320987655,0.0264918138290331,405.0,-0.3271793220338984,0.0497861155055193,118.0,0.3073429254302103,0.0317770637575174,523.0,0.1786733551774714,0.5279729169459288,0.0558464939920512,0.0081250428994748,20.060674391099585,2.322449260305919,"The relationship between the FAM220A gene and cancer is currently not well established; however, emerging studies suggest potential roles in cellular processes that could be relevant to oncogenesis. FAM220A may be involved in the regulation of cell proliferation, apoptosis, and stress responses, which are critical pathways in cancer development. Alterations in gene expression or function due to mutations, epigenetic modifications, or genomic instability could disrupt these processes, potentially leading to unchecked cell growth and tumorigenesis. Additionally, the interaction of FAM220A with other signaling pathways or tumor suppressor genes remains an area of interest that could elucidate its role in cancer biology. Further research is needed to clarify these associations and the underlying mechanisms involved.",0
LCE1C,357,0.4,0.0,0.0,0.6,0.0,1.0,0.0,0.0,1.0,0.0,1.0,1.0,1.0,1.0,0.3250975292587776,0.6903868828489588,64901.92,818.0,0.01837799,0.0,0.0,0.0,0.0,0.0,0.0,0.0,0.0,0.0,0.0,0.0,0.0,0.0,0.0,3.0,0.0,0.0,0.0,0.0,0.0,2.0,0.0,0.0,0.0,0.0,0.0,0.0,5.0,0.0,5.0,15.9322,80.9115972,21.88701420269522,1.8204614569819408,0.3113982262210798,0.0420401599161754,389.0,-0.1921087179487179,0.012330558448313,39.0,0.3005283878504673,0.040479023662266,428.0,0.4299487405709963,0.7013991480024401,0.111514500398345,0.0145173604745375,20.060674391099585,2.322449260305919,"The relationship between the LCE1C gene and cancer is currently not well-established, though some studies suggest potential involvement in tumor biology. LCE1C is part of the late cornified envelope gene family, which is primarily expressed in the epidermis and plays a role in skin barrier function. There is emerging evidence that altered expression of skin barrier genes, including LCE1C, may influence carcinogenesis through mechanisms such as inflammation, dysregulation of cell proliferation, and interaction with the tumor microenvironment. Moreover, changes in the expression of these genes could impact the response to environmental carcinogens or UV radiation, potentially contributing to skin cancer risk. Further research is needed to delineate the specific mechanisms and relevance of LCE1C in various cancer contexts.",0
PRCC,1476,0.1111111111111111,0.0,0.1111111111111111,0.5555555555555556,0.0,1.0,0.2222222222222222,0.0,0.8333333333333335,0.0,2.5,4.0,0.4192872117400419,1.0,0.8,0.9785148410513678,1649536.0,208.0,0.05292156,2.3405569906273564e-06,11.0,0.0,0.0,0.0,0.0,0.0,0.0,1.0,0.0,0.0,0.0,0.0,0.0,5.0,0.0,0.0,0.0,0.0,0.0,1.0,1.0,0.0,1.0,0.0,0.0,0.0,7.0,0.0,8.0,24.37285714,37.47082381,24.430395914371463,0.6820544703164005,0.2926895618556702,0.0272352456812028,388.0,-0.1789879487179486,0.006008794679892,39.0,0.2823046370023421,0.0263533285615463,427.0,3.4270316450182703,0.0069767549370447,0.0925582503943261,0.0106475051370891,25.34595987534951,2.434116904425472,"The PRCC gene has been implicated in various cancers, notably renal cell carcinoma. Mutations and alterations in the PRCC gene can influence key cellular processes such as apoptosis, proliferation, and response to stress. One potential mechanism involves the gene's role in regulating the expression of downstream targets that modulate the hypoxia response, an important factor in cancer development and progression. Additionally, PRCC may participate in molecular pathways that govern the epithelial-to-mesenchymal transition (EMT), a critical process in metastasis and tumor invasion. These interactions highlight the importance of PRCC in maintaining cellular homeostasis, and its dysregulation can contribute to tumorigenic processes.",0
RSF1,4326,0.21875,0.09375,0.0,0.59375,0.0,1.0,0.09375,0.0,0.9030639062229566,0.0,2.375,3.125,0.7012622720897616,1.0,0.4098360655737705,0.7754090325020945,577731.1,354.0,0.03294244,8.746009218126061e-06,9.0,0.0,0.0,0.0,0.0,0.0,0.0,3.0,0.0,0.0,0.0,0.0,0.0,19.0,3.0,0.0,0.0,0.0,0.0,7.0,0.0,0.0,3.0,0.0,0.0,0.0,29.0,0.0,29.0,20.63982759,145.2980426,24.72393387220507,0.8631625527864687,0.3377464948453607,0.1409703051565621,194.0,-0.2543361764705882,0.0193053660549019,136.0,0.3033713333333332,0.0923092355222289,330.0,3.6480678205426655,0.0027688604094926,0.0540472458081161,0.0123037716078082,26.48651978888816,0.4056516686080301,"The RSF1 gene has been implicated in various cancer types, primarily through its role in chromatin remodeling and transcriptional regulation. Alterations in RSF1 expression can affect cell proliferation and apoptosis, leading to tumorigenesis. It is associated with the regulation of genes involved in cell cycle progression and DNA repair processes, which may contribute to genomic instability and cancer progression. Additionally, RSF1 is known to interact with various oncogenic and tumor suppressor pathways, potentially influencing the response to cellular stress and the maintenance of stem cell properties in tumors. These mechanisms suggest a significant role for RSF1 in the molecular pathways of cancer development and progression.",0
LSAMP,1017,0.2,0.0,0.0,0.7333333333333333,0.0,1.0,0.0666666666666666,0.0,0.9658722633586913,0.0,2.75,3.0,1.0,1.0,0.2797985450475657,0.6361738714989469,121423.8,967.0,-0.006129203,5.12482336415789e-07,6.0,0.0,0.0,0.0,0.0,0.0,0.0,0.0,1.0,0.0,0.0,0.0,1.0,11.0,0.0,0.0,0.0,0.0,1.0,3.0,0.0,0.0,0.0,0.0,1.0,0.0,16.0,0.0,16.0,22.690125,85.29365625,22.82412134389864,4.576511631723422,0.2673248620689654,0.0304515160257594,288.0,-0.2649698245614036,0.0218630976052786,114.0,0.2666603217821781,0.027968913190715,402.0,3.155796423164934,0.2917708985667806,0.111514500398345,0.0145173604745375,21.436300894603367,1.159332485119257,"The LSAMP gene has been implicated in various cellular processes, including cell adhesion and signaling, which are critical in maintaining tissue integrity and preventing tumor progression. Alterations in LSAMP expression can influence the behavior of cancer cells, potentially affecting processes such as migration, invasion, and metastasis. In some studies, downregulation of LSAMP has been associated with enhanced tumorigenic properties, suggesting that its loss may contribute to the epithelial-mesenchymal transition (EMT), a key event in cancer progression. Additionally, LSAMP's role in neural tissue suggests potential relevance in neuroblastomas, where changes in neurodevelopmental pathways may impact tumor behavior. Overall, while the relationship between LSAMP and cancer is an active area of research, the precise mechanisms and implications remain to be fully elucidated.",0
IZUMO1R,753,0.1818181818181818,0.0,0.0,0.8181818181818182,0.0,1.0,0.0,0.0,1.0000000000000002,0.0,3.0,3.0,1.0,1.0,0.0390823465040841,0.1657906128113918,424538.4,765.0,-0.01215103,0.0,0.0,0.0,0.0,0.0,0.0,0.0,0.0,0.0,0.0,0.0,0.0,0.0,0.0,9.0,0.0,0.0,0.0,0.0,0.0,2.0,0.0,0.0,0.0,0.0,0.0,0.0,11.0,0.0,9.0,16.83345455,103.1163075,21.88701420269522,1.8204614569819408,0.2638164016874681,0.0370683991865753,190.13201675643327,-0.2623792743604192,0.0349935889004216,187.6534410532616,0.2724842722630945,0.0397860230283488,377.6466786355476,2.842285090327978,0.2097717354995392,0.111514500398345,0.0145173604745375,20.060674391099585,2.322449260305919,"The IZUMO1R gene, also known as the Izumo sperm-egg interaction protein receptor, is primarily involved in reproductive processes, particularly in sperm-egg fusion. However, its expression and functional implications may have emerging relevance in cancer biology. Studies suggest that IZUMO1R could play a role in tumor progression and metastasis, potentially influencing cell adhesion, migration, and the immune response within the tumor microenvironment. The dysregulation of IZUMO1R in certain cancers may alter the behavior of cancer cells and their interaction with surrounding tissues or immune cells, thus contributing to the malignancy. Further investigation is needed to fully elucidate the mechanisms by which IZUMO1R may impact cancer development and progression.",0
TXNRD2,1575,0.2857142857142857,0.0,0.0,0.6428571428571429,0.0,1.0,0.0714285714285714,0.0,1.0000000000000004,0.0,1.8,2.0,1.0,1.0,0.2862868594331519,0.64436328824068,648548.0,197.0,0.01816793,2.043671241497515e-06,12.0,0.0,0.0,0.0,0.0,0.0,0.0,1.0,0.0,0.0,0.0,0.0,0.0,8.0,0.0,0.0,0.0,0.0,1.0,4.0,1.0,0.0,1.0,0.0,0.0,0.0,14.0,0.0,14.0,16.54707143,106.2417371,24.878732288791216,0.2901646281730686,0.2664324374999999,0.0287187706487382,159.0,-0.2754156910569105,0.0227092163087041,244.0,0.2718754926108374,0.0250317677625962,403.0,3.2851690536106126,0.0065822742567045,0.035073509928393,0.0037359530133628,15.722395685076634,3.1539853953409067,"The TXNRD2 gene encodes thioredoxin reductase 2, an enzyme involved in redox homeostasis and maintaining cellular antioxidant status. Dysregulation of redox balance has been linked to cancer progression, as cancer cells often exploit altered redox environments to promote proliferation, survival, and resistance to therapy. Increased expression of TXNRD2 has been observed in several cancer types, which may enhance tumor cell viability by reducing oxidative stress and facilitating cellular signaling pathways associated with growth and survival. Additionally, TXNRD2 may influence the levels of reactive oxygen species (ROS), further affecting processes like apoptosis and immune evasion. Thus, the TXNRD2 gene may play a role in cancer biology through its contributions to redox regulation and cell survival mechanisms.",0
TADA3,1299,0.0,0.25,0.0,0.75,0.0,1.0,0.0,0.0,1.0,0.0,3.0,4.0,0.1446131597975415,1.0,0.8726003490401396,0.9915162463285756,953771.6,264.0,0.04325611,0.0001184145475344,59.0,0.0,0.0,0.0,0.0,0.0,0.0,0.0,0.0,0.0,0.0,0.0,1.0,3.0,1.0,0.0,0.0,0.0,0.0,0.0,0.0,0.0,0.0,0.0,0.0,0.0,5.0,0.0,5.0,22.375,197.751875,22.32210963665787,0.8204623508737152,0.2343367889908257,0.0288422905479272,109.0,-0.2725431234256928,0.0178110171089064,397.0,0.2643129051383399,0.0203821097105533,506.0,3.575057206098355,0.0038275820559625,0.0621898707822134,0.0145064552968759,22.62089290781465,2.5858574564775525,"The TADA3 gene, encoding a protein involved in chromatin remodeling and transcriptional regulation, has been implicated in cancer through its role in modulating gene expression and maintaining genomic stability. Alterations in TADA3 expression or function may disrupt these regulatory pathways, leading to aberrant cell proliferation and survival, key hallmarks of cancer. Additionally, TADA3 is known to interact with various transcription factors and co-regulators, potentially influencing oncogenic or tumor-suppressive programs. Dysregulation of such interactions can contribute to the carcinogenic process by facilitating oncogenic signaling or impairing the cellular response to stress, further linking TADA3 to oncogenesis.",0
PRPF19,1515,0.3076923076923077,0.0,0.0,0.6923076923076923,0.0,1.0,0.0,0.0,1.0000000000000002,0.0,1.8,1.8,1.0,1.0,0.6747638326585695,0.9402108818312382,794899.9,522.0,0.04738924,0.0004016984857191,139.0,0.0,0.0,0.0,0.0,0.0,0.0,0.0,0.0,0.0,0.0,0.0,0.0,9.0,0.0,0.0,0.0,0.0,0.0,4.0,0.0,0.0,0.0,0.0,0.0,0.0,13.0,0.0,13.0,19.08384615,112.1519205,27.680713266691185,0.2769766730910644,0.2118512230215826,0.0155238166137107,139.0,-0.2612012903225807,0.0237639055690532,124.0,0.2351189353612167,0.0199421971690912,263.0,3.583053333069769,0.0061841045064201,0.0297617481138422,0.0050026558761066,17.03956786193186,2.6485949927018124,"Yes, there is a relationship between the PRPF19 gene and cancer. PRPF19 is involved in pre-mRNA splicing and has been associated with the regulation of gene expression, DNA damage response, and cellular stress responses. Aberrant splicing mechanisms due to PRPF19 mutations or dysregulation can lead to the production of altered protein isoforms that may contribute to tumorigenesis. Additionally, PRPF19 has been implicated in the maintenance of genomic stability; its loss or dysfunction can result in increased genomic instability and an accumulation of mutations, which are hallmarks of cancer. Furthermore, PRPF19 interacts with various factors involved in cell cycle regulation and apoptosis, thereby potentially influencing cancer cell proliferation and survival.",0
LYSMD3,921,0.0,0.3333333333333333,0.0,0.6666666666666666,0.0,1.0,0.0,0.0,1.0,0.0,2.0,3.0,0.3930817610062893,1.0,0.5455537370430987,0.8761341892294424,86011.92,780.0,0.0074840459999999,0.0,0.0,0.0,0.0,1.0,0.0,0.0,0.0,0.0,0.0,0.0,0.0,0.0,3.0,3.0,0.0,0.0,0.0,0.0,0.0,0.0,0.0,0.0,0.0,0.0,0.0,0.0,7.0,0.0,7.0,20.68142857,85.78601429,20.1526090459414,0.7209491111111771,0.24422536,0.0144246752412,125.0,-0.2741251903114187,0.0215480167604671,289.0,0.2650974637681161,0.0195459990364091,414.0,3.445169570622966,0.0069987345073118,0.0957730532735359,0.0092080050210925,23.08683876935072,3.522480380668638,"The LYSMD3 gene has been implicated in various cancer-related processes, though its precise role remains under investigation. Potential mechanisms include its involvement in regulating apoptosis, cellular proliferation, and DNA damage response pathways. Alterations or dysregulation of LYSMD3 may affect tumor microenvironment interactions and immune evasion, contributing to tumor growth and metastasis. Additionally, LYSMD3 may play a role in modulating signaling pathways related to cancer progression, suggesting that it could influence various hallmarks of cancer and impact overall tumor behavior. Further research is necessary to elucidate the specific mechanisms and clinical significance of LYSMD3 in different cancer types.",0
SLC2A12,1854,0.3333333333333333,0.0,0.0,0.6666666666666666,0.0,1.0,0.0,0.0,1.0,0.0,1.5,1.5,1.0,1.0,0.5599104143337066,0.8846464067493321,102277.3,359.0,0.01582329,0.0,1.0,0.0,0.0,0.0,0.0,0.0,0.0,0.0,0.0,0.0,0.0,0.0,0.0,7.0,0.0,0.0,0.0,0.0,0.0,2.0,0.0,0.0,0.0,1.0,0.0,0.0,8.0,0.0,8.0,15.498875,95.19606213,16.423651443312778,1.0711853719531423,0.2624018095238093,0.038534046930348,105.0,-0.2726610861423221,0.0224972446969361,267.0,0.269765322580645,0.0269534774217285,372.0,3.131195924372601,0.1088249192358652,0.111514500398345,0.0145173604745375,21.186785410376768,7.447687377054118,"The SLC2A12 gene encodes a member of the glucose transporter family, specifically involved in the transport of D-glucose and other hexoses across the plasma membrane. Alterations in glucose transport and metabolism are pivotal in cancer biology, as many tumors exhibit increased glycolysis and glucose uptake, a phenomenon known as the Warburg effect. Changes in the expression or function of SLC2A12 could potentially influence cellular energy balance, metabolic pathways, and tumor microenvironment interactions, thereby contributing to cancer progression. Additionally, the role of glucose transporters in regulating signaling pathways related to cell proliferation, survival, and invasion suggests that SLC2A12 might have a role in tumorigenesis or cancer metastasis, although definitive connections remain to be clarified.",0
F2RL2,1125,0.5,0.0,0.0,0.375,0.0,1.0,0.125,0.0,1.0,0.0,0.6,0.8,1.0,1.0,0.9708737864077672,0.9995716526616936,649122.9543319192,444.4009897808343,0.0198885680771551,0.0,0.0,0.0,0.0,0.0,0.0,0.0,0.0,1.0,0.0,0.0,0.0,0.0,0.0,3.0,0.0,0.0,0.0,0.0,0.0,4.0,0.0,0.0,1.0,0.0,0.0,0.0,7.0,0.0,7.0,8.925,10.596635,21.88701420269522,1.8204614569819408,0.2288106194690265,0.0107781537326485,113.0,-0.2706021799307958,0.0211420037983564,289.0,0.258854800995025,0.0185484597177907,402.0,3.027905511958076,0.1783340085719739,0.111514500398345,0.0145173604745375,20.060674391099585,2.322449260305919,"Yes, there is a relationship between the F2RL2 gene and cancer. F2RL2 encodes the protease-activated receptor 2 (PAR2), which is involved in various cellular processes, including inflammation, apoptosis, and angiogenesis. Dysregulation of PAR2 signaling has been linked to tumor progression and metastasis in several cancer types. This may occur through modulation of the tumor microenvironment, enhancing tumor cell proliferation and survival, and promoting angiogenic pathways. Additionally, PAR2 can interact with inflammatory mediators, exacerbating chronic inflammation, which is a well-known contributor to cancer development. Overall, the mechanisms involving F2RL2 suggest its potential role in tumorigenesis and cancer progression.",0
PADI4,1992,0.3157894736842105,0.0,0.0,0.5263157894736842,0.0,1.0,0.1578947368421052,0.0,0.9410872157860573,0.0,1.4285714285714286,1.8571428571428568,1.0,1.0,0.4595588235294117,0.8168604453096031,457545.7,210.0,0.03364967,1.2258986335051467e-05,10.0,0.0,0.0,0.0,0.0,0.0,0.0,3.0,0.0,0.0,0.0,0.0,1.0,10.0,0.0,0.0,0.0,0.0,0.0,5.0,1.0,0.0,4.0,0.0,0.0,0.0,16.0,0.0,19.0,11.5660625,87.92313246,23.57457541618801,3.030288481439107,0.251368387096774,0.1356174484419355,93.0,-0.2627732319391634,0.0247005518517284,262.0,0.2597938764044945,0.0534008065967621,355.0,2.184138326459174,0.5074604437027307,0.111514500398345,0.0145173604745375,20.060674391099585,2.322449260305919,"The PADI4 gene encodes a member of the peptidyl arginine deiminase family, which catalyzes the conversion of arginine residues in proteins to citrulline, a post-translational modification that can affect protein function and stability. Alterations in PADI4 expression and activity have been implicated in various cancer types, where it may contribute to tumorigenesis through mechanisms such as modulation of immune responses, promotion of a pro-inflammatory environment, and alteration of gene expression profiles associated with malignancy. Increased citrullination can impact the regulation of oncogenic pathways and affect apoptosis, thereby fostering a tumor-promoting phenotype. Furthermore, the interaction of citrullinated proteins with autoantibodies in certain cancers poses additional complexities related to immune evasion and disease progression.",0
GPR87,1077,0.4545454545454545,0.0909090909090909,0.0,0.4545454545454545,0.0,1.0,0.0,0.0,1.0000000000000002,0.0,0.8333333333333334,1.0,0.2821670428893905,1.0,0.6418485237483954,0.9264460509939388,649122.9543319192,444.4009897808343,0.0198885680771551,0.0,0.0,0.0,0.0,0.0,0.0,0.0,0.0,0.0,0.0,0.0,0.0,0.0,0.0,5.0,1.0,0.0,0.0,0.0,0.0,4.0,0.0,0.0,0.0,0.0,0.0,0.0,10.0,0.0,9.0,14.834,145.4172984,21.88701420269522,1.8204614569819408,0.345905154061625,0.0647954354997655,357.0,-0.2493780597014925,0.0211415308976933,67.0,0.3306520518867929,0.0590736184683566,424.0,2.2512312644115218,1.4802189692778975,0.111514500398345,0.0145173604745375,20.060674391099585,2.322449260305919,"Yes, there is a relationship between the GPR87 gene and cancer. GPR87, a G-protein coupled receptor, has been implicated in the regulation of various cellular processes, including proliferation, survival, and invasion. Elevated expression of GPR87 has been observed in several cancer types, suggesting its potential role in tumorigenesis. Mechanistically, GPR87 may influence cancer progression through its interactions with key signaling pathways, such as the RhoA and ERK pathways, which are critical for cell migration and angiogenesis. Additionally, GPR87 may modulate the tumor microenvironment, impacting immune evasion and metastatic potential, thereby contributing to cancer aggressiveness and poor patient outcomes.",0
SULT4A1,855,0.3636363636363636,0.0,0.0,0.6363636363636364,0.0,1.0,0.0,0.0,1.0000000000000002,0.0,1.4,1.4,1.0,1.0,0.1268874508311128,0.3888408576794204,157623.0,473.0,0.01340893,7.152393872529843e-06,5.0,0.0,0.0,0.0,0.0,0.0,0.0,0.0,0.0,0.0,0.0,0.0,2.0,6.0,0.0,0.0,0.0,0.0,0.0,4.0,1.0,0.0,0.0,0.0,1.0,0.0,12.0,0.0,10.0,21.56658333,86.20405827,23.75741224871142,0.7647541262277494,0.2289883928571429,0.0191009065145109,112.0,-0.3057481612903224,0.0318025591244399,310.0,0.2853759004739335,0.029529596436123,422.0,2.146561555955372,0.9009575357264236,0.1869735241160108,0.0342094490936086,20.060674391099585,2.322449260305919,"The SULT4A1 gene, which encodes a member of the sulfotransferase family, has been investigated for its potential role in cancer through its involvement in the metabolism of various endogenous and exogenous compounds. This gene is thought to modulate the bioavailability of reactive metabolites and hormones, potentially influencing cellular proliferation and apoptosis. Dysregulation of SULT4A1 expression can alter the sulfation pathways, impacting the detoxification processes and the metabolic activation of carcinogens, which may contribute to tumorigenesis. Additionally, its expression may vary across different tissue types and cancer subtypes, suggesting a context-dependent role in oncogenesis and highlighting its potential influence on tumor biology through modulation of signaling pathways related to cell growth and survival.",0
MAGEB10,1044,0.1428571428571428,0.0952380952380952,0.0,0.7619047619047619,0.0,1.0,0.0,0.0,0.9783171191717186,0.0,4.0,4.5,0.2840102243680773,1.0,0.8312551953449709,0.9848864812905584,10745.46,444.4009897808343,0.01551481,0.0,0.0,0.0,0.0,0.0,0.0,0.0,0.0,0.0,0.0,0.0,0.0,0.0,0.0,18.0,2.0,0.0,0.0,0.0,0.0,3.0,0.0,0.0,0.0,2.0,0.0,0.0,21.0,0.0,18.0,10.23580952,81.38277836,19.406101968494816,1.5186409776826857,0.2241840845070422,0.042891738424507,71.0,-0.2927409278350515,0.0420265493918807,194.0,0.2743728679245283,0.0430221266144711,265.0,1.436672728341088,0.8576506394406684,0.111514500398345,0.0145173604745375,20.060674391099585,2.322449260305919,"The MAGEB10 gene is part of the melanoma antigen gene family, which is known to be involved in tumorigenesis. Its expression has been associated with various cancers, such as melanoma and other tumor types. One possible mechanism by which MAGEB10 may contribute to cancer involves the modulation of immune responses; MAGE proteins can act as tumor-associated antigens, leading to the activation of T-cell responses against cancer cells. However, their expression can also correlate with immune evasion strategies by tumors, promoting a microenvironment that allows for progressive growth and metastasis. Additionally, MAGEB10 may play a role in regulating apoptosis and cell cycle progression, processes crucial for maintaining normal cellular homeostasis and preventing uncontrolled cell proliferation. Thus, through these mechanisms, MAGEB10 may influence cancer development and progression.",0
ZNF610,1389,0.2222222222222222,0.0,0.0,0.7777777777777778,0.0,1.0,0.0,0.0,1.0,0.0,2.8,2.8,1.0,1.0,0.4065040650406504,0.7724233129854762,526379.5,960.0,-0.03166251,0.0,0.0,0.0,0.0,0.0,0.0,0.0,0.0,0.0,0.0,0.0,0.0,0.0,0.0,14.0,0.0,0.0,0.0,0.0,0.0,4.0,0.0,0.0,0.0,0.0,0.0,0.0,18.0,0.0,16.0,8.130944444,50.04540841,21.88701420269522,1.8204614569819408,0.2727273076923078,0.0386298150109434,181.0,-0.2645884795321638,0.0245389518459098,171.0,0.268784702549575,0.0317314158539595,352.0,2.978644709889485,0.0711722460785376,0.0,0.0,20.060674391099585,2.322449260305919,"The relationship between the ZNF610 gene and cancer is currently an area of ongoing research. ZNF610 encodes a zinc finger protein that may play a role in regulating gene expression and chromatin remodeling, which are processes crucial to cellular growth and differentiation. Dysregulation of ZNF610 has been associated with oncogenic pathways, potentially leading to altered cellular proliferation and survival. Moreover, its interactions with other transcription factors or signaling pathways could influence tumor microenvironment dynamics, apoptosis, and metastasis. However, specific mechanisms linking ZNF610 to particular cancer types are still being elucidated, necessitating further investigation to understand its full implications in oncogenesis.",0
ANKRD6,2184,0.0909090909090909,0.0,0.0,0.8181818181818182,0.0,1.0,0.0909090909090909,0.0,1.0000000000000002,0.0,4.5,5.0,1.0,1.0,0.00905,0.0516301642174962,403942.8,609.0,0.04287067,4.1939260315662133e-07,4.0,0.0,0.0,0.0,0.0,0.0,0.0,1.0,0.0,0.0,0.0,0.0,0.0,8.0,0.0,0.0,0.0,0.0,0.0,1.0,1.0,0.0,1.0,0.0,0.0,0.0,10.0,0.0,11.0,24.4159,71.33528143,18.31630924090474,1.6142499032320765,0.2183283035714284,0.014474048179979,112.0,-0.2693873705179284,0.0248000750314581,251.0,0.2536336088154269,0.0221230264408078,363.0,3.3043914543753155,0.0440000203339082,0.111514500398345,0.0145173604745375,20.08052912482603,3.7919781537110544,"Yes, there is a relationship between the ANKRD6 gene and cancer. ANKRD6 is implicated in several cellular processes such as cell proliferation, differentiation, and survival, which can be dysregulated in cancer. It has been shown to be involved in modulating cell signaling pathways, including those related to the MAPK/ERK and PI3K/Akt pathways, which play critical roles in oncogenesis. Additionally, ANKRD6 may interact with various proteins that contribute to tumor progression and metastasis. Alterations in expression levels of ANKRD6 have been observed in various cancer types, suggesting its potential role in tumor biology and the progression of malignancies. Further research is needed to elucidate the precise mechanisms through which ANKRD6 may influence cancer development and progression.",0
BEND5,1266,0.2142857142857142,0.0,0.0,0.4285714285714285,0.0,1.0,0.2857142857142857,0.0714285714285714,0.849914551407318,0.0,1.5,2.75,1.0,1.0,0.3646973012399709,0.7325629398760476,25249.77,886.0,-0.007849039,2.7953893138559084e-05,19.0,0.0,0.0,0.0,0.0,0.0,0.0,3.0,1.0,0.0,1.0,0.0,0.0,6.0,0.0,0.0,0.0,0.0,0.0,3.0,0.0,0.0,4.0,0.0,1.0,0.0,9.0,0.0,12.0,21.96222222,52.02206944,18.510376366731965,2.7573977163099785,0.2307092499999999,0.0182334023464915,120.0,-0.2350043181818182,0.0158827040978182,176.0,0.2332630743243241,0.0167815740959402,296.0,2.739977607936336,0.1474680471617502,0.0602784422475905,0.0156875940281807,20.31933603313504,2.4082740582787108,"The relationship between the BEND5 gene and cancer is currently not well established in the scientific literature. However, BEND5 is thought to be involved in regulatory processes related to chromatin organization and gene expression. Dysregulation of such processes can lead to alterations in cellular behavior, including uncontrolled proliferation, evasion of apoptosis, and other hallmarks of cancer. Potential mechanisms could involve the interaction of BEND5 with transcription factors or chromatin-modifying proteins, influencing the expression of oncogenes or tumor suppressor genes. Further investigations are needed to elucidate any direct connections between BEND5 and specific cancer types.",0
KRTAP9-8,480,1.0,0.0,0.0,0.0,0.0,1.0,0.0,0.0,1.0,0.0,0.0,0.0,1.0,1.0,1.0,1.0,996799.1,468.0,-0.0068129819999999,0.0,0.0,0.0,0.0,0.0,0.0,0.0,0.0,0.0,0.0,0.0,0.0,0.0,0.0,0.0,0.0,0.0,0.0,0.0,0.0,1.0,0.0,0.0,0.0,0.0,0.0,0.0,1.0,0.0,1.0,0.602,0.0,21.88701420269522,1.8204614569819408,0.386969390862944,0.2811012554251371,197.0,-0.2626529885057473,0.0202300833528669,174.0,0.3286646630727762,0.1622258177871159,371.0,0.0708719030620399,0.1239141135922758,0.111514500398345,0.0145173604745375,20.060674391099585,2.322449260305919,"The relationship between the KRTAP9-8 gene and cancer is not well-established in the existing literature. However, KRTAP9-8, a member of the keratin-associated protein gene family, is involved in the regulation of keratin structure, which plays a critical role in cellular integrity and differentiation. Alterations in keratin-associated proteins can potentially disrupt epithelial homeostasis and contribute to tumorigenesis by affecting cell adhesion, proliferation, and apoptosis. Moreover, the altered expression of keratin-associated proteins has been associated with the progression and metastasis of various cancers, implicating a possible link to cancer biology. However, further research is needed to elucidate specific pathways and mechanisms involving KRTAP9-8 in the context of cancer.",0
OR52I1,975,0.3333333333333333,0.0,0.0,0.5,0.0,1.0,0.1666666666666666,0.0,1.0,0.0,1.0,1.3333333333333333,1.0,1.0,0.777000777000777,0.9730488955819656,212266.8,935.0,-0.0031415329999999,0.0,0.0,0.0,0.0,0.0,0.0,0.0,0.0,0.0,1.0,0.0,0.0,0.0,0.0,3.0,0.0,0.0,0.0,0.0,0.0,2.0,0.0,0.0,0.0,0.0,1.0,0.0,5.0,0.0,6.0,12.4788,124.5267432,21.88701420269522,1.8204614569819408,0.1970565599999999,0.0123432919985548,125.0,-0.2503182969432312,0.0163375220615605,229.0,0.2315111864406778,0.015537995450713,354.0,2.4313413631414287,1.7400757890052163,0.111514500398345,0.0145173604745375,20.060674391099585,2.322449260305919,"The OR52I1 gene, part of the olfactory receptor family, has been implicated in various biological processes, including cellular signaling. While direct evidence linking OR52I1 to specific cancer types is limited, research suggests that olfactory receptors can play roles in tumor biology, potentially influencing pathways such as cell proliferation, migration, and apoptosis. Additionally, aberrant expression of olfactory receptors, including OR52I1, has been observed in some tumors, which may impact the tumor microenvironment or contribute to intercellular communication. Further studies are necessary to elucidate the exact relationship between OR52I1 and cancer, including its potential mechanisms in oncogenesis.",0
MASTL,2640,0.25,0.0,0.0,0.6875,0.0,1.0,0.0625,0.0,1.0,0.0,2.2,2.4,1.0,1.0,0.1881821603312006,0.5025112622012841,386909.9,555.0,0.04265985,0.0001057828198812,5.0,0.0,0.0,0.0,0.0,0.0,0.0,1.0,0.0,0.0,0.0,0.0,0.0,11.0,0.0,0.0,0.0,0.0,0.0,4.0,0.0,0.0,1.0,0.0,0.0,0.0,15.0,0.0,14.0,19.25266667,68.96006381,20.673498489623388,3.1119112496367984,0.257118188405797,0.0289013655872051,138.0,-0.3313140084388187,0.0481170352707287,237.0,0.3040099466666667,0.0422332438727244,375.0,3.388586009366972,0.0083251997302829,0.078078565647784,0.0106895775262836,19.69515364147457,1.922811036695452,"Yes, there is a relationship between the MASTL gene and cancer. MASTL (Microtubule Associated Serine Threonine Kinase Like) has been implicated in various tumorigenic processes, primarily through its role in regulating the cell cycle and mitosis. Overexpression of MASTL can lead to abnormal cell proliferation by preventing the activation of the anaphase-promoting complex/cyclosome (APC/C), a critical regulator of mitotic exit and chromosome segregation. Dysregulation of this pathway can result in genomic instability, a hallmark of cancer. Additionally, MASTL is involved in controlling the phosphorylation status of proteins that are essential for the progression through mitosis, further contributing to oncogenic signaling pathways. This suggests that MASTL may have a significant role in the pathophysiology of certain cancers, although the precise mechanisms and implications require further investigation.",0
SLC6A1,1800,0.4,0.1333333333333333,0.0,0.4666666666666667,0.0,1.0,0.0,0.0,0.9658722633586913,0.0,1.0,1.2857142857142858,0.1239464551313832,1.0,0.3861003861003861,0.7535358593480488,154959.7,444.0,0.03621173,0.0,2.0,0.0,0.0,0.0,0.0,0.0,0.0,0.0,0.0,0.0,0.0,0.0,0.0,6.0,2.0,0.0,0.0,0.0,0.0,6.0,1.0,0.0,0.0,0.0,0.0,0.0,15.0,0.0,12.0,22.40626667,163.9505386,22.423894255476515,5.983153808985006,0.230430977443609,0.0187552870316131,132.0,-0.2710745000000001,0.018694319412678,380.0,0.260537290448343,0.0189913814158862,512.0,2.821458476324441,0.2133766467091173,0.3008928085739529,0.0343890082736512,21.281934953019373,0.7305669686858425,"The SLC6A1 gene encodes a sodium-dependent neurotransmitter transporter, primarily involved in the reuptake of extracellular gamma-aminobutyric acid (GABA). Dysregulation of GABAergic signaling is associated with various tumor types, influencing tumor growth and progression. Since SLC6A1 impacts GABA levels, alterations in its expression or function could lead to imbalances in inhibitory signaling within the tumor microenvironment, potentially promoting oncogenic processes such as cell proliferation, survival, and metastasis. Additionally, the gene's interactions with other signaling pathways may contribute to changes observed in cancer-associated neuroplasticity or the modulation of the immune response, further suggesting a potential relationship between SLC6A1 and cancer. However, definitive and comprehensive links remain an area for ongoing research.",0
JAM3,933,0.1111111111111111,0.0,0.0,0.5555555555555556,0.0,1.0,0.3333333333333333,0.0,0.8333333333333335,0.0,2.5,4.0,1.0,1.0,0.7598784194528876,0.9685386268260832,270247.3,601.0,0.006033784,2.7446099041736524e-07,6.0,0.0,2.0,0.0,0.0,0.0,0.0,2.0,1.0,0.0,0.0,0.0,1.0,5.0,0.0,0.0,0.0,0.0,0.0,1.0,0.0,0.0,2.0,0.0,1.0,0.0,9.0,0.0,11.0,17.03788889,54.54846011,22.02983033187255,2.0962839432737552,0.2226352892561983,0.0236648689017906,121.0,-0.29625703539823,0.0313904060813943,226.0,0.2705848991354467,0.0298548319400909,347.0,3.334301293225242,0.0488564693995806,0.1139197835163286,0.0274037646557005,19.492309880281457,4.998610352380743,"The JAM3 gene encodes a member of the junctional adhesion molecule family, which is involved in the regulation of cell-cell adhesion and the maintenance of epithelial and endothelial integrity. Alterations in JAM3 expression or function can impact cellular signaling pathways, promote inflammatory responses, and influence the tumor microenvironment, potentially contributing to tumor progression and metastasis. Dysregulated expression of JAM3 has been observed in various cancers, suggesting that it may play a role in modulating tumor cell invasion and migration. Furthermore, its involvement in the recruitment of immune cells could affect the immune landscape of tumors, thereby influencing cancer development and response to therapies.",0
CATSPERB,3351,0.0689655172413793,0.0344827586206896,0.0344827586206896,0.8620689655172413,0.0,1.0,0.0,0.0,0.9858036667268664,0.0,8.333333333333334,9.0,0.6906077348066298,1.0,0.0596480763495377,0.2278135031266443,394439.0,483.0,0.02605775,0.0,0.0,0.0,0.0,0.0,0.0,0.0,0.0,0.0,0.0,0.0,0.0,0.0,0.0,25.0,1.0,0.0,0.0,0.0,0.0,2.0,2.0,0.0,0.0,0.0,0.0,0.0,30.0,0.0,23.0,14.9692,117.6263775,21.88701420269522,1.8204614569819408,0.2358933548387097,0.020350154505555,155.0,-0.2872850746268656,0.0215626011352003,267.0,0.2684535933806148,0.0216836585984314,422.0,2.7532930953976584,0.2509317451978913,0.111514500398345,0.0145173604745375,20.060674391099585,2.322449260305919,"The relationship between the CATSPERB gene and cancer is currently not well-established, and existing research does not provide clear evidence linking CATSPERB directly to oncogenic processes. However, CATSPERB is known to encode a member of the CATSPER ion channel family, which plays a critical role in sperm motility and potentially influences cellular calcium signaling. Alterations in calcium signaling pathways are implicated in various cancer-related processes, including cell proliferation, migration, and apoptosis. Therefore, while a direct association between CATSPERB and cancer has not been conclusively demonstrated, its involvement in calcium homeostasis and cellular function could suggest mechanisms through which dysregulation might contribute to tumorigenesis, warranting further investigation.",0
UHRF1BP1,4323,0.1,0.0333333333333333,0.0333333333333333,0.7333333333333333,0.0,1.0,0.1,0.0,0.92113375909361,0.0,5.5,6.75,0.7485029940119761,1.0,0.1757160428747144,0.4812662062240357,1047481.0,242.0,0.02442262,4.0501282074696325e-08,2.0,0.0,0.0,0.0,0.0,0.0,0.0,3.0,0.0,0.0,0.0,0.0,0.0,22.0,1.0,0.0,0.0,0.0,0.0,2.0,1.0,0.0,3.0,0.0,0.0,0.0,26.0,0.0,25.0,22.57292308,78.68406823,22.72297258048686,0.4964695839089103,0.2396635393258426,0.0151844712670634,178.0,-0.2442217647058822,0.0175025126946405,136.0,0.2416378025477706,0.0161408705251877,314.0,3.539782464141364,0.0075435921134747,0.0826082388118905,0.0082494589689878,22.663748745747323,0.8629812702646701,"The UHRF1BP1 gene has been implicated in cancer biology through its role in epigenetic regulation and DNA damage response. UHRF1BP1 interacts with UHRF1, a protein that is essential for maintaining DNA methylation patterns during cell division, which can influence tumorigenesis. Dysregulation of UHRF1BP1 may lead to altered expression of genes involved in cell cycle control, apoptosis, and DNA repair mechanisms, potentially contributing to cancer progression. Additionally, aberrations in the functions of UHRF1BP1 could affect chromatin remodeling and stability, further promoting oncogenic pathways. Thus, the interplay between UHRF1BP1 and key cellular processes underscores its relevance in cancer development and progression.",0
ATIC,1779,0.2105263157894736,0.0,0.0526315789473684,0.7368421052631579,0.0,1.0,0.0,0.0,0.975220114382459,0.0,2.8,3.0,0.8051529790660226,1.0,0.2435460301997077,0.5875424546022268,530312.2,531.0,0.01160174,0.000109198914438,69.0,0.0,0.0,0.0,0.0,0.0,0.0,0.0,0.0,0.0,0.0,0.0,4.0,14.0,0.0,0.0,0.0,0.0,0.0,4.0,1.0,0.0,0.0,0.0,0.0,0.0,23.0,0.0,22.0,19.77852174,133.800744,27.70468786476932,0.2733039304346589,0.2154971631205673,0.0138429838333231,141.0,-0.2584958333333333,0.0194342002473918,132.0,0.236287728937729,0.016948335556588,273.0,3.4726862885474867,0.0222657769495318,0.0341886296534328,0.0040808679437236,18.12776291735073,3.06374330312925,"The ATIC (5-aminoimidazole-4-carboxamide ribonucleotide formyltransferase/inosine monophosphate cyclohydrolase) gene encodes an enzyme involved in purine biosynthesis and cellular metabolism. Alterations in purine metabolism have been implicated in various cancers, as abnormal nucleotide synthesis can lead to increased cell proliferation and tumor growth. Overexpression of ATIC may enhance the availability of purines, thus supporting the high metabolic demands of rapidly dividing cancer cells. Additionally, the enzyme's involvement in the regulation of reactive oxygen species and its potential role in cellular signaling pathways could further influence tumorigenesis. However, the precise mechanisms linking ATIC to specific cancer types remain an area of ongoing research.",0
TTC39B,2049,0.0833333333333333,0.0,0.0,0.8333333333333334,0.0,1.0,0.0833333333333333,0.0,0.953509509058145,0.0,5.0,5.5,1.0,1.0,0.0108303640085343,0.0598421107015304,237772.5,710.0,-0.01692213,7.523842099763483e-06,6.0,0.0,0.0,1.0,0.0,0.0,0.0,1.0,0.0,0.0,0.0,0.0,5.0,8.0,0.0,0.0,0.0,0.0,0.0,1.0,1.0,0.0,4.0,0.0,1.0,0.0,12.0,0.0,15.0,21.39425,95.69010875,22.712565391447534,0.8563356870336304,0.2700719018404909,0.0248877086550026,163.0,-0.2923945789473681,0.0345587702296375,378.0,0.2856936648250458,0.0317092693896807,539.0,3.529507363590952,0.0155360851324804,0.5582784604782154,0.0209930676561623,23.11993570290851,2.483570852446473,"Research suggests that the TTC39B gene may be implicated in cancer, primarily through mechanisms related to cellular signaling and tumor progression. TTC39B is known to be involved in the regulation of various cellular processes, including endosomal trafficking and autophagy, both of which are crucial for maintaining cellular homeostasis. Dysregulation of these processes can lead to altered cellular responses to stress and contribute to oncogenic transformation. Additionally, TTC39B's interaction with key signaling pathways may affect proliferation and apoptosis, further influencing tumorigenesis. However, the precise mechanisms by which TTC39B contributes to cancer development remain under investigation and require more thorough exploration to establish definitive links.",0
C11ORF65,942,0.0,0.0,0.0,1.0,0.0,1.0,0.0,0.0,1.0,0.0,3.0,3.0,1.0,1.0,0.1886792452830188,0.5033409095392597,405486.5,579.0,0.01240578,5.057223827770776e-06,7.0,0.0,0.0,0.0,0.0,0.0,0.0,0.0,0.0,0.0,0.0,0.0,0.0,3.0,0.0,0.0,0.0,0.0,0.0,0.0,0.0,0.0,0.0,0.0,0.0,0.0,3.0,0.0,3.0,21.27666667,47.16963333,21.88701420269522,1.8204614569819408,0.2140204464285713,0.018328941198898,112.0,-0.2776556053811659,0.0196210480445643,223.0,0.2563805671641791,0.0200368010682402,335.0,2.79428966695796,0.0708167525567467,0.111514500398345,0.0145173604745375,20.060674391099585,2.322449260305919,"The relationship between the C11ORF65 gene and cancer is not well-established, but some studies have suggested potential roles in cellular processes that are relevant to tumorigenesis. C11ORF65 may be involved in mitochondrial function and cellular metabolism, both of which are critical for maintaining cellular homeostasis and energy balance. Disruptions in these pathways can lead to increased oxidative stress and altered apoptotic signaling, potentially contributing to cancer progression. Furthermore, if C11ORF65 is implicated in gene regulatory networks or cellular signaling pathways, its dysregulation could influence oncogenic processes including proliferation, survival, and metastasis. However, further research is required to elucidate its specific roles and mechanisms in cancer biology.",0
OR2A2,957,0.2,0.6,0.0,0.2,0.0,1.0,0.0,0.0,0.5904362833084089,0.0,0.5,2.0,0.00543,1.0,0.6105006105006106,0.9117680008735516,221023.6,812.0,-0.01101269,0.0,0.0,0.0,0.0,0.0,0.0,0.0,0.0,0.0,0.0,0.0,0.0,0.0,0.0,1.0,3.0,0.0,0.0,0.0,0.0,1.0,0.0,0.0,0.0,0.0,0.0,0.0,5.0,0.0,4.0,24.1098,185.2836052,21.88701420269522,1.8204614569819408,0.2988563817663819,0.0263852481957281,351.0,-0.2623144915254238,0.0302364921480298,118.0,0.2896624733475479,0.0275436525425874,469.0,1.2149738013556457,0.8719980492479276,0.111514500398345,0.0145173604745375,20.060674391099585,2.322449260305919,"The OR2A2 gene encodes an olfactory receptor, which is part of the large family of G protein-coupled receptors (GPCRs). While olfactory receptors are primarily known for their role in the sense of smell, emerging evidence suggests that certain GPCRs, including olfactory receptors, may play a role in various biological processes beyond olfaction, including tumor biology. Aberrant expression of GPCRs can influence cancer progression through mechanisms such as modulation of cell proliferation, migration, and apoptosis. Specific pathways may involve the activation of downstream signaling cascades, including those associated with mitogenic responses or immune modulation, potentially contributing to tumor microenvironment dynamics and cancer metastasis. However, the precise role of OR2A2 in cancer remains largely unexplored, necessitating further investigation to clarify its potential implications in oncogenesis.",0
CST6,450,0.5,0.0,0.0,0.5,0.0,1.0,0.0,0.0,1.0,0.0,0.5,0.5,1.0,1.0,0.8077544426494345,0.9802077336529922,3854361.0,208.0,0.05743258,2.726188537205992e-05,12.0,0.0,0.0,0.0,0.0,0.0,0.0,0.0,0.0,0.0,0.0,0.0,2.0,1.0,0.0,0.0,0.0,0.0,0.0,1.0,0.0,0.0,0.0,0.0,0.0,0.0,4.0,0.0,4.0,14.037,68.31026267,20.75517409379045,2.0484614879663288,0.2523343783783782,0.0382169574856169,185.0,-0.2338244660194175,0.0194171405484865,103.0,0.2457145138888887,0.0314813140729336,288.0,2.38464664135336,0.6645598385250908,0.0706620067801487,0.0063172408865486,20.060674391099585,2.322449260305919,"Yes, there is a relationship between the CST6 gene and cancer. CST6 encodes cystatin M, a cysteine protease inhibitor implicated in the regulation of extracellular matrix remodeling and proteolytic activity, which can influence tumor progression. Alterations in CST6 expression have been observed in various cancers, where downregulation may facilitate tumor invasion and metastasis by diminishing its inhibitory effects on proteolytic enzymes such as cathepsins. This reduction can lead to enhanced degradation of the extracellular matrix and promote an environment conducive to tumor growth and spread. Additionally, CST6 is thought to play a role in modulating immune responses within the tumor microenvironment, further implicating it in cancer biology.",0
TMEM101,774,0.5,0.0,0.0,0.5,0.0,1.0,0.0,0.0,1.0,0.0,0.75,0.75,1.0,1.0,0.3194888178913738,0.6840361036907545,920082.2,241.0,0.0289605,4.709859690245146e-07,2.0,0.0,0.0,0.0,0.0,0.0,0.0,0.0,0.0,0.0,0.0,0.0,0.0,3.0,0.0,0.0,0.0,0.0,0.0,2.0,0.0,0.0,0.0,0.0,0.0,0.0,5.0,0.0,5.0,22.866,94.72928,20.343153728407845,1.866166261651356,0.2465770165745858,0.0290209012010497,181.0,-0.268648756756757,0.0207341277892068,185.0,0.2577334972677595,0.0248860594578726,366.0,3.4004404914004747,0.0153844032272277,0.1160371505721127,0.0365199349874623,20.060674391099585,2.322449260305919,"The TMEM101 gene has been implicated in certain cancer types through its role in cellular processes such as proliferation, apoptosis, and immune response modulation. TMEM101 is believed to influence endosomal trafficking and autophagy, which are critical for maintaining cellular homeostasis and responding to oxidative stress. Dysregulation of these processes can lead to tumorigenesis by enabling the survival of aberrant cells and promoting an inflammatory microenvironment. Moreover, the expression levels of TMEM101 may correlate with cancer progression, suggesting that alterations in its function could contribute to the malignant phenotype. Further research is required to elucidate the precise mechanisms by which TMEM101 may be involved in cancer biology.",0
DNAJB14,1140,0.2222222222222222,0.1111111111111111,0.1111111111111111,0.5555555555555556,0.0,1.0,0.0,0.0,0.9298966940476158,0.0,1.6666666666666667,2.333333333333333,0.2297794117647059,1.0,0.4347826086956521,0.7969170099717844,202807.7,682.0,0.03616981,5.0248520783882e-08,5.0,0.0,0.0,0.0,0.0,0.0,0.0,0.0,0.0,0.0,0.0,0.0,0.0,6.0,1.0,0.0,0.0,0.0,0.0,2.0,1.0,0.0,0.0,0.0,0.0,0.0,9.0,1.0,8.0,25.17777778,92.51204444,22.84612897491751,0.4246838538908773,0.2010323809523809,0.0129521941002868,84.0,-0.2574560408163265,0.0195802308854901,245.0,0.2430500000000002,0.0184504714189024,329.0,3.5407124618183543,0.0044617173779868,0.0330695058091421,0.0046282033151327,19.21963156136911,6.996281766360345,"Yes, there is a relationship between the DNAJB14 gene and cancer. DNAJB14 encodes a member of the HSP40 (heat shock protein 40) family, which plays a crucial role in protein folding and cellular stress responses. Dysregulation of chaperone proteins such as DNAJB14 can influence tumorigenesis by affecting the stability, aggregation, and degradation of client proteins, including oncogenes and tumor suppressors. Additionally, aberrant expression of DNAJB14 has been associated with altered cellular responses to stress, promoting oncogenic pathways and enhancing cancer cell survival in adverse conditions. Evidence suggests that changes in DNAJB14 expression may influence cancer cell proliferation, migration, and sensitivity to therapies, highlighting its potential involvement in the mechanisms underpinning cancer development and progression.",0
ZFYVE27,1251,0.1818181818181818,0.0,0.0,0.7272727272727273,0.0,1.0,0.0909090909090909,0.0,1.0000000000000002,0.0,2.6666666666666665,3.0,1.0,1.0,0.1282380097460887,0.3916218633701468,535310.9,138.0,0.04377261,0.0,1.0,0.0,0.0,0.0,0.0,0.0,0.0,1.0,0.0,0.0,0.0,0.0,0.0,8.0,0.0,0.0,0.0,0.0,0.0,2.0,0.0,0.0,1.0,0.0,0.0,0.0,10.0,0.0,11.0,21.4347,83.67344534,20.80307798402273,1.449875301853958,0.2143015151515151,0.0137617608578849,99.0,-0.33631214057508,0.0452659830091853,313.0,0.3069940533980584,0.0403680711550628,412.0,3.435900444392618,0.0034758750967717,0.0537066659192263,0.0101540799096651,18.452148060979503,1.9673112092182925,"The ZFYVE27 gene, which encodes a protein containing a FYVE domain, is involved in various cellular processes, including endosomal trafficking and signal transduction. Although direct links between ZFYVE27 and specific types of cancer are not well-established, alterations in its expression or function could potentially contribute to tumorigenesis. Mechanistically, dysregulation of endosomal sorting pathways may affect receptor signaling, particularly regarding growth factor receptors, which are often implicated in cancer cell proliferation and survival. Furthermore, ZFYVE27 might play a role in modulating the cellular response to stress, influencing tumor cell resilience in hostile microenvironments. Thus, while the relationship remains to be clarified, ZFYVE27 may intersect with oncogenic pathways through its regulatory functions.",0
PDE6C,2577,0.217391304347826,0.0434782608695652,0.0869565217391304,0.6521739130434783,0.0,1.0,0.0,0.0,0.9542983513362336,0.0,2.5,3.0,0.3988831272437176,1.0,0.6218905472636815,0.9172830663910292,461113.8,305.0,0.01868646,0.0,0.0,0.0,0.0,0.0,0.0,0.0,0.0,0.0,0.0,0.0,0.0,0.0,0.0,14.0,1.0,0.0,0.0,0.0,0.0,5.0,3.0,0.0,0.0,0.0,0.0,0.0,23.0,0.0,18.0,20.94652174,76.57852026,21.88701420269522,1.8204614569819408,0.2150274489795918,0.0194124546130128,98.0,-0.3366016878980892,0.0460410649885157,314.0,0.3076835436893205,0.0423303933577279,412.0,2.124001935897865,0.181330246830199,0.111514500398345,0.0145173604745375,20.060674391099585,2.322449260305919,"The relationship between the PDE6C gene and cancer is currently not well-established in the scientific literature. PDE6C is primarily known for its role in phototransduction in retinal photoreceptor cells, where it encodes a phosphodiesterase enzyme that degrades cyclic GMP. While there is limited evidence suggesting that alterations in cGMP signaling pathways can influence tumorigenesis and cellular proliferation, a direct link between PDE6C and specific cancer pathways or mechanisms remains largely unknown. Further research is needed to elucidate any potential roles of PDE6C in oncogenesis or tumor progression.",0
OR1A1,930,0.5384615384615384,0.0,0.0,0.4615384615384615,0.0,1.0,0.0,0.0,1.0000000000000002,0.0,0.75,0.75,1.0,1.0,0.6666666666666666,0.9369767387387764,506513.7,628.0,-0.0001520094,0.0,0.0,0.0,0.0,0.0,0.0,0.0,0.0,0.0,0.0,0.0,0.0,0.0,0.0,6.0,0.0,0.0,0.0,0.0,1.0,7.0,0.0,0.0,0.0,0.0,0.0,0.0,14.0,0.0,12.0,13.31128571,72.63093884,21.88701420269522,1.8204614569819408,0.2376244943820224,0.0315552875068437,89.0,-0.2761910352941176,0.0199143796215671,425.0,0.2695131712062257,0.022085804406493,514.0,2.430450882096898,2.4282206665002946,0.111514500398345,0.0145173604745375,20.060674391099585,2.322449260305919,"The relationship between the OR1A1 gene and cancer is currently not well established, and research specifically linking OR1A1 to oncogenic processes remains limited. However, OR1A1 is known to be involved in the olfactory signaling pathway, and alterations in sensory perception pathways can indirectly influence tumor microenvironments and metabolic responses. Some studies suggest that dysregulation of olfactory receptors might impact cellular signaling, potentially leading to aberrant cellular behaviors such as proliferation, migration, or survival. Additionally, if OR1A1 exhibits altered expression in certain cancers, it might affect local immune responses or interaction with stromal cells, contributing to tumor development or progression. However, direct mechanisms by which OR1A1 influences cancer pathogenesis require further investigation to clarify its potential role.
",0
RRM1,2379,0.2142857142857142,0.0,0.0,0.7857142857142857,0.0,1.0,0.0,0.0,0.9624786378518296,0.0,2.75,2.75,1.0,1.0,0.612369871402327,0.9126875774576412,392720.2,601.0,0.03142812,1.633727400793551e-05,22.0,0.0,0.0,0.0,0.0,0.0,0.0,0.0,0.0,0.0,0.0,0.0,0.0,10.0,0.0,0.0,0.0,0.0,0.0,3.0,1.0,0.0,0.0,0.0,0.0,0.0,14.0,0.0,13.0,21.06785714,60.60874121,24.97631176475073,0.6442156519587597,0.1962746341463414,0.0128584901709716,123.0,-0.2513138864628819,0.0157796106378993,228.0,0.2320814204545453,0.0154099510315947,351.0,3.623510960625112,0.0056410603445654,0.1044200221482757,0.0123769636442943,13.80540906378942,1.2813831488562804,"Yes, there is a relationship between the RRM1 gene and cancer. RRM1 encodes the ribonucleotide reductase M1 subunit, which is crucial for DNA synthesis and repair by catalyzing the conversion of nucleotides into their deoxyribonucleotide form. Dysregulation of RRM1 can lead to altered deoxyribonucleotide pools, promoting genomic instability, uncontrolled cell proliferation, and resistance to therapies that target DNA synthesis, such as certain chemotherapeutic agents. Overexpression of RRM1 has been associated with poor prognosis in various cancers, as it may enhance tumor growth and survival through mechanisms like increased proliferation and reduced apoptotic signaling. Additionally, its expression levels can influence the effectiveness of chemotherapy, making it a potential biomarker for treatment outcomes.",0
PNPLA3,1446,0.1739130434782608,0.0434782608695652,0.0,0.782608695652174,0.0,1.0,0.0,0.0,0.9999999999999998,0.0,3.6,3.8,0.6802721088435374,1.0,0.8064516129032258,0.9799285319491496,155890.4,393.0,0.02352695,1.6840400871300444e-07,4.0,0.0,0.0,0.0,0.0,0.0,0.0,0.0,0.0,0.0,0.0,0.0,0.0,18.0,1.0,0.0,0.0,0.0,0.0,4.0,1.0,0.0,0.0,1.0,0.0,0.0,23.0,0.0,22.0,11.15652174,115.1971094,21.88701420269522,1.8204614569819408,0.2289883928571429,0.0191009065145109,112.0,-0.3057481612903224,0.0318025591244399,310.0,0.2853759004739335,0.029529596436123,422.0,2.670993599542573,0.2764179025704258,0.0360198616744033,0.0026779876134004,20.060674391099585,2.322449260305919,"Yes, there is a relationship between the PNPLA3 gene and cancer, particularly in hepatocellular carcinoma (HCC). The PNPLA3 gene encodes a protein involved in lipid metabolism, and specific variants, such as I148M, are associated with hepatic steatosis and fibrosis. These conditions can lead to chronic liver inflammation and promote a fibrotic microenvironment, which contributes to carcinogenesis. The dysregulation of lipid homeostasis can also alter signaling pathways involved in cell proliferation and apoptosis, creating a permissive environment for tumorigenesis. Furthermore, the accumulation of lipids may enhance the production of reactive oxygen species, leading to oxidative stress and DNA damage, further linking PNPLA3 with the development of cancer.",0
MYBPC1,3522,0.2,0.0571428571428571,0.0571428571428571,0.6285714285714286,0.0,1.0,0.0571428571428571,0.0,0.9136065552961062,0.0,2.75,3.5,0.3549875754348597,1.0,0.6868131868131868,0.9448440589110536,348152.1,448.0,0.00588477,1.5731148626015e-05,10.0,2.0,0.0,0.0,0.0,0.0,0.0,2.0,0.0,0.0,0.0,0.0,1.0,20.0,2.0,0.0,0.0,0.0,0.0,6.0,5.0,0.0,3.0,0.0,0.0,0.0,35.0,0.0,27.0,22.20368571,81.46730969,23.806891510662435,8.516917937331806,0.2192565925925926,0.0120364828345715,135.0,-0.2208722068965517,0.0163864372131513,145.0,0.2200932499999999,0.0142391331187903,280.0,1.9381969527108405,1.3575432158662173,0.111514500398345,0.0145173604745375,24.69547874959791,8.40091120579904,"The MYBPC1 gene encodes a cardiac-specific protein involved in muscle contractility and sarcomere structure. While primarily studied in the context of cardiovascular diseases, emerging evidence suggests a potential relationship between MYBPC1 and cancer through mechanisms related to cellular differentiation and proliferation. In some tumors, alterations in the expression of myosin-binding protein C may influence the cytoskeletal dynamics and motility of cancer cells, potentially facilitating metastasis. Furthermore, dysregulation of genes involved in muscle-related pathways may impact the tumor microenvironment, affecting factors such as inflammation and immune evasion. Nonetheless, the direct role of MYBPC1 in cancer biology remains to be fully elucidated.",0
DUSP14,597,0.1666666666666666,0.1666666666666666,0.0,0.5,0.0,1.0,0.1666666666666666,0.0,0.8710490642551527,0.0,1.5,2.5,0.2533569799847985,1.0,0.4163197335553705,0.7811414336626943,541309.8,201.0,0.02917926,5.497907259484478e-05,19.0,0.0,0.0,0.0,0.0,0.0,0.0,0.0,1.0,0.0,0.0,0.0,0.0,3.0,1.0,0.0,0.0,0.0,0.0,1.0,0.0,0.0,0.0,0.0,1.0,0.0,5.0,0.0,6.0,24.8734,172.9467878,21.01852372927674,3.514838996479213,0.2394122023809527,0.0145953765921264,168.0,-0.2688494652406418,0.0194653707351963,187.0,0.2549185915492957,0.0173295849646773,355.0,3.309353080498338,0.0135170107835936,0.0318605245400257,0.0038921599817455,13.25265720064409,0.3209191601601653,"The DUSP14 gene encodes a dual-specificity phosphatase that negatively regulates extracellular signal-regulated kinase (ERK) and c-Jun N-terminal kinase (JNK) signaling pathways, which are critical in cell proliferation and survival. Dysregulation of these pathways has been implicated in various cancerous processes, such as uncontrolled cell growth, invasion, and metastasis. Alterations in DUSP14 expression or activity may lead to aberrant signaling and contribute to the tumorigenic phenotype. Additionally, DUSP14's role in modulating inflammatory responses and apoptosis could also intersect with oncogenesis, suggesting that its regulation is vital for maintaining normal cellular homeostasis and preventing malignant transformation. Despite these potential connections, the specific links between DUSP14 and cancer remain an area of ongoing research.",0
NSG1,558,0.75,0.0,0.0,0.25,0.0,1.0,0.0,0.0,1.0,0.0,0.25,0.25,1.0,1.0,0.9090909090909092,0.9957365270948408,649122.9543319192,444.4009897808343,0.0198885680771551,4.1566147923689815e-06,4.0,0.0,0.0,0.0,0.0,0.0,0.0,0.0,0.0,0.0,0.0,0.0,2.0,1.0,0.0,0.0,0.0,0.0,0.0,3.0,0.0,0.0,0.0,0.0,0.0,0.0,6.0,0.0,6.0,14.03833333,59.58577667,18.882599356312696,0.3493695833124266,0.264148,0.0329280486711926,110.0,-0.2578844664031621,0.0208333744994164,252.0,0.2597825068870524,0.0244258990453556,362.0,3.0395864383738296,0.1427998739190481,0.1220519211597915,0.0183557845493566,15.718804180338092,0.9640931338971712,"The NSG1 gene, implicated in various processes related to neurodevelopment and cell growth, may have a relationship with cancer through its potential involvement in cell proliferation and apoptosis regulation. Alterations in NSG1 expression could lead to dysregulation of signaling pathways that control these critical processes, resulting in enhanced survival of malignant cells or increased tumorigenicity. Additionally, if NSG1 participates in the regulation of stem cell-like properties, its aberrant expression could contribute to cancer stem cell maintenance, thereby fostering resistance to conventional therapies and promoting metastasis. However, the precise mechanisms and the extent of NSG1’s role in cancer remain an area of active investigation.",0
RNF38,1548,0.2727272727272727,0.0909090909090909,0.0,0.5454545454545454,0.0,1.0,0.0909090909090909,0.0,0.9474427588512933,0.0,1.5,2.0,0.78125,1.0,0.6246096189881324,0.9185686658429592,564580.0,248.0,0.03991557,1.5378446455431907e-05,16.0,0.0,0.0,0.0,0.0,0.0,0.0,0.0,1.0,0.0,0.0,0.0,0.0,6.0,1.0,0.0,0.0,0.0,0.0,3.0,0.0,0.0,0.0,0.0,1.0,0.0,10.0,0.0,10.0,23.0777,88.82145068,21.88701420269522,1.8204614569819408,0.3070529473684212,0.0885069863986744,190.0,-0.2638912969283276,0.0261529285489971,293.0,0.2808699999999999,0.0509941792900414,482.0,3.508682379134988,0.0044801537690197,0.0426223375980178,0.0107864745516663,16.254232770321906,4.576670377631805,"The RNF38 gene has been implicated in cancer through its role in regulating cellular protein turnover and modulating signaling pathways associated with tumorigenesis. RNF38 encodes a RING-type E3 ubiquitin ligase, which is involved in the ubiquitination process, facilitating targeted protein degradation via the proteasome. Dysregulation of RNF38 may lead to the aberrant accumulation of oncogenic proteins or the inactivation of tumor suppressors, thereby promoting cancer cell proliferation and survival. Additionally, RNF38 has been shown to interact with key signaling molecules involved in pathways such as NF-κB and MAPK, further linking it to oncogenic signaling and immune evasion mechanisms in the tumor microenvironment. While more research is needed to fully elucidate the specific roles and implications of RNF38 in different cancer types, its involvement in these critical processes suggests a potential relevance to cancer pathology.",0
STARD9,14103,0.1779661016949152,0.0338983050847457,0.0,0.7033898305084746,0.0,1.0,0.0762711864406779,0.0084745762711864,0.9407675860502624,0.0,3.772727272727273,4.409090909090909,0.9775171065493646,1.0,0.2409638554216867,0.5838815263235199,649122.9543319192,444.4009897808343,0.0198885680771551,9.266487046044304e-07,6.0,0.0,0.0,0.0,0.0,0.0,0.0,4.0,5.0,0.0,1.0,0.0,0.0,81.0,4.0,0.0,0.0,0.0,0.0,20.0,2.0,0.0,5.0,0.0,5.0,0.0,107.0,0.0,72.0,12.88697196,98.10929693,17.239036482289816,2.0404857918538646,0.1926654999999999,0.0106182499607627,60.0,-0.2875015181518149,0.0283579833473564,303.0,0.2718261432506884,0.0266326644491728,363.0,3.399471958551619,0.0429097140290553,0.0475438820157658,0.0071051346808097,19.652905669116628,6.2318850038487135,"The STARD9 gene, which encodes a member of the START (StAR-related lipid transfer) protein family, has been implicated in various cellular processes, including lipid metabolism and mitotic spindle organization. Emerging studies suggest a potential link between STARD9 and cancer, primarily through its role in cellular proliferation and division. Alterations in STARD9 expression or function may disrupt normal mitotic processes, leading to chromosomal instability, a hallmark of many cancers. Furthermore, its involvement in lipid homeostasis could influence membrane dynamics and signaling pathways that are critical for tumor progression. While the exact mechanisms remain an area of active research, the interplay between STARD9-related pathways and cancer development is increasingly being recognized in the scientific literature.",0
CX3CL1,1194,0.25,0.0833333333333333,0.0,0.6666666666666666,0.0,1.0,0.0,0.0,1.0,0.0,2.0,2.25,0.7936507936507936,1.0,0.2856326763781777,0.6435443136168322,749107.8,159.0,0.03859974,0.0,3.0,0.0,0.0,0.0,0.0,0.0,0.0,0.0,0.0,0.0,0.0,0.0,0.0,8.0,1.0,0.0,0.0,0.0,0.0,3.0,0.0,0.0,0.0,0.0,0.0,0.0,12.0,0.0,12.0,11.90916667,101.193178,19.65975846807289,1.45633195722285,0.2261821893491124,0.0173582033660115,169.0,-0.2923267676767677,0.0262178455915295,198.0,0.2618678201634877,0.0231694076679129,367.0,3.372467185205523,0.0392846134602486,0.111514500398345,0.0145173604745375,19.508069720813378,1.9926231552779703,"Yes, there is a relationship between the CX3CL1 gene and cancer. CX3CL1, also known as fractalkine, is a chemokine that plays a critical role in immune cell trafficking and inflammation. In the tumor microenvironment, CX3CL1 can modulate immune responses by attracting specific immune cells, such as T cells and monocytes, that may either promote or inhibit tumorigenesis depending on the context. Elevated expression of CX3CL1 has been associated with increased metastatic potential in certain cancers, as it can facilitate the interaction between tumor cells and the surrounding stroma. Additionally, CX3CL1 may influence angiogenesis and the establishment of an immunosuppressive environment, thus contributing to the progression and survival of malignant cells. These mechanisms highlight the complex role of CX3CL1 in cancer biology.",0
FAHD2B,945,0.0,0.0,0.1,0.3,0.0,1.0,0.6,0.0,0.4084313719900202,0.0,3.0,10.0,0.4055150040551501,1.0,0.2665245202558635,0.6189469699211031,515149.1,535.0,0.03762648,0.0,1.0,0.0,0.0,0.0,0.0,0.0,0.0,6.0,0.0,0.0,0.0,0.0,0.0,3.0,0.0,0.0,0.0,0.0,0.0,0.0,2.0,0.0,6.0,1.0,0.0,0.0,4.0,0.0,11.0,27.725,13.40916667,20.379117783788345,1.7848200209341605,0.2175647979797979,0.0117201223692483,198.0,-0.2369617021276596,0.0298387709361702,47.0,0.2212858367346938,0.0151464694383338,245.0,3.105732030390317,0.0324393729212077,0.0,0.0,20.060674391099585,2.322449260305919,"The relationship between the FAHD2B gene and cancer is not definitively established; however, some studies have suggested that alterations in the expression or function of metabolic genes, such as those related to fatty acid metabolism, may influence cancer pathways. FAHD2B is implicated in the metabolism of fatty acids, and dysregulation of metabolic processes can lead to changes in cellular energy homeostasis, proliferation, and apoptosis, which are critical in cancer development. Additionally, aberrations in metabolic pathways may contribute to the tumor microenvironment, potentially impacting cancer cell behavior and interactions with surrounding stroma. Further research is required to clarify the specific roles and mechanisms of FAHD2B in cancer progression or suppression.",0
TTC13,2583,0.1904761904761904,0.0476190476190476,0.0,0.7619047619047619,0.0,1.0,0.0,0.0,0.9783171191717188,0.0,3.2,3.4,0.7917656373713381,1.0,0.1010917913465426,0.3327665133096613,407408.5,595.0,0.01386571,0.0,1.0,0.0,0.0,0.0,0.0,0.0,0.0,0.0,0.0,0.0,0.0,0.0,3.0,15.0,1.0,0.0,0.0,0.0,0.0,4.0,1.0,0.0,1.0,0.0,0.0,0.0,23.0,0.0,21.0,20.80673913,84.46051829,21.83709396313269,0.631758920475246,0.289232311827957,0.0274314079094658,372.0,-0.2494872916666666,0.0261740791010195,48.0,0.2846900238095238,0.0273851848460614,420.0,3.4129939408230467,0.0038090983042808,0.0571402055519822,0.0088491479650255,20.060674391099585,2.322449260305919,"The TTC13 gene has been implicated in various cellular processes, and while specific relationships between TTC13 and cancer remain under investigation, potential mechanisms can be proposed. TTC13 is involved in the regulation of cilia and centrosome function, which are crucial for maintaining proper cell division and signaling. Dysregulation of these functions can lead to aberrant cell proliferation and genomic instability, both of which are hallmarks of cancer development. Furthermore, alterations in ciliary signaling pathways have been associated with tumorigenesis in certain types of cancer. Thus, while the direct relationship between TTC13 and cancer is not fully established, its involvement in critical cellular mechanisms suggests a plausible link that warrants further research.",0
BRINP3,2301,0.2857142857142857,0.0634920634920634,0.0,0.6507936507936508,0.0,1.0,0.0,0.0,0.9681332992742524,0.0,2.1578947368421053,2.3684210526315788,0.6329113924050633,1.0,0.5767012687427913,0.8941354546472607,6711.154,1261.0,-0.02587302,0.0,1.0,0.0,0.0,0.0,0.0,0.0,0.0,0.0,0.0,0.0,0.0,0.0,0.0,42.0,4.0,0.0,0.0,0.0,0.0,18.0,0.0,0.0,0.0,1.0,0.0,0.0,63.0,0.0,53.0,21.18109524,93.74353338,19.6971101041302,0.3014910069013695,0.2811547286821706,0.0281426743394987,387.0,-0.2198366666666666,0.0158933266813008,42.0,0.2751515617715618,0.027236342009471,429.0,1.6201644742261825,1.3686913979802129,0.111514500398345,0.0145173604745375,20.060674391099585,2.322449260305919,"The BRINP3 gene, implicated in the regulation of cellular processes such as proliferation and differentiation, has been associated with various cancer types. Its expression can influence tumor microenvironments and cellular signaling pathways, potentially affecting tumor growth and invasion. Mechanistically, BRINP3 may modulate the epithelial-to-mesenchymal transition (EMT), a process crucial for cancer metastasis, and can interact with signaling pathways such as Wnt and TGF-β, which are known to play significant roles in oncogenesis. Dysregulation of BRINP3 expression has been observed in certain malignancies, suggesting a potential role in tumorigenesis and cancer progression, although the exact mechanisms and clinical implications remain an area of ongoing research.",0
PC,3537,0.2068965517241379,0.0344827586206896,0.0,0.5862068965517241,0.0,1.0,0.1724137931034483,0.0,0.8899090325236303,0.0,2.4285714285714284,3.2857142857142856,0.5458515283842795,1.0,0.6784260515603799,0.9416416511310344,1649909.0,187.0,0.03820645,9.666019016415414e-05,44.0,0.0,0.0,0.0,0.0,0.0,0.0,5.0,0.0,0.0,0.0,0.0,1.0,17.0,1.0,0.0,0.0,0.0,0.0,6.0,0.0,0.0,5.0,0.0,0.0,0.0,25.0,0.0,27.0,20.9834,96.95819758,25.289557070259555,0.8144881740325826,0.285740324074074,0.0605795579817549,214.0,-0.2200311494252873,0.0147258949847099,87.0,0.2668733333333333,0.0482079952415011,300.0,3.319692790575712,0.0278432089428601,0.0514484842939296,0.0055875182599259,20.32943430966689,7.61192479475322,"Yes, there is a relationship between the PC gene (prostate cancer gene) and cancer, particularly in the context of prostate cancer. The PC gene has been implicated in various mechanisms that contribute to tumorigenesis, including the regulation of cell cycle progression, apoptosis, and DNA repair pathways. Mutations or dysregulation of the PC gene can lead to alterations in these processes, resulting in unchecked cellular proliferation and resistance to apoptotic signals. Additionally, the PC gene may influence oncogenic signaling pathways, such as the androgen receptor pathway, thereby affecting the malignant transformation of cells. These mechanisms underscore the significance of the PC gene in the development and progression of prostate cancer and potentially other malignancies.",0
ZNF655,1581,0.0,0.0,0.0,0.7777777777777778,0.0,1.0,0.2222222222222222,0.0,0.9298966940476158,0.0,7.0,9.0,1.0,1.0,0.4950495049504951,0.8431175799074819,1460222.0,332.0,0.05550207,4.3572581866038095e-05,18.0,0.0,0.0,0.0,0.0,0.0,0.0,1.0,1.0,0.0,0.0,0.0,1.0,7.0,0.0,0.0,0.0,0.0,0.0,0.0,0.0,0.0,1.0,0.0,1.0,0.0,8.0,0.0,9.0,15.512875,88.23470727,21.33252459011965,1.9473909356295225,0.3334222538860105,0.0503166028943873,386.0,-0.2395344086021505,0.0167211884662225,93.0,0.3151935073068893,0.0451273308374638,479.0,3.651101891966113,0.0066980996604021,0.0828530969530624,0.019287583653749,22.91305421566319,1.2050498578947575,"The ZNF655 gene, a member of the zinc finger protein family, has been implicated in various cellular processes, including transcriptional regulation and chromatin remodeling. While direct evidence linking ZNF655 to specific cancer types is limited, alterations in zinc finger proteins can affect cell proliferation, differentiation, and apoptosis, which are critical processes in oncogenesis. Potential mechanisms may involve the dysregulation of gene expression pathways that modulate tumor suppressor genes or oncogenes, contributing to tumorigenesis. Additionally, changes in ZNF655 expression levels could influence the tumor microenvironment or stem cell properties, thereby playing a role in cancer progression. Further research is necessary to elucidate its specific contributions to cancer biology.",0
UGT2A1,2082,0.0555555555555555,0.1111111111111111,0.0,0.7777777777777778,0.0,1.0,0.0555555555555555,0.0,0.9366510388806776,0.0,7.0,8.5,0.5285412262156448,1.0,0.1442377037357565,0.42352410499933,19584.15,1065.0,-0.008234373,0.0,0.0,0.0,0.0,0.0,0.0,0.0,0.0,0.0,1.0,0.0,0.0,0.0,1.0,15.0,2.0,0.0,0.0,0.0,0.0,1.0,0.0,0.0,1.0,0.0,1.0,0.0,18.0,0.0,17.0,22.79255556,97.97401108,14.969365353375943,3.1726660228199126,0.2487487903225806,0.0343446514855166,124.0,-0.2331606372549019,0.0159375737330894,204.0,0.2390537195121952,0.0228699067378048,328.0,0.6422882364110124,0.8330481147368192,0.111514500398345,0.0145173604745375,20.060674391099585,2.322449260305919,"The UGT2A1 gene encodes a member of the UDP-glucuronosyltransferase enzyme family, which is involved in the conjugation and detoxification of various endogenous and exogenous compounds, including hormones and drugs. Alterations in UGT2A1 expression or function may influence the metabolism of carcinogens and hormonal metabolites, potentially impacting cancer susceptibility and progression. For instance, changes in the metabolic clearance of estrogens due to UGT2A1 dysregulation could affect tumor growth in hormone-sensitive cancers. Additionally, the gene's role in the detoxification pathways may modulate the overall cellular response to oxidative stress and inflammation, two critical factors in tumorigenesis. Thus, while direct links to specific cancers remain to be fully elucidated, the metabolic functions of UGT2A1 suggest that it could have indirect implications in cancer biology.",0
STAP2,1350,0.3571428571428571,0.0,0.0,0.6428571428571429,0.0,1.0,0.0,0.0,1.0,0.0,1.5,1.5,1.0,1.0,0.5414185165132648,0.8736127239941001,2122615.0,220.0,0.02738491,9.1197023043704e-06,10.0,0.0,0.0,0.0,0.0,0.0,0.0,0.0,0.0,0.0,0.0,0.0,0.0,8.0,0.0,0.0,0.0,0.0,0.0,5.0,1.0,0.0,0.0,0.0,0.0,0.0,14.0,0.0,14.0,13.45042857,47.54817903,22.94193745022169,3.001644311828918,0.2574168800000002,0.0285195823426064,125.0,-0.2559428030303031,0.0213323048947747,264.0,0.2564164781491001,0.0235747647718429,389.0,3.340609834792092,0.0450474507761039,0.111514500398345,0.0145173604745375,23.10298789250177,2.8497914343720097,"The STAP2 (Signal Transducer and Activator of Transcription 2) gene has been implicated in various cellular processes that could relate to cancer development and progression. It plays a role in the regulation of immune responses and cell signaling pathways, particularly those involving the JAK-STAT pathway, which is critical for hematopoiesis and inflammation. Dysregulation of STAP2 may lead to altered immune cell function and chronic inflammation, both of which are linked to tumorigenesis. Additionally, STAP2's involvement in cellular proliferation and differentiation may contribute to the oncogenic transformation of cells when aberrantly expressed. The interplay between STAP2 and oncogenic pathways, such as those involved in cell cycle regulation and apoptosis, suggests that it may be a relevant player in the complex landscape of cancer biology, although further research is required to elucidate the full extent of its role.",0
PPP2R5C,1668,0.0909090909090909,0.1818181818181818,0.0,0.6363636363636364,0.0,1.0,0.0,0.0909090909090909,0.9474427588512933,0.0,3.5,5.0,0.2469745616201531,1.0,0.4395604395604396,0.8008703527045774,1400431.0,346.0,0.02802784,0.0001224515641967,34.0,0.0,0.0,0.0,0.0,0.0,0.0,0.0,0.0,0.0,1.0,0.0,2.0,9.0,2.0,0.0,0.0,0.0,0.0,1.0,1.0,0.0,1.0,0.0,0.0,0.0,15.0,0.0,15.0,24.92253333,152.7588506,23.73016757647272,0.5668280295340336,0.2680725433526011,0.039322089402796,170.0,-0.2772366796875,0.0191157064787362,256.0,0.273541118881119,0.0272116223945395,426.0,3.691432041472903,0.002569812825616,0.1145471566691982,0.0134726951868207,23.508042294476265,2.366945247869688,"The PPP2R5C gene encodes a regulatory subunit of protein phosphatase 2A (PP2A), a critical enzyme involved in various cellular processes, including cell growth, division, and apoptosis. Dysregulation of PP2A activity has been implicated in cancer, as it can lead to aberrant signaling pathways that promote tumorigenesis. Specifically, alterations in PPP2R5C expression or function may disrupt the balance of phosphorylation states in key oncogenic pathways, such as those involving the mitogen-activated protein kinase (MAPK) and phosphoinositide 3-kinase (PI3K) signaling cascades. Furthermore, mutations or changes in regulatory subunits like PPP2R5C can influence PP2A's ability to dephosphorylate tumor suppressor proteins, facilitating uncontrolled cell proliferation and evasion of apoptosis, which are hallmarks of cancer development.",0
C15ORF41,846,0.1666666666666666,0.0,0.0,0.8333333333333334,0.0,1.0,0.0,0.0,1.0,0.0,2.5,2.5,1.0,1.0,0.3448275862068966,0.7119692196525615,74455.81,598.0,-0.01595096,0.0,1.0,1.0,0.0,0.0,0.0,0.0,0.0,0.0,0.0,0.0,0.0,0.0,1.0,5.0,0.0,0.0,0.0,0.0,0.0,1.0,0.0,0.0,0.0,0.0,0.0,0.0,8.0,0.0,8.0,19.6535,104.6917951,18.39230444805137,1.1423032894222458,0.2638164016874681,0.0370683991865753,190.13201675643327,-0.2623792743604192,0.0349935889004216,187.6534410532616,0.2724842722630945,0.0397860230283488,377.6466786355476,3.143041358260035,0.0126782947441492,0.085392441448192,0.0087956897496614,20.060674391099585,2.322449260305919,"The potential relationship between the C15ORF41 gene and cancer remains an area of ongoing research, and while definitive links are not yet established, some studies suggest that C15ORF41 may be involved in various cellular processes that could influence tumorigenesis. For instance, alterations or dysregulation of C15ORF41 may affect cellular proliferation, apoptosis, or genomic stability, potentially contributing to cancer development. Additionally, its expression patterns could interact with cancer-associated pathways, including those related to cell cycle regulation or apoptosis. Further investigations are needed to clarify these connections and elucidate any direct mechanisms linking C15ORF41 to specific cancer types.",0
SCN1A,6030,0.2209302325581395,0.0465116279069767,0.0,0.686046511627907,0.0,1.0,0.0465116279069767,0.0,0.956573565190002,0.0,2.95,3.35,0.8880994671403197,1.0,0.3604902667627974,0.7282949970773755,98531.85,550.0,-0.01063849,5.614958224855678e-07,2.0,0.0,0.0,0.0,0.0,0.0,0.0,3.0,1.0,0.0,0.0,0.0,3.0,58.0,4.0,0.0,0.0,0.0,0.0,19.0,1.0,0.0,3.0,0.0,1.0,0.0,85.0,0.0,62.0,23.18267059,89.24692046,22.23517290700028,0.1851416504614132,0.2336937037037037,0.0208350818085443,216.0,-0.2144287323943662,0.0113829910397987,71.0,0.2289278048780489,0.0185181258074023,287.0,2.07506919435876,1.3816204358789517,0.111514500398345,0.0145173604745375,21.64049065827829,0.7894089897473289,"The SCN1A gene encodes a voltage-gated sodium channel primarily found in neurons, and mutations in this gene are predominantly associated with epilepsy and certain neurological disorders. However, research has suggested potential links between sodium channels and cancer biology. Alterations in ion channel function, including sodium channels, can influence cellular excitability, proliferation, and migration. In some cancers, aberrant expression or activity of sodium channels may modulate the tumor microenvironment, promote metastasis, or enhance the invasiveness of cancer cells by affecting cell signaling pathways. While direct associations between SCN1A mutations and cancer remain largely unexplored, the role of sodium channels in tumorigenesis highlights a potential avenue for further investigation into their contributions to cancer pathology.",0
P3H4,1314,0.5,0.0,0.0,0.375,0.0,1.0,0.125,0.0,1.0,0.0,0.6,0.8,1.0,1.0,0.8382229673093042,0.9861451325362774,1760409.0,175.0,0.03481408,2.262427928761893e-05,16.0,0.0,0.0,1.0,0.0,0.0,0.0,1.0,0.0,0.0,0.0,0.0,0.0,3.0,0.0,0.0,0.0,0.0,0.0,4.0,0.0,0.0,2.0,0.0,0.0,0.0,7.0,0.0,9.0,12.81714286,86.72203848,21.88701420269522,1.8204614569819408,0.2638164016874681,0.0370683991865753,190.13201675643327,-0.2623792743604192,0.0349935889004216,187.6534410532616,0.2724842722630945,0.0397860230283488,377.6466786355476,2.842285090327978,0.2097717354995392,0.111514500398345,0.0145173604745375,20.060674391099585,2.322449260305919,"The P3H4 gene, known to be involved in the post-translational modification of collagen, has been studied in the context of cancer due to its role in the extracellular matrix (ECM) remodeling. Dysregulation of ECM components can contribute to tumor progression, metastasis, and angiogenesis. Specifically, high expression of P3H4 may alter collagen stability and organization, potentially enhancing the invasiveness of cancer cells. Additionally, its association with hypoxia-inducible factors suggests a link to tumor microenvironment adaptations, influencing cell survival and proliferation under low oxygen conditions. These mechanisms highlight the potential of P3H4 as a player in the complex interactions between tumor cells and their microenvironment, linking it to cancer biology.",0
ALDH3A2,1527,0.25,0.0,0.0,0.75,0.0,1.0,0.0,0.0,1.0,0.0,1.5,1.5,1.0,1.0,0.8726003490401396,0.9915162463285756,544087.0,332.0,-0.002249642,4.588781805183183e-05,46.0,1.0,0.0,0.0,0.0,0.0,0.0,0.0,0.0,0.0,0.0,0.0,0.0,3.0,0.0,0.0,0.0,0.0,0.0,1.0,0.0,0.0,0.0,0.0,0.0,0.0,5.0,0.0,5.0,11.9722,42.1425652,26.08797449486369,0.6328437103157737,0.2885301851851851,0.0866062490803392,108.0,-0.2834167362924281,0.0203124957948177,383.0,0.2845414867617106,0.0347519281914584,491.0,3.65436097638048,0.009404704154597,0.0650177970638615,0.0133977856617372,18.83869688132774,2.274927800108112,"The ALDH3A2 gene encodes an enzyme involved in the oxidation of aldehydes and plays a role in cellular detoxification. Its link to cancer is of interest, as altered expression or mutations in ALDH enzymes, including ALDH3A2, can influence cancer cell metabolism, survival, and response to oxidative stress. For instance, dysregulated ALDH activity may affect the redox balance in cells, contributing to the tumor microenvironment and promoting resistance to oxidative damage. Moreover, variations in ALDH3A2 expression have been associated with changes in cell proliferation and differentiation, potentially impacting tumorigenesis. However, the precise mechanisms and pathways linking ALDH3A2 to specific cancer types remain to be clarified through further research.",0
LPIN1,2928,0.238095238095238,0.1428571428571428,0.0476190476190476,0.4285714285714285,0.0,1.0,0.1428571428571428,0.0,0.7869496022381767,0.0,1.5,2.6666666666666665,0.0470654680660799,1.0,0.7168458781362007,0.9554798675794473,219333.6,431.0,0.01878674,9.016324077251944e-06,6.0,0.0,0.0,0.0,0.0,0.0,0.0,2.0,1.0,0.0,0.0,0.0,0.0,9.0,1.0,0.0,0.0,0.0,0.0,5.0,3.0,0.0,2.0,0.0,1.0,0.0,18.0,0.0,20.0,22.24527778,278.8864317,23.04383299898874,1.263642149727437,0.2386070697674417,0.0172887570862334,215.0,-0.2385245833333332,0.0186786886730633,72.0,0.2385863763066198,0.0175733611161935,287.0,3.503871557277786,0.0090523331892108,0.0636796812805256,0.0094407434669246,24.38916164723925,1.1848357387181057,"Yes, there is evidence suggesting a relationship between the LPIN1 gene and cancer. LPIN1 encodes a protein involved in lipid metabolism and cellular energy homeostasis, processes that are often dysregulated in cancer. Alterations in LPIN1 expression may influence tumorigenesis by affecting lipid storage and release, which in turn can impact the availability of bioactive lipids that modulate cell signaling pathways associated with proliferation, survival, and metastasis. Additionally, LPIN1 has been implicated in regulating oxidative stress and inflammatory responses, both of which can contribute to a tumor-promoting environment. Thus, dysregulation of LPIN1 may facilitate cancer progression through its roles in metabolism and cellular signaling.",0
NEK4,2526,0.375,0.0,0.0,0.5,0.0,1.0,0.125,0.0,1.0,0.0,1.0,1.25,1.0,1.0,0.514668039114771,0.8565276224371091,1205825.0,272.0,0.04828101,2.093719988863812e-05,16.0,0.0,0.0,0.0,0.0,0.0,0.0,0.0,1.0,0.0,0.0,0.0,0.0,4.0,0.0,0.0,0.0,0.0,0.0,3.0,0.0,0.0,0.0,0.0,1.0,0.0,7.0,0.0,6.0,17.66385714,77.93345081,21.22595186634196,2.0061077357395973,0.2421261111111111,0.0322132297791277,108.0,-0.2804645138888891,0.0227541600661204,432.0,0.2727968333333333,0.0248253286773376,540.0,3.4612721471697783,0.0044452500008002,0.0415230407385581,0.0039794958725505,23.09709767293416,0.6148394088183519,"Yes, there is a relationship between the NEK4 gene and cancer. NEK4, a member of the NIMA-related kinase family, has been implicated in various cellular processes including cell cycle regulation, DNA repair, and mitosis. Dysregulation of NEK4 expression or activity may lead to genomic instability and altered cell proliferation, contributing to tumorigenesis. In certain cancers, altered NEK4 expression has been associated with changes in signaling pathways that govern cellular growth and survival, such as the mitogen-activated protein kinase (MAPK) pathway. Additionally, NEK4 has been shown to interact with key oncogenic factors, suggesting its potential role in mediating oncogenic processes and influencing cancer progression.",0
ERICH4,393,0.0,0.0,0.0,1.0,0.0,1.0,0.0,0.0,1.0,0.0,3.0,3.0,1.0,1.0,0.5793742757821553,0.8956005751223848,649122.9543319192,444.4009897808343,0.0198885680771551,0.0,0.0,0.0,0.0,0.0,0.0,0.0,0.0,0.0,0.0,0.0,0.0,0.0,0.0,3.0,0.0,0.0,0.0,0.0,0.0,0.0,0.0,0.0,0.0,0.0,0.0,0.0,3.0,0.0,3.0,19.13,24.8437,21.88701420269522,1.8204614569819408,0.2638164016874681,0.0370683991865753,190.13201675643327,-0.2623792743604192,0.0349935889004216,187.6534410532616,0.2724842722630945,0.0397860230283488,377.6466786355476,2.842285090327978,0.2097717354995392,0.111514500398345,0.0145173604745375,20.060674391099585,2.322449260305919,"The ERICH4 gene has been implicated in various studies investigating cancer biology, primarily through its role in regulating cellular processes such as apoptosis and the cell cycle. Alterations in the expression or function of ERICH4 may contribute to tumorigenesis by disrupting normal signaling pathways that control cell proliferation and survival. For instance, aberrant expression of ERICH4 could influence the activity of downstream effectors involved in oncogenic signaling, thereby promoting an environment conducive to cancerous growth. Additionally, ERICH4 may interact with proteins associated with DNA repair and genomic stability, which are crucial for maintaining cellular integrity and preventing malignant transformation. Overall, while the precise mechanisms linking ERICH4 to cancer remain to be fully elucidated, its involvement in key cellular functions positions it as a potentially relevant factor in cancer progression.",0
AKAP7,1047,0.1428571428571428,0.0,0.1428571428571428,0.5714285714285714,0.0,1.0,0.1428571428571428,0.0,0.8982265179691364,0.0,2.0,3.0,0.2794076557697681,1.0,0.7524454477050414,0.9664610833191184,165729.7,682.0,0.01469897,3.880466340490455e-06,9.0,2.0,0.0,0.0,0.0,0.0,0.0,1.0,0.0,0.0,0.0,0.0,1.0,4.0,0.0,0.0,0.0,0.0,0.0,1.0,1.0,0.0,1.0,0.0,0.0,0.0,9.0,0.0,10.0,17.34444444,49.74962778,22.37138490871734,1.8365342857869813,0.2454645283018867,0.0237523415031087,106.0,-0.2678024626865672,0.0220528196313656,268.0,0.2614713903743313,0.0225737267674986,374.0,3.1751749300805168,0.0201073587418814,0.0343666891672716,0.0072051436904054,19.732654614352025,4.588683636464695,"The AKAP7 gene, which encodes a member of the A-kinase anchoring proteins, has been implicated in various cellular processes that could relate to cancer progression. AKAP7 can modulate the localization and activity of protein kinase A (PKA) and other signaling molecules by anchoring them to specific cellular compartments. This spatial organization of signaling pathways can influence cell growth, differentiation, and apoptosis. Dysregulation of AKAP7, whether through genetic alterations or aberrant expression, may impact these pathways in a manner conducive to cancer development, such as promoting cell proliferation or enhancing survival under stress conditions. Additionally, evidence suggests that AKAP7 may interact with oncogenic signaling pathways, potentially affecting tumor cell behavior and metastasis. However, the specific contributions of AKAP7 to cancer biology and the mechanisms involved remain an area of ongoing investigation.",0
HSPB11,435,0.0,0.0,0.0,1.0,0.0,1.0,0.0,0.0,1.0,0.0,1.0,1.0,1.0,1.0,0.1940240589833139,0.5121794940299135,467936.2,174.0,0.02749323,8.31125447394148e-08,2.0,0.0,0.0,0.0,0.0,0.0,0.0,0.0,0.0,0.0,0.0,0.0,0.0,1.0,0.0,0.0,0.0,0.0,0.0,0.0,0.0,0.0,0.0,0.0,0.0,0.0,1.0,0.0,1.0,22.6,0.0,23.34491532154729,1.2208277530386131,0.2278632727272725,0.0160977983029524,110.0,-0.2363293650793652,0.0177337996878925,189.0,0.2332147491638793,0.0170926108277053,299.0,3.3021803003497685,0.0070101229659059,0.0588456096275494,0.0095291956113533,20.060674391099585,2.322449260305919,"The HSPB11 gene, encoding a small heat shock protein, has been implicated in various cellular processes, including protein homeostasis, cytoskeletal organization, and response to stress. Its potential relationship with cancer may be linked to its role in cellular stress responses and apoptosis regulation. Aberrant expression of HSPB11 could influence tumorigenesis by modulating oncogenic signaling pathways and protecting cells from stress-induced apoptosis, thereby promoting cell survival in adverse conditions commonly found in the tumor microenvironment. Additionally, HSPB11 may interact with other proteins involved in cell cycle regulation and metastasis, potentially contributing to cancer progression. However, the precise mechanisms and the extent of HSPB11's involvement in cancer are still under investigation.",0
WDR12,1272,0.3333333333333333,0.0,0.0,0.6666666666666666,0.0,1.0,0.0,0.0,1.0,0.0,1.3333333333333333,1.3333333333333333,1.0,1.0,0.9633911368015414,0.9993215652636772,596746.4,392.0,0.03067166,0.0001089435872924,60.0,0.0,0.0,0.0,0.0,0.0,0.0,0.0,0.0,0.0,0.0,0.0,0.0,4.0,0.0,0.0,0.0,0.0,0.0,2.0,0.0,0.0,0.0,0.0,0.0,0.0,6.0,0.0,6.0,14.57066667,28.77419467,24.618298499626693,0.2237840626356488,0.2275207185628741,0.0303587930308058,167.0,-0.2436249019607843,0.0196918874866239,102.0,0.2336271375464683,0.0262868017690146,269.0,3.484369955833252,0.0044476145104182,0.0435453719901101,0.0103197486663631,18.88055946803802,2.1278814713604786,"The WDR12 gene encodes a protein that is part of the WD-repeat protein family, which is involved in various cellular processes, including the regulation of gene expression and ribosome biogenesis. Aberrant expression or mutation of WDR12 has been implicated in certain cancer types. Potential mechanisms include its role in the regulation of spliceosomal complexes, which may lead to alterations in mRNA splicing that contribute to oncogenesis. Additionally, WDR12 is thought to be involved in the modulation of cell cycle progression and apoptosis, processes commonly dysregulated in cancer. These disruptions may foster an environment conducive to tumorigenesis, highlighting the gene's possible relevance in cancer biology. Further research is needed to elucidate the full spectrum of its involvement in oncogenic pathways.",0
TRIM25,1893,0.2857142857142857,0.0,0.0,0.5714285714285714,0.0,1.0,0.0,0.1428571428571428,1.0,0.0,1.3333333333333333,1.6666666666666667,1.0,1.0,0.7668711656441718,0.9704267358163046,320338.8,324.0,-0.03790918,0.0001713056774321,78.0,1.0,0.0,0.0,0.0,0.0,0.0,0.0,0.0,0.0,1.0,0.0,0.0,4.0,0.0,0.0,0.0,0.0,0.0,2.0,0.0,0.0,2.0,0.0,0.0,0.0,6.0,0.0,7.0,12.91533333,66.11128627,26.78777910747925,0.2099554212898442,0.2682892857142859,0.0302356247582318,224.0,-0.2252514788732394,0.0109368435375137,142.0,0.2515915573770494,0.0231386662679789,366.0,3.5974739369082025,0.0038656327360721,0.0456468911500412,0.0142704984562723,26.01593641223216,0.4466152185241215,"The TRIM25 gene encodes a E3 ubiquitin ligase that is involved in various cellular processes, including antiviral responses and regulation of immune functions. Recent studies have indicated a potential relationship between TRIM25 and cancer, particularly through its role in modulating signal transduction pathways that affect cell proliferation and apoptosis. For instance, TRIM25 can influence the stability of key oncogenic proteins, such as transforming growth factor-beta (TGF-β) signaling components, thereby impacting tumor progression. Additionally, its involvement in post-translational modifications can affect the immune microenvironment, potentially enabling tumor cells to escape immune surveillance. Alterations in TRIM25 expression or activity may thus contribute to cancer development and progression through mechanisms related to cell growth regulation and immune evasion.",0
LAMB2,5397,0.2222222222222222,0.0555555555555555,0.0277777777777777,0.6388888888888888,0.0,1.0,0.0555555555555555,0.0,0.9268760052362678,0.0,2.555555555555556,3.111111111111111,0.4616805170821791,1.0,0.3632401017072285,0.7310901656957756,1898051.0,203.0,0.03588014,2.702951275960558e-05,17.0,0.0,0.0,0.0,0.0,0.0,0.0,1.0,1.0,0.0,0.0,0.0,0.0,22.0,2.0,0.0,0.0,0.0,0.0,8.0,2.0,0.0,1.0,0.0,1.0,0.0,34.0,0.0,33.0,20.96602941,101.2978928,26.56001086131433,0.5597427986280136,0.2213656603773585,0.0187323388171787,106.0,-0.2794263170163172,0.0220803432555628,429.0,0.2679227102803738,0.0219172557591199,535.0,3.7295055679869336,0.0178151867481263,0.111514500398345,0.0145173604745375,19.29292657819064,2.8375245901663915,"Yes, there is evidence suggesting a relationship between the LAMB2 gene and cancer. LAMB2 encodes a component of laminin, a protein that plays a critical role in the extracellular matrix and cellular adhesion. Dysregulation or mutations in LAMB2 can lead to alterations in the tumor microenvironment, affecting cell proliferation, migration, and invasion. Furthermore, LAMB2 may influence signaling pathways associated with tumor growth and metastasis, such as those involving integrins and growth factor receptors. Given its role in maintaining tissue architecture and facilitating cellular interactions, abnormal expression of LAMB2 could contribute to tumorigenesis and the progression of various cancers.",0
VNN3,1503,0.3,0.1,0.0,0.6,0.0,1.0,0.0,0.0,0.9397940008672035,0.0,1.5,1.75,0.5434782608695652,1.0,0.8183306055646481,0.982396776390674,649122.9543319192,444.4009897808343,0.0198885680771551,0.0,0.0,5.0,0.0,0.0,0.0,0.0,0.0,0.0,0.0,0.0,0.0,0.0,4.0,6.0,1.0,0.0,0.0,0.0,0.0,3.0,0.0,0.0,0.0,0.0,0.0,0.0,18.0,1.0,16.0,15.5315,68.08892768,21.88701420269522,1.8204614569819408,0.2429834615384614,0.0236856989277072,104.0,-0.2717132835820895,0.0225032683876795,268.0,0.2636812903225806,0.0229375814624815,372.0,2.451949838762276,0.3963954380814621,0.111514500398345,0.0145173604745375,20.060674391099585,2.322449260305919,"The VNN3 gene, which encodes for vanin-3, has been implicated in various biological processes, including oxidative stress response and inflammation. Research suggests that vanin-3 may play a role in tumorigenesis by modulating the tumor microenvironment and influencing immune responses. By regulating the levels of reactive oxygen species (ROS) and promoting inflammatory pathways, VNN3 could contribute to cancer cell survival, proliferation, and metastasis. Additionally, its involvement in the metabolism of pyridoxal may affect cellular signaling pathways pertinent to cancer development. While the direct relationship between VNN3 and specific cancer types is still being explored, the gene's functional roles indicate potential pathways through which it may influence cancer biology.",0
GAL,372,0.0,0.0,0.0,1.0,0.0,1.0,0.0,0.0,1.0,0.0,3.0,3.0,1.0,1.0,0.1578033769922676,0.4491723955091338,780720.3,354.0,0.04883713,8.28025547930507e-06,4.0,0.0,0.0,0.0,0.0,0.0,0.0,0.0,0.0,0.0,0.0,0.0,0.0,3.0,0.0,0.0,0.0,0.0,0.0,0.0,0.0,0.0,0.0,0.0,0.0,0.0,3.0,0.0,3.0,14.789,56.763453,21.189782988694333,0.5392481484431213,0.3313927477477476,0.1555032667883434,222.0,-0.2259791011235955,0.0162600685855464,89.0,0.3012261414790995,0.1177518121734508,311.0,1.9014053543731693,0.9155184841513604,0.1598710720906047,0.0243611086738391,20.3611586855862,7.060997082047415,"The GAL gene, which encodes the neuropeptide galanin, has been implicated in various cancer types through mechanisms related to cellular proliferation, apoptosis, and tumor microenvironment modulation. Galanin can influence cancer cell behavior by interacting with its receptors, which are expressed in many tumor cells. This interaction may promote angiogenesis, enhance survival of malignant cells by inhibiting apoptosis, and modulate immune responses within the tumor microenvironment. Additionally, galanin has been shown to play a role in neuroendocrine tumors, where it may contribute to the dysregulation of hormonal signaling pathways, thus fostering tumor growth and metastasis. Overall, these mechanisms suggest that galanin signaling can significantly impact tumor biology and progression.",0
PRODH2,1611,0.3461538461538461,0.0769230769230769,0.0,0.5769230769230769,0.0,1.0,0.0,0.0,0.9836349189574336,0.0,1.5,1.7,0.7342143906020558,1.0,0.6480881399870383,0.9291824843687776,1105613.0,321.0,0.03834466,0.0,0.0,0.0,0.0,0.0,0.0,0.0,0.0,0.0,0.0,0.0,0.0,0.0,0.0,13.0,2.0,0.0,0.0,0.0,0.0,9.0,1.0,0.0,0.0,0.0,0.0,0.0,25.0,0.0,24.0,16.2976,111.7517878,25.628586397274937,0.4112079551767643,0.3285195871559633,0.0710485527459117,218.0,-0.331256050955414,0.0663554414663563,157.0,0.3296652533333331,0.0689028563121682,375.0,0.4690045088193262,1.0419995366412016,0.111514500398345,0.0145173604745375,20.686048409281977,1.7771815534076758,"The PRODH2 gene encodes for proline dehydrogenase 2, which is involved in proline metabolism. Aberrations in proline metabolism have been associated with various cancer types, as proline can influence cellular functions such as growth, apoptosis, and survival. Altered expression or activity of PRODH2 may impact the balance of reactive oxygen species and metabolic pathways, potentially leading to enhanced tumorigenicity and metastasis. Additionally, proline metabolism is implicated in the regulation of the tumor microenvironment and immune responses, which can further modulate cancer progression. Further research is necessary to elucidate the precise relationship between PRODH2 and specific cancer pathways.",0
DEFB129,552,0.3333333333333333,0.1666666666666666,0.0,0.5,0.0,1.0,0.0,0.0,1.0,0.0,1.0,1.3333333333333333,0.4401408450704225,1.0,0.3252032520325203,0.6905056589458476,1010597.0,348.0,0.02366271,0.0,0.0,0.0,0.0,0.0,0.0,0.0,0.0,0.0,0.0,0.0,0.0,0.0,0.0,3.0,1.0,0.0,0.0,0.0,0.0,1.0,0.0,0.0,0.0,0.0,0.0,0.0,5.0,0.0,5.0,13.6714,143.1268338,21.88701420269522,1.8204614569819408,0.3058845084745761,0.0404759793357269,295.0,-0.265154087591241,0.0309815446831687,137.0,0.292967685185185,0.0377462407380166,432.0,0.0111852183554654,0.0130567609095802,0.111514500398345,0.0145173604745375,20.060674391099585,2.322449260305919,"The DEFB129 gene encodes a defensin, which is part of the innate immune response and plays a role in host defense against pathogens. Emerging evidence suggests that defensins, including DEFB129, may influence tumor biology through various mechanisms such as modulating inflammation, affecting cell proliferation, and interacting with immune cells. The expression of defensins can be altered in various cancers, potentially impacting tumor microenvironment dynamics and facilitating or inhibiting tumor progression. Specifically, the antimicrobial properties of defensins might also attract immune cells, thereby shaping the antitumor immune response. However, the exact relationship between DEFB129 and specific cancer types remains under investigation, and further research is needed to elucidate these complex interactions.",0
DMRTA1,1515,0.25,0.125,0.0,0.5625,0.0,1.0,0.0625,0.0,0.8944548827786958,0.0,1.8,2.4,0.3702332469455757,1.0,0.8431703204047217,0.9870036261176508,160489.1,448.0,-0.02608304,3.237546470572236e-07,3.0,0.0,0.0,0.0,0.0,0.0,0.0,0.0,1.0,0.0,0.0,0.0,0.0,9.0,2.0,0.0,0.0,0.0,0.0,4.0,0.0,0.0,0.0,0.0,1.0,0.0,15.0,0.0,14.0,16.27266667,135.199768,22.95133402499789,12.757974310602131,0.2544374820143886,0.026276830261005,139.0,-0.5021672592592595,0.4775294854654893,405.0,0.4388686580882351,0.3736627970407377,544.0,2.658818952315186,0.5198038006673462,0.111514500398345,0.0145173604745375,14.691226413437604,2.89720249196968,"Research into the DMRTA1 gene suggests a potential relationship with cancer, particularly through its involvement in regulating gene expression and cellular differentiation. DMRTA1 is known to play a role in the spermatogenesis process and may influence cellular stress responses. Aberrant expression or mutations in the DMRTA1 gene could disrupt normal cellular functions and contribute to oncogenic processes by altering pathways involved in cell cycle regulation, apoptosis, and differentiation. Moreover, its interactions with other transcription factors may further modulate signaling pathways critical for tumor development and progression, although the precise mechanisms require further investigation to elucidate the gene's role across various cancer types.",0
UHRF1BP1L,4395,0.1875,0.0208333333333333,0.0416666666666666,0.7083333333333334,0.0,1.0,0.0208333333333333,0.0208333333333333,0.9626974517185328,0.0,3.4,3.9,0.547945205479452,1.0,0.8680555555555556,0.9908850366959197,184819.7,559.0,0.00660891,9.28594724360296e-06,6.0,0.0,0.0,0.0,0.0,0.0,0.0,1.0,0.0,0.0,1.0,0.0,0.0,34.0,1.0,0.0,0.0,0.0,0.0,9.0,2.0,0.0,2.0,0.0,0.0,0.0,46.0,0.0,42.0,18.8525,62.87734772,23.11268444996483,1.0141332270433652,0.2212575182481752,0.0120844947261485,137.0,-0.2166331205673758,0.0145634513659067,141.0,0.2189120503597121,0.0132991351174415,278.0,3.500559516556753,0.0062129515528557,0.0446047749332118,0.0098546863765245,25.269703781100464,0.7870994414783867,"The UHRF1BP1L gene has been implicated in various cellular processes, and its expression levels have been associated with cancer progression. Potential mechanisms include its role in the regulation of epigenetic modification and DNA repair pathways, which are critical for maintaining genomic stability. UHRF1BP1L may interact with UHRF1, a protein known for its involvement in the recognition of hemi-methylated DNA and the maintenance of DNA methylation patterns. Alterations in such pathways can lead to aberrant gene expression and contribute to tumorigenesis. Additionally, UHRF1BP1L may influence cell proliferation and apoptosis, further linking it to cancer pathology. However, the precise relationship and mechanisms by which UHRF1BP1L contributes to cancer development are still under investigation.",0
CD96,1758,0.3333333333333333,0.0,0.0,0.6190476190476191,0.0,1.0,0.0476190476190476,0.0,0.9783171191717188,0.0,1.625,1.75,1.0,1.0,0.7993605115907274,0.9783718876776772,186134.1,406.0,-0.01604563,7.69748886917401e-06,12.0,0.0,0.0,0.0,0.0,0.0,0.0,1.0,0.0,0.0,0.0,0.0,0.0,11.0,0.0,0.0,0.0,0.0,0.0,7.0,2.0,0.0,1.0,0.0,0.0,0.0,20.0,0.0,17.0,14.713,83.45518842,21.88701420269522,1.8204614569819408,0.2577636619718308,0.0297591256317722,284.0,-0.2664001769911505,0.0218990295838969,113.0,0.2602219143576825,0.0274761449382451,397.0,3.2144290653284338,0.0408523487886644,0.111514500398345,0.0145173604745375,20.060674391099585,2.322449260305919,"Yes, there is a relationship between the CD96 gene and cancer. CD96, a member of the immunoglobulin superfamily, is involved in immune regulation and cellular adhesion. It is expressed on various immune cells, including natural killer (NK) cells and T cells. Dysregulation of CD96 has been implicated in tumor immunity, where it may serve as an inhibitory receptor, dampening anti-tumor immune responses and promoting tumor immune evasion. Tumors can exploit this pathway to avoid detection and destruction by the immune system. Additionally, high CD96 expression has been associated with poor prognosis in certain cancers, suggesting a role in tumor progression and metastasis. Overall, CD96 modulates the balance between immune activation and suppression in the tumor microenvironment, influencing cancer development and therapy outcomes.",0
SPZ1,1293,0.05,0.15,0.0,0.75,0.0,1.0,0.05,0.0,0.9074487147360965,0.0,7.5,9.5,0.7633587786259542,1.0,0.6896551724137931,0.9459059009879194,316791.9,617.0,0.03355362,2.904902320285441e-05,10.0,0.0,0.0,0.0,0.0,0.0,0.0,1.0,0.0,0.0,0.0,0.0,0.0,15.0,3.0,0.0,0.0,0.0,0.0,1.0,0.0,0.0,1.0,0.0,0.0,0.0,19.0,0.0,14.0,12.58405263,129.2502877,21.88701420269522,1.8204614569819408,0.2309076724137931,0.0114251833519265,116.0,-0.267764109589041,0.0194279387473144,292.0,0.2572853186274512,0.0173960684126746,408.0,0.4575732657781574,0.5241083865232008,0.111514500398345,0.0145173604745375,20.060674391099585,2.322449260305919,"The SPZ1 gene, while historically studied for its role in developmental processes, has not been definitively linked to cancer in the literature. However, some studies suggest that genes involved in similar pathways could influence tumor progression and metastasis through mechanisms such as the regulation of cell proliferation, differentiation, and apoptosis. If SPZ1 were to be implicated in cancer, potential mechanisms might include aberrant expression leading to dysregulation of these cellular processes, or interaction with transcriptional networks that govern tumor microenvironment dynamics. Nonetheless, as it stands, the relationship between SPZ1 and cancer remains currently unknown.",0
PLP1,834,0.1,0.0,0.0,0.9,0.0,1.0,0.0,0.0,0.9397940008672035,0.0,4.5,4.5,1.0,1.0,0.0526454330086864,0.2076428421500178,472102.8,444.4009897808343,0.02633117,5.9247556094720665e-06,6.0,0.0,0.0,0.0,0.0,0.0,0.0,0.0,0.0,0.0,0.0,0.0,0.0,9.0,0.0,0.0,0.0,0.0,0.0,1.0,0.0,0.0,0.0,0.0,0.0,0.0,10.0,0.0,9.0,25.151,34.31867667,22.97306589142851,25.48961742385748,0.2293637068965515,0.0187067321435307,116.0,-0.2780847058823529,0.0255839006725822,119.0,0.2540351914893617,0.0226906355703691,235.0,2.359245165075014,0.6465728218316793,0.111514500398345,0.0145173604745375,23.795103825894607,1.3687908695903797,"The PLP1 gene, which encodes the peripheral myelin protein 22 (PMP-22), is primarily associated with myelination in the nervous system and is known for its role in peripheral nerve function. While direct associations between PLP1 and cancer are not well characterized, there are emerging studies suggesting that altered expression of myelin-related proteins may influence tumor microenvironments and neuroinflammatory responses, potentially affecting cancer progression and metastasis. Additionally, since PLP1 is involved in important cellular processes such as cell adhesion and signaling, its dysregulation could indirectly impact pathways related to cell proliferation and survival, which are critical in cancer biology. Thus, while a direct relationship is not clearly established, the gene could have indirect implications in cancer biology through its broader effects on cellular dynamics and the tumor environment.",0
IQCJ,480,0.0,0.0,0.0,1.0,0.0,1.0,0.0,0.0,1.0,0.0,3.0,3.0,1.0,1.0,0.5211047420531527,0.8607630104354158,170382.2,930.0,-0.01131274,0.0,0.0,0.0,0.0,0.0,0.0,0.0,0.0,0.0,0.0,0.0,0.0,0.0,0.0,3.0,0.0,0.0,0.0,0.0,0.0,0.0,0.0,0.0,0.0,0.0,0.0,0.0,3.0,0.0,3.0,7.381,31.872891,21.88701420269522,1.8204614569819408,0.3560516939890714,0.0624118330195882,362.0,-0.246645873015873,0.0203081384214029,63.0,0.3399851048951051,0.0576700245741128,425.0,1.1105636208429264,0.8321355546169823,0.111514500398345,0.0145173604745375,20.060674391099585,2.322449260305919,"The IQCJ gene has been implicated in various cellular processes, including cell cycle regulation and apoptosis, which are critical in cancer development and progression. Variations or mutations in the IQCJ gene may affect these processes, potentially leading to uncontrolled cell proliferation and evasion of programmed cell death, hallmarks of cancer. Moreover, the gene's involvement in pathways associated with chromatin remodeling and gene expression regulation could influence tumorigenesis by altering the expression of oncogenes or tumor suppressor genes. Further research is needed to elucidate specific mechanisms linking IQCJ dysregulation to cancer phenotypes and outcomes.",0
SLC44A3,1962,0.1428571428571428,0.0,0.0,0.7142857142857143,0.0,1.0,0.1428571428571428,0.0,1.0,0.0,2.5,3.0,1.0,1.0,0.0290537203288881,0.1318634689411405,329969.9,274.0,-0.01283323,0.0,1.0,0.0,0.0,0.0,0.0,0.0,0.0,0.0,1.0,0.0,0.0,0.0,3.0,4.0,0.0,0.0,0.0,0.0,0.0,1.0,0.0,0.0,0.0,0.0,1.0,0.0,8.0,0.0,8.0,12.679125,118.159119,20.3074317218204,2.1423001111721507,0.211769203539823,0.0153547042198957,113.0,-0.2338156164383563,0.0137274418155586,219.0,0.2263118674698794,0.0143460378315473,332.0,3.252246596554784,0.0470329447431701,0.0695584742914203,0.0056094532704873,21.242130473679325,5.119145800694295,"The SLC44A3 gene encodes a solute carrier protein that is involved in choline transport and may play a role in cellular metabolism. Emerging evidence suggests a potential relationship between SLC44A3 expression and cancer progression, as its dysregulation can influence cellular proliferation, apoptosis, and migration. Altered choline metabolism is a hallmark of cancer, and overexpression of SLC44A3 might contribute to an increased availability of choline, thereby supporting the biosynthesis of phospholipids that are essential for rapidly dividing tumor cells. Additionally, aberrant SLC44A3 activity could influence cellular responses to stress, promote inflammation, and modulate tumor microenvironment interactions, all of which may facilitate tumorigenesis and metastasis. However, further studies are necessary to clarify the mechanisms underlying its potential role in cancer biology.",0
DCAF10,1680,0.1,0.1,0.0,0.7,0.0,1.0,0.0,0.1,1.0,0.0,3.5,4.5,0.4045307443365696,1.0,0.042331625957753,0.1761935746396149,477149.1,524.0,0.03498317,9.550750473998966e-06,16.0,0.0,0.0,0.0,0.0,0.0,0.0,0.0,0.0,0.0,0.0,0.0,0.0,8.0,1.0,0.0,0.0,0.0,0.0,1.0,0.0,0.0,0.0,1.0,0.0,0.0,9.0,0.0,10.0,23.75988889,96.61770011,21.25842868489252,1.2512090846822612,0.2740072527472527,0.0424740164697589,180.0,-0.2655348494983278,0.0276503137129806,299.0,0.2687406237006237,0.0331993989383601,478.0,3.5342405817459026,0.0044913516820366,0.0451979473905015,0.0076035035099676,22.53004452831058,0.4207338859286194,"The DCAF10 gene, which encodes a substrate receptor for the CUL4–DDB1 E3 ubiquitin ligase complex, has been implicated in the regulation of various cellular processes, including DNA damage response and chromatin remodeling. Dysregulation of DCAF10 can lead to aberrant protein degradation, potentially affecting the stability of key oncogenic or tumor suppressor proteins. For instance, altered expression of DCAF10 has been associated with changes in cell cycle progression and apoptosis, both of which are critical in tumorigenesis. Additionally, DCAF10’s role in the cellular response to DNA damage suggests that it may influence genomic stability, a crucial factor in cancer development. Therefore, while directly linking DCAF10 to specific cancer types requires further investigation, its mechanistic involvement in fundamental cellular pathways suggests a potential relevance to cancer pathogenesis.",0
DMXL1,9084,0.1833333333333333,0.0666666666666666,0.05,0.6666666666666666,0.0,1.0,0.0,0.0333333333333333,0.9389089626091376,0.0,3.333333333333333,4.083333333333333,0.2905287623474724,1.0,0.757002271006813,0.9677433955641092,305799.9,381.0,0.02791823,4.3667854061062095e-06,4.0,0.0,0.0,0.0,0.0,0.0,0.0,0.0,0.0,0.0,2.0,0.0,0.0,40.0,4.0,0.0,0.0,0.0,0.0,11.0,3.0,0.0,2.0,0.0,0.0,0.0,58.0,0.0,41.0,22.30567241,90.14447735,23.3852311833766,1.1473415295828011,0.2687983443708607,0.0167013832365739,151.0,-0.266054,0.0206269800548031,255.0,0.2670746798029558,0.0191238881459466,406.0,3.6586648105952575,0.01104021474816,0.0497914520303557,0.0138347942913684,25.375785225886787,1.3435314003787353,"The DMXL1 gene, also known as Dmx-like 1, has been implicated in various cellular processes, including gene regulation and chromatin remodeling, which could influence oncogenic pathways. Alterations in DMXL1 expression have been observed in certain cancer types, suggesting a potential role in tumorigenesis. Mechanistically, dysregulation of DMXL1 may affect downstream signaling pathways, impacting cell proliferation, apoptosis, and differentiation. Additionally, its involvement in interacting with other proteins and transcriptional co-regulators might further modulate gene expression profiles linked to cancer development and progression, thereby contributing to the cancer phenotype. However, the specific mechanisms by which DMXL1 influences cancer remain to be fully elucidated.",0
C9ORF92,327,0.0,0.0,0.0,1.0,0.0,1.0,0.0,0.0,1.0,0.0,1.0,1.0,1.0,1.0,0.4249893752656184,0.7886490054165853,649122.9543319192,444.4009897808343,0.0198885680771551,0.0,0.0,0.0,0.0,0.0,0.0,0.0,0.0,0.0,0.0,0.0,0.0,0.0,0.0,1.0,0.0,0.0,0.0,0.0,0.0,0.0,0.0,0.0,0.0,0.0,0.0,0.0,1.0,0.0,1.0,14.98,0.0,21.88701420269522,1.8204614569819408,0.2638164016874681,0.0370683991865753,190.13201675643327,-0.2623792743604192,0.0349935889004216,187.6534410532616,0.2724842722630945,0.0397860230283488,377.6466786355476,0.2322374883740425,0.2658080209771695,0.111514500398345,0.0145173604745375,20.060674391099585,2.322449260305919,"Yes, there is a relationship between the C9ORF92 gene and cancer, particularly in the context of glioblastoma and other malignancies. The C9ORF92 gene has been implicated in various cellular processes that can affect tumorigenesis, including regulation of cell growth, apoptosis, and DNA repair mechanisms. Aberrations in C9ORF92 expression or function may lead to genomic instability, enabling uncontrolled cell proliferation and tumor development. Additionally, its involvement in pathways related to cell signaling and metabolic regulation could contribute to the altered tumor microenvironment, influencing cancer progression and response to therapy. Further studies are required to elucidate the full scope of its role in cancer biology.",0
SCYL2,2790,0.1666666666666666,0.1111111111111111,0.0555555555555555,0.5555555555555556,0.0,1.0,0.1111111111111111,0.0,0.8453257489920054,0.0,2.5,3.75,0.1457725947521866,1.0,0.8237232289950577,0.983460208103218,184701.1,578.0,0.003136071,3.806692883293927e-05,22.0,0.0,0.0,0.0,0.0,0.0,0.0,2.0,0.0,0.0,0.0,0.0,0.0,11.0,2.0,0.0,0.0,0.0,0.0,3.0,1.0,0.0,2.0,1.0,0.0,0.0,16.0,0.0,18.0,24.1058125,184.5109456,25.14331587296665,0.6431451084581605,0.2205914492753624,0.0120575101424098,138.0,-0.218885704225352,0.0151806913821246,142.0,0.2197263928571428,0.0135934050267268,280.0,3.642380514941953,0.0033270733668133,0.0584480903967891,0.0138556006578114,23.9817007904232,0.6607766268845212,"The SCYL2 gene encodes a protein involved in various cellular processes including vesicle transport and cellular signaling. Alterations in SCYL2 expression or function have been implicated in cancer, possibly through mechanisms such as disruption of intracellular trafficking, which can affect the distribution and degradation of oncogenic proteins. Additionally, SCYL2 may influence apoptosis and cell proliferation pathways, impacting tumor growth and survival. Aberrations in these processes could contribute to malignant transformation and tumor progression, although the specific relationships between SCYL2 and distinct cancer types remain an area of ongoing research.",0
NR2F6,1215,0.0833333333333333,0.0,0.0,0.9166666666666666,0.0,1.0,0.0,0.0,0.953509509058145,0.0,5.5,5.5,1.0,1.0,0.029984108422536,0.1351410079733617,865137.5,212.0,0.03834604,2.746309098253417e-05,15.0,0.0,0.0,0.0,0.0,0.0,0.0,0.0,0.0,0.0,0.0,0.0,0.0,10.0,0.0,0.0,0.0,0.0,0.0,0.0,1.0,0.0,0.0,0.0,0.0,0.0,11.0,0.0,10.0,24.82790909,82.05742809,21.87167750668004,1.5057459411110503,0.3155789940828403,0.0419470417150535,169.0,-0.2193810144927535,0.0134170815402279,207.0,0.2626189361702126,0.0284587140047318,376.0,3.4559660899527955,0.014414921054821,0.0451703392961065,0.0069980995483138,21.86958738808996,1.6287163550992068,"Yes, there is a relationship between the NR2F6 gene and cancer. NR2F6, a member of the nuclear receptor superfamily, is involved in regulating various biological processes, including cell differentiation, proliferation, and apoptosis. Dysregulation of NR2F6 expression has been implicated in tumorigenesis, as it can influence signaling pathways such as the Wnt/β-catenin and TGF-β pathways, both of which are crucial for cancer development and progression. Additionally, NR2F6 may modulate immune responses and affect tumor microenvironment interactions. Its aberrant expression has been observed in several malignancies, suggesting a potential role in promoting malignancy and supporting tumor cell survival.",0
SOX30,2262,0.2272727272727272,0.0909090909090909,0.0,0.6818181818181818,0.0,1.0,0.0,0.0,0.9592283955968044,0.0,2.5,2.833333333333333,0.6501950585175552,1.0,0.1760563380281689,0.4818576113966655,260667.2,1079.0,0.04111879,6.64380513332506e-05,16.0,0.0,0.0,0.0,0.0,0.0,0.0,0.0,0.0,0.0,0.0,0.0,0.0,14.0,2.0,0.0,0.0,0.0,0.0,5.0,0.0,0.0,0.0,0.0,0.0,0.0,21.0,0.0,17.0,20.43471429,111.699839,21.88701420269522,1.8204614569819408,0.2763513903743315,0.0156297970873037,187.0,-0.2441795022624434,0.0149424313492965,221.0,0.2589249509803922,0.0154774376112998,408.0,2.004050557220033,0.3751461266595438,0.8204494053792466,0.0298146159442539,20.060674391099585,2.322449260305919,"The SOX30 gene, part of the SOX family of transcription factors, plays a role in the regulation of gene expression during development and cellular differentiation. Its potential relationship with cancer may stem from its involvement in various cellular processes, including apoptosis, cell cycle regulation, and stem cell maintenance. Abnormal expression of SOX30 or dysregulation of its regulatory pathways could lead to malignant transformation, as altered Sox factors have been implicated in oncogenesis through mechanisms such as the modification of downstream target genes that control cellular proliferation and differentiation. Additionally, SOX30's interactions with signaling pathways and its potential influence on the tumor microenvironment further warrant investigation into its role in cancer biology.",0
HTR6,1323,0.1875,0.0,0.0,0.8125,0.0,1.0,0.0,0.0,1.0,0.0,3.25,3.25,1.0,1.0,0.0229084578026207,0.1094165009679016,776287.4,266.0,0.03150374,7.473834349422238e-06,26.0,0.0,0.0,0.0,0.0,0.0,0.0,0.0,0.0,0.0,0.0,0.0,0.0,13.0,0.0,0.0,0.0,0.0,0.0,3.0,0.0,0.0,0.0,0.0,0.0,0.0,16.0,0.0,15.0,20.1495,108.9290815,21.88701420269522,1.8204614569819408,0.2088142696629213,0.0139277330020173,89.0,-0.2582606060606058,0.0179103240939278,264.0,0.2457939660056657,0.0173261169768397,353.0,1.9094549995419223,0.5406506021471212,0.1701570597044179,0.0313031642022205,20.060674391099585,2.322449260305919,"The HTR6 gene encodes the 5-hydroxytryptamine (serotonin) receptor 6, which plays a role in various neurological processes. Emerging evidence suggests potential links between serotonin signaling and cancer biology, particularly in the modulation of the tumor microenvironment and cancer cell proliferation. Serotonin can influence cell migration, apoptosis, and angiogenesis, which are critical processes in tumor development and progression. Additionally, alterations in the expression of serotonin receptors, including HTR6, have been observed in certain tumor types, indicating a possible role in cancer pathophysiology. However, the specific mechanisms by which HTR6 might contribute to cancer development or progression remain to be elucidated and warrant further investigation.",0
ASB11,972,0.2,0.2,0.0,0.5,0.0,1.0,0.1,0.0,0.8568636235841013,0.0,1.6666666666666667,2.6666666666666665,0.5050505050505051,1.0,0.6459948320413437,0.9282711725888472,201762.9,444.4009897808343,0.04314788,3.1762034376947087e-06,14.0,0.0,0.0,0.0,0.0,0.0,0.0,1.0,0.0,0.0,0.0,0.0,0.0,5.0,2.0,0.0,0.0,0.0,0.0,2.0,0.0,0.0,1.0,0.0,0.0,0.0,9.0,0.0,9.0,20.90088889,142.2924934,21.88701420269522,1.8204614569819408,0.2376354878048779,0.0384413305954381,82.0,-0.2913613756613755,0.0448745123278847,189.0,0.2751048339483394,0.0433897339065463,271.0,1.8949745324019167,1.2062745625897169,0.111514500398345,0.0145173604745375,20.060674391099585,2.322449260305919,"The ASB11 gene, part of the ankyrin repeat and SOCS box-containing protein family, may have potential links to cancer through its role in regulating protein interactions and ubiquitination pathways. Mechanistically, ASB11 is thought to participate in the degradation of specific proteins that are involved in cell signaling, proliferation, and apoptosis, processes that are often dysregulated in cancer. By modulating the fate of oncogenic or tumor suppressor proteins, ASB11 could influence tumorigenesis and the progression of various cancers. Furthermore, variations in its expression levels may impact the cellular stress response, further contributing to tumor growth and metastasis. However, specific direct roles of ASB11 in cancer biology remain an active area of investigation.",0
FASTKD3,1989,0.238095238095238,0.0476190476190476,0.0,0.6666666666666666,0.0,1.0,0.0476190476190476,0.0,0.9566342383434376,0.0,2.333333333333333,2.6666666666666665,0.7479431563201197,1.0,0.2032520325203252,0.5270952297772799,65780.69,1013.0,-0.01802683,1.8112937195266355e-05,9.0,0.0,0.0,1.0,0.0,0.0,0.0,1.0,0.0,0.0,0.0,0.0,0.0,14.0,1.0,0.0,0.0,0.0,0.0,5.0,0.0,0.0,1.0,0.0,0.0,0.0,21.0,0.0,19.0,14.04580952,123.0161573,18.55721097046481,1.2844319267886215,0.3547883195592287,0.0588992382941296,362.0,-0.2799624137931034,0.0422546991344222,58.0,0.3444797624703088,0.0571667645670862,420.0,3.246124932695714,0.0051395663471356,0.0484720478973781,0.005650838842997,20.060674391099585,2.322449260305919,"The FASTKD3 gene has been implicated in several cancer-related processes, particularly in its role in mitochondrial function and cellular metabolism. Its expression is associated with processes such as cell proliferation, apoptosis, and the regulation of mitochondrial dynamics. Dysregulation of FASTKD3 may contribute to altered energy metabolism in cancer cells, facilitating their growth and survival under hypoxic conditions. Moreover, since mitochondrial dysfunction can lead to increased reactive oxygen species (ROS) production, alterations in FASTKD3 may also influence genomic stability, potentially causing mutations that drive tumorigenesis. Thus, the relationship between FASTKD3 and cancer could involve its roles in energy metabolism, ROS regulation, and mitochondrial integrity, which are critical for maintaining normal cellular functions and preventing malignant transformation.",0
HPR,1047,0.4285714285714285,0.0,0.0,0.5714285714285714,0.0,1.0,0.0,0.0,1.0,0.0,1.0,1.0,1.0,1.0,0.7942811755361397,0.9772182327737968,426657.7,372.0,0.01403886,5.756263836248447e-07,3.0,0.0,0.0,0.0,0.0,0.0,0.0,0.0,0.0,0.0,0.0,0.0,2.0,4.0,0.0,0.0,0.0,0.0,0.0,3.0,0.0,0.0,0.0,0.0,0.0,0.0,9.0,0.0,9.0,7.791222222,95.51535119,24.62434966428554,1.552975568001966,0.2414404907975459,0.0238928660281526,163.0,-0.3090154017857142,0.0337372285191203,224.0,0.2805536175710595,0.0306343679381746,386.0,1.7912298767354105,0.7452675705233556,0.111514500398345,0.0145173604745375,14.169912962747231,2.046041183066672,"Yes, there is a relationship between the HPR gene and certain types of cancer. HPR (histidine-rich protein) is implicated in various cellular processes, including cell proliferation and apoptosis. Altered expression or mutations of the HPR gene may lead to dysregulation of these processes, contributing to uncontrolled cell growth and tumorigenesis. Additionally, the HPR protein's role in oxidative stress responses and inflammatory pathways may create a tumor-promoting microenvironment, facilitating cancer progression. Further research is needed to fully elucidate the specific mechanisms by which HPR influences cancer development and the pathways involved.",0
RNF103,2058,0.0416666666666666,0.0,0.0,0.75,0.0,1.0,0.2083333333333333,0.0,0.8763199583393886,0.0,9.0,11.5,1.0,1.0,0.0015,0.0112534352563109,621664.1,442.0,0.03612152,1.5595064571007968e-06,13.0,0.0,0.0,1.0,0.0,0.0,0.0,5.0,0.0,0.0,0.0,0.0,0.0,18.0,0.0,0.0,0.0,0.0,0.0,1.0,0.0,0.0,5.0,0.0,0.0,0.0,20.0,0.0,22.0,22.8425,24.64436711,13.17322681217445,0.2590502948562331,0.2278240182648401,0.0145822050580914,219.0,-0.2038666666666667,0.0149729983642276,42.0,0.2239688122605364,0.0146655407335838,261.0,3.5194464399060763,0.0051510253796074,0.0477897315176437,0.0124925772828717,20.060674391099585,2.322449260305919,"Currently, the relationship between the RNF103 gene and cancer is not well-established. However, some studies suggest potential involvement in tumorigenesis through mechanisms such as modulation of protein degradation pathways, specifically the ubiquitin-proteasome system. RNF103 may influence the stability of oncogenic or tumor suppressor proteins by tagging them for proteolysis, thereby impacting cellular processes like cell cycle regulation, apoptosis, and DNA repair. Dysregulation of such mechanisms can contribute to cancer development and progression, although further research is needed to elucidate the precise role of RNF103 in different cancer types.",0
PFN2,423,0.3333333333333333,0.1666666666666666,0.0,0.3333333333333333,0.0,1.0,0.1666666666666666,0.0,0.8710490642551527,0.0,0.6666666666666666,1.3333333333333333,0.2833663927458204,1.0,0.931098696461825,0.9975698287585408,622464.3,490.0,0.01716869,6.264635470931022e-05,31.0,2.0,0.0,0.0,0.0,0.0,0.0,1.0,0.0,0.0,0.0,0.0,0.0,3.0,1.0,0.0,0.0,0.0,0.0,2.0,0.0,0.0,1.0,0.0,0.0,0.0,8.0,0.0,8.0,22.34375,79.37065536,27.26055931791716,1.7309423692186514,0.342476929577465,0.0600163094608848,355.0,-0.2493780597014925,0.0211415308976933,67.0,0.3276958293838866,0.0549397420671251,422.0,3.574533372366943,0.0225623990858071,0.0544022416032235,0.011756506618558,18.247193355437297,4.552979568063701,"The PFN2 gene encodes profilin 2, a member of the profilin family that plays a critical role in actin cytoskeleton dynamics, which are essential for various cellular processes including proliferation, migration, and apoptosis. Dysregulation of PFN2 has been implicated in several cancers, where altered actin dynamics can contribute to enhanced tumor cell migration and invasion. Additionally, PFN2's involvement in cell signaling pathways may affect the tumor microenvironment and immune evasion. The relationship between PFN2 and cancer progression may result from its influence on cytoskeletal reorganization, cellular adhesion, and interactions with other signaling molecules, facilitating metastatic spread and tumor growth. Further research is needed to elucidate the precise mechanisms by which PFN2 contributes to oncogenesis.",0
NUDT2,444,0.0,1.0,0.0,0.0,0.0,1.0,0.0,0.0,1.0,0.0,0.0,1.0,0.0877269935959294,1.0,1.0,1.0,478814.9,302.0,0.03756575,0.0,1.0,0.0,0.0,0.0,0.0,0.0,0.0,0.0,0.0,0.0,0.0,0.0,0.0,0.0,1.0,0.0,0.0,0.0,0.0,0.0,0.0,0.0,0.0,0.0,0.0,0.0,1.0,0.0,1.0,36.0,0.0,24.71897101643611,0.4691402325684567,0.2673783937823836,0.0354519332739691,193.0,-0.2604172318339101,0.0268249780103662,289.0,0.2632045850622404,0.0302244748136528,481.0,3.245514806467756,0.0115432612488333,0.0329097174894507,0.00575949368829,20.060674391099585,2.322449260305919,"The NUDT2 gene encodes a nucleoside diphosphate (NDP) kinase that is involved in the regulation of cellular nucleotide pools and the maintenance of genomic stability. Dysregulation of this gene may lead to altered nucleotide metabolism, potentially contributing to the mutagenesis and genomic instability often observed in cancer cells. Additionally, NUDT2 has been implicated in the modulation of oxidative stress responses, which can affect tumorigenesis by influencing apoptotic pathways and cellular proliferation. An imbalance in nucleotide homeostasis may facilitate abnormal cell growth, survival, and resistance to therapies, thus establishing a potential link between NUDT2 dysfunction and the progression of various cancers. Further research is needed to fully elucidate these mechanisms and their implications in oncogenesis.",0
APOLD1,840,0.5,0.0,0.0,0.5,0.0,1.0,0.0,0.0,1.0,0.0,0.6666666666666666,0.6666666666666666,1.0,1.0,0.8453085376162299,0.9873656677905746,767160.6,129.0,0.03530719,0.0,1.0,0.0,0.0,0.0,0.0,0.0,0.0,0.0,0.0,0.0,0.0,0.0,1.0,2.0,0.0,0.0,0.0,0.0,0.0,2.0,0.0,0.0,0.0,0.0,0.0,0.0,5.0,0.0,5.0,13.1904,58.4722208,21.88701420269522,1.8204614569819408,0.3055710480349344,0.0605894556524056,229.0,-0.2760611029411763,0.0369898093595152,136.0,0.2945755616438356,0.0518745197857414,365.0,3.424111114616024,0.0362716366311105,0.079491858331982,0.0135790894955997,20.060674391099585,2.322449260305919,"The APOLD1 gene, which encodes a member of the apolipoprotein D family, has been implicated in various biological processes, including angiogenesis and the regulation of inflammation. There is emerging evidence suggesting a potential relationship between APOLD1 and cancer progression. For instance, APOLD1 expression has been linked to the modulation of the tumor microenvironment, particularly in the context of endothelial cell function and vascular permeability, which are critical for tumor growth and metastasis. Additionally, altered expression levels of APOLD1 may influence apoptotic pathways and cellular stress responses, potentially contributing to the differential survival of cancer cells. Although mechanistic pathways remain under investigation, these functional roles suggest that APOLD1 could be involved in promoting tumorigenesis or altering the response to therapy in specific cancer types.",0
CFAP61,3714,0.2033898305084746,0.0169491525423728,0.0,0.7288135593220338,0.0,1.0,0.0508474576271186,0.0,0.9711878616462856,0.0,3.3076923076923075,3.615384615384616,0.992063492063492,1.0,0.00374,0.0246416245566583,228680.4,750.0,-0.003143081,0.0,1.0,0.0,0.0,0.0,0.0,0.0,0.0,1.0,2.0,0.0,0.0,0.0,0.0,43.0,1.0,0.0,0.0,0.0,0.0,12.0,0.0,0.0,1.0,0.0,2.0,0.0,56.0,0.0,44.0,17.69748214,91.55810371,21.88701420269522,1.8204614569819408,0.2638164016874681,0.0370683991865753,190.13201675643327,-0.2623792743604192,0.0349935889004216,187.6534410532616,0.2724842722630945,0.0397860230283488,377.6466786355476,2.842285090327978,0.2097717354995392,0.111514500398345,0.0145173604745375,20.060674391099585,2.322449260305919,"The CFAP61 gene, which encodes a protein involved in cilia assembly and function, may have relevance in cancer through its role in cellular signaling and tissue homeostasis. Abnormalities in cilia can lead to dysregulated signaling pathways, such as the Hedgehog and Wnt pathways, which are often implicated in tumorigenesis. Furthermore, defects in ciliary function may result in altered cell proliferation and differentiation, contributing to the malignant phenotype. Studies have suggested that disruptions in cilia-related genes can influence cancer progression and metastasis, making CFAP61 a candidate for further investigation in the context of oncogenesis. However, the specific mechanisms linking CFAP61 to cancer remain largely unexplored and warrant more research.",0
LY6H,486,0.2,0.0,0.0,0.8,0.0,1.0,0.0,0.0,1.0,0.0,2.0,2.0,1.0,1.0,0.4253509145044661,0.7889582175916343,1104860.0,446.0,0.01954385,0.0,1.0,0.0,0.0,0.0,0.0,0.0,0.0,0.0,0.0,0.0,0.0,0.0,7.0,4.0,0.0,0.0,0.0,0.0,0.0,1.0,0.0,0.0,0.0,0.0,0.0,0.0,12.0,0.0,12.0,9.613083333,46.01419354,20.778308733988503,18.46517137324405,0.3640744000000003,0.0697736991877239,450.0,-0.2511470833333333,0.0228974248885563,72.0,0.3484982183908046,0.0647709164668773,522.0,1.968233060165683,0.6044779481699452,0.1976572173976903,0.0305470382805407,19.037568010221268,1.529524619697659,"The LY6H gene has been implicated in several types of cancer, with emerging evidence suggesting its role in modulating tumor microenvironments and influencing immune responses. Mechanistically, LY6H may affect cell adhesion, migration, and proliferation through its involvement in signaling pathways that regulate cellular interactions and immune evasion. Additionally, altered expression of LY6H in tumors can contribute to the dysregulation of immune checkpoints, potentially enhancing tumor immune tolerance. These interactions highlight the need for further investigation into the functional roles of LY6H in oncogenesis and its potential implications for cancer progression and therapy.",0
SOX21,831,0.1666666666666666,0.0,0.0,0.8333333333333334,0.0,1.0,0.0,0.0,1.0,0.0,2.5,2.5,1.0,1.0,0.0671366230278617,0.2484743595948469,154312.7,759.0,0.04063124,0.0,1.0,0.0,0.0,0.0,0.0,0.0,0.0,0.0,0.0,0.0,0.0,0.0,0.0,5.0,0.0,0.0,0.0,0.0,0.0,1.0,0.0,0.0,0.0,0.0,0.0,0.0,6.0,0.0,6.0,22.5165,72.9560455,16.263335147023376,1.0111340986184325,0.296386919191919,0.0410926639391914,198.0,-0.3057560526315789,0.0342774546285104,266.0,0.3017580172413792,0.0371247173528636,464.0,1.7353881134507343,1.603993838527061,0.1776337927667261,0.0171447418626512,12.936037355858662,0.920389819567467,"The SOX21 gene, part of the SOX family of transcription factors, is implicated in various developmental processes and has been found to influence cell fate decisions. Alterations in SOX21 expression levels have been observed in several cancers, suggesting a potential role in tumorigenesis. Mechanistically, SOX21 may interact with key signaling pathways, such as the Wnt and Notch pathways, and can regulate gene expression involved in cell proliferation, differentiation, and apoptosis. Additionally, dysregulation of SOX21 may affect the epithelial-mesenchymal transition (EMT), a process associated with increased metastatic potential. Overall, these factors contribute to a complex interplay between SOX21 and cancer development, making it a candidate for further study in oncogenic contexts.",0
ADAMTS7,5061,0.3023255813953488,0.0232558139534883,0.0,0.627906976744186,0.0,1.0,0.0232558139534883,0.0232558139534883,0.9828568527303528,0.0,1.9285714285714288,2.142857142857143,0.8183306055646481,1.0,0.3725782414307005,0.7404278014565705,507163.6,413.0,0.04581993,0.0,0.0,0.0,0.0,0.0,0.0,0.0,0.0,1.0,0.0,0.0,0.0,1.0,0.0,27.0,1.0,0.0,0.0,0.0,0.0,13.0,0.0,0.0,1.0,0.0,1.0,0.0,41.0,0.0,38.0,12.85458537,111.7941498,21.08139251181711,2.2723433020723705,0.2469744897959182,0.0235143900950978,98.0,-0.2539337037037038,0.0215970992639118,243.0,0.2519336950146628,0.0220905178051302,341.0,3.0338389323325785,0.0956849536043603,0.1371654675017284,0.0079043029928046,20.060674391099585,2.322449260305919,"There is emerging evidence suggesting a potential relationship between the ADAMTS7 gene and cancer, particularly in the context of its role in the extracellular matrix remodeling and inflammation. ADAMTS7, a member of the ADAMTS (a disintegrin and metalloproteinase with thrombospondin motifs) family, has been implicated in various physiological and pathological processes, including angiogenesis and tumor progression. Dysregulation of ADAMTS7 expression can influence the availability of growth factors, promote cancer cell migration, and facilitate tumor microenvironment alterations, thereby enhancing malignancy. Additionally, its involvement in the cleavage of specific substrates may affect signaling pathways related to cell proliferation and survival, further linking ADAMTS7 to oncogenic processes.",0
TGIF1,1206,0.125,0.125,0.0,0.5,0.0,1.0,0.25,0.0,0.8018796874098554,0.0,2.0,3.5,0.2359046945034206,1.0,0.6631299734748011,0.9355333352690746,444863.5,153.0,0.01738782,4.55330142735901e-05,21.0,2.0,0.0,0.0,0.0,0.0,0.0,2.0,0.0,0.0,0.0,0.0,7.0,4.0,1.0,0.0,0.0,0.0,0.0,1.0,1.0,0.0,5.0,0.0,0.0,0.0,13.0,0.0,18.0,22.05823077,86.31875636,19.24345538224147,2.884312173887753,0.3265750000000002,0.0865779384701877,214.0,-0.2980457603686635,0.0286681216217571,217.0,0.3122110904872393,0.0574909547153197,431.0,3.558177645741824,0.0052308920700176,0.0846649301390972,0.0137601789145255,19.93987249161876,0.741088578597574,"The TGIF1 gene has been implicated in cancer through its role as a transcriptional repressor and its involvement in the TGF-β signaling pathway, which is crucial for many cellular processes including proliferation, apoptosis, and differentiation. Aberrant expression or mutations in TGIF1 can disrupt these pathways, leading to enhanced cell growth and survival, which are hallmarks of cancer. Additionally, TGIF1 can interact with various oncogenic and tumor-suppressive factors, influencing tumor microenvironment and immune response. Collectively, these mechanisms suggest that TGIF1 may play a significant role in tumorigenesis and cancer progression.",0
EGR3,1164,0.0769230769230769,0.0,0.0,0.7692307692307693,0.0,1.0,0.1538461538461538,0.0,0.958424899318874,0.0,5.0,6.0,1.0,1.0,0.2030869212022745,0.5268320894236813,765839.1,325.0,0.05214158,0.0,0.0,0.0,0.0,0.0,0.0,0.0,0.0,1.0,1.0,0.0,0.0,0.0,1.0,10.0,0.0,0.0,0.0,0.0,0.0,1.0,0.0,0.0,1.0,0.0,1.0,0.0,12.0,0.0,14.0,28.06166667,53.76308788,14.38949478936939,0.6692536212085602,0.2478484799999999,0.0188389275936387,125.0,-0.3201999523809524,0.0380944263656301,420.0,0.3036055779816517,0.0345622337971377,545.0,3.0333444829929386,0.0746874000292402,0.1035490885029789,0.0143578648191039,14.609390531418953,1.9548188214556848,"Yes, there is a relationship between the EGR3 gene and cancer. EGR3 (Early Growth Response 3) is a transcription factor involved in various cellular processes, including cell growth, differentiation, and apoptosis. Dysregulation of EGR3 has been implicated in tumorigenesis, as alterations in its expression can affect the balance of pro-apoptotic and anti-apoptotic signals within cells. Overexpression of EGR3 has been associated with certain cancers, where it may promote cellular proliferation and survival, while downregulation can lead to enhanced apoptosis. Additionally, EGR3 can influence the expression of genes involved in the epithelial-to-mesenchymal transition (EMT), a critical step in cancer metastasis, suggesting its role in both tumor progression and metastasis through modulation of gene networks essential for these processes.",0
TEX13A,1230,0.1666666666666666,0.1666666666666666,0.0,0.5,0.0,1.0,0.1666666666666666,0.0,0.7667187592866301,0.0,2.25,3.75,0.1466920932961713,1.0,0.9074410163339384,0.9955777774325978,9758.692,444.4009897808343,0.001705515,0.0,1.0,0.0,0.0,0.0,0.0,0.0,0.0,3.0,0.0,0.0,0.0,0.0,0.0,9.0,3.0,0.0,0.0,0.0,0.0,3.0,0.0,0.0,3.0,0.0,0.0,0.0,15.0,0.0,18.0,11.51266667,174.5835731,21.88701420269522,1.8204614569819408,0.2258272649572648,0.018502875530386,117.0,-0.2758750862068965,0.0256756717591229,116.0,0.2507437768240343,0.0226074862856741,233.0,0.1432642204784766,0.1505594255867625,0.111514500398345,0.0145173604745375,20.060674391099585,2.322449260305919,"The TEX13A gene has been implicated in cancer through various mechanisms, primarily related to its role in cellular processes such as gene regulation and cell differentiation. Some studies suggest that TEX13A may influence the cell cycle and apoptosis, processes often dysregulated in cancer. Its involvement in the regulation of RNA splicing and transcriptional control could contribute to oncogenic transformations by affecting the expression of genes critical for maintaining normal cellular function. Additionally, aberrant expression of TEX13A has been observed in certain tumor types, indicating potential links to tumorigenesis. Further research is needed to elucidate the specific pathways and molecular interactions through which TEX13A may impact cancer development and progression.",0
IQCC,1641,0.1428571428571428,0.0,0.1428571428571428,0.4285714285714285,0.0,1.0,0.2857142857142857,0.0,0.7580392711198943,0.0,1.5,3.0,0.196078431372549,1.0,0.578368999421631,0.8950510160214884,1460758.0,218.0,0.02930987,0.0,0.0,0.0,0.0,0.0,0.0,0.0,0.0,1.0,1.0,0.0,0.0,0.0,0.0,3.0,0.0,0.0,0.0,0.0,0.0,1.0,1.0,0.0,1.0,0.0,1.0,0.0,5.0,0.0,7.0,13.5536,172.7907868,21.88701420269522,1.8204614569819408,0.2300481395348835,0.0166126435824491,129.0,-0.2423507614213199,0.015135429648907,197.0,0.2374825460122699,0.015706957775344,326.0,3.0803111212321364,0.0102174650250738,0.1051236944978971,0.0070778021759435,18.66266123943259,1.5716041737839137,"The IQCC gene, which encodes for a protein involved in the regulation of molecular interactions and cellular signaling, has been implicated in various cancer studies, although the precise relationship remains to be fully elucidated. Dysregulation or mutations in IQCC may affect cell proliferation, apoptosis, and DNA repair mechanisms, potentially contributing to tumorigenesis. Alterations in IQCC expression could influence the stability of associated signaling pathways, such as those related to cell cycle regulation and stress responses, thereby promoting cancer cell survival and growth. Moreover, insights from transcriptomic analyses suggest that variations in IQCC expression could correlate with specific cancer types, hinting at its potential role in the pathophysiology of malignancies. Further research is necessary to clarify these associations and elucidate the underlying mechanisms.",0
CCNG2,1035,0.0,0.0,0.25,0.75,0.0,1.0,0.0,0.0,1.0,0.0,3.0,4.0,0.5704506560182544,1.0,0.4701457451810061,0.8249706329187119,421622.8,562.0,0.03317059,4.873430592248482e-06,8.0,0.0,0.0,0.0,0.0,0.0,0.0,0.0,0.0,0.0,0.0,0.0,0.0,3.0,0.0,0.0,0.0,0.0,0.0,0.0,1.0,0.0,0.0,0.0,0.0,0.0,4.0,0.0,4.0,24.295,47.37876667,21.88701420269522,1.8204614569819408,0.244211652173913,0.029218974845492,115.0,-0.240472976744186,0.0173373866761443,215.0,0.2417758484848485,0.0214048971100681,330.0,3.5364818513695413,0.009463968038721,0.0868684969954898,0.0093821829541286,20.060674391099585,2.322449260305919,"Yes, there is a relationship between the CCNG2 gene and cancer. CCNG2 (Cyclin G2) is involved in cell cycle regulation and may play a role in the control of cell proliferation and apoptosis. Alterations in CCNG2 expression have been observed in various cancers, where its downregulation can contribute to tumorigenesis by disrupting the normal cell cycle checkpoints and facilitating uncontrolled cell growth. The modulation of CCNG2 may affect pathways such as the p53 signaling pathway, leading to impaired apoptotic responses and enhanced survival of malignant cells. Additionally, CCNG2 has been implicated in influencing cellular response to stress and DNA damage, further linking its dysregulation to cancer development and progression.",0
KRTAP1-1,534,0.5,0.0,0.0,0.25,0.0,1.0,0.25,0.0,1.0,0.0,0.3333333333333333,0.6666666666666666,1.0,1.0,0.8992805755395683,0.9947483775435167,977587.8,404.0,0.01041216,0.0,0.0,0.0,0.0,0.0,0.0,0.0,0.0,1.0,0.0,0.0,0.0,0.0,0.0,1.0,0.0,0.0,0.0,0.0,0.0,2.0,0.0,0.0,1.0,0.0,0.0,0.0,3.0,0.0,4.0,8.567333333,44.22820133,21.88701420269522,1.8204614569819408,0.3879617676767674,0.3069764705750321,198.0,-0.2627504545454547,0.0201239752317922,176.0,0.3290387967914439,0.17548758508139,374.0,0.2475406203501214,0.3015828444770977,0.111514500398345,0.0145173604745375,20.060674391099585,2.322449260305919,"The relationship between the KRTAP1-1 gene, which encodes a keratin-associated protein, and cancer is currently not well established. However, alterations in keratin and keratin-associated proteins have been implicated in various tumorigenic processes, such as fibrosis and epithelial-mesenchymal transition (EMT), which are crucial in cancer progression and metastasis. Abnormal expression of keratin-associated proteins can influence cell differentiation, adhesion, and communication, potentially impacting the tumor microenvironment and promoting malignancy. Further research is needed to elucidate the specific mechanisms linking KRTAP1-1 to cancer development or progression.",0
OR5H14,933,0.0666666666666666,0.0,0.0,0.9333333333333332,0.0,1.0,0.0,0.0,1.0,0.0,7.0,7.0,1.0,1.0,0.0968147933004163,0.3228730247869587,200001.8,811.0,-0.01472232,0.0,0.0,0.0,0.0,0.0,0.0,0.0,0.0,0.0,0.0,0.0,0.0,0.0,0.0,14.0,0.0,0.0,0.0,0.0,0.0,1.0,0.0,0.0,0.0,0.0,0.0,0.0,15.0,0.0,14.0,17.36313333,40.6170787,21.88701420269522,1.8204614569819408,0.2536470279720279,0.0285521416392062,286.0,-0.2629276470588236,0.0203496885028913,119.0,0.2563739259259258,0.0261036175709351,405.0,1.9961442613053424,1.698586214336112,0.111514500398345,0.0145173604745375,20.060674391099585,2.322449260305919,"The relationship between the OR5H14 gene and cancer is currently not well-established, as research specifically linking this gene to oncogenesis is limited. However, OR5H14 encodes an olfactory receptor, which may play indirect roles in cellular signaling pathways that could influence tumor biology. Complex interactions between olfactory receptors and various ligands have the potential to modulate cellular processes such as proliferation, apoptosis, and migration, which are critical in cancer development and progression. Further studies are needed to elucidate any specific mechanisms through which OR5H14 may impact tumorigenesis or be implicated in the cancer phenotype.",0
IRF9,1182,0.5,0.0,0.0,0.5,0.0,1.0,0.0,0.0,1.0,0.0,0.75,0.75,1.0,1.0,0.9354536950420954,0.9978705631832632,974558.8,220.0,0.04112072,0.0001761305542718,22.0,0.0,0.0,1.0,0.0,0.0,0.0,0.0,0.0,0.0,0.0,0.0,0.0,4.0,0.0,0.0,0.0,0.0,1.0,3.0,0.0,0.0,0.0,0.0,0.0,0.0,9.0,0.0,9.0,11.67788889,48.59199461,24.207068576696887,0.6145960489911946,0.2567915697674417,0.033409071589919,170.0,-0.2852182700421941,0.0229483284991132,237.0,0.2732637652811736,0.0274737642058859,406.0,3.557822907249568,0.0068515125134208,0.111514500398345,0.0145173604745375,20.334733979399413,3.372978141083886,"Yes, there is a relationship between the IRF9 gene and cancer. IRF9 (Interferon Regulatory Factor 9) plays a crucial role in the type I interferon signaling pathway, which is integral to the immune response against tumor cells. Dysregulation of IRF9 may lead to altered expression of interferon-stimulated genes, impacting immune surveillance and the tumor microenvironment. Additionally, IRF9 is involved in the regulation of cell proliferation and apoptosis, and aberrations in these processes can contribute to tumorigenesis. Elevated IRF9 expression has been associated with certain malignancies, potentially promoting tumor growth and metastasis through its influence on both immune evasion and inflammatory processes. Thus, the interplay between IRF9 and various signaling pathways may facilitate cancer progression.",0
SCN2B,648,0.4,0.0,0.0,0.2,0.0,1.0,0.2,0.2,1.0,0.0,0.3333333333333333,1.0,1.0,1.0,0.946969696969697,0.9985683572765812,707708.8,293.0,0.0555543,0.0002010283069623,85.0,0.0,0.0,0.0,0.0,0.0,0.0,1.0,0.0,0.0,0.0,1.0,0.0,1.0,0.0,0.0,0.0,0.0,0.0,2.0,0.0,0.0,1.0,0.0,1.0,0.0,3.0,0.0,4.0,9.753,45.338659,23.23138113008216,4.278482614869276,0.2106105555555555,0.0127873159436137,108.0,-0.2772638839285714,0.02058154488126,224.0,0.2555814759036146,0.0189778041050659,332.0,2.3265868762934625,0.4901578121222215,0.111514500398345,0.0145173604745375,22.347250929739243,1.4395319340835837,"The SCN2B gene encodes a sodium channel beta subunit, which is primarily involved in the modulation of sodium channel activity and neuronal excitability. While direct evidence linking SCN2B to cancer is limited, alterations in sodium channel function can influence cellular behavior, including proliferation, migration, and apoptosis. Aberrant sodium signaling has been implicated in various cancer types, potentially facilitating tumorigenesis through mechanisms such as enhanced cell survival in stressful microenvironments, altered interaction with the extracellular matrix, or modulation of ion homeostasis. Furthermore, other sodium channel subunits have been associated with metastatic processes, suggesting that SCN2B could play an indirect role in cancer biology through its influence on cellular dynamics.",0
RAB25,642,0.0,0.0,0.0,1.0,0.0,1.0,0.0,0.0,1.0,0.0,3.0,3.0,1.0,1.0,0.2295684113865932,0.5673907725139382,2005405.0,213.0,0.03894096,4.480187058674936e-06,11.0,0.0,0.0,0.0,0.0,0.0,0.0,0.0,0.0,0.0,0.0,0.0,0.0,2.0,0.0,0.0,0.0,0.0,0.0,0.0,1.0,0.0,0.0,0.0,0.0,0.0,3.0,0.0,3.0,29.23333333,60.86333333,25.13162880077473,2.1676611495134352,0.3056531958762887,0.0357970683292948,388.0,-0.1801431578947368,0.00617665388165,38.0,0.2944574647887325,0.0344169651083811,426.0,3.1058026477285696,0.8918029155836034,0.111514500398345,0.0145173604745375,22.128459957151623,12.992103544703024,"Yes, there is a relationship between the RAB25 gene and cancer. RAB25 is a member of the RAS oncogene family and is involved in regulating intracellular trafficking processes, including endocytosis and exocytosis. Alterations in RAB25 expression have been observed in various cancer types, where its overexpression is often associated with enhanced cell proliferation and metastasis. The gene influences tumor progression by modulating the availability of specific receptors and signaling molecules at the cell surface, thereby impacting pathways related to cell survival, adhesion, and invasion. Additionally, RAB25 has been implicated in the epithelial-mesenchymal transition (EMT), a critical process in cancer metastasis, suggesting its potential role in promoting aggressive phenotypes in tumors.",0
HERPUD1,1176,0.1666666666666666,0.0,0.0,0.8333333333333334,0.0,1.0,0.0,0.0,1.0,0.0,2.5,2.5,1.0,1.0,0.2745744096650192,0.6294708899795213,820472.0,125.0,0.04715435,0.0002633699952891,27.0,1.0,3.0,1.0,0.0,0.0,0.0,0.0,0.0,0.0,0.0,0.0,0.0,5.0,0.0,0.0,0.0,0.0,0.0,1.0,0.0,0.0,0.0,0.0,0.0,0.0,11.0,0.0,10.0,15.69772727,102.8540062,21.81462830789043,1.0760488822096388,0.2397299999999999,0.0309490597786982,169.0,-0.2908291457286432,0.0264943105209837,199.0,0.2672875338753387,0.0291186219577604,368.0,3.669339221877982,0.0069194122443663,0.0282439573530661,0.0072017544928174,20.060674391099585,2.322449260305919,"The HERPUD1 gene has been implicated in cellular stress responses, particularly concerning the endoplasmic reticulum (ER) stress pathway. Dysregulation of ER homeostasis can lead to sustained activation of the unfolded protein response (UPR), which may contribute to cancer progression through enhanced cell survival, proliferation, and evasion of apoptosis. Additionally, HERPUD1 may interact with cellular signaling pathways that regulate apoptosis and survival in various cancers, potentially impacting tumorigenesis and cancer cell resilience. However, the precise mechanisms linking HERPUD1 to specific cancer types and their progression remain an area of ongoing research.",0
NR1H3,1362,0.0,0.0,0.0,0.75,0.0,1.0,0.25,0.0,1.0,0.0,3.0,4.0,1.0,1.0,0.0694203401596667,0.2546043296450185,1274054.0,198.0,0.03764394,0.0001411068512092,38.0,0.0,0.0,0.0,0.0,0.0,0.0,0.0,1.0,0.0,0.0,0.0,1.0,3.0,0.0,0.0,0.0,0.0,0.0,0.0,0.0,0.0,0.0,0.0,1.0,0.0,4.0,0.0,4.0,23.44,86.5544,17.31506767500136,0.7999476031901933,0.2028490714285713,0.0133917506775488,140.0,-0.2577837583892617,0.021901956885779,149.0,0.2311717993079583,0.0184748923259179,289.0,3.3423203866596767,0.0123688859993165,0.0911183407708459,0.0142509307471139,19.184261457820806,1.2839212087225411,"The NR1H3 gene encodes a member of the nuclear hormone receptor family, specifically the liver X receptor (LXR), which plays a critical role in the regulation of lipid metabolism, cholesterol homeostasis, and inflammatory responses. Alterations in NR1H3 expression or function have been implicated in various cancer types, with potential mechanisms including the modulation of cellular proliferation, apoptosis, and inflammation. LXR activation has been shown to influence the tumor microenvironment by regulating the expression of genes involved in macrophage polarization and immune response, potentially impacting tumor progression and metastasis. Additionally, the interplay between lipid metabolism dysregulation and cancer cell survival may further elucidate the role of NR1H3 in oncogenesis, positioning it as a potential player in cancer biology.",0
MLLT6,3282,0.28,0.0,0.0,0.68,0.0,1.0,0.0,0.04,0.9827729376770644,0.0,2.125,2.25,1.0,1.0,0.78125,0.9741094358840046,1117878.0,207.0,0.04094205,9.649194133867472e-05,24.0,0.0,0.0,0.0,0.0,0.0,0.0,0.0,0.0,0.0,1.0,0.0,3.0,17.0,0.0,0.0,0.0,0.0,0.0,6.0,1.0,0.0,1.0,1.0,0.0,0.0,26.0,0.0,26.0,17.95007692,67.50319079,21.14544758891208,0.7588329542850539,0.2439083720930234,0.0299554947142934,172.0,-0.2731088144329898,0.0233613041286389,194.0,0.2593862021857923,0.0265996118477288,366.0,3.678545204569672,0.0042828198726962,0.0966308834871807,0.0095066223580595,23.833705714246232,0.4772415745127247,"The MLLT6 gene, also known as MLLT6/AF6, has been implicated in various forms of cancer, particularly hematological malignancies such as leukemias. Its role is largely associated with the regulation of gene expression through interaction with the MLL (Mixed-Lineage Leukemia) complex, which is involved in chromatin remodeling and transcriptional activation. Alterations such as translocations or mutations in MLLT6 may disrupt these regulatory functions, leading to aberrant gene expression patterns that contribute to tumorigenesis. The dysregulation of cellular pathways involved in differentiation, proliferation, and apoptosis due to such modifications may therefore underpin its association with cancer. Furthermore, MLLT6's involvement in signaling pathways and cellular adhesion processes may also facilitate tumor progression and metastasis.",0
ZNF682,1497,0.25,0.0,0.0,0.75,0.0,1.0,0.0,0.0,1.0,0.0,1.5,1.5,1.0,1.0,0.3827018752391887,0.7502866385528034,468677.2,845.0,-0.05942747,0.0,0.0,0.0,0.0,0.0,0.0,0.0,0.0,0.0,0.0,0.0,0.0,0.0,10.0,3.0,0.0,0.0,0.0,0.0,0.0,1.0,0.0,0.0,0.0,0.0,0.0,0.0,14.0,0.0,13.0,8.188214286,48.7770568,21.88701420269522,1.8204614569819408,0.2995939869281047,0.0697845099464998,153.0,-0.2340782242990652,0.0208697244766442,214.0,0.2613913351498637,0.0421733246799065,367.0,3.084203517450249,0.0478835975405303,0.111514500398345,0.0145173604745375,14.549133476052084,2.467631570912149,"The relationship between the ZNF682 gene and cancer is currently not well-established, but some studies suggest potential involvement in tumorigenesis. ZNF682, a zinc finger protein, may influence gene expression and cellular processes such as proliferation and differentiation. Changes in its expression levels have been correlated with various cancer types, potentially implicating it in oncogenic pathways. Mechanistically, it could affect transcriptional regulation and chromatin remodeling, thereby modulating tumor suppressor genes and oncogenes. However, the specific roles and pathways linking ZNF682 to cancer remain to be elucidated through further research.",0
VWA5A,2361,0.0952380952380952,0.0476190476190476,0.0,0.8571428571428571,0.0,1.0,0.0,0.0,1.0,0.0,6.0,6.333333333333333,0.8278145695364238,1.0,0.0598981731057202,0.2285180756750894,177268.7,744.0,-0.01089077,1.869491851301332e-05,2.0,0.0,0.0,0.0,0.0,0.0,0.0,0.0,0.0,0.0,0.0,0.0,0.0,16.0,1.0,0.0,0.0,0.0,0.0,2.0,2.0,0.0,0.0,0.0,0.0,0.0,21.0,0.0,21.0,17.39804762,132.5749324,25.34792700528684,0.7624552803376734,0.2091780530973451,0.0207365653515328,113.0,-0.2805842922374428,0.0250446255218591,219.0,0.2562803614457832,0.0246594795636151,332.0,3.473833165395006,0.0163173324204558,0.111514500398345,0.0145173604745375,20.464345305526034,0.8025974774983523,"The VWA5A gene, which encodes a protein involved in cell adhesion and extracellular matrix interactions, has been implicated in various cancers. Alterations in VWA5A expression can affect cellular signaling pathways and the tumor microenvironment, potentially contributing to tumorigenesis and metastasis. For instance, reduced or dysregulated expression of VWA5A may disrupt normal cell adhesion mechanisms, enhancing cellular motility and invasion, which are hallmark features of cancer progression. Additionally, its role in modifying the extracellular matrix may influence tumor cell interactions with surrounding stromal cells, further facilitating a tumor-promoting microenvironment. However, the exact mechanisms linking VWA5A to specific cancer types and the broader implications of its functional alterations remain to be elucidated.",0
SLA2,786,0.2,0.2,0.0,0.4,0.0,1.0,0.2,0.0,0.8277293767706428,0.0,1.0,2.0,0.1270163851136796,1.0,0.8453085376162299,0.9873656677905746,1019481.0,176.0,0.06154166,2.1243027404314074e-05,9.0,0.0,0.0,0.0,0.0,0.0,0.0,1.0,0.0,0.0,0.0,0.0,0.0,2.0,1.0,0.0,0.0,0.0,0.0,1.0,0.0,0.0,1.0,0.0,0.0,0.0,4.0,0.0,5.0,19.6775,143.0600917,14.636458348554438,0.9347757087301016,0.3456907629427795,0.0511604724507824,367.0,-0.2310436,0.0256786317214694,50.0,0.3319441007194243,0.0494264030737687,417.0,2.91065188140802,0.0418601342984685,0.111514500398345,0.0145173604745375,18.568081529158697,1.984335208781892,"The SLA2 gene, known to play a role in various cellular processes, has been implicated in certain cancer contexts, although the specific relationship may vary depending on the cancer type. Mechanistically, SLA2 is involved in processes such as cell migration, adhesion, and the regulation of the cytoskeleton, which are crucial for tumor progression and metastasis. Alterations in SLA2 expression or function can influence the behavior of cancer cells, potentially enhancing their invasive capabilities and contributing to the tumor microenvironment. Moreover, SLA2 may interact with signaling pathways that govern cell proliferation and survival, thereby impacting tumorigenic processes. More research is needed to elucidate the full extent of its role across different cancers and related mechanisms.",0
FKBP3,675,0.0,0.0,0.0,0.75,0.0,1.0,0.25,0.0,1.0,0.0,3.0,4.0,1.0,1.0,0.0888178346211919,0.3038607166552086,234268.5,565.0,0.01109942,6.016174033681602e-05,39.0,0.0,0.0,0.0,0.0,0.0,0.0,1.0,0.0,0.0,0.0,0.0,0.0,3.0,0.0,0.0,0.0,0.0,0.0,0.0,0.0,0.0,1.0,0.0,0.0,0.0,3.0,0.0,4.0,25.36666667,1.963333333,27.27260074420961,0.5553395051441136,0.2510788764044944,0.0362320136936456,178.0,-0.284875569620253,0.0219717742807123,237.0,0.2703796385542168,0.028295929707357,415.0,3.4762271219040204,0.0102996225076071,0.0674143035609835,0.0108824099730629,21.94513804283948,0.7825226677683504,"The FKBP3 gene encodes a member of the FK506-binding protein family, which is involved in various cellular processes, including protein folding and trafficking, and has been implicated in the regulation of apoptosis and cell proliferation. In cancer biology, FKBP3 has been associated with the modulation of the immune response and stress signaling pathways, particularly through its interaction with steroid hormone receptors. Dysregulation of FKBP3 expression has been observed in various cancers, suggesting that it may contribute to tumor growth and survival by influencing pathways related to cell survival and resistance to apoptosis. Additionally, FKBP3 may play a role in the regulation of the unfolded protein response (UPR), which is often activated in tumors to cope with endoplasmic reticulum stress, thereby promoting cell survival in adverse conditions.",0
MAGOH,441,0.3333333333333333,0.0,0.0,0.6666666666666666,0.0,1.0,0.0,0.0,1.0,0.0,1.0,1.0,1.0,1.0,0.2694691457828079,0.6228244090753061,545236.0,258.0,0.02514129,0.0004353572393776,187.0,0.0,0.0,0.0,0.0,0.0,0.0,0.0,0.0,0.0,0.0,0.0,0.0,2.0,0.0,0.0,0.0,0.0,0.0,1.0,0.0,0.0,0.0,0.0,0.0,0.0,3.0,0.0,3.0,20.16666667,122.4433333,22.557803582422384,1.828876069616596,0.2248055555555554,0.0160383099408099,108.0,-0.2356328723404256,0.0171612852943793,188.0,0.2316823648648647,0.0167230539394732,296.0,3.326708804839721,0.0124821523208324,0.1352658655547364,0.01356392566672,20.060674391099585,2.322449260305919,"The MAGOH gene, which encodes a component of the exon junction complex, has been implicated in various cellular processes, including mRNA splicing, surveillance, and translation. Dysregulation of MAGOH expression or function can lead to aberrant mRNA processing, potentially resulting in the accumulation of oncogenic transcripts or the loss of tumor suppressor gene expression. Furthermore, MAGOH has been shown to influence cell proliferation and apoptosis, suggesting that its perturbation may contribute to malignancy through enhanced cellular growth and resistance to programmed cell death. Consequently, alterations in MAGOH expression have been associated with the progression and aggressiveness of certain cancers, indicating a potential role in tumorigenesis.",0
SCGB1D2,273,0.0,0.0,0.0,0.8333333333333334,0.0,1.0,0.0,0.1666666666666666,1.0,0.0,5.0,6.0,1.0,1.0,0.0076599999999999,0.044977553641459,3058870.0,450.0,0.04183422,0.0,0.0,0.0,0.0,0.0,0.0,0.0,0.0,0.0,0.0,0.0,1.0,0.0,0.0,5.0,0.0,0.0,0.0,0.0,0.0,0.0,0.0,0.0,1.0,0.0,0.0,0.0,5.0,0.0,6.0,15.922,15.24647,23.22995748183936,5.631641841035316,0.2097144137931034,0.0139193604248275,145.0,-0.2527415254237289,0.0235219850318412,118.0,0.2290193536121672,0.0186141310724813,263.0,1.4334405810937534,1.8961017970080216,0.111514500398345,0.0145173604745375,20.060674391099585,2.322449260305919,"The SCGB1D2 gene, encoding a member of the secretoglobin family, has been implicated in various cancer types, though the exact relationship is not fully elucidated. Its expression has been associated with cellular processes such as inflammation, immune response, and cell adhesion, which can influence tumor microenvironments and metastatic potential. Dysregulation of SCGB1D2 may contribute to altered signaling pathways that promote cancer cell proliferation and survival. Furthermore, secretoglobins can interact with other biomolecules, potentially impacting metabolic processes and the oxidative stress response in cancerous tissues. Continued investigation into the role of SCGB1D2 in oncogenic pathways may yield insights into its functional implications in cancer biology.",0
ROBO1,4956,0.2692307692307692,0.0961538461538461,0.0,0.5384615384615384,0.0,1.0,0.0961538461538461,0.0,0.8879327986037894,0.0,1.8666666666666667,2.533333333333333,0.3355704697986577,1.0,0.7230657989877078,0.9575235377314686,72748.92,790.0,-0.01943927,5.522697920891846e-07,5.0,0.0,0.0,0.0,0.0,0.0,0.0,3.0,2.0,0.0,0.0,0.0,2.0,29.0,5.0,0.0,0.0,0.0,0.0,14.0,0.0,0.0,3.0,0.0,2.0,0.0,50.0,0.0,44.0,19.34512,117.3256532,22.36634040635897,1.611635625571302,0.2632108860759494,0.032930081685834,157.0,-0.2838952234636875,0.0235122738911263,358.0,0.2775616472868216,0.0264287469702908,512.0,3.538361215127593,0.0257165898019787,0.1163751851905763,0.007826924774515,22.186474493441445,1.9578306357334287,"The ROBO1 gene, known for its role in neural development and axon guidance, has been implicated in cancer through its involvement in processes such as cell migration, adhesion, and invasion. Dysregulation of ROBO1 expression has been observed in various tumors, suggesting that alterations in its signaling pathways can contribute to malignant behaviors. Specifically, ROBO1 interacts with Slit proteins, which may modulate tumor microenvironment interactions and promote epithelial-to-mesenchymal transition (EMT), thereby enhancing metastatic potential. Additionally, aberrant ROBO1 signaling may influence angiogenesis and immune evasion, further supporting tumor progression. Studies highlight that ROBO1 can act as a tumor suppressor in some contexts while potentially facilitating tumorigenesis in others, underscoring the context-dependent nature of its role in cancer biology.",0
TIGD2,1578,0.0714285714285714,0.2857142857142857,0.0,0.5714285714285714,0.0,1.0,0.0714285714285714,0.0,0.7821952376742992,0.0,4.0,6.5,0.0195917087888405,1.0,0.7880220646178093,0.9757519217748232,147602.2,529.0,0.02409411,0.0,0.0,0.0,0.0,0.0,0.0,0.0,0.0,0.0,1.0,0.0,0.0,0.0,0.0,8.0,4.0,0.0,0.0,0.0,0.0,1.0,0.0,0.0,0.0,0.0,1.0,0.0,13.0,0.0,10.0,23.15953846,148.6311594,17.20879383112394,3.5799287383161995,0.2122363829787234,0.0195620432620453,94.0,-0.2504547478991596,0.0172093211760965,238.0,0.2396338855421688,0.0181157262558539,332.0,3.2660541295756165,0.0087063992362497,0.0846241067068416,0.0074714607545422,20.060674391099585,2.322449260305919,"The TIGD2 gene, which encodes a protein involved in cell signaling and developmental processes, has been investigated in the context of various cancers. Alterations in TIGD2 expression may affect cellular pathways related to proliferation, apoptosis, and differentiation, potentially contributing to tumorigenesis. For instance, dysregulation of TIGD2 could influence the epithelial-mesenchymal transition (EMT), a process that enhances tumor invasiveness and metastasis. Additionally, variations in TIGD2 expression might interact with oncogenic pathways, thus affecting cellular behavior in response to tumor microenvironment signals. However, specific mechanisms linking TIGD2 to distinct cancer types require further elucidation.",0
PRDM12,1104,0.5,0.0,0.0,0.5,0.0,1.0,0.0,0.0,1.0,0.0,0.8333333333333334,0.8333333333333334,1.0,1.0,0.4006410256410257,0.7671031452352488,505505.7,211.0,0.02409338,0.0,0.0,0.0,0.0,0.0,0.0,0.0,0.0,0.0,0.0,0.0,0.0,0.0,0.0,5.0,0.0,0.0,0.0,0.0,0.0,5.0,0.0,0.0,0.0,0.0,0.0,0.0,10.0,0.0,10.0,20.8214,120.9646729,21.88701420269522,1.8204614569819408,0.2400868309859155,0.0128301962530066,142.0,-0.2453117669172932,0.0189233117112058,266.0,0.2434932843137256,0.0167721441331671,407.0,0.8095999501460845,0.5788803932110042,0.1491113861724607,0.013131102243405,20.060674391099585,2.322449260305919,"The PRDM12 gene has garnered interest in cancer research due to its role in regulating gene expression through epigenetic mechanisms, specifically via histone methylation. While direct associations with specific cancer types remain under investigation, PRDM12 is implicated in developmental processes and may influence cell differentiation and proliferation. Alterations in its expression or function could affect pathways involved in tumorigenesis, contributing to cancer progression or metastasis. Additionally, its involvement in neural development hints at potential roles in neurodevelopmental tumors. However, more studies are needed to elucidate the precise relationship and underlying mechanisms connecting PRDM12 to cancer.",0
EARS2,1572,0.125,0.0,0.0,0.875,0.0,1.0,0.0,0.0,1.0,0.0,3.5,3.5,1.0,1.0,0.7358351729212657,0.9615519758418004,528849.3,628.0,0.04838548,0.0,2.0,0.0,0.0,1.0,0.0,0.0,0.0,0.0,0.0,0.0,0.0,0.0,2.0,7.0,0.0,0.0,0.0,0.0,0.0,1.0,0.0,0.0,0.0,0.0,0.0,0.0,11.0,0.0,11.0,13.68572727,76.55506942,24.590197669278023,0.58535655582511,0.2411238916256156,0.0245626999001268,203.0,-0.264882357142857,0.0302469499462024,140.0,0.2508212244897957,0.0269378986938178,343.0,3.494125636410085,0.0030643236962363,0.0716811412830045,0.0136837675399083,20.060674391099585,2.322449260305919,"The EARS2 gene encodes a mitochondrial enzyme involved in the aminoacylation of tRNA specific for glutamic acid, playing a critical role in mitochondrial protein synthesis. Dysregulation of mitochondrial function has been implicated in various cancers, as cancer cells often exhibit altered metabolism and increased reliance on mitochondrial respiration. Some studies suggest that mutations or expression changes in EARS2 could affect mitochondrial tRNA charging, leading to aberrant protein synthesis and altered cellular stress responses. This disruption can contribute to tumorigenesis by promoting a metabolic shift, facilitating resistance to apoptosis, or enhancing the capacity for rapid proliferation. However, the specific relationship between EARS2 and cancer remains an area of ongoing research, with the exact mechanisms and implications yet to be fully elucidated.",0
BTNL8,1503,0.375,0.0,0.0,0.625,0.0,1.0,0.0,0.0,1.0,0.0,1.4285714285714286,1.4285714285714286,1.0,1.0,0.6333122229259025,0.9226040122061464,783856.5,602.0,0.01399916,0.0002707050787009,42.0,0.0,0.0,0.0,0.0,0.0,0.0,0.0,0.0,0.0,0.0,0.0,1.0,9.0,0.0,0.0,0.0,0.0,0.0,6.0,0.0,0.0,0.0,0.0,0.0,0.0,16.0,0.0,15.0,6.3936875,57.55991863,21.88701420269522,1.8204614569819408,0.2951586976744186,0.0291334530188567,214.0,-0.2526729383886256,0.016788427484658,211.0,0.274115281690141,0.0234172905920381,425.0,2.029529220763748,0.6555787809544894,0.111514500398345,0.0145173604745375,20.060674391099585,2.322449260305919,"The BTNL8 gene has been implicated in immune system regulation, particularly in T-cell activation and differentiation. Alterations in BTNL8 expression or function may affect immune responses, which can influence tumorigenesis and cancer progression. For instance, disrupted immune surveillance due to impaired T-cell activity could facilitate the emergence and growth of tumors, as the immune system may be less effective at recognizing and eliminating malignant cells. Moreover, the involvement of BTNL8 in inflammatory pathways suggests that it could play a role in the tumor microenvironment, potentially affecting cancer cell behavior and metastasis through interactions with immune cells. Thus, while a direct causal relationship between BTNL8 and cancer remains to be fully elucidated, its regulatory role in immune processes presents a plausible mechanism by which it could influence cancer development.",0
BTAF1,5550,0.0625,0.0625,0.03125,0.78125,0.0,1.0,0.0625,0.0,0.90243974703477,0.0,8.333333333333334,10.0,0.3095017022593624,1.0,0.7457121551081283,0.9645157377326932,366076.3,306.0,0.02217816,3.07344977197352e-05,15.0,0.0,0.0,0.0,0.0,0.0,0.0,2.0,0.0,0.0,0.0,0.0,1.0,25.0,2.0,0.0,0.0,0.0,0.0,2.0,1.0,0.0,3.0,0.0,0.0,0.0,30.0,0.0,24.0,25.47163333,67.46967107,24.071671683937915,0.3424463053975797,0.2061384210526316,0.0114713478134378,95.0,-0.3335533439490447,0.0455182063954915,314.0,0.3039581907090465,0.0404645996202478,409.0,3.688676231549752,0.0045771940664063,0.0542501911845399,0.0134520967473752,21.36042732144569,1.881324034349583,"Yes, there is a relationship between the BTAF1 gene and cancer. BTAF1 encodes a protein that is part of the transcriptional coactivator complex, which plays a critical role in regulating gene expression. Alterations in the expression or function of BTAF1 can disrupt normal cellular processes, including those governing cell proliferation, differentiation, and apoptosis. Such dysregulation may lead to oncogenic transformation by promoting uncontrolled cell growth or by impairing the response to stress signals. Additionally, BTAF1 has been implicated in the modulation of pathways linked to DNA repair and chromatin remodeling, which are essential for maintaining genomic integrity. Consequently, aberrations in BTAF1 can contribute to tumorigenesis by facilitating genomic instability and enhancing the survival of malignant cells.",0
DDX43,1947,0.0,0.1818181818181818,0.0,0.6363636363636364,0.0,1.0,0.1818181818181818,0.0,0.7897710354051726,0.0,7.0,11.0,0.2669514148424987,1.0,0.3350083752093802,0.7013734495291677,723493.3,232.0,0.02066567,5.095590291345604e-06,8.0,0.0,0.0,0.0,0.0,0.0,0.0,1.0,1.0,0.0,0.0,0.0,0.0,8.0,2.0,0.0,0.0,0.0,0.0,0.0,0.0,0.0,1.0,1.0,1.0,0.0,9.0,0.0,9.0,21.021,154.747187,17.857200706122764,3.82794729563267,0.2506353333333332,0.0303271469922388,135.0,-0.268442976744186,0.025164509361191,215.0,0.2615743142857143,0.0271499723753164,350.0,2.284287545572345,0.5104516806157117,0.8197336323839468,0.0671445702901413,20.060674391099585,2.322449260305919,"The DDX43 gene, encoding a member of the DEAD-box protein family involved in RNA processing and translation, has been implicated in cancer through various potential mechanisms. Alterations in DDX gene expression, including DDX43, can influence cell proliferation, apoptosis, and the modulation of oncogenic pathways. For instance, the upregulation or dysregulation of DDX43 may contribute to tumorigenesis by promoting aberrant splicing of mRNAs or influencing the stability of specific transcripts involved in cell cycle regulation. Furthermore, its interaction with RNA-binding proteins could affect cellular stress responses and tumor microenvironment interactions. However, the specific role of DDX43 in various cancer types is still an area of active research, and more studies are needed to elucidate its precise contributions to cancer biology.",0
FAM193B,2469,0.2857142857142857,0.0476190476190476,0.0,0.4285714285714285,0.0,1.0,0.1904761904761904,0.0476190476190476,0.8741347745667979,0.0,1.2857142857142858,2.142857142857143,0.4488330341113106,1.0,0.628140703517588,0.9202205323003714,1120311.0,347.0,0.04082487,2.220905766963953e-05,14.0,0.0,0.0,0.0,0.0,0.0,0.0,3.0,1.0,0.0,0.0,1.0,4.0,9.0,1.0,0.0,0.0,0.0,0.0,6.0,0.0,0.0,3.0,0.0,2.0,0.0,20.0,0.0,22.0,19.3351,96.07293841,20.10029303087921,1.7803768489108134,0.2871552558139534,0.0233111483400043,215.0,-0.2487061320754716,0.0171975355603237,212.0,0.2680657611241218,0.0205987564127409,427.0,3.381133841918877,0.0071059607785665,0.0414773316711596,0.0065316779368105,20.06110705881649,1.1478029709901083,"The relationship between the FAM193B gene and cancer is still under investigation, but emerging studies suggest its potential involvement in tumorigenesis. FAM193B may influence cancer cell proliferation and survival through mechanisms such as modulation of cell cycle regulation, apoptosis, and cellular metabolism. Additionally, aberrant expression of this gene has been associated with specific cancer types, implicating it in oncogenic pathways. Further research is needed to elucidate the precise roles and mechanisms by which FAM193B may contribute to cancer development and progression.",0
LENG9,1506,0.4285714285714285,0.0,0.0,0.1428571428571428,0.0,1.0,0.4285714285714285,0.0,0.7580392711198943,0.0,0.25,1.0,1.0,1.0,0.8291873963515755,0.9845017398880545,807047.8,535.0,-0.0067325119999999,0.0,1.0,0.0,0.0,0.0,0.0,0.0,0.0,3.0,0.0,0.0,0.0,0.0,0.0,1.0,0.0,0.0,0.0,0.0,0.0,3.0,0.0,0.0,3.0,0.0,0.0,0.0,4.0,0.0,7.0,6.191,134.727942,24.04697794610616,2.5046768215825006,0.2765247761194029,0.0329406899880746,201.0,-0.2664941772151899,0.0255873468932677,158.0,0.2721101949860724,0.0296487483778948,359.0,2.983913259592132,0.0291753629969849,0.08452147757179,0.0126342605428811,17.49146884462673,2.675394873149795,"The LENG9 gene, which encodes a member of the LEN gene family, has been implicated in various biological processes, some of which may relate to cancer development and progression. While specific direct evidence linking LENG9 to cancer is limited, its involvement in immune response regulation and cell signaling could suggest potential mechanisms whereby it influences tumor microenvironments or immune evasion. For instance, alterations in LENG9 expression might affect the activation of immune cells or the modulation of inflammatory pathways, both of which can play crucial roles in tumorigenesis. Further research is required to elucidate the specific contributions of LENG9 to cancer biology and to establish a clearer connection.",0
CENPO,903,0.1666666666666666,0.0,0.0,0.8333333333333334,0.0,1.0,0.0,0.0,1.0,0.0,2.5,2.5,1.0,1.0,0.2437241043139166,0.5877939101779306,299132.6,374.0,0.0393957,6.753520145734292e-05,19.0,0.0,0.0,1.0,0.0,0.0,0.0,0.0,0.0,0.0,0.0,0.0,0.0,5.0,0.0,0.0,0.0,0.0,0.0,1.0,0.0,0.0,0.0,0.0,0.0,0.0,7.0,0.0,7.0,14.34614286,60.06070414,19.50714685698432,3.952003021059678,0.2385871100917429,0.0174502056676468,218.0,-0.2279066666666666,0.0201992865144144,75.0,0.2358532081911259,0.0181089290273435,293.0,3.354966304991323,0.0107328969384312,0.0499266016811113,0.0100584185731655,17.69209036449102,1.5717338473273337,"The CENPO gene encodes a protein that is a component of the centromere complex, which plays a crucial role in the proper segregation of chromosomes during cell division. Disruptions or dysregulation of centromeric proteins, including those like CENPO, can lead to chromosomal instability, a hallmark of many cancer types. Chromosomal instability may contribute to tumorigenesis by facilitating aneuploidy and promoting genetic diversity within tumors. Moreover, altered expression of CENPO has been observed in various cancers, suggesting a potential involvement in the oncogenic process, although the specific mechanistic pathways and clinical implications remain an active area of research.",0
MAP2K2,1203,0.2,0.0,0.1,0.7,0.0,1.0,0.0,0.0,1.0,0.0,2.333333333333333,2.6666666666666665,0.5790387955993052,1.0,0.0643004115226337,0.2407529094468931,2276561.0,180.0,0.03569998,4.848700691060416e-05,29.0,0.0,0.0,0.0,0.0,0.0,0.0,0.0,0.0,0.0,0.0,0.0,0.0,7.0,0.0,0.0,0.0,0.0,0.0,2.0,1.0,0.0,0.0,0.0,0.0,0.0,10.0,0.0,10.0,23.0491,109.677917,24.977443899533803,0.2538415152663986,0.2444307317073172,0.0149619146183126,123.0,-0.2641756666666668,0.0254528646796654,270.0,0.2579959541984731,0.0222069363465999,392.0,3.529585740708084,0.0039996492702512,0.0,0.0,28.55791764489611,0.8098369697039404,"Yes, there is a relationship between the MAP2K2 gene and cancer. MAP2K2 encodes a protein that is part of the mitogen-activated protein kinase (MAPK) signaling pathway, which is critical for cell proliferation, differentiation, and survival. Alterations in MAP2K2, such as mutations or dysregulated expression, can lead to aberrant activation of the MAPK pathway, contributing to oncogenic processes. Specifically, this dysregulation may enhance cell growth and survival signals, promote epithelial-to-mesenchymal transition, and lead to resistance against apoptosis, thereby facilitating tumorigenesis and metastasis. The role of MAP2K2 in various cancers further underscores its significance in the maintenance of cellular homeostasis and the potential for malignancy when this balance is disrupted.",0
ZNF135,2049,0.2857142857142857,0.0,0.0,0.6666666666666666,0.0,1.0,0.0476190476190476,0.0,1.0,0.0,2.0,2.142857142857143,1.0,1.0,0.4899559039686428,0.8395099871767309,1187584.0,694.0,-0.04212949,4.197883072116093e-07,6.0,0.0,0.0,2.0,0.0,0.0,1.0,1.0,0.0,0.0,0.0,0.0,2.0,14.0,0.0,0.0,0.0,0.0,0.0,5.0,0.0,0.0,1.0,0.0,0.0,0.0,24.0,0.0,21.0,12.97441667,62.91406756,17.520026802887088,1.7889858662581382,0.3122419282511211,0.0422864547489678,223.0,-0.2524627631578948,0.0228232250320494,152.0,0.28801144,0.0351789053685091,375.0,3.104418619819993,0.0675290143031024,0.4159421846592652,0.0537860505596404,20.060674391099585,2.322449260305919,"There is emerging evidence suggesting a potential relationship between the ZNF135 gene and cancer, although the mechanisms remain to be fully elucidated. ZNF135, a member of the zinc finger protein family, is implicated in various cellular processes, including gene regulation, cell differentiation, and apoptosis. Dysregulation of ZNF135 could lead to aberrant transcriptional control linked to oncogenesis. For example, alterations in its expression have been observed in certain tumor types, potentially affecting pathways related to cell cycle progression and genomic stability. Moreover, as a transcription factor, ZNF135 might influence the expression of other cancer-related genes, contributing to tumorigenesis through mechanisms such as enhanced cell proliferation or evasion of apoptosis. Further research is needed to clarify its precise role and significance in cancer biology.",0
NPC1L1,4080,0.2727272727272727,0.0,0.0227272727272727,0.6363636363636364,0.0,1.0,0.0681818181818181,0.0,0.9666964998338848,0.0,2.1538461538461537,2.4615384615384617,0.8561643835616438,1.0,0.201775625504439,0.5247374826002615,1577451.0,363.0,0.0487890999999999,0.0,1.0,1.0,0.0,0.0,0.0,0.0,0.0,2.0,1.0,0.0,0.0,0.0,1.0,29.0,0.0,0.0,0.0,0.0,0.0,12.0,1.0,0.0,2.0,1.0,1.0,0.0,43.0,0.0,39.0,16.4444186,96.0771882,17.063206295373462,0.6848193724944446,0.2991446551724138,0.0270512597266709,406.0,-0.2539719402985074,0.019465238624966,67.0,0.2927459830866807,0.0261818185736607,473.0,2.101485259842589,0.5909821778654448,0.111514500398345,0.0145173604745375,15.778187198478417,2.48893306740824,"The NPC1L1 gene, primarily known for its role in cholesterol absorption and lipid metabolism, has emerged as a potential player in cancer biology. Altered expression of NPC1L1 can influence cellular lipid homeostasis, potentially affecting the tumor microenvironment and the proliferation of cancer cells. Fatty acids and cholesterol, which are modulated by NPC1L1, can serve as signaling molecules that activate pathways linked to cell proliferation, survival, and inflammation. Additionally, aberrant lipid metabolism is increasingly recognized as a hallmark of cancer, suggesting that NPC1L1 may contribute to tumorigenic processes via its regulatory role in lipid biosynthesis and cellular signaling, thereby linking metabolic dysregulation to oncogenesis. Further investigations are required to elucidate the specific mechanisms by which NPC1L1 may influence cancer development and progression.",0
IFNGR2,1014,0.4444444444444444,0.0,0.0,0.4444444444444444,0.0,1.0,0.1111111111111111,0.0,1.0,0.0,0.8,1.0,1.0,1.0,0.4242681374628765,0.7880312362978337,868693.2,182.0,0.06840723,2.1478464726523296e-05,6.0,0.0,0.0,0.0,0.0,0.0,0.0,1.0,0.0,0.0,0.0,0.0,1.0,4.0,0.0,0.0,0.0,0.0,0.0,4.0,0.0,0.0,1.0,0.0,0.0,0.0,9.0,0.0,10.0,6.994666667,44.578546,15.206671342384851,0.0872709643379471,0.2440201052631578,0.017629316779776,95.0,-0.2636342083333334,0.0226987984972786,240.0,0.2580720000000001,0.0212824912358083,335.0,3.6186363252768112,0.0038861206973829,0.111514500398345,0.0145173604745375,16.715714224747977,1.61343818933354,"Yes, there is a relationship between the IFNGR2 gene and cancer. IFNGR2 encodes the interferon gamma receptor 2, which plays a crucial role in the immune response to cancer. Aberrations in the expression or function of IFNGR2 can lead to impaired signaling of interferon gamma, a key cytokine involved in tumor immune surveillance and modulation. This impairment can result in decreased activation of immune effector cells, ultimately allowing for tumor progression and immune evasion. Additionally, alterations in IFNGR2 have been associated with changes in the tumor microenvironment and may affect the sensitivity of tumors to immunotherapies, making it a potential factor in the interplay between the immune system and cancer development.",0
DTL,2193,0.1428571428571428,0.0,0.0,0.8571428571428571,0.0,1.0,0.0,0.0,1.0,0.0,4.0,4.0,1.0,1.0,0.7092198581560284,0.9529004995674304,452008.3,399.0,0.01488944,6.8839413957621e-05,45.0,0.0,0.0,0.0,0.0,0.0,0.0,0.0,0.0,0.0,0.0,0.0,0.0,12.0,0.0,0.0,0.0,0.0,0.0,2.0,0.0,0.0,0.0,0.0,0.0,0.0,14.0,0.0,13.0,20.06921429,39.18382803,19.91040646289209,3.084032933387041,0.2813120435967303,0.0247496182370691,367.0,-0.2580842857142857,0.0264730697583333,49.0,0.2785760817307692,0.0249455194422005,416.0,3.3364802293798013,0.0254538168429477,0.0587641013184941,0.0113333276362121,21.293175945827404,1.4137830880995668,"The DTL gene, which encodes a protein involved in cell cycle regulation and DNA damage response, has been implicated in cancer through its role in the degradation of proteins that regulate cell proliferation and apoptosis. Dysregulation of the DTL gene can lead to aberrant cellular growth and survival, contributing to oncogenesis. Mechanistically, alterations in DTL expression or function may disrupt the proper degradation of key substrates, such as p53 or other tumor suppressor proteins, thereby promoting unchecked cell division and resistance to apoptosis. Additionally, the DTL protein's involvement in the DNA damage response implies that its dysfunction may compromise genomic integrity, further facilitating the development and progression of tumors.",0
GPR63,1260,0.2307692307692307,0.0,0.0,0.6153846153846154,0.0,1.0,0.1538461538461538,0.0,0.958424899318874,0.0,2.0,2.5,1.0,1.0,0.5807200929152149,0.8963335691089077,130400.4,1336.0,-0.004975528,0.0,1.0,0.0,0.0,0.0,0.0,0.0,0.0,1.0,1.0,0.0,0.0,0.0,0.0,8.0,0.0,0.0,0.0,0.0,0.0,3.0,0.0,0.0,1.0,0.0,1.0,0.0,11.0,0.0,12.0,17.72018182,96.00991956,21.88701420269522,1.8204614569819408,0.2337028181818181,0.0242475622351042,110.0,-0.2748278021978022,0.0252190952172107,273.0,0.2630164490861618,0.0252229991334313,383.0,2.8242950004858653,0.108487175145527,0.0655586805161173,0.0164949031031258,20.060674391099585,2.322449260305919,"The relationship between the GPR63 gene and cancer is not well-established, and current research is limited. However, GPR63, a G protein-coupled receptor, may play a role in cellular signaling pathways that are implicated in cancer development and progression. For instance, receptor activity can influence cell proliferation, migration, and apoptosis, processes that are often dysregulated in cancerous cells. Additionally, alterations in the expression of GPR63 could affect the tumor microenvironment and immune response, potentially contributing to tumorigenesis. More research is required to clarify the exact mechanisms and relevance of GPR63 in various cancer types.",0
TRIM50,1464,0.36,0.04,0.0,0.6,0.12,0.9188632257835574,0.0,0.0,0.9590436283308408,0.0,1.5,1.6,0.5837711617046117,0.0101007040190701,0.8604688746805652,0.0499354762512266,902769.0,422.0,0.0517559999999999,1.337002299824214e-06,11.0,0.0,0.0,0.0,0.0,0.0,0.0,0.0,0.0,0.0,0.0,0.0,0.0,16.0,2.0,0.0,0.0,0.0,0.0,9.0,0.0,0.0,0.0,2.0,0.0,0.0,25.0,0.0,23.0,15.27188,77.16911978,21.88701420269522,1.8204614569819408,0.2978193424657537,0.0243329973676983,365.0,-0.2406658333333333,0.0190230998675233,108.0,0.2847694926004231,0.023654483152708,473.0,1.2981233893341215,0.663386202688878,0.9247183741233228,0.0567856791916341,20.060674391099585,2.322449260305919,"Yes, there is a potential relationship between the TRIM50 gene and cancer. TRIM50 is part of the tripartite motif (TRIM) family, which is known to be involved in various cellular processes including protein ubiquitination, immune response, and cell proliferation. Dysregulation of TRIM proteins can lead to aberrant signaling pathways that promote tumorigenesis. Specifically, TRIM50 has been implicated in influencing the degradation of key regulators of the cell cycle and apoptosis, potentially leading to increased cell survival and proliferation in cancerous tissues. Additionally, TRIM50 may interact with oncogenic or tumor suppressor pathways, thereby contributing to the development or progression of various cancers through its role in modulating cellular homeostasis and stress responses. Further investigations are necessary to elucidate the exact mechanisms and contexts in which TRIM50 might contribute to cancer biology.",0
SORCS2,3480,0.3548387096774194,0.032258064516129,0.0,0.6129032258064516,0.0,1.0,0.0,0.0,1.0,0.0,1.5833333333333333,1.6666666666666667,0.7401924500370096,1.0,0.2258355916892502,0.5618672120249301,279341.5,555.0,0.03572295,0.0,0.0,0.0,0.0,0.0,0.0,0.0,0.0,0.0,0.0,0.0,0.0,0.0,1.0,19.0,1.0,0.0,0.0,0.0,0.0,11.0,0.0,0.0,0.0,0.0,0.0,0.0,32.0,0.0,28.0,15.71715625,127.3469748,21.16184216811861,2.244523466468444,0.257548947368421,0.0266419949457848,113.0,-0.2580978174603175,0.0209108252609545,251.0,0.2579268579234973,0.0226279074402372,364.0,2.9978413038595515,0.1229308212443103,0.111514500398345,0.0145173604745375,20.060674391099585,2.322449260305919,"Yes, there is a relationship between the SORCS2 gene and cancer, albeit the mechanisms are still being elucidated. SORCS2 is involved in cellular processes such as intracellular trafficking and the regulation of signaling pathways related to cell survival and apoptosis. Dysregulation of SORCS2 expression can lead to impaired cell signaling, potentially promoting tumorigenesis by enabling unchecked cell proliferation and evasion of programmed cell death. Additionally, alterations in SORCS2 have been implicated in modulating the tumor microenvironment, contributing to metastasis and cancer progression through mechanisms such as influencing the immune response and extracellular matrix remodeling. Further research is needed to clarify these relationships and their implications in various cancer types.",0
GATAD2A,1902,0.3333333333333333,0.0,0.0,0.4166666666666667,0.0,1.0,0.25,0.0,0.8894714728255649,0.0,1.0,1.6,1.0,1.0,0.8810572687224669,0.992627886284904,899226.0,214.0,0.006009257,2.3454955918663225e-05,30.0,0.0,0.0,1.0,0.0,0.0,0.0,3.0,0.0,0.0,0.0,0.0,1.0,5.0,0.0,0.0,0.0,0.0,0.0,4.0,0.0,0.0,3.0,0.0,1.0,0.0,10.0,0.0,14.0,15.5972,105.9236588,24.343456632885346,0.1950849231048971,0.290058198757764,0.0329802099773602,160.0,-0.2397573148148147,0.0228133559555469,212.0,0.261238594164456,0.0276997314684971,371.0,3.541066042829262,0.0041255622794151,0.0933273047287284,0.0116735910807098,24.547358635446223,0.5236705699049182,"The GATAD2A gene is implicated in various cellular processes, including chromatin remodeling and transcriptional regulation, which are crucial for maintaining normal cell function. Abnormal expression or mutations in GATAD2A can disrupt these processes, potentially leading to aberrant cell proliferation and tumorigenesis. The gene has been associated with the modulation of pathways involved in DNA damage response and gene expression regulation, which are essential for genomic stability. Alterations in these pathways may contribute to the development of cancers by allowing for unchecked cell growth and survival in the presence of oncogenic signals or DNA damage. Such disruptions can lead to genomic instability, a hallmark of many cancer types.",0
PTK6,1356,0.25,0.0,0.0,0.75,0.0,1.0,0.0,0.0,1.0,0.0,2.0,2.0,1.0,1.0,0.8583690987124464,0.9894601605301836,1262904.0,298.0,0.05373654,2.631790772024645e-05,24.0,0.0,0.0,0.0,0.0,0.0,0.0,0.0,0.0,0.0,0.0,0.0,0.0,6.0,0.0,0.0,0.0,0.0,0.0,2.0,0.0,0.0,0.0,0.0,0.0,0.0,8.0,0.0,8.0,11.517625,81.38867255,21.276142850159367,1.6219612063891264,0.3604801061007958,0.0610021999898822,376.0,-0.2223558333333333,0.0129596019670903,60.0,0.3415156750572082,0.056626091057628,436.0,3.1474694799788945,0.120383992154917,0.6075293592917512,0.0379806473622987,20.68923518112526,3.8941540524050176,"Yes, there is a relationship between the PTK6 gene and cancer. PTK6, also known as Brk, is a non-receptor tyrosine kinase that has been implicated in various cellular processes, including cell proliferation, migration, and survival. Overexpression of PTK6 has been observed in several cancers, such as breast, prostate, and colorectal cancers. Mechanistically, PTK6 can modulate signaling pathways associated with cancer progression, including the Akt and ERK pathways, contributing to enhanced cell growth and resistance to apoptosis. Additionally, PTK6 may influence epithelial-mesenchymal transition (EMT), a process critical for metastasis, by affecting the expression of key EMT-related genes. Thus, the dysregulation of PTK6 activity may play a significant role in tumorigenesis and cancer metastasis.",0
LPIN3,2556,0.0588235294117647,0.0588235294117647,0.1176470588235294,0.5294117647058824,0.0,1.0,0.2352941176470588,0.0,0.717191392635433,0.0,4.5,8.0,0.0979911807937285,1.0,0.7390983000739099,0.962545712630193,383021.3,309.0,0.005024587,0.0,0.0,0.0,0.0,0.0,0.0,0.0,0.0,1.0,3.0,0.0,0.0,0.0,0.0,9.0,1.0,0.0,0.0,0.0,0.0,1.0,2.0,0.0,1.0,0.0,3.0,0.0,13.0,0.0,17.0,22.90907692,154.4576417,22.191248752535703,1.392485467108257,0.3226318237082068,0.044885811928981,329.0,-0.2503653125,0.0280558473205357,64.0,0.3108632315521629,0.0427802831652957,393.0,3.3848608702671013,0.0226422545656815,0.4218287876375374,0.0249017667260954,23.919325222868856,2.2282111585918742,"Yes, there is a growing body of evidence implicating the LPIN3 gene in cancer. LPIN3, part of the lipin family, is involved in lipid metabolism and cellular signaling pathways that regulate energy homeostasis and inflammation. Alterations in LPIN3 expression have been observed in various tumor types, suggesting a potential role in tumorigenesis. Mechanistically, LPIN3 may influence cancer cell proliferation and survival through modulation of lipid biosynthesis and peroxisome proliferator-activated receptor (PPAR) signaling. Additionally, LPIN3's involvement in the regulation of mitochondrial function and its interaction with pathways linked to apoptosis could further contribute to cancer progression. Thus, dysregulation of LPIN3 could impact tumor metabolism and the microenvironment, supporting malignancy development.",0
EPG5,7740,0.2181818181818181,0.0909090909090909,0.0181818181818181,0.6363636363636364,0.0,1.0,0.0363636363636363,0.0,0.9245223168966936,0.0,2.6923076923076925,3.3076923076923075,0.2884338044418806,1.0,0.1929012345679012,0.510335061545134,385281.7,380.0,0.04124231,0.0,0.0,0.0,0.0,0.0,0.0,0.0,0.0,1.0,1.0,0.0,0.0,0.0,0.0,35.0,6.0,0.0,0.0,0.0,0.0,12.0,1.0,0.0,1.0,1.0,1.0,0.0,53.0,0.0,44.0,21.38426415,105.6046196,22.65246736664705,0.9972541698608456,0.2621089166666667,0.0304843084181442,120.0,-0.2689237634408601,0.0189724746375503,372.0,0.2672616056910567,0.0217324532925285,492.0,3.598469648535349,0.014268708045242,0.0854232842135214,0.0091952906248998,19.95910599249496,1.235741149229589,"The EPG5 gene encodes an autosomal protein involved in the selective autophagy process, particularly in the degradation of damaged organelles and proteins. Emerging evidence suggests a potential relationship between EPG5 and cancer, as dysregulation of autophagy plays a critical role in tumorigenesis. In cancer cells, altered expression or functional impairment of EPG5 may contribute to abnormal autophagy, leading to the accumulation of damaged cellular components and promoting genomic instability. Additionally, EPG5's involvement in the turnover of signaling molecules and the immune response could further influence tumor growth and metastasis. These mechanisms underscore the importance of EPG5 in maintaining cellular homeostasis and its potential implications in cancer biology.",0
TNFRSF4,834,0.1875,0.0,0.0625,0.625,0.0,1.0,0.125,0.0,0.8944548827786958,0.0,2.5,3.25,0.4793863854266539,1.0,0.9066183136899364,0.9954974979794792,2356409.0,196.0,0.02742994,1.0144688353034089e-07,6.0,0.0,0.0,0.0,0.0,0.0,0.0,2.0,0.0,0.0,0.0,0.0,7.0,10.0,0.0,0.0,0.0,0.0,0.0,3.0,1.0,0.0,2.0,0.0,0.0,0.0,21.0,0.0,20.0,7.363619048,49.05475425,14.68094148952732,0.8369023847953792,0.2539310434782608,0.0260170790024103,115.0,-0.2515143404255319,0.0163228852862084,235.0,0.2523084,0.0194439917756561,350.0,2.7686011210863684,0.1098197329356665,0.111514500398345,0.0145173604745375,20.060674391099585,2.322449260305919,"Yes, there is a relationship between the TNFRSF4 gene, which encodes the protein OX40, and cancer. OX40 is a costimulatory molecule expressed on activated T cells, playing a crucial role in T cell survival, proliferation, and memory formation. In the context of cancer, the engagement of OX40 can enhance anti-tumor immune responses, but cancer cells often exploit this pathway to evade immune detection. Tumors may induce regulatory T cells (Tregs), which express OX40 and can suppress effective anti-tumor immunity. Furthermore, high levels of OX40 expression on T cells in the tumor microenvironment have been associated with favorable outcomes in various cancers, suggesting a complex interplay where OX40 signaling may have both pro- and anti-tumorigenic effects, depending on the immunological context. Thus, targeting TNFRSF4 may have implications for enhancing anti-tumor immunity while mitigating Treg-mediated suppression.",0
DNASE1,849,0.3333333333333333,0.0,0.0,0.6666666666666666,0.0,1.0,0.0,0.0,1.0,0.0,1.5,1.5,1.0,1.0,0.1409046075806679,0.4170314442078121,611617.2,242.0,0.04267376,0.0,1.0,5.0,0.0,0.0,0.0,0.0,0.0,0.0,0.0,0.0,0.0,0.0,0.0,6.0,0.0,0.0,0.0,0.0,0.0,3.0,0.0,0.0,1.0,0.0,0.0,0.0,13.0,0.0,14.0,19.67453846,170.6992781,17.30010272208389,1.2307364543110249,0.2450892670157069,0.020116430644723,191.0,-0.2748727210884352,0.0483308830267915,147.0,0.2580424260355029,0.0324988623127912,338.0,3.4026226496290044,0.011337737764163,0.111514500398345,0.0145173604745375,20.060674391099585,2.322449260305919,"Yes, there is a potential relationship between the DNASE1 gene and cancer. DNASE1 encodes an enzyme that is crucial for the degradation of extracellular DNA, which is often elevated in the tumor microenvironment due to cell death and necrosis. Increased levels of extracellular DNA can promote inflammation and immune evasion, contributing to tumor progression. Furthermore, alterations or dysregulation of DNASE1 expression may impair the clearance of this DNA, leading to the persistence of pro-tumorigenic signals. Additionally, the enzyme plays a role in various immune responses, and its dysfunction could impact the immune system's ability to recognize and eliminate malignant cells, further supporting tumor development and metastasis.",0
CCDC28A,825,0.3333333333333333,0.0,0.0,0.4666666666666667,0.0,1.0,0.2,0.0,0.9188632257835572,0.0,1.1666666666666667,1.6666666666666667,1.0,1.0,0.4938271604938271,0.8422566422511124,402264.5,482.0,0.02218244,1.0587326047880047e-05,7.0,0.0,0.0,0.0,0.0,0.0,0.0,3.0,0.0,0.0,0.0,0.0,0.0,7.0,0.0,0.0,0.0,0.0,0.0,5.0,0.0,0.0,3.0,0.0,0.0,0.0,12.0,0.0,15.0,13.03458333,134.4093804,21.922623653526223,0.6202605143617799,0.2456766981132074,0.0210491121537556,106.0,-0.2755144981412639,0.0228775669099151,269.0,0.2670803466666666,0.022484065008703,375.0,3.312762198328089,0.0074949183432257,0.0426655306042849,0.0100309814709163,22.20759182725995,3.9352035363517306,"The relationship between the CCDC28A gene and cancer is not fully established, but some studies suggest potential links through mechanisms involving cellular proliferation and apoptosis. CCDC28A is implicated in the regulation of cell cycle progression and may play a role in maintaining genomic stability. Alterations in its expression could influence the balance between cell growth and death, thereby contributing to tumorigenesis. Furthermore, dysregulation of CCDC28A could affect pathways involved in cellular adhesion and migration, which are critical in metastatic processes. Continued research is necessary to elucidate the precise roles and mechanisms of CCDC28A in cancer biology.",0
EFCAB9,594,0.5,0.0,0.0,0.5,0.0,1.0,0.0,0.0,1.0,0.0,0.5,0.5,1.0,1.0,0.9606147934678194,0.9992140150171296,649122.9543319192,444.4009897808343,0.0198885680771551,0.0,0.0,0.0,0.0,0.0,0.0,0.0,0.0,0.0,0.0,0.0,0.0,0.0,0.0,1.0,0.0,0.0,0.0,0.0,0.0,1.0,0.0,0.0,0.0,0.0,0.0,0.0,2.0,0.0,2.0,7.3105,83.9678405,21.88701420269522,1.8204614569819408,0.2638164016874681,0.0370683991865753,190.13201675643327,-0.2623792743604192,0.0349935889004216,187.6534410532616,0.2724842722630945,0.0397860230283488,377.6466786355476,0.1921978085923018,0.1750078441155721,0.111514500398345,0.0145173604745375,20.060674391099585,2.322449260305919,"The relationship between the EFCAB9 gene and cancer remains largely unexplored; however, some studies suggest potential links. EFCAB9 encodes a protein that is involved in various cellular processes, including calcium signaling and transcriptional regulation, which could influence cell proliferation and apoptosis. Dysregulation of calcium homeostasis and aberrant signaling pathways are common features in tumorigenesis. Additionally, altered gene expression or mutations in EFCAB9 might contribute to the cancer phenotype by affecting cellular response to stress and promoting oncogenic signaling. Further research is necessary to elucidate the precise role of EFCAB9 in cancer and its potential mechanisms of involvement.",0
TLCD1,744,0.0,0.2,0.0,0.6,0.0,1.0,0.2,0.0,0.8277293767706428,0.0,3.0,5.0,0.0882378893496867,1.0,0.0508104262994766,0.2022079011910624,1695792.0,208.0,0.04022035,0.0,0.0,0.0,0.0,0.0,0.0,0.0,0.0,0.0,1.0,0.0,0.0,0.0,0.0,3.0,1.0,0.0,0.0,0.0,0.0,0.0,0.0,0.0,0.0,0.0,1.0,0.0,4.0,0.0,5.0,29.1,50.46666667,18.71883529661154,1.267661450926828,0.2321618604651161,0.0118087466668241,129.0,-0.2623990476190477,0.0161505180820668,189.0,0.2501330188679244,0.0145675559050532,318.0,3.0603601751544827,0.0359258693939412,0.0957136174438569,0.0067598519369828,20.060674391099585,2.322449260305919,"The relationship between the TLCD1 gene and cancer is not well characterized, but emerging evidence suggests a potential link. TLCD1 is involved in lipid metabolism and has been implicated in various cellular processes, including membrane organization and signaling pathways. Dysregulation of lipid metabolism is known to play a role in cancer progression and metastasis, potentially through altered cell signaling and microenvironment interactions. Furthermore, aberrant expression of genes involved in lipid biosynthesis has been associated with tumorigenesis in several types of cancer. Future research may elucidate the specific roles and mechanisms through which TLCD1 could contribute to cancer biology.",0
OR2L13,939,0.25,0.0833333333333333,0.0,0.625,0.0,1.0,0.0416666666666666,0.0,0.9567891094945744,0.0,2.142857142857143,2.571428571428572,0.3702332469455757,1.0,0.8748906386701663,0.9918253585412716,649122.9543319192,444.4009897808343,0.0198885680771551,0.0,1.0,0.0,0.0,0.0,0.0,0.0,0.0,0.0,1.0,0.0,0.0,0.0,0.0,15.0,2.0,0.0,0.0,0.0,0.0,6.0,0.0,0.0,0.0,0.0,1.0,0.0,23.0,0.0,22.0,14.92721739,99.24423954,21.88701420269522,1.8204614569819408,0.2916255555555556,0.0259461311894323,368.0,-0.2489532142857141,0.0269837344840259,56.0,0.2860028470588237,0.0262283428548468,424.0,0.7199252471349082,0.7259330826424389,0.111514500398345,0.0145173604745375,20.060674391099585,2.322449260305919,"The relationship between the OR2L13 gene and cancer is not well-established in the current scientific literature. OR2L13 is an olfactory receptor gene, and while olfactory receptors are generally associated with sensory perception, any potential links to cancer remain largely unexplored. Speculatively, aberrant expression of olfactory receptors, including OR2L13, could influence cancer biology through pathways related to cell signaling, migration, and proliferation, as some studies suggest that olfactory receptors may participate in non-olfactory functions in various tissues. However, clear mechanisms linking OR2L13 directly to oncogenesis or tumor progression are currently unknown.",0
DDX11,2913,0.3333333333333333,0.0,0.0,0.5833333333333334,0.0,1.0,0.0,0.0833333333333333,1.0,0.0,1.4,1.6,1.0,1.0,0.1277791975466394,0.3906787022474087,335562.2,591.0,-0.003742495,4.182192822460221e-06,10.0,1.0,0.0,0.0,0.0,0.0,0.0,0.0,0.0,0.0,1.0,0.0,2.0,6.0,0.0,0.0,0.0,0.0,0.0,5.0,0.0,0.0,1.0,0.0,0.0,0.0,14.0,0.0,14.0,13.41692857,108.5940421,21.14342961394851,2.585489970802551,0.3385296862745099,0.0838283645754917,255.0,-0.2387853086419754,0.023929054450216,81.0,0.3144841666666667,0.0710994696482586,336.0,3.447750537911138,0.0102000500082255,0.0,0.0,18.27811406219608,2.015361525349828,"Yes, there is a relationship between the DDX11 gene and cancer. DDX11 encodes a member of the DEAD-box family of RNA helicases, which are involved in various aspects of RNA metabolism, including replication, splicing, and translation. Alterations in DDX11 expression or function can lead to disrupted DNA repair mechanisms and genomic instability, both of which are hallmarks of cancer. Specifically, mutations in DDX11 have been associated with some forms of cancer, where they may contribute to the defective homologous recombination repair pathway. Additionally, aberrant RNA processing and the resultant dysregulation of gene expression mediated by DDX11 might also play a role in tumorigenesis, highlighting its potential impact on cellular proliferation and survival in cancer contexts.",0
ZNF467,1788,0.5384615384615384,0.0769230769230769,0.0,0.3461538461538461,0.0,1.0,0.0384615384615384,0.0,0.9610929403394044,0.0,0.6,0.8,0.166638893517747,1.0,0.9532888465204956,0.9988916390983414,471461.2,615.0,0.02928916,0.0,0.0,5.0,17.0,0.0,0.0,0.0,0.0,1.0,0.0,0.0,0.0,0.0,0.0,9.0,2.0,0.0,0.0,0.0,0.0,14.0,0.0,0.0,2.0,0.0,0.0,0.0,46.0,0.0,40.0,11.1613913,83.14191918,18.327239575655085,2.2192061783220605,0.2974453448275863,0.0240678917621286,348.0,-0.2708614999999999,0.0256879687792437,120.0,0.2906289743589745,0.0245642102413441,468.0,2.9136437447785424,0.0706872003945268,0.0492667462837835,0.0132931580475305,12.240249389376382,0.2578824476113177,"The ZNF467 gene, a member of the zinc finger protein family, has been implicated in various cellular processes, including gene regulation and chromatin remodeling. Alterations in its expression or function may influence cancer development through mechanisms such as dysregulation of transcriptional networks, which can lead to aberrant cell proliferation and survival. Moreover, ZNF467's role in modulating pathways related to cellular stress responses and apoptosis could contribute to tumorigenesis when disrupted. Investigations into its potential interaction with oncogenic or tumor-suppressive pathways may provide further insights into its relevance in cancer biology. However, the precise relationship between ZNF467 and specific cancer types remains to be fully elucidated.",0
TEAD3,1308,0.3076923076923077,0.1538461538461538,0.0,0.4615384615384615,0.0,1.0,0.0769230769230769,0.0,0.9011575366850628,0.0,1.2,1.8,0.1306335728282168,1.0,0.9496676163342828,0.9987115224613852,683460.2,280.0,0.03642929,0.0001379817863293,19.0,0.0,0.0,1.0,0.0,0.0,0.0,1.0,0.0,0.0,0.0,0.0,1.0,6.0,2.0,0.0,0.0,0.0,0.0,4.0,0.0,0.0,1.0,0.0,0.0,0.0,14.0,0.0,13.0,21.46535714,135.4471095,21.65629715944806,1.868670960387092,0.2490982022471909,0.0207941474430775,177.0,-0.2451826618705035,0.0170852110472109,138.0,0.2473812933753942,0.019112404586613,315.0,3.352924687898576,0.0200582269352539,0.0637719050510164,0.0118699893432458,21.944720012532247,1.1156007122165168,"Yes, there is a relationship between the TEAD3 gene and cancer. TEAD3 encodes a transcription factor that plays a critical role in the Hippo signaling pathway, which regulates cell growth, proliferation, and differentiation. Dysregulation of TEAD3 can lead to aberrant activation of genes that promote cell survival and proliferation, contributing to tumorigenesis. Furthermore, TEAD3 has been implicated in epithelial-mesenchymal transition (EMT), a process associated with increased metastatic potential in cancer cells. Altered expression of TEAD3 has been observed in various cancers, suggesting its involvement in cancer progression through mechanisms that include enhanced oncogenic signaling and alterations in cellular adhesion and migration.",0
CWC27,1419,0.2222222222222222,0.3333333333333333,0.1111111111111111,0.3333333333333333,0.0,1.0,0.0,0.0,0.7195867761904634,0.0,1.0,2.333333333333333,0.0613459296975645,1.0,0.8410428931875525,0.9866380300325022,132017.8,601.0,0.007721232,5.947965072488029e-06,15.0,0.0,0.0,0.0,0.0,0.0,0.0,0.0,0.0,0.0,0.0,0.0,0.0,4.0,3.0,0.0,0.0,0.0,0.0,2.0,1.0,0.0,0.0,0.0,0.0,0.0,10.0,0.0,9.0,25.8446,227.0215654,23.51970632175839,0.5403061692552668,0.2315490983606558,0.0112591594843042,122.0,-0.2640495255474452,0.0211012091371367,274.0,0.2540367676767679,0.0182586156275003,396.0,3.3853379820885565,0.0039224297289211,0.0651566356065657,0.005966469860061,20.33894931795084,2.024861648995812,"The CWC27 gene, which encodes a protein involved in RNA splicing as part of the spliceosomal machinery, has been implicated in various cellular processes, including gene expression regulation and cellular response to stress. Alterations in RNA processing and splicing have been associated with cancer development and progression, suggesting that dysregulation of CWC27 could contribute to oncogenesis. Mechanistically, altered expression or mutation of splicing factors such as CWC27 may lead to the production of aberrant mRNA transcripts, driving the expression of oncogenes or loss of tumor suppressor function, thereby influencing pathways critical for cell proliferation, survival, and metastasis in cancer. Further studies are needed to elucidate the exact role of CWC27 in specific cancer types and its potential contributions to tumor biology.",0
EHHADH,2172,0.238095238095238,0.0952380952380952,0.0,0.6190476190476191,0.0,1.0,0.0476190476190476,0.0,0.9267672896410716,0.0,2.1666666666666665,2.6666666666666665,0.6257822277847309,1.0,0.6389776357827476,0.925166660697838,775543.5,587.0,0.03524504,4.157462564589355e-05,28.0,0.0,0.0,2.0,0.0,0.0,0.0,0.0,1.0,0.0,0.0,0.0,2.0,12.0,2.0,0.0,0.0,0.0,0.0,5.0,0.0,0.0,0.0,0.0,1.0,0.0,23.0,0.0,20.0,18.98426087,107.3590686,25.271950090630977,0.8721900120984173,0.3993443665768194,0.1035094514052056,371.0,-0.2703425373134329,0.024369094419222,67.0,0.3796112100456621,0.0934811894326284,438.0,3.3283032336187763,0.0364406471462652,0.0704740435701879,0.018290425628343,19.608581707190204,14.526457653040088,"The EHHADH gene encodes an enzyme involved in fatty acid metabolism, particularly in the β-oxidation of long-chain fatty acids. Aberrant fatty acid metabolism has been implicated in cancer, as altered lipid profiles can influence cell proliferation, apoptosis, and mobility. In some cancer types, dysregulation of metabolic pathways contributes to the altered energy demands of rapidly proliferating cells. Furthermore, the products of EHHADH activity may affect signaling pathways, such as those involving peroxisome proliferator-activated receptors (PPARs), which can modulate gene expression related to cell growth and survival. Consequently, changes in EHHADH expression or activity could potentially influence cancer pathogenesis, although specific relationships remain to be thoroughly elucidated in the context of particular tumor types.",0
OLFM2,1365,0.1764705882352941,0.0588235294117647,0.0,0.7058823529411765,0.0,1.0,0.0,0.0588235294117647,1.0,0.0,3.0,3.5,0.5602240896358543,1.0,0.20755500207555,0.5339059576987715,1143339.0,469.0,-0.01270147,1.7574402488310191e-06,5.0,0.0,0.0,0.0,0.0,0.0,0.0,0.0,0.0,0.0,1.0,0.0,0.0,12.0,1.0,0.0,0.0,0.0,0.0,2.0,0.0,0.0,1.0,0.0,0.0,0.0,15.0,0.0,14.0,25.672,89.73861871,19.86043426987404,14.992285433407687,0.3396101129943503,0.0857073873261235,169.0,-0.2254534562211981,0.0127219823162399,208.0,0.2767370304568526,0.0486077475054087,376.0,3.004941188492912,0.1109111963281848,0.0726912745895632,0.0068820582966538,17.352382571828965,1.9966262757445843,"The OLFM2 gene has been implicated in various cancer types, with studies suggesting its involvement in tumorigenesis and metastasis. Potential mechanisms include the modulation of cellular proliferation, apoptosis, and differentiation, as well as the interaction with signaling pathways associated with cancer, such as the Wnt and MAPK pathways. Additionally, OLFM2 may influence the tumor microenvironment by affecting immune responses. Alterations in the expression levels of OLFM2 have been correlated with the prognosis of certain cancers, indicating a potential role in cancer progression and therapeutic resistance. However, further research is needed to clarify the precise mechanisms and relevance of OLFM2 in different cancer contexts.",0
JSRP1,996,0.4444444444444444,0.0,0.0,0.5555555555555556,0.0,1.0,0.0,0.0,1.0,0.0,1.0,1.0,1.0,1.0,0.2149613069647464,0.5454207297197802,1603571.0,240.0,0.02653367,3.751154254067387e-06,8.0,0.0,0.0,0.0,0.0,0.0,0.0,0.0,0.0,0.0,0.0,0.0,0.0,5.0,0.0,0.0,0.0,0.0,0.0,4.0,0.0,0.0,0.0,0.0,0.0,0.0,9.0,0.0,8.0,12.42588889,82.12854236,20.27989682386082,6.183684531695856,0.2437766386554623,0.0150328229089445,119.0,-0.2627353684210527,0.0241120895383321,285.0,0.2571509900990097,0.0214686855017467,404.0,2.340926716135463,0.5574967965158143,0.111514500398345,0.0145173604745375,21.99534984122572,14.572494945200312,"The JSRP1 gene has been implicated in cancer through several potential mechanisms, although its exact role remains to be fully elucidated. JSRP1 is involved in various cellular processes, including cytoskeletal organization and cell signaling, which are critical for maintaining cellular architecture and function. Dysregulation of the JSRP1 gene, either through mutations or altered expression levels, may disrupt these processes, leading to aberrant cell proliferation and survival. Additionally, JSRP1 has been linked to pathways associated with cellular stress responses, which can contribute to tumorigenesis when these checkpoints fail. Furthermore, its potential involvement in angiogenesis and metastasis highlights the gene's relevance in cancer progression. Overall, the interplay of JSRP1 with key cellular pathways positions it as a significant factor in cancer biology, warranting further investigation.",0
BOD1L1,9156,0.171875,0.0625,0.015625,0.703125,0.0,1.0,0.046875,0.0,0.9322916666666666,0.0,3.75,4.416666666666667,0.4906771344455349,1.0,0.0468033323972666,0.1901058164150377,133544.8,511.0,0.02729679,3.173795281919789e-07,5.0,0.0,0.0,0.0,0.0,0.0,0.0,3.0,0.0,0.0,0.0,0.0,2.0,43.0,4.0,0.0,0.0,0.0,0.0,11.0,3.0,0.0,4.0,0.0,0.0,0.0,62.0,0.0,49.0,17.66648387,109.2483526,24.42350817190472,1.1013576318176184,0.251439649122807,0.0262806305963359,113.0,-0.2672722131147542,0.0217972256897321,244.0,0.2622305586592179,0.0232098424237766,357.0,3.683192511494276,0.0080861050758826,0.0461953794975072,0.0109681411994948,25.74086099806878,0.5503221380280542,"The relationship between the BOD1L1 gene and cancer is not well-established, but emerging evidence suggests it may play a role in tumor biology. BOD1L1 is involved in regulating DNA replication and maintaining genomic stability; dysregulation of these processes can lead to genomic instability, a hallmark of many cancers. Additionally, BOD1L1 has been implicated in cellular responses to stress and damage repair mechanisms, which, when altered, could contribute to oncogenic transformations. The precise mechanisms through which BOD1L1 might influence tumorigenesis, including potential interactions with other pathways related to cell cycle regulation and apoptosis, require further investigation to clarify its impact on cancer development and progression.",0
KRTAP12-4,339,0.0,0.0,0.0,0.75,0.0,1.0,0.25,0.0,1.0,0.0,3.0,4.0,1.0,1.0,0.1184693756663902,0.3711764938990146,874479.9,461.0,0.0253729,4.469639877783765e-06,9.0,0.0,0.0,0.0,0.0,0.0,0.0,0.0,1.0,0.0,0.0,0.0,0.0,3.0,0.0,0.0,0.0,0.0,0.0,0.0,0.0,0.0,0.0,0.0,1.0,0.0,3.0,0.0,4.0,11.20266667,111.1283413,21.88701420269522,1.8204614569819408,0.2589685263157895,0.0393816084595072,95.0,-0.2624057835820895,0.0202033793443275,268.0,0.2615062258953169,0.025129840163341,363.0,0.0544335699079851,0.0577189342406157,0.111514500398345,0.0145173604745375,20.060674391099585,2.322449260305919,"The KRTAP12-4 gene encodes a keratin-associated protein that is involved in the formation and maintenance of hair and skin structures. While specific direct associations between KRTAP12-4 and cancer remain uncertain, the broader family of keratin-associated proteins plays critical roles in epithelial integrity and cellular differentiation. Alterations in keratin gene expression or function can potentially impact processes such as apoptosis, cell adhesion, and signaling pathways integral to tumorigenesis. Changes in the expression of keratin-associated proteins, including those related to inflammatory and mechanical stress responses, might influence the tumor microenvironment, promoting conditions conducive to cancer progression. Further research is necessary to elucidate any direct links between KRTAP12-4 and specific cancer types.",0
PAGE1,441,0.6666666666666666,0.0,0.0,0.3333333333333333,0.0,1.0,0.0,0.0,1.0,0.0,0.3333333333333333,0.3333333333333333,1.0,1.0,0.9727626459143968,0.99962564886476,355308.5,444.4009897808343,0.01406378,1.4722452521678537e-07,2.0,0.0,0.0,0.0,0.0,0.0,0.0,0.0,0.0,0.0,0.0,0.0,0.0,1.0,0.0,0.0,0.0,0.0,0.0,2.0,0.0,0.0,0.0,0.0,0.0,0.0,3.0,0.0,3.0,3.100333333,11.92842233,16.914298299825163,1.7148267782336566,0.2462585333333333,0.0282016453045765,75.0,-0.2906954545454546,0.0457127108334811,165.0,0.2768089166666667,0.0405256221862691,240.0,0.1984090682591197,0.3303590197201763,0.111514500398345,0.0145173604745375,16.23984461669694,2.9649022607931936,"The PAGE1 gene, located on chromosome X, is part of the cancer/testis (CT) antigen family and has been implicated in various cancers, including melanoma and lung cancer. It is typically silent in normal tissues but can be aberrantly expressed in malignant cells, potentially serving as an immune evasion mechanism. The expression of PAGE1 may contribute to the tumor microenvironment by modulating immune responses, as CT antigens are often targets for T-cell-mediated immunity. The upregulation of PAGE1 in tumor tissues might lead to the generation of immune responses against other tumor-specific antigens, thereby influencing tumor progression and metastasis. Additionally, the interplay between PAGE1 expression and oncogenic pathways may facilitate tumor growth and survival, indicating a complex role in cancer biology.",0
SERPINB7,1143,0.0625,0.0,0.0625,0.75,0.0,1.0,0.125,0.0,0.9257048827786958,0.0,6.0,7.5,0.702247191011236,1.0,0.7955449482895783,0.9775082972220448,159862.8,441.0,-0.01091342,6.609002748496626e-07,5.0,0.0,0.0,0.0,0.0,0.0,0.0,0.0,2.0,0.0,0.0,0.0,0.0,13.0,0.0,0.0,0.0,0.0,0.0,1.0,1.0,0.0,0.0,1.0,2.0,0.0,14.0,0.0,16.0,16.64785714,65.51128782,22.08500265800064,2.401057846244711,0.2618102803738318,0.0278612998933168,107.0,-0.278648902743142,0.021821457471293,401.0,0.27510218503937,0.0230884205820011,508.0,1.996873058489872,1.2832189752905991,0.111514500398345,0.0145173604745375,20.060674391099585,2.322449260305919,"Yes, there is a relationship between the SERPINB7 gene and cancer. SERPINB7, a member of the serpin family of serine protease inhibitors, has been implicated in various malignancies by affecting cellular processes such as apoptosis, cell proliferation, and metastasis. Alterations in SERPINB7 expression can influence the tumor microenvironment; for instance, overexpression has been associated with increased tumor aggressiveness and poor prognosis in some cancers. Mechanistically, SERPINB7 may modulate proteolytic activity and inflammatory pathways, including the regulation of matrix metalloproteinases, which are critical for extracellular matrix remodeling and tumor invasion. Additionally, its potential role in immune evasion and feedback mechanisms within cancer signaling pathways continues to be an area of active research.",0
CNOT2,1623,0.25,0.0,0.0,0.75,0.0,1.0,0.0,0.0,1.0,0.0,1.5,1.5,1.0,1.0,0.3291639236339697,0.694930679451475,156657.4,609.0,-0.0172712,4.432222597910376e-05,25.0,0.0,0.0,0.0,0.0,0.0,0.0,0.0,0.0,0.0,0.0,0.0,1.0,3.0,0.0,0.0,0.0,0.0,0.0,1.0,0.0,0.0,0.0,0.0,0.0,0.0,5.0,0.0,5.0,22.8642,130.7865132,24.345188717044337,0.4883185502817645,0.374464471153846,0.3499118253688009,205.0,-0.1989329166666666,0.0104664494292982,95.0,0.3190334539473684,0.2490094990477669,299.0,3.634000998531441,0.002593993409223,0.0674611180504412,0.0143350603876491,23.91087403827389,0.4369383830728595,"The CNOT2 gene, part of the CCR4-NOT deadenylase complex, is implicated in the regulation of mRNA decay and transcriptional control, suggesting its potential involvement in cancer biology. Alterations in CNOT2 expression have been observed in various malignancies, potentially impacting key pathways involved in cell proliferation, apoptosis, and differentiation. Mechanistically, dysregulation of CNOT2 may lead to aberrant mRNA stability, allowing for the unchecked expression of oncogenes or silencing of tumor suppressor genes. Additionally, its role in the modulation of the tumor microenvironment and immune response could further contribute to tumorigenesis and tumor progression.",0
SQLE,1725,0.1,0.2,0.0,0.5,0.0,1.0,0.2,0.0,0.7591760034688151,0.0,2.5,4.5,0.062000124000248,1.0,0.7363770250368189,0.9617179890548634,518053.5,572.0,0.0186502999999999,3.1395352219001444e-06,6.0,0.0,0.0,0.0,0.0,0.0,0.0,1.0,1.0,0.0,0.0,0.0,0.0,4.0,1.0,0.0,0.0,0.0,0.0,1.0,1.0,0.0,1.0,0.0,1.0,0.0,7.0,0.0,9.0,23.72528571,160.7254756,22.18465214900214,1.301944899273165,0.3834824631578949,0.0821790468570002,475.0,-0.2371257692307692,0.0179232315072398,52.0,0.3690411954459203,0.0777013340519901,527.0,3.563262491212622,0.0193433950338746,0.0418220328157974,0.0102471244599618,20.060674391099585,2.322449260305919,"Yes, there is emerging evidence linking the SQLE gene to cancer. SQLE encodes squalene epoxidase, an enzyme involved in the biosynthesis of cholesterol and other sterols. Dysregulation of cholesterol metabolism has been implicated in cancer progression and tumorigenesis through various mechanisms, including membrane composition alterations that affect cell signaling and proliferation. Additionally, increased squalene levels can lead to the accumulation of downstream metabolites that promote cancer cell growth and survival. Furthermore, the enzyme activity of SQLE may influence the mevalonate pathway, a critical pathway often upregulated in cancer cells, contributing to both the proliferative and survival advantages of these cells. Consequently, the relationship between SQLE and cancer underscores the potential impact of lipidmetabolism alterations in oncogenesis.",0
MGST2,444,0.1666666666666666,0.0,0.0,0.5,0.0,1.0,0.1666666666666666,0.0,0.8710490642551527,0.1666666666666666,1.5,2.5,0.4120313143798929,1.0,0.7429420505200595,0.9636977943703834,382197.0,256.0,0.01226457,0.0,0.0,0.0,0.0,0.0,0.0,0.0,0.0,1.0,0.0,0.0,0.0,0.0,0.0,3.0,0.0,1.0,0.0,0.0,0.0,1.0,0.0,0.0,1.0,0.0,0.0,0.0,5.0,0.0,6.0,16.2212,67.0107272,24.123204411171507,0.9591715462374648,0.2193160919540229,0.018243125454317,87.0,-0.2645376771653543,0.0214083083348993,254.0,0.2530002052785924,0.0209345101790753,341.0,3.4077661404901587,0.0168472772986989,0.111514500398345,0.0145173604745375,13.99050178920024,1.391240387254271,"Yes, there is a relationship between the MGST2 gene and cancer. MGST2 encodes for a member of the microsomal glutathione S-transferase family, which is involved in the detoxification of reactive electrophiles and the metabolism of xenobiotics. Dysregulation of MGST2 expression can influence the cellular redox state and affect apoptosis, thereby contributing to tumorigenesis. Elevated levels of MGST2 have been associated with increased resistance to chemotherapy, as its enzymatic activity can conjugate and thereby inactivate chemotherapeutic agents, allowing cancer cells to survive and proliferate. Additionally, altered MGST2 expression may impact various signaling pathways, including those involved in oxidative stress response and cell survival, thereby further modulating cancer progression and metastasis.",0
FAM155B,1419,0.3333333333333333,0.0476190476190476,0.0,0.4761904761904761,0.0,1.0,0.1428571428571428,0.0,0.9132684766868748,0.0,1.25,1.75,0.5197505197505198,1.0,0.2182453077258838,0.5504442566633139,74377.62,444.4009897808343,0.0227234,0.0,0.0,0.0,0.0,0.0,0.0,0.0,0.0,3.0,0.0,0.0,0.0,0.0,0.0,9.0,1.0,0.0,0.0,0.0,0.0,7.0,0.0,0.0,3.0,0.0,0.0,0.0,17.0,0.0,19.0,18.20394118,78.27748006,21.88701420269522,1.8204614569819408,0.2143603157894737,0.0129457120605375,95.0,-0.2810307299270073,0.0272308209391691,137.0,0.2537303448275863,0.0223794204102701,232.0,2.4542768450957206,0.4102036989003755,0.2702147239336183,0.0605489166992103,20.060674391099585,2.322449260305919,"The FAM155B gene has been implicated in cancer through various proposed mechanisms, primarily related to its role in cell proliferation and survival. Alterations in FAM155B expression may affect signaling pathways involved in apoptosis and cell cycle regulation, leading to uncontrolled cell growth. Additionally, FAM155B has been associated with the modulation of immune responses, which can influence tumor microenvironments and cancer progression. Dysregulation of such pathways can contribute to oncogenesis or tumor metastasis, highlighting the potential relevance of FAM155B in the cancer landscape. However, the precise mechanisms and implications of FAM155B in specific cancer types remain to be fully elucidated.",0
MICALL1,2592,0.3333333333333333,0.0,0.0,0.5833333333333334,0.0,1.0,0.0833333333333333,0.0,1.0,0.0,1.4,1.6,1.0,1.0,0.746268656716418,0.9646788163901642,1370748.0,203.0,0.04972946,1.7466437698396274e-05,10.0,0.0,0.0,0.0,0.0,0.0,0.0,1.0,0.0,0.0,0.0,0.0,0.0,7.0,0.0,0.0,0.0,0.0,0.0,4.0,0.0,0.0,1.0,0.0,0.0,0.0,11.0,0.0,12.0,16.27054545,94.21335107,24.87140533680656,1.8816122821508825,0.2393518656716418,0.0223563108513803,134.0,-0.2923862408759125,0.0257111565913117,274.0,0.2749680882352942,0.0251735763231175,408.0,3.4373201085010217,0.0197262570848492,0.0542990592084477,0.0055229597324503,24.68280348462125,0.4002178934384884,"The MICALL1 gene, although primarily associated with processes related to cellular adhesion and cytoskeletal organization, has been implicated in various cancers through its regulation of signaling pathways that govern cell migration, invasion, and proliferation. Its expression levels have been shown to correlate with tumor aggressiveness, potentially influencing the epithelial-to-mesenchymal transition (EMT), a critical step in cancer metastasis. Moreover, alterations in MICALL1 expression may disrupt normal cellular communication and promote an environment conducive to tumor development. Further investigation into its interactions within oncogenic pathways could elucidate its specific roles in cancer biology.",0
CCND3,879,0.3333333333333333,0.0,0.0,0.6666666666666666,0.0,1.0,0.0,0.0,1.0,0.0,1.3333333333333333,1.3333333333333333,1.0,1.0,0.9363295880149812,0.9979285960093662,467875.5,186.0,0.04116039,0.0001786922876844,48.0,1.0,0.0,6.0,0.0,0.0,0.0,0.0,0.0,0.0,0.0,0.0,1.0,4.0,0.0,0.0,0.0,0.0,0.0,2.0,0.0,0.0,2.0,0.0,1.0,0.0,11.0,0.0,13.0,12.80936364,52.86968645,18.6681525209386,1.1007363175350962,0.3470865425531914,0.1495506783607094,188.0,-0.24936808,0.0190293115607999,125.0,0.3080615974440894,0.0994953253935938,313.0,3.46930271551309,0.0086344016091029,0.0680712020031443,0.0181988483930772,18.885922813699445,1.3376773331495588,"Yes, there is a relationship between the CCND3 gene and cancer. The CCND3 gene encodes cyclin D3, a regulatory protein that plays a crucial role in the cell cycle by promoting the transition from the G1 phase to the S phase. Dysregulation of CCND3 expression can lead to uncontrolled cell proliferation, which is a hallmark of cancer. Overexpression of cyclin D3 has been observed in various malignancies, contributing to tumorigenesis by enhancing cell cycle progression and increasing cellular proliferation. Additionally, cyclin D3 may interact with CDK (cyclin-dependent kinase) partners to phosphorylate specific substrates, thereby influencing cell cycle checkpoints and apoptosis. These mechanisms underscore the potential of CCND3 as a contributor to cancer pathogenesis.",0
GALNT16,1677,0.3333333333333333,0.0,0.0,0.6,0.0,1.0,0.0666666666666666,0.0,1.0,0.0,1.5,1.6666666666666667,1.0,1.0,0.6082725060827251,0.9106644140109418,909703.3,431.0,0.03773793,0.0,1.0,0.0,0.0,0.0,0.0,0.0,0.0,1.0,0.0,0.0,0.0,0.0,1.0,9.0,0.0,0.0,0.0,0.0,0.0,5.0,0.0,0.0,1.0,0.0,0.0,0.0,15.0,0.0,15.0,18.65393333,91.92163521,19.74408514828688,3.508707694410638,0.2279735766423357,0.0243874459172606,137.0,-0.2855448780487803,0.0223246380810165,287.0,0.2669428301886792,0.0236617023494178,424.0,2.990715291561214,0.1288659438479267,0.0746034014779892,0.0171854172042724,20.060674391099585,2.322449260305919,"The GALNT16 gene, which encodes a member of the polypeptide N-acetylgalactosaminyltransferase family, has been implicated in the modulation of glycosylation patterns on proteins. Alterations in glycosylation processes are known to affect cell-cell interactions, cell signaling, and tumor microenvironment, potentially contributing to cancer progression and metastasis. Dysregulation of GALNT16 may influence the expression of specific glycan structures on tumor cells, which can enhance their invasive properties or evade immune recognition. Furthermore, aberrant glycosylation is associated with various malignancies, suggesting that GALNT16 might play a role in the development or progression of certain cancers through these mechanisms. However, the specific relationship between GALNT16 and cancer remains to be fully elucidated and warrants further investigation.",0
TPD52L1,615,0.25,0.0,0.25,0.5,0.0,1.0,0.0,0.0,1.0,0.0,1.0,1.5,0.5614823133071308,1.0,0.4154549231408392,0.7803826999588429,124606.5,243.0,-0.02596812,1.7476943380802546e-05,19.0,1.0,0.0,0.0,0.0,0.0,0.0,0.0,0.0,0.0,0.0,0.0,0.0,2.0,0.0,0.0,0.0,0.0,0.0,1.0,1.0,0.0,0.0,0.0,0.0,0.0,5.0,0.0,5.0,22.966,129.22918,24.32329959000016,1.562237331694211,0.2515675471698112,0.0260270542453548,106.0,-0.2683125093632959,0.0218020847361606,267.0,0.2635538873994636,0.0229932004888797,373.0,3.3607721323080546,0.0509135091886863,0.0984743180608875,0.0152253545216375,22.91923448566761,2.0767908020695347,"The TPD52L1 gene has been implicated in cancer through its association with cellular processes such as proliferation, apoptosis, and invasion, often linked to tumorigenesis. It is thought to function through the regulation of microtubule dynamics and endosomal trafficking, which are critical for maintaining cellular structure and function. Dysregulation or overexpression of TPD52L1 may contribute to cancer progression by enhancing cellular motility and promoting an aggressive phenotype in certain tumors. Additionally, its interaction with other oncogenic pathways suggests a potential role in modulating the tumor microenvironment and influencing metastatic behavior. Further research is needed to elucidate the specific mechanisms by which TPD52L1 may operate in various cancer contexts.",0
PHC3,2988,0.1666666666666666,0.0555555555555555,0.0,0.6666666666666666,0.0,1.0,0.0555555555555555,0.0555555555555555,0.9733541703813188,0.0,3.0,3.75,0.7961783439490446,1.0,0.2549069589599796,0.6033282353370931,396499.6,426.0,0.03191155,1.4914273672084216e-05,23.0,0.0,0.0,0.0,0.0,0.0,0.0,1.0,0.0,0.0,0.0,1.0,4.0,12.0,1.0,0.0,0.0,0.0,0.0,3.0,0.0,0.0,1.0,0.0,1.0,0.0,20.0,0.0,16.0,19.935,87.956974,22.89171441630968,1.6467245845092664,0.4217130456852793,0.1228483307362473,394.0,-0.2413123636363636,0.0216549832480134,55.0,0.3996149665924277,0.1138826951777331,449.0,3.706341732290419,0.0080901839938528,0.0507120919386594,0.0060396342991748,24.6747746117536,4.697464618529031,"The PHC3 gene has been implicated in cancer through its role in chromatin remodeling and gene expression regulation. It encodes a protein that is a member of the polyhomeotic family, which is involved in maintaining the epigenetic state of genes. Dysregulation of PHC3 can lead to aberrant silencing or activation of genes critical for cell cycle control, apoptosis, and differentiation. This disruption in normal cellular processes may contribute to oncogenesis by promoting uncontrolled cellular proliferation and survival. Additionally, alterations in PHC3 expression have been observed in various cancer types, suggesting a potential contribution to tumorigenesis through mechanisms such as modulation of the tumor microenvironment and interactions with other oncogenic pathways.",0
SHOC2,1749,0.2352941176470588,0.1764705882352941,0.0,0.5882352941176471,0.0,1.0,0.0,0.0,0.9315714232285016,0.0,2.0,2.6,0.2442002442002442,1.0,0.9345794392523364,0.9978118210035652,313829.9,252.0,0.01585777,1.862968440940914e-05,12.0,0.0,0.0,0.0,0.0,0.0,0.0,0.0,0.0,0.0,0.0,0.0,3.0,10.0,3.0,0.0,0.0,0.0,0.0,4.0,0.0,0.0,1.0,0.0,0.0,0.0,19.0,0.0,19.0,21.26936842,147.4936216,23.73060312843497,0.4042231199257243,0.2084667307692307,0.013194842061053,104.0,-0.3280390522875819,0.0445892472407382,306.0,0.2977085121951222,0.0392874259823776,410.0,3.5600838227337506,0.0037093109885349,0.0750755479638952,0.0119666487207519,18.52994304931041,1.5312334061311463,"Yes, there is a relationship between the SHOC2 gene and cancer. SHOC2 encodes a scaffold protein that plays a crucial role in the RAS-MAPK signaling pathway, which is frequently dysregulated in various cancers. Mutations or aberrant expression of SHOC2 can lead to enhanced RAS signaling, promoting cell proliferation, survival, and metastasis. This aberration may also disrupt feedback mechanisms that normally limit RAS activation, contributing to tumorigenesis. Additionally, SHOC2's interaction with other signaling molecules can further influence cellular responses to growth factors and stress, creating an environment conducive to oncogenesis.",0
CXADR,1098,0.0,0.0909090909090909,0.0,0.8181818181818182,0.0,1.0,0.0909090909090909,0.0,0.9474427588512933,0.0,9.0,11.0,0.6116207951070336,1.0,0.0323195759671633,0.1432430162322864,100910.1,366.0,-0.01713373,0.0001352677964531,14.0,0.0,0.0,0.0,0.0,0.0,0.0,1.0,0.0,0.0,0.0,0.0,0.0,8.0,1.0,0.0,0.0,0.0,0.0,0.0,2.0,0.0,2.0,0.0,0.0,0.0,10.0,0.0,9.0,26.146,36.05449333,23.866836971765967,2.176331732949228,0.2515321739130434,0.0213955257798375,92.0,-0.2658681376518219,0.0300038936908265,247.0,0.261977551622419,0.0276382461333368,339.0,3.548684757084456,0.031282447359672,0.0708632993624376,0.0027688424640328,21.914758636401736,0.7383393392634756,"The CXADR gene, which encodes the coxsackievirus and adenovirus receptor, has been implicated in various cancers, primarily due to its role in cell adhesion and signaling. The downregulation of CXADR has been associated with increased cell proliferation and metastasis in several tumor types, suggesting that loss of this receptor may contribute to the malignant transformation of cells. Mechanistically, CXADR may influence tumor progression by modulating the interaction between cancer cells and the extracellular matrix, affecting cellular migration and invasion. Additionally, its involvement in immune response regulation could impact tumor immunity, further influencing cancer development and progression. However, the precise mechanisms linking CXADR to cancer remain an area of active investigation.",0
CYTIP,1080,0.25,0.1666666666666666,0.0,0.4166666666666667,0.0,1.0,0.1666666666666666,0.0,0.8140380362325801,0.0,1.25,2.25,0.1787949222242088,1.0,0.8710801393728222,0.9913077507816852,79169.23,895.0,0.01846192,3.105789274863873e-06,8.0,0.0,0.0,0.0,0.0,0.0,0.0,2.0,0.0,0.0,0.0,0.0,0.0,5.0,2.0,0.0,0.0,0.0,1.0,3.0,0.0,0.0,2.0,0.0,0.0,0.0,11.0,0.0,13.0,21.13727273,138.4592418,19.586548404370976,2.175162446285065,0.2313123809523809,0.0206438100364091,210.0,-0.2017927397260274,0.0098048817729452,73.0,0.2236977738515901,0.0179706088081472,283.0,3.3296555363224267,0.0366781964156719,0.111514500398345,0.0145173604745375,22.048838856376484,1.811852270606672,"The CYTIP gene, which encodes for a protein involved in cellular signaling and cytoskeletal dynamics, has been implicated in various cellular processes, including cell adhesion, migration, and proliferation. Dysregulation of CYTIP expression or function may contribute to carcinogenesis through mechanisms such as altered cell-to-cell interactions, enhanced migratory capacities, and the modification of intracellular signaling pathways that promote oncogenic transformations. Additionally, aberrant CYTIP activity could influence the tumor microenvironment and immune responses, potentially facilitating tumor growth and metastasis. However, the specific relationship between CYTIP and cancer remains an area of ongoing research, and its exact role in different cancer types needs further elucidation.",0
KCNJ4,1338,0.3529411764705882,0.1176470588235294,0.0,0.5294117647058824,0.0,1.0,0.0,0.0,0.9424351665604174,0.0,1.2857142857142858,1.5714285714285714,0.1716443529007895,1.0,0.165892501658925,0.4639043266032268,1466610.0,215.0,0.02299567,5.346360827235115e-06,11.0,0.0,0.0,0.0,0.0,0.0,0.0,0.0,0.0,0.0,0.0,0.0,0.0,9.0,2.0,0.0,0.0,0.0,0.0,5.0,0.0,0.0,0.0,0.0,0.0,0.0,16.0,0.0,15.0,25.392125,160.9702984,18.526156335850583,0.2431655872387501,0.2389630708661418,0.0263558100579552,127.0,-0.2905124028268552,0.025813670062291,283.0,0.2745446829268294,0.0264871185403637,410.0,1.042230028691508,1.0245735017094302,0.0867898841349316,0.0076609539414598,17.750995086725016,0.8257090462785781,"The KCNJ4 gene encodes an inwardly rectifying potassium channel that plays a crucial role in maintaining the resting membrane potential and regulating cellular excitability. Dysregulation of KCNJ4 and its associated potassium ion transport mechanisms may influence cellular proliferation and apoptosis, processes that are often aberrant in cancer cells. Altered ion channel expression can lead to changes in the intracellular ion balance, potentially affecting signaling pathways involved in tumor progression and metastasis. Additionally, the KCNJ4 channel might interact with oncogenic pathways or influence the tumor microenvironment through changes in cell membrane potential. However, the specific relationship between KCNJ4 and cancer remains an area requiring further investigation.",0
AP4B1,2220,0.1052631578947368,0.0526315789473684,0.0,0.7894736842105263,0.0,1.0,0.0,0.0526315789473684,1.0,0.0,5.0,5.666666666666667,0.7917656373713381,1.0,0.0799616184231568,0.2819613408879823,335230.6,545.0,0.01264193,4.619835438584507e-07,4.0,0.0,0.0,0.0,0.0,0.0,0.0,0.0,0.0,0.0,1.0,0.0,1.0,15.0,1.0,0.0,0.0,0.0,0.0,2.0,0.0,0.0,1.0,0.0,0.0,0.0,19.0,0.0,18.0,23.08621053,108.2974678,21.84360574012214,1.1730603189366082,0.2044630833333334,0.0148116177089005,120.0,-0.2381490666666669,0.0156639519620714,225.0,0.2264322028985506,0.0155817264951331,345.0,3.347695429489882,0.0053807966573064,0.0415132398780561,0.0071010380281399,21.579400233300028,1.2432198745736789,"Yes, there is a relationship between the AP4B1 gene and cancer. AP4B1 encodes a subunit of the adaptor protein complex AP-4, which is involved in intracellular trafficking processes, particularly in the sorting and delivery of proteins to specific cellular compartments. Dysregulation of AP4B1 may interfere with the transport of tumor suppressor proteins and other key regulatory factors, potentially leading to altered cell signaling pathways that promote tumorigenesis. Additionally, its involvement in endocytic pathways can affect cell adhesion and migration, contributing to cancer metastasis. Changes in the expression or function of AP4B1 can, therefore, influence cancer progression by disrupting normal cellular homeostasis.",0
GPS2,984,0.0769230769230769,0.1538461538461538,0.0,0.3846153846153846,0.0,1.0,0.3846153846153846,0.0,0.5499186769561745,0.0,2.5,6.0,0.1086248099065826,1.0,0.6523157208088715,0.9310023482646296,1911735.0,206.0,0.03594318,0.0002005680665459,59.0,0.0,0.0,0.0,0.0,0.0,0.0,3.0,2.0,0.0,0.0,0.0,0.0,5.0,2.0,0.0,0.0,0.0,0.0,1.0,0.0,0.0,3.0,0.0,2.0,0.0,8.0,0.0,12.0,29.48375,92.92696964,23.44141412764905,0.6721063868617657,0.2877437209302325,0.1583286067624623,86.0,-0.2747470212765958,0.0196125342384995,423.0,0.276942927308448,0.0428080575691698,509.0,3.3748669424081323,0.0040144268275229,0.075448569507878,0.0083969977447678,15.325025331703303,2.604419556266593,"The GPS2 gene encodes a protein that is a component of a multi-protein complex involved in gene regulation and mitochondrial function. Research has suggested that GPS2 may play a role in modulating signaling pathways linked to cellular growth and apoptosis, which are critical in cancer biology. Specifically, GPS2 is implicated in the regulation of transcription factors, such as NF-κB, that are often activated in cancer cells, promoting proliferation and survival. Additionally, its involvement in mitochondrial dynamics and energy metabolism may influence tumor cell metabolism and resistance to therapies. Dysregulation of GPS2 has been associated with alterations in the hallmarks of cancer, highlighting its potential relevance in oncogenesis and tumor progression, though the full extent of its role in specific cancer types remains an area of ongoing investigation.",0
OR5T3,1023,0.25,0.0714285714285714,0.0,0.6785714285714286,0.0,1.0,0.0,0.0,0.9851418144516784,0.0,2.375,2.625,0.4686035613870666,1.0,0.4570383912248629,0.8148939143326027,10316.77,969.0,-0.04259914,0.0,0.0,0.0,0.0,0.0,0.0,0.0,0.0,0.0,0.0,0.0,0.0,0.0,0.0,19.0,2.0,0.0,0.0,0.0,0.0,7.0,0.0,0.0,0.0,0.0,0.0,0.0,28.0,0.0,24.0,13.06357143,81.15069744,21.88701420269522,1.8204614569819408,0.2122168055555554,0.0317755936260877,144.0,-0.2600034426229508,0.0258618598690421,122.0,0.2341339849624061,0.0295245776889658,266.0,0.0071477604862375,0.0100110096744134,0.111514500398345,0.0145173604745375,20.060674391099585,2.322449260305919,"The OR5T3 gene encodes a member of the olfactory receptor family, primarily involved in sensory perception. While the direct relationship between OR5T3 and cancer is not well established, potential mechanisms could involve aberrant expression profiles in various tumor types. Altered olfactory receptor signaling may affect cell proliferation, apoptosis, or the tumor microenvironment, potentially influencing cancer progression. Additionally, the modulation of signaling pathways linked to cell growth or differentiation by olfactory receptors has been hypothesized, warranting further investigation into their role in oncogenesis. However, definitive conclusions regarding the involvement of OR5T3 in cancer remain elusive and necessitate more focused research.",0
SRSF12,786,0.1428571428571428,0.1428571428571428,0.0,0.7142857142857143,0.0,1.0,0.0,0.0,1.0,0.0,2.5,3.0,0.3472222222222222,1.0,0.5882352941176471,0.9003695594483355,376031.8,446.0,0.02683385,2.985215421901249e-07,8.0,0.0,0.0,0.0,0.0,0.0,0.0,0.0,0.0,0.0,0.0,0.0,0.0,5.0,1.0,0.0,0.0,0.0,0.0,1.0,0.0,0.0,0.0,0.0,0.0,0.0,7.0,0.0,7.0,24.33557143,89.47069729,19.51225429536959,2.1219105819883874,0.2168788695652173,0.0142000396680091,115.0,-0.2699453571428572,0.0247797299181986,252.0,0.25331689373297,0.0220242762203793,367.0,2.76558985657544,0.1939242387154374,0.0663023104872006,0.0114658418179508,21.765095742336808,2.763775904137245,"Yes, there is a relationship between the SRSF12 gene and cancer. SRSF12, a member of the serine/arginine-rich splicing factor family, plays a crucial role in mRNA splicing and has been implicated in the regulation of alternative splicing events that can contribute to oncogenesis. Alterations in SRSF12 expression or splicing activity can lead to the generation of protein isoforms that drive tumor progression, affect cell proliferation, and enhance survival by modulating pathways associated with cancer cell metabolism and apoptosis. Furthermore, dysregulation of SRSF12 can influence the splicing of oncogenes and tumor suppressor genes, thereby facilitating the malignant transformation of cells and contributing to the heterogeneity of cancer phenotypes. Such mechanisms position SRSF12 as a potential player in various cancers, linking splicing regulation to tumor biology.",0
ACAD8,1248,0.4444444444444444,0.0,0.0,0.5555555555555556,0.0,1.0,0.0,0.0,1.0,0.0,1.0,1.0,1.0,1.0,0.2283105022831049,0.5655362384448299,270350.2,623.0,0.02142897,2.625149318318504e-05,7.0,0.0,0.0,0.0,0.0,0.0,0.0,0.0,0.0,0.0,0.0,0.0,4.0,4.0,0.0,0.0,0.0,0.0,0.0,4.0,0.0,0.0,0.0,0.0,0.0,0.0,12.0,0.0,9.0,11.7625,107.0045666,24.49543935671103,0.6418750298656029,0.2226352892561983,0.0236648689017906,121.0,-0.29625703539823,0.0313904060813943,226.0,0.2705848991354467,0.0298548319400909,347.0,3.3584554847295736,0.0082740905070527,0.0787041392069969,0.0109724503104689,15.072774395617468,1.4188059864043878,"The ACAD8 gene, which encodes the enzyme acyl-CoA dehydrogenase family member 8, plays a role in fatty acid metabolism and has been implicated in cellular energy homeostasis. Alterations in fatty acid metabolism are increasingly recognized to contribute to cancer progression, as cancer cells often reprogram their metabolic pathways to support rapid growth and proliferation. Dysregulation of ACAD8 or its associated metabolic pathways may lead to an accumulation of detrimental fatty acid metabolites or a disruption in cellular signaling, thereby promoting tumorigenesis and influencing cancer cell survival. Furthermore, metabolic changes associated with ACAD8 dysfunction may affect the tumor microenvironment and modulate immune responses, potentially contributing to cancer development and progression.",0
SIN3B,3489,0.21875,0.0,0.03125,0.75,0.0,1.0,0.0,0.0,0.9875,0.0,3.0,3.125,0.7163323782234957,1.0,0.4132231404958678,0.7784163389126426,854783.9,305.0,0.03503775,4.482324345791288e-05,45.0,0.0,0.0,0.0,0.0,0.0,0.0,0.0,0.0,0.0,0.0,0.0,0.0,24.0,0.0,0.0,0.0,0.0,0.0,7.0,2.0,0.0,1.0,0.0,0.0,0.0,32.0,0.0,26.0,19.27984375,87.91883917,22.96877233348957,1.5869600215223147,0.3248052976190476,0.0515256707017072,168.0,-0.2225634123222748,0.0142867315197291,211.0,0.2678843535620052,0.033287595250573,378.0,3.529977984041338,0.0081068052064642,0.0834400959391966,0.0027848167999449,22.131977721216696,0.7169708676411594,"The SIN3B gene is part of the SIN3 complex, which is involved in transcriptional repression and chromatin remodeling. Its potential relationship with cancer is largely based on its role in regulating gene expression linked to cell growth, differentiation, and apoptosis. Dysregulation of SIN3B may contribute to tumorigenesis by altering the expression of genes involved in cell cycle control and survival pathways. For instance, loss of SIN3B function can lead to the upregulation of oncogenic factors or downregulation of tumor suppressor genes, promoting an oncogenic environment. Moreover, SIN3B's interactions with various transcription factors suggest that it may play a critical role in modulating signaling pathways that are frequently disrupted in cancer, thereby influencing processes such as metastasis and resistance to therapy.",0
RDH10,1026,0.2222222222222222,0.0,0.0,0.7777777777777778,0.0,1.0,0.0,0.0,1.0,0.0,2.333333333333333,2.333333333333333,1.0,1.0,0.2157031924072476,0.5465599494127493,259224.7,340.0,0.0193315999999999,0.0,1.0,0.0,0.0,0.0,0.0,0.0,0.0,0.0,0.0,0.0,0.0,0.0,4.0,7.0,0.0,0.0,0.0,0.0,0.0,2.0,0.0,0.0,0.0,0.0,0.0,0.0,13.0,0.0,12.0,17.45846154,80.74833627,22.882460143301504,1.2169891650465705,0.3266253623188404,0.0486224529919991,414.0,-0.2482923880597015,0.0171724689639077,67.0,0.3157141164241163,0.0449339710826031,481.0,3.5097867815399724,0.0309859711173701,0.047145488039709,0.0139688280716816,20.060674391099585,2.322449260305919,"Yes, there is a relationship between the RDH10 gene and cancer. RDH10 encodes a retinol dehydrogenase involved in retinoic acid metabolism, a process that plays a crucial role in regulating cell growth, differentiation, and apoptosis. Dysregulation of retinoic acid signaling has been associated with various malignancies, as altered retinoid levels can influence the expression of genes implicated in tumorigenesis. Additionally, mutations or aberrant expression of RDH10 may lead to imbalances in the retinoic acid pathway, promoting unchecked cellular proliferation and tumor development. Research suggests that the loss of RDH10 function may correlate with aggressive cancer phenotypes, highlighting its potential role as a tumor suppressor.",0
IQCA1,2493,0.2941176470588235,0.0294117647058823,0.0294117647058823,0.5882352941176471,0.0,1.0,0.0294117647058823,0.0294117647058823,0.9493860300752944,0.0,1.818181818181818,2.1818181818181817,0.7974481658692185,1.0,0.9017132551848512,0.995003343884788,112916.2,599.0,0.0108885,0.0,0.0,0.0,0.0,0.0,0.0,0.0,0.0,1.0,0.0,0.0,1.0,0.0,1.0,19.0,1.0,0.0,0.0,0.0,0.0,10.0,1.0,0.0,2.0,0.0,0.0,0.0,32.0,0.0,22.0,12.90171875,111.495565,17.436677080321317,2.3763021567152207,0.2174328571428571,0.0169838238326839,133.0,-0.2729779220779221,0.0212733288322553,153.0,0.2472375261324043,0.0199890414676347,285.0,2.927258537195233,0.1422474079363355,0.4015973580555919,0.0402036072038989,13.078339556122456,1.61939544055303,"The relationship between the IQCA1 gene and cancer is currently not well established. However, studies have suggested that genes in the IQCA family may be involved in cellular processes such as mitosis and cell division, which are critical in the context of cancer biology. Dysregulation of genes associated with cell cycle control can lead to malignant transformation and tumor progression. The potential mechanisms could involve alterations in the regulation of cyclins and cyclin-dependent kinases, impacting cell proliferation and survival. Further research is needed to elucidate the specific pathways through which IQCA1 may contribute to oncogenesis or cancer progression.",0
KPNA1,1617,0.0,0.125,0.125,0.625,0.0,1.0,0.125,0.0,0.8018796874098554,0.0,5.0,8.0,0.341180484476288,1.0,0.9057971014492754,0.9954166194337896,413070.0,404.0,0.03434013,0.0002103816644737,73.0,0.0,0.0,0.0,0.0,0.0,0.0,1.0,0.0,0.0,0.0,0.0,3.0,5.0,1.0,0.0,0.0,0.0,0.0,0.0,1.0,0.0,1.0,0.0,0.0,0.0,10.0,0.0,9.0,26.865,43.54780556,24.654616679582173,0.3290427611818208,0.2701243877551019,0.0304821807898969,294.0,-0.2526926923076924,0.0190566707674383,104.0,0.2655693718592963,0.0274998996109394,398.0,3.6037915423917175,0.0022401835399583,0.0401515958951711,0.007672147627372,21.15467863460871,0.7681787037770182,"Yes, there is evidence suggesting a relationship between the KPNA1 gene and cancer. KPNA1 encodes Karyopherin Alpha 1, a protein involved in the nuclear transport of various proteins, including those implicated in cell cycle regulation and apoptosis. Dysregulation of KPNA1 can lead to aberrant transport of oncogenic proteins and tumor suppressors, thereby influencing pathways that promote cell proliferation and inhibit programmed cell death. Increased expression of KPNA1 has been associated with poor prognosis in several cancer types, as it may facilitate the accumulation of oncogenic factors in the nucleus and support cellular transformation. Moreover, KPNA1 may also impact the response to cancer therapies by modulating the localization and activity of factors involved in DNA repair and stress responses.",0
SPRY1,960,0.3333333333333333,0.0,0.0,0.5,0.0,1.0,0.1666666666666666,0.0,1.0,0.0,1.0,1.3333333333333333,1.0,1.0,0.4006410256410257,0.7671031452352488,98850.15,613.0,0.02070411,0.00018862108039,38.0,0.0,0.0,0.0,0.0,0.0,0.0,0.0,1.0,0.0,0.0,0.0,0.0,3.0,0.0,0.0,0.0,0.0,0.0,2.0,0.0,0.0,0.0,0.0,1.0,0.0,5.0,0.0,6.0,19.7056,71.0760768,20.046891485973784,3.38046811833274,0.1893328571428571,0.0094484944890977,77.0,-0.2655827952755906,0.0219672881387958,254.0,0.2478448942598187,0.0200586303014281,331.0,3.4511302278207108,0.0178516961435301,0.0559128606602984,0.0110837945612829,18.926285022208354,2.751739728830412,"The SPRY1 gene has been implicated in cancer through its role in regulating growth factor signaling pathways. SPRY1 acts as a negative regulator of receptor tyrosine kinases, particularly in the context of fibroblast growth factor (FGF) and epidermal growth factor (EGF) signaling. Dysregulation of these pathways can lead to aberrant cell proliferation and survival, which are hallmarks of cancer. Additionally, SPRY1 may influence cell migration and invasion, impacting tumor metastasis. Alterations in SPRY1 expression or function have been observed in various cancers, suggesting that its modulation could contribute to tumorigenesis and cancer progression through effects on cellular signaling and microenvironment interactions.",0
CTAGE9,2334,0.108695652173913,0.0217391304347826,0.0,0.7391304347826086,0.0,1.0,0.1304347826086956,0.0,0.8754289796180819,0.0,5.666666666666667,6.833333333333333,0.9523809523809524,1.0,0.1129050468555944,0.3591744503587496,649122.9543319192,444.4009897808343,0.0198885680771551,0.0,0.0,0.0,0.0,0.0,0.0,0.0,0.0,4.0,2.0,0.0,0.0,0.0,0.0,34.0,1.0,0.0,0.0,0.0,0.0,5.0,0.0,0.0,4.0,0.0,2.0,0.0,40.0,0.0,22.0,6.648475,45.24957677,17.986376043165908,0.3844279989045051,0.2466129411764705,0.0246263416863133,102.0,-0.2681371969696969,0.0218345908179686,264.0,0.2621386338797812,0.0226406689082655,366.0,2.234610054109296,0.939624821146031,0.111514500398345,0.0145173604745375,20.060674391099585,2.322449260305919,"The CTAGE9 gene, implicated in various biological processes, has shown associations with different cancer types, particularly due to its involvement in cell proliferation and apoptosis. One proposed mechanism is its potential role in modulating immune responses, as changes in its expression may influence tumor microenvironment interactions and immune evasion strategies. Additionally, CTAGE9 may participate in cellular stress responses, which can affect tumor progression. Dysregulation of this gene may lead to enhanced survival and proliferation of malignant cells, thereby contributing to cancer development and progression. Further investigation is needed to elucidate the specific pathways through which CTAGE9 may influence oncogenesis.",0
VWCE,2868,0.3823529411764705,0.0,0.0,0.5294117647058824,0.0,1.0,0.088235294117647,0.0,0.9725109279850382,0.0,1.2857142857142858,1.5,1.0,1.0,0.6798096532970768,0.9421770507269208,1124603.0,480.0,0.04289541,0.0,0.0,0.0,0.0,0.0,0.0,0.0,0.0,2.0,1.0,0.0,0.0,0.0,2.0,18.0,0.0,0.0,0.0,0.0,0.0,13.0,0.0,0.0,2.0,0.0,1.0,0.0,33.0,0.0,28.0,12.557,87.77223238,21.88701420269522,1.8204614569819408,0.2167096428571427,0.0169723808049075,140.0,-0.2605363200000001,0.0237220197492516,125.0,0.2373826037735849,0.0205588454034219,265.0,2.427129129112846,0.2393637992567918,0.1999828742750188,0.0364184493401609,20.060674391099585,2.322449260305919,"The VWCE gene, which encodes for the von Willebrand factor C domain-containing protein, has been implicated in various cellular processes, including cell adhesion, signaling, and the regulation of vascular functions. While specific evidence directly linking VWCE to cancer remains limited, alterations in genes involved in cell adhesion and signaling can influence tumor progression and metastasis. For instance, dysregulation of cell adhesion molecules can facilitate tumor cell detachment and invasion, contributing to cancer metastasis. Additionally, abnormal intracellular signaling pathways associated with VWCE could potentially affect cell proliferation and apoptosis, further implicating this gene in cancer biology. However, direct evidence connecting VWCE with cancer-specific mechanisms is still required for a comprehensive understanding of its role in oncogenesis.",0
HES2,522,0.5,0.0,0.0,0.5,0.0,1.0,0.0,0.0,1.0,0.0,0.6666666666666666,0.6666666666666666,1.0,1.0,0.6973500697350071,0.9487222748796574,643751.5,198.0,0.02167876,0.0,0.0,0.0,0.0,0.0,0.0,0.0,0.0,0.0,0.0,0.0,0.0,0.0,0.0,2.0,0.0,0.0,0.0,0.0,0.0,2.0,0.0,0.0,0.0,0.0,0.0,0.0,4.0,0.0,4.0,15.84775,76.65338025,21.88701420269522,1.8204614569819408,0.2427394059405939,0.0242684079776435,101.0,-0.2663493846153846,0.0225909856536738,260.0,0.2597438227146815,0.0231068192992351,361.0,3.087862308548229,0.1172797795537276,0.1757379037631583,0.0151314698913716,20.060674391099585,2.322449260305919,"Yes, there is evidence suggesting a potential relationship between the HES2 gene and cancer. HES2 is part of the hairy and enhancer of split (HES) family of genes, which are involved in the regulation of various cellular processes, including differentiation, proliferation, and apoptosis, primarily through the Notch signaling pathway. Dysregulation of HES2 expression can contribute to oncogenesis by disrupting normal cellular signaling, leading to aberrant cell growth and survival. In particular, increased HES2 expression has been implicated in the maintenance of cancer stem cells and contributes to tumorigenic properties in several cancer types. Moreover, HES2 may also influence the epithelial-mesenchymal transition (EMT), a process associated with increased invasiveness and metastasis in cancer. Thus, the altered regulation of HES2 can play a significant role in the progression and aggressiveness of tumors.",0
CCDC39,2826,0.2156862745098039,0.0980392156862745,0.0,0.6274509803921569,0.0,1.0,0.0588235294117647,0.0,0.9170393249934674,0.0,2.6666666666666665,3.333333333333333,0.7674597083653109,1.0,0.8116883116883117,0.9810380398630908,182757.5,1031.0,0.001588749,6.883185950099395e-08,2.0,0.0,2.0,0.0,0.0,0.0,0.0,2.0,1.0,0.0,0.0,0.0,1.0,31.0,5.0,0.0,1.0,0.0,0.0,11.0,1.0,0.0,2.0,1.0,2.0,0.0,50.0,0.0,44.0,20.01308,121.1620091,18.90841756307914,1.565851784185376,0.3950123262032085,0.0956093864709817,374.0,-0.244525,0.0207842905682539,64.0,0.3730233105022832,0.0874354758771162,438.0,1.6018282920197306,1.2101093360193516,0.0867229635235131,0.0196966760843623,16.882251777304045,1.5213352646647318,"The CCDC39 gene encodes a protein that is part of the ciliary structure, and its potential relationship with cancer is thought to be linked to the dysfunction of primary cilia. Primary cilia play critical roles in cell signaling pathways that regulate cell proliferation, differentiation, and tumor suppression. Dysregulation of these pathways due to altered ciliary function can contribute to tumorigenesis. In some cancers, mutations or aberrant expression of CCDC39 may lead to impaired ciliary formation and signaling, subsequently promoting cancer cell growth and metastasis. Further research is needed to elucidate the specific mechanisms by which CCDC39 may influence cancer progression.",0
FAM83F,1503,0.3571428571428571,0.0714285714285714,0.0,0.3571428571428571,0.0,1.0,0.2142857142857142,0.0,0.8499145514073181,0.0,0.8333333333333334,1.5,0.3100775193798449,1.0,0.3840245775729647,0.7515548096568059,712105.5,370.0,0.02795911,1.1670801020773695e-06,2.0,0.0,0.0,0.0,0.0,0.0,0.0,2.0,1.0,0.0,0.0,0.0,0.0,5.0,1.0,0.0,0.0,0.0,0.0,5.0,0.0,0.0,2.0,0.0,1.0,0.0,11.0,0.0,14.0,15.36827273,150.0266602,21.25742653371568,4.150615113175991,0.2313181746031747,0.0199170329750412,126.0,-0.2999278231292517,0.0281338511092382,290.0,0.2793449285714287,0.0266062766928349,416.0,3.247681595561286,0.1795294783703711,0.2365991091181379,0.0304617885147905,21.191697399421308,3.386300608896512,"Yes, there is a relationship between the FAM83F gene and cancer. FAM83F has been implicated in the regulation of cellular processes associated with tumorigenesis, such as cell proliferation, invasion, and the epithelial-to-mesenchymal transition (EMT). It is reported to act as an oncogene in various cancer types, including breast and colorectal cancer. Mechanistically, FAM83F can disrupt normal signaling pathways, such as the phosphoinositide-3-kinase (PI3K)/AKT pathway, leading to increased cell survival and resistance to apoptosis. Additionally, aberrant expression of FAM83F has been correlated with poor prognosis in cancer patients, indicating its potential role in promoting aggressive tumor behavior and metastasis. Thus, FAM83F could serve as a critical player in cancer biology through its influence on oncogenic signaling and cell cycle regulation.",0
LIN7B,624,0.3333333333333333,0.3333333333333333,0.0,0.3333333333333333,0.0,1.0,0.0,0.0,1.0,0.0,0.5,1.0,0.2865329512893982,1.0,0.7541478129713424,0.9669433572878362,2011861.0,267.0,0.04660129,1.3900860633664675e-05,9.0,0.0,0.0,0.0,0.0,0.0,0.0,0.0,0.0,0.0,0.0,0.0,1.0,1.0,1.0,0.0,0.0,0.0,0.0,1.0,0.0,0.0,0.0,0.0,0.0,0.0,4.0,0.0,4.0,28.6675,237.1768917,19.99311581216799,4.997454733492526,0.262034342857143,0.0330257297120656,175.0,-0.260028875739645,0.0202629231909904,169.0,0.2610490988372093,0.0266792823440834,344.0,2.7263615906905976,0.0326648290699043,0.0821701094354527,0.0055700766601843,18.44808576901692,1.2710485881494524,"Yes, there is emerging evidence suggesting a relationship between the LIN7B gene and cancer. LIN7B encodes a protein that is part of the prominent members of the Lin-2 (LIN2) protein family, which are involved in maintaining the structure and stability of cell adherens junctions and tight junctions. Disruption of these junctions can contribute to increased cellular motility and invasion, facilitating metastasis—a key feature of cancer progression. Furthermore, LIN7B has been implicated in the regulation of signaling pathways related to cellular proliferation and apoptosis. Aberrant expression or mutations in LIN7B may influence cancer cell behavior, leading to alterations in tumorigenesis, although the specific pathways and mechanisms remain an area of active research.",0
VPS13D,13167,0.2325581395348837,0.0581395348837209,0.0,0.6744186046511628,0.0,1.0,0.0348837209302325,0.0,0.952954695622502,0.0,2.761904761904762,3.142857142857143,0.8183306055646481,1.0,0.449438202247191,0.8088795126373949,490718.2,340.0,0.02762117,2.572394363956294e-07,4.0,0.0,0.0,0.0,0.0,0.0,0.0,1.0,2.0,0.0,0.0,0.0,3.0,58.0,5.0,0.0,0.0,0.0,0.0,20.0,0.0,0.0,1.0,0.0,2.0,0.0,86.0,0.0,59.0,19.32690698,118.577127,22.922144249145965,0.7829921869901224,0.2381207142857141,0.019653799734536,97.0,-0.2593088671875,0.0173775619575352,255.0,0.2534432203389831,0.0180439465221779,352.0,3.735789855236665,0.0194921432043326,0.111514500398345,0.0145173604745375,23.63883577503949,0.4890401691350804,"The VPS13D gene is involved in intracellular vesicle trafficking and mitochondrial function, processes that are critical for maintaining cellular homeostasis. Dysregulation of these pathways can lead to altered cell metabolism and proliferation, which are hallmarks of cancer. Additionally, VPS13D has been implicated in autophagy, a mechanism that can either suppress or promote tumor growth depending on the context. Changes in VPS13D expression or function could potentially influence the tumor microenvironment, immune evasion, and response to stress, making it a candidate for investigation in the context of cancer biology. However, the specific relationship between VPS13D and cancer remains an area of ongoing research.",0
AK5,1689,0.2083333333333333,0.1666666666666666,0.1666666666666666,0.4583333333333333,0.0,1.0,0.0,0.0,0.7818957080144684,0.0,1.8333333333333333,3.1666666666666665,0.00725,1.0,0.7102272727272727,0.953245921687394,484699.3,536.0,-0.008071406,1.8151959906919063e-06,8.0,0.0,0.0,0.0,0.0,0.0,0.0,0.0,0.0,0.0,0.0,0.0,0.0,10.0,4.0,0.0,0.0,0.0,0.0,5.0,5.0,0.0,0.0,0.0,0.0,0.0,24.0,0.0,19.0,25.1265,115.1255914,21.426154105208624,6.694507428341765,0.2105499999999999,0.0140018051766666,119.0,-0.2299609313725491,0.0116028115119361,204.0,0.2227340923076922,0.0125438407785716,323.0,2.75663757536597,0.1108512545757239,0.1143010304243638,0.0171835017179982,19.652846659037827,3.094510203732367,"Yes, there is a potential relationship between the AK5 gene and cancer. The AK5 gene encodes adenylate kinase 5, an enzyme involved in the regulation of cellular energy homeostasis and nucleotide metabolism. Dysregulation of energy metabolism is a hallmark of cancer, where altered ATP production can affect cell proliferation and survival. Additionally, variations in the AK5 gene may influence the tumor microenvironment and the response to cellular stress, contributing to cancer progression. Changes in adenylate kinase activity can also impact signaling pathways, including those involved in apoptosis and cell cycle regulation, further linking AK5 to oncogenic processes.",0
GPRIN1,3027,0.3333333333333333,0.0416666666666666,0.0,0.625,0.0,1.0,0.0,0.0,1.0,0.0,1.6666666666666667,1.7777777777777777,0.6476683937823834,1.0,0.3073140749846343,0.6699093450512742,579629.9,359.0,0.04016113,2.014350109955098e-06,3.0,1.0,0.0,0.0,0.0,0.0,0.0,0.0,0.0,0.0,0.0,0.0,0.0,15.0,1.0,0.0,0.0,0.0,0.0,8.0,0.0,0.0,0.0,0.0,0.0,0.0,25.0,0.0,24.0,14.36956,97.43186717,22.24758307400832,3.074511949965528,0.2793769417475727,0.0186968824974307,206.0,-0.2486648598130841,0.0172124163358957,214.0,0.2637284047619047,0.0181339117337259,420.0,3.079217375564613,0.0441965168540521,0.1042813498952956,0.0056641350647241,21.798165293759507,1.934425545149964,"The GPRIN1 gene has been implicated in various cancers, with emerging evidence suggesting that its expression may influence tumor progression and metastasis. GPRIN1 is involved in cellular signaling pathways and may modulate processes such as cell proliferation and apoptosis. Dysregulation of GPRIN1 could lead to alterations in these pathways, thereby contributing to the tumorigenic process. Furthermore, GPRIN1 has been associated with the regulation of the actin cytoskeleton, which plays a crucial role in cell motility and invasion—key factors in cancer metastasis. However, the specific molecular mechanisms by which GPRIN1 impacts cancer biology are still under investigation, indicating a need for further research to elucidate its role in oncogenesis.",0
RUNX1T1,1992,0.24,0.02,0.04,0.64,0.0,1.0,0.06,0.0,0.937951023500385,0.0,2.4615384615384617,2.923076923076923,0.5189413596263622,1.0,0.3362474781439139,0.7027262434559393,5154.615,1075.0,-0.02981759,0.0001671774173926,58.0,0.0,0.0,0.0,0.0,0.0,0.0,2.0,0.0,0.0,0.0,0.0,22.0,32.0,1.0,0.0,0.0,0.0,0.0,12.0,4.0,0.0,3.0,0.0,0.0,0.0,70.0,0.0,63.0,21.55615714,72.97860599,17.49748139737951,3.245649723382679,0.3428391037735847,0.0549584739259088,424.0,-0.2597626984126984,0.0318400716426011,63.0,0.3320920533880903,0.0526750561105897,487.0,3.075545144805093,0.0739381177800649,0.2195260008219757,0.0288390840006435,21.51723728921432,1.775236019219506,"Yes, there is a relationship between the RUNX1T1 gene and cancer, particularly in hematological malignancies. RUNX1T1, also known as ETO (eight twenty-one), is involved in chromosomal translocations that lead to the formation of fusion genes, most notably the RUNX1-RUNX1T1 fusion, which is commonly associated with acute myeloid leukemia (AML) and acute promyelocytic leukemia (APL). The RUNX1-RUNX1T1 fusion results in a loss of normal RUNX1 activity, a critical transcription factor for hematopoiesis, thereby disrupting normal gene regulation and promoting leukemogenesis. Additionally, RUNX1T1 influences various cellular pathways, including apoptosis and proliferation, and may modulate the epigenetic landscape, contributing to the malignant transformation of hematopoietic cells. Overall, aberrations in RUNX1T1 can lead to altered gene expression patterns that drive cancer development and progression.",0
LHX5,1209,0.4705882352941176,0.0,0.0,0.5294117647058824,0.0,1.0,0.0,0.0,0.9712175832802088,0.0,1.0,1.0,1.0,1.0,0.3508771929824561,0.7183575418528279,444269.3,468.0,0.02458415,0.0,0.0,0.0,0.0,0.0,0.0,0.0,0.0,0.0,0.0,0.0,0.0,0.0,0.0,9.0,0.0,0.0,0.0,0.0,0.0,8.0,0.0,0.0,0.0,0.0,0.0,0.0,17.0,0.0,15.0,20.44529412,73.50110147,21.88701420269522,1.8204614569819408,0.2183990070921986,0.0121218892761499,141.0,-0.2187353020134228,0.0137114595331851,149.0,0.2185717931034481,0.0128940093517909,290.0,0.9352616112791352,1.061880098217466,0.2215018370429067,0.0327998823503865,20.060674391099585,2.322449260305919,"The LHX5 gene, which encodes a transcription factor involved in various developmental processes, has been implicated in cancer, particularly in the context of neural and endocrine tumors. Dysregulation of LHX5 expression may affect cellular differentiation and proliferation, potentially leading to oncogenic transformations. Mechanistically, altered LHX5 activity can disrupt key signaling pathways, such as those involving neurotrophic factors and endocrine signaling, which are critical for maintaining normal cellular homeostasis. Additionally, LHX5 can influence gene networks that govern cell cycle regulation and apoptosis, further contributing to tumorigenesis. Experimental studies have suggested that aberrant LHX5 expression could correlate with the aggressive phenotypes of certain cancers, indicating a pathway through which it may promote malignancy.",0
LRTM2,1113,0.5,0.0,0.0,0.4,0.3,0.4056390622295664,0.0,0.1,0.8568636235841013,0.0,0.6666666666666666,0.8333333333333334,1.0,0.00042,0.37666,0.0015426866048699,245027.3,593.0,0.03035999,0.0,0.0,0.0,0.0,0.0,0.0,0.0,0.0,0.0,0.0,0.0,1.0,0.0,0.0,3.0,0.0,0.0,0.0,0.0,0.0,5.0,0.0,0.0,1.0,0.0,0.0,0.0,8.0,0.0,9.0,13.0705,151.6678614,16.838412346842382,0.2524779896083937,0.3446978125000001,0.0781282387693136,256.0,-0.253783185840708,0.0275934883236883,113.0,0.3168567479674798,0.0642965992806998,369.0,0.8412887670477165,0.9459391938382788,0.111514500398345,0.0145173604745375,20.060674391099585,2.322449260305919,"The LRTM2 gene encodes a protein involved in cellular signaling and transcriptional regulation, which has been implicated in various biological processes. While direct associations between LRTM2 and cancer are not extensively characterized, alterations in gene expression and protein function can influence pathways related to tumorigenesis, such as cell proliferation, apoptosis, and invasion. Dysregulation of LRTM2 could potentially impact these pathways by modifying transcriptional responses to oncogenic signals or by affecting the interaction with other key regulatory proteins, thereby contributing to the multifaceted nature of cancer development and progression. Further research is needed to clarify the specific role of LRTM2 in cancer biology.",0
GNAI1,1065,0.0833333333333333,0.0,0.0,0.8333333333333334,0.0,1.0,0.0833333333333333,0.0,1.0,0.0,5.0,5.5,1.0,1.0,0.00761,0.044733802935096,94842.73,475.0,-0.03394062,0.0005659409163325,64.0,0.0,0.0,0.0,0.0,0.0,0.0,1.0,0.0,0.0,0.0,0.0,0.0,9.0,0.0,0.0,0.0,0.0,0.0,1.0,1.0,0.0,1.0,0.0,0.0,0.0,11.0,0.0,11.0,26.02563636,44.52710945,23.543661016705705,1.036864811214008,0.2971858567774939,0.0255907608658665,391.0,-0.2571105633802816,0.0231016121568209,71.0,0.2910270995670999,0.0253666244327839,462.0,3.3794812457342047,0.0273252760958271,0.136342639113865,0.0119212668951905,18.67591565267365,0.9365793190712108,"The GNAI1 gene encodes a subunit of the G-protein coupled receptor (GPCR) signaling pathway, which plays a critical role in various cellular processes, including cell growth, differentiation, and apoptosis. Dysregulation of GPCR signaling has been implicated in cancer progression, and mutations or alterations in GNAI1 expression can disrupt normal signaling cascades. This misregulation may lead to aberrant cellular responses such as enhanced proliferation, survival, and migration of cancer cells. Furthermore, GNAI1 can influence downstream effectors like MAPK and PI3K pathways, which are crucial in oncogenic processes. Thus, alterations in GNAI1 may contribute to tumorigenesis and oncogenic signaling networks in certain cancers.",0
APLP2,2292,0.1739130434782608,0.0869565217391304,0.0434782608695652,0.6956521739130435,0.0,1.0,0.0,0.0,0.9542983513362336,0.0,3.2,3.8,0.4201680672268908,1.0,0.2386065378191362,0.5805152395473481,624855.4,203.0,0.01507745,6.179338485762623e-05,24.0,0.0,0.0,0.0,0.0,0.0,0.0,0.0,0.0,0.0,0.0,0.0,3.0,16.0,1.0,0.0,0.0,0.0,0.0,4.0,2.0,0.0,1.0,1.0,0.0,0.0,24.0,0.0,25.0,24.64683333,209.197347,23.58805042252462,0.8075120029945502,0.2209036885245901,0.0228931018052906,121.0,-0.2843363926940638,0.0256622178020652,219.0,0.2616419941348974,0.0255285117283646,339.0,3.894738982920415,0.0040118790706064,0.0671642885794735,0.008001624360031,23.33270383003989,4.080905182979174,"The APLP2 gene (Amyloid Beta Precursor Protein-Like 2) has been implicated in various cellular processes, including cell signaling, synaptic function, and neurodevelopment. While direct evidence linking APLP2 to cancer is limited, some studies suggest that proteins related to the amyloid precursor protein family may influence tumorigenesis through mechanisms such as modulation of cell adhesion, regulation of apoptosis, or interaction with signaling pathways that promote cell proliferation and survival. Additionally, alterations in APLP2 expression could impact the overall homeostasis of the cellular microenvironment, potentially creating conditions conducive to cancer development. Further research is needed to clarify its role in different cancer types and the underlying molecular mechanisms.",0
PEX1,3852,0.2222222222222222,0.0,0.037037037037037,0.7407407407407407,0.0,1.0,0.0,0.0,1.0000000000000002,0.0,2.857142857142857,3.0,0.9017132551848512,1.0,0.6591957811470006,0.9339055374860878,750974.3,369.0,0.02753454,8.054745101737828e-06,8.0,0.0,0.0,0.0,0.0,0.0,0.0,0.0,0.0,0.0,0.0,0.0,4.0,19.0,0.0,0.0,0.0,0.0,0.0,4.0,3.0,0.0,0.0,0.0,0.0,0.0,30.0,0.0,27.0,17.53193333,80.92171393,23.0346925527576,0.3898919535790793,0.3191890975609758,0.0435326745872031,409.0,-0.2485508823529411,0.014792842766374,68.0,0.3091401464435148,0.0400147143813202,477.0,3.5186318407349675,0.0038072607618406,0.0513490226696819,0.0087815931679947,23.12401712805188,1.2038433641030042,"The PEX1 gene encodes a protein involved in peroxisome biogenesis and function, and its mutations can lead to peroxisomal biogenesis disorders, such as Zellweger syndrome. Research indicates that alterations in peroxisome function may impact various cellular processes, including oxidative stress regulation, lipid metabolism, and inflammation—factors that are increasingly recognized as relevant to cancer biology. In particular, impaired peroxisomal activity can lead to increased reactive oxygen species (ROS) production, contributing to genomic instability, a hallmark of cancer. Additionally, lipid metabolism dysregulation may influence tumor progression and survival. Therefore, while a direct relationship between PEX1 and cancer remains incompletely understood, its role in key biological processes suggests potential implications in cancer development and progression.",0
ZNF517,1479,0.3,0.0,0.0,0.65,0.0,1.0,0.05,0.0,1.0,0.0,1.8571428571428568,2.0,1.0,1.0,0.4631773969430292,0.8196596347997547,1454261.0,384.0,0.02026641,0.0,0.0,0.0,0.0,1.0,0.0,0.0,0.0,1.0,0.0,0.0,0.0,0.0,0.0,15.0,0.0,0.0,0.0,0.0,0.0,6.0,0.0,0.0,1.0,0.0,0.0,0.0,22.0,0.0,22.0,9.171818182,36.08261625,21.88701420269522,1.8204614569819408,0.2638164016874681,0.0370683991865753,190.13201675643327,-0.2623792743604192,0.0349935889004216,187.6534410532616,0.2724842722630945,0.0397860230283488,377.6466786355476,3.0534867983526066,0.0172315155915087,0.0175392583996716,0.0021718721704078,20.060674391099585,2.322449260305919,"The ZNF517 gene, a member of the zinc finger protein family, has been implicated in cancer biology through its potential roles in transcription regulation and cellular differentiation. Abnormal expression or mutations in ZNF517 may affect oncogenic pathways and cellular responses to stress, contributing to tumorigenesis. In particular, alterations in ZNF517 have been associated with changes in gene expression profiles that influence cell proliferation, apoptosis, and metastasis. Additionally, ZNF517's interactions with chromatin remodeling complexes may impact genomic stability, further linking its dysregulation to cancer development. However, the exact mechanisms by which ZNF517 contributes to specific cancers remain a subject of ongoing research.",0
OGFOD2,873,0.5,0.0,0.0,0.5,0.0,1.0,0.0,0.0,1.0,0.0,0.6666666666666666,0.6666666666666666,1.0,1.0,0.5359056806002144,0.8702020913318071,1093113.0,196.0,0.04669136,4.017086124858546e-07,3.0,0.0,0.0,4.0,0.0,0.0,0.0,0.0,0.0,0.0,0.0,0.0,2.0,2.0,0.0,0.0,0.0,0.0,0.0,2.0,0.0,0.0,0.0,0.0,0.0,0.0,10.0,0.0,8.0,15.357,80.32183311,23.04335122398459,1.2980272692930817,0.2523858571428571,0.0798682636906269,140.0,-0.2273890666666667,0.0162657576286532,150.0,0.2394564827586205,0.0469568634616345,290.0,3.13996758634224,0.0219825263268049,0.0883727237219265,0.0114925431766907,20.060674391099585,2.322449260305919,"The OGFOD2 gene is implicated in the regulation of oxidative stress responses and is involved in the cellular response to ribonucleotide levels. Dysregulation of oxidative stress pathways can lead to genomic instability, a hallmark of cancer. Furthermore, OGFOD2 has been associated with the modulation of tumor microenvironments and immune responses, potentially influencing cancer cell proliferation and survival. Additionally, aberrant expression levels of OGFOD2 could affect metabolic processes in cancer cells, contributing to altered cell growth and resistance to apoptosis. Thus, while direct evidence linking OGFOD2 to specific cancer types may be limited, its roles in cellular stress responses and metabolism suggest potential mechanisms through which it could impact cancer progression.",0
DCN,1080,0.1428571428571428,0.0714285714285714,0.0,0.6428571428571429,0.0,1.0,0.1428571428571428,0.0,0.9107950720287574,0.0,3.0,4.0,0.6093845216331505,1.0,0.3518648838845883,0.7193905804626702,24350.92,591.0,-0.01898503,6.459652153911386e-05,19.0,0.0,0.0,0.0,0.0,0.0,0.0,1.0,1.0,0.0,0.0,0.0,1.0,9.0,1.0,0.0,0.0,0.0,0.0,1.0,1.0,0.0,1.0,0.0,1.0,0.0,13.0,0.0,15.0,20.46284615,120.687812,29.392750542179662,2.2172057337395383,0.2289887741935483,0.0309363643238122,155.0,-0.2104280575539568,0.0129424055519966,139.0,0.220213469387755,0.0224419721626662,294.0,3.813494135811448,0.0596646273890814,0.111514500398345,0.0145173604745375,20.54087215393496,3.1614904411554963,"Yes, there is a relationship between the DCN gene and cancer. DCN (decorin) is a small leucine-rich proteoglycan that plays a crucial role in the extracellular matrix and is involved in cell signaling, including the modulation of growth factor activity and interactions with collagen. In various cancers, altered expression of DCN has been observed, often correlating with tumor progression, metastasis, and poor prognosis. Potential mechanisms include the regulation of tumor cell proliferation and migration through its interactions with key signaling pathways, such as transforming growth factor-beta (TGF-β) and epidermal growth factor receptor (EGFR), which can influence cellular behavior and the tumor microenvironment. Furthermore, DCN may have a role in modulating immune responses against tumors, highlighting its complex involvement in cancer biology.",0
HMX1,1047,0.2105263157894736,0.0,0.0,0.7368421052631579,0.0,1.0,0.0526315789473684,0.0,1.0,0.0,2.8,3.0,1.0,1.0,0.1572079861656972,0.448071938012367,649122.9543319192,444.4009897808343,0.0198885680771551,0.0,1.0,0.0,0.0,0.0,0.0,0.0,0.0,1.0,0.0,0.0,0.0,0.0,0.0,17.0,0.0,0.0,0.0,0.0,0.0,4.0,0.0,0.0,1.0,1.0,0.0,0.0,20.0,0.0,20.0,17.71475,62.45485462,21.88701420269522,1.8204614569819408,0.2516522522522522,0.0254988810612448,111.0,-0.2590545849802372,0.0202847209034977,253.0,0.2567972802197802,0.0218205345526375,364.0,0.5816508277277237,0.8439235465932038,0.111514500398345,0.0145173604745375,20.060674391099585,2.322449260305919,"The relationship between the HMX1 gene and cancer is not extensively characterized, but emerging evidence suggests that HMX1 may play a role in tumorigenesis through its involvement in developmental processes and tissue differentiation. HMX1, a member of the homeobox gene family, is primarily implicated in the regulation of embryonic development and cell fate determination. Dysregulation of homeobox genes has been associated with various cancers, potentially through mechanisms such as altered cell differentiation, increased stemness properties, or modulation of signaling pathways related to proliferation and apoptosis. Additionally, the aberrant expression of HMX1 in certain cancers might reflect its involvement in the epithelial-mesenchymal transition (EMT), a process linked to increased invasiveness and metastasis. However, more targeted research is needed to elucidate the specific role of HMX1 in cancer biology.",0
C12ORF56,1869,0.125,0.1875,0.0625,0.625,0.0,1.0,0.0,0.0,0.875,0.0,3.333333333333333,4.666666666666667,0.1405481377371749,1.0,0.6756756756756757,0.940568978227043,475083.3,294.0,-0.01170237,0.0,0.0,0.0,0.0,0.0,0.0,0.0,0.0,0.0,0.0,0.0,0.0,0.0,0.0,10.0,3.0,0.0,0.0,0.0,0.0,2.0,1.0,0.0,0.0,0.0,0.0,0.0,16.0,0.0,10.0,19.991125,135.410202,21.88701420269522,1.8204614569819408,0.2988527777777777,0.1164198594469895,180.0,-0.2188768686868686,0.0183915443543805,99.0,0.2704742293906808,0.0829138641180191,279.0,2.267084002443138,0.8420396664157955,0.1850427985803568,0.0468492425471062,20.060674391099585,2.322449260305919,"The relationship between the C12ORF56 gene and cancer is currently not well established, and research in this area is limited. However, emerging studies suggest that C12ORF56 may be involved in cellular processes such as apoptosis and cellular proliferation, which can have implications for tumorigenesis. Dysregulation of genes involved in these pathways can contribute to cancer development, as they may affect cell cycle control and promote uncontrolled cell growth. Additionally, any potential interactions of C12ORF56 with other oncogenic pathways or its role in the regulation of cell signaling could provide further insights into its possible involvement in cancer biology. More research is needed to elucidate the specific mechanisms and relevance of C12ORF56 in the context of cancer.",0
ZBTB10,2616,0.4166666666666667,0.0,0.0,0.4166666666666667,0.0,1.0,0.1666666666666666,0.0,0.953509509058145,0.0,0.8333333333333334,1.1666666666666667,1.0,1.0,0.9191176470588236,0.9966370849574916,239826.2,369.0,0.02971878,1.3344204389497412e-05,16.0,0.0,0.0,1.0,0.0,0.0,0.0,2.0,0.0,0.0,0.0,0.0,0.0,5.0,0.0,0.0,0.0,0.0,0.0,5.0,0.0,0.0,2.0,0.0,0.0,0.0,11.0,0.0,11.0,16.47263636,42.74566745,20.813477421296025,2.7802064567419404,0.3444120481927709,0.0643895675916884,415.0,-0.2674808571428571,0.0217796721818633,70.0,0.3333085773195875,0.0589144064209056,485.0,3.5455349614391625,0.0166613984785787,0.0401117543156769,0.0070756949559931,19.587012755827484,1.3666271477392329,"The ZBTB10 gene, which encodes a zinc finger protein, has been implicated in various cellular processes, including transcriptional regulation and cellular differentiation. While direct evidence linking ZBTB10 to cancer is still emerging, several studies suggest potential mechanisms by which it could contribute to tumorigenesis. For instance, ZBTB10 may influence the expression of genes involved in cell cycle regulation, apoptosis, and immune response, potentially leading to dysregulation in these pathways when its function is altered. Additionally, aberrant expression of ZBTB10 has been observed in certain cancer types, hinting at its possible role in cancer biology through tumor microenvironment interactions or modulation of oncogenic signaling pathways. Further research is required to fully elucidate the relationship between ZBTB10 and cancer and the underlying molecular mechanisms involved.",0
GRK7,1662,0.4,0.05,0.0,0.5,0.0,1.0,0.05,0.0,0.976862178684024,0.0,1.1111111111111112,1.3333333333333333,0.6807351940095303,1.0,0.3855050115651503,0.7529688072067279,426723.7,406.0,0.03030473,1.2597945689940714e-07,2.0,0.0,0.0,0.0,0.0,0.0,0.0,1.0,0.0,0.0,0.0,0.0,0.0,10.0,1.0,0.0,0.0,0.0,0.0,8.0,0.0,0.0,1.0,0.0,0.0,0.0,19.0,0.0,17.0,14.10552632,112.3761033,21.88701420269522,1.8204614569819408,0.3155988235294117,0.0430388909042017,322.0,-0.2544246575342466,0.0257695408668949,73.0,0.3043217676767677,0.0403462178297787,395.0,1.320374761491364,0.6348864954337436,0.111514500398345,0.0145173604745375,14.29125684448408,1.669379382984035,"The GRK7 gene encodes a member of the G protein-coupled receptor kinase (GRK) family, which plays a critical role in the desensitization of G protein-coupled receptors (GPCRs). Dysregulation of GPCR signaling has been implicated in various cancer types, as it can affect cellular processes such as proliferation, apoptosis, and metastasis. Specifically, GRK7 is believed to influence tumor microenvironment interactions and modulate pathways related to cell-growth stimulation or inhibition. Additionally, GRK7's role in fine-tuning the activity of specific oncogenic GPCRs may alter signaling cascades associated with cancer progression. However, the specific mechanisms linking GRK7 to cancer pathogenesis require further investigation to elucidate its potential contributions to tumor biology.",0
UROC1,2211,0.2941176470588235,0.0,0.0,0.7058823529411765,0.0,1.0,0.0,0.0,0.988437551045128,0.0,2.1818181818181817,2.1818181818181817,1.0,1.0,0.0749288176232579,0.2690856222449733,289633.0,508.0,0.05167628,0.0,0.0,0.0,0.0,0.0,0.0,0.0,0.0,0.0,0.0,0.0,0.0,0.0,1.0,23.0,0.0,0.0,0.0,0.0,0.0,10.0,1.0,0.0,1.0,0.0,0.0,0.0,34.0,0.0,31.0,18.40397059,102.6302946,21.88701420269522,1.8204614569819408,0.2672398653198652,0.0259180192648466,297.0,-0.2554679000000001,0.0221023197460505,100.0,0.2642746347607051,0.0249248247850303,397.0,1.056265147364033,0.6777031646979995,0.111514500398345,0.0145173604745375,20.060674391099585,2.322449260305919,"The UROC1 gene, also known as urocortin 1, has been implicated in various cancer types, primarily through its role in modulating stress response and influencing tumor microenvironment dynamics. UROC1 is a neuropeptide linked to the regulation of the hypothalamic-pituitary-adrenal (HPA) axis and may impact tumor growth and metastasis by affecting angiogenesis and immune evasion. Elevated levels of UROC1 have been associated with poor prognosis in some cancers, suggesting that it may enhance tumor survival under stress conditions by promoting cell proliferation and inhibiting apoptosis. Furthermore, its interaction with corticotropin-releasing factor receptor pathways could alter the neuroendocrine response, potentially fostering a cancer-promoting environment. Overall, the mechanisms involving UROC1 highlight its multifaceted role in cancer biology, although further research is needed to fully elucidate these relationships.",0
NDUFA3,255,0.25,0.0,0.0,0.75,0.0,1.0,0.0,0.0,1.0,0.0,1.5,1.5,1.0,1.0,0.3516174402250352,0.7191320365474664,735613.0,439.0,-0.05268387,5.676826758157553e-06,8.0,1.0,0.0,0.0,0.0,0.0,0.0,0.0,0.0,0.0,0.0,0.0,1.0,3.0,0.0,0.0,0.0,0.0,0.0,1.0,0.0,0.0,0.0,0.0,0.0,0.0,6.0,0.0,6.0,18.87683333,28.49194417,24.085557539589995,0.4588626318112872,0.2810340291262135,0.0443477226602723,206.0,-0.2686300000000001,0.0286808261845161,156.0,0.2756886464088397,0.0375359276627056,362.0,3.415798457198709,0.0058731385537468,0.0589999743909065,0.0080361199853784,14.259191733446327,1.357283986129509,"The NDUFA3 gene, which encodes a subunit of the mitochondrial NADH:ubiquinone oxidoreductase complex (also known as complex I), has been implicated in cancer through its role in mitochondrial energy metabolism and oxidative stress regulation. Alterations in mitochondrial function can lead to a metabolic reprogramming often observed in cancer cells, enabling them to proliferate under low-oxygen conditions (hypoxia) and generate ATP more efficiently. Additionally, disrupted complex I activity can result in increased production of reactive oxygen species (ROS), which can cause DNA damage and alter signaling pathways associated with tumorigenesis. Emerging evidence suggests that mutations or expression changes in NDUFA3 may affect cellular bioenergetics and contribute to tumor progression by influencing cell survival and apoptosis.",0
SMTN,3009,0.2857142857142857,0.0,0.0,0.5,0.0,1.0,0.2142857142857142,0.0,0.8847764425864912,0.0,1.5555555555555556,2.2222222222222223,1.0,1.0,0.2669514148424987,0.6195111062525086,726733.7,202.0,0.03225414,1.232035528462554e-06,5.0,0.0,0.0,1.0,0.0,0.0,0.0,6.0,0.0,0.0,0.0,0.0,7.0,13.0,0.0,0.0,0.0,0.0,0.0,8.0,1.0,0.0,6.0,0.0,0.0,0.0,30.0,0.0,32.0,18.27576667,86.95344267,25.1321057673158,3.07826259199839,0.2635984444444445,0.0424488503505472,135.0,-0.291372584269663,0.0258186316199881,267.0,0.2820454477611942,0.0314839629939386,402.0,3.3921121853381986,0.0192583685811173,0.0412930335553943,0.0099349453583224,25.089640368274555,4.583784275113774,"The relationship between the SMTN gene and cancer is currently not well-established; however, some studies suggest potential mechanisms by which SMTN could influence tumor biology. SMTN (Sarcoplasmic Muscle Protein) is involved in muscle development and biochemical pathways related to muscle function. Alterations in muscle homeostasis and cellular differentiation processes may contribute to the tumor microenvironment, affecting cancer cell metabolism and proliferation. Additionally, given its potential involvement in cellular signaling pathways, SMTN may influence the regulation of genes associated with oncogenesis or tumor suppression. Further research is needed to clarify the precise role of SMTN in cancer biology and its contribution to different cancer phenotypes.",0
PPP1R3G,1077,0.3,0.1,0.0,0.5,0.0,1.0,0.1,0.0,0.939794000867204,0.0,1.25,1.75,0.3597122302158273,1.0,0.0193173257094287,0.0955580365989111,649122.9543319192,444.4009897808343,0.0198885680771551,0.0,1.0,0.0,0.0,0.0,0.0,0.0,0.0,1.0,0.0,0.0,0.0,0.0,0.0,5.0,1.0,0.0,0.0,0.0,0.0,3.0,0.0,0.0,1.0,0.0,0.0,0.0,9.0,0.0,10.0,19.71822222,82.53403344,21.7550651738487,0.923548274183772,0.2775356989247312,0.0342858808105899,186.0,-0.2654377272727274,0.0224920354150623,154.0,0.2720560294117645,0.0288982296322705,340.0,2.873444272421224,0.0907214328769994,0.0642337952872817,0.0099086649417126,22.984682026426206,3.116469057612435,"The PPP1R3G gene encodes a regulatory subunit of protein phosphatase 1, which plays a critical role in glycogen metabolism and cellular signaling. Alterations in glycogen metabolism have been associated with various cancer types, suggesting a potential link between PPP1R3G expression and tumorigenesis. For instance, deregulated glycogen synthesis may support uncontrolled cell proliferation and survival in the tumor microenvironment. Furthermore, PPP1R3G might influence signaling pathways that are crucial for cell growth and differentiation, including those involving insulin and growth factor signaling, which are often dysregulated in cancer. While research into the direct involvement of PPP1R3G in specific cancer types remains limited, its role in metabolic processes and signaling networks underscores the need for further investigation into its potential implications in cancer biology.",0
PLIN2,1314,0.0833333333333333,0.1666666666666666,0.0,0.5833333333333334,0.0,1.0,0.1666666666666666,0.0,0.7675475452907252,0.0,3.5,5.5,0.0733729547288869,1.0,0.6353240152477764,0.9235197903400328,500436.9,324.0,-0.006959785,6.659454035826559e-08,2.0,0.0,0.0,0.0,0.0,0.0,0.0,2.0,0.0,0.0,0.0,0.0,0.0,6.0,2.0,0.0,0.0,0.0,0.0,1.0,0.0,0.0,2.0,0.0,0.0,0.0,9.0,0.0,9.0,23.309,174.978047,25.51101100289373,2.1121663929094305,0.261802012987013,0.0217559864227187,154.0,-0.2929216071428568,0.0296556916943414,391.0,0.2841442857142855,0.0275800272916906,545.0,3.6079025041910735,0.0327156642827943,0.127945386772271,0.0303933919700163,20.67978879436416,16.729788078265358,"The PLIN2 gene, which encodes the perilipin 2 protein, has been implicated in various cancer types through its role in lipid metabolism and cellular energy homeostasis. Dysregulation of lipid storage and mobilization pathways can contribute to tumor growth and progression, as cancer cells often exhibit altered lipid metabolism for enhanced proliferation and survival. Studies suggest that PLIN2 may influence cellular responses to stress, modulate signaling pathways associated with cancer cell survival, and affect the tumor microenvironment by participating in the regulation of inflammation and immune responses. Enhanced expression of PLIN2 in certain cancers has been correlated with aggressive tumor characteristics, indicating its potential role in oncogenesis and metastasis.",0
ULK3,1419,0.3846153846153846,0.0,0.0,0.6153846153846154,0.0,1.0,0.0,0.0,1.0000000000000002,0.0,1.3333333333333333,1.3333333333333333,1.0,1.0,0.2849002849002849,0.6426256517030696,764533.1,195.0,0.04559244,3.438585986041134e-05,7.0,0.0,0.0,0.0,0.0,0.0,0.0,0.0,0.0,0.0,0.0,0.0,0.0,8.0,0.0,0.0,0.0,0.0,0.0,4.0,1.0,0.0,0.0,0.0,0.0,0.0,13.0,0.0,12.0,21.93307692,64.15577308,21.97015177931468,0.637274772676096,0.2306354945054944,0.0193523255383638,91.0,-0.25781837398374,0.022893280789182,246.0,0.2504781899109793,0.0220227583845114,337.0,3.440075931582819,0.0050731026250705,0.0702674419440207,0.0119275130703829,21.867295534677503,2.1489840054296945,"The ULK3 gene encodes a serine/threonine kinase that plays a role in regulating various cellular processes, including autophagy and cell proliferation. Dysregulation of ULK3 has been implicated in cancer through mechanisms such as altered cell survival, proliferation, and apoptosis. In certain contexts, ULK3 can enhance the proliferation of cancer cells by modulating signaling pathways associated with growth factor response and oncogenesis. Furthermore, its involvement in autophagic processes may influence tumor microenvironment adaptation, providing cancer cells with a survival advantage under stress conditions. These interactions underline the potential of ULK3 in contributing to cancer progression, although the specific pathways and effects may vary across different cancer types.",0
SCML1,990,0.4,0.0,0.0,0.4,0.0,1.0,0.2,0.0,1.0,0.0,0.6666666666666666,1.0,1.0,1.0,0.7137758743754461,0.9544512971840614,70190.85,444.4009897808343,0.01477054,7.402388997953151e-06,9.0,0.0,0.0,0.0,0.0,0.0,0.0,1.0,0.0,0.0,0.0,0.0,1.0,2.0,0.0,0.0,0.0,0.0,0.0,2.0,0.0,0.0,1.0,0.0,0.0,0.0,5.0,0.0,6.0,6.1952,67.4287097,21.88701420269522,1.8204614569819408,0.2178935802469135,0.0207601922257716,81.0,-0.2923641666666666,0.0449432523909249,192.0,0.2702684981684981,0.0388268685429567,273.0,3.2474858398518966,0.0218489153051197,0.2168639655073191,0.0536070535922326,15.561131440897949,1.0645741800041673,"The SCML1 gene (Sperm Commence Aster 1) has been implicated in cancer through its role in epigenetic regulation and chromatin remodeling. SCML1 is a member of the Polycomb group proteins, which are known to function as repressors of gene expression involved in stem cell maintenance, differentiation, and oncogenesis. Dysregulation of SCML1 expression has been associated with alterations in cellular signaling pathways that contribute to tumorigenesis, including those involved in cell cycle control and apoptosis. Additionally, aberrant expression of SCML1 may influence the transcriptional repression of tumor suppressor genes, thereby promoting cancer cell survival and proliferation. Although the specific mechanisms and contexts in which SCML1 may influence cancer development continue to be elucidated, its epigenetic functions suggest a potential link between this gene and various malignancies.",0
SLC30A2,1119,0.5,0.0,0.0,0.5,0.0,1.0,0.0,0.0,1.0,0.0,0.8571428571428571,0.8571428571428571,1.0,1.0,0.8410428931875525,0.9866380300325022,748547.4,221.0,0.03067485,0.0001397166388193,6.0,0.0,0.0,0.0,0.0,0.0,0.0,0.0,0.0,0.0,0.0,0.0,0.0,6.0,0.0,0.0,0.0,0.0,0.0,6.0,0.0,0.0,0.0,0.0,0.0,0.0,12.0,0.0,11.0,16.422,101.053952,19.358326082853942,0.3088933016259649,0.1991170212765957,0.0100013963372683,94.0,-0.2637693023255812,0.0204469264080716,258.0,0.2465042045454544,0.018441529226146,352.0,2.674565402532186,0.361964819584087,0.1632378366163189,0.0159091028121642,14.035731583922727,0.9125044339890992,"The SLC30A2 gene encodes a zinc transporter, which plays a crucial role in maintaining intracellular zinc homeostasis. Dysregulation of zinc levels can impact various cellular processes, including apoptosis, cell proliferation, and antioxidant defense, all of which are relevant to cancer biology. In particular, altered expression or function of zinc transporters, including SLC30A2, may influence tumor progression and metastasis through mechanisms such as the modulation of signaling pathways involved in cell growth (e.g., mTOR signaling) and oxidative stress response. Moreover, aberrant zinc homeostasis has been linked to inflammatory processes that can contribute to a tumor-promoting microenvironment. While direct connections between SLC30A2 and specific cancer types require further investigation, the gene's role in zinc regulation establishes a potential link to cancer development and progression.",0
IFT27,561,0.3333333333333333,0.0,0.0,0.6666666666666666,0.0,1.0,0.0,0.0,1.0,0.0,1.0,1.0,1.0,1.0,0.1626016260162601,0.4579596881005573,1235005.0,537.0,0.01902402,8.719522634987035e-06,3.0,0.0,0.0,0.0,0.0,0.0,0.0,0.0,0.0,0.0,0.0,0.0,2.0,1.0,0.0,0.0,0.0,0.0,0.0,1.0,1.0,0.0,0.0,0.0,0.0,0.0,5.0,0.0,5.0,12.5294,185.5390268,24.36382407071895,1.23644599366313,0.2507214285714286,0.0535905676032467,133.0,-0.2909072563176896,0.0248367525511406,277.0,0.2778713658536587,0.0344107758123108,410.0,3.196751300294711,0.0089871669116156,0.0772704434965065,0.0120958874146547,14.656593348189643,1.4670619033070464,"Yes, there is evidence suggesting a relationship between the IFT27 gene and cancer. IFT27 is part of the intraflagellar transport (IFT) complex, which is crucial for the assembly and maintenance of cilia. Disruptions in ciliary function have been implicated in various cancer types, particularly in the context of tumorigenesis and cell signaling pathways such as the Hedgehog and Wnt pathways. Aberrant cilia formation can lead to altered cellular signaling, affecting proliferation, differentiation, and tumor microenvironment interactions. Additionally, IFT27 involvement in regulating cellular transport mechanisms may influence the secretion of factors that modulate the tumorigenic state, promoting cancer cell survival and metastasis. Such connections highlight the potential role of IFT27 in the complex molecular landscape of cancer biology.",0
GSPT2,1887,0.3478260869565217,0.0,0.0,0.6086956521739131,0.0,1.0,0.0434782608695652,0.0,0.9999999999999998,0.0,1.5555555555555556,1.6666666666666667,1.0,1.0,0.6896551724137931,0.9459059009879194,126151.4,444.4009897808343,0.01600513,1.0797026432691514e-05,20.0,0.0,0.0,0.0,0.0,0.0,0.0,1.0,0.0,0.0,0.0,0.0,0.0,14.0,0.0,0.0,0.0,0.0,0.0,8.0,0.0,0.0,1.0,0.0,0.0,0.0,22.0,0.0,18.0,14.59913636,104.7909363,22.74284176745161,0.795495480884798,0.2223475342465753,0.0155644125771689,73.0,-0.2827942857142858,0.0437465379240376,168.0,0.2644846887966806,0.0358843520366735,241.0,3.136064857703538,0.0545678062141605,0.254640595593877,0.06995957512174,17.664465307523102,1.171885584241375,"The GSPT2 gene, which encodes a protein involved in translational regulation and the termination of protein synthesis, has been implicated in various cellular processes that may contribute to cancer development. One potential mechanism involves the role of GSPT2 in the modulation of stress responses and the regulation of mRNA stability, which can impact oncogene and tumor suppressor gene expression. Dysregulation of GSPT2 has been associated with altered cell proliferation and apoptosis, contributing to tumorigenesis. Additionally, aberrant expression of GSPT2 could influence the cellular response to chemotherapeutic agents, potentially leading to therapeutic resistance in cancer cells. These mechanisms highlight the importance of GSPT2 in cancer biology, although further research is needed to fully elucidate its role across different cancer types.",0
MRPL22,621,0.0,0.1666666666666666,0.0,0.8333333333333334,0.0,1.0,0.0,0.0,1.0,0.0,5.0,6.0,0.3700962250185048,1.0,0.5192107995846313,0.8595250848265492,516166.3,461.0,0.03840497,2.95609751412432e-05,32.0,0.0,0.0,0.0,0.0,0.0,0.0,0.0,0.0,0.0,0.0,0.0,0.0,5.0,1.0,0.0,0.0,0.0,0.0,0.0,0.0,0.0,0.0,0.0,0.0,0.0,6.0,0.0,5.0,24.52333333,67.45226667,23.652893111355606,0.4234307864023586,0.2755710160427807,0.0154160498317577,187.0,-0.2417989400921658,0.0138274378697047,217.0,0.2574310643564357,0.0148106017470032,404.0,3.2956786191233927,0.0099906259946325,0.111514500398345,0.0145173604745375,20.060674391099585,2.322449260305919,"The MRPL22 gene encodes a mitochondrial ribosomal protein that is part of the 39S subunit and plays a role in mitochondrial protein synthesis. While specific studies directly linking MRPL22 to cancer are limited, alterations in mitochondrial function have been implicated in tumorigenesis. Mitochondria are integral to energy metabolism, apoptosis, and the generation of reactive oxygen species; therefore, dysregulation of mitochondrial ribosomal proteins like MRPL22 could affect these processes. Such dysregulation may influence cell proliferation, survival, and cellular stress responses, potentially contributing to cancer development and progression. Further research is necessary to fully elucidate the role of MRPL22 in cancer biology.",0
CDH4,2751,0.3148148148148148,0.0185185185185185,0.037037037037037,0.5370370370370371,0.0,1.0,0.0925925925925925,0.0,0.9034636984047556,0.0,1.6111111111111112,2.055555555555556,0.201816347124117,1.0,0.628140703517588,0.9202205323003714,437973.2,867.0,-0.06121979,5.172178548233806e-06,5.0,0.0,0.0,0.0,0.0,0.0,0.0,4.0,1.0,0.0,0.0,0.0,6.0,29.0,2.0,0.0,0.0,0.0,0.0,17.0,2.0,0.0,4.0,1.0,1.0,0.0,55.0,0.0,56.0,16.07207273,132.7124321,21.62595589483215,7.086937846377647,0.3501406382978723,0.0518501960865248,376.0,-0.2088821428571428,0.0095206612644155,56.0,0.3318293518518518,0.048584758275217,432.0,2.423812750731738,0.4672164905317947,0.2200286149120228,0.0528313541088543,20.060674391099585,2.322449260305919,"The CDH4 gene, which encodes a member of the cadherin family of proteins involved in cell adhesion, has been implicated in some cancer types, primarily through its role in maintaining epithelial integrity and influencing cell signaling pathways. Aberrant expression of CDH4 may disrupt normal cell adhesion mechanisms, leading to increased cellular motility and invasion, which are hallmarks of cancer metastasis. Furthermore, the dysregulation of cadherin-mediated signaling can affect tumor microenvironment interactions, promoting tumorigenesis and contributing to the epithelial-to-mesenchymal transition (EMT), a critical process in cancer progression. Given these functions, alterations in CDH4 expression or function may create an oncogenic environment conducive to cancer development.",0
MICAL3,6009,0.3114754098360656,0.0163934426229508,0.0,0.5901639344262295,0.0,1.0,0.081967213114754,0.0,0.9571286684679255,0.0,1.8,2.1,0.9372071227741332,1.0,0.9784735812133072,0.999766626009308,415160.8,288.0,0.01127853,4.433619819869242e-06,7.0,0.0,0.0,0.0,0.0,0.0,0.0,4.0,1.0,0.0,0.0,0.0,4.0,37.0,1.0,0.0,0.0,0.0,0.0,19.0,0.0,0.0,4.0,0.0,2.0,0.0,59.0,1.0,55.0,15.5339661,111.7174928,24.01754519283736,0.5800900803868304,0.2397540689655173,0.0193465375534674,145.0,-0.2904863562753035,0.0373179004996774,247.0,0.2717205867346939,0.0312052594433888,392.0,3.4820886646415747,0.0287749770405908,0.0833841929654243,0.0070982719100052,25.05448434690635,1.141710781868832,"The MICAL3 gene, a member of the MICAL family of monooxygenases, has been implicated in various cellular processes, including actin cytoskeleton dynamics and oxidative stress response. Alterations in MICAL3 expression and function can influence tumor cell invasion, proliferation, and metastasis. Specific mechanisms may involve its role in modulating reactive oxygen species (ROS) levels and regulating signaling pathways that affect cell migration and adhesion. Additionally, MICAL3 may interact with other proteins that are critical for cytoskeletal organization, thereby influencing cancer cell behavior. Overall, while direct links to specific cancer types are still being elucidated, emerging evidence suggests that MICAL3 may contribute to the molecular landscape of cancer through its effects on cellular dynamics.",0
BCCIP,969,0.0,0.2,0.0,0.8,0.0,1.0,0.0,0.0,1.0,0.0,4.0,5.0,0.2469745616201531,1.0,0.7369196757553427,0.9618838473491024,206845.2,738.0,-0.003864943,0.0001900411843538,47.0,0.0,0.0,0.0,0.0,0.0,0.0,0.0,0.0,0.0,0.0,0.0,3.0,4.0,1.0,0.0,0.0,0.0,0.0,0.0,0.0,0.0,0.0,0.0,0.0,0.0,8.0,0.0,8.0,18.932875,86.43652327,24.728685946429053,0.3701804381833217,0.2267186324786324,0.0197431883222516,117.0,-0.3395318965517243,0.0592941191213042,290.0,0.3071015479115481,0.0504610753254306,407.0,3.523834060890261,0.0062854646198215,0.0841826360964707,0.0123447569567765,23.74972154040474,4.177035558549417,"Yes, there is a relationship between the BCCIP gene and cancer. BCCIP (BRCA2 and CDKN1A interacting protein) plays a role in DNA damage repair and cell cycle regulation, functioning in pathways that maintain genomic stability. Alterations or dysregulation of BCCIP have been observed in various cancer types, potentially leading to impaired DNA repair mechanisms, increased genomic instability, and abnormal cell proliferation. Its interaction with other key proteins involved in these processes, like BRCA2 and CDKN1A, further underscores its importance in tumorigenesis. Therefore, any disruption in BCCIP function may contribute to cancer development and progression through enhanced susceptibility to DNA damage and oncogenic signaling.",0
ARSG,1578,0.1818181818181818,0.0909090909090909,0.0,0.6363636363636364,0.0,1.0,0.0909090909090909,0.0,0.9474427588512933,0.0,2.333333333333333,3.0,0.5449591280653951,1.0,0.6724949562878278,0.939314504020187,745528.8,225.0,-0.008384834,0.0,1.0,0.0,0.0,0.0,0.0,0.0,0.0,0.0,1.0,0.0,0.0,0.0,11.0,6.0,1.0,0.0,0.0,0.0,0.0,2.0,1.0,0.0,0.0,0.0,1.0,0.0,21.0,0.0,18.0,15.736,105.1229188,16.7631747088902,2.592350217995519,0.2743880497925312,0.0261646529674308,241.0,-0.2276686231884057,0.0139236890659737,138.0,0.2573767546174145,0.0221656052426142,379.0,3.2443062195394563,0.0162507670200535,0.0571134640023767,0.0129433956320653,20.060674391099585,2.322449260305919,"The ARSG gene, encoding the enzyme arylsulfatase G, has been implicated in cancer through its role in regulating the sulfation of various biomolecules, which can influence cellular signaling pathways, growth factor activity, and extracellular matrix composition. Alterations in ARSG expression or function may disrupt these processes, potentially promoting tumorigenesis and metastasis. Additionally, aberrant sulfation patterns may affect tumor microenvironment interactions and immune evasion mechanisms, further contributing to cancer progression. While more research is needed to elucidate the precise mechanisms by which ARSG influences cancer biology, its involvement in sulfation-related pathways suggests a potential link worthy of investigation.",0
PEBP1,564,0.5,0.25,0.0,0.25,0.0,1.0,0.0,0.0,1.0,0.0,0.3333333333333333,0.6666666666666666,0.2221728504776716,1.0,0.6802721088435374,0.9423553746875136,637548.5,608.0,0.01692657,8.068648920681811e-05,38.0,0.0,0.0,0.0,0.0,0.0,0.0,0.0,0.0,0.0,0.0,0.0,0.0,1.0,1.0,0.0,0.0,0.0,0.0,2.0,0.0,0.0,0.0,0.0,0.0,0.0,4.0,0.0,3.0,20.63575,275.5879656,29.43945031855695,0.6396214281435729,0.2195905035971223,0.0128377412309039,139.0,-0.2187077027027027,0.0143559505375436,148.0,0.2191352613240417,0.0135733876970468,287.0,3.756281069660211,0.0053712679486766,0.0844236202812112,0.0126607080202408,26.27909167769901,2.0907258415019854,"Yes, there is a relationship between the PEBP1 gene (also known as RKIP) and cancer. PEBP1 is known to play critical roles in various cellular processes including cell proliferation, apoptosis, and metastasis. It functions as a modulator of several signaling pathways, including the ERK/MAPK and NF-κB pathways, which are often dysregulated in cancer. By interacting with key proteins involved in these pathways, PEBP1 can exert tumor-suppressive effects. Loss or downregulation of PEBP1 has been associated with advanced tumor stages and poorer prognosis in multiple cancer types, indicating its potential role in tumor progression and metastasis. Additionally, PEBP1 may influence the epithelial-mesenchymal transition (EMT), further contributing to the invasive properties of cancer cells.",0
FAXC,1230,0.4285714285714285,0.0,0.0,0.5714285714285714,0.0,1.0,0.0,0.0,1.0,0.0,1.0,1.0,1.0,1.0,0.7117437722419929,0.9537632048296862,259352.2,595.0,-0.01079458,3.89413669926448e-07,7.0,0.0,0.0,0.0,0.0,0.0,0.0,0.0,0.0,0.0,0.0,0.0,0.0,4.0,0.0,0.0,0.0,0.0,0.0,3.0,0.0,0.0,0.0,0.0,0.0,0.0,7.0,0.0,6.0,19.63371429,63.6705099,13.4851585109994,0.344384480742032,0.2379734259259258,0.0267737374563776,108.0,-0.2768661172161172,0.0257079538576626,273.0,0.2658414173228345,0.0262484483295648,381.0,3.2243506008272056,0.0787609680373939,0.0253418549153262,0.0032042423719236,15.89225360823214,1.9238834207462767,"The FAXC gene has been implicated in various biological processes, and emerging studies suggest a potential relationship between its expression and cancer. Mechanistically, altered expression levels of FAXC may influence cellular pathways involved in proliferation, apoptosis, and DNA repair. For instance, the gene might interact with signaling networks that regulate cell cycle progression or contribute to the tumor microenvironment, potentially facilitating tumor growth or metastasis. Additionally, aberrations in FAXC could disrupt normal cellular homeostasis, leading to genomic instability, which is a hallmark of cancer. However, further research is required to elucidate the exact contributions and underlying mechanisms linking FAXC to specific cancer types.",0
TBC1D2B,2892,0.25,0.1666666666666666,0.0,0.5,0.0,1.0,0.0833333333333333,0.0,0.8894714728255649,0.0,1.5,2.25,0.1085776330076004,1.0,0.8650519031141869,0.990454818555524,435469.5,232.0,0.05368193,3.063530889953786e-06,8.0,0.0,0.0,0.0,0.0,0.0,0.0,1.0,0.0,0.0,0.0,0.0,0.0,6.0,2.0,0.0,0.0,0.0,0.0,3.0,0.0,0.0,1.0,0.0,0.0,0.0,11.0,0.0,10.0,17.30481818,170.9909438,24.87373770230598,1.0705872767015403,0.2486416842105262,0.0234536114269204,95.0,-0.2570348373983741,0.0217177509777285,246.0,0.2546965689149561,0.0221479891861342,340.0,3.592698099733036,0.0068519793093175,0.0655864129552752,0.0069530574505332,25.10513065078748,0.7756558723501495,"The TBC1D2B gene has been implicated in cellular processes that may relate to cancer. It encodes a protein involved in regulating RAB GTPases, which play critical roles in vesicle trafficking, cell growth, and proliferation. Alterations in the expression or function of TBC1D2B could disrupt these pathways, potentially impacting tumor microenvironment and cell signaling. Additionally, due to its involvement in autophagy and endosomal functions, dysregulation of TBC1D2B may influence the cellular response to stress, survival during oncogenesis, and metastatic behavior. However, the specific mechanisms linking TBC1D2B to cancer remain under investigation, necessitating further research to elucidate its role in tumor biology.",0
FCER1G,261,0.0,0.0,0.0,1.0,0.0,1.0,0.0,0.0,1.0,0.0,1.0,1.0,1.0,1.0,0.2181976871045167,0.5503717664252645,728669.0,234.0,0.03749509,6.431770513727545e-08,2.0,0.0,0.0,0.0,0.0,0.0,0.0,0.0,0.0,0.0,0.0,0.0,0.0,2.0,0.0,0.0,0.0,0.0,0.0,1.0,0.0,0.0,0.0,0.0,0.0,0.0,3.0,0.0,3.0,9.720333333,99.87425233,25.24561826391855,0.9987502830946582,0.2932540740740741,0.0321406564638063,405.0,-0.1874474193548387,0.0073053953664516,31.0,0.2857311238532111,0.0310950764182742,436.0,3.431802833281939,0.0178929413731907,0.111514500398345,0.0145173604745375,24.598020594856752,1.6748119310684335,"The FCER1G gene encodes a protein that is part of the high-affinity IgE receptor complex, playing a critical role in immune signaling. Alterations in immune responses, particularly in mast cells and other immune effector cells, can influence tumor microenvironments and promote tumorigenesis. For instance, dysregulation of IgE-mediated signaling pathways may impact inflammatory responses, potentially leading to enhanced tumor survival and metastasis. Moreover, the FCER1G gene's involvement in mediating interactions between the immune system and tumor cells suggests that variations in its expression or function could influence cancer progression, immune evasion, and the efficacy of immunotherapies. However, specific mechanisms linking FCER1G directly to cancer remain an area of ongoing research.",0
ANXA9,1038,0.2857142857142857,0.0,0.0714285714285714,0.6428571428571429,0.0,1.0,0.0,0.0,0.9624786378518296,0.0,1.8,2.0,0.7107320540156361,1.0,0.4065040650406504,0.7724233129854762,1621279.0,172.0,0.03036572,3.4993985973177528e-06,4.0,0.0,0.0,0.0,0.0,0.0,0.0,0.0,0.0,0.0,0.0,0.0,0.0,8.0,0.0,0.0,0.0,0.0,0.0,3.0,3.0,0.0,0.0,0.0,0.0,0.0,14.0,0.0,13.0,18.02878571,78.33233234,22.664580611648503,1.772895663402799,0.3163195641025643,0.0439640295188326,390.0,-0.1738643902439024,0.0061903014952439,41.0,0.3027681438515081,0.0420988437546862,431.0,2.9465124155282343,0.074583002448466,0.111514500398345,0.0145173604745375,13.33104131737611,1.6255959610132948,"Yes, there is evidence suggesting a relationship between the ANXA9 gene and cancer. ANXA9, which encodes Annexin A9, is implicated in various cellular processes, including apoptosis, cell proliferation, and migration. Dysregulation of ANXA9 expression has been observed in several cancer types, potentially contributing to tumor progression and metastasis. The overexpression of ANXA9 may facilitate cancer cell survival by inhibiting apoptotic pathways, while also promoting angiogenesis and extracellular matrix remodeling. Moreover, ANXA9's interaction with other signaling molecules could influence pathways such as PI3K/AKT and MAPK, further impacting tumorigenesis. Overall, ANXA9 appears to play a multifaceted role in cancer biology, making it a gene of interest in understanding tumor dynamics.",0
ZNF709,1926,0.1304347826086956,0.1304347826086956,0.0,0.6956521739130435,0.0,1.0,0.0434782608695652,0.0,0.903884900235868,0.0,4.0,5.0,0.9107468123861566,1.0,0.2794076557697681,0.6356757283553756,1754294.0,593.0,-0.0004401393,0.0,0.0,0.0,0.0,0.0,0.0,0.0,0.0,1.0,0.0,0.0,0.0,0.0,0.0,16.0,3.0,0.0,0.0,0.0,0.0,3.0,0.0,0.0,1.0,0.0,0.0,0.0,22.0,0.0,14.0,16.67936364,96.27967586,21.88701420269522,1.8204614569819408,0.3247322543352601,0.0569894211675628,173.0,-0.2243412745098038,0.0134496355008306,204.0,0.2704092838196285,0.035840208022624,377.0,1.1997183690774282,1.701334928099618,0.0874426617005304,0.0154393722827336,20.060674391099585,2.322449260305919,"The relationship between the ZNF709 gene and cancer is not extensively characterized, but some evidence suggests potential involvement in tumorigenesis. ZNF709 encodes a zinc finger protein, which may play a role in regulating gene expression through transcriptional activation or repression. Alterations in the function or expression of ZNF709 may impact cellular processes such as proliferation, apoptosis, and differentiation, which are crucial in cancer development. Additionally, gene expression profiles in various cancers indicate that ZNF709 might be linked to pathways involved in cell cycle regulation and responses to DNA damage. Further research is warranted to elucidate the specific mechanisms and correlate ZNF709 with cancer pathology.",0
TFAP4,1017,0.2222222222222222,0.0,0.0,0.5555555555555556,0.0,1.0,0.1111111111111111,0.1111111111111111,1.0,0.0,1.6666666666666667,2.333333333333333,1.0,1.0,0.2930832356389215,0.6527838891059299,944378.0,161.0,0.03308405,0.0003851725212433,91.0,0.0,0.0,0.0,0.0,0.0,0.0,1.0,0.0,0.0,1.0,0.0,0.0,4.0,0.0,0.0,0.0,0.0,0.0,2.0,1.0,0.0,2.0,0.0,0.0,0.0,7.0,0.0,9.0,23.59428571,48.74529524,21.37252427411072,1.4885976286377471,0.2603568041237115,0.0363592023638267,194.0,-0.2555811188811188,0.0218867771170491,143.0,0.2583303264094955,0.0301402556662621,337.0,3.1464423059512563,0.0130618612991858,0.1149294003219017,0.0112435335176577,23.151207229758526,0.9866054516446846,"Yes, there is a relationship between the TFAP4 gene and cancer. TFAP4 (Transcription Factor AP-4) is known to play a role in cell proliferation, differentiation, and survival, processes that are often dysregulated in cancer. Mechanistically, TFAP4 can promote epithelial-to-mesenchymal transition (EMT), a phenomenon associated with increased metastasis and cancer progression. Additionally, TFAP4 can influence the expression of various oncogenes and tumor suppressor genes, thereby modulating key signaling pathways, such as those involved in cell cycle regulation and apoptosis. Elevated expression of TFAP4 has been observed in several malignancies, indicating its potential role in tumorigenesis and cancer progression through alterations in cellular architecture and signaling networks.",0
SLC17A6,1749,0.3055555555555556,0.0277777777777777,0.0,0.6666666666666666,0.0,1.0,0.0,0.0,0.9785081773758588,0.0,2.0,2.083333333333333,0.9560229445506692,1.0,0.5227391531625719,0.8618257660523345,51732.0,865.0,-0.01354714,0.0,0.0,0.0,0.0,0.0,0.0,0.0,0.0,0.0,0.0,0.0,0.0,0.0,0.0,24.0,1.0,0.0,0.0,0.0,0.0,11.0,1.0,0.0,0.0,1.0,0.0,0.0,36.0,0.0,30.0,22.14708333,92.91798602,21.19315978677765,1.3557741326511406,0.2161145255474452,0.0181808015146629,137.0,-0.2596391351351351,0.0192319018612044,184.0,0.2411209006211178,0.019191179906663,320.0,0.4387072347762236,0.7698379194006554,0.111514500398345,0.0145173604745375,20.060674391099585,2.322449260305919,"The SLC17A6 gene, which encodes a sodium-dependent inorganic phosphate transporter, has been implicated in cancer through various mechanisms, although the specifics remain under investigation. It is involved in maintaining phosphate homeostasis within cells, a critical factor in nucleotide synthesis and cellular energy metabolism. Dysregulation of phosphate transport can affect cellular proliferation and apoptosis, potentially leading to tumorigenesis. Additionally, alterations in the expression of SLC17A6 may influence the tumor microenvironment by impacting extracellular phosphate levels, which can affect cellular signaling pathways linked to cancer progression and metastasis. Further research is needed to clarify the precise roles and implications of SLC17A6 in different cancer types.",0
FXYD6,288,0.0,0.0,0.0,1.0,0.0,1.0,0.0,0.0,1.0,0.0,4.0,4.0,1.0,1.0,0.3671071953010279,0.7349858253624325,473498.4,601.0,0.0411084,3.127155049481632e-05,13.0,0.0,0.0,0.0,0.0,0.0,0.0,0.0,0.0,0.0,0.0,0.0,0.0,4.0,0.0,0.0,0.0,0.0,0.0,0.0,0.0,0.0,0.0,0.0,0.0,0.0,4.0,0.0,4.0,24.3,2.04,21.376795547551,13.00273578102721,0.2106105555555555,0.0127873159436137,108.0,-0.2780530530973451,0.0205148425359704,226.0,0.2562452994011977,0.0189683971631232,334.0,3.273934648301665,0.0545483359215711,0.0628646281768024,0.010930160100145,14.02813106764325,0.6959159866627276,"The relationship between the FXYD6 gene and cancer is currently not well-established and remains an area of ongoing research. FXYD6 encodes a protein that may be involved in ion transport and cellular signaling, which are processes crucial for cell proliferation and homeostasis. Alterations in ion transport mechanisms can influence tumor microenvironment, cell migration, and proliferation, potentially contributing to cancer development or progression. However, specific mechanisms linking FXYD6 to oncogenic pathways or tumor biology require further investigation to clarify its role in malignancy.",0
NRBP2,1506,0.4285714285714285,0.0,0.0,0.5,0.0,1.0,0.0714285714285714,0.0,1.0000000000000004,0.0,1.0,1.1428571428571428,1.0,1.0,0.2392344497607655,0.5814141738125993,2376841.0,247.0,0.02241808,0.0,1.0,2.0,0.0,0.0,0.0,0.0,0.0,0.0,1.0,0.0,0.0,0.0,1.0,5.0,0.0,0.0,0.0,0.0,1.0,6.0,2.0,0.0,1.0,1.0,1.0,0.0,15.0,0.0,17.0,16.36506667,176.2207775,23.04509013192713,1.9433420944830075,0.3603501777777779,0.064720274367897,450.0,-0.255587397260274,0.0226479854611872,73.0,0.3457274569789674,0.0601138328442868,523.0,3.46357364820814,0.0137852136347353,0.0517368252370517,0.012885131141537,22.92997803416965,1.039419945062271,"Yes, there is a relationship between the NRBP2 gene and cancer. NRBP2 (NEDD4-Binding Protein 2) has been implicated in various processes related to tumorigenesis, including cell proliferation, apoptosis, and metastasis. Its involvement in these pathways may be mediated through interactions with ubiquitin-protein ligases, affecting the degradation of key regulatory proteins and thus influencing signaling pathways such as the Wnt/β-catenin and MAPK pathways. Additionally, NRBP2 has been associated with the modulation of epithelial-mesenchymal transition (EMT), a crucial step in cancer progression and metastasis. Dysregulation of NRBP2 expression might therefore contribute to the development and aggressiveness of certain cancers by altering cellular homeostasis and enhancing invasive potential.",0
FAM71F1,1035,0.2222222222222222,0.1111111111111111,0.1111111111111111,0.5555555555555556,0.0,1.0,0.0,0.0,0.9298966940476158,0.0,1.6666666666666667,2.333333333333333,0.3232062055591467,1.0,0.1067463706233988,0.3455699857275208,875358.7,304.0,0.03010714,5.821685382160051e-07,2.0,0.0,0.0,0.0,0.0,0.0,0.0,0.0,0.0,0.0,0.0,0.0,6.0,7.0,1.0,0.0,0.0,0.0,0.0,0.0,2.0,0.0,0.0,0.0,0.0,0.0,16.0,0.0,16.0,18.0695625,101.5250521,21.88701420269522,1.8204614569819408,0.2929865538461539,0.0223698698856182,325.0,-0.2810502962962961,0.0261404494446876,135.0,0.2894835217391302,0.0234515192241716,460.0,1.3734283296846814,0.82963616645338,0.111514500398345,0.0145173604745375,20.060674391099585,2.322449260305919,"The relationship between the FAM71F1 gene and cancer is currently not well characterized in the scientific literature. However, there is emerging evidence suggesting that certain FAM71 family members may play roles in cellular processes such as proliferation and apoptosis, which are critical in the context of tumorigenesis. Alterations in gene expression levels, possibly through epigenetic modifications or chromosomal aberrations, could hypothetically influence cancer cell behavior. Additionally, the potential for FAM71F1 to interact with signaling pathways relevant to oncogenesis or to affect the tumor microenvironment may warrant further investigation. Overall, while direct links between FAM71F1 and specific cancer types remain largely unexplored, the gene's involvement in fundamental cellular functions opens avenues for research into its potential oncogenic or tumor-suppressive roles.",0
IKZF5,1260,0.2857142857142857,0.0,0.0,0.4285714285714285,0.0,1.0,0.2857142857142857,0.0,0.8499145514073181,0.0,1.2,2.0,1.0,1.0,0.6523157208088715,0.9310023482646296,274189.2,673.0,0.01138597,1.9663128083393162e-07,7.0,0.0,0.0,0.0,0.0,0.0,0.0,4.0,0.0,0.0,0.0,0.0,0.0,6.0,0.0,0.0,0.0,0.0,0.0,4.0,0.0,0.0,4.0,0.0,0.0,0.0,10.0,0.0,14.0,17.8488,99.72087284,19.476031612555712,1.4025660517316791,0.2340337190082643,0.021397989236887,121.0,-0.3366119097222224,0.0487062827353646,288.0,0.3062648166259171,0.0427524299647334,409.0,3.333701639253246,0.0060375110314871,0.0825647369261492,0.0138504351555842,20.410381981114423,1.2874355426334827,"The IKZF5 gene, encoding a transcription factor involved in the regulation of immune cell development and function, has been implicated in various oncogenic processes. Alterations in IKZF5 expression or function may influence the tumor microenvironment and immune evasion mechanisms, contributing to cancer progression. Specifically, dysregulation of IKZF5 can affect the differentiation and function of lymphocytes, potentially impairing antitumor immune responses. Additionally, its involvement in the transcriptional regulation of other genes could lead to altered signaling pathways associated with cell proliferation and survival, further promoting oncogenesis. However, the precise contribution of IKZF5 to specific cancer types and mechanisms remains an area of ongoing research.",0
PRKD3,2673,0.1764705882352941,0.0,0.0,0.8235294117647058,0.0,1.0,0.0,0.0,1.0,0.0,3.5,3.5,1.0,1.0,0.2307869836141241,0.5691807391548056,482177.5,231.0,0.03811433,5.3044828133042415e-06,7.0,0.0,0.0,0.0,0.0,0.0,0.0,0.0,0.0,0.0,0.0,0.0,2.0,14.0,0.0,0.0,0.0,0.0,0.0,2.0,1.0,0.0,0.0,0.0,0.0,0.0,19.0,0.0,16.0,22.42447368,66.24698026,20.54873711468715,1.6211617724969376,0.2360642290748897,0.0166914785616818,227.0,-0.222050895522388,0.0155766363294889,67.0,0.232870714285714,0.0164180573670648,294.0,3.5886318818750547,0.0062216395658366,0.111514500398345,0.0145173604745375,22.387084380619346,0.5621895426445214,"The PRKD3 gene, which encodes a member of the protein kinase D (PKD) family, has been implicated in various cellular processes, including proliferation, apoptosis, and migration—mechanisms that can be disrupted in cancer. Dysregulation of PRKD3 has been observed in certain cancer types, suggesting a potential role in tumorigenesis. One proposed mechanism involves its influence on the signaling pathways associated with cell survival and growth, particularly by modulating the NF-κB pathway and other oncogenic signals. Additionally, PRKD3 may affect epithelial-mesenchymal transition (EMT), a process that enhances tumor invasiveness and metastasis. Consequently, the aberrant expression or activity of PRKD3 could promote cancer progression through these interconnected pathways.",0
MTMR12,2244,0.2857142857142857,0.0,0.0,0.6428571428571429,0.0,1.0,0.0714285714285714,0.0,1.0000000000000004,0.0,1.8,2.0,1.0,1.0,0.9823182711198428,0.9998427486525844,384742.0,160.0,0.02736531,2.2475947705715605e-07,5.0,0.0,0.0,0.0,0.0,0.0,0.0,0.0,1.0,0.0,0.0,0.0,0.0,9.0,0.0,0.0,0.0,0.0,0.0,4.0,0.0,0.0,0.0,0.0,1.0,0.0,13.0,0.0,14.0,14.99446154,60.6685501,23.71812698035509,0.6778241576426476,0.3396347262247839,0.0578264346059219,347.0,-0.272475593220339,0.0352950561216247,59.0,0.3298751477832515,0.0550185160087435,406.0,3.547107947485748,0.0047624203040764,0.0654554868105543,0.0083679653610463,23.913078100610747,1.3049946472426746,"The MTMR12 gene, part of the myotubularin family of phosphatases, has been implicated in cellular processes such as membrane trafficking and cytoskeletal regulation, which are crucial for maintaining cellular homeostasis. Dysregulation of these processes can lead to aberrant cell proliferation and survival, contributing to tumorigenesis. Additionally, MTMR12 may influence phosphoinositide signaling pathways, which are often altered in cancerous cells. Loss of function or mutations in MTMR12 could disrupt these pathways, potentially enhancing metastatic capabilities or resistance to apoptosis. While direct associations between MTMR12 and specific cancer types are still under investigation, its role in fundamental cellular mechanisms suggests a plausible link to cancer biology.",0
ABCB10,2217,0.25,0.0,0.0,0.6875,0.0,1.0,0.0625,0.0,1.0,0.0,2.2,2.4,1.0,1.0,0.0239894446443564,0.1134734641204888,255826.4,277.0,0.02002447,2.798207415238828e-05,12.0,0.0,0.0,0.0,0.0,0.0,0.0,1.0,0.0,0.0,0.0,0.0,0.0,11.0,0.0,0.0,0.0,0.0,0.0,4.0,0.0,0.0,1.0,0.0,0.0,0.0,15.0,0.0,16.0,18.9972,118.6451205,22.421936624154743,0.3917449356336452,0.288898981233244,0.0273991113290668,373.0,-0.2464358695652174,0.026578856229227,46.0,0.2842371599045346,0.027421902688326,419.0,3.411206968007964,0.0040551915864559,0.0519541804688752,0.0068841371553583,17.057720429296346,0.9781465578890532,"The ABCB10 gene encodes a member of the ATP-binding cassette (ABC) transporter family, which plays a critical role in transporting various molecules across cellular membranes. There is emerging evidence suggesting a potential relationship between ABCB10 and cancer, primarily through its involvement in mitochondrial function and the regulation of oxidative stress. Dysregulation of ABCB10 may affect the cellular response to reactive oxygen species, contributing to the survival and proliferation of cancer cells. Additionally, studies have indicated that ABCB10 may influence drug resistance mechanisms by modulating the intracellular levels of chemotherapeutic agents, thereby impacting tumorigenesis and treatment outcomes. However, the precise role of ABCB10 in specific cancer types and the underlying mechanisms remain an area of ongoing research.",0
ZFP64,2046,0.1666666666666666,0.0,0.0,0.8333333333333334,0.0,1.0,0.0,0.0,1.0,0.0,2.5,2.5,1.0,1.0,0.2023472278429785,0.5256515798394212,145657.2,427.0,-0.007653014,4.254308463938817e-05,23.0,0.0,0.0,0.0,0.0,0.0,0.0,0.0,0.0,0.0,0.0,0.0,23.0,16.0,1.0,0.0,0.0,0.0,0.0,4.0,0.0,0.0,3.0,0.0,0.0,0.0,41.0,0.0,32.0,16.7434878,108.4622116,21.52424821758997,2.8031329927267823,0.3430462191780822,0.0515973019164352,365.0,-0.2239942307692307,0.0191728182876319,52.0,0.3282004076738609,0.0490488970279584,417.0,3.350248979717838,0.0066797243484712,0.0697119914764156,0.0136623533849023,21.588286171744105,0.9037401849214876,"The ZFP64 gene, which encodes a zinc finger transcription factor, has been implicated in various cellular processes, including development and differentiation. While direct associations between ZFP64 and cancer are not well-characterized, alterations in zinc finger proteins have been observed in several malignancies, suggesting a potential role in tumorigenesis. Possible mechanisms may include the dysregulation of gene expression, leading to altered signaling pathways involved in cell proliferation, apoptosis, and metastasis. Furthermore, the balance of transcriptional activation and repression mediated by ZFP64 could impact the stability of genomic integrity, potentially contributing to cancer progression when aberrations occur. Overall, the relationship between ZFP64 and cancer remains an area of active investigation, warranting further exploration to elucidate its specific role in oncogenesis.",0
POLR2M,1107,1.0,0.0,0.0,0.0,0.0,1.0,0.0,0.0,1.0,0.0,0.0,0.0,1.0,1.0,1.0,1.0,168062.7,487.0,0.01158019,0.0001692268928171,50.0,0.0,0.0,0.0,0.0,0.0,0.0,0.0,0.0,0.0,0.0,0.0,1.0,0.0,0.0,0.0,0.0,0.0,0.0,2.0,0.0,0.0,0.0,0.0,0.0,0.0,3.0,0.0,3.0,7.989666667,26.94749033,23.071846135312867,0.4584623892959373,0.2001328787878787,0.0115644143777389,66.0,-0.2639627106227107,0.0202818309926255,273.0,0.2515356637168142,0.0191860740187149,339.0,3.506725435866181,0.0034973139752278,0.0389361359658145,0.006446272706725,21.73075358776864,1.1264378402353326,"The POLR2M gene encodes a subunit of RNA polymerase II, which is essential for the transcription of nearly all protein-coding genes. Alterations in POLR2M expression or function could impact the transcriptional landscape in cells, potentially leading to oncogenic processes. For example, aberrant regulation of transcription can result in the upregulation of proto-oncogenes or the downregulation of tumor suppressor genes. Additionally, the disruption of normal transcript processing may lead to the production of oncogenic transcripts or alterations in the splicing of RNA, further driving tumorigenesis. While specific mechanisms linking POLR2M directly to cancer remain to be elucidated, its role in transcriptional regulation places it within the broader context of molecular pathways implicated in cancer biology.",0
RPL31,387,0.5,0.0,0.0,0.5,0.0,1.0,0.0,0.0,1.0,0.0,0.5,0.5,1.0,1.0,0.4593477262287552,0.8166962711311025,335036.3,406.0,0.02255785,0.0003309323218432,145.0,0.0,0.0,0.0,0.0,0.0,0.0,0.0,0.0,0.0,0.0,0.0,0.0,1.0,0.0,0.0,0.0,0.0,0.0,1.0,0.0,0.0,0.0,0.0,0.0,0.0,2.0,0.0,2.0,18.795,62.83205,28.2059847604508,0.7257130674467909,0.2112313559322033,0.0173233115936055,177.0,-0.2600564912280702,0.0347245349588972,57.0,0.2231246581196581,0.0218723575013847,234.0,3.884646706048061,0.0064270676120501,0.1267658095504541,0.0145717399126283,19.893627625592945,3.159908536999305,"The RPL31 gene encodes a ribosomal protein that is a component of the large 60S subunit of ribosomes, playing a crucial role in protein synthesis. Alterations in ribosomal protein genes, including RPL31, have been implicated in the development of cancer through the mechanism of ribosomal stress, which can lead to the activation of the p53 pathway, cell cycle arrest, or apoptosis. Dysregulation of RPL31 may disrupt normal ribosome biogenesis and protein translation, potentially contributing to oncogenic processes by promoting growth factor signaling, altering cellular metabolism, and facilitating evasion of the immune response. Moreover, its involvement in the regulation of key pathways such as mTOR signaling links RPL31 to cellular growth and proliferation, further underscoring the potential relevance of this gene in cancer biology.",0
MTG1,1005,0.0833333333333333,0.0833333333333333,0.25,0.4166666666666667,0.0,1.0,0.1666666666666666,0.0,0.6394714728255649,0.0,2.5,5.5,0.00149,1.0,0.8741258741258742,0.991722808529376,485067.0,472.0,0.0077059009999999,8.971250696517493e-06,6.0,0.0,0.0,0.0,0.0,0.0,0.0,2.0,0.0,0.0,0.0,0.0,0.0,5.0,1.0,0.0,0.0,0.0,0.0,1.0,3.0,0.0,2.0,0.0,0.0,0.0,10.0,0.0,11.0,23.392,111.86864,22.18804231336026,0.4624361102272866,0.2638164016874681,0.0370683991865753,190.13201675643327,-0.2623792743604192,0.0349935889004216,187.6534410532616,0.2724842722630945,0.0397860230283488,377.6466786355476,3.390057164977456,0.0047816563955764,0.0629703464292065,0.0060249531946678,20.060674391099585,2.322449260305919,"The MTG1 gene, known for its role in tRNA maturation and mitochondrial function, has been implicated in various cellular processes that could relate to cancer biology. Dysregulation of mitochondrial metabolism and protein synthesis can influence cellular growth, apoptosis, and stress responses, which are critical pathways in cancer development. Additionally, alterations in tRNA pool composition can lead to proteomic changes that favor oncogenic processes, suggesting that MTG1's functions in translation and mitochondrial integrity may contribute to the malignant phenotype. However, the exact mechanisms linking MTG1 and cancer remain an area of ongoing research.",0
SLC52A3,1410,0.3333333333333333,0.0666666666666666,0.0,0.5333333333333333,0.0,1.0,0.0666666666666666,0.0,0.9658722633586913,0.0,1.3333333333333333,1.6666666666666667,0.3466204506065858,1.0,0.9000900090009001,0.9948339429860422,764796.2,557.0,0.03114086,0.0,0.0,0.0,0.0,0.0,0.0,0.0,0.0,1.0,0.0,0.0,0.0,0.0,2.0,8.0,1.0,0.0,0.0,0.0,0.0,5.0,0.0,0.0,1.0,0.0,0.0,0.0,16.0,0.0,14.0,11.9389375,172.5453147,15.632909445112542,2.3262087727443745,0.3058845084745761,0.0404759793357269,295.0,-0.2625843795620439,0.0296061383145019,137.0,0.2921527546296295,0.0373591086204686,432.0,3.0403784414841937,0.0945390047711431,0.111514500398345,0.0145173604745375,15.423735240780408,1.1106136687875212,"The SLC52A3 gene encodes a protein involved in the transport of riboflavin (vitamin B2), which plays a critical role in cellular metabolism and redox balance. Emerging research suggests that alterations in riboflavin metabolism, potentially mediated by SLC52A3, may influence cancer cell proliferation and survival. Deficient transport of riboflavin could lead to impaired cofactor availability for crucial metabolic pathways, such as those involved in oxidative phosphorylation and fatty acid metabolism. Additionally, aberrant expression of SLC52A3 has been observed in certain cancer types, potentially contributing to altered cellular energetics and tumorigenesis. Such modifications in nutrient transport and metabolism could create a favorable environment for cancer progression. However, the exact mechanisms linking SLC52A3 to cancer remain to be fully elucidated.",0
SOHLH1,1164,0.3571428571428571,0.0,0.0,0.6428571428571429,0.0,1.0,0.0,0.0,1.0,0.0,1.5,1.5,1.0,1.0,0.241196333815726,0.5842122561537838,362221.6,524.0,0.02936539,0.0,0.0,1.0,0.0,0.0,0.0,0.0,0.0,0.0,0.0,0.0,0.0,0.0,0.0,9.0,0.0,0.0,0.0,0.0,0.0,5.0,0.0,0.0,0.0,0.0,0.0,0.0,15.0,0.0,13.0,5.878866667,63.5511387,21.88701420269522,1.8204614569819408,0.2638164016874681,0.0370683991865753,190.13201675643327,-0.2623792743604192,0.0349935889004216,187.6534410532616,0.2724842722630945,0.0397860230283488,377.6466786355476,0.7076844287591161,0.9912983591335274,0.7667323399627949,0.0484698158459915,20.060674391099585,2.322449260305919,"The SOHLH1 gene (Spermatogenesis and oogenesis-specific basic helix-loop-helix transcription factor 1) is primarily involved in the regulation of germ cell development. While direct associations between SOHLH1 and cancer remain limited, there is emerging evidence suggesting that alterations in the expression of germ cell-specific genes may impact tumorigenesis and cancer progression through mechanisms such as aberrant regulation of cell differentiation, modulation of stem cell-like properties, and alterations in the tumor microenvironment. Additionally, dysregulation of SOHLH1 could potentially influence pathways involved in cell cycle control and apoptosis, contributing to malignant transformation and the proliferation of cancer cells. Further research is needed to elucidate the precise role and mechanisms by which SOHLH1 may be implicated in cancer biology.",0
ATG9B,2774,0.3235294117647059,0.0,0.0,0.5294117647058824,0.0,1.0,0.1470588235294117,0.0,0.9328820623149549,0.0,1.5,1.9166666666666667,1.0,1.0,0.3982477100756671,0.7649068419655309,622098.2,373.0,0.04144484,0.0,1.0,0.0,0.0,0.0,0.0,0.0,0.0,4.0,1.0,0.0,0.0,0.0,0.0,17.0,0.0,0.0,0.0,0.0,0.0,12.0,0.0,0.0,4.0,0.0,1.0,0.0,29.0,0.0,29.0,16.56096552,81.87490218,13.83016883604878,0.1369472106994491,0.2965527325581396,0.0245480196630652,344.0,-0.2742697560975609,0.0268769831351859,123.0,0.2906837687366168,0.0252016101136631,467.0,2.802504124753594,0.1202688634783613,0.111514500398345,0.0145173604745375,16.57041883563771,0.8521536639405735,"The ATG9B gene, involved in autophagy, may have a relationship with cancer through its role in cellular homeostasis and the regulation of autophagy pathways. Dysregulation of autophagy has been implicated in various cancers, where insufficient autophagy can lead to unresolved cellular damage and promote tumorigenesis, while excessive autophagy may support cancer cell survival in nutrient-deprived environments. Altered expression or function of ATG9B could influence these processes, potentially affecting tumor growth, metastasis, and response to therapies. Additionally, ATG9B interacts with other autophagy-related proteins, which could further modulate signaling pathways involved in cancer cell metabolism, inflammation, and immune evasion.",0
SGPL1,1707,0.1111111111111111,0.1111111111111111,0.0,0.7777777777777778,0.0,1.0,0.0,0.0,1.0,0.0,3.5,4.0,0.562429696287964,1.0,0.2937720329024677,0.6536284402794146,424451.6,579.0,0.02990383,6.040016165338268e-05,27.0,0.0,0.0,0.0,0.0,0.0,0.0,0.0,0.0,0.0,0.0,0.0,0.0,6.0,1.0,0.0,0.0,0.0,0.0,1.0,1.0,0.0,0.0,0.0,0.0,0.0,9.0,0.0,8.0,22.38622222,131.0678484,25.278859847942943,0.6753586296602706,0.2417208547008546,0.0228121963458149,117.0,-0.3286462454873645,0.0474206882619395,277.0,0.3028333756345179,0.0416179532285252,394.0,3.667030083926087,0.0050677961904661,0.0508070039322506,0.0105101257909328,18.977846980194148,1.672882953420631,"The SGPL1 gene encodes a sphingosine-1-phosphate lyase, an enzyme involved in sphingolipid metabolism, which plays a critical role in regulating various cellular processes, including apoptosis, proliferation, and immune responses. Dysregulation of sphingolipid metabolism has been implicated in cancer development and progression, as altered levels of sphingosine-1-phosphate can promote tumor growth, metastasis, and angiogenesis. Additionally, SGPL1 is involved in the modulation of the inflammatory microenvironment, which can influence tumor progression. Therefore, aberrations in SGPL1 expression or activity may contribute to tumorigenesis through multiple pathways related to cellular signaling, promoting a pro-tumorigenic environment.",0
TFPI2,708,0.2222222222222222,0.0,0.0,0.7777777777777778,0.0,1.0,0.0,0.0,1.0,0.0,2.333333333333333,2.333333333333333,1.0,1.0,0.2178174689610106,0.5497926084223665,228127.4,480.0,-0.01200448,0.0,2.0,0.0,0.0,0.0,0.0,0.0,0.0,0.0,0.0,0.0,0.0,0.0,0.0,6.0,0.0,0.0,0.0,0.0,0.0,2.0,1.0,0.0,0.0,0.0,0.0,0.0,9.0,0.0,9.0,18.95688889,61.20598211,19.637834109727027,7.0649449320665845,0.3202190931372551,0.0457749223429102,408.0,-0.2481391044776118,0.0148547908082767,67.0,0.3100520210526318,0.0420038170942188,475.0,2.992153364173432,0.2326612379220413,0.1202101942895207,0.0219652379753823,18.53149937183696,3.224924823757891,"Yes, there is a relationship between the TFPI2 gene and cancer. TFPI2 (Tissue Factor Pathway Inhibitor 2) functions primarily as an inhibitor of the extrinsic coagulation pathway and plays a role in regulating proteolytic processes within the extracellular matrix. Abnormal expression of TFPI2 has been implicated in cancer through mechanisms such as altering cell adhesion, promoting angiogenesis, and influencing tumor microenvironment interactions. In various cancers, reduced TFPI2 expression has been associated with increased tumorigenesis, invasiveness, and metastatic potential, suggesting that it may play a critical role in tumor suppression and the modulation of tumor-associated coagulation systems. Furthermore, dysregulation of TFPI2 can affect cell signaling pathways that govern proliferation and apoptosis, adding another layer of complexity to its involvement in cancer pathogenesis.",0
C2CD2,2091,0.25,0.0833333333333333,0.0,0.6666666666666666,0.0,1.0,0.0,0.0,1.0,0.0,2.0,2.25,0.4262574595055413,1.0,0.468384074941452,0.8236377736208842,251773.4,366.0,0.0761235,2.231128146457987e-05,5.0,0.0,0.0,0.0,0.0,0.0,0.0,0.0,0.0,0.0,0.0,0.0,4.0,7.0,1.0,0.0,0.0,0.0,0.0,3.0,1.0,0.0,1.0,0.0,0.0,0.0,15.0,0.0,15.0,11.34726667,147.4891698,21.790472901852777,1.4672620276758512,0.2422543023255813,0.0163337760530369,86.0,-0.2612619847328244,0.01925113978072,262.0,0.2565646839080459,0.0185484468745395,348.0,3.464132391780916,0.008553108405803,0.052756532704876,0.0094739781307021,22.72852049312972,0.8787003923849187,"The C2CD2 gene, which encodes a protein involved in ciliary function and cellular signaling, has been implicated in various cellular processes, including cell division and differentiation. Dysregulation of ciliary function is increasingly recognized as a contributing factor in cancer biology, particularly in the context of primary cilia's role in mediating signaling pathways such as Hedgehog and Wnt, which are crucial for proper cell signaling and proliferation. Alterations in C2CD2 expression or function could potentially disrupt these pathways, leading to aberrations in cell cycle regulation, increased proliferation, and tumorigenesis. Additionally, defects in ciliary mechanisms may influence the tumor microenvironment and intercellular communication, further implicating C2CD2 in cancer development through mechanisms of cellular dysregulation and tumor-stroma interactions. However, the direct association between C2CD2 and specific cancer types requires further investigation to clarify its role in oncogenesis.",0
CD70,582,0.4285714285714285,0.0,0.0,0.5714285714285714,0.0,1.0,0.0,0.0,1.0,0.0,1.0,1.0,1.0,1.0,0.4308487720809996,0.7936226313193883,836908.9,212.0,0.02119229,0.0,2.0,0.0,0.0,0.0,0.0,0.0,0.0,0.0,0.0,0.0,0.0,0.0,2.0,4.0,0.0,0.0,0.0,0.0,0.0,3.0,0.0,0.0,0.0,0.0,0.0,0.0,9.0,0.0,9.0,6.589444444,39.88814753,21.058755036901868,8.597970835589765,0.2534577443609023,0.0207849537751765,133.0,-0.252281387755102,0.0203917375718367,245.0,0.2526952910052909,0.0204756423231246,378.0,2.2846985664883896,0.509608792475639,0.111514500398345,0.0145173604745375,20.060674391099585,2.322449260305919,"Yes, there is a relationship between the CD70 gene and cancer. CD70 is a ligand that interacts with its receptor, CD27, which plays a crucial role in regulating immune responses. In various types of malignancies, CD70 is often upregulated, leading to enhanced survival and proliferation of cancer cells through the activation of prosurvival pathways. Additionally, CD70 can contribute to immune evasion by promoting the differentiation of regulatory T cells (Tregs) and inhibiting effector T cell function, thereby creating an immunosuppressive tumor microenvironment. This mechanism can hinder effective anti-tumor immunity, allowing tumors to grow and metastasize unchecked. Furthermore, the expression of CD70 on tumor cells can facilitate interactions that enhance angiogenesis and tumor progression, indicating its multifaceted role in cancer biology.",0
MPHOSPH9,3552,0.1904761904761904,0.0952380952380952,0.0,0.5714285714285714,0.0,1.0,0.1428571428571428,0.0,0.8741347745667981,0.0,2.4,3.4,0.6373486297004461,1.0,1.0,1.0,1064138.0,201.0,0.03738329,2.349266889532219e-07,5.0,1.0,0.0,0.0,0.0,0.0,0.0,2.0,1.0,0.0,0.0,0.0,0.0,12.0,2.0,0.0,0.0,0.0,0.0,4.0,0.0,0.0,2.0,0.0,1.0,0.0,19.0,0.0,18.0,19.23926316,78.21451443,18.820790359315115,1.64867753346422,0.2259566428571428,0.0153990662469218,140.0,-0.2322138064516128,0.0185465492522999,153.0,0.2292443050847455,0.0170051659688181,293.0,3.471249303289871,0.0074229357258859,0.0746938992092558,0.0140170165484634,20.067454486644937,1.4103071947765635,"The MPHOSPH9 gene, which encodes the protein M-phase phosphoprotein 9, has been implicated in cellular processes such as mitosis and cell cycle regulation. Alterations in genes that govern these critical processes can lead to unregulated cell proliferation, a hallmark of cancer. Dysregulation of MPHOSPH9 may lead to aberrant chromosome segregation and genomic instability, potentially contributing to tumorigenesis. In addition, MPHOSPH9 has been reported to interact with various signaling pathways that are often altered in cancers, indicating that its dysfunction may affect key pathways involved in cell survival and apoptosis. Consequently, further investigation into the role of MPHOSPH9 in cancer biology is warranted to elucidate its potential contributions to malignancy.",0
DCHS2,8751,0.2121212121212121,0.0303030303030303,0.0303030303030303,0.6363636363636364,0.0,1.0,0.0909090909090909,0.0,0.9107073047248988,0.0,2.863636363636364,3.5454545454545454,0.4830917874396135,1.0,0.3043213633597078,0.6663636699985016,63258.42,1024.0,0.0032385559999999,0.0,1.0,0.0,0.0,0.0,0.0,0.0,0.0,6.0,3.0,0.0,0.0,0.0,20.0,83.0,3.0,0.0,0.0,0.0,0.0,36.0,4.0,0.0,7.0,0.0,4.0,0.0,144.0,0.0,97.0,13.25282639,105.6054219,19.414533952644604,1.8956841873863628,0.1975635616438355,0.0171306891621385,73.0,-0.2776215547703182,0.0247055347082124,283.0,0.261205168539326,0.0241473431501123,356.0,2.889582461708125,0.2720259084119669,0.2446091038356223,0.0276614202415965,20.060674391099585,2.322449260305919,"Yes, there is a relationship between the DCHS2 gene and cancer. DCHS2 encodes a protein that is involved in cell-cell adhesion and may play a role in the regulation of cell proliferation and differentiation. Alterations in DCHS2 expression or function can disrupt normal cellular interactions and signaling pathways, potentially leading to increased cellular motility and invasion, hallmarks of cancer progression. Furthermore, aberrant expression of DCHS2 may contribute to tumor microenvironment changes, influencing cancer cell behavior and metastatic potential. Studies have suggested that dysregulation of related pathways can drive oncogenic processes, making DCHS2 a gene of interest in cancer research.",0
SON,7281,0.3170731707317073,0.0,0.0,0.6585365853658537,0.0,1.0,0.0,0.024390243902439,1.0,0.0,1.9285714285714288,2.0,1.0,1.0,0.8431703204047217,0.9870036261176508,908921.2,375.0,0.06770538,0.000198741695539,69.0,0.0,0.0,0.0,0.0,0.0,0.0,0.0,0.0,0.0,1.0,0.0,2.0,26.0,0.0,0.0,0.0,0.0,0.0,13.0,0.0,0.0,1.0,0.0,0.0,0.0,41.0,0.0,35.0,18.45595122,83.1334685,26.36643060039098,0.322305587104585,0.2453256382978723,0.0176552186872226,94.0,-0.2636342083333334,0.0226987984972786,240.0,0.2584814970059881,0.0212900585136681,334.0,3.859237617759873,0.0058705866885806,0.0512216876991279,0.0103872637620193,26.763938960736454,0.5095115677198748,"Yes, there is a relationship between the SON gene and cancer. The SON gene is implicated in various cellular processes, including RNA splicing, regulation of gene expression, and maintenance of genomic stability. Dysregulation of SON expression has been observed in several types of cancers, where upregulated SON may contribute to tumorigenesis by enhancing cell proliferation and survival. Mechanistically, SON is thought to interfere with apoptotic pathways and promote the expression of oncogenic factors while repressing tumor suppressor genes. Additionally, its role in alternative splicing can lead to the production of variant isoforms that may exhibit altered functions, further facilitating malignant transformation and tumor progression.",0
AP2B1,2856,0.1818181818181818,0.0,0.0,0.8181818181818182,0.0,1.0,0.0,0.0,1.0000000000000002,0.0,3.0,3.0,1.0,1.0,0.241954996370675,0.5852899916597134,715620.1,196.0,0.008885518,0.0003302922576418,81.0,0.0,0.0,0.0,0.0,0.0,0.0,0.0,0.0,0.0,0.0,0.0,0.0,8.0,0.0,0.0,0.0,0.0,0.0,3.0,1.0,0.0,0.0,1.0,0.0,0.0,11.0,0.0,10.0,23.50672727,54.91663382,26.9653944715716,0.390486155179446,0.2357059375000002,0.0223614493953419,160.0,-0.2705586387434556,0.0202493035686635,191.0,0.2546713675213674,0.0214531359044102,351.0,3.782463816840792,0.0037916487615996,0.111514500398345,0.0145173604745375,18.92433738088395,7.240804746082568,"Yes, there is evidence to suggest a relationship between the AP2B1 gene and cancer. AP2B1 encodes a subunit of the adapter protein complex 2 (AP-2), which plays a critical role in clathrin-mediated endocytosis and intracellular trafficking. Alterations in AP2B1 have been linked to dysregulation of signaling pathways involved in cell proliferation and survival, contributing to oncogenesis. For instance, aberrant protein expression levels of AP2B1 may interfere with the internalization of cancer-related receptors, thereby impacting downstream signaling cascades such as the insulin and epidermal growth factor (EGF) pathways. In addition, oncogenic mutations or epigenetic changes affecting AP2B1 could lead to altered cellular uptake of nutrients and growth factors, further promoting tumor growth and metastasis.",0
C1ORF174,732,0.3333333333333333,0.0,0.0,0.5555555555555556,0.0,1.0,0.1111111111111111,0.0,1.0,0.0,1.25,1.5,1.0,1.0,0.0687663320038509,0.25285662317617,248975.3,412.0,0.02028935,2.4449924518719223e-05,9.0,0.0,0.0,0.0,0.0,0.0,0.0,0.0,1.0,0.0,0.0,0.0,0.0,5.0,0.0,0.0,0.0,0.0,1.0,3.0,0.0,0.0,0.0,0.0,1.0,0.0,9.0,0.0,9.0,13.73022222,152.8587277,22.729421733822896,0.5340899715109196,0.2449080555555554,0.0280594918382398,108.0,-0.2537347177419355,0.0181606623926325,248.0,0.2510569662921348,0.0211096080797847,356.0,3.3714498669878514,0.00306287617353,0.0646087475060038,0.0050044378909936,20.060674391099585,2.322449260305919,"The relationship between C1ORF174 and cancer is currently not well-established, but emerging evidence suggests a potential association. C1ORF174 may be involved in cellular processes such as cell cycle regulation, apoptosis, and immune response, which are key pathways often dysregulated in cancer. Alterations in expression levels or mutations in C1ORF174 could potentially influence tumorigenesis by affecting these pathways. For instance, dysregulation may lead to enhanced cell survival or impaired immune surveillance, contributing to uncontrolled cellular proliferation and tumor growth. However, further research is necessary to elucidate the specific mechanisms and the significance of C1ORF174 in different cancer types.",0
AFAP1,2445,0.3076923076923077,0.0769230769230769,0.0769230769230769,0.5384615384615384,0.0,1.0,0.0,0.0,0.9168497986377478,0.0,1.4,1.8,0.1811266074986415,1.0,0.5567928730512249,0.8828296046102494,166374.7,260.0,0.03797975,3.361441531436257e-06,11.0,0.0,0.0,2.0,0.0,0.0,0.0,0.0,0.0,0.0,0.0,0.0,1.0,6.0,1.0,0.0,0.0,0.0,0.0,4.0,1.0,0.0,0.0,0.0,0.0,0.0,15.0,0.0,14.0,19.29646667,133.2370596,24.504351793899925,0.7445959273110803,0.2577776315789473,0.02662458651204,113.0,-0.2597640625,0.0204686026689215,252.0,0.259152027027027,0.0222991414433054,364.0,3.531303112912126,0.01010327677858,0.1126904971993593,0.0100202153554179,25.83657335890968,0.5478343614528032,"Yes, there is a relationship between the AFAP1 gene and cancer. AFAP1 (Actin Filament Associated Protein 1) is involved in cytoskeletal dynamics and cell adhesion, processes critical for maintaining cellular architecture and function. Dysregulation of AFAP1 has been implicated in tumorigenesis through mechanisms such as enhanced cell motility and invasion, which facilitate metastasis. Additionally, AFAP1 can influence signaling pathways related to cell proliferation and survival, potentially contributing to oncogenic processes when aberrantly expressed. Changes in AFAP1 expression levels and function can thus impact cancer progression and aggressiveness in various malignancies.",0
CCDC71,1404,0.2222222222222222,0.0,0.0,0.6666666666666666,0.0,1.0,0.1111111111111111,0.0,1.0,0.0,2.0,2.333333333333333,1.0,1.0,0.1863932898415657,0.4995147019725373,1855373.0,203.0,0.04047977,1.6758873071053968e-08,3.0,0.0,0.0,0.0,0.0,0.0,0.0,1.0,0.0,0.0,0.0,0.0,0.0,6.0,0.0,0.0,0.0,0.0,0.0,2.0,0.0,0.0,1.0,0.0,0.0,0.0,8.0,0.0,9.0,17.617125,74.77393127,18.80093245591508,1.9914009887808388,0.2213656603773585,0.0187323388171787,106.0,-0.2794263170163172,0.0220803432555628,429.0,0.2679227102803738,0.0219172557591199,535.0,3.2985167893754377,0.005637284288113,0.029615456202895,0.0073702605641259,19.193881893401908,9.258747389382451,"The CCDC71 gene has been implicated in cancer through various studies that suggest its role in cellular processes such as apoptosis and cell proliferation. Dysregulation of CCDC71 may contribute to the malignant phenotype by influencing the stability and localization of other proteins involved in crucial signaling pathways. Additionally, alterations in CCDC71 expression have been observed in certain cancer types, which may affect tumor growth, invasion, and metastatic potential. Further research is needed to elucidate the precise mechanisms by which CCDC71 influences oncogenesis and its potential interactions with other oncogenic pathways.",0
LRRC8C,2412,0.217391304347826,0.0869565217391304,0.0,0.6086956521739131,0.0,1.0,0.0869565217391304,0.0,0.903884900235868,0.0,2.333333333333333,3.0,0.7490636704119851,1.0,0.1981767736821244,0.5189448771737746,300031.9,514.0,0.007073513,1.1952032732086114e-06,4.0,0.0,0.0,0.0,0.0,0.0,0.0,1.0,1.0,0.0,0.0,0.0,0.0,14.0,2.0,0.0,0.0,0.0,1.0,5.0,0.0,0.0,1.0,0.0,1.0,0.0,22.0,0.0,20.0,22.1675,110.7803876,21.280028448611947,1.8655609825983688,0.2056166371681416,0.0113308637207332,113.0,-0.2339171232876714,0.0123088316737966,219.0,0.2242847289156625,0.0121210929234912,332.0,3.403449579543323,0.0146159855460207,0.0544215554472505,0.0071536512141929,20.060674391099585,2.322449260305919,"The LRRC8C gene encodes a protein that is part of the LRRC8 family of proteins, which are known to form volume-regulated anion channels (VRACs) in the cell membrane. Alterations in ion channel function and cell volume regulation are associated with various cellular processes critical to tumor biology, including cell proliferation, migration, and apoptosis. Research has suggested that dysregulation of LRRC8C may influence the tumor microenvironment by modulating cellular ionic homeostasis and signaling pathways that drive cancer progression. Furthermore, the role of ion channels, including LRRC8C, in mediating response to mechanical stress and promoting survival under hypoxic conditions may also contribute to tumor resilience and metastatic potential. Thus, while direct links between LRRC8C mutations or expression levels and specific cancer types are still being elucidated, its involvement in fundamental cellular processes indicates a potential relevance to cancer biology.",0
ARMC12,1104,0.1666666666666666,0.0,0.0,0.8333333333333334,0.0,1.0,0.0,0.0,1.0,0.0,2.5,2.5,1.0,1.0,0.3306878306878307,0.6966205219303196,621095.1,404.0,0.03357317,0.0,0.0,0.0,0.0,0.0,0.0,0.0,0.0,0.0,0.0,0.0,0.0,0.0,0.0,5.0,0.0,0.0,0.0,0.0,0.0,1.0,0.0,0.0,0.0,0.0,0.0,0.0,6.0,0.0,5.0,20.91983333,41.09612017,21.88701420269522,1.8204614569819408,0.2459903977272726,0.0187691373489837,176.0,-0.2456752898550723,0.0173886306659737,138.0,0.2458519108280254,0.0181049492576789,314.0,1.961924921689624,0.3130271022990457,0.111514500398345,0.0145173604745375,20.060674391099585,2.322449260305919,"The ARMC12 gene has been implicated in cancer through its potential role in cellular signaling and regulation of apoptotic pathways. Studies suggest that altered expression of ARMC12 may influence cell proliferation and survival, thereby contributing to tumorigenesis. Additionally, its involvement in the modulation of protein interactions and stability could affect oncogenic pathways, making it a candidate for further investigation in various cancer types. However, the precise mechanisms by which ARMC12 contributes to cancer progression remain to be fully elucidated.",0
ZEB2,3645,0.5,0.0,0.0,0.5,0.0,1.0,0.0,0.0,1.0,0.0,0.8,0.8,1.0,1.0,0.8591065292096219,0.9895724650423076,56401.62,621.0,0.01591195,2.7511375526150684e-05,20.0,0.0,0.0,8.0,0.0,0.0,0.0,0.0,0.0,0.0,0.0,0.0,71.0,4.0,0.0,0.0,0.0,0.0,0.0,4.0,0.0,0.0,5.0,0.0,0.0,0.0,82.0,0.0,60.0,19.54902439,77.70349365,22.635713909690853,2.015266437002341,0.2229755263157894,0.0182628037698273,190.0,-0.2285855421686747,0.0165051644567146,83.0,0.2246811355311355,0.0176724684262793,273.0,3.617393061637289,0.0168967589274578,0.0909459480131741,0.0143351119578635,23.681544416378344,1.7419382102795853,"Yes, there is a relationship between the ZEB2 gene and cancer. ZEB2 (Zinc Finger E-box Binding Homeobox 2) is a transcription factor that plays a crucial role in epithelial-to-mesenchymal transition (EMT), a process often hijacked during cancer progression. In various malignancies, ZEB2 is implicated in promoting tumor cell invasiveness and metastasis by regulating the expression of genes associated with cell adhesion and motility. Additionally, ZEB2 can influence the tumor microenvironment and modulate signaling pathways related to tumorigenesis, including those involving stemness and resistance to therapies. Dysregulation of ZEB2 expression is observed in several cancer types, contributing to poor prognosis by facilitating aggressive phenotypes and enhancing the survival of cancer stem-like cells.",0
KCNK15,993,0.2,0.0666666666666666,0.0,0.7333333333333333,0.0,1.0,0.0,0.0,1.0,0.0,2.75,3.0,0.3209242618741977,1.0,0.4011231448054553,0.7675438445813962,890595.8,168.0,0.04641963,0.0,0.0,0.0,0.0,0.0,0.0,0.0,0.0,0.0,0.0,0.0,0.0,0.0,0.0,12.0,1.0,0.0,0.0,0.0,0.0,3.0,0.0,0.0,0.0,1.0,0.0,0.0,15.0,0.0,13.0,17.70933333,36.51082095,21.88701420269522,1.8204614569819408,0.330908,0.0487199931793696,350.0,-0.2282296774193548,0.0202544216195663,62.0,0.3154564077669904,0.0457277070279403,412.0,2.5312573992848577,0.4389572736154296,0.0818846914839378,0.0089080405606133,20.060674391099585,2.322449260305919,"The KCNK15 gene encodes a member of the two-pore domain potassium channel family, which plays a role in maintaining the resting membrane potential and regulating cellular excitability. Dysregulation of potassium channels, including KCNK15, has been implicated in various cellular processes, such as proliferation, apoptosis, and angiogenesis, all of which are critical in cancer biology. Alterations in KCNK15 expression or function may influence ion homeostasis and the electrical properties of cancer cells, potentially leading to enhanced tumor growth, metastasis, and altered cellular signaling pathways. However, the specific relationship between KCNK15 and cancer remains an area of ongoing research, with mechanisms still being elucidated.",0
CRKL,912,0.3333333333333333,0.3333333333333333,0.0,0.3333333333333333,0.0,1.0,0.0,0.0,1.0,0.0,0.5,1.0,0.2224694104560622,1.0,0.8787346221441125,0.992330699212776,523674.1,192.0,0.04884558,0.0004128251931683,75.0,0.0,0.0,0.0,0.0,0.0,0.0,0.0,0.0,0.0,0.0,0.0,0.0,1.0,1.0,0.0,0.0,0.0,0.0,0.0,0.0,0.0,0.0,0.0,0.0,0.0,2.0,0.0,2.0,33.1,237.62,26.049101837610888,0.319160990762164,0.2799601282051282,0.0547704883935318,156.0,-0.2731756194690264,0.0221261994202812,226.0,0.2759462565445027,0.0353597605919864,382.0,3.6551667277349047,0.0058685518371733,0.045394731288917,0.0113506366205567,23.51930583662254,1.0224115541317,"Yes, there is evidence of a relationship between the CRKL gene and cancer. CRKL encodes a protein that functions as an adaptor in signaling pathways, particularly those involving receptor tyrosine kinases, which are often dysregulated in cancer. The CRKL protein plays a crucial role in mediating cellular responses to growth factors, contributing to processes such as cell proliferation, migration, and survival. In various cancers, alterations in CRKL expression or activity can enhance oncogenic signaling, leading to increased cellular aggressiveness and metastatic potential. For instance, CRKL has been implicated in leukemogenesis and is often observed in contexts where aberrant signaling cascades, such as the RAS and MAPK pathways, are activated, suggesting that CRKL may serve as a key node in the intersection of various oncogenic networks.",0
SMG9,1563,0.1428571428571428,0.1428571428571428,0.0,0.5714285714285714,0.0,1.0,0.1428571428571428,0.0,0.8982265179691364,0.0,2.0,3.0,0.3279763857002296,1.0,0.5656108597285068,0.8879236222938075,452492.8,192.0,-0.001834791,2.3328139055738067e-06,8.0,0.0,0.0,0.0,0.0,0.0,0.0,0.0,1.0,0.0,0.0,0.0,1.0,4.0,1.0,0.0,0.0,0.0,0.0,1.0,0.0,0.0,0.0,0.0,1.0,0.0,7.0,0.0,8.0,22.87214286,156.9575655,23.06526498656009,0.4792654315754182,0.2638261458333334,0.0272442363892561,192.0,-0.2565902531645571,0.0206036314789163,158.0,0.2605596571428571,0.0241918550061858,350.0,3.371749943737702,0.0067427917858099,0.0479642897098069,0.0124490630209395,23.63658469655969,0.6403833925156913,"The SMG9 gene encodes a protein that is involved in the regulation of mRNA decay and the nonsense-mediated decay (NMD) pathway, which is crucial for maintaining mRNA quality and cellular homeostasis. Dysregulation of NMD can lead to the accumulation of faulty transcripts and has been implicated in various malignancies. In cancer, aberrant splicing or mutations in genes can produce truncated proteins that evade NMD, potentially resulting in the expression of oncogenic factors or loss of tumor suppressor functions. Additionally, alterations in SMG9 expression might influence cellular stress responses and apoptosis, further contributing to tumorigenesis and cancer progression. Thus, the interplay between SMG9 and NMD could be relevant for understanding the molecular underpinnings of certain cancers.",0
RAMP2,528,0.3333333333333333,0.0,0.0,0.6666666666666666,0.0,1.0,0.0,0.0,1.0,0.0,1.0,1.0,1.0,1.0,0.6657789613848203,0.9366162139427052,1633092.0,190.0,0.03316765,0.0,1.0,0.0,0.0,3.0,0.0,0.0,0.0,0.0,0.0,0.0,0.0,0.0,0.0,2.0,0.0,0.0,0.0,0.0,0.0,1.0,0.0,0.0,0.0,0.0,0.0,0.0,6.0,0.0,6.0,11.6245,11.9092935,20.20214215027311,2.304023542570727,0.2684275543478264,0.0537825984284123,184.0,-0.2693460109289619,0.0206078004350987,183.0,0.2688855313351498,0.0371391054313425,367.0,3.0595303364038045,0.027889252812243,0.0649171302307074,0.0126691595106991,20.060674391099585,2.322449260305919,"The RAMP2 gene, which encodes the receptor activity-modifying protein 2, has been implicated in several biological processes that may be relevant to cancer. RAMP2 is known to modulate the signaling of calcitonin gene-related peptide (CGRP) and amylin receptors, which play roles in various physiological pathways, including cell survival and proliferation. Dysregulation of RAMP2 expression may influence tumor microenvironment interactions and lead to altered cellular responses to growth factors. Additionally, RAMP2's involvement in the endothelial pathway suggests a potential role in angiogenesis, a critical process for tumor growth and metastasis. Although direct associations between RAMP2 and specific cancer types require further investigation, its functional modulation within signaling networks indicates a plausible link to cancer progression and metastasis.",0
DDX52,1800,0.1818181818181818,0.0909090909090909,0.0,0.7272727272727273,0.0,1.0,0.0,0.0,1.0000000000000002,0.0,2.6666666666666665,3.0,0.8576329331046312,1.0,0.3248862897985705,0.6901494591997035,585337.3,340.0,0.02320644,4.903308507666083e-05,25.0,0.0,0.0,0.0,0.0,0.0,0.0,0.0,0.0,0.0,0.0,0.0,0.0,8.0,1.0,0.0,0.0,0.0,0.0,2.0,0.0,0.0,0.0,0.0,0.0,0.0,11.0,0.0,10.0,21.89236364,122.3567585,23.535843597820307,0.486030083262384,0.2394122023809527,0.0145953765921264,168.0,-0.2689956382978724,0.0193362866846171,188.0,0.255034915730337,0.0172703060718238,356.0,3.518873977989172,0.0041402378431742,0.111514500398345,0.0145173604745375,21.642800153255795,1.034146809366607,"The DDX52 gene encodes a member of the DEAD-box RNA helicase family, which is involved in various RNA processing and metabolic processes, including ribosome biogenesis and mRNA splicing. Alterations in DDX52 expression have been implicated in tumorigenesis through mechanisms such as dysregulation of gene expression, affecting cell proliferation and apoptosis. Moreover, aberrant RNA helicase activity can influence signaling pathways that promote cancer cell survival and metastasis, potentially leading to a more aggressive tumor phenotype. While direct links between DDX52 and specific cancer types require further investigation, its role in modulating critical cellular processes positions it as a potentially relevant player in cancer biology.",0
LZTS1,1791,0.2962962962962963,0.0,0.0,0.6666666666666666,0.0,1.0,0.037037037037037,0.0,1.0000000000000002,0.0,2.0,2.111111111111111,1.0,1.0,0.3891050583657588,0.7563836182518009,157404.8,592.0,0.00929389,1.7276720982168373e-07,3.0,0.0,0.0,0.0,0.0,0.0,0.0,1.0,0.0,0.0,0.0,0.0,0.0,18.0,0.0,0.0,0.0,0.0,0.0,8.0,0.0,0.0,1.0,0.0,0.0,0.0,26.0,0.0,22.0,17.64776923,89.16723858,24.528918175723184,0.9038271227131776,0.2568560769230769,0.0203658916007692,130.0,-0.3140865533980581,0.0361374231292112,412.0,0.3003596863468636,0.0329082183383487,542.0,3.1263888691588337,0.0920022129921213,0.0588843642219984,0.0104766943093735,22.58547975766112,1.986206712311277,"Yes, there is a relationship between the LZTS1 gene and cancer. LZTS1 is thought to function as a tumor suppressor gene, and its downregulation or loss has been associated with various cancers, including breast and prostate cancer. One suggested mechanism involves its role in the regulation of the cell cycle and apoptosis. LZTS1 is implicated in the modulation of the mitogen-activated protein kinase (MAPK) signaling pathway, which is crucial for cell proliferation and survival. Additionally, LZTS1 may influence the stability of certain oncoproteins, thereby impacting cell differentiation and tumorigenesis. The dysregulation of these processes due to LZTS1 dysfunction could contribute to the malignant phenotype observed in cancerous cells.",0
KDF1,1197,0.0,0.0,0.1,0.6,0.0,1.0,0.3,0.0,0.7591760034688151,0.0,6.0,10.0,0.281214848143982,1.0,0.1962708537782139,0.5158507687290852,1025094.0,188.0,0.03420872,0.0,0.0,0.0,0.0,0.0,0.0,0.0,0.0,3.0,0.0,0.0,0.0,0.0,0.0,6.0,0.0,0.0,0.0,0.0,0.0,0.0,1.0,0.0,3.0,0.0,0.0,0.0,7.0,0.0,9.0,25.09857143,37.59668095,21.88701420269522,1.8204614569819408,0.2638164016874681,0.0370683991865753,190.13201675643327,-0.2623792743604192,0.0349935889004216,187.6534410532616,0.2724842722630945,0.0397860230283488,377.6466786355476,2.842285090327978,0.2097717354995392,0.111514500398345,0.0145173604745375,20.060674391099585,2.322449260305919,"The KDF1 gene, which is involved in cellular processes, has been studied in the context of cancer, although its specific relationship remains unclear. Potential mechanisms could include its role in regulating cell proliferation, apoptosis, and DNA repair pathways. Alterations in KDF1 expression or function may affect the cellular response to stressors, leading to oncogenic transformations. Additionally, its interactions with other signaling pathways could influence tumorigenesis and metastasis. Further research is necessary to elucidate its exact role and relevance in various cancer types.",0
ISCA1,390,0.3333333333333333,0.0,0.3333333333333333,0.3333333333333333,0.0,1.0,0.0,0.0,1.0,0.0,0.5,1.0,0.2660281989890929,1.0,0.5310674455655868,0.8671621081651701,311397.6,417.0,0.007589711,0.0001183837710632,14.0,0.0,0.0,0.0,0.0,0.0,0.0,0.0,0.0,0.0,0.0,0.0,0.0,1.0,0.0,0.0,0.0,0.0,0.0,1.0,1.0,0.0,0.0,0.0,0.0,0.0,3.0,0.0,3.0,20.971,202.026223,22.336149618668728,0.6222770070887683,0.2204652554744526,0.0125546621265886,137.0,-0.2451015891472868,0.016776182053885,258.0,0.236556835443038,0.0154142760891987,395.0,3.4819530244583543,0.0048157684970539,0.0574747102092629,0.0061236619669028,19.3160109865464,3.2093944918971644,"The ISCA1 gene has been implicated in various cellular processes, including mitochondrial function and iron-sulfur cluster biogenesis. Dysregulation of these processes can contribute to cancer development, as iron-sulfur clusters are crucial for the activity of several enzymes involved in DNA repair, cell cycle regulation, and metabolism. Mutations or altered expression of ISCA1 may affect cellular homeostasis and promote the accumulation of genetic mutations, leading to oncogenesis. Furthermore, the involvement of ISCA1 in mitochondrial dynamics suggests potential links to metabolic reprogramming in cancer cells, which often rely on altered energy production pathways to support rapid proliferation. However, the specific role of ISCA1 in cancer biology remains to be fully elucidated.",0
CTRB2,792,0.3333333333333333,0.0,0.0,0.6666666666666666,0.0,1.0,0.0,0.0,1.0,0.0,1.3333333333333333,1.3333333333333333,1.0,1.0,0.144425187752744,0.4238870071221783,612638.3,171.0,0.01562968,0.0,0.0,0.0,0.0,0.0,0.0,0.0,0.0,0.0,0.0,0.0,0.0,0.0,0.0,4.0,0.0,0.0,0.0,0.0,0.0,2.0,0.0,0.0,0.0,0.0,0.0,0.0,6.0,0.0,6.0,13.43583333,113.8316786,23.01874985961812,6.394890809166271,0.244710185185185,0.0241750030949965,162.0,-0.3022976233183858,0.0323611609767583,223.0,0.278066025974026,0.0296550400438014,385.0,0.6924216479575196,1.2121205987900194,0.111514500398345,0.0145173604745375,15.742734199287954,1.9982792779248049,"The CTRB2 gene, which encodes a member of the serine protease family, has been implicated in various biological processes, including inflammation and immunity, which can play a role in cancer progression. Dysregulation of serine proteases has been associated with tumorigenesis through mechanisms such as altered extracellular matrix remodeling, promotion of angiogenesis, and modulation of immune cell infiltration. Furthermore, aberrations in protease activity can contribute to the activation of growth factors and cytokines, facilitating a microenvironment conducive to cancer cell proliferation and metastasis. While specific associations between CTRB2 and particular cancer types remain to be fully elucidated, its involvement in proteolytic processes suggests a potential relevance in cancer biology.",0
OR56B4,960,0.2222222222222222,0.0,0.0,0.7777777777777778,0.0,1.0,0.0,0.0,1.0,0.0,2.333333333333333,2.333333333333333,1.0,1.0,0.3465003465003465,0.7137461747580315,465433.1,806.0,-0.001318059,0.0,0.0,0.0,0.0,0.0,0.0,0.0,0.0,0.0,0.0,0.0,0.0,0.0,0.0,7.0,0.0,0.0,0.0,0.0,0.0,2.0,0.0,0.0,0.0,0.0,0.0,0.0,9.0,0.0,9.0,15.57633333,54.1454705,21.88701420269522,1.8204614569819408,0.1921781538461538,0.0066039378337745,130.0,-0.2505548416289591,0.0162780928941793,221.0,0.228933846153846,0.0134629321197362,351.0,1.120570766088561,0.7154742582327354,0.111514500398345,0.0145173604745375,20.060674391099585,2.322449260305919,"The relationship between the OR56B4 gene and cancer is currently unknown. While OR56B4 is primarily categorized as an olfactory receptor gene, its specific role in cancer biology has not been extensively studied. Olfactory receptors are generally involved in sensory perception, but there is emerging evidence that certain receptors might influence tumor biology through mechanisms such as modulation of cellular signaling pathways or interaction with the tumor microenvironment. However, without direct investigations linking OR56B4 to cancer processes such as proliferation, metastasis, or apoptosis, any potential involvement remains speculative. Further research is needed to ascertain any specific roles or mechanisms related to OR56B4 in cancer.",0
ARHGAP10,2361,0.0666666666666666,0.0,0.0666666666666666,0.8666666666666667,0.0,1.0,0.0,0.0,1.0,0.0,6.5,7.0,0.8032128514056225,1.0,0.2534854245880862,0.6013812304937485,75227.38,678.0,0.02153296,2.914420405822811e-06,5.0,0.0,0.0,0.0,0.0,0.0,0.0,0.0,0.0,0.0,0.0,0.0,0.0,12.0,0.0,0.0,0.0,0.0,0.0,1.0,3.0,0.0,0.0,1.0,0.0,0.0,15.0,0.0,15.0,23.86406667,45.39956378,24.240876403235724,1.0126449541593263,0.2163284615384614,0.018965508872927,78.0,-0.2679259689922481,0.0240353043447772,258.0,0.2559479761904765,0.023274239760071,336.0,3.3102054723122127,0.0215255869081683,0.0551948774036397,0.0055357436479201,21.87264008947213,1.5364493534092465,"There is emerging evidence suggesting a potential relationship between the ARHGAP10 gene and various cancers. ARHGAP10 encodes a protein that functions as a Rho GTPase-activating protein, which plays a critical role in regulating cell migration, adhesion, and cytoskeletal dynamics. Dysregulation of Rho GTPases has been implicated in tumor progression and metastasis. In particular, altered expression or mutations in ARHGAP10 may influence pathways related to cell proliferation and invasion, contributing to the overall malignancy of tumor cells. Additionally, its interaction with cellular signaling pathways, such as those involving integrins and cadherins, can impact the epithelial-to-mesenchymal transition, a key process in cancer metastasis. Further investigation into the precise mechanisms linking ARHGAP10 to cancer is warranted to clarify its role in tumor biology.",0
PHLDA2,459,0.5,0.0,0.0,0.5,0.0,1.0,0.0,0.0,1.0,0.0,0.5,0.5,1.0,1.0,0.5747126436781609,0.8930374213945044,552601.1,256.0,0.03434124,0.0,0.0,0.0,0.0,0.0,0.0,0.0,0.0,0.0,0.0,0.0,0.0,0.0,0.0,1.0,0.0,0.0,0.0,0.0,0.0,1.0,0.0,0.0,0.0,0.0,0.0,0.0,2.0,0.0,2.0,19.06,70.5672,20.163894845966013,2.97756708583708,0.1863733333333333,0.0059361844694677,120.0,-0.2570833760683759,0.0170289437331884,234.0,0.233113870056497,0.0143647390470198,354.0,2.8714358325355858,0.1383481083593827,0.0670754866947456,0.0165270098842521,21.69887439224632,0.8733672043182539,"Yes, there is evidence suggesting a relationship between the PHLDA2 gene and cancer. PHLDA2 (Pleckstrin Homology-Like Domain, Family A, Member 2) is involved in cellular processes such as apoptosis and cell cycle regulation. Its expression patterns can be altered in various cancers, which may influence tumor growth and survival. For instance, PHLDA2 has been implicated in the regulation of p53-mediated apoptosis, where its expression may inhibit cell death in tumorigenic contexts, thereby contributing to cancer progression. Additionally, variations in PHLDA2 expression levels in different cancers have been correlated with patient prognosis, indicating its potential role in tumor biology and metastasis. This interplay underscores the importance of further investigations to elucidate its precise mechanisms in oncogenesis.",0
CD300E,618,0.1666666666666666,0.25,0.0,0.5833333333333334,0.0,1.0,0.0,0.0,0.8894714728255649,0.0,2.333333333333333,3.333333333333333,0.1063038163070054,1.0,0.4130524576621231,0.7782654597091786,876565.3,484.0,0.01375185,0.0,0.0,0.0,0.0,2.0,0.0,0.0,1.0,0.0,0.0,0.0,0.0,0.0,0.0,7.0,3.0,0.0,0.0,0.0,0.0,2.0,0.0,0.0,0.0,0.0,0.0,0.0,15.0,0.0,13.0,13.28673333,153.9401464,21.88701420269522,1.8204614569819408,0.268615593220339,0.0243557420690083,236.0,-0.2233054074074074,0.0136104660623327,135.0,0.2521280592991917,0.0208748821616289,371.0,2.8958685266881377,0.101543582337656,0.111514500398345,0.0145173604745375,20.060674391099585,2.322449260305919,"The CD300E gene encodes a member of the CD300 family of immune receptors, which are implicated in the regulation of immune responses. Its potential relationship with cancer may arise through mechanisms involving immune evasion and modulation of tumor microenvironments. For instance, CD300E expression has been associated with the inhibition of T cell activation and the promotion of tolerogenic responses, which could facilitate tumor escape from immune surveillance. Additionally, alterations in CD300E expression may contribute to the dysregulation of innate immune cells, potentially influencing tumor progression and metastasis. Further research is necessary to fully elucidate the precise role of CD300E in cancer biology.",0
AJAP1,1236,0.4333333333333333,0.0333333333333333,0.0,0.5,0.0,1.0,0.0333333333333333,0.0,0.9864136635272996,0.0,1.0714285714285714,1.2142857142857142,0.6882312456985548,1.0,0.8873114463176575,0.993397724097284,5695.346,921.0,0.003660757,1.965776407963247e-06,3.0,0.0,0.0,1.0,0.0,0.0,0.0,1.0,0.0,0.0,0.0,0.0,0.0,16.0,0.0,0.0,0.0,0.0,0.0,13.0,2.0,0.0,1.0,2.0,0.0,0.0,30.0,0.0,29.0,14.08043333,90.5409737,18.544075766204067,3.5290593558428904,0.2440513592233008,0.0274211796138206,103.0,-0.2627290625000001,0.0205794668822549,256.0,0.2573702785515321,0.0225428697161233,359.0,2.642598410577625,0.3265472577653426,0.3166497982820685,0.0372521326398547,18.28746791368285,3.5548648447027023,"The AJAP1 gene (AJM1, Atypical Junctional Proteins 1) encodes a protein involved in cell adhesion and the maintenance of tight junctions in epithelial cells. Some studies have reported alterations in AJAP1 expression in various cancers, suggesting a potential role in tumorigenesis and metastasis. The loss or downregulation of AJAP1 can disrupt cell junction integrity, promoting increased cellular migration and invasion, which may facilitate cancer progression. Additionally, aberrant signaling pathways linked to AJAP1 might influence cellular proliferation and apoptosis, contributing to the cancerous phenotype. However, the specific mechanisms and the extent of AJAP1's involvement in cancer pathophysiology are still areas of active research, and further investigation is necessary to clarify its role.",0
KBTBD3,1839,0.1904761904761904,0.1428571428571428,0.0,0.6190476190476191,0.0,1.0,0.0476190476190476,0.0,0.9132684766868748,0.0,2.6,3.4,0.4033884630899556,1.0,0.6675567423230975,0.9373370394492844,86518.69,753.0,-0.01556708,0.0,1.0,0.0,0.0,0.0,0.0,0.0,0.0,1.0,0.0,0.0,0.0,0.0,0.0,13.0,3.0,0.0,0.0,0.0,0.0,4.0,0.0,0.0,1.0,0.0,0.0,0.0,20.0,0.0,18.0,21.2891,105.4999666,27.57945988135391,1.4633354330957304,0.2245178740157479,0.0246071118168728,127.0,-0.2768088372093024,0.0208629510065855,215.0,0.2573908479532164,0.0228254412230325,342.0,3.0733232943830555,0.0185918048239853,0.0535964992069773,0.0125406434924339,19.911081352755527,1.2355383868450205,"The relationship between the KBTBD3 gene and cancer is not well-established, but emerging evidence suggests potential involvement in tumor biology. KBTBD3 encodes a protein that functions as a scaffold for the ubiquitin-proteasome system, which is crucial for regulating protein degradation and cellular signaling pathways. Dysregulation of this system can lead to the accumulation of oncogenic proteins or the degradation of tumor suppressors, potentially promoting tumorigenesis. Furthermore, variations in the expression levels of KBTBD3 may influence cell proliferation, apoptosis, or invasion, all of which are key processes in cancer development. Additional research is needed to clarify its role and the underlying mechanisms in different cancer types.",0
NFATC2,2778,0.3428571428571428,0.0285714285714285,0.0,0.5714285714285714,0.0,1.0,0.0571428571428571,0.0,0.9735140509532348,0.0,1.5384615384615383,1.7692307692307692,0.8264462809917356,1.0,0.7880220646178093,0.9757519217748232,363545.3,482.0,0.02804444,1.729512111860029e-05,29.0,2.0,0.0,0.0,0.0,0.0,0.0,2.0,0.0,0.0,0.0,0.0,0.0,20.0,1.0,0.0,0.0,0.0,0.0,12.0,0.0,0.0,2.0,0.0,0.0,0.0,35.0,0.0,31.0,18.04005714,79.66658635,23.274149135895527,0.5667314189950846,0.3434342896174864,0.0516789983122337,366.0,-0.2094433333333333,0.0125439068113207,54.0,0.326206880952381,0.0486217313909643,420.0,3.3034643039090352,0.02286926338531,0.116284138191477,0.0112116943200227,24.48049752510818,0.4196422642682594,"Yes, there is a relationship between the NFATC2 gene and cancer. NFATC2, a member of the Nuclear Factor of Activated T-cells (NFAT) family, is involved in regulating gene expression linked to immune response, apoptosis, and cellular proliferation. Dysregulation of NFATC2 has been implicated in various cancers, as its altered activity can promote tumor growth and survival by enhancing the expression of genes involved in cell cycle progression and evasion of apoptosis. Additionally, NFATC2 can influence the tumor microenvironment by modulating the secretion of cytokines and growth factors, thereby affecting immune evasion and metastasis. The interplay between NFATC2 signaling pathways and other oncogenic or tumor-suppressive factors may further contribute to its role in tumorigenesis.",0
IGSF10,7872,0.1685393258426966,0.0786516853932584,0.0,0.6966292134831461,0.0,1.0,0.0561797752808988,0.0,0.9218872046017522,0.0,3.875,4.625,0.5189413596263622,1.0,0.5305039787798409,0.8668052100265116,36172.92,606.0,0.0061213119999999,0.0,1.0,0.0,0.0,0.0,0.0,0.0,0.0,3.0,2.0,0.0,0.0,0.0,1.0,61.0,7.0,0.0,0.0,0.0,0.0,15.0,0.0,0.0,3.0,0.0,2.0,0.0,84.0,0.0,49.0,15.24834524,121.0155418,19.593533997763835,1.501410791399481,0.345905154061625,0.0647954354997655,357.0,-0.2567576470588235,0.0245291507107989,68.0,0.3316415529411769,0.0593504166395637,425.0,3.010465093818388,0.1439846803689305,0.111514500398345,0.0145173604745375,14.941840773587522,1.7258714704171805,"The IGSF10 gene, implicated in cellular signaling and adhesion processes, has been studied for its potential roles in various biological functions, including those related to cancer. Alterations in IGSF10 expression or function may disrupt normal cellular communication and promote aberrant cell proliferation and survival, contributing to tumorigenesis. Additionally, its involvement in the regulation of the immune response may influence the tumor microenvironment and immune evasion strategies employed by cancer cells. Research indicates that dysregulation of IGSF10 could be associated with altered pathways linked to metastasis and chemoresistance, although more studies are needed to elucidate the precise mechanisms and implications of IGSF10 in specific cancer types.",0
PRAMEF2,1425,0.2307692307692307,0.0,0.0769230769230769,0.6153846153846154,0.0,1.0,0.0769230769230769,0.0,0.958424899318874,0.0,2.0,2.5,0.5707762557077626,1.0,0.6816632583503749,0.9428899108117552,118495.4,792.0,0.01173434,0.0,0.0,0.0,0.0,0.0,0.0,0.0,0.0,1.0,0.0,0.0,0.0,0.0,0.0,8.0,0.0,0.0,0.0,0.0,0.0,3.0,1.0,0.0,1.0,0.0,0.0,0.0,12.0,0.0,13.0,7.73575,45.28220511,21.88701420269522,1.8204614569819408,0.2606124719101121,0.0352315782347293,89.0,-0.397124218181818,0.1931617809887112,275.0,0.3637463461538461,0.1577954175339955,364.0,0.0770624181196354,0.1103010370646363,0.111514500398345,0.0145173604745375,20.060674391099585,2.322449260305919,"Yes, there is a relationship between the PRAMEF2 gene and cancer. PRAMEF2, a member of the PRAME (preferentially expressed antigen in melanoma) gene family, is associated with tumorigenesis and immune evasion. Its expression is often upregulated in various cancers, including melanoma and leukemia. The mechanisms by which PRAMEF2 may contribute to cancer include modulation of immune responses by encoding peptide antigens that can be recognized by T cells, thereby influencing the tumor microenvironment. Additionally, the gene may play roles in cell proliferation and apoptosis through the regulation of various intracellular signaling pathways. Elevated levels of PRAMEF2 have been correlated with poor prognosis, suggesting that it may have implications for cancer progression and metastasis.",0
RCVRN,603,0.4,0.0,0.0,0.4,0.0,1.0,0.0,0.2,1.0,0.0,0.6666666666666666,1.0,1.0,1.0,0.7347538574577517,0.9612194883683536,63518.0,366.0,-0.04074094,2.8813808864791373e-06,10.0,0.0,0.0,0.0,0.0,0.0,0.0,0.0,0.0,0.0,1.0,0.0,0.0,2.0,0.0,0.0,0.0,0.0,0.0,2.0,0.0,0.0,1.0,0.0,0.0,0.0,4.0,0.0,5.0,16.3,35.24773333,21.88701420269522,1.8204614569819408,0.2947650684931506,0.3192768202503425,73.0,-0.2814525454545454,0.0209144775402029,440.0,0.2833469200779727,0.062852505892058,513.0,1.1165984534260895,0.6141580243694067,0.111514500398345,0.0145173604745375,20.060674391099585,2.322449260305919,"The RCVRN gene encodes a protein involved in the regulation of the cell cycle and apoptosis, key processes often dysregulated in cancer. Evidence suggests that RCVRN may participate in the DNA damage response, influencing cellular survival and proliferation under stress conditions. Alterations in its expression levels could disrupt these critical pathways, potentially leading to tumorigenesis. Moreover, interactions with signaling pathways such as p53 and other apoptotic regulators may further elucidate its role in cancer development and progression. However, the specific mechanisms linking RCVRN to various cancer types require further investigation to clarify its oncogenic potential.",0
S100A13,297,0.0,0.0,0.0,0.5,0.0,1.0,0.5,0.0,1.0,0.0,1.0,2.0,1.0,1.0,0.5449591280653951,0.8757735594041056,1555611.0,183.0,0.03290337,2.553027284218831e-05,15.0,0.0,0.0,0.0,0.0,0.0,0.0,0.0,1.0,0.0,0.0,0.0,0.0,1.0,0.0,0.0,0.0,0.0,0.0,0.0,0.0,0.0,0.0,0.0,1.0,0.0,1.0,0.0,2.0,18.77,0.0,28.04950344491264,0.7927229942621289,0.3026046253229976,0.0359869298927996,387.0,-0.1789921052631579,0.0057726958927453,38.0,0.291552211764706,0.0345124305347191,425.0,3.4760718404490407,0.0164578486932896,0.111514500398345,0.0145173604745375,23.416992027579163,1.557190540850449,"Yes, there is a relationship between the S100A13 gene and cancer. S100A13 is a member of the S100 family of proteins, which are known to play critical roles in cell cycle regulation, differentiation, and apoptosis. In the context of cancer, S100A13 has been implicated in processes such as tumor growth, cell invasion, and metastasis. It is believed to promote angiogenesis through the secretion of pro-angiogenic factors, thereby facilitating nutrient supply to tumors. Additionally, S100A13 may modulate the tumor microenvironment by influencing immune cell behaviors. Elevated expression levels of S100A13 have been associated with poor prognosis in various malignancies, suggesting that it may contribute to tumor aggressiveness and treatment resistance.",0
PPP1R3C,954,0.0909090909090909,0.0909090909090909,0.0,0.7272727272727273,0.0,1.0,0.0909090909090909,0.0,0.9474427588512933,0.0,4.0,5.0,0.4572473708276178,1.0,0.3924646781789639,0.7595403209222594,276001.4,206.0,0.01593773,7.219429018992758e-05,17.0,0.0,0.0,0.0,0.0,0.0,0.0,0.0,1.0,0.0,0.0,0.0,0.0,7.0,1.0,0.0,0.0,0.0,0.0,1.0,0.0,0.0,0.0,0.0,1.0,0.0,9.0,0.0,10.0,20.17777778,73.48729444,12.973616401496216,0.0925473779224562,0.2035475,0.0113883033789473,96.0,-0.3341710932475886,0.0458290236884784,311.0,0.3033606142506143,0.040740219550607,407.0,3.2107827172865795,0.087328598037732,0.1172401533765234,0.0233938738248972,17.64930688013963,1.2692057988237098,"The PPP1R3C gene encodes a regulatory subunit of protein phosphatase 1 (PP1), which is involved in various cellular processes, including cell growth and metabolism. Alterations in the expression or function of PPP1R3C may influence cancer progression through its role in controlling phosphorylation states of key proteins involved in cell cycle regulation, apoptosis, and metabolic pathways. Dysregulation of PP1 activity can lead to aberrant signaling cascades that promote oncogenesis, enhance tumor cell survival, or contribute to metabolic reprogramming associated with cancer. Furthermore, changes in PPP1R3C expression have been observed in various tumors, suggesting a potential link between this gene and cancer biology, although specific mechanistic pathways remain to be fully elucidated.",0
STRADB,1257,0.25,0.0,0.125,0.5,0.0,1.0,0.125,0.0,0.9166666666666666,0.0,1.3333333333333333,2.0,0.6305170239596469,1.0,0.3665689149560117,0.7344460190546978,468063.8,491.0,0.02607611,1.5340449877207666e-05,7.0,0.0,0.0,0.0,0.0,0.0,0.0,1.0,0.0,0.0,0.0,0.0,0.0,4.0,0.0,0.0,0.0,0.0,0.0,2.0,1.0,0.0,1.0,0.0,0.0,0.0,7.0,0.0,8.0,22.69114286,80.63488248,19.546100969019435,6.074629365884586,0.2176693975903613,0.0161456608699379,166.0,-0.2473212621359223,0.0218751855209404,103.0,0.2290230855018586,0.0184745828258919,269.0,3.3608851402127686,0.0105501163353318,0.0683997073984465,0.0095564914009194,18.36024476526183,1.7489385163544382,"As of my last knowledge update, the relationship between the STRADB gene and cancer is not well-established or widely recognized in the scientific literature. STRADB (serine/threonine kinase 32, also known as striatin) is implicated in various cellular processes, including signal transduction and cellular organization. Potential mechanisms through which STRADB could be involved in cancer include its role in modulating cellular signaling pathways, such as those related to proliferation or apoptosis, and its involvement in the regulation of cell adhesion and migration, which are critical in cancer metastasis. However, specific evidence linking STRADB directly to oncogenesis or cancer progression remains to be clearly defined in the current research. More studies are needed to elucidate any potential connections.",0
MTRR,2178,0.25,0.05,0.05,0.6,0.0,1.0,0.05,0.0,0.9449911312986874,0.0,2.0,2.5,0.5446623093681917,1.0,0.8123476848090982,0.9811753429750742,66042.35,1013.0,-0.009088932,2.775847295521957e-06,7.0,0.0,0.0,1.0,0.0,0.0,0.0,1.0,0.0,0.0,0.0,0.0,0.0,12.0,1.0,0.0,0.0,0.0,0.0,5.0,1.0,0.0,1.0,0.0,0.0,0.0,20.0,0.0,17.0,16.3465,101.8591128,22.87098815180718,1.4069182993402838,0.3544148493150686,0.0575648533772437,362.0,-0.2788768965517242,0.0425259786533575,58.0,0.3440573995271868,0.0560738301287665,419.0,3.48368071058657,0.0052427715376583,0.0301795828749185,0.0078702049451456,19.5599567969332,2.502738773139137,"The MTRR (methionine synthase reductase) gene plays a crucial role in the methionine cycle and methylation processes, which are essential for DNA synthesis and repair. Alterations in the MTRR gene can affect cellular levels of homocysteine and methionine, leading to disruptions in S-adenosylmethionine (SAM) availability, a critical methyl donor for DNA and histone methylation. Aberrations in these methylation patterns can result in genomic instability and altered expression of oncogenes and tumor suppressor genes, contributing to carcinogenesis. Additionally, variations in the MTRR gene have been associated with altered folate metabolism, which can further impact DNA integrity and repair mechanisms. Thus, while a direct causative relationship between MTRR and cancer necessitates further investigation, its roles in methylation and nucleotide biosynthesis suggest potential mechanisms by which it may influence cancer development.",0
PLEKHA6,3147,0.2682926829268293,0.048780487804878,0.0,0.5121951219512195,0.0,1.0,0.1707317073170731,0.0,0.8610153139714571,0.0,1.75,2.5,0.5205622071837585,1.0,0.4310344827586207,0.7937789593440597,554013.6,370.0,0.03250147,1.0547055440754464e-05,5.0,0.0,0.0,0.0,0.0,0.0,0.0,7.0,0.0,0.0,0.0,0.0,1.0,21.0,2.0,0.0,0.0,0.0,0.0,11.0,0.0,0.0,7.0,0.0,0.0,0.0,35.0,0.0,39.0,21.24185714,99.95527677,23.933431364629115,1.6493457073572195,0.3255245501285346,0.1209130865944491,385.0,-0.210500625,0.0133445504576612,32.0,0.3167816389548691,0.1136170337223073,417.0,3.3811071824189582,0.055827679585901,0.111514500398345,0.0145173604745375,24.31877383432474,6.498158583706182,"The PLEKHA6 gene has been implicated in various cellular processes that may relate to cancer development, although the specific mechanisms remain under investigation. Notably, PLEKHA6 is involved in the regulation of cell signaling, cytoskeletal organization, and membrane dynamics, which are critical in maintaining cellular homeostasis and proliferation. Dysregulation of these processes can contribute to oncogenesis by promoting uncontrolled cell division, enhancing migration and invasion of cancer cells, and facilitating metastasis. Furthermore, its interaction with other signaling pathways, including those involved in cell survival and apoptosis, may also influence tumorigenesis, making it a potential player in the complex network contributing to cancer pathology. However, more research is needed to fully elucidate its role and establish any direct causative relationships with specific cancer types.",0
DOK3,1491,0.1666666666666666,0.0833333333333333,0.0,0.75,0.0,1.0,0.0,0.0,1.0,0.0,3.0,3.333333333333333,0.4484304932735426,1.0,0.3373819163292848,0.7039607649911744,1120311.0,347.0,0.04082487,3.062406409318632e-05,14.0,0.0,0.0,2.0,0.0,0.0,0.0,0.0,0.0,0.0,0.0,0.0,1.0,12.0,1.0,0.0,0.0,0.0,0.0,3.0,0.0,0.0,0.0,1.0,0.0,0.0,18.0,0.0,17.0,13.49894444,113.1139503,22.97276271896839,0.7089011125806159,0.2871552558139534,0.0233111483400043,215.0,-0.2487061320754716,0.0171975355603237,212.0,0.2680657611241218,0.0205987564127409,427.0,3.103679391305756,0.024561872493518,0.111514500398345,0.0145173604745375,25.31990797851778,1.4423998155553224,"The DOK3 gene encodes a protein that is part of the DOK (Docking Protein) family, which plays a role in cellular signaling pathways, particularly in the modulation of receptor tyrosine kinases and integrin signaling. Alterations in DOK3 expression or function have been implicated in various types of cancer. For instance, DOK3 may influence processes such as cell proliferation, survival, and migration through its interactions with key signaling molecules. Dysregulation of these pathways can contribute to oncogenic processes, including tumor growth and metastasis. Additionally, DOK3's role in modulating immune responses may also be relevant, as the tumor microenvironment can be significantly influenced by immune cell signaling. While direct evidence of DOK3's involvement in specific cancers is still emerging, these mechanisms suggest a potential link between DOK3 and cancer pathogenesis.",0
C1QTNF6,837,0.2857142857142857,0.0,0.0,0.7142857142857143,0.0,1.0,0.0,0.0,1.0,0.0,1.6666666666666667,1.6666666666666667,1.0,1.0,0.2397506593143131,0.5821519576156338,668970.8,289.0,0.05345842,0.0,1.0,0.0,0.0,0.0,0.0,0.0,0.0,0.0,0.0,0.0,0.0,0.0,0.0,5.0,0.0,0.0,0.0,0.0,0.0,1.0,1.0,0.0,0.0,0.0,0.0,0.0,7.0,0.0,7.0,22.20142857,70.00374762,19.886589607847046,2.401513450292437,0.2492762307692308,0.0536248775554502,130.0,-0.2907592418772564,0.0248913061889159,277.0,0.2775091400491401,0.0343346401586182,407.0,3.268832410816406,0.0190572787358869,0.111514500398345,0.0145173604745375,20.060674391099585,2.322449260305919,"Yes, there is a relationship between the C1QTNF6 gene and cancer. C1QTNF6, which encodes a protein involved in various cellular processes, has been implicated in tumorigenesis and cancer progression. It is believed to influence the tumor microenvironment, modulating immune responses and altering cellular signaling pathways. Dysregulation of C1QTNF6 expression can impact cell proliferation, apoptosis, and metastasis, potentially leading to enhanced cancer cell survival and growth. Additionally, interactions with other signaling molecules may affect angiogenesis and immune evasion strategies used by tumors, thereby contributing to the overall complexity of cancer development.",0
ABHD2,1278,0.6666666666666666,0.0,0.0,0.3333333333333333,0.0,1.0,0.0,0.0,1.0,0.0,0.4285714285714285,0.4285714285714285,1.0,1.0,0.8673026886383348,0.9907781797805048,639251.8,388.0,0.02212263,0.0,0.0,0.0,0.0,0.0,0.0,0.0,0.0,0.0,0.0,0.0,0.0,0.0,0.0,4.0,0.0,0.0,0.0,0.0,0.0,6.0,0.0,0.0,0.0,1.0,0.0,0.0,9.0,0.0,10.0,14.51822222,121.2113507,18.894933320778428,1.1702479595444832,0.295169105691057,0.051954451760669,122.0,-0.2520272350230416,0.0187461891506528,217.0,0.2676344411764708,0.0310729536707782,338.0,3.762811546837826,0.0144415792618394,0.071579402026287,0.0058758468741658,19.867598705994183,1.4952557667655153,"The relationship between the ABHD2 gene and cancer remains an area of ongoing research, but some evidence suggests that it may play a role in tumor biology. ABHD2 encodes a serine hydrolase involved in the metabolism of bioactive lipids, which can influence cell signaling pathways related to proliferation, apoptosis, and inflammatory responses. Abnormal regulation of lipid metabolism and signaling can contribute to tumorigenesis and the progression of various cancers. Additionally, altered expression of ABHD2 has been observed in certain malignancies, suggesting a potential link to cancer development and progression, possibly through mechanisms involving the modulation of oncogenic signaling pathways or the tumor microenvironment. Further studies are needed to elucidate the precise relationship between ABHD2 and cancer.",0
HOXC9,783,0.2222222222222222,0.0,0.0,0.5555555555555556,0.0,1.0,0.2222222222222222,0.0,0.9298966940476158,0.0,1.6666666666666667,2.333333333333333,1.0,1.0,0.253613999492772,0.6015576603843498,1257445.0,274.0,0.02312141,0.0001194109667029,19.0,0.0,0.0,0.0,0.0,0.0,0.0,1.0,1.0,0.0,0.0,0.0,0.0,5.0,0.0,0.0,0.0,0.0,0.0,2.0,0.0,0.0,1.0,0.0,1.0,0.0,7.0,0.0,8.0,23.34642857,70.76305595,16.321531495593376,1.9860777158553589,0.2273867924528302,0.0158148797814186,159.0,-0.2423671551724137,0.0230624672466191,116.0,0.2337057818181817,0.0188539627682734,275.0,2.3407703871218,0.6235039307463741,0.2167131192382551,0.0284008529870334,18.64947105122384,4.0279218671742125,"Yes, there is a relationship between the HOXC9 gene and cancer. HOXC9 is part of the homeobox gene family, which plays critical roles in regulating gene expression during development and differentiation. Abnormal expression of HOXC9 has been implicated in various cancers, including breast cancer and glioblastoma. Mechanistically, HOXC9 may promote tumorigenesis by influencing cell proliferation, migration, and invasion through the regulation of epithelial-mesenchymal transition (EMT) markers and signaling pathways. Additionally, it may affect the expression of oncogenes and tumor suppressor genes, contributing to altered cellular behaviors associated with malignant transformation. Its dysregulation can lead to disrupted cell signaling and changes in the tumor microenvironment, fostering an environment conducive to cancer progression.",0
PYHIN1,1479,0.037037037037037,0.1111111111111111,0.037037037037037,0.7777777777777778,0.1111111111111111,0.9484501704693528,0.037037037037037,0.0,0.8725324987211157,0.0,10.5,13.0,0.3918495297805642,0.2051282051282051,0.5478974358974359,0.3580481393153122,97254.38,914.0,0.005533521,3.6871041613213614e-05,17.0,0.0,0.0,0.0,0.0,0.0,0.0,0.0,1.0,0.0,0.0,0.0,2.0,21.0,3.0,0.0,0.0,0.0,0.0,1.0,1.0,0.0,0.0,0.0,1.0,0.0,28.0,0.0,23.0,11.79625,103.1387587,20.00787889762841,2.0671969895926816,0.2902253750000002,0.0284200420559993,400.0,-0.1950467647058823,0.0078828927377005,34.0,0.2827689861751153,0.027444821550009,434.0,2.917453280243912,0.0875480845207612,0.111514500398345,0.0145173604745375,14.183278102615736,0.9474305354484288,"The PYHIN1 gene encodes a protein that plays a role in the immune response and has been implicated in cancer through its influence on inflammatory processes and cell death. As a member of the PYHIN gene family, PYHIN1 is involved in the regulation of the inflammasome pathway, which can impact tumor microenvironments and cancer progression. Additionally, PYHIN1 has been shown to exert anti-proliferative effects on cells, suggesting that its expression may inhibit tumor growth. Dysregulation of PYHIN1 may therefore contribute to tumorigenesis by altering immune surveillance and promoting an environment conducive to cancer development. Overall, the relationship between PYHIN1 and cancer is potentially mediated through immune modulation and cellular proliferation pathways.",0
FBXL8,1125,0.7777777777777778,0.0,0.0,0.2222222222222222,0.0,1.0,0.0,0.0,1.0,0.0,0.25,0.25,1.0,1.0,0.9505703422053232,0.9987577132276788,1093307.0,150.0,0.04664482,2.5052631878924544e-07,4.0,0.0,0.0,0.0,0.0,0.0,0.0,0.0,0.0,0.0,0.0,0.0,0.0,3.0,0.0,0.0,0.0,0.0,0.0,8.0,0.0,0.0,0.0,1.0,0.0,0.0,10.0,0.0,9.0,12.8699,42.68966499,21.44266106696397,0.9126684052563896,0.2369659999999999,0.0205259853007792,155.0,-0.3065367452830189,0.0327176581831954,212.0,0.2771540054495912,0.0286824961311803,367.0,3.0302677757855343,0.0406292813044797,0.0870465767164239,0.0110335355419506,15.764447492818997,1.901273187684027,"The FBXL8 gene encodes a member of the F-box protein family, which is involved in the ubiquitin-proteasome pathway that regulates protein degradation. Alterations in this pathway can significantly contribute to cancer development by affecting the stability and activity of oncogenic and tumor suppressor proteins. FBXL8 has been implicated in the modulation of cell cycle progression and DNA damage response, processes that are frequently dysregulated in cancer. Specifically, FBXL8 may interact with key regulators of these pathways, leading to enhanced proliferation or impaired apoptosis in tumor cells. Thus, aberrations in FBXL8 function could potentially facilitate tumorigenesis through mechanisms that disrupt normal cellular homeostasis and responses to genotoxic stress.",0
SLC22A7,1647,0.2307692307692307,0.0,0.0,0.6923076923076923,0.0,1.0,0.0769230769230769,0.0,1.0000000000000002,0.0,2.25,2.5,1.0,1.0,0.7898894154818326,0.9761945685007776,1293543.0,363.0,0.05086587,0.0,0.0,0.0,0.0,0.0,0.0,0.0,0.0,1.0,0.0,0.0,0.0,0.0,0.0,10.0,0.0,0.0,0.0,0.0,0.0,3.0,1.0,0.0,1.0,1.0,0.0,0.0,13.0,0.0,14.0,18.76961538,69.65558009,20.060743157291945,0.4681157726387536,0.3119765957446808,0.0648778326963704,188.0,-0.249915390625,0.0190350053652005,128.0,0.2868378797468354,0.0471203381888235,316.0,0.8611770895846793,0.8968928219230657,0.111514500398345,0.0145173604745375,20.060674391099585,2.322449260305919,"The SLC22A7 gene, part of the solute carrier family, encodes for a protein involved in the transport of organic cations and anions across cellular membranes. Emerging evidence suggests that SLC22A7 may play a role in cancer biology through its influence on drug metabolism, ion transport, and cellular signaling pathways. Altered expression of SLC22A7 in various tumors could affect the accumulation of chemotherapeutic agents within cancer cells, potentially impacting treatment efficacy and resistance. Additionally, changes in the transport of signaling molecules could influence tumor microenvironment dynamics, cellular proliferation, and apoptosis, thereby contributing to tumor progression and metastasis. More research is needed to clarify these mechanisms and their implications in specific cancer types.",0
MEA1,558,0.0,0.0,0.0,0.5,0.0,1.0,0.5,0.0,1.0,0.0,1.0,2.0,1.0,1.0,0.3749531308586427,0.7427649963254134,1200368.0,259.0,0.04042605,1.216551738984277e-06,9.0,0.0,0.0,0.0,0.0,0.0,0.0,1.0,0.0,0.0,0.0,0.0,1.0,1.0,0.0,0.0,0.0,0.0,0.0,0.0,0.0,0.0,1.0,0.0,0.0,0.0,2.0,0.0,3.0,12.1865,274.4121645,21.659550066269983,0.6708976660407585,0.3111012903225806,0.0659845425940017,186.0,-0.2521773643410852,0.019647955664874,129.0,0.2869705396825396,0.0477278602484339,315.0,3.5198142767959824,0.0076937782600663,0.0592211545471037,0.0151473573455453,21.22635333726557,1.1770946455796965,"The MEA1 gene has been implicated in various cellular processes, but its direct relationship to cancer remains unclear. However, some studies suggest that alterations in the expression or function of MEA1 could influence tumorigenesis through mechanisms such as the modulation of cell proliferation, apoptosis, and differentiation. Additionally, its potential involvement in regulating stress responses or maintaining genomic stability could contribute to cancer development when dysregulated. Further research is needed to elucidate the specific pathways and interactions through which MEA1 might impact cancer biology.",0
DNAJB6,981,0.25,0.0,0.0,0.625,0.0,1.0,0.125,0.0,1.0,0.0,1.6666666666666667,2.0,1.0,1.0,0.1884658876743309,0.5029849709226438,318088.5,174.0,0.02230561,0.0003696593483407,42.0,0.0,0.0,0.0,0.0,0.0,0.0,0.0,1.0,0.0,0.0,0.0,0.0,4.0,0.0,0.0,0.0,0.0,0.0,2.0,1.0,0.0,0.0,0.0,1.0,0.0,7.0,0.0,8.0,16.29185714,124.1606568,24.97523193241637,0.8687357580711708,0.2925921893491124,0.0229559547922251,338.0,-0.2732461538461538,0.0262328134626118,130.0,0.2872182905982907,0.0238872150120609,467.0,3.648748841861772,0.0034273306340145,0.0512136108535152,0.0111618842506745,22.390639119112567,3.2590295607674618,"Yes, there is a relationship between the DNAJB6 gene and cancer. DNAJB6 is a member of the Hsp40 family of heat shock proteins and is involved in protein homeostasis and the regulation of cellular stress responses. Dysregulation of DNAJB6 has been implicated in cancer through several mechanisms, including the modulation of protein aggregation, influencing the stability and activity of oncogenic proteins, and affecting pathways involved in apoptosis and cell survival. Altered expression of DNAJB6 can impact the tumor microenvironment and contribute to the development of malignancies by promoting cell proliferation or evading programmed cell death, thereby facilitating tumor progression and metastasis.",0
GNB4,1023,0.3333333333333333,0.0833333333333333,0.0,0.5833333333333334,0.0,1.0,0.0,0.0,1.0,0.0,1.4,1.6,0.6523157208088715,1.0,0.9970089730807578,0.9999955224125608,405714.5,600.0,0.01976916,0.0001459260494577,47.0,0.0,0.0,0.0,0.0,0.0,0.0,0.0,0.0,0.0,0.0,0.0,0.0,7.0,1.0,0.0,0.0,0.0,0.0,4.0,0.0,0.0,0.0,0.0,0.0,0.0,12.0,0.0,9.0,20.428,74.129688,25.726069875387577,0.7604972599569384,0.4155395572916667,0.1089576856763047,384.0,-0.2484436507936507,0.023422735481618,63.0,0.3919891275167786,0.1002110145559635,447.0,3.6003779130783684,0.013947928403006,0.0990972077624895,0.0161440447451039,18.293495573012844,1.071994070858244,"The GNB4 gene encodes a beta subunit of G protein complexes, which play a crucial role in various signaling pathways, including those that regulate cell growth, differentiation, and apoptosis. Dysregulation of G protein signaling has been implicated in cancer, as abnormal signaling can lead to uncontrolled cellular proliferation, evasion of apoptosis, and enhanced metastatic potential. Studies have suggested that alterations in GNB4 expression or function may influence tumorigenesis through mechanisms such as modulation of the phosphoinositide 3-kinase (PI3K)/Akt pathway, interaction with oncogenic receptors, or alterations in cellular communication and microenvironmental interactions. Further research is necessary to elucidate the specific role of GNB4 in cancer progression and its potential involvement in distinct tumor types.",0
ANKEF1,2331,0.4444444444444444,0.0,0.0,0.5185185185185185,0.0,1.0,0.037037037037037,0.0,1.0000000000000002,0.0,1.0769230769230769,1.1538461538461535,1.0,1.0,0.7867820613690008,0.9754555406823896,194301.4,442.0,-0.03352856,4.458216701841461e-07,3.0,0.0,0.0,0.0,0.0,0.0,0.0,1.0,0.0,0.0,0.0,0.0,0.0,14.0,0.0,0.0,0.0,0.0,0.0,12.0,0.0,0.0,1.0,0.0,0.0,0.0,26.0,0.0,23.0,14.83342308,120.1946247,17.731333665861822,1.85794804038858,0.3018965448504984,0.0468711389980221,301.0,-0.2730401574803151,0.0347902605571178,127.0,0.2933340186915888,0.0433706948119153,428.0,3.288141492480468,0.0425190192607995,0.1128656801663047,0.0085692619933568,17.276045377448273,1.6732421968831477,"The ANKEF1 gene, implicated in various cellular processes, has garnered interest in cancer research due to its potential role in regulating cellular growth and apoptosis. While explicit mechanisms linking ANKEF1 to cancer are not yet fully understood, it may influence pathways associated with tumor progression and resistance to cell death. Dysregulation of ANKEF1 expression could potentially alter cellular homeostasis, contribute to genomic instability, or affect cancer cell viability and proliferation. Further studies are needed to elucidate any direct associations and the precise molecular pathways involved.",0
FBXO33,1668,0.2222222222222222,0.0,0.0,0.5555555555555556,0.0,1.0,0.1111111111111111,0.1111111111111111,1.0,0.0,1.6666666666666667,2.333333333333333,1.0,1.0,0.2664535038635758,0.6188530562624257,314889.0,405.0,0.0133107,0.0,2.0,0.0,0.0,0.0,0.0,0.0,0.0,1.0,0.0,0.0,1.0,0.0,0.0,5.0,0.0,0.0,0.0,0.0,0.0,2.0,0.0,0.0,2.0,0.0,0.0,0.0,7.0,0.0,9.0,21.48171429,110.0490222,17.965961147702004,1.992598148282812,0.2460933695652173,0.026628156314267,184.0,-0.2921232327586206,0.0241075239856079,232.0,0.2717638701923076,0.0256848357071541,416.0,3.3806197247227376,0.00450191966038,0.0497500034658545,0.013340944181862,20.060674391099585,2.322449260305919,"The FBXO33 gene encodes a member of the F-box protein family, which plays a crucial role in the ubiquitin-proteasome pathway, mediating protein degradation and regulating various cellular processes, including cell cycle progression and apoptosis. Alterations in FBXO33 expression or function may contribute to cancer development by destabilizing key regulatory proteins involved in tumor suppression and promoting oncogenic signaling pathways. For instance, dysregulation of FBXO33 could lead to the accumulation of oncogenic proteins or the degradation of tumor suppressors, thus influencing cell proliferation, survival, and metastasis. Specific mechanisms may involve interactions with other components of the ubiquitin ligase complex, impacting the stability and activity of various substrates relevant to tumorigenesis. However, further research is needed to clarify the precise role of FBXO33 in different cancer contexts.",0
MIA2,1965,0.1034482758620689,0.1034482758620689,0.0,0.5517241379310345,0.0,1.0,0.2068965517241379,0.0344827586206896,0.7832977637559583,0.0,4.0,6.5,0.5032712632108707,1.0,0.4164931278633903,0.7812933432899276,314589.8,300.0,0.02142661,0.0,1.0,0.0,0.0,0.0,0.0,0.0,0.0,4.0,2.0,0.0,1.0,0.0,1.0,26.0,7.0,0.0,0.0,0.0,0.0,4.0,2.0,0.0,5.0,0.0,2.0,0.0,40.0,0.0,36.0,19.345725,109.9660855,21.88701420269522,1.8204614569819408,0.2460933695652173,0.026628156314267,184.0,-0.2921232327586206,0.0241075239856079,232.0,0.2717638701923076,0.0256848357071541,416.0,2.842285090327978,0.2097717354995392,0.111514500398345,0.0145173604745375,20.060674391099585,2.322449260305919,"The MIA2 gene, encoding for the Melanoma-Inhibiting Activity 2 protein, has been implicated in various cancer-related processes, particularly in melanoma and potentially other tumor types. The protein is believed to play a role in the regulation of cellular adhesion, migration, and immune evasion, which are critical factors in tumor progression and metastasis. MIA2 may modulate the tumor microenvironment by influencing the behavior of immune cells, thereby providing cancer cells with a means to escape immune surveillance. Furthermore, altered expression levels of MIA2 have been correlated with tumor aggressiveness, suggesting that it may serve as a biomarker for cancer prognosis. However, the precise molecular mechanisms by which MIA2 contributes to oncogenesis remain an area of active investigation.",0
TTYH2,1605,0.2105263157894736,0.0,0.0,0.7368421052631579,0.0,1.0,0.0,0.0526315789473684,1.0,0.0,2.8,3.0,1.0,1.0,0.09765625,0.324834142540172,321651.2,535.0,0.002794604,4.472558861154999e-06,4.0,0.0,0.0,0.0,0.0,0.0,0.0,0.0,0.0,0.0,0.0,1.0,2.0,13.0,0.0,0.0,0.0,0.0,0.0,3.0,2.0,0.0,0.0,0.0,1.0,0.0,20.0,0.0,19.0,16.35265,117.9598938,21.227986411701263,6.952991475243159,0.268615593220339,0.0243557420690083,236.0,-0.2233054074074074,0.0136104660623327,135.0,0.2521280592991917,0.0208748821616289,371.0,3.136902186840321,0.0492786972955991,0.0327496995568027,0.0067680827268275,19.57051031342184,3.3858178802498893,"Yes, there is a relationship between the TTYH2 gene and cancer. TTYH2 is involved in various cellular processes, including cell proliferation and apoptosis. Alterations in its expression have been observed in several cancer types, suggesting a potential role in tumorigenesis. Mechanistically, TTYH2 may influence cellular signaling pathways related to growth and survival, such as those involving the regulation of ion channels or interactions with cytoskeletal components, thereby affecting cellular adhesion and migration. Dysregulation of TTYH2 may contribute to tumor progression and metastasis by promoting a more aggressive cancer phenotype. Additionally, its interaction with other oncogenic pathways could further elucidate its role in cancer biology.",0
STRAP,1053,0.0,0.125,0.0,0.75,0.0,1.0,0.125,0.0,0.9166666666666666,0.0,6.0,8.0,0.5611672278338945,1.0,0.2139495079161318,0.5438629088824705,323661.6,534.0,0.02167172,0.0001917195176158,56.0,0.0,0.0,0.0,0.0,0.0,0.0,1.0,0.0,0.0,0.0,0.0,1.0,6.0,0.0,0.0,0.0,0.0,0.0,0.0,1.0,0.0,1.0,0.0,0.0,0.0,8.0,0.0,9.0,25.43075,142.0815074,26.751929226026817,0.5387998963164643,0.3118838362068966,0.0749044361207175,232.0,-0.2674169465648854,0.0367230004229124,131.0,0.2958365564738291,0.0614432697403193,363.0,3.611069175504773,0.0047168401269964,0.0426800991098258,0.0109696531140048,20.03951728955148,1.9790594074005616,"The STRAP gene (serine/threonine kinase, receptor-associated protein) has been implicated in various cellular processes, including cell proliferation and survival, and alterations in its expression or function may be relevant to cancer. Mechanistically, STRAP may influence tumorigenesis through its role in modulating signaling pathways such as the TGF-β pathway, which is associated with cancer progression and metastasis. Additionally, STRAP has been shown to interact with key regulatory proteins that govern cell cycle dynamics and apoptotic processes, suggesting that dysregulation of STRAP could contribute to the uncontrolled growth characteristic of malignant tumors. While specific relationships between STRAP and distinct cancer types are still being explored, its involvement in these critical cellular functions suggests a potential link to cancer development and progression.",0
TTC14,2313,0.1764705882352941,0.1176470588235294,0.0,0.6470588235294118,0.0,1.0,0.0588235294117647,0.0,0.9315714232285016,0.0,2.75,3.5,0.2079866888519135,1.0,0.9066183136899364,0.9954974979794792,182757.5,1031.0,0.001588749,1.0264224754380055e-06,11.0,0.0,0.0,0.0,0.0,0.0,0.0,0.0,1.0,0.0,0.0,0.0,1.0,12.0,2.0,0.0,0.0,0.0,0.0,3.0,0.0,0.0,0.0,1.0,1.0,0.0,17.0,0.0,18.0,20.76405882,127.9402683,21.068996631656915,1.4688133258829388,0.3950123262032085,0.0956093864709817,374.0,-0.244525,0.0207842905682539,64.0,0.3730233105022832,0.0874354758771162,438.0,3.58699760872834,0.0056715509865451,0.0985263147823889,0.0069689888480791,21.97515243979048,0.7792998686228207,"The relationship between the TTC14 gene and cancer remains an area of ongoing research. TTC14, a gene encoding a tetratricopeptide repeat-containing protein, has been implicated in cellular processes such as protein-protein interactions and signaling pathways. Dysregulation of such mechanisms can lead to altered cellular functions, potentially contributing to oncogenesis. For example, abnormal expression of TTC14 may affect the cell cycle, apoptosis, or stress response pathways, which are pivotal in cancer development and progression. Additionally, its role in maintaining genomic stability and regulation of transcriptional networks suggests that aberrations in TTC14 could be linked to tumorigenesis through mechanisms involving enhanced cell proliferation or resistance to apoptosis. Nonetheless, definitive links between TTC14 and specific cancer types require further empirical investigation to elucidate these proposed mechanisms.",0
EPSTI1,1233,0.0,0.0,0.0,1.0,0.0,1.0,0.0,0.0,1.0,0.0,4.0,4.0,1.0,1.0,0.0336032796800967,0.1476236300698877,109051.7,417.0,0.03328009,0.0,1.0,7.0,0.0,0.0,0.0,0.0,0.0,0.0,0.0,0.0,0.0,0.0,0.0,4.0,0.0,0.0,0.0,0.0,0.0,0.0,0.0,0.0,0.0,0.0,0.0,0.0,11.0,0.0,11.0,13.33527273,73.23632082,22.28550152985876,2.492649102599063,0.2916385454545453,0.0330879892990908,165.0,-0.2999418098159508,0.0275896686960991,326.0,0.2971515071283094,0.0293890317177239,491.0,3.4317961075086933,0.0296904838549509,0.111514500398345,0.0145173604745375,22.00697591469561,0.8651616599079482,"Yes, there is a relationship between the EPSTI1 gene and cancer. EPSTI1 (epithelial specific T-cell antigen 1) has been implicated in tumor progression and metastasis, potentially influencing cancer cell behavior. It has been observed that EPSTI1 expression can be upregulated in various malignancies, suggesting a role in cellular adhesion, migration, and immune evasion. The protein encoded by EPSTI1 may interact with components of the extracellular matrix and modulate signaling pathways that promote cell survival and proliferation, thereby contributing to the aggressive characteristics of tumors. Additionally, EPSTI1 has been associated with altered immune responses within the tumor microenvironment, impacting anti-tumor immunity and facilitating tumor escape mechanisms.",0
CASP10,1569,0.0,0.0,0.0,1.0,0.0,1.0,0.0,0.0,1.0,0.0,8.0,8.0,1.0,1.0,0.368052999631947,0.7359323998690507,590374.3,386.0,0.03890311,0.0042146609582478,92.0,0.0,0.0,0.0,0.0,0.0,0.0,0.0,0.0,0.0,0.0,0.0,1.0,8.0,0.0,0.0,0.0,0.0,0.0,0.0,0.0,0.0,0.0,0.0,0.0,0.0,9.0,0.0,8.0,11.05077778,83.04652119,23.24103606775689,0.814987414505529,0.2188261676646706,0.0162718633924536,167.0,-0.2476181372549019,0.0220826037479809,102.0,0.2297435687732341,0.018596888033485,269.0,3.4203239681260897,0.0238518177498669,0.111514500398345,0.0145173604745375,21.33666274676742,1.6910294536450234,"Yes, there is a relationship between the CASP10 gene and cancer. CASP10 is a member of the caspase family, which plays a critical role in apoptosis, or programmed cell death. Dysregulation of apoptotic processes is a key factor in cancer development and progression. Mutations and deletions in the CASP10 gene have been associated with various malignancies, leading to impaired apoptosis and increased cell survival. This anti-apoptotic effect may facilitate tumorigenesis and contribute to cancer cell resistance against therapies that induce apoptosis. Furthermore, CASP10 interacts with other proteins in apoptotic pathways, which can influence the balance between cell survival and death, further impacting tumor dynamics.",0
ANKFY1,3636,0.25,0.0625,0.0,0.6875,0.0,1.0,0.0,0.0,1.0,0.0,2.2,2.4,0.4826254826254826,1.0,0.2458814851241701,0.5908300041615657,816228.9,357.0,0.02644424,4.90844746427149e-05,27.0,0.0,0.0,0.0,0.0,0.0,0.0,0.0,0.0,0.0,0.0,0.0,1.0,11.0,1.0,0.0,0.0,0.0,0.0,4.0,0.0,0.0,0.0,0.0,0.0,0.0,17.0,0.0,15.0,20.36164706,125.2263106,25.849254813599845,0.4014604445124418,0.2480058888888888,0.0368164881300998,89.0,-0.2821238850574712,0.0237468791178208,427.0,0.2762750857142856,0.0260870552139716,515.0,3.6228526335450257,0.0085270814327255,0.034533282423553,0.0076395225306262,21.617417429036657,1.4967877435986234,"The relationship between the ANKFY1 gene and cancer is currently not well established, and further research is needed to elucidate any potential links. However, ANKFY1 is involved in cellular processes such as endocytosis and vesicle trafficking, which are critical for maintaining cellular homeostasis and regulating signaling pathways. Dysregulation of these processes can lead to oncogenic signaling, altered tumor microenvironments, and immune evasion, all of which may contribute to tumorigenesis. Additionally, any aberrations in the expression or function of ANKFY1 could potentially interact with other oncogenes or tumor suppressor genes, further implicating it in cancer biology. Nonetheless, definitive conclusions regarding its specific role in cancer remain unclear without more comprehensive studies.",0
CHKA,1374,0.2857142857142857,0.1428571428571428,0.0,0.4285714285714285,0.0,1.0,0.1428571428571428,0.0,0.8982265179691364,0.0,1.0,1.6666666666666667,0.6246096189881324,1.0,0.8904719501335708,0.9937699695069512,1168866.0,251.0,0.06291304,2.1963109288520447e-06,5.0,0.0,0.0,0.0,0.0,0.0,0.0,1.0,0.0,0.0,0.0,0.0,0.0,3.0,1.0,0.0,0.0,0.0,0.0,2.0,1.0,0.0,2.0,0.0,0.0,0.0,6.0,0.0,7.0,18.5855,106.3031655,20.94253506626452,0.9290691098666785,0.3173352995391705,0.0890330652648404,217.0,-0.223434367816092,0.0136403830179096,87.0,0.2904623355263157,0.0691478285367715,304.0,3.40367131988581,0.0124782296767525,0.0528127729947456,0.0122554284609281,14.008453210452709,0.8153137101592999,"Yes, there is a relationship between the CHKA gene and cancer. CHKA encodes choline kinase, an enzyme involved in the synthesis of phosphatidylcholine and other phospholipids, which are critical components of cell membranes. Altered expression or activity of CHKA can lead to enhanced cell proliferation and survival, contributing to tumor progression. Elevated levels of choline kinase have been associated with various cancer types, where it can promote metabolic reprogramming and support the Warburg effect, enabling cancer cells to thrive under hypoxic conditions. Additionally, changes in phospholipid metabolism due to CHKA dysregulation can impact signaling pathways involved in tumor invasion and metastasis, further implicating this gene in oncogenic processes.",0
MGAT5B,2406,0.3953488372093023,0.0,0.0,0.5813953488372093,0.0,1.0,0.0232558139534883,0.0,0.9914284263651764,0.0,1.3888888888888888,1.4444444444444444,1.0,1.0,0.3606202668589975,0.7284276114798559,1010920.0,228.0,0.01734605,1.4810170400885416e-05,22.0,0.0,0.0,0.0,0.0,0.0,0.0,1.0,0.0,0.0,0.0,0.0,4.0,23.0,0.0,0.0,0.0,0.0,0.0,17.0,1.0,0.0,1.0,0.0,0.0,0.0,45.0,0.0,35.0,16.10031111,120.8103135,20.58709395901568,2.9986188949295154,0.2756678800000002,0.028879271610347,249.0,-0.2222780882352941,0.012746994242244,135.0,0.2568569689119175,0.0237996376887106,384.0,2.108975497964374,0.578945358112262,0.0899862498892713,0.0107925310206012,16.767576305377787,0.933193915629465,"The MGAT5B gene encodes a glycosyltransferase involved in the synthesis of complex N-glycans. Aberrant glycosylation patterns are often associated with cancer progression and metastasis. The upregulation of MGAT5B has been implicated in the promotion of tumor cell adhesion, migration, and invasion, potentially enhancing interactions between cancer cells and the extracellular matrix or facilitating immune evasion. Additionally, altered glycosylation can affect signaling pathways and the tumor microenvironment, contributing to the hallmarks of cancer. Overall, the relationship between MGAT5B and cancer underscores the importance of glycosylation in tumor biology, although specific mechanisms and outcomes may vary depending on the cancer type and context.",0
SELL,1158,0.1111111111111111,0.2222222222222222,0.0,0.6666666666666666,0.0,1.0,0.0,0.0,0.9298966940476158,0.0,3.0,4.0,0.303951367781155,1.0,0.1979805979014056,0.518627250739639,293592.1,597.0,0.01285582,4.488354993343001e-05,13.0,0.0,0.0,0.0,0.0,0.0,0.0,0.0,0.0,0.0,0.0,0.0,0.0,6.0,2.0,0.0,0.0,0.0,0.0,1.0,0.0,0.0,0.0,0.0,0.0,0.0,9.0,0.0,9.0,25.14244444,94.30738378,22.811625754636744,0.7872086439527228,0.2791880352644836,0.025561140906231,397.0,-0.2360959459459459,0.0200293482803303,37.0,0.2755142857142858,0.025187337703992,434.0,3.224975867770909,0.0441217130583928,0.111514500398345,0.0145173604745375,20.060674391099585,2.322449260305919,"The SELL gene, which encodes the E-selectin ligand, has been implicated in various aspects of cancer biology, particularly in tumor metastasis and immune response. E-selectin, a cell adhesion molecule, plays a crucial role in the trafficking of leukocytes to sites of inflammation and tumor microenvironments. The expression of SELL may facilitate the adhesion of cancer cells to endothelial cells, promoting intravasation and subsequent metastatic spread. Additionally, the interaction between SELL and E-selectin can modulate the immune landscape of tumors, influencing not only the tumor's ability to evade immune surveillance but also its overall aggressiveness. Therefore, the regulation of SELL and its associated pathways may impact tumor progression and metastatic potential in various cancer types.",0
LEPROTL1,510,1.0,0.0,0.0,0.0,0.0,1.0,0.0,0.0,1.0,0.0,0.0,0.0,1.0,1.0,1.0,1.0,387692.9,231.0,0.05067461,4.126217849392408e-05,5.0,1.0,0.0,0.0,0.0,0.0,0.0,0.0,0.0,0.0,0.0,0.0,5.0,0.0,0.0,0.0,0.0,0.0,0.0,1.0,0.0,0.0,0.0,0.0,0.0,0.0,7.0,0.0,7.0,12.09071429,26.51555424,17.99631517951633,2.029368490884728,0.2526860902255639,0.0206478435315675,133.0,-0.3175724296675189,0.0361279440671585,391.0,0.301103187022901,0.0329507598852345,524.0,3.497053943367856,0.0065294521502967,0.0686119737053332,0.0084745549141285,20.060674391099585,2.322449260305919,"The LEPROTL1 gene has been implicated in various cellular processes, including the regulation of cell proliferation and apoptosis, which are critical in cancer biology. Some studies suggest that aberrant expression of LEPROTL1 may influence tumorigenesis by modulating key signaling pathways involved in cell cycle regulation and growth factor responses. For example, its role in the modulation of the extracellular matrix and interaction with integrins could affect cancer cell adhesion and migration, potentially facilitating metastasis. Additionally, dysregulation of LEPROTL1 might contribute to the altered metabolic states observed in tumors, underscoring its possible relevance in cancer development and progression. However, further research is needed to clearly delineate its role in specific cancer types.",0
ACTR1A,1131,0.2727272727272727,0.0,0.0,0.7272727272727273,0.0,1.0,0.0,0.0,1.0000000000000002,0.0,2.0,2.0,1.0,1.0,0.099147332936744,0.3282915252483178,871725.9,178.0,0.04122774,0.0002015665708667,48.0,1.0,0.0,0.0,0.0,0.0,0.0,0.0,0.0,0.0,0.0,0.0,0.0,8.0,0.0,0.0,0.0,0.0,0.0,3.0,0.0,0.0,0.0,0.0,0.0,0.0,12.0,0.0,12.0,23.75291667,80.66295663,26.75890589039397,0.3165915610697473,0.2080552525252525,0.0128874780190682,99.0,-0.329664340836013,0.0433263024214189,311.0,0.3003001951219514,0.038642276553018,410.0,3.634172284023149,0.0020423443947244,0.0238614789654033,0.0019310392779931,14.6429533577484,2.2353463330909094,"The ACTR1A gene encodes a protein that plays a crucial role in cellular processes such as intracellular transport and the mitotic spindle assembly. Alterations in the expression or function of ACTR1A may influence cancer progression through several mechanisms, including the dysregulation of microtubule dynamics, which can affect chromosomal stability and segregation during cell division. Abnormalities in these processes can lead to aneuploidy, a common feature of many cancers. Additionally, ACTR1A's involvement in the transport of cellular components may impact pathways related to growth signaling and apoptosis, potentially contributing to tumorigenesis and metastasis. Thus, while the direct relationship between ACTR1A and specific cancer types requires further investigation, its functional role suggests potential implications in cancer biology.",0
COA6,378,1.0,0.0,0.0,0.0,0.0,1.0,0.0,0.0,1.0,0.0,0.0,0.0,1.0,1.0,1.0,1.0,247580.5,299.0,0.009583179,6.04043756534563e-08,2.0,0.0,0.0,1.0,0.0,0.0,0.0,0.0,0.0,0.0,0.0,0.0,0.0,1.0,0.0,0.0,0.0,0.0,0.0,1.0,0.0,0.0,0.0,0.0,0.0,0.0,3.0,0.0,3.0,7.298,4.824931,24.7621367691513,0.3205943870064721,0.2948711351351351,0.0328717862946429,370.0,-0.2443053999999999,0.0231148561314693,50.0,0.2888514047619048,0.0319211030240362,420.0,3.282713217728761,0.013999703207861,0.0519432067329321,0.0141063446550119,19.153419569466728,2.181880558092544,"The COA6 gene is involved in the assembly of mitochondrial cytochrome c oxidase, a crucial enzyme in cellular respiration. While direct links between COA6 and cancer are not extensively established, disruptions in mitochondrial function and energy metabolism are recognized hallmarks of cancer. Alterations in COA6 expression could potentially affect oxidative phosphorylation and reactive oxygen species (ROS) production, which may contribute to the oncogenic process by promoting genomic instability, altering cell signaling pathways, and enabling metabolic adaptations necessary for tumor growth and survival. Consequently, while data is limited, the role of COA6 in mitochondrial integrity may intersect with mechanisms commonly associated with cancer biology.",0
RHOH,576,0.6,0.0,0.0,0.4,0.0,1.0,0.0,0.0,1.0,0.0,0.5,0.5,1.0,1.0,0.8561643835616438,0.9891206202106466,486674.7,348.0,0.04837527,8.914460246447485e-07,5.0,0.0,0.0,0.0,0.0,0.0,0.0,0.0,0.0,0.0,0.0,0.0,0.0,2.0,0.0,0.0,0.0,0.0,0.0,3.0,0.0,0.0,0.0,0.0,0.0,0.0,5.0,0.0,5.0,10.927,69.421967,19.93648832292258,2.4457482605697862,0.2248441379310345,0.0109768881062068,116.0,-0.2632288053097346,0.0186590990656774,226.0,0.2502094444444445,0.0163448138680188,342.0,3.096486662583426,0.0725360100324775,0.111514500398345,0.0145173604745375,20.060674391099585,2.322449260305919,"The RHOH gene, which encodes a member of the Rho family of GTPases, has been implicated in various cellular processes, including cytoskeletal organization, cell adhesion, and signaling pathways that regulate proliferation and apoptosis. Dysregulation of RHOH expression has been observed in certain cancers, suggesting a potential role in tumorigenesis. Specifically, alterations in RHOH can affect the dynamics of cell migration and adhesion, facilitating metastasis. Additionally, RHOH may influence the immune response within the tumor microenvironment, potentially impacting tumor progression and response to therapy. Mechanistically, RHOH’s role in modulating Rho GTPase signaling pathways can lead to aberrant cellular behaviors, contributing to the oncogenic processes observed in malignant transformation.",0
PPM1M,1380,0.25,0.0,0.0,0.5,0.0,1.0,0.125,0.125,1.0,0.0,1.3333333333333333,2.0,1.0,1.0,0.1173433466322459,0.3687691921001783,1114737.0,181.0,0.05153724,0.0,0.0,0.0,0.0,0.0,0.0,0.0,0.0,0.0,1.0,0.0,1.0,0.0,0.0,4.0,0.0,0.0,0.0,0.0,0.0,2.0,0.0,0.0,1.0,0.0,1.0,0.0,6.0,0.0,7.0,19.56666667,32.46330667,19.9444845668584,1.738748470307964,0.2478290909090909,0.036754143865221,110.0,-0.2805520000000002,0.0228188687987878,430.0,0.2738862222222222,0.0257686262732714,540.0,3.322744066189222,0.0068352359041685,0.1139165843133188,0.0166542091778662,20.678619927249944,1.12052497548357,"The PPM1M gene encodes a protein that acts as a serine/threonine phosphatase, playing a role in cellular signaling pathways, particularly those associated with stress response and cell cycle regulation. Dysregulation of PPM1M has been implicated in cancer development, as alterations in its expression levels can affect the phosphorylation state of key proteins involved in tumor suppression and proliferation. For instance, PPM1M may interact with key oncogenic pathways by dephosphorylating proteins that regulate apoptosis or promote cell survival, thereby influencing tumor growth and response to therapy. Additionally, its involvement in DNA damage response pathways suggests that mutations or altered expression of PPM1M may contribute to genomic instability, a hallmark of cancer. Further studies are necessary to elucidate the precise mechanisms through which PPM1M functions in various cancer contexts.",0
C1ORF87,1641,0.3076923076923077,0.0,0.0769230769230769,0.6153846153846154,0.0,1.0,0.0,0.0,1.0000000000000002,0.0,1.6,1.8,0.6038647342995169,1.0,0.5787037037037037,0.8952341842487639,66197.38,942.0,-0.01254231,0.0,1.0,0.0,0.0,0.0,0.0,0.0,0.0,0.0,0.0,0.0,0.0,0.0,10.0,8.0,1.0,0.0,0.0,0.0,0.0,4.0,1.0,0.0,0.0,2.0,0.0,0.0,22.0,0.0,16.0,16.87009091,119.3437271,20.484818597887003,2.8952125306983936,0.2316694262295081,0.0311274728517341,122.0,-0.2239642857142858,0.0118510369214285,189.0,0.2269868810289389,0.0193510350834664,311.0,1.105285361043525,1.1801322564976555,0.4376128458516241,0.036228876671596,20.060674391099585,2.322449260305919,"The C1ORF87 gene, also known as the ""CCDC22-Like Protein 1"" gene, has been implicated in various cellular processes, but its direct relationship with cancer remains unclear. Some studies suggest that gene dysregulation may influence cellular pathways such as proliferation and apoptosis, but specific mechanisms linking C1ORF87 to oncogenesis are not well-characterized. Potentially, alterations in its expression could affect tumor microenvironment interactions or play a role in chromosomal stability, which are both critical in cancer development. However, further research is necessary to elucidate any definitive roles and mechanisms.",0
DHX29,4110,0.1764705882352941,0.1764705882352941,0.0,0.6470588235294118,0.0,1.0,0.0,0.0,0.9315714232285016,0.0,2.75,3.5,0.3051571559353067,1.0,0.9017132551848512,0.995003343884788,280901.0,417.0,0.03146471,2.089412682144313e-05,16.0,0.0,0.0,0.0,0.0,0.0,0.0,0.0,0.0,0.0,0.0,0.0,0.0,11.0,4.0,0.0,0.0,0.0,0.0,3.0,0.0,0.0,0.0,1.0,0.0,0.0,17.0,0.0,17.0,23.15582353,119.993109,24.77652411425756,0.1923788280481694,0.2503667999999998,0.0219828904890201,150.0,-0.2633299588477366,0.0222713629863619,243.0,0.2583821882951656,0.0221446587712195,393.0,3.5608895804113168,0.0024852821077262,0.0506712600967195,0.0133904507978753,22.75428539415005,0.8060528917451633,"Yes, there is evidence suggesting a relationship between the DHX29 gene and cancer. DHX29, a member of the DEAH-box RNA helicase family, is implicated in various RNA metabolic processes, including splicing, translation, and ribosome biogenesis. Dysregulation of these processes can lead to genomic instability and aberrant expression of oncogenes and tumor suppressor genes. Additionally, studies have indicated that DHX29 may play a role in the response to cellular stress and may influence the activation of pathways involved in cell proliferation and survival. Consequently, alterations in DHX29 expression or function could contribute to tumorigenesis and cancer progression through mechanisms such as enhanced cellular adaptability, altered translational control, or disrupted RNA processing.",0
ATG5,828,0.3333333333333333,0.0,0.0,0.3333333333333333,0.0,1.0,0.3333333333333333,0.0,0.8710490642551527,0.0,0.6666666666666666,1.3333333333333333,1.0,1.0,0.6596306068601583,0.9340866010687202,181529.2,390.0,0.03237049,7.07919372983143e-05,27.0,0.0,0.0,0.0,0.0,0.0,0.0,2.0,0.0,0.0,0.0,0.0,0.0,2.0,0.0,0.0,0.0,0.0,0.0,2.0,0.0,0.0,2.0,0.0,0.0,0.0,4.0,0.0,6.0,20.9305,189.2991077,24.19101549796098,0.1723221892269157,0.2700077391304347,0.110370025719405,115.0,-0.2855032116788321,0.0302521448716986,274.0,0.2809222879177376,0.0537640927383086,389.0,3.522152259111372,0.0048989357379734,0.0851200022782342,0.005343666651188,15.5511953317527,0.8673387742004834,"Yes, there is a relationship between the ATG5 gene and cancer. ATG5 is crucial for autophagy, a cellular process that degrades and recycles cellular components, thus maintaining homeostasis and preventing tumorigenesis. In cancer, dysregulation of autophagy can contribute to tumor development and progression; low levels of autophagy may facilitate the accumulation of damaged proteins and organelles, promoting genomic instability and oncogenic transformation. Conversely, in established tumors, autophagy can promote cell survival under stress conditions, such as nutrient deprivation or hypoxia, enabling cancer cells to thrive. Consequently, altered expression or mutations in ATG5 can impact its role in autophagy, thereby influencing cancer cell behavior and patient outcomes.",0
FABP5,408,0.0,0.0,0.0,1.0,0.0,1.0,0.0,0.0,1.0,0.0,3.0,3.0,1.0,1.0,0.1630789302022178,0.4588259884229564,231631.7,463.0,0.04195464,1.7947716034946487e-05,34.0,0.0,0.0,0.0,0.0,0.0,0.0,0.0,0.0,0.0,0.0,0.0,0.0,3.0,0.0,0.0,0.0,0.0,0.0,0.0,0.0,0.0,0.0,0.0,0.0,0.0,3.0,0.0,3.0,23.63333333,3.413333333,28.834959934894865,1.2622866296440989,0.3309117603911978,0.051745593495913,409.0,-0.2646441176470588,0.0227282657439859,68.0,0.3214648008385742,0.04809042289308,477.0,3.474086757403548,0.0492143120815426,0.1498545411648102,0.035073667514942,19.008378038760743,5.649269385340279,"Yes, there is a relationship between the FABP5 gene and cancer. FABP5 (Fatty Acid-Binding Protein 5) is involved in the transport and metabolism of fatty acids, which play critical roles in cellular processes such as proliferation, differentiation, and apoptosis. Aberrant expression of FABP5 has been associated with various cancer types, including breast, prostate, and colorectal cancers. Mechanistically, FABP5 may influence cancer progression by modulating fatty acid release, thereby affecting lipid signaling pathways that promote oncogenic processes. Additionally, FABP5 can interact with nuclear receptors like PPARs (Peroxisome Proliferator-Activated Receptors), influencing gene expression patterns involved in inflammation, cancer cell growth, and metastasis. These interactions highlight FABP5's potential role as a mediator of metabolic reprogramming in cancer cells.",0
RPAP2,1839,0.1818181818181818,0.0,0.0909090909090909,0.6363636363636364,0.0,1.0,0.0909090909090909,0.0,0.9474427588512933,0.0,2.333333333333333,3.0,0.5767012687427913,1.0,0.0893974611121044,0.3052622024315569,363407.6,559.0,0.000178212,4.4229210614831625e-05,52.0,0.0,0.0,0.0,0.0,0.0,0.0,1.0,0.0,0.0,0.0,0.0,0.0,6.0,0.0,0.0,0.0,0.0,0.0,2.0,2.0,0.0,1.0,0.0,0.0,0.0,10.0,0.0,9.0,21.9598,70.21989373,21.88785247323141,1.0612257042522408,0.2121998181818181,0.0146706848018015,110.0,-0.2367889177489178,0.0138178841314323,231.0,0.2288569501466275,0.0141831535883181,341.0,3.685593049500214,0.0232685858687827,0.0692724762720253,0.0160544444160982,19.62027166456978,1.2232828903291817,"The RPAP2 gene has been implicated in cancer through its role in various cellular processes, including RNA processing and regulation of gene expression. This gene encodes a protein that is involved in the assembly of RNA polymerase II, which is crucial for transcription and thereby influences the expression of genes associated with cell proliferation and survival. Dysregulation of RPAP2 can lead to aberrant transcriptional programs that promote oncogenic pathways or contribute to genomic instability. Additionally, alterations in its expression levels have been observed in certain cancers, suggesting a potential role in tumorigenesis through mechanisms such as enhanced cell growth, evasion of apoptosis, or facilitation of the epithelial-to-mesenchymal transition (EMT), all of which are hallmarks of cancer. Further studies are needed to elucidate the specific mechanisms by which RPAP2 may influence cancer progression.",0
KHDC1L,387,0.625,0.0,0.0,0.25,0.0,1.0,0.125,0.0,1.0,0.0,0.3333333333333333,0.5,1.0,1.0,0.9596928982725528,0.9991765291086134,649122.9543319192,444.4009897808343,0.0198885680771551,0.0,0.0,0.0,0.0,0.0,0.0,0.0,0.0,0.0,1.0,0.0,0.0,0.0,0.0,2.0,0.0,0.0,0.0,0.0,0.0,5.0,0.0,0.0,0.0,0.0,1.0,0.0,7.0,0.0,8.0,1.911285714,18.85617457,19.702517185805075,6.429616262194047,0.2506353333333332,0.0303271469922388,135.0,-0.268442976744186,0.025164509361191,215.0,0.2615743142857143,0.0271499723753164,350.0,1.0869354428633975,1.0012580737184928,0.111514500398345,0.0145173604745375,20.060674391099585,2.322449260305919,"The KHDC1L gene, which is implicated in various cellular processes, has been associated with cancer through its potential role in modulating gene expression and cellular signaling pathways. Alterations in KHDC1L expression may influence tumorigenesis by affecting cellular proliferation, apoptosis, and differentiation. Specifically, its involvement in RNA processing and RNA-binding may lead to dysregulation of oncogenes and tumor suppressor genes, potentially promoting an oncogenic environment. Furthermore, KHDC1L might interact with other proteins in signaling networks that are pivotal for cancer progression, contributing to the malignant phenotype by enhancing cellular survival or invasive characteristics. Thus, while the exact mechanisms remain to be fully elucidated, there is a plausible link between KHDC1L dysregulation and cancer development.",0
PSRC1,1002,0.25,0.25,0.0,0.5,0.0,1.0,0.0,0.0,1.0,0.0,1.0,1.5,0.334001336005344,1.0,0.3756574004507889,0.7434551915751013,988224.3,302.0,0.02881949,1.3527683897989526e-05,10.0,0.0,0.0,0.0,0.0,0.0,0.0,0.0,0.0,0.0,0.0,0.0,1.0,2.0,1.0,0.0,0.0,0.0,0.0,1.0,0.0,0.0,0.0,0.0,0.0,0.0,5.0,0.0,5.0,20.2856,202.8325468,19.34521936611869,7.54377318595101,0.20065625,0.0106926336874999,120.0,-0.2378111304347828,0.0153015388249174,230.0,0.2250723142857141,0.0139981000390413,350.0,3.1498094295450314,0.0472950001073149,0.0430689530699636,0.0129390383656763,19.87876266280417,3.016710430635001,"Yes, there is a relationship between the PSRC1 gene and cancer. PSRC1 (proline and serine-rich co-regulator 1) has been implicated in various cancer types, where its expression levels may influence tumor progression and metastasis. The gene is thought to modulate key signaling pathways, including those related to cell cycle regulation and apoptosis. Dysregulation of PSRC1 could lead to aberrant cell proliferation and survival, contributing to oncogenesis. Additionally, studies suggest that PSRC1 may interact with other proteins involved in cancer signaling networks, potentially affecting processes such as epithelial-mesenchymal transition (EMT), which is critical in the metastatic spread of cancer cells. Overall, PSRC1’s role in modulating these pathways highlights its potential significance in cancer biology.",0
PSAP,1584,0.1818181818181818,0.0,0.0909090909090909,0.7272727272727273,0.0,1.0,0.0,0.0,1.0000000000000002,0.0,2.6666666666666665,3.0,0.6060606060606061,1.0,0.5125576627370579,0.8551215077606223,765338.3,182.0,0.04037895,0.0001761572501124,42.0,2.0,0.0,0.0,0.0,0.0,0.0,0.0,0.0,0.0,0.0,0.0,0.0,8.0,0.0,0.0,0.0,0.0,0.0,2.0,1.0,0.0,0.0,0.0,0.0,0.0,13.0,0.0,12.0,17.01907692,94.41763824,28.651526774766847,2.830334619925177,0.2385570833333332,0.0213087769283963,120.0,-0.3270672563176896,0.0470802936598362,277.0,0.3003135516372796,0.0408733196658893,397.0,4.024476110489921,0.0033964046087639,0.0795056766269924,0.0061957716523062,16.610541944076065,3.566094113846666,"The PSAP gene, which encodes the prosaposin protein, has been implicated in various cellular processes, including lysosomal function, cell signaling, and apoptosis. Its role in cancer has gained attention due to its potential influence on tumor microenvironment interactions and cellular proliferation. In certain types of cancer, altered expression of PSAP has been observed, which may affect tumor growth and metastasis through modulation of lipid metabolism and inflammatory responses. Additionally, prosaposin's involvement in neuroprotection and cell survival suggests that it may play a role in cancer cell resistance to therapy. However, the precise mechanisms by which PSAP contributes to cancer pathogenesis require further investigation to elucidate its functional relevance in diverse oncogenic contexts.",0
CAPN12,2160,0.1176470588235294,0.1176470588235294,0.0,0.5882352941176471,0.0,1.0,0.1176470588235294,0.0588235294117647,0.884870333120835,0.0,3.333333333333333,5.0,0.2907822041291073,1.0,0.1684352366515075,0.4684527463851337,1697047.0,322.0,0.04450185,0.0,0.0,0.0,0.0,0.0,0.0,0.0,0.0,2.0,0.0,0.0,1.0,0.0,1.0,10.0,2.0,0.0,0.0,0.0,0.0,2.0,0.0,0.0,3.0,0.0,0.0,0.0,15.0,0.0,15.0,24.69046667,138.527229,21.88701420269522,1.8204614569819408,0.3678459388646287,0.1126213903356277,229.0,-0.346438924050633,0.0783830647472425,158.0,0.359106124031008,0.0985146697875287,387.0,2.7186001030832547,0.2824588702346665,0.111514500398345,0.0145173604745375,20.060674391099585,2.322449260305919,"The CAPN12 gene, which encodes a member of the calpain family of cysteine proteases, has been implicated in various cellular processes, including cell migration, proliferation, and apoptosis, which are crucial in cancer progression. Dysregulation of CAPN12 expression has been observed in certain cancer types, suggesting a potential role in tumorigenesis. Mechanistically, calpains can modulate the activity of signaling pathways, such as those involving focal adhesions and extracellular matrix interactions, influencing cell motility and invasion. Additionally, CAPN12 may affect the regulation of critical proteins involved in cell cycle and apoptotic pathways, potentially contributing to the survival of cancer cells under stress. While the exact relationship and pathways involving CAPN12 in cancer remain an area of active investigation, evidence suggests that it may play a significant role in cancer biology.",0
RMI1,1878,0.1111111111111111,0.1111111111111111,0.0,0.4444444444444444,0.0,1.0,0.3333333333333333,0.0,0.7195867761904634,0.0,2.0,4.0,0.5614823133071308,1.0,0.3062787136294027,0.6686859916472877,458954.2,343.0,0.01438481,1.218325947727963e-05,22.0,0.0,0.0,0.0,0.0,0.0,0.0,3.0,0.0,0.0,0.0,0.0,0.0,4.0,1.0,0.0,0.0,0.0,0.0,1.0,0.0,0.0,3.0,0.0,0.0,0.0,6.0,0.0,8.0,17.99983333,178.6978626,19.92917823453203,0.879190770258944,0.2206730147058823,0.0127467599575108,136.0,-0.2424767307692308,0.016212134835989,260.0,0.2349885858585859,0.0150941912835647,396.0,3.254815970867239,0.0161873779576146,0.0727514027295764,0.0078422590609464,20.211216918549443,1.166404249070497,"The RMI1 gene is implicated in the maintenance of genomic stability and mitotic processes, and its potential relationship with cancer arises from its role in resolving DNA replication and recombination intermediates. Dysfunction or mutations in the RMI1 gene may lead to impaired resolution of these intermediates, resulting in genomic instability, which is a hallmark of cancer progression. Furthermore, abnormal expression of RMI1 could disrupt normal cell cycle regulation, leading to uncontrolled cell proliferation and the potential for tumorigenesis. Studies indicate that alterations in RMI1 expression may correlate with certain cancer types, suggesting a possible oncogenic function or a role as a tumor suppressor, although the specifics of its involvement in cancer pathogenesis require further investigation.",0
TRMU,1266,0.2857142857142857,0.2857142857142857,0.0,0.2857142857142857,0.0,1.0,0.0,0.1428571428571428,0.8982265179691364,0.0,0.6666666666666666,1.6666666666666667,0.1200912693647172,1.0,0.8976660682226212,0.9945755309740504,493680.6,260.0,0.03873017,0.0,1.0,0.0,0.0,0.0,0.0,0.0,0.0,0.0,0.0,0.0,1.0,0.0,0.0,2.0,2.0,0.0,0.0,0.0,0.0,2.0,0.0,0.0,1.0,0.0,0.0,0.0,6.0,0.0,6.0,24.31183333,264.0944282,22.0886134086704,0.3619110618768262,0.2333982456140352,0.0197355816659214,114.0,-0.3029901286173631,0.0301506831135317,311.0,0.2843231294117646,0.0282567070017402,425.0,3.2672874014478595,0.0060273211312775,0.0305561920880098,0.0065592734717012,16.92511855995989,1.837715726218577,"The TRMU gene encodes a mitochondrial protein involved in the modification of mitochondrial tRNA, which is crucial for proper mitochondrial protein synthesis. Disruptions in mitochondrial function and the integrity of mitochondrial genomes can lead to oxidative stress, altered energy metabolism, and deregulated apoptosis, all of which are known to contribute to cancer development and progression. Aberrant mitochondrial tRNA modifications may affect the expression of oncogenes and tumor suppressor genes, potentially influencing cellular proliferation, differentiation, and survival. Furthermore, dysregulation of TRMU function could contribute to the accumulation of mitochondrial DNA mutations, exacerbating genomic instability—a hallmark of cancer. While the direct relationship between TRMU and specific cancer types requires further investigation, its role in mitochondrial homeostasis and function could implicate it in various oncogenic processes.",0
LSM14A,1392,0.1428571428571428,0.0,0.0,0.7857142857142857,0.0,1.0,0.0714285714285714,0.0,0.9624786378518296,0.0,3.6666666666666665,4.0,1.0,1.0,0.16273393002441,0.4581999581803091,655485.3,284.0,-0.01318797,1.4174819021328797e-05,15.0,0.0,0.0,0.0,0.0,0.0,0.0,0.0,1.0,0.0,0.0,0.0,1.0,11.0,0.0,0.0,0.0,0.0,0.0,2.0,0.0,0.0,0.0,0.0,1.0,0.0,14.0,0.0,11.0,24.44921429,61.37042095,25.707929977669,0.3217608156165037,0.3260527192982456,0.0660345716921322,228.0,-0.3012351351351351,0.0540495327027027,148.0,0.3162840957446808,0.0613077438685135,376.0,3.6637766794461193,0.0023802591217334,0.0418570443536759,0.010951237900637,28.80917486331777,0.279151178546363,"The relationship between the LSM14A gene and cancer is currently not well-established. However, some studies suggest that LSM14A may be involved in processes such as RNA metabolism and regulation of gene expression, which are critical for cellular homeostasis. Dysregulation of these processes can lead to altered cellular signaling pathways and contribute to oncogenesis. Furthermore, aberrant expression of LSM14A has been linked to various malignancies, indicating a potential role in tumor biology, possibly through mechanisms involving the modulation of stress granule formation and RNA-binding activities that affect cell proliferation and survival. Nonetheless, further research is needed to clearly define the relationship and underlying mechanisms connecting LSM14A to cancer.",0
RIC8B,1563,0.375,0.125,0.125,0.25,0.0,1.0,0.125,0.0,0.8018796874098554,0.0,0.5,1.25,0.0314178893461937,1.0,0.9560229445506692,0.9990185139987868,230956.0,396.0,0.01125308,6.441897061393458e-06,12.0,0.0,0.0,0.0,0.0,0.0,0.0,1.0,0.0,0.0,0.0,0.0,1.0,1.0,1.0,0.0,0.0,0.0,0.0,3.0,1.0,0.0,1.0,0.0,0.0,0.0,7.0,0.0,8.0,20.056,154.8034203,21.12490605022454,0.9676842001343344,0.2194569343065694,0.0120934323302383,137.0,-0.223501724137931,0.0173617745671456,145.0,0.2215367021276595,0.0147542875773415,282.0,3.393805644014705,0.0045571834247048,0.0456786231700955,0.0099738994515554,20.80252507271024,2.073217237658472,"The RIC8B gene has been implicated in cancer through its role as a guanine nucleotide exchange factor (GEF) for specific G-proteins, influencing signaling pathways critical for cell proliferation and survival. Dysregulation of RIC8B may lead to aberrant activation of downstream signaling cascades, such as the Rho and Rac pathways, which are involved in cell migration, invasion, and anchorage-independent growth—all of which are hallmarks of cancer. Additionally, RIC8B has been associated with the regulation of cellular stress responses, which can affect tumorigenesis and the cancer microenvironment. The interplay between RIC8B and these pathways suggests that its expression levels and activity could contribute to cancer progression and metastasis, although specific mechanisms remain an area of active research.",0
ZNF808,2712,0.125,0.09375,0.03125,0.71875,0.09375,0.9542983513362332,0.03125,0.0,0.8852217001462483,0.0,4.6,5.6,0.5042864346949067,0.0152662432828529,0.2585643624816805,0.0257945497500288,546511.2,1005.0,-0.05278826,0.0,1.0,0.0,0.0,0.0,0.0,0.0,0.0,0.0,1.0,0.0,0.0,0.0,0.0,23.0,3.0,0.0,0.0,0.0,0.0,4.0,1.0,0.0,0.0,0.0,1.0,0.0,31.0,0.0,23.0,9.027903226,79.06878082,18.70745879221924,8.271689844069124,0.26903182320442,0.0367841132727685,181.0,-0.2671079069767443,0.0258986898353596,172.0,0.2680943909348441,0.0313924511133353,353.0,3.4012071791449543,0.0197146523505079,0.111514500398345,0.0145173604745375,15.432529746858544,2.0971023670301827,"The ZNF808 gene has been implicated in various cancer-related processes, though its precise role in tumorigenesis remains under investigation. ZNF808 encodes a zinc finger protein that may be involved in transcriptional regulation, influencing pathways related to cell proliferation, differentiation, and apoptosis. Aberrant expression of ZNF808 has been observed in certain cancers, potentially affecting the regulation of genes involved in oncogenic signaling cascades. Mechanistically, alterations in ZNF808 function could disrupt normal cellular homeostasis, leading to unregulated growth and survival of cancer cells. Furthermore, its interplay with other zinc finger proteins and transcription factors may modulate the tumor microenvironment, contributing to processes such as metastasis and immune evasion. More research is needed to fully elucidate these relationships and the molecular mechanisms by which ZNF808 may influence cancer development and progression.",0
TRIP13,1299,0.2,0.0,0.0,0.8,0.0,1.0,0.0,0.0,1.0,0.0,2.6666666666666665,2.6666666666666665,1.0,1.0,0.3156565656565656,0.6796403011212686,812469.5,491.0,0.03407364,0.0010585226360882,106.0,0.0,0.0,0.0,0.0,0.0,0.0,0.0,0.0,0.0,0.0,0.0,0.0,6.0,0.0,0.0,0.0,0.0,2.0,2.0,1.0,0.0,0.0,0.0,0.0,0.0,11.0,0.0,11.0,17.09854545,59.79735627,23.118233765438934,1.3053201269455843,0.3538926648351649,0.0558259605055512,364.0,-0.2514216129032258,0.0290134487678477,62.0,0.3389790375586856,0.0531550925310715,426.0,3.263640947394012,0.0386164138135149,0.041689589141244,0.0115172682872677,17.313823203305258,2.168911849280313,"Yes, there is a relationship between the TRIP13 gene and cancer. TRIP13 encodes a AAA+ ATPase that has been implicated in the regulation of the spindle assembly checkpoint (SAC) and the resolution of meiotic and mitotic chromosome segregation. Dysregulation of TRIP13 can lead to genomic instability, which is a hallmark of cancer. Overexpression or mutations in TRIP13 have been associated with various cancer types, facilitating unchecked cell proliferation and contributing to tumorigenesis. Furthermore, TRIP13 is proposed to play a role in the DNA damage repair process, where its aberrant function might impair the cellular response to DNA damage, further enhancing the malignant potential of cancer cells.",0
CHCHD7,333,0.3333333333333333,0.0,0.0,0.6666666666666666,0.0,1.0,0.0,0.0,1.0,0.0,1.0,1.0,1.0,1.0,0.4837929366231253,0.8350741561198022,343112.0,552.0,0.01862013,0.0,0.0,0.0,0.0,0.0,0.0,0.0,0.0,0.0,0.0,0.0,0.0,0.0,2.0,2.0,0.0,0.0,0.0,0.0,0.0,1.0,0.0,0.0,0.0,0.0,0.0,0.0,5.0,0.0,5.0,10.5632,87.7713517,21.803644884799493,0.5411177599309641,0.3135093188010899,0.052394720730409,367.0,-0.2526468292682927,0.0151054015996988,82.0,0.3023941202672603,0.0460899114354408,449.0,3.4041274761486937,0.009359834094487,0.0602444434029415,0.0088857332298855,20.060674391099585,2.322449260305919,"Yes, there is a relationship between the CHCHD7 gene and cancer. CHCHD7 is implicated in various cellular processes, including mitochondrial function and oxidative stress response, which are crucial for maintaining cellular homeostasis. Dysregulation of CHCHD7 may lead to alterations in these processes, potentially contributing to tumorigenesis. In certain cancers, mutations or aberrant expression of CHCHD7 have been associated with altered signaling pathways, including those involved in metabolism and apoptosis. Furthermore, its role in chromatin remodeling may influence the expression of oncogenes and tumor suppressor genes, highlighting its potential as a contributor to cancer progression through modulation of the cellular microenvironment and genomic stability.",0
OR8K3,939,0.08,0.08,0.0,0.84,0.0,1.0,0.0,0.0,0.9655458753541288,0.0,7.0,7.666666666666667,0.5602240896358543,1.0,0.2444390124663896,0.5888021116957374,10316.77,969.0,-0.04259914,0.0,0.0,0.0,0.0,0.0,0.0,0.0,0.0,0.0,0.0,0.0,0.0,0.0,0.0,21.0,2.0,0.0,0.0,0.0,0.0,2.0,0.0,0.0,0.0,0.0,0.0,0.0,25.0,0.0,22.0,16.69708,53.98106974,21.88701420269522,1.8204614569819408,0.2122168055555554,0.0317755936260877,144.0,-0.2600034426229508,0.0258618598690421,122.0,0.2341339849624061,0.0295245776889658,266.0,0.0815611527623507,0.1236189425589889,0.111514500398345,0.0145173604745375,20.060674391099585,2.322449260305919,"The relationship between the OR8K3 gene and cancer is currently not well-defined in the literature. However, given that OR8K3 is an olfactory receptor gene, it may play a role in tumor microenvironment interactions through its potential modulation of immune responses or cellular signaling pathways. Such interactions could influence tumor growth or metastasis by altering the chemotactic responses of immune cells or contributing to the overall sensory perception of the tumor microenvironment. While the exact mechanisms remain to be elucidated, the involvement of olfactory receptors in cancer biology is an area that warrants further investigation.",0
IRAK1BP1,783,0.5,0.0,0.0,0.5,0.0,1.0,0.0,0.0,1.0,0.0,0.5,0.5,1.0,1.0,0.6337135614702155,0.92278721319625,198307.2,832.0,-0.01343636,1.613244500438079e-07,2.0,0.0,0.0,0.0,0.0,0.0,0.0,0.0,0.0,0.0,0.0,0.0,0.0,1.0,0.0,0.0,0.0,0.0,0.0,1.0,0.0,0.0,0.0,0.0,0.0,0.0,2.0,0.0,2.0,17.735,78.50045,14.19490315717274,1.7038840301799891,0.2417957812499999,0.0247523576466289,128.0,-0.2625512775330397,0.0233246535881836,227.0,0.2550676056338029,0.023870566199618,355.0,3.200942798158305,0.0183065198723977,0.0879355366241556,0.0085582001871129,15.070319199357048,0.9689099020027891,"The IRAK1BP1 gene has been implicated in cancer through its role in regulating inflammatory responses and cell signaling pathways. It is involved in the modulation of the interleukin-1 receptor (IL-1R) and Toll-like receptor (TLR) pathways, which can influence tumor microenvironment dynamics and promote tumor progression. Dysregulation of IRAK1BP1 may lead to enhanced inflammatory mediators that support tumor growth, metastasis, and resistance to apoptosis. Additionally, aberrant activation of IRAK1BP1 might contribute to the activation of oncogenic signaling cascades, thereby supporting neoplastic transformation. Overall, the intersection of IRAK1BP1 with immune signaling mechanisms presents a potential link to cancer pathogenesis.",0
LRRC7,4614,0.1756756756756756,0.0675675675675675,0.0,0.6486486486486487,0.0,1.0,0.1081081081081081,0.0,0.8953084580069641,0.0,3.4285714285714284,4.357142857142857,0.5807200929152149,1.0,0.3437607425232039,0.7108316876978564,298237.2,695.0,-0.02574179,1.0202447884436497e-05,9.0,0.0,0.0,2.0,0.0,0.0,0.0,5.0,3.0,0.0,0.0,0.0,2.0,49.0,5.0,0.0,0.0,0.0,0.0,13.0,1.0,0.0,5.0,1.0,3.0,0.0,71.0,0.0,66.0,22.22076056,111.0418453,22.2242029784728,0.1871712562057262,0.2004968965517241,0.011760472925937,116.0,-0.2287918181818183,0.012923673065909,207.0,0.2186927076923076,0.0126552496111642,323.0,2.8049295871596684,0.3457504179054479,0.1282084036616882,0.019338222087237,21.288111955121195,2.734608273201032,"The LRRC7 gene, which encodes a protein involved in synaptic signaling and intercellular interactions, has been implicated in various cancers, though the nature of this relationship is still under investigation. Potential mechanisms include its role in regulating cell adhesion and communication, which can influence cancer cell migration, invasion, and metastasis. Additionally, aberrant expression of LRRC7 may disrupt normal signal transduction pathways, contributing to oncogenic processes. Further studies are necessary to elucidate how LRRC7 may function in tumorigenesis and its potential interactions with other oncogenic factors.",0
VAT1,1182,0.4,0.0,0.0,0.6,0.0,1.0,0.0,0.0,1.0,0.0,1.0,1.0,1.0,1.0,0.3623188405797101,0.7301560433800937,1507064.0,201.0,0.02583375,3.318326457712753e-05,19.0,0.0,0.0,0.0,0.0,0.0,0.0,0.0,0.0,0.0,0.0,0.0,0.0,3.0,0.0,0.0,0.0,0.0,0.0,2.0,0.0,0.0,0.0,0.0,0.0,0.0,5.0,0.0,5.0,18.992,63.17737,27.528302978300456,0.3119611847699368,0.2940390322580648,0.0761035568714908,186.0,-0.2777654098360657,0.0276916186898036,183.0,0.2859683739837398,0.0520202762174576,369.0,3.64873833560072,0.0062721813276486,0.0484983859736727,0.0021989181896942,20.159670779728764,1.2910420747543028,"The VAT1 gene, which encodes the vesicular amine transporter, has been associated with various cellular processes, including vesicular trafficking and the regulation of neurotransmitter release. Emerging research suggests a potential link between VAT1 and cancer, particularly in the context of tumor progression and metastasis. Dysregulation of vesicular transport and secretion pathways can influence the tumor microenvironment, affecting cell communication, nutrient uptake, and the release of signaling molecules that promote cancer cell proliferation and survival. Additionally, altered expression of VAT1 may impact apoptosis and stress response mechanisms, further contributing to tumorigenesis. However, comprehensive studies are needed to elucidate the exact relationship and underlying mechanisms between VAT1 and different cancer types.",0
PPP1R32,1278,0.25,0.0625,0.125,0.4375,0.0,1.0,0.125,0.0,0.8185993675869248,0.0,1.4,2.4,0.0662383254951314,1.0,0.7390983000739099,0.962545712630193,1415260.0,274.0,0.0577919999999999,1.965942264055841e-06,3.0,0.0,0.0,0.0,0.0,0.0,0.0,2.0,0.0,0.0,0.0,0.0,0.0,6.0,1.0,0.0,0.0,0.0,0.0,4.0,2.0,0.0,2.0,0.0,0.0,0.0,13.0,0.0,13.0,16.96530769,163.3635461,19.25862959184283,1.6299702978019657,0.2145530344827586,0.0168230042254501,145.0,-0.2576310483870968,0.0237011338956399,124.0,0.2344105576208178,0.0203798073246879,269.0,2.6491482246126266,0.0613816711009922,0.111514500398345,0.0145173604745375,19.241965485226288,3.441941202971111,"The relationship between the PPP1R32 gene and cancer is not well-established; however, emerging studies suggest potential links that warrant investigation. PPP1R32, which encodes a regulatory subunit of protein phosphatase 1, may influence cellular processes such as cell growth, apoptosis, and signal transduction, which are critical in cancer biology. Alterations in the expression or function of PPP1R32 could lead to dysregulation of these pathways, potentially contributing to oncogenesis or tumor progression. For instance, aberrant protein phosphatase activity can result in altered phosphorylation status of key oncoproteins or tumor suppressors, ultimately affecting cell cycle regulation and survival. Further research is needed to elucidate the specific mechanisms by which PPP1R32 may participate in cancer development or progression.",0
TAC1,390,0.5,0.0,0.0,0.5,0.0,1.0,0.0,0.0,1.0,0.0,0.75,0.75,1.0,1.0,0.9813542688910696,0.999825077763089,343277.9,854.0,-0.01522059,0.0003472536984208,8.0,0.0,0.0,0.0,0.0,0.0,0.0,0.0,0.0,0.0,0.0,0.0,0.0,3.0,0.0,0.0,0.0,0.0,0.0,3.0,0.0,0.0,0.0,0.0,0.0,0.0,6.0,0.0,4.0,17.19166667,17.70869667,22.01213017455858,3.643011452320456,0.3222037055837565,0.0421246456941217,394.0,-0.2358524705882353,0.0160219200878711,85.0,0.3068804175365345,0.0385400876044278,479.0,1.315721877949926,1.3126720782593513,0.5140637791062479,0.0602960983208488,20.00475861248048,3.5285434584767,"The TAC1 gene encodes the neuropeptide tachykinin, which is involved in several physiological processes, including pain signaling and inflammation. Emerging research suggests a potential link between TAC1 and cancer through its role in modulating the tumor microenvironment. TAC1-derived peptides may influence cancer cell proliferation, migration, and survival by interacting with tachykinin receptors on tumor cells and immune cells. This interaction can activate various signaling pathways that promote angiogenesis and immune evasion, contributing to tumor growth and metastasis. Furthermore, alterations in TAC1 expression may correlate with tumor progression in specific cancer types, indicating its potential relevance in the interplay between neuropeptides and cancer biology. However, the exact mechanisms and the extent of TAC1's involvement in cancer remain subjects of ongoing investigation.",0
ZNF493,2325,0.25,0.0,0.0,0.75,0.0,1.0,0.0,0.0,0.9818246423345388,0.0,2.571428571428572,2.571428571428572,1.0,1.0,0.372300819061802,0.7401537967613723,166321.0,1140.0,-0.05584271,0.0,0.0,0.0,0.0,0.0,0.0,0.0,0.0,0.0,0.0,0.0,0.0,0.0,0.0,18.0,0.0,0.0,0.0,0.0,0.0,6.0,0.0,0.0,0.0,0.0,0.0,0.0,24.0,0.0,19.0,8.642666667,65.13685571,21.88701420269522,1.8204614569819408,0.2666421621621622,0.0209592227857694,148.0,-0.2332589767441859,0.0213897534531536,215.0,0.2468697520661158,0.0214256982355737,363.0,3.4208438023292134,0.0181834885830615,0.111514500398345,0.0145173604745375,20.060674391099585,2.322449260305919,"Yes, there is a relationship between the ZNF493 gene and cancer. ZNF493 is a member of the zinc finger transcription factor family and has been implicated in regulating gene expression and cellular processes such as differentiation and proliferation. Alterations in its expression or function may contribute to carcinogenesis by dysregulating pathways related to cell cycle control, apoptosis, and DNA damage response. Specifically, aberrant ZNF493 expression has been observed in various tumor types, suggesting that it may play a role in tumor development and progression. Additionally, its interactions with other oncogenic and tumor suppressor pathways could further influence cancer phenotype and behavior.",0
TTPA,837,0.0,0.0,0.0,1.0,0.0,1.0,0.0,0.0,1.0,0.0,7.0,7.0,1.0,1.0,0.0736105999263894,0.2656581702523599,137737.8,789.0,-0.0115532999999999,3.229122632009724e-06,3.0,0.0,0.0,0.0,0.0,0.0,0.0,0.0,0.0,0.0,0.0,0.0,0.0,7.0,0.0,0.0,0.0,0.0,0.0,0.0,0.0,0.0,0.0,0.0,0.0,0.0,7.0,0.0,6.0,23.39571429,57.30779524,15.826721747250293,4.190278250537915,0.3178416094986807,0.0504771688553391,379.0,-0.2564475,0.0163921051126582,80.0,0.307141111111111,0.0450312865941775,459.0,1.7615378255763232,0.9531263238932458,0.0578339222306668,0.0091095539212346,20.060674391099585,2.322449260305919,"The TTPA gene, which encodes the protein alpha-tocopherol transfer protein, has been implicated in cancer due to its role in regulating vitamin E dynamics and influencing oxidative stress. The protein facilitates the transport of alpha-tocopherol, a form of vitamin E with antioxidant properties, thereby playing a crucial role in cellular defense against oxidative damage. Elevated oxidative stress is a known contributor to carcinogenesis, as it can lead to DNA damage, genomic instability, and altered cellular signaling pathways. Additionally, vitamin E's modulation of cell proliferation and apoptosis, alongside its potential impact on inflammatory pathways, suggests that TTPA may influence tumorigenesis and cancer progression. However, the precise relationship and mechanisms connecting TTPA activity to specific cancer types remain an area of ongoing research.",0
CNNM3,2124,0.0,0.0,0.0,0.6153846153846154,0.0,1.0,0.2307692307692307,0.1538461538461538,0.8595824360039367,0.0,8.0,13.0,1.0,1.0,0.00069,0.0057123850826573,879415.0,332.0,0.047517,0.0001266318190963,27.0,2.0,0.0,0.0,0.0,0.0,0.0,1.0,2.0,0.0,2.0,0.0,0.0,7.0,0.0,0.0,0.0,0.0,0.0,0.0,1.0,0.0,3.0,0.0,3.0,0.0,9.0,0.0,13.0,21.82611111,74.88793611,22.56494726063618,0.3664481025152484,0.2240252247191012,0.0137546855652034,178.0,-0.4137379591836734,0.260610968799915,49.0,0.2649764317180615,0.0722423968991578,227.0,3.437035574561037,0.0055754108353193,0.0396547370287857,0.0101125373635562,21.74193696497456,1.0330673638407335,"The CNNM3 gene, which encodes a magnesium transporter, has been implicated in various cellular processes, including ion homeostasis and signaling pathways that can affect cell proliferation and apoptosis. Alterations in magnesium levels have been associated with cancer biology, as magnesium is crucial for many enzymatic reactions and cellular functions. Dysregulation of CNNM3 may influence the tumor microenvironment and cellular stress responses, potentially contributing to tumorigenesis. Additionally, studies suggest that CNNM3 may play a role in the context of epithelial-mesenchymal transition (EMT), a process often linked to metastatic behavior in cancer cells. However, the precise relationship between CNNM3 and specific cancers requires further investigation to elucidate the underlying molecular mechanisms and their potential relevance in cancer biology.",0
LAMA5,11088,0.3831775700934579,0.0,0.0373831775700934,0.5046728971962616,0.0,1.0,0.0747663551401869,0.0,0.9403613679261836,0.0,1.2857142857142858,1.5714285714285714,0.691085003455425,1.0,0.9624639076034648,0.9992865371675556,1090360.0,252.0,0.02132874,3.226650748407177e-05,16.0,0.0,0.0,0.0,0.0,0.0,0.0,7.0,1.0,0.0,0.0,0.0,2.0,53.0,0.0,0.0,0.0,0.0,0.0,41.0,7.0,0.0,7.0,3.0,1.0,0.0,100.0,0.0,85.0,12.49562,108.3700294,25.987671900649445,0.6183843123168803,0.3500942666666666,0.0519880222892335,375.0,-0.2088821428571428,0.0095206612644155,56.0,0.3317465197215777,0.0486947751701851,431.0,3.620225258327414,0.031238690006782,0.0530605265160136,0.0048551917914711,19.102100751998304,5.611967334610216,"Yes, there is a relationship between the LAMA5 gene and cancer. LAMA5 encodes a member of the laminin family of proteins, which play critical roles in extracellular matrix (ECM) organization and cell-matrix interactions. Aberrant expression or alterations of LAMA5 can impact tumorigenesis by influencing cell adhesion, migration, and invasion, which are pivotal processes in cancer progression. For instance, LAMA5 has been implicated in facilitating the metastatic potential of cancer cells through its interaction with integrins and modulation of signaling pathways that govern cellular behaviors, such as proliferation and survival. Additionally, changes in the ECM composition due to LAMA5 dysregulation can create a permissive microenvironment for tumor development and progression, further linking it to various malignancies.",0
CYP4Z1,1518,0.2,0.0666666666666666,0.0666666666666666,0.6666666666666666,0.0,1.0,0.0,0.0,0.9658722633586913,0.0,2.5,3.0,0.3445899379738112,1.0,0.8896797153024911,0.9936777148322948,366455.3,479.0,0.003538459,0.0,0.0,0.0,0.0,0.0,0.0,0.0,0.0,0.0,0.0,0.0,0.0,0.0,0.0,10.0,1.0,0.0,0.0,0.0,0.0,3.0,1.0,0.0,0.0,0.0,0.0,0.0,15.0,0.0,14.0,15.85253333,89.17462312,21.40277494899386,1.2790709594939027,0.2382436065573769,0.0212023792893645,122.0,-0.2309881502890174,0.0137781050384191,173.0,0.2339887118644065,0.0167996198888112,295.0,2.1730533725130154,0.7419984174449985,0.111514500398345,0.0145173604745375,15.99303602198653,1.753294928803509,"The CYP4Z1 gene encodes an enzyme involved in the metabolism of fatty acids and bioactive lipids, which can influence various signaling pathways related to cancer. There is emerging evidence suggesting that alterations in CYP4Z1 expression may affect tumorigenesis through mechanisms such as modulation of inflammation, alteration of lipid metabolism, and the regulation of cell proliferation and apoptosis. Dysregulation of CYP450 enzymes, including CYP4Z1, can lead to the accumulation of specific lipids that may promote or inhibit cancer cell growth, thus contributing to the complexity of cancer development and progression. Further studies are needed to fully elucidate the specific roles of CYP4Z1 in various cancer types and the underlying molecular mechanisms involved.",0
ZNF506,1335,0.0714285714285714,0.0,0.0,0.5714285714285714,0.0,1.0,0.3571428571428571,0.0,0.7821952376742992,0.0,4.0,6.5,1.0,1.0,0.6042296072507553,0.908641092948052,575637.0,609.0,-0.04951688,0.0,1.0,0.0,0.0,0.0,0.0,0.0,0.0,5.0,0.0,0.0,0.0,0.0,1.0,7.0,0.0,0.0,0.0,0.0,0.0,1.0,1.0,0.0,6.0,0.0,0.0,0.0,9.0,0.0,15.0,10.08511111,36.04064761,15.064283368451749,1.191738802428427,0.2886558974358975,0.0368958299572539,156.0,-0.233852196261682,0.020876369202196,214.0,0.2569586216216216,0.0282832310471464,370.0,3.4723430053338524,0.0101635930044682,0.111514500398345,0.0145173604745375,20.060674391099585,2.322449260305919,"There is emerging evidence suggesting a relationship between the ZNF506 gene and cancer, particularly in the context of its potential role in regulating gene expression and maintaining genomic stability. ZNF506, a member of the zinc finger protein family, may influence cancer pathways through its involvement in transcriptional regulation, chromatin remodeling, and possibly in the modulation of oncogenic or tumor suppressor pathways. Dysregulation of ZNF506 expression could lead to alterations in cellular processes such as proliferation, differentiation, and apoptosis, which are critical in tumorigenesis. Additionally, variants or aberrations in ZNF506 may impact its functional interactions with other proteins involved in DNA repair mechanisms, thereby contributing to genomic instability, a hallmark of cancer. Further research is required to elucidate the precise mechanisms and clinical implications of ZNF506 in various cancer types.",0
DDIT4,699,1.0,0.0,0.0,0.0,0.0,1.0,0.0,0.0,1.0,0.0,0.0,0.0,1.0,1.0,1.0,1.0,808654.8,145.0,0.03950597,2.9238162089943207e-06,12.0,0.0,0.0,0.0,0.0,0.0,0.0,0.0,0.0,0.0,0.0,0.0,0.0,0.0,0.0,0.0,0.0,0.0,0.0,1.0,0.0,0.0,0.0,0.0,0.0,0.0,1.0,0.0,1.0,10.21,0.0,16.095629813458547,0.7156697620663719,0.2518756666666665,0.0509673931524929,120.0,-0.3281411151079137,0.0471207804965859,278.0,0.3051465075376884,0.0493831308081749,398.0,3.703522341241225,0.0204517956659153,0.0452490095955858,0.0144173531622006,17.847041353314786,3.260619879855802,"Yes, there is a relationship between the DDIT4 gene and cancer. DDIT4 (DNA Damage Inducible Transcript 4) functions as a negative regulator of the mTOR pathway, which is crucial for cellular growth and metabolism. Dysregulation of DDIT4 can lead to aberrant activation of mTOR signaling, contributing to tumorigenesis by promoting cell proliferation and survival. Furthermore, DDIT4 is involved in cellular responses to stress and hypoxia, which can create a tumor microenvironment conducive to cancer progression. Altered expression levels of DDIT4 have been observed in various cancers, suggesting its potential role in tumor development and progression through pathways related to cellular homeostasis, metabolic adaptation, and the response to oxidative stress.",0
SOD1,465,0.0,0.0,0.0,1.0,0.0,1.0,0.0,0.0,1.0,0.0,3.0,3.0,1.0,1.0,0.095256239283673,0.319221257651944,268522.5,621.0,0.03355426,0.0012806226774743,141.0,0.0,0.0,0.0,0.0,0.0,0.0,0.0,0.0,0.0,0.0,0.0,0.0,3.0,0.0,0.0,0.0,0.0,0.0,0.0,0.0,0.0,0.0,0.0,0.0,0.0,3.0,0.0,3.0,27.26666667,1.163333333,21.88701420269522,1.8204614569819408,0.2405448913043477,0.0162347207944935,92.0,-0.2646409623430963,0.021473625654112,239.0,0.2579435649546827,0.0200807652975555,331.0,3.708909986530146,0.0051301909227711,0.0354392798138618,0.0061263095886002,20.060674391099585,2.322449260305919,"Yes, there is a relationship between the SOD1 gene and cancer. SOD1 encodes superoxide dismutase 1, an enzyme that plays a critical role in mitigating oxidative stress by catalyzing the conversion of superoxide radicals into hydrogen peroxide and oxygen. Elevated oxidative stress is a recognized contributor to cancer progression, as it can lead to DNA damage, genomic instability, and activation of oncogenic signaling pathways. Furthermore, alterations in SOD1 expression have been observed in various cancer types, where its aberrant activity may influence tumor microenvironment dynamics, angiogenesis, and cell proliferation. Additionally, the accumulation of reactive oxygen species due to dysfunctional SOD1 can promote resistance to apoptosis, further facilitating tumor survival and growth. These interconnected processes establish a complex relationship between SOD1 and cancer biology.",0
OR5K4,966,0.25,0.0625,0.0,0.6875,0.0,1.0,0.0,0.0,1.0,0.0,2.2,2.4,0.691085003455425,1.0,0.0328094753764887,0.144920696934981,414958.4,885.0,-0.01436315,0.0,0.0,0.0,0.0,0.0,0.0,0.0,0.0,0.0,0.0,0.0,0.0,0.0,0.0,11.0,1.0,0.0,0.0,0.0,0.0,4.0,0.0,0.0,0.0,0.0,0.0,0.0,16.0,0.0,16.0,18.3521875,93.63998083,21.88701420269522,1.8204614569819408,0.2545812587412587,0.0286500319963047,286.0,-0.2631870338983051,0.0203379400859988,118.0,0.2570948267326732,0.0261811033064215,404.0,0.1244707606749784,0.123212526623798,0.111514500398345,0.0145173604745375,20.060674391099585,2.322449260305919,"The relationship between the OR5K4 gene and cancer is not well-established in current scientific literature. However, given that OR5K4 is part of the olfactory receptor gene family, one proposed mechanism could involve the modulation of cellular signaling pathways that influence cell proliferation and apoptosis. While olfactory receptors are primarily known for their role in odor detection, their expression in non-olfactory tissues suggests a potential involvement in cellular communication and tissue homeostasis. Dysregulation of these pathways may contribute to tumorigenesis through altered cellular responses to external signals, but specific interactions or pathways involving OR5K4 and cancer have not been definitively characterized. Further research is needed to elucidate any direct or indirect roles of OR5K4 in cancer biology.",0
RFPL4B,792,0.4285714285714285,0.0,0.0,0.5714285714285714,0.0,1.0,0.0,0.0,1.0,0.0,1.0,1.0,1.0,1.0,0.9803921568627452,0.9998064973491958,96263.31,432.0,-0.000483879,8.726830348561594e-05,42.0,0.0,0.0,0.0,0.0,0.0,0.0,0.0,0.0,0.0,0.0,0.0,0.0,4.0,0.0,0.0,0.0,0.0,0.0,3.0,0.0,0.0,0.0,0.0,0.0,0.0,7.0,0.0,7.0,1.582142857,2.871347143,21.88701420269522,1.8204614569819408,0.2318247474747474,0.0170291244782519,99.0,-0.2782000359712231,0.0258096814581214,278.0,0.2660219098143236,0.0238700542192152,377.0,0.6173596111964592,0.6213934505112154,0.111514500398345,0.0145173604745375,20.060674391099585,2.322449260305919,"The RFPL4B gene, which encodes a member of the RPL4 family of ribosomal proteins, has been implicated in various cellular processes, including ribosome biogenesis and protein synthesis. Alterations in ribosomal protein genes have been associated with cancer development and progression, as they can influence cell growth and proliferation. Dysregulation of RFPL4B may contribute to oncogenesis through mechanisms such as altering the composition of ribosomes, impacting the translation of specific mRNAs that are critical for cell cycle regulation, and affecting stress response pathways. Additionally, aberrant expression of RFPL4B could disrupt normal cellular homeostasis, leading to enhanced survival and proliferation of malignant cells. Thus, while the precise role of RFPL4B in cancer is still under investigation, its involvement in fundamental cellular processes suggests a potential link to oncogenic pathways.",0
OR7G1,936,0.6,0.0,0.0,0.4,0.0,1.0,0.0,0.0,1.0,0.0,0.5,0.5,1.0,1.0,0.931098696461825,0.9975698287585408,311030.3,471.0,-0.0628967,0.0,0.0,0.0,0.0,0.0,0.0,0.0,0.0,0.0,0.0,0.0,0.0,0.0,0.0,2.0,0.0,0.0,0.0,0.0,0.0,3.0,0.0,0.0,0.0,0.0,0.0,0.0,5.0,0.0,5.0,5.1434,39.2646923,21.88701420269522,1.8204614569819408,0.3243567701863356,0.0805115016620031,161.0,-0.2296599523809523,0.0152796138980838,210.0,0.2707547978436656,0.045655419730432,371.0,0.0068431550229432,0.0074403431320557,0.111514500398345,0.0145173604745375,20.060674391099585,2.322449260305919,"The OR7G1 gene encodes an odorant receptor that is primarily involved in the sensory perception of smell. While its main function pertains to olfactory signaling, emerging evidence suggests a potential role in cancer biology. Specifically, aberrations in olfactory receptor signaling, including OR7G1, may influence tumor microenvironments and cellular signaling pathways, potentially affecting processes like cell proliferation, apoptosis, and migration. Furthermore, altered expression of olfactory receptors, including OR7G1, has been observed in various tumor types, indicating a possible link between these receptors and cancer pathogenesis. However, the exact mechanisms remain to be fully elucidated, warranting further investigation into the functional implications of OR7G1 dysregulation in cancer.",0
PDXDC1,2367,0.125,0.0,0.0625,0.8125,0.0,1.0,0.0,0.0,1.0,0.0,4.333333333333333,4.666666666666667,0.8904719501335708,1.0,0.0622316261123903,0.2350421277030067,535070.6,214.0,0.02278737,3.716755571712541e-05,18.0,0.0,0.0,0.0,0.0,0.0,0.0,0.0,0.0,0.0,0.0,0.0,1.0,14.0,0.0,0.0,0.0,0.0,0.0,2.0,2.0,0.0,0.0,0.0,1.0,0.0,18.0,0.0,16.0,20.17133333,74.63631906,26.18175177007445,0.8083392675025362,0.2361805102040816,0.016882910946405,194.0,-0.2777579470198675,0.0366868022110904,146.0,0.2542732853025936,0.0258457491446669,340.0,3.732479758225395,0.0040546666315024,0.0,0.0,23.62552879675642,0.7445537983630791,"The relationship between the PDXDC1 gene and cancer is currently not well-established in the scientific literature. However, PDXDC1 is involved in purine metabolism and may play a role in cellular stress responses and metabolic regulation. Alterations in metabolic pathways are frequently observed in cancer cells, contributing to proliferation and survival in adverse conditions. If PDXDC1 is implicated in modulating these pathways, it could influence tumorigenesis and tumor progression. Further research is needed to elucidate its specific roles and potential mechanisms in cancer biology.",0
GDF2,1290,0.5555555555555556,0.0,0.0,0.3888888888888889,0.0,1.0,0.0555555555555555,0.0,1.0,0.0,0.6363636363636364,0.7272727272727273,1.0,1.0,0.9302325581395348,0.997507592167094,649122.9543319192,444.4009897808343,0.0198885680771551,1.2009445108204053e-07,3.0,0.0,0.0,0.0,0.0,0.0,0.0,1.0,0.0,0.0,0.0,0.0,0.0,11.0,2.0,0.0,0.0,0.0,0.0,4.0,0.0,0.0,1.0,0.0,0.0,0.0,17.0,0.0,16.0,11.0732,59.2693487,21.88701420269522,1.8204614569819408,0.2253076315789473,0.0143049684698501,152.0,-0.330936265560166,0.0515596641159958,241.0,0.2900824427480915,0.0397305229577932,393.0,0.0960279546289748,0.1055752602826711,0.111514500398345,0.0145173604745375,20.060674391099585,2.322449260305919,"The GDF2 gene (Growth Differentiation Factor 2), which is part of the TGF-β superfamily, has been implicated in various biological processes such as angiogenesis and bone homeostasis. Alterations in GDF2 expression or function have been associated with several cancer types. One proposed mechanism is its role in modulating the tumor microenvironment; GDF2 can influence vascular development and stability, potentially affecting tumor growth and metastasis. Additionally, aberrant signaling pathways related to GDF2 may impact cellular differentiation and proliferation, contributing to tumorigenesis. Further, its involvement in the immune response could also alter tumor immune evasion strategies. Overall, while the exact relationship between GDF2 and cancer is still being elucidated, its involvement in key biological pathways suggests potential relevance.",0
GPR75,1623,0.25,0.0,0.0,0.5833333333333334,0.0,1.0,0.1666666666666666,0.0,0.953509509058145,0.0,1.75,2.25,1.0,1.0,0.1944012441679626,0.5127976257650309,649122.9543319192,444.4009897808343,0.0198885680771551,0.0,0.0,0.0,0.0,0.0,0.0,0.0,0.0,1.0,1.0,0.0,0.0,0.0,0.0,7.0,0.0,0.0,0.0,0.0,0.0,3.0,0.0,0.0,1.0,0.0,1.0,0.0,10.0,0.0,11.0,19.4224,51.48713582,15.74399894224531,0.5387071985897314,0.2499986899563317,0.0250808499877499,229.0,-0.2164477192982456,0.0155741517750626,57.0,0.2433119580419577,0.0233051284558017,286.0,2.890448168411194,0.0946011031906009,0.6670262640424471,0.0366703547652614,16.193876883236797,0.309087339666545,"The GPR75 gene encodes a G protein-coupled receptor that has been implicated in various physiological processes, but its specific role in cancer remains an area of ongoing research. Some studies suggest that alterations in GPR75 expression can influence cellular pathways associated with proliferation, apoptosis, and immune response, which are critical in tumorigenesis. For instance, aberrant signaling through GPR75 may affect the tumor microenvironment by modulating inflammatory responses or angiogenesis, thereby contributing to cancer progression. Additionally, the involvement of GPR75 in neuroendocrine signaling might link it to the regulation of hormones that can drive cancer cell growth in certain tissues. Overall, while there are indications of a potential relationship between GPR75 and cancer, the exact mechanisms and implications are still being elucidated.",0
FPR1,1053,0.4166666666666667,0.0,0.0,0.5416666666666666,0.0,1.0,0.0416666666666666,0.0,1.0,0.0,1.181818181818182,1.2727272727272727,1.0,1.0,0.8802816901408451,0.9925293312490842,436279.7,690.0,-0.02431631,4.90206842755222e-07,3.0,0.0,0.0,0.0,0.0,0.0,0.0,1.0,0.0,0.0,0.0,0.0,0.0,14.0,0.0,0.0,0.0,0.0,0.0,10.0,0.0,0.0,1.0,1.0,0.0,0.0,23.0,0.0,24.0,9.421608696,68.00380807,20.602459086320383,3.0729986443589703,0.2698584782608696,0.0357103647342836,184.0,-0.2630040236686392,0.0243078639610946,169.0,0.2665768838526911,0.0301785701794666,353.0,3.280225447194133,0.0373149739021999,0.111514500398345,0.0145173604745375,18.04411489541292,1.8289487242085256,"The FPR1 gene, which encodes the formyl peptide receptor 1, is primarily known for its role in immune response, particularly in neutrophil activation and inflammation. Emerging evidence suggests that FPR1 may be implicated in cancer progression and metastasis. The receptor can influence tumor microenvironments by modulating the recruitment and activation of immune cells, thereby affecting angiogenesis and inflammatory responses that are conducive to tumor growth. Furthermore, FPR1 has been associated with the promotion of tumor cell migration and invasion, possibly through signaling pathways that enhance cellular motility and survival. This interplay between FPR1 signaling, immune modulation, and tumor biology highlights its potential significance in cancer pathophysiology, warranting further investigation into its mechanistic roles and implications in various cancer types.",0
PTGR2,1056,0.375,0.125,0.0,0.5,0.0,1.0,0.0,0.0,1.0,0.0,1.0,1.25,0.6064281382656155,1.0,0.9652509652509652,0.9993891349780804,502038.2,155.0,0.05043309,0.0,1.0,0.0,0.0,0.0,0.0,0.0,0.0,0.0,0.0,0.0,0.0,0.0,0.0,3.0,1.0,0.0,0.0,0.0,0.0,3.0,1.0,0.0,0.0,0.0,0.0,0.0,8.0,0.0,8.0,20.2275,93.90379286,24.75555666370847,1.3315340970650158,0.2385185314685315,0.0217056812365606,143.0,-0.2858887985865722,0.0228687699375585,283.0,0.2699875117370893,0.0229279272944998,426.0,3.2871034464903928,0.0105229538396294,0.0492436218469125,0.0069650656006379,20.060674391099585,2.322449260305919,"The PTGR2 gene, known for encoding a protein involved in the metabolism of polyunsaturated fatty acids, has been implicated in cancer through several mechanisms. Research suggests that PTGR2 may influence cell proliferation, apoptosis, and inflammatory responses, which are critical processes in tumorigenesis. Alterations in PTGR2 expression could affect the balance of lipid-derived signaling molecules, such as eicosanoids, which are known to play roles in cancer progression by modulating tumor microenvironment factors, promoting angiogenesis, and enhancing cell survival. Additionally, aberrant enzymatic activity associated with PTGR2 may lead to the accumulation of oncoactive metabolites or the dysregulation of metabolic pathways that further fuel cancer development. This multifaceted involvement highlights the potential significance of PTGR2 in tumor biology, although specific associations and underlying pathways remain an area of ongoing investigation.",0
VTI1B,699,0.0,0.0,0.0,1.0,0.0,1.0,0.0,0.0,1.0,0.0,2.0,2.0,1.0,1.0,0.0169434090138935,0.0860365362506742,479937.2,260.0,0.03892337,0.0002067938432859,60.0,1.0,0.0,0.0,0.0,0.0,0.0,0.0,0.0,0.0,0.0,0.0,1.0,2.0,0.0,0.0,0.0,0.0,0.0,0.0,0.0,0.0,0.0,0.0,0.0,0.0,4.0,0.0,4.0,17.543,168.023916,24.08146951751937,0.2355069833190716,0.2325308333333332,0.0247659597363636,144.0,-0.2885649822064055,0.0262886751650889,281.0,0.269579294117647,0.0264181657070477,425.0,3.6168139139625697,0.0022703232340356,0.0434525540138181,0.0112951416519335,19.78517480547385,1.8900754146459924,"The relationship between the VTI1B gene and cancer is currently a subject of interest, although direct connections have not been fully elucidated. VTI1B is involved in vesicular trafficking processes and has been implicated in various cellular functions, including the regulation of exocytosis and intracellular signaling. Dysregulation of vesicular transport can influence cancer progression by affecting essential pathways such as growth factor signaling, immune evasion, and metastatic behavior. Furthermore, changes in gene expression and protein function associated with VTI1B may contribute to altered cell communication and invasion, which are hallmarks of cancer. However, more research is required to definitively establish the role of VTI1B in oncogenesis and its potential mechanisms.",0
CYP4X1,1530,0.0625,0.125,0.0,0.75,0.1875,0.8894714728255649,0.0625,0.0,0.8514097655573916,0.0,6.0,7.5,0.3454231433506045,0.0158594220826593,0.6425444856789418,0.0569266526114904,388889.3,479.0,0.003634433,0.0,1.0,0.0,0.0,0.0,0.0,0.0,0.0,1.0,0.0,0.0,0.0,0.0,0.0,11.0,2.0,0.0,0.0,0.0,0.0,1.0,1.0,0.0,1.0,0.0,0.0,0.0,15.0,0.0,14.0,17.99333333,73.25882438,22.089284662734936,2.5585546063128146,0.2469573387096773,0.0294422651416404,124.0,-0.2309881502890174,0.0137781050384191,173.0,0.2376554208754205,0.0203028788674742,297.0,2.9918840859872224,0.1685749429517403,0.1450040920756391,0.0236631263939369,19.360478053136045,2.464571792051561,"The relationship between the CYP4X1 gene and cancer is currently under investigation, but emerging evidence suggests that CYP4X1 may play a role in tumor biology. CYP4X1 encodes an enzyme involved in the metabolism of fatty acids and xenobiotics, which may influence inflammation and oxidative stress—both of which are important factors in cancer development and progression. Additionally, altered expression of CYP450 enzymes, including CYP4X1, has been associated with the modulation of various signaling pathways that can affect cell proliferation, apoptosis, and angiogenesis in cancer cells. Therefore, dysregulation of CYP4X1 could potentially contribute to tumorigenesis and the metastatic process by altering metabolic profiles and signaling cascades. However, more research is needed to clarify the specific mechanisms and implications of CYP4X1 in cancer.",0
EPN1,1989,0.3809523809523809,0.0476190476190476,0.0,0.4285714285714285,0.0,1.0,0.1428571428571428,0.0,0.9132684766868748,0.0,1.0,1.4444444444444444,0.5830903790087464,1.0,0.2890173410404624,0.647765488170414,1050871.0,254.0,-0.01140142,0.0002485307210433,55.0,0.0,0.0,1.0,0.0,0.0,0.0,2.0,1.0,0.0,0.0,0.0,2.0,8.0,1.0,0.0,0.0,0.0,0.0,8.0,1.0,0.0,2.0,0.0,1.0,0.0,21.0,0.0,22.0,16.21438095,183.619988,24.664854931934464,1.3031332563429534,0.2898096517412936,0.045604829401378,201.0,-0.2577624050632912,0.0237016770718858,158.0,0.2757052924791088,0.0361256490573862,359.0,3.5455742318920342,0.0057642055301971,0.0250869538021534,0.0034452609058694,24.74644990298228,1.730045309120447,"The EPN1 gene, encoding the Epsin-1 protein, plays a role in clathrin-mediated endocytosis, a critical process for cellular signaling and membrane trafficking. Dysregulation of this pathway has been implicated in various cancer types, as altered endocytosis can affect receptor signaling, including that of growth factor receptors such as EGFR, which is often overexpressed or mutated in cancers. Additionally, EPN1 might influence cellular migration and invasion through its effects on the cytoskeleton and cellular architecture, potentially promoting metastatic behavior. Abnormal EPN1 expression levels have been linked to tumor progression, highlighting its potential role in the cancer microenvironment and the intricate network of cellular pathways that govern tumorigenesis.",0
BANF2,294,0.0,1.0,0.0,0.0,0.0,1.0,0.0,0.0,1.0,0.0,0.0,1.0,0.0531801744309721,1.0,1.0,1.0,594839.7,432.0,0.001035713,0.0,0.0,0.0,0.0,0.0,0.0,0.0,0.0,0.0,0.0,0.0,0.0,0.0,0.0,0.0,1.0,0.0,0.0,0.0,0.0,0.0,0.0,0.0,0.0,0.0,0.0,0.0,1.0,0.0,1.0,39.0,0.0,19.883626559847333,0.8900137333976741,0.3085311333333333,0.0441998857592463,300.0,-0.2663741025641026,0.0340724528261273,117.0,0.2967029016786571,0.0416292387201657,417.0,0.2200216047071448,0.2637780137796902,0.111514500398345,0.0145173604745375,20.060674391099585,2.322449260305919,"The BANF2 gene is implicated in various cellular processes, including nuclear architecture and the response to DNA damage. Recent studies suggest that alterations in BANF2 expression or function can disrupt the integrity of the nuclear envelope and influence cellular stress responses, potentially leading to genomic instability. This instability is a hallmark of cancer, as it can facilitate tumorigenesis by promoting mutations and chromosomal aberrations. Additionally, BANF2's role in apoptosis and cell cycle regulation may also contribute to the tumorigenic process, as dysregulation of these pathways can result in uncontrolled cell proliferation and resistance to cell death. While the direct relationship between BANF2 and specific cancer types needs further elucidation, its functional implications indicate a potential relevance in cancer biology.",0
SLC27A2,1863,0.25,0.0833333333333333,0.0,0.6666666666666666,0.0,1.0,0.0,0.0,1.0,0.0,2.0,2.25,0.4060089321965083,1.0,0.3178639542275906,0.6821779417152212,308505.6,282.0,0.0006148992,3.4471755332065404e-05,18.0,0.0,0.0,1.0,0.0,0.0,0.0,0.0,0.0,0.0,0.0,0.0,0.0,8.0,1.0,0.0,0.0,0.0,0.0,2.0,0.0,0.0,0.0,0.0,0.0,0.0,12.0,0.0,12.0,22.63041667,81.86022936,23.11043891717907,2.1650155291704247,0.2161789855072463,0.0309679343651321,69.0,-0.2675630281690142,0.0201825442438013,284.0,0.2575191218130311,0.0226251447938288,352.0,2.9980834959202536,0.241713919459153,0.0493945732361185,0.0126945924002422,19.99050333279036,4.804824588637129,"The SLC27A2 gene encodes a member of the solute carrier family of transporters, specifically involved in the uptake of long-chain fatty acids into cells. Dysregulation of fatty acid metabolism is increasingly recognized as a contributing factor to cancer development and progression. Altered expression of SLC27A2 has been linked to changes in lipid accumulation, which may promote tumor growth, enhance cell proliferation, and influence apoptosis. Additionally, fatty acids can serve as signaling molecules that modulate pathways related to inflammation, oxidative stress, and energy metabolism, all of which are implicated in tumorigenesis. Thus, the relationship between SLC27A2 and cancer may be mediated through its role in metabolic reprogramming and cellular signaling within the tumor microenvironment.",0
DPPA4,915,0.1052631578947368,0.1578947368421052,0.0,0.631578947368421,0.0,1.0,0.1052631578947368,0.0,0.8561572184913415,0.0,4.0,5.666666666666667,0.1187507421921387,1.0,0.5073566717402334,0.8516189894320564,22564.69,1096.0,-0.01946468,0.0001174397874893,30.0,0.0,0.0,0.0,0.0,0.0,0.0,1.0,1.0,0.0,0.0,0.0,4.0,13.0,3.0,0.0,0.0,0.0,0.0,2.0,0.0,0.0,1.0,1.0,1.0,0.0,21.0,0.0,22.0,13.92061905,89.65548845,15.498658249399508,0.4336493048150348,0.2492251063829786,0.0261444340613765,282.0,-0.2670766964285714,0.021913405616916,112.0,0.2542996700507613,0.0249478882983641,394.0,1.3545798531684687,0.5574947914678914,0.111514500398345,0.0145173604745375,19.00273722672897,4.019565673613481,"Yes, there is a relationship between the DPPA4 gene and cancer. DPPA4 (Developmental Pluripotency Associated 4) is implicated in the regulation of pluripotency and stem cell maintenance, which are processes that can be hijacked in cancer cells. The aberrant expression of DPPA4 has been observed in various cancers, suggesting its potential role in promoting tumorigenesis. Mechanistically, DPPA4 may influence cell proliferation and differentiation pathways, leading to a more aggressive tumor phenotype. Additionally, its interaction with key regulators of stemness and epigenetic modifications could enable tumors to acquire characteristics such as enhanced self-renewal and resistance to therapies, thereby contributing to cancer progression and metastasis.",0
PARP8,2565,0.0833333333333333,0.0416666666666666,0.0833333333333333,0.7083333333333334,0.0,1.0,0.0833333333333333,0.0,0.8944953160048494,0.0,5.666666666666667,7.333333333333333,0.5820721769499418,1.0,0.1244245365186014,0.3837322233707331,76181.23,1215.0,0.01391895,0.0,1.0,0.0,0.0,0.0,0.0,0.0,0.0,1.0,1.0,0.0,0.0,0.0,3.0,17.0,1.0,0.0,0.0,0.0,0.0,2.0,2.0,0.0,2.0,0.0,1.0,0.0,24.0,0.0,24.0,24.76525,124.4135804,19.036724665205035,4.127365993067035,0.2548234065934066,0.0276906247286625,182.0,-0.235915731707317,0.0300676970469888,82.0,0.2489505681818182,0.0283942818616531,264.0,3.5116765713968494,0.0124121721564902,0.1081212681429928,0.0117659961173434,21.73283180145987,1.3986623664015565,"The PARP8 gene encodes a member of the poly(ADP-ribose) polymerase (PARP) family, which is involved in various cellular processes, including DNA repair, cell death, and gene regulation. Dysregulation of PARP8 has been implicated in cancer biology, as altered expression levels or functional mutations may influence cellular responses to DNA damage, thereby affecting genomic stability. Mechanistically, PARP8 can modulate the activity of different signaling pathways associated with tumor progression or the cellular response to stress. For instance, its potential role in the stabilization of specific protein complexes involved in DNA damage response could lead to altered repair mechanisms, allowing for the survival of cancer cells. Additionally, aberrant poly(ADP-ribosyl)ation could disrupt normal cellular homeostasis, contributing to oncogenesis or tumor progression.",0
LAMA3,10002,0.1866666666666666,0.0533333333333333,0.0133333333333333,0.64,0.0,1.0,0.0933333333333333,0.0133333333333333,0.9036317002294598,0.0,3.2,4.066666666666666,0.5730659025787965,1.0,0.2281021897810219,0.565228455667362,317705.6,216.0,0.05996946,3.444478403686477e-06,8.0,0.0,0.0,0.0,0.0,0.0,0.0,4.0,3.0,0.0,1.0,0.0,6.0,48.0,4.0,0.0,0.0,0.0,0.0,14.0,1.0,0.0,5.0,0.0,3.0,0.0,73.0,0.0,63.0,17.95624658,97.59919227,24.67259885776329,4.71972739178107,0.276352385786802,0.0350976126896871,197.0,-0.2683835111111111,0.0192434398585992,225.0,0.2721035781990522,0.0265946144510615,421.0,3.5980778097590784,0.0885157945910278,0.0413897843607884,0.003976761743391,14.433630401458664,2.151257587823076,"Yes, there is a relationship between the LAMA3 gene and cancer. LAMA3 encodes laminin subunit alpha-3, which is a critical component of the extracellular matrix (ECM). Aberrant expression or mutations in LAMA3 can influence cell adhesion, migration, and invasion, potentially facilitating tumorigenesis and metastasis. Laminins, including the one produced by LAMA3, play significant roles in cellular signaling pathways, impacting cell behavior in relation to proliferation and apoptosis. Additionally, altered LAMA3 expression has been correlated with changes in tumor microenvironments and the modulation of immune responses, further contributing to cancer progression and therapeutic resistance.",0
DLGAP5,2541,0.125,0.125,0.0,0.625,0.0,1.0,0.125,0.0,0.9166666666666666,0.0,2.5,3.5,0.764525993883792,1.0,0.5197505197505198,0.8598785614571283,764452.2,146.0,0.05444745,8.735523799378885e-06,9.0,0.0,0.0,0.0,0.0,0.0,0.0,1.0,0.0,0.0,0.0,0.0,0.0,5.0,1.0,0.0,0.0,0.0,0.0,1.0,0.0,0.0,1.0,0.0,0.0,0.0,7.0,0.0,6.0,18.92785714,110.2777655,21.1172302889575,0.9409078571987394,0.2389159171597632,0.0230209168040645,169.0,-0.2985795330739297,0.0307973721958748,257.0,0.2749101643192488,0.0285048864416199,425.0,3.326259179155074,0.0478218630529414,0.2121779224017781,0.0221703060710537,20.31726168610991,1.1608517483242722,"Yes, there is a relationship between the DLGAP5 gene and cancer. DLGAP5, which encodes a protein involved in regulating cell division and maintaining the integrity of spindle assembly during mitosis, has been found to be overexpressed in various tumors. This overexpression is associated with increased cellular proliferation and may contribute to tumorigenesis by disrupting normal mitotic processes. The gene is believed to play a role in anchoring specific proteins to the mitotic spindle, thus influencing chromosomal stability. Aberrant function or regulation of DLGAP5 can lead to aneuploidy and associated malignancies, highlighting its potential involvement in cancer progression and poorer prognosis in affected patients.",0
PTCH1,4344,0.3333333333333333,0.0416666666666666,0.0,0.5,0.0,1.0,0.125,0.0,0.9104738841244792,0.0,1.411764705882353,1.8823529411764703,0.5353319057815846,1.0,0.1380643379814994,0.4114366264273356,186892.9,510.0,0.05274564,0.00112445502266,88.0,0.0,0.0,4.0,0.0,0.0,0.0,5.0,1.0,0.0,0.0,0.0,3.0,23.0,2.0,0.0,0.0,0.0,0.0,16.0,1.0,0.0,6.0,0.0,1.0,0.0,48.0,0.0,40.0,18.1386875,113.8378869,17.092584391497667,2.320014913617612,0.2246844852941176,0.0126135539315849,136.0,-0.2406155938697318,0.0159457368801267,261.0,0.2351580856423174,0.0148268025109724,397.0,3.2774836522432675,0.0465126332001711,0.0675628667615675,0.0146432960547917,14.642762167048478,1.1617478298227166,"Yes, there is a relationship between the PTCH1 gene and cancer, particularly in the context of the Hedgehog signaling pathway. PTCH1 encodes a receptor that regulates this pathway by inhibiting Smoothened (SMO) activity. When PTCH1 is mutated or lost, the inhibition of SMO is relieved, leading to aberrant activation of the Hedgehog pathway. This can promote cell proliferation, survival, and migration, contributing to oncogenesis and tumor progression. Mutations in PTCH1 are particularly implicated in basal cell carcinoma and medulloblastoma, showcasing its role as a tumor suppressor gene. Dysregulation of the Hedgehog signaling pathway through PTCH1 alterations can therefore drive the development of various malignancies.",0
CD300LD,585,0.2,0.0,0.2,0.6,0.0,1.0,0.0,0.0,1.0,0.0,1.5,2.0,0.3636363636363637,1.0,0.2386634844868735,0.5805968338744744,698490.9,504.0,0.0103614,0.0,1.0,0.0,5.0,0.0,0.0,0.0,0.0,0.0,0.0,0.0,0.0,0.0,0.0,3.0,0.0,0.0,0.0,0.0,0.0,1.0,1.0,0.0,0.0,0.0,0.0,0.0,10.0,0.0,9.0,12.2893,72.60488157,21.88701420269522,1.8204614569819408,0.268615593220339,0.0243557420690083,236.0,-0.2233054074074074,0.0136104660623327,135.0,0.2521280592991917,0.0208748821616289,371.0,0.3975898296255386,0.3921502759729497,0.111514500398345,0.0145173604745375,20.060674391099585,2.322449260305919,"The CD300LD gene, part of the CD300 family of receptors, plays a role in immune regulation, particularly in modulating immune responses. Alterations in its expression or function may influence tumor immune evasion and the tumor microenvironment. Potential mechanisms include the modulation of T cell activity, enhancement of regulatory T cell function, or inhibition of pro-inflammatory cytokine production, which could contribute to a tumor-promoting environment. Additionally, dysregulation of CD300LD may impact the balance between immune tolerance and activation, facilitating cancer progression by preventing effective anti-tumor immunity. However, definitive links between CD300LD and specific cancer types require further investigation to understand the full extent of its role in oncogenesis.",0
HERC1,14586,0.2025316455696202,0.0632911392405063,0.0,0.6455696202531646,0.0379746835443038,0.9835638051350164,0.0759493670886076,0.0126582278481012,0.9100225820124376,0.0,3.0,3.7058823529411766,0.7686395080707148,0.021867004876342,0.6309942927117272,0.0728978383950624,706823.0,369.0,0.03960186,4.4642346004807295e-05,26.0,0.0,0.0,0.0,0.0,0.0,0.0,6.0,0.0,0.0,1.0,0.0,0.0,53.0,5.0,0.0,0.0,0.0,0.0,16.0,0.0,0.0,7.0,2.0,0.0,0.0,72.0,0.0,60.0,22.77418056,74.13485553,23.433935938849853,0.6321090573330077,0.2139332894736841,0.0146306360303684,76.0,-0.2606674609375,0.0223605744378416,254.0,0.2499692771084338,0.0209282075463036,328.0,3.735225767079795,0.0182353136254824,0.0665199937148934,0.0138761742005248,23.978386588694896,0.4371084697291661,"The HERC1 gene, which encodes a member of the HERC family of ubiquitin ligases, has been implicated in various cellular processes, including protein turnover and signal transduction, due to its role in ubiquitination. Dysregulation of ubiquitin ligases can lead to altered degradation of key regulatory proteins involved in cell cycle progression, apoptosis, and DNA damage response, potentially contributing to tumorigenesis. Specifically, aberrant expression or activity of HERC1 may influence the stability of oncogenes or tumor suppressors, thereby affecting cancer development and progression. Further research is required to fully elucidate the specific mechanisms by which HERC1 might be involved in cancer and its potential impact on tumor biology.",0
RNASE10,651,0.0,0.0,0.0,0.8888888888888888,0.0,1.0,0.1111111111111111,0.0,1.0,0.0,8.0,9.0,1.0,1.0,0.00419,0.0271304785437515,464497.4,395.0,0.01736308,0.0,0.0,0.0,0.0,0.0,0.0,0.0,0.0,1.0,0.0,0.0,0.0,0.0,0.0,8.0,0.0,0.0,0.0,0.0,0.0,0.0,0.0,0.0,1.0,0.0,0.0,0.0,8.0,0.0,9.0,14.965125,118.4821587,21.88701420269522,1.8204614569819408,0.2535320114942527,0.0342666542670287,174.0,-0.2817561702127659,0.0234300930485179,235.0,0.2697488264058681,0.0281627789172467,409.0,2.638981000685112,0.8440789078761576,0.111514500398345,0.0145173604745375,20.060674391099585,2.322449260305919,"The RNASE10 gene, which encodes a ribonuclease enzyme involved in RNA metabolism, has been implicated in certain cancers through mechanisms that may include altered gene expression and dysregulation of RNA processing. Aberrations in RNASE10 expression could lead to the accumulation of specific RNA species that promote oncogenic pathways or contribute to a tumor-promoting microenvironment. Additionally, the enzyme's involvement in immune responses may affect tumor surveillance mechanisms. Therefore, while direct evidence linking RNASE10 to cancer is still under investigation, its potential role in tumor biology warrants further exploration to elucidate its contributions to malignancy.",0
PLXND1,5778,0.38,0.0,0.02,0.52,0.0,1.0,0.08,0.0,0.9588591910067784,0.0,1.3,1.55,0.8525149190110827,1.0,0.5173305742369374,0.8582892913741302,754944.5,210.0,0.05291653,0.0,1.0,0.0,0.0,0.0,0.0,0.0,0.0,3.0,1.0,0.0,0.0,0.0,4.0,27.0,0.0,0.0,0.0,0.0,0.0,18.0,1.0,0.0,3.0,2.0,1.0,0.0,48.0,0.0,42.0,17.54485417,97.21962689,22.3254057347471,0.7052293014488045,0.2726592459016393,0.0277149159280478,305.0,-0.2436622580645162,0.0190106441481066,93.0,0.2658835678391959,0.0257789379126792,397.0,3.607271168945868,0.0152670646727422,0.053034761090409,0.007886668265965,17.12365928720893,0.7288254357091791,"Yes, there is a relationship between the PLXND1 gene and cancer. PLXND1 encodes a receptor involved in various biological processes, including cell migration and signaling pathways. Its expression has been implicated in tumor progression and metastasis. Mechanistically, PLXND1 can modulate the tumor microenvironment and influence angiogenesis through its interactions with other signaling molecules, such as the VEGF pathway. Moreover, PLXND1's role in regulating immune cell infiltration may affect tumor immune evasion and response to therapy. Aberrant expression of PLXND1 has been observed in various cancer types, suggesting it could influence tumor behavior and patient outcomes through these pathways.",0
LAMC2,3582,0.2666666666666666,0.0666666666666666,0.0333333333333333,0.6333333333333333,0.0,1.0,0.0,0.0,0.9676992492528846,0.0,2.111111111111111,2.4444444444444446,0.5633802816901409,1.0,0.4655493482309125,0.8214791325170476,764899.3,413.0,0.01872455,1.0843800646857969e-06,5.0,0.0,0.0,0.0,0.0,0.0,0.0,0.0,0.0,0.0,0.0,0.0,0.0,19.0,2.0,0.0,0.0,0.0,0.0,8.0,1.0,0.0,0.0,0.0,0.0,0.0,30.0,0.0,28.0,17.15563333,106.3405244,25.28916274344011,3.0921819535766595,0.2756886842105265,0.0238543511708234,380.0,-0.2300516216216216,0.0159342584861861,37.0,0.2716393525179857,0.0232804236748201,417.0,3.6092862879985774,0.1654965109622259,0.111514500398345,0.0145173604745375,16.942183121054484,2.4223033630736466,"Yes, there is a relationship between the LAMC2 gene and cancer. LAMC2 encodes a component of laminin, which is a key extracellular matrix (ECM) protein involved in cell adhesion, migration, and differentiation. Altered expression of LAMC2 can influence tumor progression and metastasis by facilitating the interaction between cancer cells and the ECM, thereby promoting cell migration and invasion. Moreover, LAMC2 has been implicated in the modulation of the tumor microenvironment, potentially affecting angiogenesis and immune responses. Dysregulation of this gene may contribute to the aggressive characteristics of certain tumors, highlighting its potential role in cancer biology.",0
RNGTT,1794,0.1363636363636363,0.1363636363636363,0.0909090909090909,0.5454545454545454,0.0,1.0,0.0909090909090909,0.0,0.7996943624723812,0.0,3.0,4.75,0.0379838188931515,1.0,0.9718172983479106,0.9995990834323736,202475.9,672.0,0.03689005,2.1746078620697267e-06,8.0,0.0,7.0,0.0,0.0,0.0,0.0,1.0,1.0,0.0,0.0,0.0,1.0,12.0,3.0,0.0,0.0,0.0,0.0,3.0,2.0,0.0,2.0,0.0,1.0,0.0,27.0,0.0,22.0,20.22040741,180.0883276,22.94921826793845,1.4848538138861571,0.2177117948717947,0.0129789749148541,116.0,-0.273781328125,0.0281686486060723,254.0,0.2561938337801608,0.0240349835215529,368.0,3.4500474272065524,0.0039366582214301,0.0579197332706916,0.0132825728269872,16.450488447904597,6.078631729509163,"The RNGTT gene encodes for a protein involved in the RNA processing machinery, particularly contributing to the synthesis and capping of RNA, which is crucial for mRNA stability and translation. Alterations in RNA capping and processing can lead to aberrant gene expression profiles associated with oncogenesis, such as the stabilization of oncogenes or the degradation of tumor suppressor mRNAs. Additionally, dysregulation of RNA metabolism can impact various signaling pathways that govern cell proliferation, apoptosis, and differentiation, further facilitating the development and progression of cancer. While direct links between RNGTT and specific cancer types may still be under investigation, its fundamental role in RNA biology positions it as a significant player in the molecular landscape of cancer.",0
DRAM1,717,0.6666666666666666,0.0,0.0,0.3333333333333333,0.0,1.0,0.0,0.0,1.0,0.0,0.3333333333333333,0.3333333333333333,1.0,1.0,0.851063829787234,0.9883133171030828,340236.4,238.0,0.01737488,2.724597558491698e-06,2.0,0.0,0.0,0.0,0.0,0.0,0.0,0.0,0.0,0.0,0.0,0.0,1.0,0.0,0.0,0.0,0.0,0.0,0.0,2.0,0.0,0.0,0.0,0.0,0.0,0.0,3.0,0.0,3.0,9.466,97.208908,17.729309666994954,0.8674265553206031,0.2192565925925926,0.0120364828345715,135.0,-0.2214835416666666,0.0169391421614947,144.0,0.2204059856630824,0.0145163006485753,279.0,3.4682207212425933,0.0201512954455392,0.0256178471205657,0.0050941057291045,20.060674391099585,2.322449260305919,"The DRAM1 gene has been implicated in cancer through its role in autophagy and apoptosis. DRAM1 encodes a protein that regulates autophagic processes, which are crucial for cellular homeostasis and the removal of damaged organelles and proteins. Dysregulation of autophagy can lead to tumorigenesis, as it affects the cellular response to stress, nutrient availability, and the maintenance of genomic integrity. Additionally, DRAM1 is involved in p53-mediated pathways, as p53 can enhance DRAM1 expression, linking it to genomic stability and tumor suppression. Alterations in DRAM1 expression or function may disrupt these critical cellular processes, contributing to cancer development and progression.",0
DPRX,576,0.1428571428571428,0.0,0.0,0.8571428571428571,0.0,1.0,0.0,0.0,1.0,0.0,3.0,3.0,1.0,1.0,0.5509641873278237,0.8793859326263439,737114.9,684.0,-0.04760705,0.0,0.0,0.0,0.0,0.0,0.0,0.0,0.0,0.0,0.0,0.0,0.0,0.0,0.0,5.0,0.0,0.0,0.0,0.0,0.0,1.0,1.0,0.0,0.0,0.0,0.0,0.0,7.0,0.0,7.0,6.593857143,81.92210548,21.88701420269522,1.8204614569819408,0.2680635175879397,0.0295828810663519,199.0,-0.2573817307692309,0.0236703975692431,156.0,0.2633695492957745,0.0269387003619431,355.0,0.9725553518463697,0.5681640057424543,0.111514500398345,0.0145173604745375,20.060674391099585,2.322449260305919,"The DPRX gene, which encodes a protein involved in the regulation of cellular processes, has been implicated in various cancers through its potential roles in cell cycle regulation, apoptosis, and cellular differentiation. Dysregulation of DPRX may lead to aberrant expression patterns that disrupt normal cellular homeostasis, contributing to tumorigenesis. For instance, overexpression might enhance proliferative signals or inhibit apoptotic pathways, facilitating uncontrolled cellular growth. Additionally, its involvement in critical signaling pathways could alter the tumor microenvironment, further promoting cancer progression. While the precise mechanisms connecting DPRX to specific cancer types remain to be fully elucidated, evidence suggests that it may contribute to malignant transformations through these multifaceted interactions.",0
C9ORF131,3240,0.0434782608695652,0.0869565217391304,0.0,0.6956521739130435,0.0,1.0,0.1739130434782608,0.0,0.8509276428139875,0.0,8.0,11.0,0.3875968992248062,1.0,0.1200624324648817,0.3745639813847044,782447.4,350.0,0.04175105,0.0,0.0,0.0,0.0,0.0,0.0,0.0,0.0,4.0,0.0,0.0,0.0,0.0,0.0,17.0,2.0,0.0,0.0,0.0,0.0,1.0,0.0,0.0,4.0,1.0,0.0,0.0,19.0,0.0,19.0,14.03447368,75.25701715,21.88701420269522,1.8204614569819408,0.2876822916666668,0.0497772848208987,192.0,-0.2609335763888889,0.027358730332461,288.0,0.2716330624999999,0.0364130310822507,480.0,2.46409031966119,0.858212235259383,0.111514500398345,0.0145173604745375,20.060674391099585,2.322449260305919,"As of now, the relationship between the C9ORF131 gene and cancer is currently unknown. More research is needed to elucidate any potential connections or mechanisms by which C9ORF131 might influence tumorigenesis or cancer progression.",0
ARL8B,561,0.0,0.0,0.0,0.5,0.0,1.0,0.5,0.0,1.0,0.0,1.0,2.0,1.0,1.0,0.0599161174355901,0.2285685882368929,263029.4,325.0,0.02173568,0.0001078318866701,18.0,0.0,0.0,0.0,0.0,0.0,0.0,1.0,0.0,0.0,0.0,0.0,0.0,1.0,0.0,0.0,0.0,0.0,0.0,0.0,0.0,0.0,1.0,0.0,0.0,0.0,1.0,0.0,2.0,32.0,0.0,25.34246078190041,0.249812779359469,0.2545068888888888,0.0235512416335323,135.0,-0.2700819473684211,0.0183111550558283,380.0,0.2659991650485436,0.0196886345971614,515.0,3.629653562366209,0.002763680234154,0.0287201518325236,0.002788343602985,20.060674391099585,2.322449260305919,"The ARL8B gene encodes a member of the Arf-like protein family, which plays roles in cellular processes such as membrane trafficking and lysosomal function. There is emerging evidence suggesting that ARL8B may be implicated in cancer progression, particularly in relation to autophagy and lysosomal degradation pathways. Dysregulation of these processes can lead to altered cellular homeostasis, potentially promoting tumorigenesis. Additionally, ARL8B has been linked to the regulation of microtubule dynamics, which is critical for cell division and maintaining cellular integrity. Its overexpression or aberrant activity could therefore contribute to the aggressive characteristics of certain tumors by enhancing cell proliferation and metastasis. Further investigation is needed to fully elucidate the precise mechanisms connecting ARL8B to cancer pathology.",0
TUBB6,1341,0.6,0.0,0.0,0.4,0.0,1.0,0.0,0.0,1.0,0.0,0.5,0.5,1.0,1.0,0.7457121551081283,0.9645157377326932,492344.1,214.0,0.02642569,5.5407210573624e-05,53.0,5.0,0.0,0.0,0.0,0.0,0.0,0.0,0.0,0.0,0.0,0.0,7.0,2.0,0.0,0.0,0.0,0.0,0.0,3.0,0.0,0.0,0.0,0.0,0.0,0.0,17.0,0.0,15.0,19.41111765,119.2026362,26.308429251856044,0.2937643278475422,0.2580808133971293,0.0251583065248159,208.0,-0.2954372222222222,0.0263786905792247,216.0,0.2770666588235296,0.0260674009892818,424.0,3.55708926770366,0.0180811532412535,0.3806554026372218,0.053390753447923,16.960953993611504,3.026480404768289,"The TUBB6 gene, which encodes a beta-tubulin protein, has been implicated in cancer through its role in microtubule dynamics, which are crucial for cell division and stability. Aberrant expression or mutations in TUBB6 can disrupt normal microtubule function, potentially leading to altered mitotic spindle formation and chromosome segregation, thereby promoting aneuploidy and tumorigenesis. Additionally, changes in TUBB6 expression may influence the sensitivity of cancer cells to chemotherapeutic agents that target microtubules, further complicating the relationship between this gene and cancer development. Thus, TUBB6 may play a multifaceted role in cancer biology, affecting both cancer progression and treatment response.",0
ACOT4,1266,0.2,0.0,0.0,0.6,0.0,1.0,0.2,0.0,1.0,0.0,1.5,2.0,1.0,1.0,0.1225640397107488,0.3798408643763528,606299.7,169.0,0.03875077,0.0,1.0,0.0,0.0,0.0,0.0,0.0,0.0,1.0,0.0,0.0,0.0,0.0,0.0,3.0,0.0,0.0,0.0,0.0,0.0,1.0,0.0,0.0,1.0,0.0,0.0,0.0,4.0,0.0,5.0,20.7245,52.203601,21.12493937415587,1.6605879386447615,0.2364369444444445,0.0207114362087801,144.0,-0.2864839575971729,0.0235522357296719,283.0,0.2696062763466043,0.0231044826201393,427.0,2.9074969328133333,0.0503305078489781,0.1250678064792379,0.0184789757806133,20.060674391099585,2.322449260305919,"The relationship between the ACOT4 gene and cancer is currently not well-established, but emerging research suggests its potential involvement in tumor biology. ACOT4 encodes an acyl-CoA thioesterase that plays a role in lipid metabolism, influencing fatty acid utilization and cellular energy homeostasis. Abnormalities in lipid metabolism are often associated with cancer progression, as cancer cells frequently alter their lipid profiles to support rapid growth and proliferation. Additionally, ACOT4 may impact the balance between different acyl-CoA species, affecting signaling pathways related to cell proliferation and apoptosis. Altered expression or activity of ACOT4 may therefore contribute to oncogenic processes, though further investigation is needed to clarify its specific role in various cancer types.",0
DAZAP2,624,1.0,0.0,0.0,0.0,0.0,1.0,0.0,0.0,1.0,0.0,0.0,0.0,1.0,1.0,1.0,1.0,494860.8,194.0,0.03988467,0.0008003616099038,94.0,0.0,0.0,0.0,0.0,0.0,0.0,0.0,0.0,0.0,0.0,0.0,0.0,0.0,0.0,0.0,0.0,0.0,0.0,1.0,0.0,0.0,0.0,0.0,0.0,0.0,1.0,0.0,1.0,14.86,0.0,21.664628001481425,0.9331664304133752,0.2175672151898735,0.0123868837832782,158.0,-0.2627546666666666,0.0339169283410644,120.0,0.2370725899280574,0.0220942820871308,278.0,3.7526977695845134,0.0030234869397985,0.0684162348147329,0.0106675610105791,16.50405948051063,1.4457994299344872,"The DAZAP2 gene has been implicated in various cellular processes, including the regulation of mRNA and translation. Its association with cancer may involve its role in modulating gene expression and influencing the cellular mechanisms of proliferation and apoptosis. Alterations in DAZAP2 expression could potentially affect the stability of specific mRNAs or the efficiency of protein synthesis, thereby disrupting critical pathways involved in tumorigenesis. Additionally, dysregulation of proteins associated with DAZAP2 may impact intercellular communication and the response to stress, contributing to an altered microenvironment that favors cancer development. However, the specific mechanisms linking DAZAP2 to cancer remain an area of ongoing research, and further investigation is necessary to clearly define its role and implications in oncogenesis.",0
TRPM8,3315,0.2647058823529412,0.1176470588235294,0.0294117647058823,0.5588235294117647,0.0,1.0,0.0294117647058823,0.0,0.9103345091054608,0.0,1.9,2.5,0.0522329589971271,1.0,0.3762227238525207,0.7440082619605167,297511.8,527.0,0.01442584,1.634810126021669e-07,6.0,1.0,0.0,1.0,0.0,0.0,0.0,0.0,1.0,0.0,0.0,0.0,1.0,20.0,4.0,0.0,0.0,0.0,0.0,9.0,2.0,0.0,0.0,2.0,1.0,0.0,36.0,0.0,34.0,20.70875,114.4558713,21.88701420269522,1.8204614569819408,0.212122213740458,0.012953262509677,131.0,-0.2637217449664429,0.0190212557347723,149.0,0.2395805357142858,0.0167909518351958,280.0,2.173602025958922,0.5875680373241665,0.4027723655475581,0.0551437965888588,20.060674391099585,2.322449260305919,"The TRPM8 gene encodes a transient receptor potential melastatin 8 channel, which is primarily involved in sensing cold temperatures and menthol. Emerging evidence suggests that TRPM8 may play a role in cancer progression and metastasis. Its expression has been observed in various malignancies, where it may influence tumor cell proliferation, apoptosis, and migration. Mechanistically, TRPM8 can modulate intracellular calcium levels, which are critical for cellular signaling pathways involved in oncogenesis. Additionally, TRPM8 has been implicated in the inhibition of apoptosis and promotion of cell survival under certain conditions, enhancing the viability of cancer cells. The modulation of the tumor microenvironment via TRPM8 expression may also contribute to the phenotypic changes associated with cancer progression, including angiogenesis and immune evasion. Overall, while the precise role of TRPM8 in cancer remains an area of active research, its involvement in several oncogenic processes is becoming increasingly recognized.",0
COIL,1731,0.3333333333333333,0.0666666666666666,0.0,0.2666666666666666,0.0,1.0,0.3333333333333333,0.0,0.7353432416431886,0.0,0.6666666666666666,1.6666666666666667,0.6455777921239509,1.0,0.8710801393728222,0.9913077507816852,333715.1,254.0,-0.009728697,0.0005017825892622,85.0,0.0,0.0,0.0,0.0,0.0,0.0,5.0,0.0,0.0,0.0,0.0,0.0,4.0,1.0,0.0,0.0,0.0,0.0,5.0,0.0,0.0,5.0,0.0,0.0,0.0,10.0,0.0,14.0,12.8974,115.5604232,23.19448931083907,0.5492921587673264,0.267285855855856,0.0303424396940605,222.0,-0.2272188811188811,0.0114133295508519,143.0,0.251588383561644,0.0232582387877645,365.0,3.4063287227239885,0.0042513475386841,0.0,0.0,23.35158051066048,0.6996264501996009,"The COIL gene, which encodes a protein involved in the regulation of cellular processes such as cytoskeletal dynamics and cellular signaling, has been implicated in various cancer-related mechanisms. Studies suggest that alterations in COIL expression may affect cell proliferation, apoptosis, and metastasis. The protein's role in maintaining cellular architecture could influence the tumor microenvironment by modulating cell adhesion and migration, thereby facilitating invasive properties of cancer cells. Additionally, COIL has been associated with pathways linked to oncogenic signaling, suggesting that dysregulation of COIL may contribute to tumorigenesis and tumor progression through mechanisms like enhanced cell survival and resistance to therapeutic interventions. Further research is necessary to elucidate the precise role of COIL in cancer biology.",0
MGLL,942,0.5714285714285714,0.0,0.0,0.4285714285714285,0.0,1.0,0.0,0.0,1.0,0.0,0.6,0.6,1.0,1.0,0.8802816901408451,0.9925293312490842,587659.3,313.0,0.05120292,1.8527432825612952e-07,4.0,0.0,0.0,0.0,0.0,0.0,0.0,0.0,0.0,0.0,0.0,0.0,2.0,5.0,0.0,0.0,0.0,0.0,0.0,4.0,0.0,0.0,0.0,1.0,0.0,0.0,10.0,0.0,11.0,9.1398,78.96068818,24.935420894993293,1.809167613051209,0.2696502675585285,0.0273925218616731,299.0,-0.2458660000000001,0.0197871665370212,95.0,0.2639154822335025,0.0256075014558737,394.0,3.5817361540314088,0.0214934367461544,0.074990114350571,0.0105722259907885,20.608905453806404,2.5330731638530453,"Yes, there is a relationship between the MGLL gene and cancer. MGLL encodes monoacylglycerol lipase, an enzyme involved in lipid metabolism, particularly the hydrolysis of monoacylglycerols to glycerol and free fatty acids. Dysregulation of this enzyme can lead to altered endocannabinoid signaling pathways, which have been implicated in cancer progression and metastasis. Increased MGLL activity may promote tumor growth by enhancing the availability of free fatty acids that fuel cellular proliferation and by modulating inflammatory responses within the tumor microenvironment. Additionally, the endocannabinoid system, where MGLL plays a critical role, has been shown to influence tumor angiogenesis and immune evasion, further linking MGLL to cancer biology. Therefore, alterations in MGLL expression or activity could contribute to tumorigenesis through various mechanisms, including metabolic reprogramming and immunomodulation.",0
GRB14,1623,0.3181818181818182,0.0,0.0454545454545454,0.4545454545454545,0.0,1.0,0.1818181818181818,0.0,0.8816640828282336,0.0,1.25,1.875,0.778816199376947,1.0,0.5656108597285068,0.8879236222938075,71885.38,630.0,-0.005053218,0.000224310903188,13.0,0.0,0.0,0.0,0.0,0.0,0.0,3.0,1.0,0.0,0.0,0.0,1.0,10.0,0.0,0.0,0.0,0.0,0.0,7.0,1.0,0.0,3.0,0.0,1.0,0.0,19.0,0.0,21.0,19.54505263,96.2794505,20.1282728431938,3.200656375265428,0.2350003720930232,0.0223592778624777,215.0,-0.2146323684210527,0.0106526910743157,76.0,0.2296808934707905,0.0193349376985093,291.0,2.8086684956883823,0.1934904928971803,0.111514500398345,0.0145173604745375,20.851846232263835,4.085901262645465,"The GRB14 gene has been implicated in cancer biology, particularly through its role in modulating insulin signaling and cellular growth pathways. GRB14 encodes a growth factor receptor-bound protein that can interact with various signaling molecules, potentially influencing the behavior of oncogenic pathways. Alterations in GRB14 expression or function may disrupt normal signaling cascades, leading to aberrant cellular proliferation and survival. Additionally, its involvement in metabolic regulation could contribute to the tumor microenvironment, further influencing cancer progression. While studies have suggested links between GRB14 and certain cancer types, the precise mechanisms and their impact on tumorigenesis are still under investigation.",0
BSDC1,1344,0.25,0.0,0.0,0.75,0.0,1.0,0.0,0.0,1.0,0.0,1.5,1.5,1.0,1.0,0.7513148009015778,0.9661386471923176,1529661.0,216.0,0.04070793,0.0001042394395885,3.0,0.0,0.0,0.0,0.0,0.0,0.0,0.0,0.0,0.0,0.0,0.0,2.0,3.0,0.0,0.0,0.0,0.0,0.0,1.0,0.0,0.0,0.0,0.0,0.0,0.0,6.0,0.0,6.0,14.47683333,123.769949,24.39883091060028,0.8645606832771946,0.2294063076923075,0.0165374166544782,130.0,-0.2446460204081633,0.0156239959758765,196.0,0.2385688343558281,0.0159943335980216,326.0,3.621933512493678,0.0016004663312333,0.1438004723487042,0.0120489341741762,24.326577947696663,3.805653269957265,"The BSDC1 gene, which encodes a protein involved in various cellular processes, has been implicated in cancer through its potential roles in cellular signaling pathways and cellular stress responses. Alterations in the expression or function of BSDC1 may influence key mechanisms such as apoptosis, proliferation, and metastasis by modulating the response to oxidative stress or interacting with oncogenic pathways. This suggests that BSDC1 could be involved in tumor progression or resistance to therapies, although the precise mechanisms and their relevance to specific cancer types remain to be fully elucidated. Further investigations are needed to clarify its role in oncogenesis and the potential implications for cancer biology.",0
EHD1,1605,0.0,0.0,0.0,1.0,0.0,1.0,0.0,0.0,1.0,0.0,8.0,8.0,1.0,1.0,0.1671402306535183,0.4661410854768335,3218288.0,209.0,0.06134555,0.0004124600638438,63.0,0.0,0.0,0.0,0.0,0.0,0.0,0.0,0.0,0.0,0.0,0.0,0.0,8.0,0.0,0.0,0.0,0.0,0.0,0.0,0.0,0.0,0.0,0.0,0.0,0.0,8.0,0.0,8.0,24.1475,24.00742143,26.2485713745622,0.232339883711654,0.2296498148148146,0.0241964256962388,162.0,-0.2419984297520661,0.0208747137500137,121.0,0.2349296113074203,0.0227345825931107,283.0,3.484006186715104,0.0059672042440377,0.0456766365790522,0.0113813745708599,20.82764501501881,2.627852424332493,"The EHD1 gene encodes a protein involved in endocytosis and intracellular trafficking, processes that are critical for maintaining cellular homeostasis and signal transduction. Dysregulation of these mechanisms can lead to altered cell surface receptor levels and aberrant signaling pathways, potentially contributing to oncogenic processes. For example, EHD1 has been implicated in the recycling of integrins and growth factor receptors, and its modification may influence cell migration, proliferation, and survival, which are hallmarks of cancer. Additionally, changes in EHD1 expression or function could impact tumor microenvironment interactions and immune evasion, further elucidating its potential relevance in cancer biology. However, the specific relationship between EHD1 and various cancer types requires additional research to fully clarify its role and underlying mechanisms.",0
ATP6V0B,618,0.8,0.0,0.0,0.2,0.0,1.0,0.0,0.0,1.0,0.0,0.2,0.2,1.0,1.0,0.8726003490401396,0.9915162463285756,875223.4,214.0,0.03941317,2.5588972672043545e-05,7.0,0.0,0.0,0.0,0.0,0.0,0.0,0.0,0.0,0.0,0.0,0.0,2.0,1.0,0.0,0.0,0.0,0.0,0.0,4.0,0.0,0.0,0.0,0.0,0.0,0.0,7.0,0.0,7.0,13.02185714,24.12621348,21.88701420269522,1.8204614569819408,0.2750662142857142,0.0406501705963566,140.0,-0.2281598684210526,0.0129544590900488,152.0,0.2506492123287669,0.02669017444302,292.0,3.6144113256936095,0.00466619692013,0.0535396718901139,0.0133462721641339,20.060674391099585,2.322449260305919,"Yes, there is a relationship between the ATP6V0B gene and cancer. ATP6V0B encodes a subunit of the V-ATPase, an enzyme complex responsible for acidifying intracellular compartments, which is critical for various cellular processes including protein degradation, nutrient sensing, and cell signaling. Dysregulation of ATP6V0B can lead to altered pH homeostasis and enhanced cancer cell metabolism, promoting tumor growth and progression. Additionally, the V-ATPase complex is implicated in the regulation of autophagy and the metastatic potential of tumor cells, as it influences the release of pro-tumorigenic factors and the modulation of the tumor microenvironment. These mechanisms suggest that ATP6V0B plays a significant role in cancer development and may influence therapeutic outcomes.",0
NPM2,645,0.3333333333333333,0.1666666666666666,0.0,0.5,0.0,1.0,0.0,0.0,1.0,0.0,1.0,1.3333333333333333,0.3100775193798449,1.0,0.9199632014719412,0.9967080111675,576056.6,222.0,0.04061817,8.536933215080445e-07,5.0,0.0,0.0,0.0,0.0,0.0,0.0,0.0,0.0,0.0,0.0,0.0,0.0,3.0,1.0,0.0,0.0,0.0,0.0,2.0,0.0,0.0,0.0,0.0,0.0,0.0,6.0,0.0,6.0,11.15066667,217.3835107,19.032111967698025,1.7780784006591943,0.2479839843749999,0.018823821833606,128.0,-0.3186082932692307,0.0374504908426222,416.0,0.3019908088235296,0.0339241178417018,544.0,2.442166115517551,0.2627970290817983,0.2881042155463733,0.0284003157594315,20.060674391099585,2.322449260305919,"The NPM2 gene encodes nucleophosmin 2, a nucleolar protein involved in various cellular processes, including ribosome biogenesis and regulation of gene expression. There is emerging evidence suggesting that dysregulation of NPM2 may contribute to oncogenesis. Altered expression levels of NPM2 have been observed in several cancer types, where it may influence cell proliferation, apoptosis, and genomic stability. Specifically, NPM2 has been implicated in modulating the activity of transcription factors and participating in the repair of DNA damage, which can affect tumorigenesis. Its potential role in promoting or inhibiting tumor growth may relate to its involvement in the regulation of oncogenic pathways and interactions with other cellular proteins that govern cell cycle progression and survival. However, a comprehensive understanding of the exact mechanisms linking NPM2 to cancer remains an area of ongoing research.",0
OR5K2,951,0.3333333333333333,0.0,0.0,0.6666666666666666,0.0,1.0,0.0,0.0,1.0,0.0,1.0,1.0,1.0,1.0,0.5851375073142189,0.898717615057609,390531.7,796.0,0.0019480279999999,0.0,0.0,0.0,0.0,0.0,0.0,0.0,0.0,0.0,0.0,0.0,0.0,0.0,0.0,2.0,0.0,0.0,0.0,0.0,0.0,1.0,0.0,0.0,0.0,0.0,0.0,0.0,3.0,0.0,3.0,14.09833333,101.2643083,21.88701420269522,1.8204614569819408,0.252607738515901,0.027256921406215,283.0,-0.2631870338983051,0.0203379400859988,118.0,0.2557208478802991,0.0251882782277793,401.0,1.367049129319127,0.5642011478680338,0.111514500398345,0.0145173604745375,20.060674391099585,2.322449260305919,"The relationship between the OR5K2 gene and cancer is currently not well established. However, some studies suggest that olfactory receptors, such as OR5K2, may play a role in cellular signaling pathways that could impact tumorigenesis. These receptors have been implicated in various biological processes, including cell differentiation and proliferation, which are critical in cancer development. Additionally, aberrant expression of olfactory receptors has been observed in certain cancer types, potentially leading to altered cellular responses to environmental cues. Despite these observations, the precise mechanisms connecting OR5K2 to cancer pathogenesis remain largely unexplored and warrant further investigation.",0
NOG,699,0.4545454545454545,0.0909090909090909,0.0,0.3636363636363636,0.0,1.0,0.0909090909090909,0.0,0.9474427588512933,0.0,0.6666666666666666,1.0,0.4046944556859571,1.0,0.6238303181534622,0.9182014183577144,268027.3,457.0,-0.04390336,0.0,3.0,0.0,0.0,0.0,0.0,0.0,0.0,1.0,0.0,0.0,0.0,0.0,0.0,4.0,1.0,0.0,0.0,0.0,0.0,5.0,0.0,0.0,1.0,0.0,0.0,0.0,10.0,0.0,11.0,20.708,109.2946178,21.94385479485085,3.5289722211675576,0.2651276923076924,0.028546552886923,221.0,-0.2264126277372262,0.0109720536253971,137.0,0.2503121508379891,0.0221266194247727,358.0,2.00040693855706,0.6824870149150187,0.1074814578847456,0.0109829692112972,20.060674391099585,2.322449260305919,"Yes, there is a relationship between the NOG gene and cancer. NOG encodes noggin, a protein that functions as an antagonist of bone morphogenetic proteins (BMPs), which are involved in various cellular processes including proliferation, differentiation, and apoptosis. Dysregulation of BMP signaling due to altered NOG expression can lead to aberrant cellular behaviors associated with tumorigenesis. For instance, in certain cancers, reduced NOG expression has been linked to enhanced BMP signaling, potentially promoting oncogenic pathways and tumor growth. Conversely, overexpression of NOG may inhibit tumor progression by suppressing BMP-induced proliferation in some contexts. These mechanisms highlight the dual role of NOG in modulating the tumor microenvironment and influencing cancer development through its interactions with BMP signaling pathways.",0
OTP,978,0.2222222222222222,0.1111111111111111,0.0,0.6666666666666666,0.0,1.0,0.0,0.0,1.0,0.0,2.0,2.333333333333333,0.195579894386857,1.0,0.3265839320705421,0.6920536568371952,276866.2,584.0,0.04151952,0.0,0.0,0.0,0.0,0.0,0.0,0.0,0.0,0.0,0.0,0.0,0.0,0.0,0.0,6.0,1.0,0.0,0.0,0.0,0.0,2.0,0.0,0.0,0.0,0.0,0.0,0.0,9.0,0.0,9.0,25.98666667,84.628975,16.94986265571733,0.193049258205023,0.2292434513274336,0.0107018174192319,113.0,-0.270164006849315,0.0210366458749552,292.0,0.2587466666666668,0.018457156040099,405.0,0.5661093081062374,0.703304685869434,0.3122725319569773,0.0280460234915335,20.060674391099585,2.322449260305919,"The OTP gene (Orthopedia homeobox) has been implicated in various developmental processes, and its potential relationship to cancer may stem from its role in regulating gene expression and cellular differentiation. Altered expression or mutations in OTP could disrupt normal cellular signaling pathways, contributing to oncogenic processes such as proliferation, apoptosis, and metastasis. For instance, dysregulation of homeobox genes has been associated with tumorigenesis by influencing stem cell characteristics and the epithelial-to-mesenchymal transition (EMT), key features in cancer progression. Moreover, OTP's involvement in the neurodevelopmental spectrum may suggest a link to neuroblastoma and other neuroectodermal tumors. However, more research is needed to elucidate the precise mechanisms by which OTP may influence cancer biology and its broader implications.",0
TSPAN1,726,0.0,0.0,0.0,1.0,0.0,1.0,0.0,0.0,1.0,0.0,7.0,7.0,1.0,1.0,0.0577200577200577,0.2223463518081366,908944.8,190.0,0.02858846,0.0,1.0,0.0,0.0,0.0,0.0,0.0,0.0,0.0,0.0,0.0,0.0,0.0,0.0,6.0,0.0,0.0,0.0,0.0,0.0,0.0,0.0,0.0,0.0,0.0,0.0,0.0,6.0,0.0,6.0,19.627,110.384742,22.353487883151228,2.039553868460232,0.2535084251968503,0.0325316308308336,127.0,-0.2340395882352942,0.0142122382773442,170.0,0.2423646464646462,0.0220554297898239,297.0,3.376168871516182,0.2118512051674256,0.111514500398345,0.0145173604745375,17.80898894587998,2.5387502469718584,"The TSPAN1 gene encodes a member of the tetraspanin family of proteins, which are implicated in various cellular processes including cell adhesion, migration, and signaling. Alterations in TSPAN1 expression have been observed in several types of cancer, suggesting a potential role in tumor biology. Mechanistically, TSPAN1 may influence cancer progression by modulating cell-cell interactions, promoting tumor cell migration and invasion through its interactions with integrins and other membrane proteins. Additionally, it may affect the tumor microenvironment and immune responses, thereby contributing to tumor growth and metastasis. Investigating the specific pathways and molecular interactions involving TSPAN1 could illuminate its contributions to cancer pathogenesis.",0
CELA3B,813,0.2,0.0,0.0,0.6,0.0,1.0,0.2,0.0,1.0,0.0,1.5,2.0,1.0,1.0,0.0429534813796658,0.1781554734447465,448600.3,190.0,0.02851095,0.0,0.0,0.0,0.0,0.0,0.0,0.0,0.0,1.0,0.0,0.0,0.0,0.0,0.0,3.0,0.0,0.0,0.0,0.0,0.0,1.0,0.0,0.0,1.0,0.0,0.0,0.0,4.0,0.0,5.0,22.1225,54.412025,25.261660295249488,5.565317768702217,0.2073095833333333,0.013251615275614,96.0,-0.2538269548872179,0.0160427583488055,266.0,0.241490856353591,0.0156866388349986,362.0,0.488891859123725,1.028577900909784,0.111514500398345,0.0145173604745375,16.681693233240033,1.6887588946110643,"The CELA3B gene, part of the serine peptidase family, has been implicated in various cellular processes, including apoptosis and inflammation, which are crucial in cancer biology. Alterations in the expression levels of serine proteases like CELA3B may influence tumor progression and metastasis through modulation of the extracellular matrix and immune responses. Additionally, the proteolytic activity can affect the activation or inactivation of growth factors and cytokines, potentially leading to enhanced tumor cell survival and proliferation. While specific mechanistic links between CELA3B and particular cancer types remain to be fully elucidated, the gene's involvement in proteolytic pathways suggests a plausible role in oncogenesis.",0
RSAD1,1329,0.25,0.0,0.0,0.75,0.0,1.0,0.0,0.0,1.0,0.0,2.0,2.0,1.0,1.0,0.138811771238201,0.4129145512650904,1332860.0,200.0,0.02295402,1.402605640196476e-06,5.0,0.0,0.0,0.0,0.0,0.0,0.0,0.0,0.0,0.0,0.0,0.0,2.0,6.0,0.0,0.0,0.0,0.0,0.0,2.0,0.0,0.0,1.0,0.0,0.0,0.0,9.0,0.0,10.0,19.21788889,81.18407561,19.87992055720291,1.490142356101045,0.2564275233644861,0.0233281342797529,214.0,-0.2466452857142858,0.0161466484250976,140.0,0.2525588418079096,0.0204571541819409,354.0,3.398530205944548,0.0057768617186474,0.0,0.0,15.736559710901574,1.1652457484698262,"The RSAD1 gene, also known as radical S-adenosyl methionine domain-containing 1, has been implicated in immune responses and may influence cancer biology. Its expression can be modulated by various cytokines and signals associated with inflammation and stress, potentially impacting tumor microenvironments. RSAD1 is involved in the regulation of antiviral responses, and its upregulation has been correlated with certain immune evasion mechanisms employed by tumors. Furthermore, its role in generating reactive oxygen species and modulating apoptotic pathways suggests that it may influence tumor cell survival and proliferation. The precise relationship between RSAD1 and cancer continues to be an area of active investigation.",0
COQ3,1110,0.1666666666666666,0.1666666666666666,0.0,0.5,0.0,1.0,0.1666666666666666,0.0,0.8710490642551527,0.0,1.5,2.5,0.4666355576294914,1.0,0.6119951040391677,0.9125036697905822,259457.2,638.0,0.01257448,2.669988954532137e-07,4.0,0.0,0.0,0.0,0.0,0.0,0.0,0.0,1.0,0.0,0.0,0.0,0.0,3.0,1.0,0.0,0.0,0.0,0.0,1.0,0.0,0.0,0.0,0.0,1.0,0.0,5.0,0.0,4.0,20.1124,257.4396233,23.32212519240971,0.3823221004589385,0.2379734259259258,0.0267737374563776,108.0,-0.2768661172161172,0.0257079538576626,273.0,0.2658414173228345,0.0262484483295648,381.0,3.028860088880747,0.0244766513036151,0.111514500398345,0.0145173604745375,20.060674391099585,2.322449260305919,"The COQ3 gene encodes an enzyme involved in the biosynthesis of coenzyme Q10 (ubiquinone), a critical component of the electron transport chain and cellular energy metabolism. Dysregulation of mitochondrial bioenergetics and oxidative stress has been implicated in cancer progression. Alterations in COQ3 expression may lead to impaired mitochondrial function and increased reactive oxygen species (ROS) production, promoting genomic instability and tumorigenesis. Additionally, given the role of coenzyme Q10 in cellular antioxidant defense mechanisms, variations in COQ3 activity could influence cancer cell survival, proliferation, and response to therapy, thereby linking its genetic alterations to cancer biology and clinical outcomes.",0
RUVBL2,1392,0.125,0.0,0.0,0.875,0.0,1.0,0.0,0.0,1.0,0.0,3.5,3.5,1.0,1.0,0.0564111242737067,0.218598121567758,1998663.0,190.0,0.03908594,0.0017000747962923,220.0,0.0,0.0,0.0,0.0,0.0,0.0,0.0,0.0,0.0,0.0,0.0,1.0,7.0,0.0,0.0,0.0,0.0,0.0,1.0,0.0,0.0,0.0,0.0,0.0,0.0,9.0,0.0,9.0,22.28244444,119.4311825,26.87966000202745,0.2008466274581281,0.2633115340909092,0.0331241055273474,176.0,-0.2592770175438597,0.0200830559363467,171.0,0.2613233429394813,0.0266249992517982,347.0,3.550908516656694,0.0043757223667685,0.0455398734677947,0.0086959949778066,17.28649544263029,1.3456958826642709,"Yes, there is a relationship between the RUVBL2 gene and cancer. RUVBL2 encodes a member of the ATPase family involved in various cellular processes, including chromatin remodeling, transcription regulation, and DNA repair. Dysregulation of RUVBL2 has been implicated in several types of cancer through mechanisms such as promoting tumor cell proliferation, enhancing oncogenic signaling pathways, and facilitating the evasion of apoptosis. Furthermore, RUVBL2 has been shown to interact with key oncogenic proteins and transcription factors, thereby influencing gene expression networks that favor malignancy. Additionally, altered expression levels of RUVBL2 have been associated with poor prognosis in several cancers, indicating its potential role in tumor progression and metastasis.",0
ZC3HAV1,2709,0.3461538461538461,0.0384615384615384,0.0,0.4230769230769231,0.0,1.0,0.1923076923076923,0.0,0.8730906375511095,0.0,1.1,1.7,0.7173601147776184,1.0,0.6765899864682002,0.9409268082043368,553734.7,243.0,0.02850462,6.460350988355117e-05,36.0,0.0,0.0,0.0,0.0,0.0,0.0,5.0,0.0,0.0,0.0,0.0,4.0,11.0,1.0,0.0,0.0,0.0,0.0,9.0,0.0,0.0,6.0,0.0,0.0,0.0,24.0,0.0,27.0,8.785625,92.18206929,26.09590078100786,0.2518158874481939,0.3088146312684366,0.0311632492000855,339.0,-0.2528351724137931,0.022920764313883,115.0,0.294542945054945,0.0296033049265498,454.0,3.639720082665775,0.0078650325646592,0.0726109159350561,0.009632048649184,25.390996772268483,0.5096603168404537,"Yes, there is an emerging relationship between the ZC3HAV1 gene and cancer. ZC3HAV1 encodes a protein that plays a role in the regulation of the immune response and DNA repair mechanisms. Alterations in ZC3HAV1 expression may influence the cell's ability to respond to DNA damage, potentially leading to genomic instability—a hallmark of cancer development. Additionally, its involvement in the regulation of type I interferon signaling can impact the tumor microenvironment and modulate anti-tumor immune responses. These dysregulations can create a permissive environment for tumorigenesis, linking ZC3HAV1 to various cancer types through mechanisms related to both immune evasion and genomic integrity.",0
ANKRD12,6189,0.1632653061224489,0.1632653061224489,0.0204081632653061,0.5714285714285714,0.0,1.0,0.0612244897959183,0.0204081632653061,0.8436339500078011,0.0,3.111111111111111,4.555555555555555,0.0525486074619022,1.0,0.8045052292839904,0.9795074919779356,434323.8,391.0,0.05555896,2.3772276992397805e-05,14.0,0.0,0.0,0.0,0.0,0.0,0.0,3.0,0.0,0.0,1.0,0.0,2.0,28.0,8.0,0.0,0.0,0.0,0.0,8.0,1.0,0.0,4.0,0.0,0.0,0.0,47.0,0.0,33.0,21.61512766,124.8054732,21.033074146145243,1.5858708808366684,0.2604536274509804,0.0246758483818506,203.0,-0.2995935111111109,0.0266426563889563,224.0,0.2809815384615386,0.026030509585478,426.0,3.635934053247033,0.0035812693392759,0.0491003261670486,0.0128197748837897,23.317564770067413,2.585483967169156,"The relationship between the ANKRD12 gene and cancer is still under investigation, but there are emerging studies suggesting potential involvement in tumorigenesis. ANKRD12 is thought to participate in cellular signaling pathways and protein interactions that regulate cell proliferation, apoptosis, and DNA repair processes. Dysregulation of ANKRD12 expression or function could lead to aberrant cellular behaviors associated with cancer, such as unchecked growth or evasion of apoptosis. Additionally, given its role in modulating stress response and maintaining genomic stability, alterations in ANKRD12 may contribute to the accumulation of genetic mutations that drive cancer development. However, further research is needed to clarify its precise role and mechanisms in various cancer types.",0
DUSP27,3477,0.2413793103448276,0.0172413793103448,0.0,0.7241379310344828,0.0,1.0,0.0172413793103448,0.0,0.9941135420805612,0.0,2.8,2.933333333333333,0.99304865938431,1.0,0.0732654406916257,0.2647568509688664,287664.3,611.0,-0.0005239137,0.0,0.0,0.0,0.0,0.0,0.0,0.0,0.0,1.0,0.0,0.0,0.0,0.0,0.0,41.0,1.0,0.0,0.0,0.0,0.0,14.0,1.0,0.0,1.0,0.0,0.0,0.0,57.0,0.0,46.0,17.17775439,82.60647997,20.23687595694636,3.2755833051577543,0.2638164016874681,0.0370683991865753,190.13201675643327,-0.2623792743604192,0.0349935889004216,187.6534410532616,0.2724842722630945,0.0397860230283488,377.6466786355476,1.904449255644628,0.8253978490418588,0.111514500398345,0.0145173604745375,20.7115561101595,2.9028261725765474,"The DUSP27 gene encodes a dual-specificity phosphatase that may play a role in the regulation of mitogen-activated protein (MAP) kinase pathways, which are crucial for cell proliferation, differentiation, and survival. Abnormalities in these pathways are frequently implicated in cancer development and progression. Altered expression or activity of DUSP27 could potentially influence the balance of signaling cascades that promote tumorigenesis or inhibit apoptotic pathways, thereby contributing to cancer cell survival and resistance to therapy. Moreover, the modulation of other signaling pathways through DUSP27 could affect the tumor microenvironment, influencing processes such as inflammation and immune response, which are also relevant to cancer biology. However, specific empirical evidence linking DUSP27 to distinct types of cancer and elucidating the underlying mechanisms remains limited and requires further investigation.",0
GOLGA2,3009,0.3333333333333333,0.0,0.0,0.6666666666666666,0.0,1.0,0.0,0.0,1.0,0.0,1.6666666666666667,1.6666666666666667,1.0,1.0,0.6045949214026602,0.90882502817503,1813435.0,201.0,0.04624323,0.0036691002131754,297.0,0.0,0.0,0.0,0.0,0.0,0.0,0.0,0.0,0.0,0.0,0.0,0.0,10.0,0.0,0.0,0.0,0.0,0.0,5.0,1.0,0.0,1.0,0.0,0.0,0.0,15.0,0.0,14.0,13.4706,82.21864583,25.336962774088864,0.2169383646929692,0.2412308088235294,0.0178582229926743,136.0,-0.241166119402985,0.0180949529489294,268.0,0.241187896039604,0.0179707516598303,404.0,3.612356212297012,0.0033547939593556,0.0723468300698325,0.00545625120299,22.630920593750385,1.0088820375789709,"Yes, there is a relationship between the GOLGA2 gene and cancer. GOLGA2, which encodes a member of the golgin family of proteins associated with the Golgi apparatus, has been implicated in processes such as intracellular transport and cellular growth regulation. Aberrant expression of GOLGA2 has been observed in various cancer types, suggesting a potential role in tumorigenesis. Mechanistically, GOLGA2 may influence cancer cell proliferation and survival by modulating the trafficking of proteins and lipids essential for membrane dynamics and signaling pathways. Dysregulation of GOLGA2 could disrupt normal Golgi function, leading to altered glycosylation patterns on cell surface proteins and contributing to cancer cell invasiveness and metastatic potential. Additionally, its involvement in cell division and cytokinesis could further affect tumor growth and progression.",0
MAGEE1,2874,0.196078431372549,0.0980392156862745,0.0,0.7058823529411765,0.0,1.0,0.0,0.0,0.9598690162357316,0.0,3.272727272727273,3.727272727272727,0.1093613298337707,1.0,0.1966955153422502,0.5165417689471299,55358.85,444.4009897808343,-0.01859676,7.680362176492709e-06,6.0,0.0,0.0,0.0,0.0,0.0,0.0,0.0,0.0,0.0,0.0,0.0,0.0,36.0,5.0,0.0,0.0,0.0,0.0,10.0,0.0,0.0,0.0,0.0,0.0,0.0,51.0,0.0,39.0,14.42309804,96.10492385,17.372112011724916,0.9185550835217762,0.2193381914893617,0.0129095350429306,94.0,-0.2751844029850745,0.0267834411225732,134.0,0.2521600877192982,0.0217404599682742,228.0,2.790138282099986,0.0988065381317187,0.111514500398345,0.0145173604745375,17.193277460196374,2.6565409577195083,"The MAGEE1 gene, belonging to the MAGE (Melanoma Antigen Gene) family, has been implicated in various cancers, primarily due to its expression in malignant tissues. It encodes a protein that is thought to play a role in tumorigenesis by influencing cell proliferation and apoptosis. The mechanism may involve the modulation of pathways related to cell cycle regulation and immune evasion, as MAGE proteins can act as tumor antigens, evoking immune responses. Additionally, MAGEE1 may interact with cellular factors involved in transcriptional regulation, affecting gene expression profiles that facilitate cancer progression. Overall, its involvement in these processes positions MAGEE1 as a potential contributor to the oncogenic landscape.",0
LAIR2,459,0.4285714285714285,0.1428571428571428,0.0,0.2857142857142857,0.0,1.0,0.1428571428571428,0.0,0.8982265179691364,0.0,0.5,1.0,0.7163323782234957,1.0,0.5288207297726071,0.8657354784115919,819283.1,601.0,-0.004121918,6.017360741428635e-07,2.0,0.0,0.0,0.0,0.0,0.0,0.0,1.0,0.0,0.0,0.0,0.0,0.0,2.0,1.0,0.0,0.0,0.0,0.0,2.0,1.0,0.0,1.0,0.0,0.0,0.0,6.0,0.0,7.0,12.301,196.5783288,16.497487954634778,0.9295293385935124,0.2778696019900497,0.0341286154278407,201.0,-0.2667313924050633,0.0258228313088769,158.0,0.2729675487465181,0.0304214587163209,359.0,2.112944293847677,0.3888047136495262,0.111514500398345,0.0145173604745375,20.060674391099585,2.322449260305919,"The LAIR2 gene, which encodes a soluble receptor that can modulate immune responses, has been implicated in the tumor microenvironment and cancer progression. It functions by binding to type I collagen and has been shown to antagonize LAIR1, a receptor that inhibits T cell activation. This interplay can influence the immune evasion of tumors, allowing cancer cells to avoid detection and destruction by the immune system. Additionally, aberrant expression of LAIR2 may alter the extracellular matrix composition, affecting tumor cell behavior, migration, and metastasis. These mechanisms suggest a potential role for LAIR2 in modifying immune responses and tumor biology, although further research is necessary to fully elucidate its precise contributions to cancer.",0
GOLGA3,4497,0.22,0.08,0.04,0.6,0.0,1.0,0.04,0.02,0.9149517663349322,0.0,2.5,3.25,0.0462513297257296,1.0,0.3355704697986577,0.7019876847373534,649122.9543319192,444.4009897808343,0.0198885680771551,8.589434038075403e-05,22.0,0.0,0.0,0.0,0.0,0.0,0.0,2.0,0.0,0.0,1.0,0.0,1.0,25.0,4.0,0.0,0.0,0.0,0.0,11.0,5.0,0.0,3.0,0.0,0.0,0.0,46.0,0.0,44.0,17.85886957,123.1074022,25.31624443051401,0.3619798426558198,0.2638164016874681,0.0370683991865753,190.13201675643327,-0.2623792743604192,0.0349935889004216,187.6534410532616,0.2724842722630945,0.0397860230283488,377.6466786355476,3.6970768600249024,0.0077820392638465,0.0745451847355278,0.0060079795591708,23.32894866703015,0.7879865358833305,"The GOLGA3 gene, which encodes a member of the Golgin family of proteins involved in Golgi apparatus function and trafficking, has been implicated in various cellular processes, including cell proliferation and survival. Dysregulation of GOLGA3 expression has been observed in several cancer types, suggesting a potential link to tumorigenesis. One proposed mechanism involves the interaction of GOLGA3 with signaling pathways that regulate cell growth, apoptosis, and metastatic behavior, possibly through modulation of vesicular transport and protein sorting. Furthermore, alterations in GOLGA3 may influence the tumor microenvironment and contribute to malignancy by affecting the secretion of extracellular matrix components and growth factors. Overall, while the exact mechanisms remain to be fully elucidated, evidence suggests a role for GOLGA3 in cancer biology.",0
TCTE3,597,0.2,0.0,0.0,0.8,0.0,1.0,0.0,0.0,1.0,0.0,2.0,2.0,1.0,1.0,0.068747421971676,0.2528059976441873,233648.5,447.0,0.0028180429999999,0.0,0.0,0.0,0.0,0.0,0.0,0.0,0.0,0.0,0.0,0.0,0.0,0.0,0.0,4.0,0.0,0.0,0.0,0.0,0.0,1.0,0.0,0.0,0.0,0.0,0.0,0.0,5.0,0.0,5.0,18.4644,61.6892368,21.88701420269522,1.8204614569819408,0.2558095098039215,0.0352324771155989,102.0,-0.2832671586715866,0.0246481841078229,271.0,0.2757586327077745,0.027605809169362,373.0,1.9917639622145844,0.2213208316445018,0.0406629441309322,0.0106373210615421,20.060674391099585,2.322449260305919,"The relationship between the TCTE3 gene and cancer is currently not well-established in the scientific literature. However, if we consider TCTE3's potential roles in cellular processes, it may be implicated in mechanisms related to cellular proliferation or stress response, which can be relevant in cancer biology. For instance, genes involved in cell cycle regulation or cellular stress responses can influence oncogenesis when dysregulated. Further research is necessary to elucidate any direct links or mechanistic pathways involving TCTE3 and cancer development or progression.",0
EDC3,1527,0.25,0.0,0.0,0.75,0.0,1.0,0.0,0.0,1.0,0.0,2.0,2.0,1.0,1.0,0.1536806516059628,0.441505843017189,635019.7,206.0,0.0508516,7.499121033213882e-05,25.0,0.0,0.0,0.0,0.0,0.0,0.0,0.0,0.0,0.0,0.0,0.0,2.0,6.0,0.0,0.0,0.0,0.0,0.0,2.0,0.0,0.0,0.0,0.0,0.0,0.0,10.0,0.0,9.0,18.0609,127.2334139,24.58595076377338,0.1483170874850775,0.2311992391304347,0.0191689009565575,92.0,-0.2581111788617888,0.0229084513206454,246.0,0.2507860355029587,0.0219745859925447,338.0,3.4130385701563366,0.0047837379435463,0.0675247503589643,0.0129876795086191,24.33043205161776,0.8155031782869281,"The EDC3 gene encodes a protein involved in mRNA processing and degradation, playing a crucial role in the regulation of gene expression. Its potential relationship with cancer may arise from the gene's function in controlling the stability of transcripts, including those that encode for proteins involved in cell proliferation, apoptosis, and other cellular processes that can influence tumorigenesis. Dysregulation of EDC3 could lead to altered expression of oncogenes or tumor suppressor genes, thereby contributing to the development or progression of cancer. Additionally, disruptions in mRNA turnover can affect the cellular response to stress and the regulation of signaling pathways implicated in cancer. However, the precise mechanisms linking EDC3 to specific cancer types remain to be fully elucidated.",0
ANKRD54,903,0.3333333333333333,0.0,0.0,0.6666666666666666,0.0,1.0,0.0,0.0,1.0,0.0,1.0,1.0,1.0,1.0,0.2912904165452956,0.6505780700482248,1385064.0,203.0,0.06614805,7.2513897783123e-07,3.0,0.0,0.0,1.0,0.0,0.0,0.0,0.0,0.0,0.0,0.0,0.0,2.0,1.0,0.0,0.0,0.0,0.0,0.0,1.0,1.0,0.0,0.0,0.0,0.0,0.0,6.0,0.0,6.0,13.65516667,186.4333578,23.324594245749843,0.7349018704170923,0.2384967164179104,0.0222531958613174,134.0,-0.292469890909091,0.0256192445186011,275.0,0.2747867481662592,0.025102481050429,408.0,3.293685912990561,0.0043497273628757,0.090188592322643,0.0113383383192291,24.78962921789746,0.9706387949579132,"The ANKRD54 gene has been implicated in various cancer-related processes, although the exact nature of this relationship remains under investigation. This gene encodes a protein that may play a role in cellular signaling pathways and transcriptional regulation, potentially affecting cell proliferation and apoptosis. Dysregulation of ANKRD54 can alter these pathways, contributing to oncogenic processes. Additionally, its expression patterns may correlate with tumor progression and metastasis in certain cancer types, suggesting a role in the modulation of the tumor microenvironment and interactions with other signaling molecules. Further research is needed to elucidate the specific mechanisms by which ANKRD54 may contribute to cancer development and progression.",0
C1QL2,864,0.125,0.1875,0.0,0.6875,0.0,1.0,0.0,0.0,0.9257048827786958,0.0,3.6666666666666665,4.666666666666667,0.0173277191523279,1.0,0.9140767824497258,0.9961980840948716,169866.0,574.0,0.01033035,0.0,0.0,0.0,0.0,0.0,0.0,0.0,0.0,0.0,0.0,0.0,0.0,0.0,0.0,11.0,3.0,0.0,0.0,0.0,0.0,2.0,0.0,0.0,0.0,1.0,0.0,0.0,15.0,0.0,15.0,25.0098,107.7368906,21.88701420269522,1.8204614569819408,0.2073208333333333,0.0098725391037709,180.0,-0.2664908955223881,0.0655757791385798,67.0,0.2233710121457491,0.0254720737270201,247.0,0.7513596799503525,0.9572108229364202,0.2708345624254352,0.0464291995487709,20.060674391099585,2.322449260305919,"The C1QL2 gene has been implicated in various biological processes, including neural development and synaptic function, but its direct relationship with cancer is not well-established. However, emerging studies suggest that alterations in its expression may influence tumor microenvironments or contribute to immune evasion. Mechanistically, changes in C1QL2 levels could affect the extracellular matrix and cell signaling pathways that modulate tumor growth, invasion, and metastasis. Additionally, since C1QL2 is involved in synaptic regulation, it may play a role in the interplay between neuronal and non-neuronal cells within tumor contexts, potentially impacting cancer progression through neuroimmune modulation. As research continues, a clearer understanding of its role in tumor biology may emerge.",0
NDUFS2,1392,0.3,0.0,0.1,0.5,0.0,1.0,0.1,0.0,0.939794000867204,0.0,1.25,1.75,0.3996802557953637,1.0,0.6042296072507553,0.908641092948052,728669.0,234.0,0.03749509,0.0001047296827778,40.0,0.0,0.0,0.0,0.0,0.0,0.0,0.0,1.0,0.0,0.0,0.0,0.0,6.0,0.0,0.0,0.0,0.0,0.0,2.0,2.0,0.0,0.0,1.0,1.0,0.0,9.0,0.0,11.0,21.336,118.696004,25.68315262492893,0.1279740975693961,0.2932540740740741,0.0321406564638063,405.0,-0.1874474193548387,0.0073053953664516,31.0,0.2857311238532111,0.0310950764182742,436.0,3.619698236822008,0.0030953204807715,0.0741918053073462,0.008242652255727,20.060674391099585,2.322449260305919,"The NDUFS2 gene encodes a component of the mitochondrial NADH dehydrogenase complex, which plays a crucial role in the electron transport chain and energy production. Dysregulation or mutations in NDUFS2 may impact mitochondrial function, leading to increased reactive oxygen species (ROS) generation and altered metabolic pathways, which are often associated with cancer. Impaired mitochondrial respiration can result in a shift towards aerobic glycolysis, a hallmark of cancer known as the Warburg effect. Additionally, the accumulation of ROS can induce genomic instability, promote tumorigenesis, and enhance survival in hypoxic tumor microenvironments. Therefore, alterations in NDUFS2 expression or function may contribute to the development and progression of various cancers through these metabolic and signaling disruptions.",0
SIRT6,1068,0.1818181818181818,0.0,0.0909090909090909,0.5454545454545454,0.0,1.0,0.1818181818181818,0.0,0.8750481154569111,0.0,2.0,3.0,0.3445899379738112,1.0,0.835421888053467,0.9856461374902558,2256881.0,244.0,0.04223166,0.0001464866706848,110.0,0.0,0.0,0.0,0.0,0.0,0.0,1.0,1.0,0.0,0.0,0.0,0.0,6.0,0.0,0.0,0.0,0.0,0.0,2.0,1.0,0.0,1.0,0.0,1.0,0.0,9.0,0.0,11.0,12.55744444,161.2591718,21.734206779376542,0.7097141040978414,0.2508201626016261,0.016203617960629,123.0,-0.2635262453531599,0.0260321847705515,269.0,0.2595393877551019,0.0229337435673991,392.0,3.177871063002333,0.0106075522063814,0.0597230091073411,0.0087200373252102,24.130095241647272,0.5109429448963425,"Yes, there is a relationship between the SIRT6 gene and cancer. SIRT6 is a member of the sirtuin family of proteins, which are known to regulate various cellular processes, including DNA repair, inflammation, and metabolism. Alterations in SIRT6 expression have been implicated in tumorigenesis, where decreased levels may lead to genomic instability and increased susceptibility to cancer. Mechanistically, SIRT6 promotes DNA repair by enhancing the signaling of key proteins involved in the DNA damage response, while also repressing inflammatory pathways that can contribute to a tumorigenic environment. Moreover, SIRT6 has been observed to modulate cellular metabolism, influencing energy homeostasis and oxidative stress, both of which are critical factors in cancer progression. Overall, functional dysregulation of SIRT6 may contribute to the development and progression of various cancers through its diverse roles in maintaining genomic integrity and cellular homeostasis.",0
LCE3B,288,0.6666666666666666,0.0,0.0,0.3333333333333333,0.0,1.0,0.0,0.0,1.0,0.0,0.3333333333333333,0.3333333333333333,1.0,1.0,1.0,1.0,285984.0,752.0,0.01746765,0.0,0.0,0.0,0.0,0.0,0.0,0.0,0.0,0.0,0.0,0.0,0.0,0.0,0.0,1.0,0.0,0.0,0.0,0.0,0.0,2.0,0.0,0.0,0.0,0.0,0.0,0.0,3.0,0.0,3.0,5.489666667,22.75295633,21.88701420269522,1.8204614569819408,0.3111237994722957,0.0425797381178009,379.0,-0.1782226315789473,0.0058209429226173,38.0,0.2990129016786572,0.0406743660562234,417.0,0.0196618102010564,0.0283500258018011,0.111514500398345,0.0145173604745375,20.060674391099585,2.322449260305919,"Yes, there is a relationship between the LCE3B gene and cancer. The LCE3B gene is part of the late cornified envelope (LCE) family, which plays roles in keratinocyte proliferation and differentiation, and it is located in a region of the genome associated with susceptibility to skin cancers. Alterations in LCE3B expression can lead to dysregulation of keratinocyte functions, promoting a tumorigenic environment. Mechanistically, reduced expression of LCE3B may impair the skin's barrier function and increase inflammation, facilitating a microenvironment conducive to tumor development through enhanced proliferation and decreased apoptosis of keratinocytes. Additionally, copy number variations affecting the LCE3B gene may influence individual susceptibility to skin carcinogenesis, particularly in the context of UV exposure.",0
FXYD5,537,0.0,0.0,0.0,1.0,0.0,1.0,0.0,0.0,1.0,0.0,3.0,3.0,1.0,1.0,0.0648004147226542,0.2421230738467747,745516.2,357.0,-0.00920416,0.0,0.0,0.0,0.0,0.0,0.0,0.0,0.0,0.0,0.0,0.0,0.0,0.0,5.0,3.0,0.0,0.0,0.0,0.0,0.0,0.0,0.0,0.0,0.0,0.0,0.0,0.0,8.0,0.0,8.0,10.32725,129.9504411,21.88701420269522,1.8204614569819408,0.3257406986899563,0.0660880939775798,229.0,-0.3051311842105262,0.0530085387681248,152.0,0.3175185301837268,0.0608188946136234,381.0,3.427810007159611,0.0266364746400598,0.0762381273120855,0.0115196503274333,20.060674391099585,2.322449260305919,"The FXYD5 gene, part of the FXYD family of ion transport regulators, has been implicated in various cellular processes, including ion homeostasis and cell signaling. While the direct relationship between FXYD5 and cancer is not fully established, some studies suggest that altered expression of this gene may influence tumor behavior by modulating cell proliferation, migration, and apoptosis. FXYD5 has been shown to impact the functionality of sodium-potassium ATPase, which can affect cellular ion balance and, consequently, the tumor microenvironment. Moreover, dysregulation of ion transport mechanisms is often associated with cancer cell invasiveness and metastasis, indicating a potential link between FXYD5 expression levels and cancer progression. Further research is needed to elucidate the specific roles and mechanisms involved.",0
DSC3,2691,0.1111111111111111,0.1111111111111111,0.0,0.5925925925925926,0.0,1.0,0.1851851851851851,0.0,0.7974793383597794,0.0,4.0,6.0,0.4262574595055413,1.0,0.724112961622013,0.9578623276083672,204822.7,521.0,-0.02513126,2.1132586917393187e-06,8.0,0.0,0.0,0.0,0.0,0.0,0.0,3.0,2.0,0.0,0.0,0.0,0.0,16.0,3.0,0.0,0.0,0.0,0.0,3.0,0.0,0.0,3.0,0.0,2.0,0.0,22.0,0.0,22.0,18.05722727,145.5179542,22.803160897234307,9.805556668197369,0.3201017088607594,0.0835203344690357,158.0,-0.2611959731543622,0.018421095135245,298.0,0.2816062938596489,0.0416308542506299,456.0,3.177723817844103,0.2622113100140749,0.2297123416375759,0.0338606319653357,22.040614334373604,9.182982610567253,"Yes, there is a relationship between the DSC3 gene and cancer. DSC3 encodes a protein that is part of the desmosome, a structure critical for cell adhesion and tissue integrity. Alterations in the expression or function of DSC3 can disrupt cell-cell adhesion, potentially leading to increased cellular motility and invasion, hallmarks of cancer progression. Additionally, changes in desmosomal proteins, including DSC3, may contribute to epithelial-to-mesenchymal transition (EMT), a process often implicated in tumor metastasis. Furthermore, the gene may be involved in pathways that regulate cellular responses to stress or tissue remodeling, further influencing tumorigenesis. Its dysregulation may therefore impact tumor growth and metastasis in various cancer types.",0
SV2A,2229,0.1724137931034483,0.0344827586206896,0.0,0.6896551724137931,0.0,1.0,0.1034482758620689,0.0,0.9432146669074662,0.0,3.333333333333333,4.0,0.8826125330979699,1.0,0.5656108597285068,0.8879236222938075,798975.2,560.0,0.01661897,4.321131444434138e-06,5.0,0.0,0.0,0.0,0.0,0.0,0.0,3.0,0.0,0.0,0.0,0.0,0.0,20.0,1.0,0.0,0.0,0.0,0.0,5.0,0.0,0.0,3.0,0.0,0.0,0.0,26.0,0.0,28.0,21.471,74.15737608,22.097309609389573,16.595576581555175,0.311718170103093,0.0415453692511647,388.0,-0.1768497674418604,0.0063750358689922,43.0,0.298262621809745,0.0396509860212496,431.0,3.037263550808829,0.0923115799360549,0.111514500398345,0.0145173604745375,19.692871133785285,25.98006750025976,"The SV2A gene encodes a synaptic vesicle protein involved in neurotransmitter release and synaptic transmission. While it is primarily studied in the context of neurobiology, emerging research suggests potential links between SV2A and cancer, particularly through its role in modulating cellular processes such as vesicular trafficking and synaptic signaling, which can influence tumor microenvironments. Dysregulation of SV2A may affect the communication between tumor cells and surrounding stromal cells, possibly impacting cell proliferation, apoptosis, and metastatic potential. Additionally, SV2A's involvement in the release of neuropeptides and signaling molecules could shift the balance in tumor development and progression by altering the neuroimmune interactions critical in the tumor microenvironment. However, direct connections between SV2A expression and specific cancer phenotypes or pathways require further investigation to clarify its role in tumor biology.",0
OR5I1,945,0.3333333333333333,0.0,0.0,0.6666666666666666,0.0,1.0,0.0,0.0,1.0000000000000002,0.0,1.8,1.8,1.0,1.0,0.3599712023038157,0.727765026757434,4262.231,1044.0,-0.03951915,0.0,0.0,0.0,0.0,0.0,0.0,0.0,0.0,0.0,0.0,0.0,0.0,0.0,0.0,18.0,0.0,0.0,0.0,0.0,0.0,9.0,0.0,0.0,0.0,0.0,0.0,0.0,27.0,0.0,25.0,11.02022222,58.09770879,21.88701420269522,1.8204614569819408,0.2112687671232876,0.0313334866439867,146.0,-0.2619743548387097,0.0317180642247836,124.0,0.2345557777777778,0.032033723312218,270.0,0.0043068202577819,0.0049481419515858,0.111514500398345,0.0145173604745375,20.060674391099585,2.322449260305919,"The relationship between the OR5I1 gene and cancer is not well-established, but emerging evidence suggests potential mechanisms worth exploring. OR5I1, a member of the olfactory receptor gene family, may influence cancer progression through its role in sensory signaling pathways that can affect tumor microenvironment interactions. Aberrant expression of olfactory receptors, including OR5I1, has been implicated in modulating cell proliferation, apoptosis, and angiogenesis, which are critical processes in tumorigenesis. Additionally, changes in the expression of olfactory receptors can impact immune cell behavior and inflammatory responses, potentially creating a favorable microenvironment for tumor development. However, further research is needed to clearly delineate these associations and their implications in specific cancer types.",0
FCAR,864,0.2272727272727272,0.0909090909090909,0.0,0.6818181818181818,0.0,1.0,0.0,0.0,0.979614197798402,0.0,2.5,2.833333333333333,0.5440696409140371,1.0,0.78125,0.9741094358840046,914047.2,573.0,-0.01931642,4.101663367264983e-06,5.0,0.0,0.0,0.0,0.0,1.0,0.0,0.0,0.0,0.0,0.0,0.0,0.0,15.0,2.0,0.0,0.0,0.0,0.0,4.0,1.0,0.0,0.0,0.0,0.0,0.0,23.0,0.0,20.0,7.57026087,89.39199957,19.432932791891844,2.564344483566948,0.2839067647058824,0.0368113808692842,204.0,-0.2635322929936305,0.0262320505806059,157.0,0.2750458448753464,0.0322270546260203,361.0,2.820828442545479,0.3934850200603906,0.111514500398345,0.0145173604745375,20.060674391099585,2.322449260305919,"The FCAR gene, which encodes a receptor involved in immune response modulation, has been implicated in various cancer contexts due to its role in immune system regulation. Dysregulation of the FCAR pathway may influence tumor microenvironment dynamics and immune evasion mechanisms. There is evidence suggesting that altered expression of immune receptors can affect the infiltration of immune cells into tumors and their subsequent activation status, potentially facilitating or hindering cancer progression. Furthermore, FCAR's interactions with immune cells can impact antibody-mediated responses, which may influence tumor antigen recognition and immune surveillance. Consequently, the interplay between FCAR signaling and cancer biology warrants further investigation to fully elucidate its potential roles and mechanisms in tumorigenesis.",0
FAAH,1740,0.5,0.0,0.0,0.5,0.0,1.0,0.0,0.0,1.0,0.0,0.75,0.75,1.0,1.0,0.6531678641410843,0.9313658502126366,597666.8,255.0,0.02766095,5.7639512033489e-07,2.0,0.0,0.0,0.0,0.0,0.0,0.0,0.0,0.0,0.0,0.0,0.0,0.0,3.0,0.0,0.0,0.0,0.0,1.0,3.0,0.0,0.0,0.0,0.0,0.0,0.0,7.0,0.0,7.0,15.07114286,83.92159081,22.64638010946696,1.571717003256223,0.2535084251968503,0.0325316308308336,127.0,-0.2327899408284024,0.0140297795553536,169.0,0.2416792905405402,0.0219902163767831,296.0,3.267782883895741,0.0357745287947669,0.1911939155364315,0.0241452826338489,15.203051629111863,1.926970750760232,"Yes, there is a relationship between the FAAH gene and cancer. Fatty acid amide hydrolase (FAAH) is involved in the degradation of endocannabinoids and fatty acid amides, which play crucial roles in various physiological processes, including inflammation and apoptosis. Dysregulation of FAAH expression or activity can influence the levels of these bioactive lipids, potentially affecting tumorigenesis, tumor growth, and metastasis. For instance, increased FAAH activity can lead to reduced endocannabinoid signaling, which may alter the microenvironment of tumors and promote cancer cell survival and proliferation. Moreover, FAAH is linked to the modulation of pain pathways and the immune response, both of which are critical in the context of cancer progression and therapeutic resistance. Thus, FAAH represents a significant biomarker and potential player in the cancer biology landscape.",0
CSF2,435,0.0,0.0,0.3333333333333333,0.6666666666666666,0.0,1.0,0.0,0.0,1.0,0.0,2.0,3.0,0.1310959622443628,1.0,0.5313496280552603,0.867340616983628,362855.1,407.0,0.0211507999999999,7.1934039665986615e-06,12.0,0.0,0.0,0.0,0.0,0.0,0.0,0.0,0.0,0.0,0.0,0.0,0.0,2.0,0.0,0.0,0.0,0.0,0.0,0.0,1.0,0.0,0.0,0.0,0.0,0.0,3.0,0.0,3.0,16.36766667,209.2945363,21.88701420269522,1.8204614569819408,0.2613442352941175,0.0143891685263348,170.0,-0.2518912244897959,0.01802470958456,245.0,0.2557635421686747,0.0165187605301763,415.0,1.5563137829382003,1.0541857107819064,0.111514500398345,0.0145173604745375,20.060674391099585,2.322449260305919,"Yes, there is a relationship between the CSF2 gene, which encodes granulocyte-macrophage colony-stimulating factor (GM-CSF), and cancer. GM-CSF plays a crucial role in hematopoiesis and the regulation of immune responses, particularly in the differentiation and activation of macrophages and dendritic cells. Elevated levels of GM-CSF have been observed in various tumors, where it can contribute to the tumor microenvironment by promoting inflammation, enhancing angiogenesis, and facilitating immune evasion. This cytokine can potentially skew the immune response toward a tumor-promoting phenotype by supporting the survival and function of myeloid-derived suppressor cells (MDSCs) and regulatory T cells (Tregs), which can inhibit effective anti-tumor immunity. Additionally, GM-CSF may influence the growth and metastasis of cancer cells through interactions with various signaling pathways, including those involved in cell proliferation and survival.",0
RNF111,2988,0.1818181818181818,0.0454545454545454,0.1363636363636363,0.5,0.0,1.0,0.1363636363636363,0.0,0.7793085602707834,0.0,2.2,3.6,0.1156604210039324,1.0,0.7122507122507122,0.9539354028515808,591201.3,230.0,0.03102055,0.000227097833846,52.0,0.0,0.0,0.0,0.0,0.0,0.0,1.0,2.0,0.0,0.0,0.0,0.0,11.0,0.0,0.0,0.0,0.0,0.0,4.0,4.0,0.0,1.0,0.0,2.0,0.0,19.0,0.0,16.0,25.57536842,119.0138742,17.072648015300317,4.367921737270591,0.2049179710144926,0.0123618703134697,69.0,-0.2623134572490706,0.0204854228100177,269.0,0.250596627218935,0.0193222586158902,338.0,3.478814744502265,0.0039139437009764,0.0790782757500395,0.0086374301292736,15.128010794308624,1.366010250115094,"Yes, there is a relationship between the RNF111 gene and cancer. RNF111, an E3 ubiquitin ligase, plays a critical role in regulating various cellular processes, including DNA damage response and cell cycle progression. Alterations in RNF111 expression or function can disrupt these processes, leading to genomic instability, a hallmark of cancer. Additionally, RNF111 has been implicated in the modulation of oncogenic pathways and the regulation of tumor suppressors. Hence, aberrations in RNF111 may contribute to tumorigenesis and cancer progression through mechanisms such as impaired protein degradation, altered signaling pathways, and destabilization of genome integrity.",0
OR6C75,939,0.1904761904761904,0.0476190476190476,0.0,0.4285714285714285,0.0,1.0,0.3333333333333333,0.0,0.7398054300606249,0.0,1.8,3.4,0.4297378599054577,1.0,0.4614674665436087,0.8183404349581088,667726.2,802.0,-0.01433464,0.0,0.0,0.0,0.0,0.0,0.0,0.0,0.0,7.0,0.0,0.0,0.0,0.0,0.0,9.0,1.0,0.0,0.0,0.0,0.0,4.0,0.0,0.0,7.0,0.0,0.0,0.0,14.0,0.0,16.0,18.63157143,96.70463134,21.88701420269522,1.8204614569819408,0.2360801257861635,0.0212683608759334,159.0,-0.2360178181818181,0.0200663063933611,110.0,0.2360546468401486,0.0207001069689979,269.0,1.0968384007840513,0.6940874627000989,0.111514500398345,0.0145173604745375,20.060674391099585,2.322449260305919,"The relationship between the OR6C75 gene and cancer is currently unknown. While OR6C75 is primarily classified as an olfactory receptor gene, which typically plays roles in smell perception, emerging research suggests that olfactory receptors may also be involved in various biological processes beyond the olfactory system. Some studies indicate that certain olfactory receptors can influence cell signaling pathways, potentially affecting cell proliferation, survival, and differentiation. However, specific mechanisms linking OR6C75 to oncogenesis or tumor progression have not been established, and further investigation is necessary to elucidate any potential role in cancer biology.",0
MRPL24,651,0.3333333333333333,0.1666666666666666,0.0,0.5,0.0,1.0,0.0,0.0,1.0,0.0,1.0,1.3333333333333333,0.4364906154517677,1.0,0.99601593625498,0.9999920530573082,1649536.0,208.0,0.05292156,7.591993757445221e-05,50.0,0.0,0.0,0.0,0.0,0.0,0.0,0.0,0.0,0.0,0.0,0.0,0.0,3.0,1.0,0.0,0.0,0.0,0.0,1.0,1.0,0.0,0.0,0.0,0.0,0.0,6.0,0.0,6.0,21.31666667,56.81366667,24.31266819188008,0.2029247514900128,0.2926895618556702,0.0272352456812028,388.0,-0.1789879487179486,0.006008794679892,39.0,0.2823046370023421,0.0263533285615463,427.0,3.462934376535562,0.0070292603979671,0.08883647686431,0.0106029290215908,13.735647784088062,1.3909830310752418,"The MRPL24 gene encodes a mitochondrial ribosomal protein that is essential for mitochondrial protein synthesis and overall mitochondrial function. Dysregulation of mitochondrial function has been implicated in various cancer processes, including altered energy metabolism, increased reactive oxygen species (ROS) production, and evasion of apoptosis. The role of MRPL24 in maintaining mitochondrial integrity may influence tumorigenesis by affecting the stability of mitochondrial DNA and the regulation of apoptosis. Additionally, aberrant expression levels of mitochondrial ribosomal proteins like MRPL24 may contribute to cancer cell proliferation and survival through mechanisms related to metabolic reprogramming and cellular stress responses. However, further research is needed to fully elucidate the specific relationship between MRPL24 and cancer.",0
RASSF6,1110,0.2,0.2,0.2,0.4,0.0,1.0,0.0,0.0,0.8277293767706428,0.0,1.0,2.0,0.093562874251497,1.0,0.6666666666666666,0.9369767387387764,351983.7,573.0,0.0284543,6.0556647697408505e-06,8.0,0.0,0.0,0.0,0.0,0.0,0.0,0.0,0.0,0.0,0.0,0.0,1.0,2.0,1.0,0.0,0.0,0.0,0.0,1.0,1.0,0.0,0.0,0.0,0.0,0.0,6.0,0.0,6.0,20.62916667,245.517117,21.092445156585047,2.334920750520395,0.2625813846153844,0.0337381187562075,130.0,-0.2378405365853658,0.0167711836903969,205.0,0.2474414626865672,0.0234198607137223,335.0,3.131548052521252,0.4129368678799435,0.0704235629017308,0.0090570080646481,21.64232518716843,2.92190842906958,"Yes, there is a relationship between the RASSF6 gene and cancer. RASSF6 is a member of the Ras association domain family, which plays a role in regulating cell growth, apoptosis, and the cell cycle. Alterations in RASSF6 expression or function can lead to dysregulation of these processes, contributing to tumorigenesis. Specifically, RASSF6 has been implicated in pathways associated with cell proliferation and survival, where it may act as a tumor suppressor in certain contexts. Loss of RASSF6 expression has been observed in various cancers, leading to increased cell proliferation and evasion of apoptosis. Additionally, RASSF6 may modulate signaling pathways involving Ras and other kinases, further linking it to cancer progression and metastasis. Thus, disturbances in RASSF6 may impact key cellular mechanisms, promoting oncogenesis.",0
M1AP,1593,0.4166666666666667,0.0,0.0833333333333333,0.4166666666666667,0.0,1.0,0.0833333333333333,0.0,0.953509509058145,0.0,0.8333333333333334,1.1666666666666667,0.6872852233676976,1.0,0.6289308176100629,0.9205874315925408,996981.0,278.0,0.05033325,1.40323620216084e-07,4.0,0.0,0.0,0.0,0.0,0.0,0.0,1.0,0.0,0.0,0.0,0.0,0.0,5.0,0.0,0.0,0.0,0.0,0.0,5.0,1.0,0.0,1.0,0.0,0.0,0.0,11.0,0.0,11.0,15.14936364,103.0907653,21.88701420269522,1.8204614569819408,0.2350631277533038,0.0172425267127402,226.0,-0.2127902222222223,0.0131767012567676,45.0,0.2313782720588235,0.0165875141582578,271.0,2.5306835917267945,0.1856277550351024,0.5764521032396881,0.0344181404019831,20.060674391099585,2.322449260305919,"The M1AP gene, which plays a role in meiosis and cell division, has been implicated in cancer in some studies. Its expression may influence cellular processes such as proliferation, apoptosis, and genomic stability. Dysregulation of M1AP could potentially contribute to tumorigenesis by affecting the fidelity of chromosomal segregation during cell division, leading to aneuploidy and genomic instability, common features in many cancers. Additionally, altered expression levels of M1AP might be associated with the modulation of tumor microenvironment interactions, impacting cancer progression and metastasis. However, more research is needed to fully elucidate the mechanisms involved and the extent of its involvement in various cancer types.",0
FBXO41,2628,0.44,0.0,0.0,0.56,0.0,1.0,0.0,0.0,1.0,0.0,1.1666666666666667,1.1666666666666667,1.0,1.0,0.8278145695364238,0.984243459861443,536943.8,452.0,0.02005581,0.0,1.0,0.0,2.0,0.0,0.0,0.0,0.0,0.0,0.0,0.0,0.0,0.0,0.0,14.0,0.0,0.0,0.0,0.0,0.0,11.0,0.0,0.0,0.0,0.0,0.0,0.0,27.0,0.0,23.0,16.26014815,135.4432306,23.61790490178412,0.2663967453805805,0.2379709691629955,0.0202652587565786,227.0,-0.2150771111111112,0.0140705743982828,45.0,0.2341833823529411,0.0192573338903625,272.0,3.215646164721064,0.0316093504473006,0.0608531815236233,0.0115671338086817,18.828866061772267,6.433287268725159,"The FBXO41 gene encodes a member of the F-box protein family, which is involved in the ubiquitin-proteasome system, a critical pathway for regulating protein degradation and cellular processes. Alterations in FBXO41 expression or function can disrupt normal protein turnover, potentially leading to the accumulation of oncogenic proteins or loss of tumor suppressors. Studies have indicated that FBXO41 may play a role in cell proliferation and survival, suggesting that its dysregulation could contribute to tumorigenesis. Additionally, FBXO41's involvement in modulating key signaling pathways, such as those related to cell cycle progression and apoptosis, further highlights its potential relevance in cancer biology. However, the exact mechanisms linking FBXO41 to specific cancer types require further investigation to elucidate its role in tumorigenesis comprehensively.",0
SLC40A1,1716,0.1428571428571428,0.0,0.0714285714285714,0.7142857142857143,0.0,1.0,0.0714285714285714,0.0,0.9624786378518296,0.0,3.333333333333333,4.0,0.7412898443291327,1.0,0.2295684113865932,0.5673907725139382,446631.3,511.0,-0.0017389229999999,0.0,0.0,0.0,1.0,1.0,0.0,0.0,0.0,0.0,1.0,0.0,0.0,0.0,0.0,10.0,0.0,0.0,0.0,0.0,0.0,1.0,2.0,0.0,0.0,0.0,1.0,0.0,15.0,0.0,15.0,21.262,65.91505943,19.05191592944317,1.9619902089418768,0.2345500970873785,0.0183576170643807,206.0,-0.2309897014925374,0.0183383709362731,67.0,0.2336763003663003,0.0182878119807476,273.0,3.740952903362024,0.0233737114913623,0.0546751605533361,0.007768500896388,20.060674391099585,2.322449260305919,"The SLC40A1 gene encodes a protein involved in the transport of iron, specifically facilitating its export from cells. Dysregulation of iron metabolism has been implicated in cancer progression and metastasis. Several studies suggest that aberrant expression of SLC40A1 may contribute to a tumor’s ability to thrive in iron-rich environments, promoting cancer cell proliferation and survival. Elevated iron levels can enhance reactive oxygen species (ROS) generation, leading to increased genomic instability and tumorigenesis. Additionally, altered SLC40A1 activity may influence the tumor microenvironment and immune response, further mediating cancer development. Thus, the interplay between SLC40A1 and iron homeostasis presents several potential mechanisms by which this gene may be related to cancer biology.",0
SURF2,771,0.1666666666666666,0.0,0.0,0.6666666666666666,0.0,1.0,0.1666666666666666,0.0,0.8710490642551527,0.0,2.0,2.5,1.0,1.0,0.7052186177715092,0.9515144062834524,1827885.0,416.0,0.02751607,0.0001022792756265,54.0,0.0,0.0,1.0,0.0,0.0,0.0,1.0,0.0,0.0,0.0,0.0,0.0,4.0,0.0,0.0,0.0,0.0,0.0,1.0,0.0,0.0,1.0,0.0,0.0,0.0,6.0,0.0,7.0,9.086833333,83.01411977,21.89754952053279,0.9904495237657788,0.2504748591549296,0.0162941972634552,142.0,-0.2446183524904215,0.0166985504507367,261.0,0.2466819354838711,0.0165230328793291,403.0,3.125805484795115,0.0100830057172324,0.034184651506498,0.0073440645734648,21.75879803294529,1.6623024193674871,"The SURF2 gene, involved in mitochondrial function and energy metabolism, has been implicated in cancer through its role in regulating oxidative stress and apoptosis. Dysregulation of SURF2 expression may lead to altered mitochondrial dynamics, potentially causing increased reactive oxygen species (ROS) production. Elevated ROS levels can contribute to genomic instability and promote cancer cell proliferation and survival. Furthermore, aberrant expression of SURF2 may affect the function of mitochondrial respiration complexes, thereby influencing metabolic pathways that support tumor growth. Understanding these mechanisms is crucial for elucidating the broader implications of SURF2 in cancer biology.",0
KIAA1143,465,0.25,0.0,0.25,0.5,0.0,1.0,0.0,0.0,1.0,0.0,1.0,1.5,0.1899335232668566,1.0,0.7429420505200595,0.9636977943703834,433853.3,426.0,0.02702546,1.355598501150942e-06,4.0,0.0,0.0,0.0,0.0,0.0,0.0,0.0,0.0,0.0,0.0,0.0,0.0,3.0,0.0,0.0,0.0,0.0,0.0,1.0,1.0,0.0,0.0,0.0,0.0,0.0,4.0,1.0,5.0,19.965,120.2337,24.35592040102909,0.8256958822069854,0.2155337719298246,0.0133691880467085,114.0,-0.2784458679706604,0.0230776448429334,409.0,0.2647327151051625,0.0216077607853343,523.0,3.5549914898355905,0.0036892546899417,0.0489850314069567,0.0097472788413407,23.97682997195276,1.6233888972743244,"The KIAA1143 gene has been implicated in various cancer studies, although its precise role remains to be fully elucidated. It has been suggested that KIAA1143 may influence cellular processes such as proliferation, apoptosis, and DNA repair, which are critical in tumorigenesis. For instance, alterations in the expression levels of KIAA1143 could potentially impact pathways related to cell cycle regulation or promote genomic instability, leading to carcinogenesis. Furthermore, emerging evidence suggests that KIAA1143 may interact with other oncogenic proteins or participate in signaling pathways that are aberrantly activated in cancer. However, further research is necessary to clarify the underlying mechanisms and confirm its specific role in different cancer types.",0
GSTA1,669,0.0,0.0,0.0,1.0,0.0,1.0,0.0,0.0,1.0,0.0,2.0,2.0,1.0,1.0,0.2558199027884369,0.6045744657996464,539665.6,498.0,0.01098178,0.000132480763345,14.0,0.0,0.0,0.0,0.0,0.0,0.0,0.0,0.0,0.0,0.0,0.0,1.0,2.0,0.0,0.0,0.0,0.0,0.0,0.0,0.0,0.0,0.0,0.0,0.0,0.0,3.0,0.0,3.0,14.25233333,37.55142633,21.88701420269522,1.8204614569819408,0.2711624999999999,0.0354945534617801,192.0,-0.2307144628099173,0.018329278381584,121.0,0.2555260383386581,0.0291679687182292,313.0,2.525543772180592,1.1583939536332863,0.111514500398345,0.0145173604745375,20.060674391099585,2.322449260305919,"Yes, there is a relationship between the GSTA1 gene and cancer. GSTA1 encodes a member of the glutathione S-transferase (GST) family, which plays a critical role in the detoxification of reactive oxygen species and xenobiotics. Altered expression or polymorphisms in GSTA1 can influence cellular defense mechanisms against oxidative stress, potentially leading to enhanced survival of cancer cells in environments that are otherwise damaging. Moreover, variations in GSTA1 activity could affect the metabolism of chemotherapeutic agents, thereby influencing cancer susceptibility and treatment outcomes. Additionally, the gene's involvement in the detoxification pathways may contribute to the accumulation of carcinogenic compounds, further linking GSTA1 to tumorigenesis.",0
UBXN2A,780,0.0,0.0,0.0,0.6666666666666666,0.0,1.0,0.3333333333333333,0.0,0.8710490642551527,0.0,4.0,6.0,1.0,1.0,0.3409478349812479,0.707816498464137,240935.5,226.0,0.03288759,5.670391522057791e-07,5.0,0.0,0.0,0.0,0.0,0.0,0.0,0.0,2.0,0.0,0.0,0.0,0.0,4.0,0.0,0.0,0.0,0.0,0.0,0.0,0.0,0.0,0.0,0.0,2.0,0.0,4.0,0.0,6.0,17.9225,43.29149167,21.38501251651351,1.026914493026855,0.2403823076923075,0.0185766104432867,220.0,-0.2295472368421052,0.0200793278869298,75.0,0.2376096969696966,0.0189170373171376,295.0,3.404355217436402,0.0039797923766539,0.0370097884898991,0.007202228696832,19.93241121290492,1.4662292942212607,"The UBXN2A gene has been implicated in various cellular processes, including protein degradation and cell cycle regulation, which may contribute to its potential role in cancer. Specifically, UBXN2A is known to interact with the 26S proteasome and modulate the stability of oncoproteins and tumor suppressors, thus influencing pathways related to cellular proliferation and apoptosis. Alterations in UBXN2A expression or function could disrupt these processes, leading to enhanced tumorigenesis. Additionally, its involvement in DNA damage response pathways suggests that aberrations in UBXN2A may affect genomic stability, a hallmark of cancer. While the precise mechanisms linking UBXN2A to specific cancer types remain to be fully elucidated, existing evidence points to its significant role in maintaining cellular homeostasis and potential implications in malignancies.",0
KCNA5,1842,0.4181818181818181,0.0181818181818181,0.0,0.5454545454545454,0.0,1.0,0.0181818181818181,0.0,0.9874203861494486,0.0,1.25,1.3333333333333333,0.7535795026375283,1.0,0.51440329218107,0.8563517006369585,160467.1,896.0,0.02192343,0.0001471059587091,29.0,0.0,0.0,0.0,0.0,0.0,0.0,1.0,0.0,0.0,0.0,0.0,0.0,29.0,1.0,0.0,0.0,0.0,0.0,21.0,0.0,0.0,1.0,0.0,0.0,0.0,51.0,0.0,45.0,16.39017647,99.49589787,21.88701420269522,1.8204614569819408,0.3361913253012049,0.0706409074470267,249.0,-0.2573073770491804,0.0260183595633112,122.0,0.310251051212938,0.0572342921418649,371.0,2.177706936653763,0.3535694454795823,0.3515263877936023,0.0252852737909712,16.057358388494585,1.4206378214208908,"The KCNA5 gene encodes a potassium channel protein that plays a role in regulating membrane potential and cellular excitability. Alterations in the expression or function of potassium channels, including those encoded by KCNA5, have been implicated in various cancer types. Dysregulation of ion channel activity can influence critical cellular processes such as proliferation, apoptosis, and migration. In some tumors, altered KCNA5 expression may contribute to the cancer phenotype by affecting cell cycle progression, enhancing invasive properties, or promoting a microenvironment conducive to tumor growth. Additionally, changes in potassium ion homeostasis can impact the tumor's response to stressors, including hypoxia and chemotherapeutics, further linking KCNA5 activity to cancer biology.",0
MOCOS,2667,0.1875,0.0625,0.0,0.625,0.0,1.0,0.0625,0.0625,0.9375,0.0,2.5,3.25,0.6464124111182935,1.0,0.0245845215852099,0.1156858648325521,393505.2,591.0,0.04036853,3.4123085067062964e-05,12.0,0.0,0.0,0.0,0.0,0.0,0.0,0.0,1.0,0.0,1.0,0.0,0.0,10.0,1.0,3.0,0.0,0.0,0.0,3.0,0.0,0.0,4.0,0.0,1.0,0.0,14.0,0.0,19.0,19.79171429,177.9785284,20.876312468676296,4.665916721913199,0.3114365734265734,0.0713340355832463,143.0,-0.2676554191616765,0.0191280853083823,334.0,0.2807805870020964,0.0350651545164614,477.0,3.272050892350041,0.0329635230039863,0.0969219321864637,0.0122724931194907,19.75017253510409,1.2035876233071217,"The MOCOS gene, which encodes molybdenum cofactor sulfurase, has been implicated in cancer through its role in cellular redox balance and tumor microenvironment modulation. Alterations in MOCOS expression can affect the levels of reactive oxygen species (ROS) and contribute to oxidative stress, which is a known driver of genomic instability and tumorigenesis. Additionally, MOCOS may influence metabolic pathways, linking it to tumor cell proliferation and survival, especially under hypoxic conditions. The dysregulation of MOCOS could disrupt normal cellular signaling pathways, fostering an environment conducive to cancer development and progression. However, further research is needed to elucidate the exact mechanisms and implications of MOCOS in various cancer types.",0
NYNRIN,5697,0.3272727272727272,0.0181818181818181,0.0,0.5454545454545454,0.0,1.0,0.109090909090909,0.0,0.938197978493375,0.0,1.5789473684210529,1.947368421052632,0.9460737937559128,1.0,0.4585052728106373,0.8160401133514406,897133.1,265.0,0.03974847,1.880407054979187e-06,4.0,0.0,0.0,0.0,0.0,0.0,0.0,5.0,1.0,0.0,0.0,0.0,0.0,30.0,1.0,0.0,0.0,0.0,0.0,18.0,0.0,0.0,5.0,0.0,1.0,0.0,49.0,0.0,38.0,15.54661224,79.87473841,20.27375265641394,4.47794075147484,0.2478992982456139,0.0299191068653869,171.0,-0.2862227777777777,0.0222584761832379,234.0,0.2700417530864196,0.0257860881169685,405.0,3.368336362745972,0.029037328915772,0.118336665459491,0.0097609533827373,18.096601847746445,2.2361737874444367,"The NYNRIN gene, which is involved in neural development, has been implicated in various biological processes, suggesting a potential relationship with cancer. Its expression may influence cellular pathways linked to proliferation, differentiation, and apoptosis, which are often dysregulated in cancer. Additionally, alterations in NYNRIN's expression have been associated with specific tumor types, indicating that it could play a role in tumorigenesis through mechanisms such as the modulation of growth factor signaling, the regulation of stem cell-like properties, and potential impacts on the tumor microenvironment. However, the precise mechanisms underlying its involvement in cancer remain to be fully elucidated.",0
CHRFAM7A,1239,0.375,0.0,0.0,0.625,0.0,1.0,0.0,0.0,0.9166666666666666,0.0,1.25,1.25,1.0,1.0,0.8084074373484236,0.9803468823042448,313449.9,686.0,-0.008195363,0.0,0.0,0.0,0.0,0.0,0.0,0.0,0.0,0.0,0.0,0.0,0.0,0.0,0.0,5.0,0.0,0.0,0.0,0.0,0.0,3.0,0.0,0.0,0.0,0.0,0.0,0.0,8.0,0.0,8.0,16.404,108.7099417,21.88701420269522,1.8204614569819408,0.193447543859649,0.0103741080795739,57.0,-0.282836068965517,0.0264565017457391,290.0,0.2681526512968297,0.0248772037027768,347.0,2.4293821480024143,0.4858626420786078,0.111514500398345,0.0145173604745375,20.060674391099585,2.322449260305919,"The CHRFAM7A gene, a hybrid of the CHRNA7 gene and a truncated form of the 7 nicotinic acetylcholine receptor, has been implicated in various biological processes, including neurodevelopment and inflammation. Emerging research suggests that deregulation of CHRFAM7A may influence tumorigenesis and cancer progression through mechanisms such as modulation of signaling pathways involved in cell proliferation and survival, as well as by affecting the inflammatory microenvironment. Abnormal expression of CHRFAM7A may disrupt normal cholinergic signaling, leading to altered neuronal and non-neuronal cell interactions in the tumor milieu. Additionally, the gene's potential role in immune evasion and its association with neuroinflammatory responses can contribute to a tumor-promoting environment, although further research is needed to clarify its specific role and mechanisms in various cancer types.",0
LNX1,2187,0.2857142857142857,0.0952380952380952,0.0476190476190476,0.5238095238095238,0.0,1.0,0.0476190476190476,0.0,0.9132684766868748,0.0,1.5714285714285714,2.142857142857143,0.1744896178677368,1.0,0.9784735812133072,0.999766626009308,116783.6,492.0,0.02596401,0.0045699929050939,238.0,2.0,0.0,0.0,0.0,0.0,0.0,0.0,1.0,0.0,0.0,0.0,2.0,11.0,2.0,0.0,0.0,0.0,0.0,6.0,1.0,0.0,0.0,0.0,1.0,0.0,24.0,0.0,21.0,18.92420833,109.4253147,19.558417783949068,1.691805815403053,0.3813189041095889,0.2386351098001701,146.0,-0.226832611111111,0.0140143793769428,180.0,0.2960197239263805,0.1201064237977699,326.0,3.273892241317431,0.0270265095870043,0.111514500398345,0.0145173604745375,20.441599410172813,2.3569970641603475,"The LNX1 gene, which encodes a protein involved in intracellular signaling and cell cycle regulation, may have a relationship with cancer through its potential role in tumorigenesis and cellular transformation. Its protein product participates in the ubiquitin-proteasome pathway, influencing the degradation of key regulatory proteins that control cell proliferation and apoptosis. Dysregulation of LNX1 could lead to aberrant signaling pathways, contributing to uncontrolled cell growth and malignancy. Moreover, its interactions with various substrates, including those involved in the Notch signaling pathway and other critical oncogenic networks, suggest a mechanism by which LNX1 could impact cancer progression and metastasis. However, further studies are necessary to elucidate the specific mechanisms and the extent of LNX1's involvement in different cancer types.",0
BRD9,1794,0.375,0.0,0.0,0.625,0.0,1.0,0.0,0.0,1.0,0.0,1.25,1.25,1.0,1.0,0.5813953488372093,0.8967001690845127,875342.6,491.0,0.03036319,2.596401289203052e-07,5.0,0.0,0.0,0.0,0.0,0.0,0.0,0.0,0.0,0.0,0.0,0.0,6.0,5.0,0.0,0.0,0.0,0.0,0.0,3.0,0.0,0.0,2.0,0.0,0.0,0.0,12.0,0.0,13.0,14.874,95.290368,22.61056033670144,1.087257555393978,0.3545808469945355,0.0558568930916094,364.0,-0.2514216129032258,0.0290134487678477,62.0,0.3396372196261682,0.0532126513526729,426.0,3.448237243645103,0.0041857788599221,0.0380121552505822,0.0101023478993363,23.33807949041754,0.4462864845333809,"Yes, there is a relationship between the BRD9 gene and cancer. BRD9 encodes a subunit of the BAF (BRG1-associated factors) chromatin remodeling complex, which plays a critical role in regulating gene expression, maintaining cellular identity, and facilitating various cellular processes such as proliferation and differentiation. Aberrations in BRD9, including mutations or altered expression levels, can disrupt normal chromatin remodeling, thereby influencing oncogenic pathways and contributing to tumorigenesis. Additionally, BRD9 has been implicated in the modulation of key oncogenes and tumor suppressor genes, potentially leading to enhanced cell growth, invasion, and metastasis in various cancer types. The precise mechanisms remain an active area of research, focusing on how BRD9 dysfunction can influence the tumor microenvironment and therapeutic resistance.",0
TMEM141,327,0.0,0.0,0.0,1.0,0.0,1.0,0.0,0.0,1.0,0.0,2.0,2.0,1.0,1.0,0.6891798759476223,0.9457291343225712,1898901.0,190.0,0.03875934,6.454802307285022e-07,3.0,0.0,0.0,0.0,0.0,0.0,0.0,0.0,0.0,0.0,0.0,0.0,0.0,2.0,0.0,0.0,0.0,0.0,0.0,0.0,0.0,0.0,0.0,0.0,0.0,0.0,2.0,0.0,2.0,19.34,99.6872,21.528073635549912,2.4993894354660307,0.2638164016874681,0.0370683991865753,190.13201675643327,-0.2623792743604192,0.0349935889004216,187.6534410532616,0.2724842722630945,0.0397860230283488,377.6466786355476,3.427006304830904,0.0180794885843406,0.0467958486051588,0.0044195458455379,20.060674391099585,2.322449260305919,"The TMEM141 gene has been implicated in various cancer types, particularly due to its role in cellular processes such as autophagy and protein quality control. Dysregulation of TMEM141 can affect lysosomal function, which is crucial for the degradation of damaged cellular components, thereby promoting cellular stress and contributing to oncogenesis. Additionally, aberrant expression of TMEM141 may alter signaling pathways associated with cell proliferation and apoptosis. These mechanisms suggest that TMEM141 influences tumorigenesis and the aggressiveness of certain cancers, although the specific pathways and interactions remain an active area of research.",0
RSRP1,873,0.25,0.25,0.0,0.25,0.0,1.0,0.25,0.0,0.75,0.0,0.5,1.5,0.3971405877680699,1.0,0.9765625,0.9997231705247228,613835.3,460.0,0.03648944,1.9283275262303543e-05,14.0,0.0,0.0,0.0,0.0,0.0,0.0,1.0,0.0,0.0,0.0,0.0,0.0,1.0,1.0,0.0,0.0,0.0,0.0,1.0,0.0,0.0,1.0,0.0,0.0,0.0,3.0,0.0,4.0,12.46366667,380.9174963,21.88701420269522,1.8204614569819408,0.2638164016874681,0.0370683991865753,190.13201675643327,-0.2623792743604192,0.0349935889004216,187.6534410532616,0.2724842722630945,0.0397860230283488,377.6466786355476,2.842285090327978,0.2097717354995392,0.111514500398345,0.0145173604745375,20.060674391099585,2.322449260305919,"The RSRP1 gene, encoding the RNA-binding protein regulation of splicing, has been implicated in various cellular processes, including alternative splicing and mRNA processing. Alterations in splicing mechanisms are known to contribute to cancer development by generating oncogenic isoforms or by affecting the expression of tumor suppressor genes. Aberrant splicing driven by dysregulated RSRP1 expression could lead to the production of proteins that promote tumor proliferation, migration, and resistance to apoptosis. Additionally, RSRP1 may influence the tumor microenvironment by modulating the expression of genes involved in cell signaling pathways, further implicating it in carcinogenesis. Consequently, while direct evidence linking RSRP1 to specific cancer types is limited, the gene’s role in splicing regulation and its potential impact on oncogenic processes suggest a relevant connection to cancer biology.",0
HMSD,420,0.0,0.125,0.0,0.875,0.0,1.0,0.0,0.0,0.9166666666666666,0.0,7.0,8.0,0.4945598417408506,1.0,0.2344116268166901,0.5744670933073511,114875.2,671.0,0.02564594,0.0,0.0,0.0,0.0,0.0,0.0,0.0,0.0,0.0,0.0,0.0,0.0,0.0,0.0,7.0,1.0,0.0,0.0,0.0,0.0,0.0,0.0,0.0,0.0,0.0,0.0,0.0,8.0,0.0,5.0,17.658625,79.99988655,21.88701420269522,1.8204614569819408,0.2618102803738318,0.0278612998933168,107.0,-0.2795473134328358,0.0219560751538616,402.0,0.2758187033398821,0.0231973818632759,509.0,1.7100245292438774,0.7054154880916516,0.111514500398345,0.0145173604745375,20.060674391099585,2.322449260305919,"The HMSD gene encodes an enzyme involved in the metabolism of certain amino acids, specifically histidine, which plays a role in the regulation of cellular functions. Some studies have suggested that alterations in amino acid metabolism, including that of histidine, may influence tumor growth and cancer progression through mechanisms such as modulation of the tumor microenvironment, oxidative stress response, and immune system interactions. In particular, disruptions in histidine metabolism could potentially lead to changes in the synthesis of histamine and other metabolites that affect cell signaling pathways involved in proliferation, apoptosis, and immune evasion. However, the specific relationship between HMSD and cancer remains to be fully elucidated, and further research is needed to clarify its role in oncogenesis and tumor biology.",0
DNAJC10,2382,0.2727272727272727,0.1363636363636363,0.0909090909090909,0.4090909090909091,0.0,1.0,0.0909090909090909,0.0,0.7996943624723812,0.0,1.2857142857142858,2.2857142857142856,0.0706364342727979,1.0,0.9242144177449167,0.9970528469725414,332624.3,421.0,0.0068673819999999,3.13265986810613e-05,25.0,0.0,0.0,0.0,0.0,0.0,0.0,1.0,1.0,0.0,0.0,0.0,0.0,9.0,3.0,0.0,0.0,0.0,0.0,5.0,3.0,0.0,1.0,0.0,1.0,0.0,20.0,0.0,18.0,24.343,90.45825368,25.28600846683627,0.5681668518125387,0.2422048888888888,0.0208214679875992,225.0,-0.2024409677419354,0.0091048908974087,62.0,0.2336147735191639,0.0185183983383226,287.0,3.774624315482736,0.0056712253485832,0.0435228711611642,0.0081235808807806,20.060674391099585,2.322449260305919,"The DNAJC10 gene encodes a member of the DnaJ homolog family, which plays roles in protein folding and the regulation of proteostasis. Emerging evidence suggests a potential relationship between DNAJC10 and cancer, mainly through its involvement in cellular stress responses and the regulation of apoptosis. Alterations in DNAJC10 expression have been observed in various cancers, where it may modulate tumorigenesis by impacting the activation of heat shock proteins or influencing the degradation of misfolded proteins. Additionally, its role in the endoplasmic reticulum associated degradation (ERAD) pathway may contribute to cancer cell survival under stress conditions, thereby promoting tumor growth and resistance to therapy. Further investigations are needed to clarify the full extent of DNAJC10's contributions to cancer biology.",0
CYB5A,405,0.5,0.0,0.0,0.5,0.0,1.0,0.0,0.0,1.0,0.0,0.5,0.5,1.0,1.0,0.7547169811320755,0.9671037429722156,152675.5,989.0,0.02576864,0.0003882680166409,17.0,0.0,0.0,0.0,0.0,0.0,0.0,0.0,0.0,0.0,0.0,0.0,0.0,1.0,0.0,0.0,0.0,0.0,0.0,1.0,0.0,0.0,0.0,0.0,0.0,0.0,2.0,0.0,2.0,12.9635,266.1816645,17.222848928244794,1.3175162636715216,0.2553999999999999,0.024456711247619,106.0,-0.2854526368159203,0.024827716101758,402.0,0.279181811023622,0.0248513366618024,508.0,3.532562267419665,0.0247032008426459,0.0945359740096228,0.0155357691963729,20.060674391099585,2.322449260305919,"The CYB5A gene encodes a soluble cytochrome b5, which is involved in various biochemical pathways, including lipid metabolism and drug metabolism. There is growing evidence suggesting that alterations in the expression of CYB5A may influence tumorigenesis and cancer progression. Mechanistically, CYB5A is implicated in the regulation of nitric oxide synthesis and modulating lipid peroxidation, which can significantly affect cellular oxidative stress responses. Abnormal levels of CYB5A can affect the aerobic respiration and metabolic profiles of cancer cells, potentially facilitating their proliferation and survival. Furthermore, CYB5A may play a role in influencing the redox state of cells, thereby impacting signaling pathways associated with cell growth and apoptosis, ultimately contributing to cancer development and progression. However, the specific mechanisms linking CYB5A to different cancer types are still an active area of research.",0
OCSTAMP,1701,0.2692307692307692,0.0,0.0,0.6923076923076923,0.0,1.0,0.0384615384615384,0.0,1.0,0.0,2.25,2.375,1.0,1.0,0.0863408737696425,0.297828714281091,649122.9543319192,444.4009897808343,0.0198885680771551,0.0,0.0,0.0,0.0,0.0,0.0,0.0,0.0,1.0,0.0,0.0,0.0,0.0,0.0,18.0,0.0,0.0,0.0,0.0,0.0,7.0,0.0,0.0,1.0,0.0,0.0,0.0,25.0,0.0,23.0,12.7138,97.40651742,18.25081945658152,3.04134996350756,0.3395051694915255,0.0521222965967133,354.0,-0.2282793548387097,0.0203373013307244,62.0,0.3229282451923078,0.0488974575320939,416.0,0.4575586442659201,0.4393998594819876,0.111514500398345,0.0145173604745375,20.060674391099585,2.322449260305919,"The OCSTAMP gene, associated with the regulation of various biological processes, may have implications in cancer biology, though its specific role remains to be fully elucidated. Some studies suggest that aberrations in the expression of OCSTAMP could influence cellular signaling pathways critical for proliferation, apoptosis, and cellular differentiation, which are often dysregulated in cancer. Moreover, its potential involvement in the tumor microenvironment and immune regulation could also contribute to cancer progression and metastasis. Further research is needed to clarify its precise mechanisms and interactions within oncogenic pathways.",0
AGR2,528,0.25,0.25,0.0,0.5,0.0,1.0,0.0,0.0,1.0,0.0,1.0,1.5,0.4484304932735426,1.0,0.929368029739777,0.9974446670442312,361605.5,385.0,-0.006877245,7.498688446651143e-05,20.0,0.0,0.0,0.0,0.0,0.0,0.0,0.0,0.0,0.0,0.0,0.0,3.0,2.0,1.0,0.0,0.0,0.0,0.0,1.0,1.0,0.0,1.0,0.0,0.0,0.0,7.0,0.0,8.0,15.45114286,224.3315648,26.902334547756205,9.93981908007088,0.3031958628841609,0.025480365023365,423.0,-0.2833399999999999,0.0283385038345679,82.0,0.2999717425742576,0.0259428816144177,505.0,3.2747425742136467,0.5871844065740881,0.111514500398345,0.0145173604745375,18.276579640947315,2.4209163124116047,"Yes, there is a relationship between the AGR2 gene and cancer. AGR2 (anterior gradient 2) is a member of the protein disulfide isomerase family and has been implicated in various malignancies, including breast, lung, and colorectal cancers. One possible mechanism by which AGR2 contributes to tumorigenesis is by promoting cancer cell proliferation and survival through the modulation of the unfolded protein response (UPR), which assists in maintaining cellular homeostasis under stress conditions. Furthermore, AGR2 has been shown to influence epithelial-mesenchymal transition (EMT), a key process in cancer metastasis, by regulating several signaling pathways, including the Wnt/β-catenin pathway. Elevated AGR2 expression has been correlated with poor prognosis in cancer patients, suggesting that it plays a role in enhancing invasive and metastatic properties of tumors.",0
SEPHS1,1179,0.1764705882352941,0.0588235294117647,0.0,0.7647058823529411,0.0,1.0,0.0,0.0,0.9712175832802088,0.0,3.25,3.5,0.5012531328320802,1.0,0.0558534405719392,0.2169919655702396,246467.8,433.0,0.03273807,0.0001318984668778,49.0,0.0,0.0,0.0,0.0,0.0,0.0,0.0,0.0,0.0,0.0,0.0,2.0,13.0,1.0,0.0,0.0,0.0,0.0,3.0,0.0,0.0,0.0,0.0,0.0,0.0,19.0,0.0,19.0,23.42257895,113.0524559,24.99163144710109,0.4751392261073272,0.3285591946308723,0.1074679239898876,149.0,-0.3392170833333335,0.048014903556311,240.0,0.3351347557840618,0.0705960228317056,389.0,3.52930884765413,0.0067816704082562,0.0675411961046281,0.0095938072143083,18.667277808634893,1.2986408119016108,"Yes, there is a relationship between the SEPHS1 gene and cancer. SEPHS1 encodes the enzyme selenophosphate synthetase 1, which is involved in the synthesis of selenoproteins that play crucial roles in antioxidant defense and redox homeostasis. Dysregulation of selenoproteins has been implicated in cancer pathogenesis, where altered redox states can influence proliferation, apoptosis, and metastasis. Elevated oxidative stress and impaired DNA repair mechanisms associated with selenoprotein misregulation could contribute to genomic instability, a hallmark of cancer. Furthermore, the expression levels of SEPHS1 may correlate with tumor progression and patient prognosis in various cancer types, highlighting its potential role in modulating tumor biology through oxidative stress and metabolic pathways.",0
OGDHL,3033,0.3658536585365853,0.073170731707317,0.0,0.5121951219512195,0.0,1.0,0.048780487804878,0.0,0.9289371455334964,0.0,1.3125,1.625,0.3109452736318408,1.0,0.8658008658008658,0.9905630683755472,251870.9,545.0,0.01483531,2.717441413631479e-06,5.0,0.0,0.0,0.0,0.0,0.0,0.0,2.0,0.0,0.0,0.0,0.0,0.0,21.0,3.0,0.0,0.0,0.0,0.0,14.0,1.0,0.0,2.0,0.0,0.0,0.0,39.0,0.0,32.0,18.99325641,128.5396291,22.18531968390523,6.9692072728688,0.2226034965034964,0.0163462140736038,143.0,-0.3322582591093115,0.0508309386258188,247.0,0.2920515128205129,0.0409114704925641,390.0,2.70577198238744,0.6655100316265145,0.1026960098223587,0.0174632886666757,19.973288309376365,0.7793706649281537,"The OGDHL gene, encoding oxoglutarate dehydrogenase-like protein, is involved in cellular metabolism, particularly in the context of the tricarboxylic acid (TCA) cycle and oxidative stress. Alterations in the expression or function of OGDHL may lead to dysregulation of metabolic pathways that are critical for cancer cell proliferation and survival. For instance, imbalances in α-ketoglutarate levels can impact histone and DNA methylation patterns, affecting gene expression profiles that are pertinent to oncogenesis. Additionally, metabolic rewiring of tumor cells can induce adaptive responses to hypoxic environments, potentially contributing to cancer progression. While the direct relationship between OGDHL and specific cancer types requires further investigation, its functional implications in metabolism and epigenetics suggest it may play a role in tumor biology.",0
CWF19L1,1617,0.2142857142857142,0.0714285714285714,0.0,0.6428571428571429,0.0,1.0,0.0714285714285714,0.0,0.9624786378518296,0.0,2.25,2.75,0.7674597083653109,1.0,0.8992805755395683,0.9947483775435167,1070791.0,198.0,0.0404406999999999,1.1235116274535322e-06,7.0,0.0,0.0,0.0,0.0,0.0,0.0,1.0,0.0,0.0,0.0,0.0,2.0,9.0,1.0,0.0,0.0,0.0,0.0,3.0,0.0,0.0,1.0,0.0,0.0,0.0,15.0,0.0,16.0,20.66726667,79.4010915,24.53276727725497,0.4318779187631095,0.2132292929292929,0.0130887414882704,99.0,-0.3333776996805113,0.0441886395389223,313.0,0.304507087378641,0.0393072347394278,412.0,3.407069584259482,0.003933887392679,0.0402023420097055,0.0053422513650728,13.575906388060066,1.3462186096353117,"The relationship between the CWF19L1 gene and cancer is still under investigation, but some studies suggest that alterations in its expression or function may impact cellular processes related to tumorigenesis. CWF19L1 is involved in RNA splicing and maintenance of genomic stability, both of which are critical for normal cell cycle regulation and the prevention of tumor formation. Disruptions in RNA splicing can lead to the production of oncogenic variants or loss of tumor suppressor functions. Additionally, a decrease in genomic stability due to impaired CWF19L1 activity may result in an accumulation of mutations, further increasing the risk of cancer development. While the specific mechanisms remain to be fully elucidated, the gene's involvement in critical cellular processes positions it as a potential player in cancer biology.",0
ZNF207,1485,0.25,0.0,0.125,0.625,0.0,1.0,0.0,0.0,1.0,0.0,1.6666666666666667,2.0,0.5285412262156448,1.0,0.966183574879227,0.999421668325925,679038.0,286.0,0.0297495,3.313420727760385e-05,19.0,0.0,0.0,1.0,0.0,0.0,0.0,0.0,0.0,0.0,0.0,0.0,1.0,5.0,0.0,0.0,0.0,0.0,0.0,2.0,1.0,0.0,0.0,0.0,0.0,0.0,10.0,0.0,9.0,22.2115,63.62804472,26.42481499951319,0.5532660885026857,0.2535536809815955,0.0354551042987124,163.0,-0.2715266995073891,0.0199834167430132,203.0,0.2635223224043716,0.0268755650151395,366.0,3.80419007945972,0.0015907445263357,0.0843381214905257,0.0104658397284726,20.060674391099585,2.322449260305919,"The ZNF207 gene, a member of the zinc finger protein family, may play a role in cancer biology through mechanisms such as regulation of gene expression, cell proliferation, and apoptosis. Zinc finger proteins are often involved in transcriptional regulation, which can influence tumorigenesis by modulating the expression of oncogenes and tumor suppressor genes. Additionally, alterations in ZNF207 expression levels have been observed in various cancer types, suggesting its potential role in tumor progression and metastasis. Dysregulation of this gene may disrupt normal cellular homeostasis and contribute to cancer pathophysiology, although the exact mechanisms and pathways involved remain under investigation.",0
SEC61B,291,0.0,0.0,0.0,0.6,0.0,1.0,0.4,0.0,0.8277293767706428,0.0,3.0,5.0,1.0,1.0,0.0960061443932411,0.3209814790194135,203559.8,410.0,0.03705664,0.0001330880784489,28.0,0.0,0.0,0.0,0.0,0.0,0.0,2.0,0.0,0.0,0.0,0.0,0.0,3.0,0.0,0.0,0.0,0.0,0.0,0.0,0.0,0.0,2.0,0.0,0.0,0.0,3.0,0.0,5.0,27.0,16.59,26.13219169878899,0.7695753427887865,0.2249658955223881,0.0121238007446807,134.0,-0.2398142471042471,0.0160383949446829,259.0,0.2347514503816794,0.0147189834410032,393.0,3.520856243666492,0.0059148458351507,0.0817754089003022,0.0140834958166459,27.50386862490729,1.0109132860262249,"The SEC61B gene encodes a component of the Sec61 complex, which is essential for protein translocation into the endoplasmic reticulum (ER). Dysregulation of protein homeostasis and ER stress is increasingly recognized as a contributing factor in cancer progression. Alterations in SEC61B expression may influence the proper folding and trafficking of proteins involved in cell proliferation, survival, and apoptosis. Additionally, enhanced SEC61B activity could facilitate the secretion of oncogenic factors or contribute to the development of an inflammatory microenvironment, both of which are implicated in tumorigenesis. Therefore, the relationship between SEC61B and cancer may involve the modulation of cellular stress responses and the maintenance of proteostasis, potentially affecting tumor behavior and response to therapy.",0
DENND6B,1758,0.6,0.0,0.0,0.4,0.0,1.0,0.0,0.0,1.0,0.0,0.5,0.5,1.0,1.0,0.5170630816959669,0.858112925041935,649122.9543319192,444.4009897808343,0.0198885680771551,5.598171071634649e-07,2.0,0.0,0.0,0.0,0.0,0.0,0.0,0.0,0.0,0.0,0.0,0.0,1.0,2.0,0.0,0.0,0.0,0.0,0.0,3.0,0.0,0.0,0.0,0.0,0.0,0.0,6.0,0.0,5.0,10.83316667,240.343633,15.984653178679368,1.762260571182861,0.2393892968750001,0.020856558480604,128.0,-0.3045152922077921,0.0401933104842791,308.0,0.285395733944954,0.0353371144056669,436.0,3.158760579862427,0.024366176868054,0.111514500398345,0.0145173604745375,17.157044432805474,7.351338894764291,"Research indicates that the DENND6B gene may have implications in cancer biology, particularly through its role in intracellular signaling and vesicle trafficking. DENND6B is involved in the regulation of RAB GTPases, which are key players in cellular processes such as growth, differentiation, and apoptosis. Aberrations in RAB GTPase signaling have been linked to oncogenic processes, including enhanced cell proliferation and migration, as well as altered metabolic pathways. Furthermore, alterations in DENND6B expression have been observed in various cancer types, suggesting a potential role in tumorigenesis and the progression of malignancies. These mechanisms highlight the need for further investigation to fully elucidate the contributions of DENND6B to cancer development and progression.",0
CYYR1,465,0.1666666666666666,0.0,0.0,0.6666666666666666,0.0,1.0,0.0,0.1666666666666666,1.0,0.0,2.0,2.5,1.0,1.0,0.0425332822933945,0.1768307769443595,345441.5,626.0,-0.07547634,2.904934852138886e-07,3.0,0.0,0.0,8.0,0.0,0.0,1.0,0.0,0.0,0.0,1.0,0.0,0.0,4.0,0.0,0.0,0.0,0.0,0.0,1.0,0.0,0.0,1.0,0.0,0.0,0.0,14.0,0.0,13.0,12.78278571,62.8146071,21.88701420269522,1.8204614569819408,0.2395645121951219,0.0169782172966726,82.0,-0.26166772,0.0199835554489975,250.0,0.2562084939759037,0.0192788746515014,332.0,3.188724301125496,0.0253802830065405,0.4197726659401589,0.0390041858777035,16.475358489223684,1.0003120760985622,"The CYYR1 gene, which encodes a protein involved in the regulation of cellular processes, may have potential implications in cancer biology, though the relationship is not extensively characterized. Mechanistically, alterations in CYYR1 expression could influence pathways related to cellular proliferation, apoptosis, and response to stress, thereby contributing to oncogenesis or tumor progression. For instance, aberrant expression of CYYR1 could modulate the interaction with signaling cascades such as those governing the cell cycle or apoptosis, leading to uncontrolled cell growth or evasion of programmed cell death, which are hallmarks of cancer. However, further research is needed to elucidate the precise role of CYYR1 in the context of specific cancer types and its interaction with oncogenic signaling networks.",0
INPP4B,2775,0.2727272727272727,0.0,0.0606060606060606,0.6060606060606061,0.0,1.0,0.0606060606060606,0.0,0.9519418513525918,0.0,2.0,2.4,0.8650519031141869,1.0,0.3998400639744102,0.7663697128730436,51591.62,807.0,0.0104269,5.0233742893632825e-06,2.0,0.0,0.0,0.0,0.0,0.0,0.0,0.0,2.0,0.0,0.0,0.0,2.0,20.0,0.0,0.0,0.0,0.0,0.0,9.0,2.0,0.0,0.0,0.0,2.0,0.0,33.0,0.0,25.0,19.19439394,89.14691787,23.78567203561227,1.3200331726704737,0.2414559090909091,0.04943677030721,88.0,-0.2664083921568627,0.0219814445615778,255.0,0.2600065889212831,0.0290205259108451,342.0,3.4905299216733283,0.0347707126712972,0.1147789145205951,0.0111774131719084,17.437175254132434,2.760010901674195,"Yes, there is a relationship between the INPP4B gene and cancer. INPP4B (inositol polyphosphate 4-phosphatase type II) is involved in the phosphoinositide signaling pathway, which plays a crucial role in regulating cell growth, survival, and apoptosis. Loss of INPP4B function has been associated with several types of cancer, particularly breast and prostate cancer. Mechanistically, reduced INPP4B expression can lead to enhanced AKT signaling due to increased levels of its substrate, phosphatidylinositol 3,4,5-trisphosphate (PIP3), thereby promoting oncogenic pathways that drive cellular proliferation and survival. Additionally, INPP4B may also modulate tumor microenvironment interactions and impact cancer cell metabolism, indicating its multifaceted role in tumorigenesis.",0
LRRC37B,2844,0.1176470588235294,0.0,0.0588235294117647,0.7058823529411765,0.0,1.0,0.1176470588235294,0.0,0.9315714232285016,0.0,4.0,5.0,0.5446623093681917,1.0,0.4812319538017325,0.8332078405568026,692400.6,356.0,0.02276676,0.0,1.0,0.0,0.0,0.0,0.0,0.0,0.0,1.0,0.0,0.0,0.0,0.0,1.0,12.0,0.0,0.0,0.0,0.0,0.0,2.0,1.0,0.0,1.0,0.0,0.0,0.0,16.0,0.0,14.0,7.073625,38.73397905,21.88701420269522,1.8204614569819408,0.2583324117647062,0.0290918096444448,170.0,-0.269726530612245,0.0196742631653375,196.0,0.2644341803278688,0.024013195271518,366.0,3.195151115425204,0.0092920803055823,0.0887465298034667,0.0052901330462276,20.060674391099585,2.322449260305919,"The LRRC37B gene has been implicated in cancer through various studies that have identified its potential role in regulating cell proliferation, apoptosis, and metastasis. This gene encodes a protein that may be involved in the modulation of signaling pathways related to cellular growth and differentiation. Alterations in LRRC37B expression have been observed in certain cancer types, suggesting that it could influence tumorigenic processes. Potential mechanisms include the disruption of normal cell signaling networks or interactions with other cellular proteins that are critical for maintaining homeostasis. Additionally, epigenetic changes affecting LRRC37B expression may contribute to oncogenic transformations, further underscoring its relevance in cancer biology. However, the precise functional implications remain to be fully elucidated.",0
SEMA3A,2316,0.2413793103448276,0.1034482758620689,0.0344827586206896,0.6206896551724138,0.0,1.0,0.0,0.0,0.9432146669074662,0.0,2.25,2.75,0.3698224852071006,1.0,0.6949270326615705,0.947844633707596,61349.73,601.0,-0.02719038,0.0,0.0,0.0,0.0,0.0,0.0,0.0,0.0,0.0,0.0,0.0,0.0,0.0,0.0,17.0,4.0,0.0,0.0,0.0,0.0,7.0,2.0,0.0,0.0,0.0,0.0,0.0,29.0,1.0,25.0,23.04896552,125.8930257,18.93217264134966,1.2966504256565197,0.3062017456359105,0.0340840220339451,401.0,-0.2569510958904109,0.0207909125487823,73.0,0.298616729957806,0.0323051899878042,474.0,3.236061091486464,0.0895666618747503,0.111514500398345,0.0145173604745375,20.060674391099585,2.322449260305919,"Yes, there is a relationship between the SEMA3A gene and cancer. SEMA3A encodes a member of the semaphorin family, which plays a crucial role in regulating cell signaling, particularly in processes such as cell migration, apoptosis, and angiogenesis. In the context of cancer, SEMA3A can exhibit tumor-suppressive properties by inhibiting tumor cell proliferation and metastasis. It is thought to exert these effects through the activation of neuropilin and plexin receptors, leading to the modulation of signaling pathways that control the tumor microenvironment. Alterations in SEMA3A expression or function have been observed in various malignancies, suggesting that its dysregulation may contribute to cancer progression and poor prognosis. Further research continues to elucidate the precise mechanisms through which SEMA3A influences tumor behavior and the involvement of its signaling pathways in oncogenesis.",0
WDR82,942,0.0,0.2,0.0,0.8,0.0,1.0,0.0,0.0,1.0,0.0,4.0,5.0,0.2266032177656923,1.0,0.0347850285237233,0.1516129191458952,1114111.0,181.0,0.05013069,0.0001762705125414,54.0,0.0,0.0,0.0,0.0,0.0,0.0,0.0,0.0,0.0,0.0,0.0,1.0,4.0,1.0,0.0,0.0,0.0,0.0,0.0,0.0,0.0,0.0,0.0,0.0,0.0,6.0,0.0,5.0,28.52333333,39.86406667,25.627327302875024,0.2688764406246049,0.2478290909090909,0.036754143865221,110.0,-0.2805520000000002,0.0228188687987878,430.0,0.2738862222222222,0.0257686262732714,540.0,3.678602034197066,0.0027038470643281,0.0534389098342331,0.0148152907802559,18.72220141147158,2.6970964901771093,"The WDR82 gene, which encodes a WD repeat-containing protein, has been implicated in various cellular processes, including transcription regulation and chromatin remodeling. Alterations in WDR82 expression or function can disrupt these processes, potentially leading to dysregulation of gene expression and genomic stability. Emerging evidence suggests that WDR82 may play a role in the cell cycle and DNA damage response, mechanisms that, when compromised, can contribute to tumorigenesis. Additionally, WDR82 is involved in various signaling pathways that are often dysregulated in cancer, indicating its potential relevance in multiple cancer types. Further research is needed to comprehensively delineate its role and mechanisms in cancer biology.",0
MS4A10,804,0.25,0.0,0.125,0.625,0.0,1.0,0.0,0.0,1.0,0.0,1.6666666666666667,2.0,0.5268703898840885,1.0,0.5595970900951315,0.8844645977489037,744778.9,621.0,0.02268635,0.0,0.0,0.0,0.0,0.0,0.0,0.0,0.0,0.0,0.0,0.0,0.0,0.0,0.0,5.0,0.0,0.0,0.0,0.0,0.0,2.0,1.0,0.0,0.0,0.0,0.0,0.0,8.0,0.0,8.0,10.903,49.24527343,11.98808123733346,0.7538935386951697,0.2118512230215826,0.0155238166137107,139.0,-0.2612012903225807,0.0237639055690532,124.0,0.2351189353612167,0.0199421971690912,263.0,1.967653310613673,1.3723146180643702,0.111514500398345,0.0145173604745375,17.096825622132332,1.0652777062451038,"The MS4A10 gene has been implicated in various processes that could relate to cancer, although the exact mechanisms remain under investigation. It is part of the membrane-spanning 4-domains, subfamily A (MS4A) family, which is known to play roles in immune responses and cell signaling. Alterations in the expression of MS4A10 can influence immune cell function and may contribute to tumor microenvironment modulation. Furthermore, dysregulation of immune pathways can affect tumor progression and metastasis, possibly allowing tumors to evade immune surveillance. While the precise connections between MS4A10 and specific cancer types are still being elucidated, its role in immune modulation highlights its potential relevance in oncogenic processes.",0
TMEM191B,1041,1.0,0.0,0.0,0.0,0.0,1.0,0.0,0.0,1.0,0.0,0.0,0.0,1.0,1.0,1.0,1.0,649122.9543319192,444.4009897808343,0.0198885680771551,0.0,0.0,0.0,0.0,0.0,0.0,0.0,0.0,0.0,0.0,0.0,0.0,0.0,0.0,0.0,0.0,0.0,0.0,0.0,0.0,3.0,0.0,0.0,0.0,0.0,0.0,0.0,3.0,0.0,3.0,7.819333333,38.90030533,21.88701420269522,1.8204614569819408,0.2638164016874681,0.0370683991865753,190.13201675643327,-0.2623792743604192,0.0349935889004216,187.6534410532616,0.2724842722630945,0.0397860230283488,377.6466786355476,1.7957841115641988,0.5822591787893898,0.0,0.0,20.060674391099585,2.322449260305919,"The relationship between the TMEM191B gene and cancer is not extensively characterized in the existing literature, but some studies suggest potential involvement in tumorigenesis. TMEM191B may play a role in cellular processes such as endoplasmic reticulum stress response and cell proliferation, which are critical in cancer biology. Dysregulation of these pathways could contribute to cancer cell survival and growth. Additionally, alterations in genes related to cellular stress responses can affect apoptosis and tumor microenvironment interactions, potentially promoting malignant properties. However, more research is necessary to clarify the specific mechanisms and implications of TMEM191B in various cancer types.",0
ZNF550,1269,0.1111111111111111,0.2222222222222222,0.0,0.6666666666666666,0.0,1.0,0.0,0.0,0.9298966940476158,0.0,3.0,4.0,0.2602133749674733,1.0,0.6406149903907752,0.9258979125773832,459365.6,828.0,-0.0309908,0.0,1.0,0.0,0.0,0.0,0.0,0.0,0.0,0.0,0.0,0.0,0.0,0.0,0.0,6.0,2.0,0.0,0.0,0.0,0.0,1.0,0.0,0.0,0.0,0.0,0.0,0.0,9.0,0.0,9.0,16.868,177.721425,21.88701420269522,1.8204614569819408,0.2959091959798994,0.0579698468205624,199.0,-0.2569018181818182,0.0233693298027716,165.0,0.2782272802197801,0.0425560745636567,364.0,3.326604241309421,0.0092029137367943,0.0670097453593553,0.0081112356330634,20.060674391099585,2.322449260305919,"The ZNF550 gene, which encodes a zinc-finger protein, is implicated in various cellular processes, including transcriptional regulation and chromatin remodeling. Alterations in ZNF550 expression have been observed in several cancer types, suggesting a potential role in tumorigenesis. One proposed mechanism involves its interaction with various transcription factors and regulatory proteins, which could influence pathways related to cell proliferation, apoptosis, and differentiation. Additionally, ZNF550 may serve as a modulator of gene expression patterns that promote an oncogenic environment or contribute to the epithelial-mesenchymal transition (EMT), thus enhancing metastatic potential. Further elucidation of these mechanisms is essential for understanding the precise role of ZNF550 in cancer biology.",0
HM13,1281,0.3636363636363636,0.0,0.0,0.5454545454545454,0.0,1.0,0.0,0.0909090909090909,1.0000000000000002,0.0,1.2,1.4,1.0,1.0,0.1158480074142724,0.3655556334517879,741997.2,309.0,-0.03301921,1.1281543778245704e-05,17.0,0.0,0.0,0.0,0.0,0.0,0.0,0.0,0.0,0.0,1.0,0.0,2.0,5.0,0.0,0.0,0.0,0.0,0.0,4.0,1.0,0.0,1.0,0.0,0.0,0.0,12.0,0.0,12.0,20.7945,70.90274845,25.261789074572995,0.5928179843597796,0.3267959036144577,0.0487284571898154,332.0,-0.1910291666666667,0.0125978376248226,48.0,0.3096464210526315,0.0461588997934898,380.0,3.65397907938679,0.0037459924114019,0.098127010576804,0.0026685298761971,18.542241310845213,1.6958026281042429,"The HM13 gene has been implicated in several cellular processes that may relate to cancer, particularly through its potential roles in cell cycle regulation, apoptosis, and response to oxidative stress. Alterations in the expression or function of HM13 could contribute to tumorigenesis by disrupting normal cellular homeostasis, enabling uncontrolled cell proliferation, or evading programmed cell death. Furthermore, as cancer cells often exploit oxidative stress for survival and adaptation, HM13's involvement in cellular stress responses might influence tumor progression and metastasis. While more research is necessary to elucidate the precise mechanisms, these pathways suggest a plausible link between HM13 and cancer biology.",0
LRCH1,2292,0.2142857142857142,0.0,0.0,0.6428571428571429,0.0,1.0,0.1428571428571428,0.0,0.9624786378518296,0.0,2.25,2.75,1.0,1.0,0.0162161285614672,0.0830549392998039,284603.8,798.0,0.04886502,3.770604487665357e-06,9.0,0.0,0.0,0.0,0.0,0.0,0.0,2.0,0.0,0.0,0.0,0.0,1.0,8.0,0.0,0.0,0.0,0.0,0.0,3.0,1.0,0.0,2.0,0.0,0.0,0.0,13.0,0.0,15.0,22.65769231,125.6798714,22.94514595058229,0.2275800974146666,0.2881754666666666,0.0349265187806532,150.0,-0.3108493712574849,0.0335924421584623,334.0,0.3038223347107437,0.0340446187910181,484.0,3.4833779195437784,0.0080200036311287,0.0296695094300638,0.0046957507339554,23.17520142391446,0.5294537245328422,"The LRCH1 gene has been implicated in various cellular processes, including cytoskeletal organization and cell signaling, which are crucial for maintaining proper cellular function and integrity. Alterations in these processes could potentially contribute to cancer development. Studies suggest that LRCH1 may play a role in regulating the actin cytoskeleton and influencing cell adhesion and migration, processes that are often dysregulated in cancer cells. Additionally, there may be associations between LRCH1 expression levels and tumor aggressiveness or metastasis, indicating its potential involvement in the epithelial-mesenchymal transition (EMT), a key feature in cancer progression. However, further research is necessary to elucidate the precise mechanisms through which LRCH1 may be involved in oncogenesis.",0
FRAT1,840,0.5,0.0,0.0,0.5,0.0,1.0,0.0,0.0,1.0,0.0,0.6666666666666666,0.6666666666666666,1.0,1.0,0.6435006435006435,0.927176481303382,903121.2,397.0,0.03125455,1.3595942906373876e-05,15.0,0.0,0.0,0.0,0.0,0.0,0.0,0.0,0.0,0.0,0.0,0.0,0.0,2.0,0.0,0.0,0.0,0.0,0.0,2.0,0.0,0.0,0.0,0.0,0.0,0.0,4.0,0.0,4.0,15.09375,30.83305625,21.88701420269522,1.8204614569819408,0.2107241836734693,0.0126236407689143,98.0,-0.3359062939297125,0.0453731965060927,313.0,0.3060575182481753,0.0403669883133381,411.0,2.985814525895925,0.0175528554178608,0.0893003657703417,0.0099219073030965,17.66962588487273,1.2130812850379036,"Yes, there is evidence suggesting a relationship between the FRAT1 gene and cancer. The FRAT1 (Frequent Attenuator) gene encodes a protein that plays a role in the Wnt signaling pathway, which is crucial for regulating cell proliferation, differentiation, and survival. Dysregulation of Wnt signaling, often through mutations or altered expression of its components, can lead to oncogenic processes. In particular, FRAT1 has been implicated in promoting the stabilization of β-catenin, a key effector in the Wnt pathway, which can result in the transcriptional activation of target genes that drive cell proliferation and inhibit apoptosis. Elevated levels of FRAT1 have been associated with various malignancies, suggesting that it may contribute to tumorigenesis by enhancing the oncogenic potential of the Wnt signaling cascade.",0
ZNF621,1320,0.1111111111111111,0.0,0.0,0.7777777777777778,0.0,1.0,0.1111111111111111,0.0,0.9298966940476158,0.0,3.5,4.0,1.0,1.0,0.113869278068777,0.3612735336073247,195637.7,546.0,0.02232213,3.978408310471732e-06,5.0,0.0,0.0,0.0,0.0,0.0,0.0,1.0,0.0,0.0,0.0,0.0,0.0,7.0,0.0,0.0,0.0,0.0,0.0,1.0,0.0,0.0,1.0,0.0,0.0,0.0,8.0,0.0,9.0,17.050375,67.9123897,21.88701420269522,1.8204614569819408,0.2253043697478991,0.0175121017739638,119.0,-0.2730731738035266,0.0179509885358611,397.0,0.2620567248062016,0.0182212384061454,516.0,3.5232412399789195,0.0053781291321578,0.0868836582180083,0.0108385839130325,20.060674391099585,2.322449260305919,"The relationship between the ZNF621 gene and cancer is not extensively characterized in the literature; however, there are potential mechanisms by which ZNF621 could be implicated in oncogenesis. ZNF621 encodes a zinc-finger protein that may be involved in transcriptional regulation, chromatin remodeling, and cellular signaling pathways. Alterations in the expression or function of zinc-finger proteins can disrupt normal gene regulation, potentially leading to aberrant cell proliferation, survival, and differentiation in cancer. Additionally, ZNF621's role in modulating interactions with other regulatory proteins could impact tumor microenvironment dynamics. Thus, while direct evidence linking ZNF621 to specific cancer types remains limited, its functional characteristics suggest avenues for investigation into how dysregulation of this gene may contribute to cancer biology.",0
VARS2,3282,0.2083333333333333,0.0416666666666666,0.0,0.7083333333333334,0.0,1.0,0.0,0.0416666666666666,1.0,0.0,2.833333333333333,3.1666666666666665,0.8453085376162299,1.0,0.1917913310318373,0.5085054306696033,2223866.0,223.0,0.02533883,1.8314892314118064e-06,7.0,0.0,0.0,1.0,0.0,0.0,0.0,0.0,0.0,0.0,1.0,0.0,1.0,17.0,1.0,0.0,0.0,0.0,0.0,5.0,0.0,0.0,1.0,1.0,0.0,0.0,24.0,0.0,23.0,20.04716667,64.09924519,22.92464375450478,0.5715340903215511,0.2544993989071037,0.0207862671771092,183.0,-0.245936153846154,0.0180624222641621,130.0,0.2509427795527156,0.0196113031521852,313.0,3.407002663779113,0.0075191715428635,0.0712785734162921,0.0156428629955393,20.060674391099585,2.322449260305919,"The relationship between the VARS2 gene and cancer remains a topic of ongoing research, but evidence suggests that disruptions in mitochondrial function, where VARS2 plays a crucial role in mitochondrial tRNA synthesis, can contribute to tumorigenesis. Variations in mitochondrial gene expression can alter energy metabolism and promote the Warburg effect, which is characterized by increased glycolysis in cancer cells even in the presence of oxygen. Furthermore, aberrant mitochondrial translation can lead to the production of dysfunctional proteins, impacting cellular proliferation, apoptosis, and stress responses. Such mitochondrial dysregulation has been implicated in various cancer types, indicating that VARS2 may influence cancer progression through mechanisms related to altered bioenergetics and cellular homeostasis.",0
BMP8B,1209,0.3333333333333333,0.0,0.0,0.6666666666666666,0.0,1.0,0.0,0.0,1.0,0.0,1.3333333333333333,1.3333333333333333,1.0,1.0,0.7745933384972892,0.9724377318857516,975798.5,388.0,0.03857199,2.3084401076855454e-06,5.0,0.0,0.0,0.0,0.0,0.0,0.0,0.0,0.0,0.0,0.0,0.0,0.0,4.0,0.0,0.0,0.0,0.0,0.0,2.0,0.0,0.0,0.0,0.0,0.0,0.0,6.0,0.0,5.0,16.71916667,45.90788417,21.88701420269522,1.8204614569819408,0.3428844520547945,0.1053394084662494,145.0,-0.2332713836477987,0.0143096349993392,159.0,0.2857419016393442,0.060689532300977,304.0,3.1346979361115137,0.0290349170329936,0.1015102026484589,0.0130037089219794,20.060674391099585,2.322449260305919,"The BMP8B gene, which encodes a member of the bone morphogenetic protein (BMP) family, has been implicated in various biological processes including cell differentiation and proliferation. While direct links between BMP8B and cancer remain under-researched, BMP signaling pathways are known to influence tumorigenesis, either by promoting or inhibiting cancer cell growth depending on the cellular context. Alterations in BMP signaling can result in dysregulated gene expression, apoptosis escape, and metastasis, suggesting potential roles for BMP8B in these processes. Furthermore, the modulation of the tumor microenvironment by BMPs, including effects on immune cell behavior and extracellular matrix remodeling, may indirectly implicate BMP8B in cancer progression. Further studies are necessary to fully elucidate the functional relevance of BMP8B in cancer.",0
KYNU,1398,0.2,0.0,0.0,0.8,0.0,1.0,0.0,0.0,1.0,0.0,3.2,3.2,1.0,1.0,0.0451182097094387,0.1849155996663554,48514.65,369.0,0.02041037,6.0312376751981054e-05,44.0,0.0,0.0,0.0,0.0,0.0,0.0,0.0,0.0,0.0,0.0,0.0,0.0,15.0,0.0,0.0,0.0,0.0,0.0,4.0,2.0,0.0,0.0,1.0,0.0,0.0,20.0,0.0,17.0,20.9758,78.79424722,24.66440990441064,1.8508062366273432,0.2236918324607329,0.0182646847982033,191.0,-0.2348342352941176,0.0183797740866106,85.0,0.2271233695652174,0.018259978649332,276.0,3.4475994157382024,0.0508520096474565,0.111514500398345,0.0145173604745375,20.060674391099585,2.322449260305919,"The KYNU gene encodes the enzyme kynureninase, which plays a critical role in the kynurenine pathway of tryptophan metabolism. Dysregulation of this pathway has been implicated in various cancers, as it can influence immune response and tumor microenvironment. Overexpression of KYNU can lead to increased production of kynurenine, which can promote immune evasion by inhibiting T cell proliferation and function through the activation of immunosuppressive pathways. This may facilitate tumor progression and metastasis. Moreover, the metabolites generated from the kynurenine pathway can have direct effects on tumor cell metabolism and proliferation, linking KYNU dysregulation to cancer development and progression.",0
MANSC1,1296,0.125,0.0,0.0,0.875,0.0,1.0,0.0,0.0,1.0,0.0,3.5,3.5,1.0,1.0,0.1777777777777777,0.4848392796605308,698797.5,242.0,0.01990511,0.0,0.0,0.0,0.0,0.0,0.0,0.0,0.0,0.0,0.0,0.0,0.0,0.0,0.0,8.0,0.0,0.0,0.0,0.0,0.0,1.0,0.0,0.0,0.0,1.0,0.0,0.0,8.0,0.0,8.0,13.25425,136.6659191,20.207774312281355,3.696401572126061,0.305301422413793,0.0588755262979679,232.0,-0.2715541791044774,0.0328667338169902,134.0,0.2929458743169398,0.0495020772933431,366.0,3.39709669443781,0.0200240197447025,0.0420351762959292,0.0094277597104844,18.244786327583387,3.9172868727969417,"Yes, there is a relationship between the MANSC1 gene and cancer. MANSC1 has been implicated in the regulation of cellular processes such as apoptosis and proliferation, both of which are critical in tumor development and progression. Alterations in MANSC1 expression or function may disrupt normal cellular signaling pathways, contributing to uncontrolled cell growth and evasion of apoptosis, hallmark traits of cancerous cells. Additionally, MANSC1's potential role in the endoplasmic reticulum stress response may influence the tumor microenvironment, further modulating cancer cell survival and adaptation. These mechanisms highlight the importance of MANSC1 in maintaining cellular homeostasis, with dysregulation possibly linking it to oncogenesis.",0
NR2E1,1158,0.125,0.0,0.0,0.875,0.0,1.0,0.0,0.0,1.0,0.0,3.5,3.5,1.0,1.0,0.0206487848190134,0.1007681101786843,334933.2,436.0,0.03504358,5.09430215103965e-05,30.0,0.0,0.0,0.0,0.0,0.0,0.0,0.0,0.0,0.0,0.0,0.0,0.0,8.0,0.0,0.0,0.0,0.0,0.0,1.0,0.0,0.0,0.0,0.0,0.0,0.0,9.0,0.0,9.0,23.80766667,62.6956465,15.982382989264076,0.9621251840387864,0.2465134545454545,0.0476192889384153,110.0,-0.2843486281588447,0.0298122629937634,277.0,0.2735944444444443,0.0350554264651698,387.0,1.1873022834104023,1.3707634964616564,0.3492781494660127,0.0400363032545685,20.060674391099585,2.322449260305919,"The NR2E1 gene, also known as neuronal regeneration-related 1 (Nurr1), has been implicated in cancer through its role in cellular differentiation, apoptosis, and inflammation. In various cancer types, aberrant expression of NR2E1 can influence signaling pathways that regulate cell proliferation and survival. For example, NR2E1 is known to interact with coregulatory proteins that modulate the transcription of target genes associated with tumorigenesis. Additionally, NR2E1 may affect the tumor microenvironment by influencing the immune response, potentially altering inflammation and immune evasion mechanisms. These multifaceted interactions highlight the complexity of NR2E1's involvement in cancer biology, warranting further investigation to elucidate its precise role and mechanisms involved.",0
C11ORF24,1350,0.5,0.0,0.0,0.5,0.0,1.0,0.0,0.0,1.0,0.0,0.5,0.5,1.0,1.0,0.0539781928101047,0.211549991948172,833156.9,233.0,0.05202322,0.0,0.0,0.0,0.0,0.0,0.0,0.0,0.0,0.0,0.0,0.0,0.0,0.0,8.0,1.0,0.0,0.0,0.0,0.0,0.0,0.0,1.0,0.0,0.0,0.0,0.0,0.0,10.0,0.0,9.0,12.8322,101.5976331,21.88701420269522,1.8204614569819408,0.3125621266968325,0.0846864175386384,221.0,-0.2299447727272727,0.0172135097516718,88.0,0.28903355987055,0.0667473442217018,309.0,3.4124555183932856,0.0054296990359986,0.0725075341445788,0.0050261579002507,20.060674391099585,2.322449260305919,"The relationship between the C11ORF24 gene and cancer is currently not well-established, and comprehensive studies are needed to elucidate any potential links. However, some evidence suggests that genes located in specific chromosomal regions may exhibit altered expression or mutations in various cancers, potentially influencing tumorigenesis. C11ORF24, situated at 11q24.3, could theoretically be involved in processes such as cellular proliferation, apoptosis, or genomic stability, which, when dysregulated, might contribute to malignant transformation. Further research is warranted to clarify its role in cancer biology and any associated mechanisms.",0
INSM1,1533,0.375,0.0,0.0,0.5,0.0,1.0,0.0,0.125,1.0,0.0,1.0,1.25,1.0,1.0,0.6653359946773121,0.9364358687763392,226483.4,808.0,-0.008751695,5.168799907906934e-07,5.0,0.0,0.0,0.0,0.0,0.0,0.0,0.0,0.0,0.0,1.0,0.0,0.0,4.0,0.0,0.0,0.0,0.0,0.0,3.0,0.0,0.0,1.0,0.0,0.0,0.0,7.0,0.0,8.0,17.68,43.4775,19.411688772590075,4.242986125009854,0.3102236217948718,0.0521747589865189,312.0,-0.2625633333333334,0.0320470689608974,105.0,0.298222829736211,0.0474463872948579,417.0,1.4443563570978,1.1902402880533185,0.0921724542960386,0.0211998032804705,16.873998174572982,0.7093078279692893,"Yes, there is a relationship between the INSM1 gene and cancer. INSM1 (Insulinoma-associated 1) is a transcription factor that plays a role in neuroendocrine differentiation and development. Its expression has been observed in various neuroendocrine tumors, such as small cell lung cancer and neuroblastoma. In these contexts, INSM1 may promote tumorigenesis through mechanisms such as enhancing cell proliferation, inhibiting apoptosis, and facilitating the metastatic potential of cancer cells. Furthermore, INSM1 is implicated in regulating genes involved in neuroendocrine lineage commitment, suggesting that aberrant expression or dysregulation of INSM1 could contribute to the pathogenesis and progression of neuroendocrine tumors by promoting an undifferentiated or aggressive tumor phenotype.",0
SPRYD4,624,0.0,0.0,0.0,1.0,0.0,1.0,0.0,0.0,1.0,0.0,3.0,3.0,1.0,1.0,0.3412969283276451,0.7081919532522103,2793663.0,184.0,0.06125761,1.4120960064114214e-07,2.0,0.0,0.0,0.0,0.0,0.0,0.0,0.0,0.0,0.0,0.0,0.0,0.0,2.0,0.0,0.0,0.0,0.0,0.0,0.0,1.0,0.0,0.0,0.0,0.0,0.0,3.0,0.0,3.0,22.64,97.6368,24.28159587887312,0.3918434767075305,0.2505164880952382,0.0377998859869938,168.0,-0.2364258490566037,0.0233643661426055,106.0,0.2450653649635036,0.0321565694234926,274.0,3.3881164001270827,0.0042843160829645,0.0427636968318725,0.006705202271888,20.060674391099585,2.322449260305919,"There is evidence to suggest that the SPRYD4 gene may be implicated in cancer-related processes, although the extent and mechanisms remain under investigation. SPRYD4 is involved in the regulation of protein stability and cellular signaling pathways, which can impact cell proliferation and apoptosis. Dysregulation of these processes is frequently observed in cancer. For instance, alterations in SPRYD4 expression may influence tumor microenvironment interactions or modulate the response to stress signals, thereby contributing to tumorigenesis or metastasis. Additionally, SPRYD4 has been associated with pathways involving ubiquitination and protein degradation, which are critical for maintaining cellular homeostasis and can affect oncogenic drivers. Thus, while the direct relationship between SPRYD4 and specific cancer types is still being explored, its potential role in key pathways suggests a relevant connection in the context of cancer biology.",0
NXPE4,1635,0.2,0.0,0.0,0.8,0.0,1.0,0.0,0.0,1.0,0.0,3.0,3.0,1.0,1.0,0.8968609865470852,0.9944882555265308,109030.0,716.0,-0.01726329,0.0,1.0,0.0,0.0,0.0,0.0,0.0,0.0,0.0,0.0,0.0,0.0,0.0,0.0,12.0,0.0,0.0,0.0,0.0,0.0,3.0,0.0,0.0,0.0,0.0,0.0,0.0,15.0,0.0,15.0,12.67046667,67.47609784,21.36366415482821,0.3181456341198502,0.2067602830188679,0.0126283378084905,106.0,-0.277511592920354,0.0203595819947846,226.0,0.2549223192771085,0.0189367954589551,332.0,1.9663327467377527,0.7011598152250844,0.111514500398345,0.0145173604745375,20.060674391099585,2.322449260305919,"The NXPE4 gene, part of the neurexophilin family, has been suggested to play a role in cell signaling and neuronal functions. While the direct association between NXPE4 and cancer remains largely unestablished, potential mechanisms may include its involvement in neuronal signaling pathways that could influence tumor microenvironments. Aberrant expression of neuronal signaling molecules can impact tumor growth and metastasis, potentially through modulation of synaptic components or neuronal-immune interactions. Additionally, changes in cell adhesion and migration facilitated by neurexophilins could contribute to cancer progression. However, more research is needed to elucidate any specific links between NXPE4 and oncogenic processes.",0
ZNF234,2103,0.2272727272727272,0.0909090909090909,0.0,0.5909090909090909,0.0,1.0,0.0454545454545454,0.0454545454545454,0.9311480997434254,0.0,2.1666666666666665,2.833333333333333,0.7251631617113851,1.0,0.9066183136899364,0.9954974979794792,554986.2,634.0,-0.02751797,5.411435568366698e-08,3.0,0.0,0.0,0.0,0.0,0.0,0.0,1.0,0.0,0.0,1.0,0.0,0.0,13.0,2.0,0.0,0.0,0.0,0.0,5.0,0.0,0.0,2.0,0.0,0.0,0.0,20.0,0.0,18.0,16.5581,71.26842094,21.88701420269522,1.8204614569819408,0.2593469518716579,0.0260938082879707,187.0,-0.25921950310559,0.0237330215472515,161.0,0.2592879885057471,0.024930066842628,348.0,3.3178948642806407,0.0131876967849384,0.0689968850905711,0.0092575074254023,20.060674391099585,2.322449260305919,"The relationship between the ZNF234 gene and cancer is not well-established, but some studies suggest that alterations in zinc finger proteins, including ZNF234, may influence tumorigenesis. ZNF234 is involved in regulating gene expression through its zinc finger motifs, which can interact with DNA and affect transcriptional activity. Dysregulation of ZNF234 could potentially disrupt normal cellular processes, such as proliferation, differentiation, and apoptosis, thereby contributing to cancer development. Additionally, mutations or epigenetic modifications affecting ZNF234 expression may alter downstream target genes and pathways associated with oncogenesis, although specific mechanisms and the direct role of ZNF234 in particular cancer types remain to be fully elucidated.",0
TOMM34,930,0.0,0.3333333333333333,0.0,0.6666666666666666,0.0,1.0,0.0,0.0,1.0,0.0,2.0,3.0,0.4359197907585005,1.0,0.5027652086475616,0.8484826545358648,952218.9,282.0,0.03172956,3.9582146739152426e-05,31.0,0.0,0.0,0.0,0.0,0.0,0.0,0.0,0.0,0.0,0.0,0.0,0.0,2.0,1.0,0.0,0.0,0.0,0.0,0.0,0.0,0.0,0.0,0.0,0.0,0.0,3.0,0.0,3.0,26.77666667,116.1476333,25.63891792234012,0.4109840231706941,0.331965754985755,0.0498058197576426,351.0,-0.2282296774193548,0.0202544216195663,62.0,0.3163927845036322,0.0466858973754801,413.0,3.449012700038341,0.0100655207651086,0.0551138345079432,0.0040401188121852,22.522106200583536,0.921646161769143,"Yes, there is a relationship between the TOMM34 gene and cancer. TOMM34, a component of the translocase of the outer mitochondrial membrane, is involved in mitochondrial protein import and has been implicated in cellular stress responses. Altered expression of TOMM34 has been observed in various cancers, suggesting a role in tumorigenesis. Mechanistically, TOMM34 may influence cell proliferation, apoptosis, and mitochondrial dynamics. Overexpression can lead to enhanced mitochondrial function and survival under stress conditions, which may confer a growth advantage to tumor cells. Furthermore, its interaction with key oncogenic pathways may modulate the cellular microenvironment, contributing to cancer progression and metastasis.",0
UQCRC1,1443,0.125,0.125,0.0,0.75,0.0,1.0,0.0,0.0,1.0,0.0,3.0,3.5,0.4297378599054577,1.0,0.7558578987150416,0.9674239494579128,1386275.0,212.0,0.03662422,5.050913256748479e-05,36.0,0.0,0.0,0.0,0.0,0.0,0.0,0.0,0.0,0.0,0.0,0.0,1.0,6.0,1.0,0.0,0.0,0.0,0.0,1.0,0.0,0.0,0.0,0.0,0.0,0.0,9.0,0.0,8.0,20.19288889,106.8844481,27.774287940613387,0.295560301503795,0.2209543396226415,0.0224076213714645,106.0,-0.2779293023255816,0.0208671941118664,430.0,0.2666618656716418,0.0216464861396903,536.0,3.660248153994523,0.0039431608645706,0.1275842443508034,0.0084834130920292,21.46239861640461,1.9451822524053903,"The UQCRC1 gene encodes a subunit of the mitochondrial respiratory chain complex III, which is crucial for cellular energy production through oxidative phosphorylation. Emerging evidence suggests that dysregulation of mitochondrial function, including alterations in complexes such as that involving UQCRC1, may contribute to tumorigenesis. This is hypothesized to occur via mechanisms such as increased reactive oxygen species (ROS) production, which can lead to oxidative DNA damage and promote genomic instability. Furthermore, dysfunctional mitochondrial metabolism can affect the metabolic reprogramming of cancer cells, facilitating their survival and growth in hypoxic environments. Additionally, UQCRC1 has been associated with the modulation of apoptosis, thereby influencing cancer cell proliferation and resistance to therapy. Thus, while direct links between UQCRC1 and specific cancer types require further investigation, its role in mitochondrial function suggests a potential involvement in cancer biology.",0
RAB3B,660,0.3333333333333333,0.0,0.1111111111111111,0.5555555555555556,0.0,1.0,0.0,0.0,1.0,0.0,1.25,1.5,0.2234137622877568,1.0,0.7843137254901961,0.9748597479297172,701660.3,353.0,0.02212364,5.990791894451917e-06,11.0,0.0,0.0,0.0,0.0,0.0,0.0,0.0,0.0,0.0,0.0,0.0,0.0,4.0,0.0,0.0,0.0,0.0,0.0,3.0,1.0,0.0,0.0,0.0,0.0,0.0,8.0,0.0,8.0,18.127,100.2322537,20.6897001552868,3.3493488861074474,0.226282222222222,0.0158335857389408,108.0,-0.2354052331606219,0.0168693612854922,192.0,0.232131860465116,0.0164629153425271,300.0,3.1229486478538977,0.1193742674280507,0.0563040432425635,0.0064061081375705,18.507109207922923,4.757982448054108,"The RAB3B gene encodes a member of the RAB family of small GTPases, which are involved in vesicular trafficking and exocytosis. Dysregulation of vesicular transport processes is increasingly recognized as a contributing factor in cancer progression. Overexpression or mutation of RAB3B may influence tumorigenic processes by altering the secretion of signaling molecules, growth factors, or neurotransmitters that can promote cell proliferation and survival. Furthermore, RAB3B's role in the modulation of cellular communication pathways may facilitate cancer cell migration and metastasis by affecting the release of matrix metalloproteinases or other factors involved in the tumor microenvironment. While specific links between RAB3B and particular cancer types remain to be fully elucidated, its functional roles suggest potential implications in oncogenesis.",0
GAS7,1431,0.4230769230769231,0.1153846153846153,0.0,0.4615384615384615,0.0,1.0,0.0,0.0,0.9610929403394044,0.0,1.0,1.25,0.3096934035305048,1.0,0.9910802775024776,0.9999601004672664,91570.27,604.0,-0.03022262,1.2735150114978744e-05,23.0,0.0,0.0,0.0,0.0,0.0,0.0,0.0,0.0,0.0,0.0,0.0,5.0,12.0,2.0,0.0,0.0,0.0,0.0,11.0,1.0,0.0,4.0,1.0,0.0,0.0,26.0,0.0,25.0,21.07396154,185.9183564,23.519673114465373,2.2001696071976733,0.3023252702702702,0.3191327573458163,73.0,-0.2813208616780045,0.0208745918488012,441.0,0.2843389708737864,0.0632479927563317,514.0,3.466852642259277,0.0297202591443735,0.267112485099075,0.0261696268234674,23.55896939680093,0.7673407561419321,"The GAS7 gene (growth arrest-specific 7) has been implicated in various cancer types through multiple mechanisms. It is involved in regulating cell proliferation, differentiation, and apoptosis. Abnormal expression of GAS7 has been observed in several cancers, suggesting a potential role in tumorigenesis. Mechanistically, GAS7 may influence the activation of signaling pathways associated with cell cycle control and survival, such as the MAPK and PI3K/Akt pathways. Additionally, GAS7 can interact with cytoskeletal components, affecting cellular dynamics that are crucial for metastasis and tumor progression. Consequently, its dysregulation could contribute to altered cellular behaviors typical of cancer cells.",0
TROAP,2337,0.2142857142857142,0.0,0.0,0.7857142857142857,0.0,1.0,0.0,0.0,1.0,0.0,2.75,2.75,1.0,1.0,0.5050505050505051,0.8500489114679008,2137968.0,175.0,0.03708698,3.0792707322629964e-05,19.0,0.0,0.0,0.0,0.0,0.0,0.0,0.0,0.0,0.0,0.0,0.0,3.0,11.0,0.0,0.0,0.0,0.0,0.0,3.0,0.0,0.0,0.0,0.0,0.0,0.0,17.0,0.0,17.0,14.83641176,38.55161051,21.88701420269522,1.8204614569819408,0.222347302631579,0.0134274325681727,152.0,-0.25101048,0.0280126392513806,125.0,0.2352819494584836,0.0201357365672003,277.0,3.122527121728341,0.0708696695648166,0.0480901886211047,0.014970257694877,18.213839059190228,1.2860662125120317,"The relationship between the TROAP gene and cancer is currently not well-established, but some studies suggest a potential involvement in tumorigenesis. TROAP, or trophinin-associated protein, is implicated in cell adhesion and may influence cellular processes like proliferation and migration, which are critical in cancer progression. Alterations in TROAP expression or function could affect the integrity of cell-cell interactions and promote invasive characteristics in cancer cells. Additionally, TROAP's interaction with various proteins involved in cytoskeletal dynamics may further contribute to tumor behavior, although the specific mechanisms and pathways remain to be elucidated through further research.",0
ZNF273,1710,0.2222222222222222,0.0,0.0,0.7777777777777778,0.0,1.0,0.0,0.0,1.0,0.0,2.333333333333333,2.333333333333333,1.0,1.0,0.7524454477050414,0.9664610833191184,217075.9,1017.0,-0.01505887,8.750545677267963e-06,4.0,0.0,0.0,0.0,0.0,0.0,0.0,0.0,0.0,0.0,0.0,0.0,0.0,7.0,0.0,0.0,0.0,0.0,0.0,2.0,0.0,0.0,0.0,0.0,0.0,0.0,9.0,0.0,8.0,10.05011111,33.03352111,15.4919078154819,0.3581670905251816,0.2998373280423283,0.0264949621092873,378.0,-0.2428650495049504,0.0233947756392475,101.0,0.2878243841336119,0.0263321826117015,479.0,3.097260694486847,0.0145854639852593,0.111514500398345,0.0145173604745375,20.060674391099585,2.322449260305919,"The ZNF273 gene, which encodes a zinc finger protein, has been implicated in various biological processes, including transcriptional regulation and cell differentiation. Some studies suggest a potential relationship between alterations in ZNF273 expression and cancer, particularly in terms of its role in modulating pathways associated with cellular proliferation and apoptosis. Aberrant expression of ZNF273 might influence tumorigenesis by affecting gene networks involved in cell cycle regulation and stress responses. Additionally, the potential interaction of ZNF273 with other oncogenic factors could alter signaling pathways that drive cancer progression. However, further research is needed to establish a definitive role and the underlying mechanisms involved.",0
MPPED1,981,0.2222222222222222,0.0,0.0,0.6666666666666666,0.0,1.0,0.1111111111111111,0.0,1.0,0.0,2.0,2.333333333333333,1.0,1.0,0.5189413596263622,0.8593484117447998,354735.3,618.0,-0.006340676,6.648861195989986e-05,26.0,0.0,0.0,4.0,0.0,0.0,0.0,1.0,0.0,0.0,0.0,0.0,0.0,6.0,0.0,0.0,0.0,0.0,0.0,2.0,0.0,0.0,1.0,0.0,0.0,0.0,12.0,0.0,13.0,19.27208333,39.5278339,13.056907960068123,0.1269431194943117,0.2316320689655173,0.019377146687856,116.0,-0.3038443973941366,0.0316859519266781,306.0,0.284041489361702,0.02929688977953,422.0,1.1049965046672894,1.1863101607128126,0.0998019649053296,0.0125572622436995,20.060674391099585,2.322449260305919,"The MPPED1 gene has been implicated in various processes that could relate to cancer biology, including cell proliferation, apoptosis, and cell signaling pathways. It encodes a protein that may influence the mitotic process and contribute to chromosomal integrity. Dysregulation of MPPED1 expression or function could lead to abnormal cell cycle progression and increased genomic instability, both of which are hallmarks of cancer. Additionally, its involvement in signaling pathways may affect cellular responses to stress or growth factors, further linking MPPED1 to oncogenic processes. However, the specific mechanisms by which MPPED1 may contribute to cancer development or progression are still under investigation.",0
TPX2,2244,0.0,0.0588235294117647,0.0,0.8823529411764706,0.0,1.0,0.0588235294117647,0.0,0.9712175832802088,0.0,15.0,17.0,0.9233610341643582,1.0,0.0934142923867351,0.31487257562276,890614.9,237.0,0.02342672,7.687749341559723e-05,34.0,0.0,0.0,0.0,0.0,0.0,0.0,0.0,1.0,0.0,0.0,0.0,0.0,15.0,1.0,0.0,0.0,0.0,0.0,0.0,0.0,0.0,0.0,0.0,1.0,0.0,16.0,0.0,15.0,24.61125,24.73295833,22.824248033422347,1.2536703169409054,0.3347568907563024,0.0508828775405863,357.0,-0.1965558,0.012836033592204,50.0,0.3177788697788699,0.048228886881478,403.0,3.501382793067976,0.0354913050564452,0.0360033038297564,0.0054987660818062,21.734094725013147,1.8469824849654115,"Yes, there is a relationship between the TPX2 gene and cancer. TPX2, a crucial regulator of microtubule dynamics during cell division, is often found to be overexpressed in various malignancies. Its dysregulation can lead to improper chromosome segregation and aneuploidy, contributing to tumorigenesis. Additionally, TPX2 interacts with key cellular structures and proteins involved in the mitotic spindle assembly, influencing cell proliferation and survival. The aberrant activity of TPX2 may facilitate the survival of cancer cells under stress conditions and promote metastatic behaviors, implicating it as a potential player in cancer progression and poor prognosis.",0
PFDN2,465,0.0,0.3333333333333333,0.0,0.6666666666666666,0.0,1.0,0.0,0.0,1.0,0.0,2.0,3.0,0.5966587112171837,1.0,0.075466002565844,0.2704756638202777,689033.1,250.0,0.02271094,0.000173447657026,48.0,0.0,0.0,0.0,0.0,0.0,0.0,0.0,0.0,0.0,0.0,0.0,0.0,1.0,1.0,0.0,0.0,0.0,0.0,0.0,0.0,0.0,0.0,0.0,0.0,0.0,2.0,0.0,2.0,35.0,8.0,26.17810806141576,0.2667259464553519,0.2932540740740741,0.0321406564638063,405.0,-0.1874474193548387,0.0073053953664516,31.0,0.2857311238532111,0.0310950764182742,436.0,3.3701979591628364,0.0122169133280497,0.0714310011726489,0.0102806316191864,17.93880802198697,0.7845407461198773,"The PFDN2 gene encodes a protein that is part of the prefoldin complex, which plays a crucial role in facilitating protein folding by transferring nascent polypeptides to chaperonin complexes. Alterations in PFDN2 expression or function have been implicated in various cancers, potentially through mechanisms such as disruption of protein homeostasis, leading to the accumulation of misfolded proteins and subsequent cellular stress responses. Additionally, aberrant PFDN2 activity could influence signaling pathways involved in cell proliferation, apoptosis, and the stress response, thereby contributing to tumorigenesis. Furthermore, its role in facilitating proper folding of oncogenic proteins might influence cancer cell survival and proliferation. Overall, the relationship between PFDN2 and cancer underscores the importance of protein quality control in maintaining cellular integrity in the context of oncogenesis.",0
MUC4,16239,0.3611111111111111,0.0555555555555555,0.0277777777777777,0.5,0.0,1.0,0.0555555555555555,0.0,0.9376219165483384,0.0,1.2857142857142858,1.6428571428571428,0.0540044283631257,1.0,0.0001899999999999,0.0018180124323027,920865.7,365.0,0.04851806,0.0,0.0,0.0,0.0,0.0,0.0,0.0,0.0,2.0,0.0,0.0,0.0,0.0,74.0,18.0,2.0,0.0,0.0,0.0,0.0,13.0,1.0,0.0,6.0,0.0,1.0,0.0,103.0,0.0,74.0,11.16245631,99.0874536,22.213860092375832,2.7051599112075086,0.3638401111111113,0.0719300762400989,360.0,-0.2980130487804877,0.0324211398807136,82.0,0.3516278506787331,0.065166468713964,442.0,2.8656024246543503,0.5850622639605008,0.111514500398345,0.0145173604745375,17.836283299805547,2.063641660475296,"Yes, there is a relationship between the MUC4 gene and cancer. MUC4 encodes a glycoprotein that is overexpressed in various malignancies, including pancreatic, breast, and lung cancers. The protein is thought to play a role in tumor progression by promoting cell proliferation, inhibiting apoptosis, and enhancing the invasive properties of cancer cells. Mechanistically, MUC4 can modulate cancer cell signaling pathways, such as the ErbB2/YAP signaling cascade, which contributes to the aggressive behavior of tumors. Additionally, MUC4's interaction with the extracellular matrix may facilitate tumor metastasis by altering adhesion properties, thereby enabling cancer cells to migrate and invade surrounding tissues. Overall, the aberrant expression of MUC4 is associated with poor prognosis in several cancer types, highlighting its potential significance in oncogenesis.",0
OR4X1,918,0.2,0.1333333333333333,0.0,0.6,0.0,1.0,0.0666666666666666,0.0,0.9188632257835572,0.0,2.25,3.0,0.1012043315453901,1.0,0.5063291139240507,0.8509207080268786,400891.2,509.0,-0.02735859,0.0,0.0,0.0,0.0,0.0,0.0,0.0,0.0,1.0,0.0,0.0,0.0,0.0,0.0,9.0,2.0,0.0,0.0,0.0,0.0,3.0,0.0,0.0,1.0,0.0,0.0,0.0,14.0,0.0,15.0,16.37035714,146.7276375,21.88701420269522,1.8204614569819408,0.2087304347826086,0.0180405320625833,138.0,-0.253821094890511,0.0226527840524688,137.0,0.2311937818181818,0.0207741239046237,275.0,0.0234021914770819,0.0261539918961712,0.111514500398345,0.0145173604745375,20.060674391099585,2.322449260305919,"The relationship between the OR4X1 gene and cancer is currently not fully established, but emerging evidence suggests potential involvement in tumorigenesis. OR4X1 encodes an olfactory receptor, and while olfactory receptors primarily function in sensory perception, there is growing interest in their role in cellular signaling pathways that may influence cancer progression. Alterations in olfactory receptor expression could impact processes such as cell proliferation, apoptosis, and tumor microenvironment interactions. Furthermore, the dysregulation of G-protein coupled receptors, which includes olfactory receptors, can lead to aberrant signaling cascades that promote oncogenic pathways. However, the specific contributions of OR4X1 to cancer development and progression remain to be fully elucidated.",0
SYNE3,2928,0.2727272727272727,0.0,0.0606060606060606,0.6363636363636364,0.0,1.0,0.0,0.0303030303030303,0.987985462838148,0.0,2.1,2.4,0.6613756613756614,1.0,0.2446183953033268,0.5890547585375253,202508.5,475.0,0.03175514,0.0,0.0,3.0,0.0,0.0,0.0,0.0,0.0,0.0,0.0,0.0,1.0,0.0,0.0,21.0,0.0,0.0,0.0,0.0,0.0,8.0,2.0,0.0,1.0,0.0,0.0,0.0,34.0,0.0,28.0,15.53876471,96.66586303,22.32138145494708,0.5572740203987696,0.2477781645569619,0.033906615570495,158.0,-0.2809357088122605,0.0203255751561302,261.0,0.268432386634845,0.0256368263727592,419.0,3.3028604138264512,0.0494940871138878,0.111514500398345,0.0145173604745375,20.060674391099585,2.322449260305919,"The SYNE3 gene, which encodes a member of the spectrin-repeat protein family, has been implicated in various cellular processes such as cellular architecture and nuclear organization. Although direct evidence linking SYNE3 to cancer is limited, alterations in similar genes within the nesprin family have been associated with tumorigenesis through mechanisms such as disruption of the nuclear envelope, impaired cellular signaling pathways, and altered cell adhesion properties. These changes can contribute to genomic instability, facilitate tumor progression, and influence the metastatic potential of cancer cells. Further research is needed to elucidate any specific roles SYNE3 may play in cancer biology.",0
RNASE7,471,0.0,0.2,0.0,0.6,0.0,1.0,0.2,0.0,0.8277293767706428,0.0,3.0,5.0,0.19790223629527,1.0,0.4137360364087712,0.7788693014982813,937278.4,320.0,0.02015836,1.6959511236294543e-06,7.0,0.0,0.0,0.0,0.0,0.0,0.0,0.0,1.0,0.0,0.0,0.0,0.0,3.0,1.0,0.0,0.0,0.0,0.0,0.0,0.0,0.0,0.0,0.0,1.0,0.0,4.0,0.0,5.0,20.2525,99.535825,21.91560716318164,6.448680281116422,0.2528534682080924,0.0345124287030178,173.0,-0.281801923076923,0.0234620190748266,234.0,0.2694970515970517,0.0282909867568027,407.0,1.7433940982283225,1.0113880076147028,0.111514500398345,0.0145173604745375,20.060674391099585,2.322449260305919,"The RNASE7 gene encodes a member of the RNase A family, which is known for its antimicrobial properties and potential involvement in immune responses. Research has indicated that RNASE7 may have a role in modulating the tumor microenvironment and influencing cancer cell proliferation and apoptosis. For example, RNASE7 expression has been linked to inflammatory responses and may affect the viability of cancer cells through mechanisms such as induction of oxidative stress or regulation of inflammatory cytokines. Furthermore, aberrant regulation of RNASE7 has been observed in various cancers, suggesting that it may influence tumor progression and metastasis through pathways that involve immune evasion or altered cellular signaling. Overall, while direct causal relationships between RNASE7 and specific cancers require further elucidation, its functional role in inflammation and immune modulation positions it as a gene of interest in oncogenic studies.",0
C10ORF82,465,0.6666666666666666,0.0,0.3333333333333333,0.0,0.0,1.0,0.0,0.0,1.0,0.0,0.0,0.3333333333333333,0.0211447782969995,1.0,1.0,1.0,195358.6,618.0,-0.0168780999999999,0.0,1.0,1.0,0.0,0.0,0.0,0.0,0.0,0.0,0.0,0.0,0.0,0.0,0.0,0.0,0.0,0.0,0.0,0.0,0.0,2.0,1.0,0.0,0.0,0.0,0.0,0.0,4.0,0.0,4.0,10.216,261.56497,21.88701420269522,1.8204614569819408,0.2057169811320754,0.0123715750479424,106.0,-0.3272946333333336,0.0444579585988617,300.0,0.2955526847290643,0.0388880950058608,406.0,0.9744973776521269,1.0119764302274648,0.4601708528978802,0.0360971344041575,20.060674391099585,2.322449260305919,"The relationship between the C10ORF82 gene and cancer is currently not well elucidated in the literature. However, emerging studies suggest that C10ORF82 may play a role in various cellular processes, including proliferation and apoptosis, which could have implications in tumorigenesis. Alterations in the expression levels of this gene have been associated with specific cancer types, indicating a potential role in cancer progression or resistance. Mechanistically, it is hypothesized that C10ORF82 may interact with signaling pathways involved in cell cycle regulation or stress responses, thus influencing cellular homeostasis and potentially contributing to cancer pathophysiology. However, further research is needed to clarify its precise role and mechanisms in relation to cancer.",0
SEMA6D,3222,0.0857142857142857,0.1428571428571428,0.0,0.7714285714285715,0.0,1.0,0.0,0.0,0.9353313099590082,0.0,6.75,8.0,0.0788892395077311,1.0,0.0768403258029814,0.2740145766922385,140186.7,583.0,-0.05839896,0.0,0.0,0.0,0.0,0.0,0.0,0.0,0.0,0.0,0.0,0.0,0.0,0.0,2.0,27.0,5.0,0.0,0.0,0.0,0.0,3.0,1.0,0.0,0.0,1.0,0.0,0.0,37.0,0.0,29.0,25.53581081,79.26712355,20.06740767812258,6.41037662532511,0.2212241558441558,0.0133573388456596,77.0,-0.2707139175257734,0.0238475315356345,289.0,0.2603587228260869,0.0220165461795632,365.0,3.1973127916595723,0.0746100784257208,0.1337519145416459,0.0164230961705272,19.68572551887104,2.72771285405596,"The SEMA6D gene encodes for semaphorin 6D, a member of the semaphorin family, which are known to play critical roles in cell signaling, migration, and adhesion. Recent studies have indicated that SEMA6D may be involved in tumorigenesis and cancer progression. Its expression levels can influence tumor microenvironment interactions, potentially modulating immune responses and altering the invasive properties of cancer cells. Mechanistically, SEMA6D may affect pathways related to cell proliferation and apoptosis, and its interaction with receptors on the surface of various cell types could facilitate the formation of metastatic niches. Furthermore, aberrant expression of semaphorins, including SEMA6D, has been linked to the promotion or inhibition of angiogenesis, which is crucial for tumor growth and metastasis. Overall, the relationship between SEMA6D and cancer appears to be complex, involving multiple signaling pathways and cellular interactions.",0
ITGAV,3147,0.2,0.0,0.0,0.7,0.0,1.0,0.1,0.0,0.976862178684024,0.0,2.8,3.2,1.0,1.0,0.0721188518678782,0.261751031337105,266462.6,373.0,0.006912748,6.871401429873798e-05,26.0,0.0,0.0,0.0,0.0,0.0,0.0,2.0,0.0,0.0,0.0,0.0,1.0,14.0,0.0,0.0,0.0,0.0,0.0,4.0,0.0,0.0,2.0,0.0,0.0,0.0,19.0,0.0,20.0,20.40305263,103.3925117,26.43475479579164,0.3468818039463351,0.2420159911894272,0.019715866658637,227.0,-0.2235140909090909,0.0165037139291608,66.0,0.2378483276450514,0.0189932574352073,293.0,3.834850366479623,0.0093537393629159,0.0389596805592808,0.0055534424457007,21.321889102338474,1.8441684906075704,"Yes, there is a relationship between the ITGAV gene and cancer. ITGAV encodes the αV integrin protein, which plays a crucial role in cell adhesion, migration, and signaling. Aberrations in integrin expression, including that of αV integrin, have been associated with various malignancies. The ITGAV gene's upregulation can facilitate processes such as epithelial-mesenchymal transition (EMT), contributing to tumor progression and metastasis. Furthermore, αV integrin is involved in the interactions with the extracellular matrix, promoting a tumor-friendly microenvironment and enhancing cell survival, proliferation, and invasion. These mechanisms suggest that dysregulation of ITGAV may contribute to the aggressive behavior of certain cancers.",0
HSD17B8,786,0.25,0.0,0.0,0.5,0.0,1.0,0.0,0.25,1.0,0.0,1.0,1.5,1.0,1.0,0.5574136008918618,0.8831927333537372,1474628.0,377.0,0.02425104,1.1420490530202445e-05,12.0,0.0,1.0,0.0,0.0,0.0,0.0,0.0,0.0,0.0,1.0,0.0,0.0,2.0,0.0,0.0,0.0,0.0,0.0,1.0,0.0,0.0,1.0,0.0,0.0,0.0,4.0,0.0,4.0,15.6505,95.227867,24.89336522254337,0.4652373636866472,0.2469257222222221,0.0181617728335536,180.0,-0.2367156296296296,0.0149104021934438,135.0,0.2425499682539682,0.0167420161296168,315.0,3.1623160818003067,0.0176268844589271,0.0640330625913273,0.0095020992635638,14.729447995432436,1.6955257240603077,"The HSD17B8 gene encodes a member of the hydroxysteroid dehydrogenase family, which is involved in the metabolism of steroid hormones. Dysregulation of steroid hormone metabolism can influence cancer progression through various mechanisms, including the modulation of local hormone concentrations that affect cell proliferation and differentiation. Specifically, altered expression of HSD17B8 may impact the levels of androgens and estrogens, which are known to play critical roles in the development of hormone-related cancers such as breast and prostate cancer. Additionally, HSD17B8 may interact with signaling pathways that regulate cell survival and apoptosis, further implicating it in tumorigenesis. While direct links between HSD17B8 and specific cancer types require further investigation, its functions suggest a potential involvement in cancer biology.",0
OR8H1,936,0.16,0.12,0.0,0.68,0.0,1.0,0.04,0.0,0.9138646883853212,0.0,3.4,4.2,0.1597188947452483,1.0,0.7042253521126759,0.9511668109951896,10316.77,969.0,-0.04259914,0.0,0.0,2.0,0.0,0.0,0.0,0.0,0.0,1.0,0.0,0.0,0.0,0.0,0.0,17.0,3.0,0.0,0.0,0.0,0.0,4.0,0.0,0.0,1.0,0.0,0.0,0.0,26.0,0.0,24.0,11.77196154,126.7608597,21.88701420269522,1.8204614569819408,0.2122168055555554,0.0317755936260877,144.0,-0.2600034426229508,0.0258618598690421,122.0,0.2341339849624061,0.0295245776889658,266.0,1.032084141957738,0.6865598607520634,0.111514500398345,0.0145173604745375,20.060674391099585,2.322449260305919,"The OR8H1 gene encodes an odorant receptor, which is primarily involved in the sense of smell. There is limited direct evidence linking OR8H1 to cancer; however, the potential relationship may be inferred through the role of olfactory receptors in cellular signaling and modulation of the tumor microenvironment. Aberrant expression of olfactory receptors has been implicated in various biological processes, including cell proliferation, differentiation, and apoptosis, which are critical in cancer development and progression. Additionally, the interaction of odorant receptors with certain ligands may influence angiogenesis and immune responses, both of which are key factors in tumor biology. Further research is needed to elucidate any specific connections between OR8H1 and cancer outcomes.",0
VPS37B,858,0.1666666666666666,0.0,0.0,0.4166666666666667,0.0,1.0,0.4166666666666667,0.0,0.7301310573425013,0.0,1.6666666666666667,3.333333333333333,1.0,1.0,0.7722007722007722,0.9718229306189198,977561.2,184.0,0.03697767,2.522646984839229e-05,28.0,0.0,0.0,0.0,0.0,0.0,0.0,5.0,0.0,0.0,0.0,0.0,1.0,5.0,0.0,0.0,0.0,0.0,0.0,2.0,0.0,0.0,6.0,0.0,0.0,0.0,7.0,0.0,11.0,13.95414286,62.35817348,23.979916370402567,0.2689926526612758,0.2523858571428571,0.0798682636906269,140.0,-0.2273890666666667,0.0162657576286532,150.0,0.2394564827586205,0.0469568634616345,290.0,3.4478709762834145,0.0074656237022626,0.1521824667484644,0.0283371959687496,18.6000039426274,2.1806281541651646,"The VPS37B gene, part of the endosomal sorting complex required for transport (ESCRT) machinery, plays a critical role in various cellular processes, including the regulation of receptor trafficking and the maintenance of cellular homeostasis. Dysregulation of VPS37B function has been implicated in cancer through mechanisms such as the alteration of signaling pathways associated with cell proliferation and survival. For instance, VPS37B may influence the degradation of oncogenic receptors, thereby affecting pathways like the EGFR signaling cascade. Additionally, abnormalities in the ESCRT machinery can lead to the accumulation of misfolded proteins and the disruption of autophagic processes, further contributing to tumorigenesis. Overall, the interplay between VPS37B and cancer progression underscores the importance of endosomal trafficking in maintaining cellular integrity and normal signaling pathways.",0
GLB1L,1965,0.1111111111111111,0.2222222222222222,0.2222222222222222,0.2222222222222222,0.0,1.0,0.2222222222222222,0.0,0.4563567488095143,0.0,1.0,4.0,0.00011,1.0,0.6561679790026247,0.9326367829819256,694442.3,193.0,0.04380004,0.0,2.0,0.0,0.0,0.0,0.0,0.0,0.0,2.0,0.0,0.0,0.0,0.0,0.0,2.0,2.0,0.0,0.0,0.0,0.0,1.0,2.0,0.0,2.0,0.0,0.0,0.0,7.0,0.0,8.0,30.18071429,118.8062702,18.921982519900304,2.6627706702294835,0.2165504411764705,0.0148970039538779,136.0,-0.2563976978417266,0.0201990015714732,139.0,0.2366914181818182,0.0179113367706091,275.0,3.180161772631182,0.0267356640816283,0.0624019500876531,0.0097359042797906,20.060674391099585,2.322449260305919,"The GLB1L gene encodes a protein that shares similarities with the beta-galactosidase family and is implicated in various biological processes, including glycosylation and cellular signaling. Alterations in glycosylation patterns can influence tumorigenesis by affecting cell adhesion, proliferation, and immune evasion. Additionally, dysregulation of GLB1L expression may impact the cellular microenvironment and apoptotic pathways, potentially contributing to cancer progression. Although specific studies directly linking GLB1L to cancer are limited, its functional roles suggest that it could be involved in oncogenic processes or tumor suppression. Further research is needed to elucidate the precise mechanisms by which GLB1L may influence cancer biology.",0
ITGA3,3201,0.2916666666666667,0.0,0.1666666666666666,0.5,0.0,1.0,0.0416666666666666,0.0,0.8763199583393886,0.0,1.5,2.125,0.0408530108669008,1.0,0.6684491978609626,0.9376971120001908,1197823.0,210.0,0.01977849,1.3952593151543203e-05,15.0,0.0,0.0,0.0,0.0,0.0,0.0,1.0,0.0,0.0,0.0,0.0,0.0,13.0,0.0,0.0,0.0,0.0,0.0,9.0,4.0,0.0,1.0,1.0,0.0,0.0,25.0,0.0,23.0,19.53644,77.79723701,24.91558484311064,1.661438855314963,0.2486006698564594,0.0173211309207029,208.0,-0.2511924657534247,0.0184602596614643,146.0,0.249666591549296,0.017740424510101,354.0,3.674152256699815,0.0281672738516731,0.0238912729070166,0.0031077383675935,22.211937161997646,2.140413467411003,"The ITGA3 gene encodes integrin alpha-3, which plays a crucial role in cell adhesion, migration, and signaling by forming complexes with beta integrins. Aberrant expression or dysfunction of integrins, including ITGA3, has been implicated in various cancer types, as they can influence tumor progression, metastasis, and the tumor microenvironment. For instance, altered ITGA3 expression may affect epithelial-to-mesenchymal transition (EMT), enhancing the invasive potential of cancer cells. Additionally, ITGA3 interacts with extracellular matrix components and signaling pathways that modulate cell proliferation and survival, potentially contributing to oncogenesis. These mechanisms underline the relevance of ITGA3 in cancer biology, though the extent of its involvement can vary across different cancers.",0
CLPX,1902,0.1111111111111111,0.1111111111111111,0.0,0.7777777777777778,0.0,1.0,0.0,0.0,1.0,0.0,3.5,4.0,0.5012531328320802,1.0,0.1730702665282104,0.4766454832198068,678641.2,189.0,0.06098495,0.0001578685071838,27.0,0.0,0.0,0.0,0.0,0.0,0.0,0.0,0.0,0.0,0.0,0.0,0.0,7.0,1.0,0.0,0.0,0.0,0.0,1.0,0.0,0.0,0.0,0.0,0.0,0.0,9.0,0.0,9.0,24.35111111,55.07968611,24.13986440895068,0.1760487100655689,0.2117291139240505,0.0149804607004868,79.0,-0.2526339442231076,0.0192766561679808,250.0,0.242841575757576,0.0185051043294243,329.0,3.548093923810298,0.0017452723860009,0.0481444385736236,0.0126185687328301,17.332617508939478,2.6986263564382806,"The CLPX gene encodes a mitochondrial chaperonin involved in protein folding and maintaining mitochondrial function. Dysregulation of mitochondrial chaperone systems, such as that involving CLPX, has been implicated in various cellular stress responses and apoptosis, processes that can contribute to tumorigenesis. Additionally, impaired mitochondrial function can lead to increased reactive oxygen species (ROS) production, which may cause DNA damage and promote genomic instability, hallmarks of cancer development. Furthermore, aberrant expression of chaperonins can impact the proteostasis of oncogenic or tumor suppressor proteins, potentially influencing cancer cell survival and proliferation. Thus, while direct connections between CLPX and specific cancer types require further investigation, its role in mitochondrial homeostasis and protein quality control positions it as a potential contributor to cancer biology.",0
LAMP3,1251,0.3333333333333333,0.0,0.0,0.5,0.0,1.0,0.1666666666666666,0.0,0.953509509058145,0.0,1.2,1.6,1.0,1.0,0.0942951438000943,0.316956679680966,296132.5,596.0,0.02437183,0.0,1.0,0.0,0.0,0.0,0.0,0.0,0.0,2.0,0.0,0.0,0.0,0.0,0.0,6.0,0.0,0.0,0.0,0.0,0.0,4.0,0.0,0.0,2.0,0.0,0.0,0.0,10.0,0.0,11.0,10.0703,95.50795534,23.152070007317683,9.435713508170652,0.4503430526315788,0.1801422670782556,379.0,-0.2503654838709677,0.022468600507139,62.0,0.4222919004524888,0.1627577149995546,440.0,3.158848657572414,0.1159678143472605,0.0605223611063009,0.0188999001541138,14.385932127716512,1.7395167731740226,"Yes, the LAMP3 gene, which encodes lysosomal-associated membrane protein 3, has been implicated in various cancers. It is often associated with tumor progression and metastasis due to its role in lysosomal degradation and cellular trafficking. Elevated LAMP3 expression can enhance autophagy, thereby facilitating cancer cell survival under stress conditions and supporting tumor growth. Additionally, LAMP3 may influence the immune response within the tumor microenvironment, potentially aiding in evasion of immune surveillance. Mechanistically, through the modulation of cellular signaling pathways and interactions with other proteins, LAMP3 can contribute to the malignant phenotype of cancer cells, further highlighting its potential relevance in oncogenesis and tumor development.",0
SMARCA5,3159,0.1612903225806451,0.064516129032258,0.0,0.7741935483870968,0.0,1.0,0.0,0.0,0.9479099131401036,0.0,4.0,4.333333333333333,0.8710801393728222,1.0,0.00895,0.0511591106329235,183411.5,821.0,0.00927031,0.0003453623826378,99.0,0.0,0.0,0.0,0.0,0.0,0.0,0.0,0.0,0.0,0.0,0.0,0.0,24.0,2.0,0.0,0.0,0.0,0.0,4.0,1.0,0.0,0.0,0.0,0.0,0.0,31.0,0.0,22.0,25.91383871,80.96281627,25.69103440461265,0.3164068005334423,0.2147508333333333,0.0177863308583333,84.0,-0.2721347265625,0.0245240362924739,256.0,0.257957529411765,0.0234164060894534,340.0,3.713868708415717,0.0014148168636486,0.0652432341147034,0.0102174524073205,23.016521816173725,1.3439057290521907,"Yes, there is a relationship between the SMARCA5 gene and cancer. SMARCA5 encodes a protein that is a component of the SWI/SNF chromatin remodeling complex, which plays a crucial role in regulating gene expression and maintaining chromatin structure. Dysregulation of SMARCA5 can lead to aberrant chromatin remodeling, resulting in altered expression of genes involved in cell cycle regulation, apoptosis, and DNA repair. This dysfunction can contribute to tumorigenesis and cancer progression. Moreover, mutations or loss of expression of SMARCA5 have been associated with various cancer types, suggesting its potential role as a tumor suppressor. Such alterations may lead to enhanced cellular proliferation and reduced sensitivity to therapeutic interventions, thereby promoting cancer development and metastasis.",0
TSPAN18,747,0.3,0.1,0.0,0.4,0.0,1.0,0.2,0.0,0.8568636235841013,0.0,1.0,1.75,0.3827018752391887,1.0,0.4050222762251924,0.7710867599688305,174143.9,622.0,0.01549406,0.0,1.0,0.0,0.0,0.0,0.0,0.0,0.0,2.0,0.0,0.0,0.0,0.0,4.0,3.0,1.0,0.0,0.0,0.0,0.0,3.0,1.0,0.0,2.0,0.0,0.0,0.0,12.0,0.0,13.0,21.19133333,159.9994359,19.825522353587584,2.637035753071157,0.2263579166666665,0.0298361027522727,143.0,-0.2602297333333332,0.0214579999475794,150.0,0.2436394557823126,0.0257614201764946,293.0,3.158565251191637,0.0501352065006372,0.111514500398345,0.0145173604745375,20.060674391099585,2.322449260305919,"The TSPAN18 gene, part of the tetraspanin family, has been implicated in various cellular processes, including cell proliferation, adhesion, and signaling. These functions are critical in the context of cancer, where dysregulation of cell communication and adhesion can contribute to tumor progression and metastasis. Research suggests that TSPAN18 may influence the tumor microenvironment and modulate immune responses, potentially affecting cancer cell behavior and the efficacy of anti-tumor immunity. While the exact mechanisms by which TSPAN18 might contribute to oncogenesis or tumor progression are still being elucidated, alterations in its expression and function can be associated with cancer development, highlighting its potential relevance in the field of oncology.",0
GNAQ,1080,0.1111111111111111,0.3333333333333333,0.0,0.4444444444444444,0.0,1.0,0.0,0.1111111111111111,0.8333333333333333,0.0,2.0,4.0,0.0463349087202298,1.0,0.7122507122507122,0.9539354028515808,328480.5,671.0,-0.02381614,0.0004070011286206,58.0,0.0,0.0,0.0,0.0,0.0,0.0,0.0,0.0,0.0,1.0,0.0,0.0,4.0,3.0,0.0,0.0,0.0,0.0,1.0,0.0,0.0,1.0,0.0,0.0,0.0,8.0,0.0,7.0,31.17125,160.0020411,24.33368147909291,0.7468777112129508,0.2236010869565217,0.0128122172199777,138.0,-0.2407188235294118,0.0152542324639647,255.0,0.2347080152671756,0.0144287911230916,393.0,3.6625944441589513,0.0037507102798331,0.1280062840108837,0.0083250272893583,17.21513362768617,1.046528351593851,"Yes, there is a relationship between the GNAQ gene and cancer, particularly in uveal melanoma. The GNAQ gene encodes a G-protein subunit that plays a critical role in intracellular signaling pathways, particularly those mediated by G-protein coupled receptors. Mutations in GNAQ can lead to constitutive activation of downstream signaling pathways, such as the MAPK/ERK pathway, promoting uncontrolled cellular proliferation and survival. Such aberrant signaling can facilitate tumorigenesis by enhancing cell growth, survival, and migration. Additionally, GNAQ mutations have been implicated in the dysregulation of other pathways, such as the PI3K/AKT pathway, further contributing to the malignant phenotype. The interplay between these altered signaling pathways may foster an environment conducive to tumor progression and metastasis, emphasizing the importance of GNAQ in cancer biology.",0
CHD7,8994,0.217391304347826,0.0144927536231884,0.0,0.6521739130434783,0.0,1.0,0.1014492753623188,0.0144927536231884,0.938313810991658,0.0,2.8125,3.375,0.992063492063492,1.0,0.0292637246868781,0.132605835048852,248521.0,572.0,0.04451519,2.0374068872579703e-05,22.0,0.0,0.0,0.0,0.0,0.0,0.0,5.0,1.0,0.0,1.0,0.0,0.0,43.0,1.0,0.0,0.0,0.0,0.0,15.0,1.0,0.0,6.0,0.0,1.0,0.0,60.0,0.0,53.0,21.53931667,91.13175164,20.5009313828626,1.2759094339150894,0.3188343927648578,0.052488374397752,386.0,-0.2600205952380953,0.0181762574249426,84.0,0.3083453078556262,0.046825283643256,468.0,3.598085647162081,0.0171054519402921,0.0402146016658512,0.0116250600636077,22.32066312671336,0.7338678028175694,"The CHD7 gene, known for its role in chromatin remodeling, has been implicated in various developmental processes and is primarily associated with CHARGE syndrome. However, emerging studies suggest a potential link between CHD7 and cancer, particularly in the context of its role in regulating gene expression and maintaining genomic integrity. Dysregulation of CHD7 has been observed in certain tumors, potentially contributing to cancer progression through mechanisms such as altered transcriptional regulation, disruption of DNA repair pathways, and aberrant chromatin architecture. These disturbances can lead to increased genomic instability and changes in cellular proliferation and differentiation, which are hallmarks of cancer. Further investigation is required to elucidate the precise mechanisms and the extent of CHD7's involvement in oncogenesis.",0
IL6,639,0.3333333333333333,0.1111111111111111,0.0,0.5555555555555556,0.0,1.0,0.0,0.0,1.0,0.0,1.25,1.5,0.6277463904582549,1.0,0.2533569799847985,0.6012049142844466,948250.6,304.0,0.01353795,2.137730641373521e-07,2.0,0.0,0.0,0.0,0.0,0.0,0.0,0.0,0.0,0.0,0.0,0.0,1.0,5.0,1.0,0.0,0.0,0.0,1.0,3.0,0.0,0.0,0.0,0.0,0.0,0.0,11.0,0.0,10.0,12.18318182,101.5496504,15.469368755581566,1.1750623729254095,0.3061415876777252,0.0265426651668319,422.0,-0.2622441249999999,0.0217278101637816,80.0,0.2991459760956176,0.0259891234504425,502.0,2.776835997616472,0.200967087354233,0.111514500398345,0.0145173604745375,17.62112689416265,3.260034383549401,"Yes, there is a relationship between the IL6 gene and cancer. IL6 encodes interleukin-6, a cytokine that plays a crucial role in inflammation and immune responses. Dysregulation of IL6 signaling is implicated in tumorigenesis, as elevated IL6 levels can promote cancer cell proliferation, survival, and metastasis. Mechanistically, IL6 activates the JAK-STAT3 signaling pathway, which can lead to the expression of genes that drive oncogenesis and enhance the inflammatory tumor microenvironment. Additionally, IL6 can influence the tumor-associated macrophage population, further contributing to a pro-tumorigenic niche. Therefore, the interplay between IL6 and various signaling pathways underscores its significance in cancer progression.",0
RCL1,1122,0.0,0.0,0.0,1.0,0.0,1.0,0.0,0.0,1.0,0.0,3.0,3.0,1.0,1.0,0.1280081925243215,0.3911496432430149,238716.4,573.0,0.02625995,3.189696667431252e-06,9.0,0.0,0.0,0.0,0.0,0.0,0.0,0.0,0.0,0.0,0.0,0.0,0.0,3.0,0.0,0.0,0.0,0.0,0.0,0.0,0.0,0.0,0.0,0.0,0.0,0.0,3.0,0.0,3.0,24.8,2.17,23.342710758011147,0.328576089443298,0.2709161309523811,0.0270569093747612,168.0,-0.2956777322404368,0.0361606354816925,365.0,0.2878875655430707,0.0333728632627302,533.0,3.327992467541592,0.0053254341982799,0.0423815698092582,0.0116984957535152,20.060674391099585,2.322449260305919,"The RCL1 gene, which encodes a component of the spliceosomal complex, has been implicated in various aspects of cellular regulation that could relate to cancer. One possible mechanism is its role in pre-mRNA splicing, a critical process that can influence gene expression and, consequently, cellular behavior. Alterations in RNA splicing can lead to the production of abnormal protein isoforms, which may contribute to oncogenesis by promoting uncontrolled cell proliferation, evading apoptosis, or facilitating metastasis. Additionally, RCL1 has been observed to interact with regulatory proteins involved in the DNA damage response, and dysregulation of these pathways can further exacerbate genomic instability, a hallmark of cancer. Thus, while direct evidence linking RCL1 to cancer remains under exploration, its involvement in key cellular processes positions it as a candidate of interest in the context of tumor biology.",0
CNNM1,2856,0.2608695652173913,0.0,0.0,0.6956521739130435,0.0,1.0,0.0434782608695652,0.0,0.9999999999999998,0.0,2.2857142857142856,2.4285714285714284,1.0,1.0,0.6150061500615006,0.9139747915901716,270703.6,575.0,-0.006218246,1.8309867152436087e-06,6.0,0.0,0.0,0.0,0.0,0.0,0.0,1.0,0.0,0.0,0.0,0.0,1.0,16.0,0.0,0.0,0.0,0.0,0.0,6.0,0.0,0.0,1.0,0.0,0.0,0.0,23.0,0.0,23.0,18.11221739,70.93466963,19.4827392583807,1.0305915569044517,0.2132889690721649,0.0132573899426761,97.0,-0.33480949044586,0.0444940593952666,314.0,0.3061294647201948,0.0397407475426396,411.0,2.477610141342321,0.5138447653549224,0.111514500398345,0.0145173604745375,19.3072772689338,5.006805260608015,"The CNNM1 gene, which encodes for a magnesium transporter, has been implicated in various cellular processes that may influence cancer progression. Altered expression of CNNM1 has been associated with changes in magnesium homeostasis, which can affect cell proliferation, apoptosis, and tumor microenvironment interactions. Specifically, dysregulation of magnesium levels can lead to reactivation of oncogenic pathways and hinder the apoptotic response in cancer cells. Additionally, CNNM1 may play a role in the epithelial-mesenchymal transition (EMT), a key process in cancer metastasis, by influencing cell migration and invasion properties. Consequently, while the specific relationship between CNNM1 and cancer remains an area of ongoing research, its involvement in critical cellular mechanisms suggests a potential link.",0
OXTR,1170,0.3846153846153846,0.0769230769230769,0.0,0.4615384615384615,0.0,1.0,0.0,0.0769230769230769,1.0000000000000002,0.0,1.0,1.3333333333333333,0.333000333000333,1.0,0.7751937984496124,0.9725908669562642,158952.1,534.0,0.003155992,0.0,1.0,0.0,0.0,0.0,0.0,0.0,0.0,0.0,0.0,0.0,1.0,0.0,0.0,7.0,1.0,0.0,0.0,0.0,0.0,5.0,0.0,0.0,1.0,1.0,0.0,0.0,12.0,0.0,11.0,15.68483333,199.5035722,19.13520430863641,1.331501119327704,0.2670349275362317,0.0329790330383158,138.0,-0.2668898941798943,0.0168311440222699,378.0,0.2669286821705425,0.0210941183477745,516.0,2.936805275060794,0.0844986053376453,0.1279660852601422,0.0136650993350196,19.68079208557068,8.448562806787526,"The OXTR gene, which encodes the oxytocin receptor, has been implicated in a variety of biological processes, including social behavior, reproduction, and stress responses. Emerging evidence suggests a potential relationship between OXTR and cancer, particularly in the context of tumor microenvironment interactions. Oxytocin signaling via OXTR may influence tumor growth and metastasis by modulating cell proliferation, apoptosis, and angiogenesis. Additionally, OXTR's role in immune modulation could impact the tumor immune landscape, potentially affecting the recruitment of immune cells and the overall immune response to tumors. However, the specific mechanisms and the extent of OXTR's involvement in different cancer types remain areas of ongoing research, necessitating further investigation to clarify these potential links.",0
CD163L1,4362,0.1698113207547169,0.0943396226415094,0.0188679245283018,0.6981132075471698,0.0,1.0,0.0,0.0188679245283018,0.9423223286863224,0.0,3.7,4.4,0.2318571759795965,1.0,0.0350103280467738,0.1523688749071058,931882.8,567.0,0.0133702,0.0,0.0,0.0,0.0,0.0,0.0,0.0,0.0,0.0,0.0,0.0,1.0,0.0,1.0,38.0,5.0,0.0,0.0,0.0,0.0,9.0,1.0,0.0,1.0,1.0,0.0,0.0,53.0,0.0,47.0,14.37750943,98.90901172,22.76151766642397,1.9225271686506344,0.3240100416666668,0.0604287628255213,240.0,-0.267946976744186,0.0273809295353197,129.0,0.3044107588075881,0.0494862616956182,369.0,3.19463682079467,0.056396095880055,0.111514500398345,0.0145173604745375,21.828462770188302,3.3744182499814164,"The CD163L1 gene, encoding a member of the scavenger receptor family, has been implicated in various processes relevant to cancer biology, although the specifics of its role remain an area of ongoing research. One proposed mechanism involves its involvement in the regulation of macrophage polarization, particularly in the tumor microenvironment, where alternatively activated macrophages (M2 phenotype) can promote tumor growth and metastasis. CD163L1 may facilitate the uptake of hemoglobin-haptoglobin complexes, influencing inflammation and immune responses. Additionally, alterations in CD163L1 expression could affect the interplay between tumor cells and immune cells, potentially impacting tumor progression, metastasis, and the overall immune evasion strategies employed by cancer cells. However, further investigation is necessary to delineate the precise pathways and implications of CD163L1 in various cancer types.",0
FPGT-TNNI3K,2850,0.2285714285714285,0.1142857142857142,0.0,0.6,0.0,1.0,0.0571428571428571,0.0,0.9136065552961062,0.0,2.333333333333333,3.0,0.4050222762251924,1.0,0.3658982802780827,0.7337723772213431,649122.9543319192,444.4009897808343,0.0198885680771551,0.0,0.0,0.0,0.0,0.0,0.0,0.0,0.0,2.0,0.0,0.0,0.0,0.0,17.0,23.0,4.0,0.0,0.0,0.0,0.0,8.0,0.0,0.0,3.0,0.0,0.0,0.0,51.0,0.0,37.0,20.76507843,103.8821802,21.88701420269522,1.8204614569819408,0.2191114166666666,0.0180106880089005,120.0,-0.2319365071770335,0.0126551821382223,209.0,0.2272586626139816,0.0145978306640596,329.0,2.889022399813865,0.077261765668489,0.0321513347514705,0.0050694848369557,20.060674391099585,2.322449260305919,"The relationship between the FPGT-TNNI3K gene and cancer is not extensively characterized in the literature; however, some studies suggest a potential involvement in cancer biology through mechanisms such as aberrant regulation of cellular signaling pathways and gene expression. FPGT (fucose-1-phosphate guanylyltransferase) is involved in glycan biosynthesis, which can influence cell-cell interactions, immune evasion, and tumor microenvironmental modulation. Meanwhile, TNNI3K (troponin I type 3 kinase) may play a role in cellular signaling pathways that regulate apoptosis and cell proliferation. Disruptions in these processes can facilitate oncogenic transformation and contribute to tumor progression and metastasis. Further investigation is needed to delineate the specific roles and mechanistic pathways linking FPGT-TNNI3K to various cancer types.",0
SPN,1203,0.3,0.0,0.0,0.7,0.0,1.0,0.0,0.0,1.0,0.0,1.75,1.75,1.0,1.0,0.2088554720133667,0.5359466975137277,649122.9543319192,444.4009897808343,0.0198885680771551,4.1689665643652496e-06,11.0,0.0,0.0,0.0,0.0,0.0,0.0,0.0,0.0,0.0,0.0,0.0,0.0,7.0,0.0,0.0,0.0,0.0,0.0,2.0,0.0,0.0,0.0,0.0,0.0,0.0,9.0,0.0,9.0,12.25966667,53.574638,22.150544138421647,1.4404873248545382,0.2638198048780487,0.047073439515648,205.0,-0.246682,0.0237564544951612,125.0,0.2573282121212119,0.0382115155223256,330.0,3.233534731013839,0.0410169252969614,0.111514500398345,0.0145173604745375,25.1271843175949,1.4193126420433129,"The SPN gene, also known as sialophorin or CD43, has been implicated in various cancer-related processes. It encodes a glycoprotein that plays a critical role in immune cell signaling, adhesion, and migration. The altered expression of SPN in various cancers may impact tumor progression and metastasis by modulating the interactions between tumor cells and the surrounding microenvironment, including immune evasion mechanisms. Additionally, SPN can influence both the proliferation and survival of cancer cells through its involvement in cellular signaling pathways. Its role in inflammation and immune response may also contribute to the tumorigenic landscape by affecting the tumor microenvironment and the function of immune cells in the vicinity of the tumor. Overall, the SPN gene serves as a potential factor in cancer biology through its multifaceted roles in cell adhesion, immune modulation, and tumor progression.",0
SSTR5,1095,0.4615384615384615,0.0,0.0,0.5384615384615384,0.0,1.0,0.0,0.0,1.0000000000000002,0.0,1.0,1.0,1.0,1.0,0.7627765064836003,0.9693289128768596,1154740.0,294.0,0.01975636,3.2602549360054387e-06,4.0,0.0,0.0,0.0,0.0,0.0,0.0,0.0,0.0,0.0,0.0,0.0,0.0,7.0,0.0,0.0,0.0,0.0,0.0,6.0,0.0,0.0,0.0,0.0,0.0,0.0,13.0,0.0,13.0,9.728846154,109.1144896,21.88701420269522,1.8204614569819408,0.2398761691542289,0.0162165312397512,201.0,-0.2400174842767295,0.0179879144543905,159.0,0.2399385833333333,0.0169509707648398,360.0,0.8378830131718563,0.8960801923749722,0.491843672405963,0.0249196095319882,17.147390012745287,3.800300730636882,"Yes, there is a relationship between the SSTR5 gene and cancer. SSTR5 encodes somatostatin receptor type 5, which is part of a family of receptors that regulate various physiological functions, including cell proliferation and apoptosis. Alterations in somatostatin receptor signaling, including SSTR5, have been implicated in oncogenesis and tumor progression. For instance, SSTR5 expression has been reported to vary in different tumor types, influencing cell signaling pathways associated with tumor growth and metastasis. This receptor can modulate the secretion of certain growth factors and hormones within the tumor microenvironment, potentially affecting angiogenesis and immune response. Furthermore, SSTR5 may interact with intracellular signaling cascades such as the MAPK and PI3K pathways, further linking it to cancer biology.",0
MCM6,2466,0.25,0.0,0.0,0.75,0.0,1.0,0.0,0.0,1.0,0.0,2.4,2.4,1.0,1.0,0.5807200929152149,0.8963335691089077,469154.4,395.0,0.02889539,0.000279489110623,81.0,0.0,0.0,0.0,0.0,0.0,0.0,0.0,0.0,0.0,0.0,0.0,0.0,12.0,0.0,0.0,0.0,0.0,0.0,4.0,0.0,0.0,0.0,0.0,0.0,0.0,16.0,0.0,14.0,20.80775,69.37602233,25.552369078292305,0.912526956277482,0.2067613714285713,0.0120117293245451,175.0,-0.2316310714285714,0.0180886508554647,84.0,0.2148272200772201,0.0140562135263506,259.0,3.5380224044151536,0.0095991367917218,0.0332041635946079,0.0030603397780238,21.37484331037684,1.7053113071685833,"Yes, there is a relationship between the MCM6 gene and cancer. The MCM6 gene is part of the minichromosome maintenance (MCM) protein family, which is crucial for DNA replication and cell cycle regulation. Dysregulation of MCM6 can lead to aberrant cell proliferation and genomic instability, both of which are hallmark features of cancer development. Furthermore, variations in MCM6 expression have been associated with the prognosis of various cancer types, potentially through mechanisms involving altered DNA replication fidelity and increased susceptibility to DNA damage. The protein’s role in the formation of the pre-replication complex suggests that its dysfunction could enhance the initiation of oncogenic processes, highlighting its importance in maintaining cellular homeostasis.",0
SLC47A2,1809,0.5,0.0,0.0,0.4,0.0,1.0,0.0,0.1,1.0,0.0,0.6666666666666666,0.8333333333333334,1.0,1.0,0.7610350076103499,0.9688553425132562,547417.9,219.0,-0.007842303,0.0,0.0,0.0,0.0,0.0,0.0,0.0,0.0,0.0,0.0,0.0,1.0,0.0,1.0,4.0,0.0,0.0,0.0,0.0,0.0,5.0,0.0,0.0,1.0,0.0,0.0,0.0,10.0,0.0,10.0,5.9338,68.82770929,19.36134770836537,3.408382290575409,0.2885301851851851,0.0866062490803392,108.0,-0.2828823684210526,0.0201687825706291,380.0,0.2841322950819672,0.0347300201261386,488.0,2.1578956280576467,0.8307213065731041,0.111514500398345,0.0145173604745375,21.92219305232512,3.69639397878604,"The SLC47A2 gene encodes a member of the multidrug and toxin extrusion (MATE) family of transporters, which are known to play roles in the efflux of organic cations and some chemotherapeutic agents. There is growing evidence suggesting that altered expression or function of SLC47A2 may contribute to cancer progression and therapy resistance. For instance, aberrant expression levels of SLC47A2 can influence the intracellular concentration of drugs, potentially leading to reduced efficacy of chemotherapeutic agents. Additionally, SLC47A2's involvement in the transport of signaling molecules and substrates could affect cellular processes such as proliferation, apoptosis, and tumor microenvironment interactions. These mechanisms underscore a potential link between SLC47A2 and the development or progression of certain cancers.",0
WDR47,2784,0.1052631578947368,0.1052631578947368,0.0,0.7368421052631579,0.0,1.0,0.0526315789473684,0.0,0.9410872157860573,0.0,4.666666666666667,5.666666666666667,0.7698229407236336,1.0,0.3749531308586427,0.7427649963254134,942574.7,216.0,0.01885156,1.274634159781502e-06,5.0,0.0,0.0,0.0,0.0,0.0,0.0,1.0,0.0,0.0,0.0,0.0,0.0,14.0,2.0,0.0,0.0,0.0,0.0,2.0,4.0,0.0,5.0,0.0,0.0,0.0,18.0,0.0,20.0,24.67194444,93.51567347,23.545681303402635,3.279227405461977,0.2053904237288136,0.010768915045118,118.0,-0.2387625000000001,0.015038709284632,232.0,0.2275113428571426,0.0138137965130912,350.0,3.418402640947369,0.0075940168381993,0.0527657766848712,0.0088883350601296,22.45040710810847,1.08358989238087,"The WDR47 gene has been implicated in various cellular processes, including those related to the cell cycle and apoptosis, which can influence cancer development. Alterations in WDR47 expression or function may affect pathways such as cell proliferation, survival, and differentiation, potentially contributing to tumorigenesis. Specifically, dysregulation of WDR47 could impact the signaling mechanisms involved in cellular responses to stress and damage, allowing cancer cells to evade apoptosis. Additionally, its role in modulating interactions within multiprotein complexes may further influence oncogenic signaling cascades, ultimately facilitating cancer progression and metastasis. However, the direct relationship between WDR47 and specific cancer types remains an area of ongoing research.",0
NLRP7,3114,0.2857142857142857,0.0535714285714285,0.0178571428571428,0.5892857142857143,0.0,1.0,0.0535714285714285,0.0,0.9395732876727868,0.0,1.9411764705882355,2.3529411764705883,0.4106776180698152,1.0,0.0405022276225192,0.1703685015535475,840563.2,573.0,-0.01530479,0.0,1.0,0.0,0.0,1.0,0.0,0.0,0.0,3.0,0.0,0.0,0.0,0.0,2.0,33.0,2.0,0.0,0.0,0.0,0.0,15.0,3.0,0.0,3.0,0.0,0.0,0.0,56.0,0.0,48.0,10.627125,110.2126563,17.59773791674457,2.391222313011011,0.2859920098039216,0.0374982947304235,204.0,-0.2635322929936305,0.0262320505806059,157.0,0.2762242105263159,0.0326364101388888,361.0,1.717689973491305,0.8760925422842991,0.111514500398345,0.0145173604745375,20.060674391099585,2.322449260305919,"The NLRP7 gene, part of the nucleotide-binding oligomerization domain (Nod-like receptor) family, has been implicated in various immune responses and inflammatory pathways. Dysregulation of NLRP7 may influence tumorigenesis through mechanisms involving inflammation and immune evasion. For instance, NLRP7 can modulate the activation of inflammatory cytokines and the recognition of pathogens, both of which can affect the tumor microenvironment. Altered expression or mutation of NLRP7 could lead to an aberrant immune response, allowing for cancer cell survival and proliferation. Additionally, its role in regulating cell death and autophagy processes might contribute to cancer development by disrupting normal cellular homeostasis. Current research is still delineating these relationships, suggesting a potential link between NLRP7 and cancer, though definitive conclusions remain to be established.",0
CDK5,879,0.375,0.0,0.0,0.625,0.0,1.0,0.0,0.0,1.0,0.0,1.25,1.25,1.0,1.0,0.5274261603375527,0.8648451497008597,622098.2,373.0,0.04144484,0.0006092003228212,87.0,0.0,0.0,0.0,0.0,0.0,0.0,0.0,0.0,0.0,0.0,0.0,0.0,5.0,0.0,0.0,0.0,0.0,0.0,3.0,0.0,0.0,0.0,0.0,0.0,0.0,8.0,0.0,7.0,22.405,96.00371429,24.51505292873481,0.5227703372541483,0.2970155362318841,0.0245505537387377,345.0,-0.2742697560975609,0.0268769831351859,123.0,0.2910374786324787,0.025206197012901,468.0,3.228482923445322,0.0084419186120652,0.0843424313973019,0.0132133238217296,17.680388148458643,3.1813777227387083,"Yes, there is a relationship between the CDK5 gene and cancer. CDK5 (cyclin-dependent kinase 5) is primarily known for its role in neuronal development and function; however, it has been implicated in various types of cancer. The aberrant activation of CDK5 can lead to the phosphorylation of key proteins involved in cell cycle regulation, apoptosis, and cellular signaling pathways, promoting aberrant cell proliferation and survival. In tumor cells, CDK5 can influence processes such as epithelial-mesenchymal transition (EMT), migration, and invasion, thereby contributing to metastatic potential. Additionally, CDK5 has been shown to interact with oncoproteins and tumor suppressors, further affecting the tumor microenvironment and signaling networks essential for cancer progression. Thus, dysregulation of CDK5 activity is associated with the pathology of several cancers, underscoring its potential role in tumor biology.",0
PHF10,1497,0.5,0.0,0.0,0.3333333333333333,0.0,1.0,0.1666666666666666,0.0,1.0,0.0,0.5,0.75,1.0,1.0,0.7293946024799417,0.9595480675274816,233648.5,447.0,0.0028180429999999,6.500629749167305e-06,22.0,0.0,0.0,0.0,0.0,0.0,0.0,1.0,0.0,0.0,0.0,0.0,0.0,2.0,0.0,0.0,0.0,0.0,0.0,2.0,1.0,0.0,1.0,0.0,0.0,0.0,5.0,0.0,6.0,17.042,172.1524195,22.781398221730573,0.7015267618745131,0.2558095098039215,0.0352324771155989,102.0,-0.2832671586715866,0.0246481841078229,271.0,0.2757586327077745,0.027605809169362,373.0,3.558927182057197,0.0039682753319448,0.0385457325335591,0.0070916301040156,23.217669479743243,0.981831500725802,"The PHF10 gene encodes a protein that is a subunit of the MBD5-MBD6 complex, which is implicated in chromatin remodeling and gene regulation. Dysregulation of PHF10 has been associated with alterations in epigenetic regulation, potentially leading to oncogenic processes. For instance, aberrant expression of PHF10 may affect the transcription of tumor suppressor genes and oncogenes, contributing to tumorigenesis through mechanisms such as altered cell proliferation, migration, and apoptosis. Furthermore, the involvement of PHF10 in the repair of DNA damage may link its dysregulation to genomic instability, a hallmark of cancer. Overall, the connection between PHF10 and cancer likely involves complex interactions between epigenetic modifications and cellular signaling pathways that govern cellular behavior and stability.",0
CNGA4,1728,0.3571428571428571,0.0,0.0,0.6428571428571429,0.0,1.0,0.0,0.0,1.0,0.0,1.5,1.5,1.0,1.0,0.7923930269413629,0.9767811126141216,466635.9,728.0,0.003972145,0.0,0.0,0.0,0.0,1.0,0.0,0.0,0.0,0.0,0.0,0.0,0.0,0.0,19.0,8.0,0.0,0.0,0.0,0.0,0.0,5.0,1.0,0.0,0.0,0.0,0.0,0.0,34.0,0.0,31.0,16.33182353,120.0890522,21.88701420269522,1.8204614569819408,0.1921781538461538,0.0066039378337745,130.0,-0.2505548416289591,0.0162780928941793,221.0,0.228933846153846,0.0134629321197362,351.0,1.849240478072072,0.4440701201917452,0.0461724740775573,0.0063296081248487,20.060674391099585,2.322449260305919,"The CNGA4 gene encodes a subunit of cyclic nucleotide-gated channels, which are important for the transduction of sensory signals in photoreceptors and olfactory sensory neurons. While the direct relationship between CNGA4 and cancer is not extensively established, alterations in ion channel expression and activity have been implicated in various tumorigenic processes. Dysregulation of cyclic nucleotide signaling may influence cellular proliferation, apoptosis, and metastasis, potentially contributing to the oncogenic landscape. Furthermore, aberrations in ion channel function can affect the tumor microenvironment and modulate interactions with immune cells, offering a pathway through which CNGA4 might influence cancer biology indirectly. Further investigation is necessary to elucidate its specific roles and mechanisms in cancer contexts.",0
NECAB2,1161,0.3,0.0,0.1,0.6,0.0,1.0,0.0,0.0,1.0,0.0,1.5,1.75,0.5497526113249038,1.0,0.6891798759476223,0.9457291343225712,494952.1,460.0,0.002996613,8.554130327395071e-05,55.0,0.0,0.0,0.0,0.0,0.0,0.0,0.0,0.0,0.0,0.0,0.0,0.0,5.0,0.0,0.0,0.0,0.0,0.0,3.0,2.0,0.0,0.0,0.0,0.0,0.0,10.0,0.0,10.0,19.3053,111.8532138,23.2033223402554,0.7713826944234681,0.2280944666666665,0.0149656967725324,150.0,-0.2991321951219514,0.0310549173102638,244.0,0.2722239646464648,0.0260976517829759,394.0,1.820758076768997,0.7003766012339028,0.0893314077496078,0.010051196178243,22.51179782215169,0.566037401319285,"Yes, there is emerging evidence that the NECAB2 gene may be implicated in cancer. NECAB2, which encodes a calcium-binding protein, is believed to play a role in cellular signaling pathways that regulate cell growth and differentiation. Dysregulation of NECAB2 has been observed in various tumor types, suggesting that its altered expression may contribute to the oncogenic process. Mechanistically, NECAB2 may affect calcium homeostasis and influence pathways such as the MAPK/ERK and PI3K/AKT signaling cascades. These pathways are critical for controlling cell proliferation, apoptosis, and metastasis. Therefore, abnormal NECAB2 expression could potentially lead to uncontrolled cell growth and survival, contributing to tumorigenesis. Further studies are needed to clarify its precise role and regulatory mechanisms in cancer biology.",0
CCL15,342,0.0,0.0,0.0,0.5,0.0,1.0,0.0,0.5,1.0,0.0,1.0,2.0,1.0,1.0,0.413393964448119,0.7785672722727947,779228.0,525.0,0.01922532,0.0,0.0,0.0,0.0,0.0,0.0,0.0,0.0,0.0,0.0,0.0,1.0,0.0,0.0,1.0,0.0,0.0,0.0,0.0,0.0,0.0,0.0,0.0,1.0,0.0,0.0,0.0,1.0,0.0,2.0,16.4,0.0,21.88701420269522,1.8204614569819408,0.2453557317073173,0.0280426307117312,164.0,-0.2681415789473685,0.0192346827318852,190.0,0.2575854237288135,0.0233767839121428,354.0,1.144886941392184,1.6469777614370662,0.111514500398345,0.0145173604745375,20.060674391099585,2.322449260305919,"The CCL15 gene, also known as Chemokine (C-C motif) ligand 15, is involved in immune responses and has been implicated in the microenvironment of various tumors. Its expression can promote the recruitment of immune cells, such as monocytes and T cells, into the tumor microenvironment, potentially influencing tumor progression and metastasis. Elevated levels of CCL15 are associated with enhanced inflammatory responses and may facilitate tumor growth through the modulation of immune cell infiltration, angiogenesis, and the evasion of immune surveillance. Additionally, CCL15 may interact with corresponding receptors on tumor cells, influencing their behavior and contributing to processes such as tumor invasion and metastasis. These mechanisms highlight the potential role of CCL15 in the dynamic interplay between tumors and the immune system.",0
SECISBP2L,3306,0.1363636363636363,0.0454545454545454,0.0,0.7272727272727273,0.0,1.0,0.0909090909090909,0.0,0.951533901945023,0.0,4.0,4.75,0.9199632014719412,1.0,0.0906618313689936,0.3083063312117325,372654.0,382.0,0.009186537,1.3844999262455802e-07,2.0,0.0,0.0,0.0,0.0,0.0,0.0,1.0,1.0,0.0,0.0,0.0,0.0,16.0,1.0,0.0,0.0,0.0,0.0,3.0,0.0,0.0,1.0,1.0,1.0,0.0,19.0,0.0,19.0,22.60705263,78.82800961,21.88080347659433,1.12991083728515,0.2278594594594594,0.0295511754736764,74.0,-0.266738303886926,0.0227296780722903,283.0,0.2586793837535013,0.0243136938513045,357.0,3.638381805292922,0.006092364114608,0.0316404075175316,0.0025552104277729,21.10102617645281,2.2802505619471267,"The relationship between the SECISBP2L gene and cancer is currently not well-established, but some studies suggest potential involvement in cancer-related pathways. SECISBP2L is implicated in the regulation of selenium metabolism and selenoprotein synthesis, which may play a role in cellular oxidative stress responses. Dysregulation of oxidative stress is a known mechanism in tumorigenesis, as it can affect apoptosis, DNA repair, and cell proliferation. Additionally, altered expression levels of SECISBP2L have been observed in various cancers, indicating a potential link to tumorigenic processes. However, detailed mechanisms and specific roles in cancer development remain to be fully elucidated.",0
ASAH1,1236,0.0,0.0,0.0,1.0,0.0,1.0,0.0,0.0,1.0,0.0,5.0,5.0,1.0,1.0,0.353356890459364,0.7209458345071189,366237.8,474.0,0.02036588,2.214798097026953e-05,14.0,0.0,0.0,0.0,0.0,0.0,0.0,0.0,0.0,0.0,0.0,0.0,0.0,5.0,0.0,0.0,0.0,0.0,0.0,0.0,0.0,0.0,0.0,0.0,0.0,0.0,5.0,0.0,5.0,18.0922,115.4911792,27.090048232929973,0.5930547950626435,0.26758984375,0.0291801495086368,128.0,-0.3147307710843373,0.0361644596308049,415.0,0.3036183609576429,0.0348622928816259,543.0,3.768239818780477,0.0064969709548239,0.0491127421876141,0.0091619009128948,19.63214569457648,5.680254463909728,"The ASAH1 gene encodes an enzyme involved in sphingolipid metabolism, specifically the production of ceramide from sphingosine. Dysregulation of sphingolipid pathways has been implicated in various cancer types, as ceramide can act as a pro-apoptotic signal, while its depletion or the accumulation of sphingosine can promote cell survival and proliferation. In certain cancers, altered ASAH1 expression may disrupt this balance, leading to enhanced tumor growth and resistance to apoptosis. Additionally, aberrant sphingolipid metabolism can influence processes such as inflammation, cell migration, and angiogenesis, further contributing to tumorigenesis and cancer progression. Thus, although the direct relationship between ASAH1 and specific cancer types is still under investigation, its role in sphingolipid dynamics suggests a potential connection to oncogenic processes.",0
ATL2,1752,0.5,0.0,0.0,0.5,0.0,1.0,0.0,0.0,1.0,0.0,0.6666666666666666,0.6666666666666666,1.0,1.0,0.4636068613815485,0.8199899709814648,808394.2,366.0,0.02451226,2.0849905669041488e-05,5.0,0.0,0.0,0.0,0.0,0.0,0.0,0.0,0.0,0.0,0.0,0.0,1.0,3.0,0.0,0.0,0.0,0.0,0.0,2.0,0.0,0.0,0.0,0.0,0.0,0.0,6.0,0.0,6.0,18.83516667,126.6112322,24.804349239843848,0.9007517020887108,0.2348919736842103,0.0157265180361755,227.0,-0.2365251428571428,0.0192916971586749,70.0,0.2352756040268452,0.0165023217095665,297.0,3.600447219079535,0.0062374243694625,0.0813917448768106,0.0046691812712342,20.806729779356097,1.4432866621911666,"The ATL2 gene, which encodes a protein involved in the regulation of mitochondrial dynamics and apoptosis, has been implicated in cancer through its role in cellular stress responses and metabolic regulation. Dysregulation of ATL2 may lead to altered mitochondrial function, promoting resistance to apoptosis and facilitating tumorigenesis. Additionally, aberrant expression of ATL2 can influence cell proliferation and survival pathways, potentially contributing to cancer progression. The interplay between ATL2 and key oncogenic signaling networks may further elucidate its role in various cancer types, underscoring the importance of mitochondrial homeostasis in the context of tumor biology.",0
CD40LG,786,0.3333333333333333,0.0,0.0,0.6666666666666666,0.0,1.0,0.0,0.0,0.9298966940476158,0.0,1.5,1.5,1.0,1.0,0.7304601899196493,0.9598835254246252,314960.9,444.4009897808343,0.03714143,3.037124772536152e-05,9.0,0.0,0.0,0.0,0.0,0.0,0.0,0.0,0.0,0.0,0.0,0.0,0.0,6.0,0.0,0.0,0.0,0.0,0.0,3.0,0.0,0.0,0.0,0.0,0.0,0.0,9.0,0.0,9.0,15.34911111,88.50009486,21.88701420269522,1.8204614569819408,0.2670729921259841,0.0302021222465316,127.0,-0.275220366972477,0.0252647977369011,109.0,0.2708359745762712,0.0278211028896844,236.0,2.37170237852568,0.2324923058321883,0.111514500398345,0.0145173604745375,20.060674391099585,2.322449260305919,"Yes, there is a relationship between the CD40LG gene and cancer. CD40LG encodes CD40 ligand, a critical protein involved in immune modulation and activation of B cells and dendritic cells. In the tumor microenvironment, CD40LG can influence immune responses, potentially facilitating or inhibiting tumor progression. Tumors expressing CD40 can interact with CD40LG, leading to an activation of anti-tumor immune responses or, conversely, promoting immune evasion. Additionally, aberrant expression of CD40LG in certain cancers may disrupt the balance between pro-inflammatory and regulatory immune signals, further affecting tumor growth and metastasis. The interplay between CD40LG and immune cells, as well as its effects on cytokine production, highlight its significance in cancer immunology.",0
STC1,744,0.1428571428571428,0.0,0.0,0.8571428571428571,0.0,1.0,0.0,0.0,1.0,0.0,3.0,3.0,1.0,1.0,0.3315649867374005,0.6975900033639622,321714.9,555.0,0.01410443,0.0,0.0,0.0,0.0,0.0,0.0,0.0,0.0,0.0,0.0,0.0,0.0,0.0,0.0,6.0,0.0,0.0,0.0,0.0,0.0,1.0,0.0,0.0,0.0,0.0,0.0,0.0,7.0,0.0,7.0,20.52428571,21.00792857,21.77103424818389,2.3376335743530605,0.2521442741935483,0.0213935915254851,124.0,-0.3170873933649289,0.0362251983091038,422.0,0.3023384065934069,0.0335530842614931,545.0,3.3888211623848314,0.0542950941616091,0.111514500398345,0.0145173604745375,20.060674391099585,2.322449260305919,"Yes, there is a relationship between the STC1 gene and cancer. STC1, or stanniocalcin 1, is involved in various cellular processes such as apoptosis, cell proliferation, and oxidative stress response. Elevated levels of STC1 have been observed in several types of tumors, suggesting its potential role in promoting tumor growth and survival. Mechanistically, STC1 may contribute to cancer progression by modulating the tumor microenvironment, enhancing angiogenesis, and influencing metabolic pathways. Additionally, STC1 can interact with signaling pathways such as those involving hypoxia-inducible factors, thereby facilitating adaptation to low oxygen conditions commonly found in cancerous tissues. This interplay might promote cellular resilience and contribute to tumor aggressiveness.",0
CHMP4C,702,0.1666666666666666,0.3333333333333333,0.0,0.5,0.0,1.0,0.0,0.0,0.8710490642551527,0.0,1.5,2.5,0.1404889013767912,1.0,0.7980845969672785,0.978085136403776,158800.8,681.0,0.01181767,2.436451324540229e-06,14.0,0.0,0.0,0.0,0.0,0.0,0.0,0.0,0.0,0.0,0.0,0.0,0.0,3.0,2.0,0.0,0.0,0.0,0.0,1.0,0.0,0.0,0.0,0.0,0.0,0.0,6.0,0.0,6.0,23.672,219.408864,22.43391998722525,0.4710085609001195,0.3309117603911978,0.051745593495913,409.0,-0.2646441176470588,0.0227282657439859,68.0,0.3214648008385742,0.04809042289308,477.0,3.223902688603867,0.1383360958452574,0.1119332719563844,0.0164312408687778,19.378797570187423,3.394403569887906,"Yes, there is a relationship between the CHMP4C gene and cancer. CHMP4C is involved in the endosomal sorting complex required for transport (ESCRT) machinery, which plays a critical role in regulating various cellular processes such as cytokinesis, protein degradation, and the response to DNA damage. Dysregulation of these processes can lead to abnormal cell proliferation, impaired apoptosis, and enhanced metastatic potential, all of which are hallmarks of cancer. Additionally, alterations in CHMP4C expression have been observed in various cancers, suggesting its potential role in tumorigenesis and cancer progression through mechanisms such as the modulation of signaling pathways or the promotion of cellular invasiveness. Further investigations into the functional consequences of these alterations could elucidate its precise contributions to oncogenic processes.",0
CDHR5,2538,0.2,0.0285714285714285,0.0571428571428571,0.6571428571428571,0.0,1.0,0.0571428571428571,0.0,0.9241907944222202,0.0,2.875,3.5,0.2958579881656805,1.0,0.3469812630117974,0.7142555508595873,1774224.0,236.0,0.05690854,0.0,0.0,0.0,0.0,0.0,0.0,0.0,0.0,1.0,1.0,0.0,0.0,0.0,0.0,21.0,1.0,0.0,0.0,0.0,0.0,6.0,6.0,0.0,2.0,0.0,1.0,0.0,33.0,0.0,30.0,15.48018182,90.29693359,23.55743842566301,2.3199015833114807,0.2077229032258063,0.0197143791931287,124.0,-0.2579400862068964,0.017139945076183,232.0,0.2404487078651685,0.0185576824524101,356.0,2.5004249281949584,0.8112769952933522,0.7078667422755105,0.0354103139580602,24.8091400593248,14.631433619325982,"Yes, there is evidence suggesting a relationship between the CDHR5 gene and cancer. CDHR5 encodes for a cadherin-related protein, which is involved in cellular adhesion processes. Disruption of cell adhesion can lead to increased cell motility and invasiveness, contributing to tumor progression and metastasis. Alterations in the expression or function of CDHR5 have been observed in various malignancies, potentially impacting pathways such as epithelial-mesenchymal transition (EMT) and cell signaling cascades, which are critical in cancer development and progression. These mechanisms may facilitate an environment conducive to tumor growth and dissemination, thus highlighting the potential role of CDHR5 in oncogenesis.",0
GABBR1,2886,0.275,0.025,0.0,0.6,0.0,1.0,0.075,0.025,0.9530245438227234,0.0,2.0,2.4166666666666665,0.8726003490401396,1.0,0.3972983710766786,0.7640316710978065,443969.5,755.0,0.02587326,0.0001133536839118,9.0,3.0,0.0,0.0,0.0,0.0,0.0,2.0,1.0,0.0,0.0,1.0,2.0,22.0,1.0,0.0,0.0,0.0,0.0,11.0,2.0,0.0,2.0,0.0,2.0,0.0,41.0,0.0,36.0,20.91431707,130.2094403,23.98144428115018,0.4544256418204509,0.2527117032967033,0.0179257663291269,182.0,-0.2554414925373135,0.0531003700127931,133.0,0.2538692721518988,0.0327221841985161,315.0,3.30035154693074,0.0421432608387737,0.0684440701703854,0.0137285511755843,23.69094997047832,0.7350388322004814,"The GABBR1 gene encodes the beta-1 subunit of the GABA(B) receptor, which is involved in the inhibitory neurotransmission in the central nervous system. Recent studies have indicated a potential relationship between GABBR1 and various cancer types, suggesting that alterations in GABA(B) signaling may contribute to tumorigenesis. One proposed mechanism involves the receptor's influence on cellular proliferation and apoptosis; dysregulation of the GABAergic system can lead to changes in the tumor microenvironment by modulating the activity of surrounding glial and neuronal cells. Additionally, GABA(B) receptors may interact with signaling pathways such as MAPK and PI3K/Akt, which are known to regulate cell survival and growth. These interactions suggest that aberrations in GABBR1 expression or function could play a role in promoting cancer cell survival and growth, thereby contributing to tumor progression.",0
TPD52L3,423,0.25,0.0,0.0,0.75,0.0,1.0,0.0,0.0,1.0,0.0,1.5,1.5,1.0,1.0,0.7342143906020558,0.9610530159525116,355543.8,469.0,0.01634554,6.7755067485770176e-06,4.0,0.0,0.0,0.0,0.0,0.0,0.0,0.0,0.0,0.0,0.0,0.0,0.0,3.0,0.0,0.0,0.0,0.0,0.0,1.0,0.0,0.0,0.0,0.0,0.0,0.0,4.0,0.0,4.0,6.87525,79.46303692,21.88701420269522,1.8204614569819408,0.2827943352601157,0.0355763940188869,173.0,-0.2928343213296395,0.0386047502746075,361.0,0.2895816666666663,0.0375771836874608,534.0,0.3210817176224224,0.3683100834153581,0.111514500398345,0.0145173604745375,20.060674391099585,2.322449260305919,"The TPD52L3 gene is implicated in various cancers, primarily through its involvement in cellular processes related to proliferation, apoptosis, and metastasis. Overexpression of TPD52L3 has been associated with aggressive cancer phenotypes, potentially influencing tumor development by modulating signaling pathways involved in cell survival and adhesion. Mechanistically, TPD52L3 may interact with other proteins that regulate microtubule dynamics and cytoskeletal organization, contributing to enhanced migratory capabilities of cancer cells. Additionally, its role in vesicle trafficking suggests a function in the secretion of factors that promote tumorigenesis and the tumor microenvironment. However, further research is essential to elucidate the precise pathways and interactions through which TPD52L3 exerts its effects in cancer biology.",0
FAM133B,744,0.1666666666666666,0.1666666666666666,0.0,0.5,0.0,1.0,0.1666666666666666,0.0,0.8710490642551527,0.0,1.5,2.5,0.7942811755361397,1.0,0.4921259842519685,0.8410534102934231,744908.9,334.0,0.02446312,3.735451071448353e-06,5.0,0.0,0.0,0.0,0.0,0.0,0.0,0.0,1.0,0.0,0.0,0.0,0.0,3.0,1.0,0.0,0.0,0.0,0.0,1.0,0.0,0.0,0.0,0.0,1.0,0.0,5.0,0.0,4.0,26.13,98.5645,20.923135495274835,1.4668628184335266,0.3211078102189783,0.0447733697127541,410.0,-0.2485508823529411,0.014792842766374,68.0,0.31080745302714,0.0411200166152566,478.0,3.4652856734926893,0.0024600815004103,0.0658896826696338,0.0106109669021164,22.21157037910552,1.44279931326473,"Research suggests that the FAM133B gene may play a role in cancer biology, although the exact mechanisms remain an area of investigation. FAM133B is implicated in cellular processes such as cell adhesion, proliferation, and migration, which are crucial in tumor development and metastasis. Alterations in FAM133B expression have been associated with various cancer types, potentially influencing the tumor microenvironment and impacting pathways related to epithelial-to-mesenchymal transition (EMT) and angiogenesis. Further studies are needed to clarify the specific oncogenic or tumor-suppressive functions of FAM133B and its interactions with key signaling pathways involved in cancer progression.",0
TAAR6,1038,0.1666666666666666,0.0,0.0,0.8333333333333334,0.0,1.0,0.0,0.0,1.0,0.0,3.333333333333333,3.333333333333333,1.0,1.0,0.198019801980198,0.5186907412450039,178165.0,618.0,0.02197033,0.0,0.0,0.0,0.0,0.0,0.0,0.0,0.0,0.0,0.0,0.0,0.0,0.0,0.0,10.0,0.0,0.0,0.0,0.0,0.0,2.0,0.0,0.0,0.0,0.0,0.0,0.0,12.0,0.0,10.0,14.12008333,81.03549099,21.88701420269522,1.8204614569819408,0.2429834615384614,0.0236856989277072,104.0,-0.2717132835820895,0.0225032683876795,268.0,0.2636812903225806,0.0229375814624815,372.0,0.1665770060211232,0.2074159279501678,0.111514500398345,0.0145173604745375,20.060674391099585,2.322449260305919,"The relationship between the TAAR6 gene and cancer is currently not well-defined, but some studies suggest it may play a role in tumor biology. TAAR6, a member of the trace amine-associated receptor family, is involved in modulating neurotransmitter signaling and may influence various cellular processes, including proliferation and apoptosis. Dysregulation of TAAR6 expression or its signaling pathways could potentially affect tumor microenvironment dynamics, immune responses, or even metabolic reprogramming in cancer cells. These changes may facilitate tumor progression or metastasis, although specific mechanisms and direct associations with particular cancer types remain largely unexplored in the literature, indicating a need for further research to elucidate any potential connections.",0
MAMLD1,2997,0.16,0.04,0.0,0.76,0.0,1.0,0.04,0.0,0.9827729376770644,0.0,3.8,4.2,0.8375209380234506,1.0,0.0001899999999999,0.0018180124323027,311047.4,444.4009897808343,0.01551283,0.0,0.0,12.0,0.0,0.0,0.0,0.0,0.0,0.0,1.0,0.0,0.0,0.0,0.0,21.0,2.0,0.0,0.0,0.0,0.0,4.0,0.0,0.0,0.0,0.0,1.0,0.0,39.0,0.0,31.0,13.80435897,92.32424645,17.701009411380618,0.6648653039473357,0.2804728467153284,0.0339575207999248,137.0,-0.2726683185840707,0.024334142931969,113.0,0.2769452,0.0295077054973494,250.0,2.917350039753659,0.0597548362078498,0.2236599230475612,0.0463649652747134,18.913379546793173,1.6454169977159587,"The MAMLD1 gene, known for its role in embryonic development and potential involvement in sex determination, has emerged in some studies as being associated with cancer, particularly in the context of specific tumor types. Disruptions in MAMLD1 expression may contribute to oncogenic processes through mechanisms such as modulating cell proliferation, apoptosis, and differentiation. Aberrant regulation of this gene could influence key signaling pathways, including those involved in hormonal regulation and developmental signaling, thereby potentially promoting tumorigenesis. Additionally, MAMLD1 may interact with various transcription factors and epigenetic modifiers, further impacting gene expression landscapes critical for maintaining cellular homeostasis. However, the exact mechanisms and the extent of its involvement in cancer pathology remain areas of ongoing investigation.",0
RAB5B,648,0.0,0.0,0.5,0.5,0.0,1.0,0.0,0.0,1.0,0.0,1.0,2.0,0.2093802345058626,1.0,0.5851375073142189,0.898717615057609,2080397.0,229.0,0.03105502,0.0001257215487048,46.0,2.0,0.0,1.0,0.0,0.0,0.0,0.0,0.0,0.0,0.0,0.0,1.0,1.0,0.0,0.0,0.0,0.0,0.0,0.0,1.0,0.0,0.0,0.0,1.0,0.0,5.0,0.0,5.0,24.158,94.25532,25.62973579627367,0.253199821713691,0.2456331325301205,0.029190795192552,166.0,-0.2263166037735849,0.0188107525369272,106.0,0.2381053676470587,0.0251503628441447,272.0,3.690793746529133,0.0027082397693356,0.111514500398345,0.0145173604745375,19.65818244634567,1.5034888612606674,"The RAB5B gene is involved in the regulation of endocytosis and is part of the RAB family of GTPases, which play a crucial role in vesicle trafficking and membrane dynamics. Alterations in RAB5B expression or function have been implicated in cancer through mechanisms such as enhanced cell proliferation, increased invasion, and evasion of apoptosis. Aberrant endocytic pathways may facilitate tumor progression by modulating the availability of growth factor receptors on the cell surface, thereby affecting signaling pathways crucial for cell survival and growth. Additionally, RAB5B may influence the tumor microenvironment by mediating the transport of signaling molecules and proteins involved in cell-cell interaction, which is critical in cancer metastasis and immune evasion.",0
NANOS1,879,0.3333333333333333,0.0,0.0,0.3333333333333333,0.0,1.0,0.0,0.3333333333333333,1.0,0.0,0.5,1.0,1.0,1.0,0.2566735112936345,0.6057367519969941,680733.7,411.0,-0.00131512,2.576160325131185e-08,3.0,0.0,0.0,0.0,0.0,0.0,0.0,0.0,0.0,0.0,1.0,0.0,0.0,1.0,0.0,0.0,0.0,0.0,0.0,1.0,0.0,0.0,1.0,0.0,0.0,0.0,2.0,0.0,3.0,12.75,257.645,15.847706672972196,0.4564901737188236,0.2186951376146788,0.020304444991879,109.0,-0.3283992567567569,0.0441857032157168,296.0,0.2988739506172841,0.0400653975932648,405.0,2.804304413236528,0.0715241802162878,0.0585264587617082,0.0051197805776168,20.060674391099585,2.322449260305919,"The NANOS1 gene, primarily known for its role in germ cell development and differentiation, has been implicated in cancer biology through its involvement in the regulation of gene expression and maintenance of pluripotency. Its dysregulation may affect the balance between stemness and differentiation in cancer stem cells, potentially leading to tumorigenesis. Additionally, NANOS1's influence on RNA-binding and translational repression can impact key pathways involved in cell proliferation and survival. Altered expression of NANOS1 in various malignancies might contribute to tumor progression and metastasis by fostering an environment conducive to abnormal cell growth and evasion of differentiation cues. Further research is needed to elucidate the precise mechanisms and the extent of NANOS1's involvement in different cancer types.",0
RCOR1,1458,0.0833333333333333,0.1666666666666666,0.0,0.6666666666666666,0.0,1.0,0.0833333333333333,0.0,0.8894714728255649,0.0,4.0,5.5,0.2545824847250509,1.0,0.2349072116513977,0.5751855031350752,1468114.0,190.0,0.04172134,5.560229468075276e-05,48.0,0.0,0.0,0.0,0.0,0.0,0.0,1.0,0.0,0.0,0.0,0.0,0.0,8.0,2.0,0.0,0.0,0.0,0.0,1.0,0.0,0.0,1.0,0.0,0.0,0.0,11.0,0.0,9.0,26.59118182,106.3440814,23.426246002789675,0.2679023367470819,0.2743886285714286,0.0464277495050049,174.0,-0.29039125,0.0364974591764705,255.0,0.2838936658932717,0.0404927882995532,428.0,3.5437502513941443,0.007296645755401,0.0682756368083948,0.0125064399798644,25.32344671450927,1.3777961410844362,"Yes, there is a relationship between the RCOR1 gene and cancer. RCOR1 (Rest Corepressor 1) plays a role in transcriptional repression and is involved in regulating various cellular processes, including differentiation and proliferation. Its dysregulation has been implicated in tumorigenesis through mechanisms such as the modulation of gene expression related to cell cycle progression, apoptosis, and epithelial-mesenchymal transition. Additionally, RCOR1 can influence key signaling pathways, such as Wnt and Notch, which are often dysregulated in cancer. Alterations in RCOR1 expression or function may contribute to the oncogenic processes by disrupting normal cellular homeostasis and promoting malignant transformation.",0
C1QTNF9B,1002,0.375,0.0,0.0,0.5,0.0,1.0,0.125,0.0,1.0,0.0,1.0,1.25,1.0,1.0,0.6422607578676943,0.9266287044649076,314992.2,678.0,0.05146647,0.0,1.0,0.0,0.0,0.0,0.0,0.0,0.0,1.0,0.0,0.0,0.0,0.0,0.0,4.0,0.0,0.0,0.0,0.0,0.0,3.0,0.0,0.0,1.0,0.0,0.0,0.0,7.0,0.0,8.0,15.463,84.84723967,21.88701420269522,1.8204614569819408,0.2992791256830601,0.0614374221080225,183.0,-0.2768538175675674,0.0228220087355462,295.0,0.2854213152400834,0.0375961789080991,478.0,1.4019959443071173,0.6261435757257153,0.111514500398345,0.0145173604745375,20.060674391099585,2.322449260305919,"The relationship between the C1QTNF9B gene and cancer is not well-established, but emerging evidence suggests potential roles in tumor biology. C1QTNF9B, a member of the complement component 1q family, is involved in various cellular processes, including apoptosis, inflammation, and tissue remodeling. Dysregulation of this gene may influence tumor microenvironments, affecting immune cell infiltration and interactions that promote or inhibit tumor growth. Additionally, C1QTNF9B has been implicated in metabolic processes that may alter cancer cell behavior and survival, suggesting that its expression could correlate with cancer progression or metastasis in certain contexts. However, further research is needed to elucidate these connections clearly.",0
PITPNM2,4050,0.3255813953488372,0.0,0.0,0.5581395348837209,0.0,1.0,0.1162790697674418,0.0,0.9502435558997684,0.0,1.6,1.933333333333333,1.0,1.0,0.4116920543433512,0.7770603746480179,1122735.0,196.0,0.04432551,1.0629307386589661e-07,2.0,0.0,0.0,0.0,0.0,0.0,0.0,2.0,3.0,0.0,0.0,0.0,0.0,23.0,0.0,0.0,0.0,0.0,0.0,12.0,1.0,0.0,2.0,0.0,3.0,0.0,36.0,0.0,35.0,18.62925,87.75573002,20.354316538066392,2.5201577213716235,0.2529743749999999,0.0780376941912151,142.0,-0.2345052258064515,0.0193226922588772,153.0,0.2434000668896321,0.0475186184563713,293.0,3.1952477967362727,0.0460078741783139,0.111514500398345,0.0145173604745375,22.89534604463864,2.5259152281325044,"The PITPNM2 gene encodes a protein involved in lipid phosphate metabolism and intracellular signaling, which can influence various cellular processes, including apoptosis, cell proliferation, and membrane trafficking. Dysregulation of PITPNM2 has been implicated in cancer through mechanisms such as altered lipid metabolism, which may affect the composition of cellular membranes and signaling pathways that control tumor growth and metastasis. Additionally, its role in the regulation of phosphatidylinositol signaling can impact pathways like the PI3K/Akt pathway, known for its involvement in oncogenic processes. Therefore, aberrations in PITPNM2 expression or function could contribute to the hallmarks of cancer by promoting uncontrolled cell division or survival under stress conditions, thereby facilitating tumor progression.",0
IFI35,867,0.5,0.0,0.0,0.5,0.0,1.0,0.0,0.0,1.0,0.0,0.5,0.5,1.0,1.0,0.1309757694826457,0.3972158400354413,1507064.0,201.0,0.02583375,2.5615326510177503e-06,6.0,0.0,0.0,0.0,0.0,0.0,0.0,0.0,0.0,0.0,0.0,0.0,0.0,0.0,0.0,0.0,0.0,0.0,0.0,1.0,1.0,0.0,0.0,0.0,0.0,0.0,2.0,0.0,2.0,21.3015,273.7098045,25.624273541636352,0.3746036518631442,0.2938803208556153,0.0756991083644126,187.0,-0.2785547540983607,0.02810105494156,183.0,0.2863003783783783,0.0520762855505339,370.0,3.371589869268304,0.0137841740595816,0.111514500398345,0.0145173604745375,18.37280805337582,1.4996863408840788,"The IFI35 gene encodes a protein that is implicated in various immune responses, particularly in the regulation of type I interferon signaling. Its expression has been associated with the modulation of inflammation and immune evasion, processes that are often hijacked by cancer cells to promote tumor growth and survival. Elevated levels of IFI35 have been observed in certain tumors, suggesting a potential role in the tumor microenvironment. Mechanistically, IFI35 may influence the pathways that modulate immune cell infiltration and function, leading to altered antitumor immune responses. Additionally, IFI35 has been linked to the regulation of apoptosis and cellular stress responses, further highlighting its potential involvement in tumorigenesis and cancer progression.",0
CHD8,7746,0.2181818181818181,0.0727272727272727,0.0,0.6181818181818182,0.0,1.0,0.0909090909090909,0.0,0.9039882200546828,0.0,2.6153846153846154,3.3076923076923075,0.6038647342995169,1.0,0.3875968992248062,0.7549571313695838,710667.2,380.0,0.03422866,8.808588789552241e-05,33.0,0.0,0.0,0.0,0.0,0.0,0.0,5.0,0.0,0.0,0.0,0.0,6.0,34.0,4.0,0.0,0.0,0.0,0.0,12.0,1.0,0.0,6.0,0.0,0.0,0.0,56.0,0.0,48.0,22.53985714,97.63354198,22.835165247120425,1.1317096605629864,0.2678409139784946,0.0412490236872682,183.0,-0.28312012605042,0.0232577368890136,238.0,0.2764174528301888,0.0311289053840403,420.0,3.6759831528236417,0.0127068028246314,0.0571988137456122,0.0051896672700128,24.520532323771704,0.4472572865797648,"Yes, there is a relationship between the CHD8 gene and cancer. CHD8 encodes a chromatin remodeler that plays a crucial role in the regulation of gene expression and the maintenance of genome stability. Alterations in CHD8, such as mutations or dysregulation, can disrupt its function, leading to aberrant transcriptional programs that promote tumorigenesis. CHD8 has been implicated in processes such as cell proliferation, apoptosis, and DNA repair, which are essential for maintaining normal cellular homeostasis. Furthermore, CHD8 is associated with pathways involved in the development of specific cancers, including colorectal and breast cancers, suggesting that it may influence oncogenesis through the modulation of key signaling networks and epigenetic landscapes.",0
TGFBR3L,951,0.2857142857142857,0.0,0.0,0.5714285714285714,0.0,1.0,0.1428571428571428,0.0,1.0,0.0,1.3333333333333333,1.6666666666666667,1.0,1.0,0.4053506282934738,0.771383395844029,649122.9543319192,444.4009897808343,0.0198885680771551,0.0,0.0,0.0,0.0,0.0,0.0,0.0,0.0,0.0,1.0,0.0,0.0,0.0,0.0,4.0,0.0,0.0,0.0,0.0,0.0,2.0,0.0,0.0,0.0,0.0,1.0,0.0,6.0,0.0,7.0,11.67133333,91.18192627,21.88701420269522,1.8204614569819408,0.2638164016874681,0.0370683991865753,190.13201675643327,-0.2623792743604192,0.0349935889004216,187.6534410532616,0.2724842722630945,0.0397860230283488,377.6466786355476,1.4485100292274595,0.6577024495509318,0.111514500398345,0.0145173604745375,20.060674391099585,2.322449260305919,"The TGFBR3L gene, a member of the transforming growth factor-beta (TGF-β) signaling pathway, has been implicated in various cellular processes, including proliferation, differentiation, and apoptosis. Although direct relationships between TGFBR3L and cancer are not extensively established, alterations in TGF-β signaling are well-documented in cancer biology. Given that TGFBR3L can influence TGF-β receptor function and modulate downstream signaling pathways, dysregulation of this gene could potentially contribute to tumorigenesis by affecting cell growth and immune responses. Abnormal expression of components in the TGF-β pathway can lead to enhanced malignancy through processes like epithelial-to-mesenchymal transition (EMT), immune evasion, and modifications of the tumor microenvironment, thereby suggesting that TGFBR3L may play a role in cancer development or progression, particularly in the context of altered TGF-β signaling.",0
LCN15,555,1.0,0.0,0.0,0.0,0.0,1.0,0.0,0.0,1.0,0.0,0.0,0.0,1.0,1.0,1.0,1.0,1898901.0,190.0,0.03875934,2.264225964823766e-06,6.0,0.0,0.0,0.0,0.0,0.0,0.0,0.0,0.0,0.0,0.0,0.0,0.0,0.0,0.0,0.0,0.0,0.0,0.0,1.0,0.0,0.0,0.0,0.0,0.0,0.0,1.0,0.0,1.0,6.827,0.0,17.927455317205766,1.920710567284498,0.2638164016874681,0.0370683991865753,190.13201675643327,-0.2623792743604192,0.0349935889004216,187.6534410532616,0.2724842722630945,0.0397860230283488,377.6466786355476,0.490108616725252,0.830239727878654,0.111514500398345,0.0145173604745375,20.060674391099585,2.322449260305919,"The LCN15 gene, part of the lipid carrier protein family, has garnered interest in cancer research due to its potential role in modulating inflammation and lipid metabolism, both of which are critical in tumor biology. Alterations in the expression of LCN15 have been observed in various cancer types, suggesting it may influence tumor progression by affecting the tumor microenvironment. Mechanistically, LCN15 could impact cell proliferation, apoptosis, and angiogenesis by interacting with lipid mediators and inflammatory pathways that are often dysregulated in cancer. Furthermore, the protein's involvement in local immune responses may contribute to tumor immune evasion, thereby facilitating cancer development and metastasis. However, the precise role of LCN15 in the context of specific cancers remains to be fully elucidated.",0
B3GNT6,1156,0.25,0.0625,0.0,0.6875,0.0,1.0,0.0,0.0,1.0,0.0,2.2,2.4,0.7137758743754461,1.0,0.1205690860863274,0.3756368895375198,368987.8,395.0,0.03692812,0.0,0.0,0.0,0.0,0.0,0.0,0.0,0.0,0.0,0.0,0.0,0.0,0.0,0.0,11.0,1.0,0.0,0.0,0.0,0.0,4.0,0.0,0.0,0.0,0.0,0.0,0.0,16.0,0.0,15.0,18.2386875,75.21482516,20.59262588806849,4.183786061561998,0.3353119999999999,0.1267861554016495,195.0,-0.2597932592592593,0.0216225654579546,135.0,0.3044179696969696,0.0849510279055918,330.0,2.2553272985469928,1.2665078697066858,0.111514500398345,0.0145173604745375,16.340331837955773,1.0908583011720423,"The B3GNT6 gene encodes a member of the UDP-GlcNAc:betaGal beta-1,3-N-acetylglucosaminyltransferase family, involved in the glycosylation of proteins. Dysregulation of glycosylation processes, influenced by glycosyltransferases like B3GNT6, can lead to alterations in cell adhesion, signaling pathways, and immune responses, all of which are critical in cancer progression and metastasis. Abnormal expression of B3GNT6 has been associated with tumorigenesis, suggesting that it may contribute to cancer through mechanisms such as enhancing tumor cell survival, promoting angiogenesis, and facilitating immune evasion. Furthermore, aberrant glycosylation patterns can affect the presentation of tumor-associated antigens, potentially influencing tumor recognition by the immune system. Thus, B3GNT6 may play a role in the complexity of cancer biology by modifying the glycan structures essential for various cellular processes.",0
MOGAT2,1005,0.4,0.1,0.0,0.5,0.0,1.0,0.0,0.0,1.0,0.0,1.0,1.2,0.5717552887364208,1.0,0.9813542688910696,0.999825077763089,528290.8,418.0,0.04481215,1.7886701196737946e-07,2.0,0.0,0.0,0.0,0.0,0.0,0.0,0.0,0.0,0.0,0.0,0.0,0.0,5.0,1.0,0.0,0.0,0.0,0.0,4.0,0.0,0.0,0.0,0.0,0.0,0.0,10.0,0.0,9.0,11.9551,119.4962865,19.47465364456712,2.5473635011466924,0.3183588832487308,0.1130501581334403,197.0,-0.2553224427480917,0.0209997030447563,131.0,0.2931827439024388,0.0770655479796039,328.0,1.6118379923543058,1.251122135607658,0.111514500398345,0.0145173604745375,20.060674391099585,2.322449260305919,"The relationship between the MOGAT2 gene and cancer is currently not well characterized in the scientific literature. MOGAT2 encodes a monoacylglycerol O-acyltransferase involved in lipid metabolism, particularly in the synthesis of diacylglycerol and monoacylglycerol. Alterations in lipid metabolism are known to contribute to cancer development and progression through various mechanisms, including the promotion of cancer cell proliferation, metastasis, and evasion of apoptosis. Dysregulation of MOGAT2 could potentially influence the tumor microenvironment or lipid mediator signaling pathways, which may impact oncogenic processes. However, specific evidence linking MOGAT2 directly to cancer pathogenesis or progression remains limited and warrants further investigation.",0
TTC36,570,0.0,0.0,0.0,1.0,0.0,1.0,0.0,0.0,1.0,0.0,2.0,2.0,1.0,1.0,0.2901073397156948,0.6491164164591611,1348757.0,167.0,0.04774302,0.0,1.0,0.0,0.0,0.0,0.0,0.0,0.0,0.0,0.0,0.0,0.0,0.0,0.0,2.0,0.0,0.0,0.0,0.0,0.0,0.0,0.0,0.0,0.0,0.0,0.0,0.0,2.0,0.0,2.0,13.279,344.321282,20.94784795840209,3.601436352355913,0.2110454128440366,0.012642272667652,109.0,-0.2771681696428571,0.0207315976347513,224.0,0.2555243843843845,0.0190032788927674,333.0,1.802729419630589,0.5822129976296294,0.111514500398345,0.0145173604745375,20.060674391099585,2.322449260305919,"The TTC36 gene has not been widely characterized in relation to cancer; however, some studies suggest potential involvement in various cellular processes that could influence carcinogenesis. TTC36 is involved in cellular signaling and may impact pathways related to cell proliferation and apoptosis. Abnormal regulation of these pathways can lead to tumorigenesis. Additionally, its potential role in chromatin remodeling could affect gene expression in ways that promote oncogenesis. The elucidation of these mechanisms remains an area of ongoing research, and further studies are necessary to definitively establish a relationship between TTC36 and cancer.",0
VDAC1,852,0.3333333333333333,0.0,0.0,0.6666666666666666,0.0,1.0,0.0,0.0,1.0,0.0,1.5,1.5,1.0,1.0,0.8787346221441125,0.992330699212776,615557.6,269.0,0.05616216,0.0007027109868062,120.0,0.0,0.0,0.0,0.0,0.0,0.0,0.0,0.0,0.0,0.0,0.0,0.0,6.0,0.0,0.0,0.0,0.0,0.0,3.0,0.0,0.0,0.0,0.0,0.0,0.0,9.0,0.0,9.0,17.80777778,73.58679444,28.513856802841968,0.3478172607668003,0.2574528484848483,0.0142353239668366,165.0,-0.2476555102040815,0.0150543397215623,245.0,0.2515983414634147,0.0147122645214479,410.0,3.756512930340085,0.0044614824986463,0.0519830742910153,0.0094643811215516,24.53222041205233,1.943700921080812,"Yes, there is a relationship between the VDAC1 gene and cancer. VDAC1 (Voltage-Dependent Anion Channel 1) is integral to mitochondrial function and regulates metabolic processes, including apoptosis and energy metabolism. In various cancer types, VDAC1 expression is often dysregulated, leading to enhanced cell survival and proliferation. Elevated VDAC1 levels can promote the release of metabolites necessary for tumor growth and may also modulate mitochondrial membrane potential, impacting apoptotic signaling pathways. Furthermore, VDAC1 interactions with pro-apoptotic and anti-apoptotic proteins can influence the sensitivity of cancer cells to chemotherapeutic agents, contributing to the development of resistance. Thus, VDAC1 serves as a critical hub linking metabolic alterations and apoptosis evasion in cancer.",0
TAS2R38,1002,0.1428571428571428,0.0,0.0,0.8571428571428571,0.0,1.0,0.0,0.0,0.8982265179691364,0.0,3.0,3.0,1.0,1.0,0.1834525775087139,0.4945512893197844,198114.6,856.0,-0.0062879519999999,0.0,0.0,0.0,0.0,0.0,0.0,0.0,0.0,0.0,0.0,0.0,0.0,0.0,0.0,6.0,0.0,0.0,0.0,0.0,0.0,1.0,0.0,0.0,0.0,0.0,0.0,0.0,7.0,0.0,6.0,14.61185714,43.21871748,21.88701420269522,1.8204614569819408,0.3026001197604792,0.0262150570180036,334.0,-0.2588253719008265,0.0226963881817355,121.0,0.290958923076923,0.0256021669140359,455.0,1.4757046253141883,0.8781857901655237,0.111514500398345,0.0145173604745375,20.060674391099585,2.322449260305919,"The relationship between the TAS2R38 gene and cancer is currently not well-defined. TAS2R38 encodes a taste receptor involved in the perception of bitter compounds and has been linked to various physiological processes, including pathogen recognition. Some studies suggest potential links between bitter taste perception and diet-related cancer risks, as dietary habits can influence both taste receptor expression and cancer susceptibility. However, the precise molecular mechanisms remain unclear, with hypotheses revolving around the modulation of metabolic pathways, inflammatory responses, and the microbiome's interaction with bitter compounds. More research is needed to elucidate any direct or indirect roles TAS2R38 may play in carcinogenesis.",0
SVIL,6645,0.2631578947368421,0.0,0.0,0.631578947368421,0.0,1.0,0.087719298245614,0.0175438596491228,0.9650811342978048,0.0,2.25,2.625,1.0,1.0,0.3050640634533252,0.6672463332280774,138938.3,504.0,0.0006113888,0.0003163675767079,73.0,0.0,0.0,0.0,0.0,0.0,0.0,5.0,0.0,0.0,1.0,0.0,1.0,35.0,0.0,0.0,0.0,0.0,0.0,15.0,2.0,0.0,7.0,0.0,0.0,0.0,52.0,0.0,46.0,14.72713462,95.33013224,25.260500248707487,0.8065400820364524,0.2686574100719423,0.0370775771888958,139.0,-0.3287279741379311,0.0489945812950123,232.0,0.3062217520215635,0.0452651594307059,371.0,3.644546689624915,0.0205765501241678,0.0964594527914902,0.016947825198779,27.71128838586,1.0063142442200337,"The SVIL gene, which encodes for the protein Supervillin, has been implicated in various cellular processes, including actin cytoskeleton organization, cell motility, and cellular signaling. Dysregulation of these processes can contribute to tumorigenesis and cancer progression. Specifically, Supervillin interacts with a variety of signaling pathways and cytoskeletal proteins that are often altered in cancer cells, potentially enabling enhanced migratory and invasive capabilities. Additionally, aberrant expression of SVIL has been noted in specific cancer types, suggesting a role in cancer cell proliferation and metastasis. The precise mechanisms by which SVIL influences tumor biology, including its impact on cell adhesion, migration, and the epithelial-mesenchymal transition, warrant further investigation.",0
CADPS,4062,0.1666666666666666,0.0454545454545454,0.0606060606060606,0.6060606060606061,0.0,1.0,0.106060606060606,0.0151515151515151,0.8663851620039228,0.0,3.333333333333333,4.583333333333333,0.2989536621823617,1.0,0.0363504180298073,0.1568356806592687,76551.92,1010.0,0.003193172,1.0494292010898854e-05,10.0,0.0,0.0,0.0,0.0,0.0,0.0,7.0,0.0,0.0,1.0,0.0,8.0,39.0,3.0,0.0,0.0,0.0,0.0,11.0,5.0,0.0,9.0,0.0,0.0,0.0,65.0,0.0,56.0,24.23267692,105.3593136,21.81694492993964,7.725915334516516,0.25236,0.0264595625547445,137.0,-0.2844362561576356,0.0235186827578009,405.0,0.2762992647058824,0.0244125125250568,542.0,2.83269738660226,0.3090903661474221,0.2113030104802555,0.055152595385819,22.03304767197888,5.562227633700074,"The CADPS gene encodes calcium-dependent secretory protein, which is involved in neurotransmitter release and synaptic transmission. Emerging evidence suggests that CADPS may play a role in cellular processes such as neuroendocrine differentiation and vesicle trafficking, which can be relevant to tumor biology. Dysregulation of calcium signaling and associated secretory pathways has been implicated in various cancers, potentially influencing tumor growth, invasion, and metastasis. Additionally, aberrant expression of CADPS in certain tumor types may affect autocrine and paracrine signaling mechanisms that are crucial for maintaining the tumor microenvironment, further implicating its potential involvement in cancer biology. However, direct links between CADPS and specific cancer types remain to be fully elucidated.",0
REM1,897,0.1666666666666666,0.0,0.0,0.7222222222222222,0.0,1.0,0.1111111111111111,0.0,0.9467083407626374,0.0,3.25,3.75,1.0,1.0,0.1859427296392711,0.4987572625226243,605824.7,450.0,-0.07556455,4.691028028739362e-06,6.0,0.0,0.0,0.0,0.0,0.0,0.0,2.0,0.0,0.0,0.0,0.0,0.0,13.0,0.0,0.0,0.0,0.0,0.0,3.0,0.0,0.0,2.0,0.0,0.0,0.0,16.0,0.0,18.0,20.5401875,86.59273656,19.25679400045146,2.2221813027388806,0.3267959036144577,0.0487284571898154,332.0,-0.1910291666666667,0.0125978376248226,48.0,0.3096464210526315,0.0461588997934898,380.0,2.4257310586582013,0.1116461152867885,0.1814553547464142,0.0195378471545688,22.745205532570985,1.1593512834146298,"The REM1 gene, which encodes a protein involved in regulating various cellular processes, has been implicated in cancer through mechanisms related to cell proliferation, apoptosis, and migration. Dysregulation of REM1 can influence signaling pathways that modulate the epithelial-mesenchymal transition (EMT), thereby contributing to tumor metastasis. Additionally, REM1 has been associated with the modulation of reactive oxygen species (ROS) levels, which can lead to genomic instability and further promote oncogenic transformation. Alterations in REM1 expression can also affect cellular responses to stress, potentially shaping the tumor microenvironment and influencing immune evasion. Consequently, understanding the precise role of REM1 in cancer biology may elucidate its involvement in tumor progression and therapeutic resistance.",0
GTPBP4,1905,0.1538461538461538,0.0,0.0,0.8461538461538461,0.0,1.0,0.0,0.0,0.958424899318874,0.0,3.6666666666666665,3.6666666666666665,1.0,1.0,0.3414134516899966,0.7083171962600192,338115.3,407.0,0.0298872,7.99102262943979e-05,82.0,0.0,0.0,0.0,0.0,0.0,0.0,0.0,0.0,0.0,0.0,0.0,0.0,9.0,0.0,0.0,0.0,0.0,0.0,2.0,2.0,0.0,0.0,0.0,0.0,0.0,13.0,0.0,13.0,19.79792308,74.33585241,24.92376402788151,0.4081285162487563,0.3086959119496853,0.0483223008445745,159.0,-0.3479756451612906,0.0546770713404728,248.0,0.3326304914004914,0.0524375444184771,407.0,3.5979917847551866,0.0051517980889452,0.0471782493352857,0.0117926259806085,19.675399979437152,1.3684308036302628,"The GTPBP4 gene, which encodes a guanosine triphosphate-binding protein involved in various cellular processes, has been implicated in cancer through its role in ribosome biogenesis and protein synthesis regulation. Dysregulation of these processes can lead to altered cellular growth and proliferation, contributing to tumorigenesis. Additionally, GTPBP4 may be involved in the cellular response to stress, including oxidative stress, which can affect cancer cell survival and adaptation. The potential for GTPBP4 to influence translational control and its expression levels in different cancer types suggests a complex interplay that warrants further investigation to elucidate its specific contributions to cancer development and progression.",0
CACNA1E,6942,0.2461538461538461,0.0153846153846153,0.0076923076923076,0.7,0.0,1.0,0.023076923076923,0.0076923076923076,0.9676749672891092,0.0,2.757575757575758,2.9696969696969697,0.9765625,1.0,0.0694589150517469,0.2547072203614793,111355.8,832.0,0.0096536219999999,4.110081547836592e-07,2.0,0.0,0.0,0.0,0.0,0.0,0.0,3.0,0.0,0.0,1.0,0.0,8.0,88.0,2.0,0.0,0.0,0.0,0.0,32.0,4.0,0.0,4.0,1.0,0.0,0.0,133.0,0.0,94.0,21.60690226,103.7832756,22.956975359651366,0.2336673589058437,0.2751157742782153,0.0242551559192015,381.0,-0.2192155555555555,0.0159095429968254,36.0,0.270289856115108,0.0237417682182484,416.0,2.6393443952852227,0.3618669625658839,0.3256439623537244,0.0378318620236279,24.01515410517071,0.5549458659911184,"The CACNA1E gene encodes the alpha-1E subunit of voltage-dependent calcium channels, which play a crucial role in regulating intracellular calcium levels that influence various cellular functions, including proliferation and apoptosis. Aberrant calcium signaling has been implicated in oncogenesis, as altered calcium influx can enhance cell survival and promote the proliferation of cancer cells. Furthermore, calcium channels like those encoded by CACNA1E may contribute to the tumor microenvironment by affecting cell-to-cell communication and modulating the behavior of adjacent stromal cells. Studies have suggested potential associations between altered expression of calcium channel genes and specific cancer types, indicating a need for further investigation into the precise mechanisms linking CACNA1E to tumor biology.",0
COL11A1,5457,0.1884057971014492,0.0869565217391304,0.0797101449275362,0.6304347826086957,0.0217391304347826,0.9915172499385684,0.0144927536231884,0.0,0.8747663089826194,0.0,3.2222222222222223,4.148148148148148,0.0132994640315995,0.5246589716684156,0.8971668415529905,0.82539360717455,37620.0,742.0,-0.01974511,0.0,1.0,0.0,0.0,0.0,0.0,0.0,0.0,2.0,0.0,0.0,0.0,0.0,5.0,85.0,12.0,0.0,0.0,0.0,0.0,25.0,21.0,0.0,2.0,2.0,0.0,0.0,145.0,1.0,97.0,25.11656552,129.1325293,24.36849710634784,4.70528070460929,0.2443909999999999,0.0432866984611764,119.0,-0.2465187341772154,0.0210978804772044,236.0,0.2458035294117646,0.0284566785616655,355.0,3.4198438169447147,0.2746436102017685,0.111514500398345,0.0145173604745375,17.492884236023677,3.179737858003372,"Yes, there is a relationship between the COL11A1 gene and cancer. COL11A1 encodes a collagen type that plays a significant role in extracellular matrix (ECM) composition and structure, and its dysregulation has been implicated in tumor progression. Elevated expression of COL11A1 has been associated with increased cell proliferation, migration, and invasion in various cancer types, possibly through mechanisms involving modulation of ECM stiffness and cellular signaling pathways. This dysregulated expression can enhance the epithelial-mesenchymal transition (EMT), a critical process in metastasis, leading to a more aggressive tumor phenotype. Additionally, COL11A1 may interact with growth factors and cytokines in the tumor microenvironment, further influencing cancer cell behavior and promoting tumorigenesis.",0
TTN,107976,0.2114093959731543,0.072986577181208,0.0033557046979865,0.6778523489932886,0.0,1.0,0.0302013422818791,0.0041946308724832,0.9221814205738876,0.0,3.1936758893280635,3.7154150197628457,0.3298153034300791,1.0,0.00172,0.0126685412996296,172693.3,713.0,0.02289211,0.0004407189879804,46.0,1.0,0.0,0.0,0.0,0.0,0.0,25.0,11.0,0.0,5.0,0.0,186.0,801.0,87.0,0.0,0.0,0.0,0.0,251.0,14.0,0.0,38.0,5.0,14.0,0.0,1324.0,0.0,438.0,19.14321375,160.7953071,24.3588279495047,2.787631008026461,0.2547972532188841,0.0273441285406985,232.0,-0.2152023076923077,0.0127444355805288,65.0,0.2461607718120804,0.0243742714280218,297.0,3.636468987836555,0.1077373733915817,0.111514500398345,0.0145173604745375,22.7114088454378,20.90395912263003,"Yes, there is a relationship between the TTN gene and cancer. The TTN gene encodes for titin, a large protein essential for sarcomere structure and function in muscle cells. Disruptions or mutations in the TTN gene can lead to alterations in cellular mechanics and signaling, which may contribute to tumorigenesis. Additionally, somatic mutations in TTN have been identified in various cancer types, potentially affecting cellular pathways related to cell proliferation, apoptosis, and differentiation. The protein's role in the integrity of the cytoskeleton and mechanotransduction also suggests that TTN mutations might influence the tumor microenvironment and metastasis, providing a link between its dysfunction and cancer progression.",0
DST,15516,0.2457627118644068,0.0762711864406779,0.0,0.5932203389830508,0.0,1.0,0.0847457627118644,0.0,0.9006212695427738,0.0,2.333333333333333,2.966666666666667,0.8976660682226212,1.0,0.9009009009009008,0.9949189327245428,403209.3,446.0,0.02327611,0.0003301431741445,42.0,0.0,0.0,0.0,0.0,0.0,0.0,7.0,3.0,0.0,0.0,0.0,54.0,113.0,15.0,0.0,0.0,0.0,0.0,38.0,3.0,0.0,13.0,1.0,5.0,0.0,214.0,0.0,124.0,16.85217757,101.9031858,25.556419400612,1.6393060204492955,0.2714240594059405,0.0306815493844342,196.0,-0.2460210399999999,0.0283124793884258,122.0,0.2617134250764525,0.0298391659992758,317.0,3.914211674422064,0.0322380538325118,0.0608933132306183,0.0138823493543669,22.77710378363317,1.3000343796920315,"The DST (Dystonin) gene, which encodes a protein involved in maintaining the structural integrity of cell membranes and the cytoskeleton, has been implicated in various cellular processes that could relate to cancer biology. Disruptions in cell adhesion, migration, and signaling pathways due to alterations in the DST gene may contribute to the metastatic potential of cancer cells. Furthermore, the protein's role in maintaining cellular architecture suggests that aberrations in DST expression or function could impact tumor microenvironment interactions, potentially influencing tumor growth and progression. Studies have indicated that dysregulation of cytoskeletal components can affect cellular responses to stress and apoptosis, providing additional pathways through which DST may interrelate with cancer development. However, the specific mechanisms are still under investigation, and further research is needed to elucidate the direct relationships between DST and various cancer types.",0
