Hugo_Symbol,gene length,silent,nonsense,splice site,missense,recurrent missense,normalized missense position entropy,frameshift indel,inframe indel,normalized mutation entropy,lost start and stop,missense to silent,non-silent to silent,inactivating p-value,entropy p-value,vest p-value,combined p-value,expression_CCLE,replication_time,HiC_compartment,gene_betweeness,gene_degree,3'UTR,5'Flank,5'UTR,COULD_NOT_DETERMINE,DE_NOVO_START_IN_FRAME,DE_NOVO_START_OUT_FRAME,Frame_Shift_Del,Frame_Shift_Ins,IGR,In_Frame_Del,In_Frame_Ins,Intron,Missense_Mutation,Nonsense_Mutation,Nonstop_Mutation,RNA,START_CODON_INS,START_CODON_SNP,Silent,Splice_Site,Translation_Start_Site,DEL,DNP,INS,ONP,SNP,TNP,pnum,cadd_mean,cadd_var,proteome_mean,proteome_var,amp_mean,amp_var,amp_freq,del_mean,del_var,del_freq,abs_mean,abs_var,abs_freq,exp_mean,exp_var,methy_mean,methy_var,Phosphoproteome_mean,Phosphoproteome_var,label
MAPT,2331,0.35483871,0.032258065,0.0,0.580645161,0.0,1.0,0.032258065,0.0,0.986977478,0.0,1.5,1.666666667,0.798722045,1.0,0.344589938,0.711716111,369065.2,469.0,0.01928261,0.000871036,89,0.0,0.0,0.0,0.0,0.0,0.0,1.0,0.0,0,0.0,0.0,1.0,18.0,1.0,0.0,0.0,0.0,0.0,11.0,0.0,0.0,1.0,0.0,0.0,0.0,31.0,0.0,28.0,16.53348387,149.1121505,23.17862067,9.879679043,0.232575484,0.01313211,186.0,-0.260958785,0.019034303,181.0,0.246573787,0.016200863,367.0,2.893855486,0.295796226,0.1115145,0.01451736,22.11735938,10.88487748,0
POLR1B,3408,0.083333333,0.0,0.0,0.833333333,0.0,1.0,0.083333333,0.0,1.0,0.0,5.0,5.5,1.0,1.0,0.693481276,0.947316948,563285.8,166.0,0.03423545,5.82e-05,51,0.0,0.0,0.0,0.0,0.0,0.0,1.0,0.0,0,0.0,0.0,0.0,10.0,0.0,0.0,0.0,0.0,0.0,1.0,0.0,0.0,1.0,0.0,0.0,0.0,11.0,0.0,11.0,19.29590909,88.42078409,23.26559844,0.545704941,0.225499945,0.027647683,182.0,-0.254108621,0.030169852,58.0,0.232413708,0.028284145,240.0,3.525380672,0.002913322,0.054309875,0.015156053,20.06067439,2.32244926,0
TGOLN2,1443,0.333333333,0.0,0.0,0.5,0.0,1.0,0.0,0.166666667,1.0,0.0,1.0,1.333333333,1.0,1.0,0.331235508,0.697226118,975949.2,211.0,0.01828465,0.00013148,48,0.0,0.0,0.0,0.0,0.0,0.0,0.0,0.0,0,1.0,0.0,0.0,3.0,0.0,0.0,0.0,0.0,0.0,2.0,0.0,0.0,1.0,0.0,0.0,0.0,5.0,0.0,6.0,6.1,35.7553485,25.19911598,0.617535379,0.239426339,0.022601008,224.0,-0.191187317,0.011292357,41.0,0.231962943,0.021107443,265.0,3.777031766,0.002760675,0.065502586,0.004282326,25.79332691,1.245805982,0
LANCL1,1200,0.181818182,0.0,0.181818182,0.636363636,0.0,1.0,0.0,0.0,0.947442759,0.0,2.333333333,3.0,0.222717149,1.0,0.265181649,0.617167918,159583.6,453.0,0.003072574,0.000133089,16,0.0,0.0,0.0,0.0,0.0,0.0,0.0,0.0,0,0.0,0.0,1.0,7.0,0.0,0.0,0.0,0.0,0.0,2.0,2.0,0.0,0.0,0.0,0.0,0.0,12.0,0.0,9.0,21.73491667,141.8137064,26.56521623,0.419323014,0.226037582,0.017996806,153.0,-0.261525714,0.020919853,126.0,0.24206448,0.019559414,279.0,3.583757363,0.004486866,0.059470359,0.01060814,17.31391325,5.682467759,0
TAAR5,1014,0.071428571,0.071428571,0.0,0.857142857,0.0,1.0,0.0,0.0,1.0,0.0,6.0,6.5,0.33557047,1.0,0.496031746,0.843807217,125851.9,605.0,0.01921213,0.0,0,0.0,0.0,0.0,0.0,0.0,0.0,0.0,0.0,0,0.0,0.0,0.0,12.0,1.0,0.0,0.0,0.0,0.0,1.0,0.0,0.0,0.0,0.0,0.0,0.0,14.0,0.0,14.0,19.734,77.50707323,21.8870142,1.820461457,0.242983462,0.023685699,104.0,-0.271713284,0.022503268,268.0,0.26368129,0.022937581,372.0,0.042418711,0.049279861,0.1115145,0.01451736,20.06067439,2.32244926,0
CMC4,207,0.5,0.0,0.0,0.5,0.0,1.0,0.0,0.0,1.0,0.0,0.5,0.5,1.0,1.0,0.178443969,0.485988692,985719.2,444.4009898,0.006299631,0.0,0,0.0,0.0,0.0,0.0,0.0,0.0,0.0,0.0,0,0.0,0.0,0.0,1.0,0.0,0.0,0.0,0.0,0.0,1.0,0.0,0.0,0.0,0.0,0.0,0.0,2.0,0.0,2.0,19.43,97.1618,23.89191151,1.286804774,0.275189592,0.026860798,147.0,-0.27255963,0.024947597,108.0,0.274075725,0.025950787,255.0,3.174064062,0.012137794,0.24225789,0.070015901,20.06067439,2.32244926,0
DCP1A,1749,0.375,0.0,0.0,0.625,0.0,1.0,0.0,0.0,1.0,0.0,1.25,1.25,1.0,1.0,0.484966052,0.835924532,782207.8,167.0,0.04345949,0.000126683,31,0.0,0.0,0.0,0.0,0.0,0.0,0.0,0.0,0,0.0,0.0,0.0,5.0,0.0,0.0,0.0,0.0,0.0,3.0,0.0,0.0,0.0,0.0,0.0,0.0,8.0,0.0,7.0,18.505125,58.70451298,21.8870142,1.820461457,0.231019907,0.026499847,108.0,-0.281148294,0.022842711,428.0,0.271047799,0.023936499,536.0,2.84228509,0.209771735,0.1115145,0.01451736,20.06067439,2.32244926,0
TCHH,5832,0.278688525,0.032786885,0.0,0.639344262,0.0,1.0,0.016393443,0.032786885,0.981328483,0.0,2.166666667,2.444444444,0.862068966,1.0,0.279407656,0.635675728,527465.2,349.0,0.03483439,2.67e-06,2,0.0,0.0,0.0,0.0,0.0,0.0,1.0,0.0,0,2.0,0.0,0.0,40.0,2.0,0.0,0.0,0.0,0.0,17.0,0.0,0.0,3.0,1.0,0.0,0.0,58.0,0.0,47.0,13.25575862,62.79810948,21.54687406,2.837193113,0.309355584,0.041830412,385.0,-0.183877143,0.006431702,42.0,0.297013443,0.039724923,427.0,2.352984645,0.255844296,0.1115145,0.01451736,21.49818717,5.350913911,0
FCGBP,16218,0.359223301,0.019417476,0.019417476,0.582524272,0.0,1.0,0.019417476,0.0,0.977479948,0.0,1.578947368,1.736842105,0.74019245,1.0,0.968992248,0.999514212,1312608.0,522.0,0.02898752,1.03e-07,2,0.0,0.0,0.0,0.0,0.0,0.0,2.0,0.0,0,0.0,0.0,0.0,59.0,2.0,0.0,0.0,0.0,0.0,37.0,2.0,0.0,2.0,0.0,0.0,0.0,100.0,0.0,72.0,12.26276,77.79685536,25.51063868,3.374344282,0.344263625,0.102950149,239.0,-0.259939394,0.021143115,131.0,0.314342124,0.075418813,367.0,3.50769123,0.087361094,0.1115145,0.01451736,16.2214971,2.944193134,0
TAL2,327,0.166666667,0.0,0.0,0.833333333,0.0,1.0,0.0,0.0,0.871049064,0.0,2.5,2.5,1.0,1.0,0.042022104,0.175213662,215119.3,773.0,-0.001830899,5.27e-07,7,0.0,0.0,0.0,0.0,0.0,0.0,0.0,0.0,0,0.0,0.0,0.0,5.0,0.0,0.0,0.0,0.0,0.0,1.0,0.0,0.0,0.0,0.0,0.0,0.0,6.0,0.0,6.0,27.02666667,81.60606667,21.8870142,1.820461457,0.235054453,0.016727463,137.0,-0.238559803,0.015543446,254.0,0.237331586,0.015919283,391.0,1.262455065,0.716818381,0.1115145,0.01451736,20.06067439,2.32244926,0
EEF2K,2178,0.285714286,0.0,0.047619048,0.619047619,0.0,1.0,0.047619048,0.0,0.978317119,0.0,1.857142857,2.142857143,0.688231246,1.0,0.431406385,0.79409178,522342.7,235.0,0.04424606,3.93e-05,33,0.0,0.0,0.0,0.0,0.0,0.0,1.0,0.0,0,0.0,0.0,0.0,13.0,0.0,0.0,0.0,0.0,0.0,6.0,1.0,0.0,1.0,0.0,0.0,0.0,20.0,0.0,19.0,19.16305,85.20277352,23.11662568,0.731632079,0.235028259,0.021680016,201.0,-0.261498621,0.028021485,144.0,0.246121329,0.024435125,345.0,3.542000704,0.007715719,0.024492995,0.000925645,24.75995854,0.433974409,0
UNC13A,5112,0.38961039,0.038961039,0.0,0.545454545,0.0,1.0,0.025974026,0.0,0.975940691,0.0,1.35483871,1.516129032,0.867302689,1.0,0.639386189,0.925349515,1029781.0,246.0,0.03660147,1.5e-05,6,0.0,1.0,0.0,0.0,0.0,0.0,1.0,1.0,0,0.0,0.0,0.0,43.0,3.0,0.0,0.0,0.0,0.0,28.0,2.0,0.0,1.0,0.0,1.0,0.0,76.0,1.0,62.0,18.42394737,107.1299728,22.56268336,0.295675699,0.317357305,0.05965125,167.0,-0.223345481,0.016156996,208.0,0.26521208,0.037607712,373.0,2.709818948,0.183672297,0.121875273,0.011194519,21.156589,0.814710975,0
ANKRD30BL,777,0.0,0.0,0.0,0.8,0.0,1.0,0.2,0.0,1.0,0.0,4.0,5.0,1.0,1.0,0.450653447,0.809849772,649122.9543,444.4009898,0.019888568,0.0,0,0.0,0.0,0.0,0.0,0.0,0.0,1.0,0.0,0,0.0,0.0,0.0,4.0,0.0,0.0,0.0,0.0,0.0,0.0,0.0,0.0,1.0,0.0,0.0,0.0,4.0,0.0,5.0,7.3905,14.61904633,21.8870142,1.820461457,0.208912616,0.012867856,172.0,-0.237728118,0.020542776,85.0,0.218443035,0.015520437,257.0,0.591753348,0.658442654,0.1115145,0.01451736,20.06067439,2.32244926,0
ZDHHC22,792,0.5,0.0,0.0,0.5,0.0,1.0,0.0,0.0,1.0,0.0,0.75,0.75,1.0,1.0,0.643500644,0.927176481,531874.1,235.0,0.0586352,0.0,1,0.0,0.0,0.0,0.0,0.0,0.0,0.0,0.0,0,0.0,0.0,0.0,4.0,0.0,0.0,0.0,0.0,0.0,3.0,0.0,0.0,0.0,1.0,0.0,0.0,6.0,0.0,6.0,14.77216667,92.48379337,21.8870142,1.820461457,0.234803889,0.020929449,144.0,-0.287089319,0.022940414,279.0,0.269290024,0.022819895,423.0,1.079099855,1.049581262,0.154989136,0.013329098,20.06067439,2.32244926,0
ACSL1,2097,0.380952381,0.047619048,0.047619048,0.523809524,0.0,1.0,0.0,0.0,0.978317119,0.0,1.222222222,1.444444444,0.562113547,1.0,0.936329588,0.997928596,311713.1,515.0,0.02951392,2.97e-06,5,0.0,0.0,0.0,0.0,0.0,0.0,0.0,0.0,0,0.0,0.0,3.0,10.0,1.0,0.0,0.0,0.0,0.0,8.0,2.0,0.0,0.0,0.0,0.0,0.0,24.0,0.0,21.0,16.16745833,140.1605842,25.92930034,0.559602604,0.204084459,0.019346309,74.0,-0.289620897,0.028739172,301.0,0.272741707,0.02799094,375.0,3.654482483,0.015637862,0.16527796,0.025463511,17.7904536,5.241430752,0
PPM1K,1119,0.222222222,0.222222222,0.0,0.444444444,0.0,1.0,0.111111111,0.0,0.833333333,0.0,1.333333333,2.333333333,0.173460538,1.0,0.570450656,0.890660928,432935.7,304.0,0.02456946,9.74e-07,5,0.0,0.0,0.0,0.0,0.0,0.0,1.0,0.0,0,0.0,0.0,4.0,4.0,2.0,0.0,0.0,0.0,0.0,2.0,0.0,0.0,1.0,0.0,0.0,0.0,12.0,0.0,13.0,23.69558333,83.33559954,20.8091592,1.091082235,0.206100652,0.018048261,92.0,-0.249142905,0.017132725,241.0,0.237251351,0.017703611,333.0,3.424504707,0.01714783,0.043507433,0.008451809,21.40942505,3.155012501,0
NUTM1,3483,0.2,0.066666667,0.033333333,0.6,0.0,1.0,0.1,0.0,0.894639489,0.0,2.571428571,3.428571429,0.265745416,1.0,0.698324022,0.949072674,542657.4,234.0,0.0220882,3.6e-05,23,0.0,0.0,0.0,0.0,0.0,0.0,2.0,1.0,0,0.0,0.0,0.0,18.0,2.0,0.0,0.0,0.0,0.0,6.0,1.0,0.0,2.0,0.0,1.0,0.0,27.0,0.0,23.0,15.21218519,94.03841077,21.8870142,1.820461457,0.196231053,0.012553804,57.0,-0.283939654,0.027954204,289.0,0.269490549,0.026435004,346.0,1.421466361,0.684299692,0.1115145,0.01451736,20.06067439,2.32244926,1
TMEM169,894,0.222222222,0.0,0.0,0.777777778,0.0,1.0,0.0,0.0,1.0,0.0,2.333333333,2.333333333,1.0,1.0,0.081512879,0.285865198,603452.5,419.0,0.03530223,0.0,0,0.0,0.0,0.0,0.0,0.0,0.0,0.0,0.0,0,0.0,0.0,0.0,7.0,0.0,0.0,0.0,0.0,0.0,2.0,0.0,0.0,0.0,0.0,0.0,0.0,9.0,0.0,9.0,19.99455556,86.85158228,19.40419289,0.353611084,0.215466357,0.013973555,140.0,-0.257827652,0.01951247,132.0,0.236024044,0.017049361,272.0,2.676721927,0.107442273,0.042067718,0.010847544,19.00895789,1.426906671,0
KPNA1,1617,0.0,0.125,0.125,0.625,0.0,1.0,0.125,0.0,0.801879687,0.0,5.0,8.0,0.341180484,1.0,0.905797101,0.995416619,413070.0,404.0,0.03434013,0.000210382,73,0.0,0.0,0.0,0.0,0.0,0.0,1.0,0.0,0,0.0,0.0,3.0,5.0,1.0,0.0,0.0,0.0,0.0,0.0,1.0,0.0,1.0,0.0,0.0,0.0,10.0,0.0,9.0,26.865,43.54780556,24.65461668,0.329042761,0.270124388,0.030482181,294.0,-0.252692692,0.019056671,104.0,0.265569372,0.0274999,398.0,3.603791542,0.002240184,0.040151596,0.007672148,21.15467863,0.768178704,0
VPS39,2628,0.4,0.066666667,0.0,0.466666667,0.0,1.0,0.0,0.066666667,1.0,0.0,1.0,1.285714286,0.753012048,1.0,0.810372771,0.9807625,625464.7,394.0,0.03537727,1.19e-05,15,0.0,0.0,0.0,0.0,0.0,0.0,0.0,0.0,0,1.0,0.0,1.0,6.0,1.0,0.0,0.0,0.0,0.0,5.0,2.0,0.0,1.0,0.0,0.0,0.0,15.0,0.0,14.0,19.01133333,128.3633032,24.00179725,0.438052698,0.193823448,0.010925776,58.0,-0.28732023,0.028272073,304.0,0.272340083,0.026634317,362.0,3.590677577,0.003567179,0.055994958,0.005240879,18.69213373,2.491550494,0
IL9,435,0.666666667,0.0,0.0,0.333333333,0.0,1.0,0.0,0.0,1.0,0.0,0.333333333,0.333333333,1.0,1.0,0.915750916,0.996346957,489401.7,443.0,0.01863627,0.0,1,0.0,0.0,0.0,0.0,0.0,0.0,0.0,0.0,0,0.0,0.0,0.0,0.0,0.0,0.0,0.0,0.0,0.0,2.0,0.0,0.0,0.0,0.0,0.0,0.0,2.0,0.0,2.0,1.6175,4.9015805,21.8870142,1.820461457,0.262055444,0.014405328,169.0,-0.246885792,0.015272739,240.0,0.253153936,0.014934069,409.0,0.076497994,0.07660358,0.1115145,0.01451736,20.06067439,2.32244926,0
CHMP5,660,0.4,0.0,0.2,0.4,0.0,1.0,0.0,0.0,1.0,0.0,0.666666667,1.0,0.619578686,1.0,0.856164384,0.98912062,856502.5,167.0,0.03839118,7.28e-05,29,0.0,0.0,0.0,0.0,0.0,0.0,0.0,0.0,0,0.0,0.0,0.0,1.0,0.0,0.0,0.0,0.0,0.0,2.0,2.0,0.0,0.0,0.0,0.0,0.0,5.0,0.0,5.0,22.6258,166.3756782,25.74457644,0.158592076,0.274546597,0.035508565,190.0,-0.262413986,0.027540904,296.0,0.267172361,0.030634326,486.0,3.592741336,0.005158742,0.069873798,0.015236507,21.33613075,1.635193129,0
TRIM58,1461,0.285714286,0.028571429,0.057142857,0.628571429,0.0,1.0,0.0,0.0,0.973514051,0.0,2.0,2.272727273,0.453309157,1.0,0.531349628,0.867340617,649122.9543,444.4009898,0.019888568,2.69e-06,7,0.0,0.0,0.0,0.0,0.0,0.0,0.0,0.0,0,0.0,0.0,0.0,21.0,1.0,0.0,0.0,0.0,0.0,10.0,2.0,0.0,0.0,0.0,0.0,0.0,34.0,0.0,32.0,14.66658824,101.8313481,16.84626284,1.191069323,0.296182016,0.032455894,367.0,-0.248203214,0.026521976,56.0,0.289830213,0.03187064,423.0,2.825883071,0.142756449,0.464350937,0.044370716,20.06067439,2.32244926,0
ELAVL2,1080,0.0,0.076923077,0.076923077,0.846153846,0.0,1.0,0.0,0.0,0.958424899,0.0,11.0,13.0,0.163025758,1.0,0.300571085,0.661878869,7648.077,719.0,-0.04035431,1.19e-05,18,0.0,0.0,0.0,0.0,0.0,0.0,0.0,0.0,0,0.0,0.0,0.0,11.0,2.0,0.0,0.0,0.0,0.0,0.0,2.0,0.0,0.0,0.0,0.0,0.0,15.0,0.0,13.0,28.40733333,55.4663781,19.95428979,7.72781558,0.261916831,0.03390443,142.0,-0.457517022,0.361194374,401.0,0.406553303,0.283084511,540.0,2.272452093,0.546397488,0.195850885,0.029223953,18.92268651,6.579730789,0
ZSCAN4,1302,0.28,0.0,0.0,0.72,0.0,1.0,0.0,0.0,0.982772938,0.0,2.25,2.25,1.0,1.0,0.944287063,0.998418382,532348.8,849.0,-0.03733444,5.45e-08,4,0.0,0.0,0.0,0.0,0.0,0.0,0.0,0.0,0,0.0,0.0,0.0,18.0,0.0,0.0,0.0,0.0,0.0,7.0,0.0,0.0,0.0,0.0,0.0,0.0,25.0,0.0,20.0,7.5154,58.14146417,21.8870142,1.820461457,0.28713005,0.037710367,201.0,-0.256987117,0.023445921,163.0,0.273631978,0.031465823,364.0,1.236336155,0.730595329,0.1115145,0.01451736,20.06067439,2.32244926,0
RESP18,687,0.25,0.0,0.0,0.375,0.0,1.0,0.375,0.0,0.801879687,0.0,1.0,2.0,1.0,1.0,0.169549,0.470432911,649122.9543,444.4009898,0.019888568,0.0,0,0.0,0.0,0.0,0.0,0.0,0.0,3.0,0.0,0,0.0,0.0,0.0,2.0,0.0,0.0,0.0,0.0,0.0,2.0,1.0,0.0,3.0,0.0,0.0,0.0,5.0,0.0,6.0,5.2492,41.6364267,21.8870142,1.820461457,0.216550441,0.014897004,136.0,-0.256397698,0.020199002,139.0,0.236691418,0.017911337,275.0,0.088504762,0.106654775,0.1115145,0.01451736,20.06067439,2.32244926,0
GRIN1,2832,0.277777778,0.0,0.0,0.722222222,0.0,1.0,0.0,0.0,1.0,0.0,2.166666667,2.166666667,1.0,1.0,0.214638334,0.544923982,1722012.0,202.0,0.03571653,5.54e-05,11,1.0,0.0,0.0,0.0,0.0,0.0,0.0,0.0,0,0.0,0.0,3.0,13.0,0.0,0.0,0.0,0.0,0.0,5.0,0.0,0.0,2.0,0.0,0.0,0.0,20.0,0.0,20.0,22.5511,80.10182841,24.35402703,0.473456504,0.263816402,0.037068399,190.1320168,-0.262379274,0.034993589,187.6534411,0.272484272,0.039786023,377.6466786,1.719664481,0.84592389,0.380419731,0.032126282,18.52847262,0.857354324,0
EIF3D,1647,0.4,0.0,0.0,0.6,0.0,1.0,0.0,0.0,1.0,0.0,1.2,1.2,1.0,1.0,0.521648409,0.861117091,1184089.0,359.0,0.03841549,4.49e-05,56,0.0,0.0,0.0,0.0,0.0,0.0,0.0,0.0,0,0.0,0.0,1.0,5.0,0.0,0.0,0.0,0.0,0.0,4.0,1.0,0.0,0.0,0.0,0.0,0.0,11.0,0.0,11.0,20.84818182,121.5384222,26.54709352,0.234153846,0.250597557,0.054107384,131.0,-0.289671201,0.024996976,283.0,0.277307319,0.034430569,414.0,3.739244405,0.003250915,0.046568617,0.015020553,23.02425282,0.694746818,0
STX1A,867,0.333333333,0.0,0.0,0.333333333,0.0,1.0,0.333333333,0.0,1.0,0.0,0.5,1.0,1.0,1.0,0.835421888,0.985646137,1082063.0,214.0,0.05404935,0.000545292,54,2.0,0.0,0.0,0.0,0.0,0.0,0.0,1.0,0,0.0,0.0,2.0,0.0,0.0,0.0,0.0,0.0,0.0,1.0,1.0,0.0,1.0,0.0,1.0,0.0,5.0,0.0,7.0,10.0458,77.6423617,21.77272168,14.54539822,0.297747867,0.024597348,361.0,-0.244043889,0.022609552,108.0,0.285381066,0.024602616,469.0,3.074324306,0.042218561,0.029601329,0.005592065,21.69380837,5.933502755,0
CSNK1D,1248,0.166666667,0.083333333,0.0,0.5,0.0,1.0,0.25,0.0,0.814038036,0.0,2.0,3.333333333,0.596302922,1.0,0.301659125,0.663184804,649122.9543,444.4009898,0.019888568,0.000286424,49,0.0,0.0,0.0,0.0,0.0,0.0,2.0,1.0,0,0.0,0.0,0.0,6.0,1.0,0.0,0.0,0.0,0.0,2.0,0.0,0.0,2.0,0.0,1.0,0.0,9.0,0.0,12.0,26.80777778,176.2643944,23.55919911,0.603482567,0.284235138,0.03665131,251.0,-0.227593209,0.01329968,134.0,0.264622687,0.029238451,385.0,3.573628404,0.005816397,0.059219769,0.010738841,24.66216525,1.838870077,0
SLC12A3,3093,0.303030303,0.03030303,0.0,0.636363636,0.0,1.0,0.03030303,0.0,0.987985463,0.0,1.909090909,2.090909091,0.832639467,1.0,0.356760614,0.724470308,785707.5,125.0,0.03662928,2.12e-06,10,0.0,0.0,1.0,0.0,0.0,0.0,1.0,0.0,0,0.0,0.0,0.0,22.0,1.0,0.0,0.0,0.0,0.0,10.0,0.0,0.0,1.0,0.0,1.0,0.0,32.0,1.0,31.0,17.822125,121.8426961,24.05403672,0.219075822,0.232332071,0.021773909,169.0,-0.29229408,0.026096077,198.0,0.264906027,0.024952095,367.0,1.956282468,0.404442407,0.1115145,0.01451736,22.32375213,4.130956138,0
GDPGP1,1158,0.333333333,0.0,0.0,0.666666667,0.0,1.0,0.0,0.0,1.0,0.0,1.0,1.0,1.0,1.0,0.725689405,0.958369501,876944.6,154.0,0.05183754,0.00011295,11,0.0,0.0,0.0,0.0,0.0,0.0,0.0,0.0,0,0.0,0.0,0.0,2.0,0.0,0.0,0.0,0.0,0.0,1.0,0.0,0.0,0.0,0.0,0.0,0.0,3.0,0.0,3.0,11.06233333,18.71123433,21.57438062,1.064374463,0.298249344,0.053979398,122.0,-0.255590744,0.020836851,215.0,0.271033917,0.033131642,337.0,3.028420729,0.01829287,0.077071827,0.008215288,20.06067439,2.32244926,0
SLC7A1,1890,0.4,0.0,0.0,0.55,0.0,1.0,0.05,0.0,1.0,0.0,1.222222222,1.333333333,1.0,1.0,0.611995104,0.91250367,222765.3,467.0,0.009252094,2.76e-05,4,0.0,0.0,0.0,0.0,0.0,0.0,0.0,1.0,0,0.0,0.0,0.0,11.0,0.0,0.0,0.0,0.0,0.0,8.0,0.0,0.0,0.0,0.0,1.0,0.0,19.0,0.0,19.0,17.06526316,137.3469536,22.20311379,1.613053765,0.300896349,0.036326209,189.0,-0.277595087,0.023280639,289.0,0.286808347,0.028503552,478.0,3.57463474,0.012950275,0.027303697,0.00439594,17.60690502,1.193448662,0
DNAJC18,1077,0.0,0.0,0.0,1.0,0.0,1.0,0.0,0.0,1.0,0.0,9.0,9.0,1.0,1.0,0.00857,0.049358808,832126.5,177.0,0.047758,0.0,1,0.0,0.0,0.0,0.0,0.0,0.0,0.0,0.0,0,0.0,0.0,0.0,9.0,0.0,0.0,0.0,0.0,0.0,0.0,0.0,0.0,0.0,0.0,0.0,0.0,9.0,0.0,8.0,23.74666667,24.7467,17.14499813,0.35969968,0.263271886,0.018095061,175.0,-0.240327031,0.014288485,229.0,0.250266015,0.016026149,404.0,3.231685335,0.018463436,0.1115145,0.01451736,20.06067439,2.32244926,0
ZSWIM4,2970,0.333333333,0.0,0.0,0.666666667,0.0,1.0,0.0,0.0,1.0,0.0,1.714285714,1.714285714,1.0,1.0,0.355745286,0.723422374,754887.8,241.0,0.03097798,0.0,1,0.0,0.0,0.0,0.0,0.0,0.0,0.0,0.0,0,0.0,0.0,3.0,12.0,0.0,0.0,0.0,0.0,0.0,6.0,0.0,0.0,0.0,0.0,0.0,0.0,21.0,0.0,18.0,16.19980952,108.2857893,21.8870142,1.820461457,0.351180421,0.087265999,189.0,-0.220125781,0.012485352,192.0,0.285310026,0.053853475,380.0,3.115034344,0.031780865,0.041873685,0.006604243,20.06067439,2.32244926,0
SPINT1,1590,0.25,0.0,0.0,0.75,0.0,1.0,0.0,0.0,1.0,0.0,2.25,2.25,1.0,1.0,0.312695435,0.676211887,1036414.0,172.0,0.05061077,1.32e-05,4,0.0,0.0,1.0,0.0,0.0,0.0,0.0,0.0,0,0.0,0.0,0.0,9.0,0.0,0.0,0.0,0.0,0.0,3.0,0.0,0.0,0.0,0.0,0.0,0.0,13.0,0.0,12.0,14.70915385,84.39230914,24.67107559,0.646712017,0.191456226,0.011263227,53.0,-0.284319494,0.027056309,316.0,0.270981409,0.025814752,369.0,3.536348192,0.079062894,0.158097672,0.008159311,20.06067439,2.32244926,0
ZNF195,1890,0.2,0.0,0.0,0.8,0.0,1.0,0.0,0.0,0.931744527,0.0,3.0,3.0,1.0,1.0,0.322788896,0.687784617,560133.9,470.0,0.02837096,5.55e-07,3,0.0,0.0,0.0,0.0,0.0,0.0,0.0,0.0,0,0.0,0.0,4.0,12.0,0.0,0.0,0.0,0.0,0.0,3.0,0.0,0.0,0.0,0.0,0.0,0.0,19.0,0.0,15.0,12.13268421,28.17474634,17.71843896,2.450200342,0.190068067,0.008072288,118.0,-0.25504547,0.016690988,234.0,0.233140907,0.014700519,352.0,3.429227731,0.004000193,0.113624068,0.009381344,16.5752549,1.506042881,0
CHI3L1,1152,0.571428571,0.0,0.0,0.428571429,0.0,1.0,0.0,0.0,1.0,0.0,0.6,0.6,1.0,1.0,0.651465798,0.930638685,507602.8,453.0,0.03129605,1.93e-06,3,0.0,0.0,0.0,0.0,0.0,0.0,0.0,0.0,0,0.0,0.0,2.0,3.0,0.0,0.0,0.0,0.0,0.0,4.0,0.0,0.0,0.0,0.0,0.0,0.0,9.0,0.0,9.0,9.241222222,98.59303719,23.27358669,1.731876661,0.288201376,0.031608884,378.0,-0.213196111,0.013129393,36.0,0.281679179,0.030414032,414.0,3.481300559,0.10511446,0.1115145,0.01451736,18.24606421,0.446785446,0
FOLH1,2253,0.0,0.057142857,0.0,0.885714286,0.0,1.0,0.057142857,0.0,0.955437938,0.0,31.0,35.0,0.88028169,1.0,0.0013,0.009939008,11046.46,1009.0,-0.01860155,5.09e-06,5,0.0,0.0,0.0,0.0,0.0,0.0,1.0,1.0,0,0.0,0.0,1.0,30.0,2.0,0.0,0.0,0.0,0.0,0.0,2.0,0.0,2.0,0.0,1.0,0.0,34.0,0.0,33.0,22.75817647,57.15866385,21.55383505,3.4500904,0.211379143,0.020444329,140.0,-0.256093841,0.023532419,136.0,0.233575647,0.022399475,274.0,3.142803191,0.067335462,0.207449435,0.038296338,20.06067439,2.32244926,1
TGFA,483,0.0,0.0,0.0,0.857142857,0.428571429,0.693426404,0.142857143,0.0,0.758039271,0.0,6.0,7.0,1.0,0.0891,0.00034,0.00034549,715917.8,463.0,0.01331679,2.33e-05,7,1.0,0.0,0.0,0.0,0.0,0.0,1.0,0.0,0,0.0,0.0,0.0,6.0,0.0,0.0,0.0,0.0,0.0,0.0,0.0,0.0,1.0,0.0,0.0,0.0,7.0,0.0,8.0,24.523,118.4197263,17.56980759,0.699451982,0.243045664,0.021633905,225.0,-0.206034444,0.013099072,45.0,0.236899889,0.020353313,270.0,3.396514673,0.077293142,0.053932813,0.016322865,20.06067439,2.32244926,0
AJUBA,1617,0.111111111,0.111111111,0.037037037,0.444444444,0.0,1.0,0.296296296,0.0,0.64933119,0.0,3.0,6.0,0.019942168,1.0,0.059851568,0.228386859,1240941.0,185.0,0.03786223,1.42e-05,22,0.0,0.0,0.0,0.0,0.0,0.0,4.0,4.0,0,0.0,0.0,2.0,12.0,3.0,0.0,0.0,0.0,0.0,3.0,2.0,0.0,5.0,0.0,4.0,0.0,21.0,0.0,25.0,25.09928571,87.07706071,22.03839904,1.779009501,0.25365108,0.026841027,176.0,-0.284569958,0.022661652,238.0,0.2714257,0.024611903,414.0,3.405319331,0.024129117,0.046813509,0.006869309,23.88925171,1.18104459,0
JAKMIP2,2463,0.258064516,0.032258065,0.064516129,0.580645161,0.0,1.0,0.064516129,0.0,0.924406602,0.0,2.0,2.555555556,0.847457627,1.0,0.218435998,0.55073443,102729.4,642.0,-0.00393085,3.29e-06,14,0.0,0.0,0.0,0.0,0.0,0.0,1.0,1.0,0,0.0,0.0,5.0,17.0,1.0,0.0,0.0,0.0,0.0,8.0,3.0,0.0,1.0,0.0,1.0,0.0,34.0,0.0,26.0,20.00570588,143.6408416,23.15016813,0.119170693,0.269547474,0.014677581,190.0,-0.245909136,0.015494409,220.0,0.256863488,0.015218352,410.0,2.972985381,0.127335861,0.1115145,0.01451736,21.03387199,17.67998573,0
CCND2,870,0.142857143,0.0,0.0,0.714285714,0.0,1.0,0.0,0.142857143,1.0,0.0,2.5,3.0,1.0,1.0,0.392618767,0.759684411,305145.9,860.0,0.03503973,1.7e-05,23,0.0,0.0,0.0,0.0,0.0,0.0,0.0,0.0,0,1.0,0.0,0.0,5.0,0.0,0.0,0.0,0.0,0.0,1.0,0.0,0.0,1.0,0.0,0.0,0.0,6.0,0.0,7.0,24.86666667,7.774666667,15.50477558,1.832760204,0.351422659,0.082922701,252.0,-0.251030763,0.024284576,118.0,0.319405784,0.066300489,370.0,3.616022202,0.038885206,0.118541569,0.017748889,19.892679,1.610286264,1
TMEM210,444,0.333333333,0.0,0.0,0.666666667,0.0,1.0,0.0,0.0,1.0,0.0,1.0,1.0,1.0,1.0,0.100836947,0.332182158,649122.9543,444.4009898,0.019888568,0.0,0,0.0,0.0,0.0,0.0,0.0,0.0,0.0,0.0,0,0.0,0.0,0.0,2.0,0.0,0.0,0.0,0.0,0.0,1.0,0.0,0.0,0.0,0.0,0.0,0.0,3.0,0.0,3.0,16.43466667,192.7392053,21.8870142,1.820461457,0.263816402,0.037068399,190.1320168,-0.262379274,0.034993589,187.6534411,0.272484272,0.039786023,377.6466786,0.384850185,0.464223948,0.1115145,0.01451736,20.06067439,2.32244926,0
RAB6A,627,0.666666667,0.0,0.0,0.333333333,0.0,1.0,0.0,0.0,1.0,0.0,0.333333333,0.333333333,1.0,1.0,0.607164542,0.910112599,549152.3,224.0,0.03719184,0.000224545,35,0.0,0.0,0.0,0.0,0.0,0.0,0.0,0.0,0,0.0,0.0,6.0,1.0,0.0,0.0,0.0,0.0,0.0,2.0,0.0,0.0,1.0,0.0,0.0,0.0,8.0,0.0,9.0,15.553625,77.14613655,25.45682844,0.305408983,0.354932095,0.131280849,208.0,-0.246079262,0.018552105,122.0,0.314931958,0.092437671,330.0,3.700141759,0.002807908,0.04865269,0.013576389,20.96862973,1.287890967,0
GET4,984,0.4,0.0,0.0,0.6,0.0,1.0,0.0,0.0,1.0,0.0,1.285714286,1.285714286,1.0,1.0,0.158906722,0.451205769,737267.1,310.0,0.04053938,9.93e-05,38,0.0,0.0,0.0,0.0,0.0,0.0,0.0,0.0,0,0.0,0.0,2.0,9.0,0.0,0.0,0.0,0.0,0.0,6.0,0.0,0.0,0.0,0.0,0.0,0.0,17.0,0.0,16.0,16.70652941,109.737508,24.24513471,0.231301013,0.303589631,0.025181965,407.0,-0.311742667,0.051358212,120.0,0.30544611,0.031067805,527.0,3.429191128,0.00699108,0.139681324,0.029045694,16.58297131,3.545032836,0
KCNJ8,1275,0.214285714,0.0,0.0,0.785714286,0.0,1.0,0.0,0.0,1.0,0.0,2.75,2.75,1.0,1.0,0.11786893,0.369894158,501891.1,984.0,-0.008727913,1.07e-05,12,0.0,0.0,0.0,0.0,0.0,0.0,0.0,0.0,0,0.0,0.0,0.0,11.0,0.0,0.0,0.0,0.0,0.0,3.0,0.0,0.0,0.0,0.0,0.0,0.0,14.0,0.0,13.0,24.59285714,30.76754505,16.88507967,0.896716471,0.331499641,0.073278117,251.0,-0.248933514,0.031012529,111.0,0.306182403,0.061649818,362.0,3.198499224,0.029133278,0.12205207,0.015183177,20.12330334,2.001164805,0
FAM214A,3231,0.125,0.09375,0.0,0.5625,0.0,1.0,0.21875,0.0,0.792379494,0.0,3.6,5.6,0.787401575,1.0,0.519480519,0.859701801,421095.4,345.0,0.0209786,4.04e-06,8,0.0,0.0,0.0,0.0,0.0,0.0,6.0,1.0,0,0.0,0.0,0.0,17.0,3.0,0.0,0.0,0.0,0.0,4.0,1.0,0.0,6.0,0.0,1.0,0.0,25.0,0.0,29.0,19.23976,121.9530396,16.58996679,3.076616135,0.200594429,0.012021397,70.0,-0.269446904,0.020664094,281.0,0.255715641,0.019660254,351.0,3.537743361,0.010732411,0.092069591,0.009140483,15.51853178,0.556735714,0
EWSR1,1986,0.2,0.1,0.0,0.6,0.0,1.0,0.1,0.0,0.939794001,0.0,2.0,2.666666667,0.498256104,1.0,0.73800738,0.962215095,854819.9,251.0,0.05051948,0.00380071,235,0.0,0.0,0.0,0.0,0.0,0.0,1.0,0.0,0,0.0,0.0,1.0,6.0,1.0,0.0,0.0,0.0,0.0,1.0,1.0,0.0,1.0,0.0,0.0,0.0,10.0,0.0,10.0,23.5096,88.24790827,26.72332247,0.273523641,0.270668944,0.041429528,142.0,-0.291049766,0.028710766,255.0,0.283778216,0.033251255,397.0,3.730151068,0.001590813,0.046346577,0.010526977,16.89062444,1.334331278,1
POU4F1,1260,0.285714286,0.071428571,0.0,0.571428571,0.0,1.0,0.071428571,0.0,0.962478638,0.0,1.6,2.0,0.070387837,1.0,0.295508274,0.655750131,41875.77,1004.0,-0.001171553,4.2e-07,3,0.0,0.0,0.0,0.0,0.0,0.0,1.0,0.0,0,0.0,0.0,0.0,9.0,1.0,0.0,0.0,0.0,0.0,4.0,0.0,0.0,1.0,1.0,0.0,0.0,13.0,0.0,12.0,24.33546154,95.6586261,21.8870142,1.820461457,0.295449297,0.043891954,185.0,-0.305525935,0.032957902,278.0,0.301499633,0.037265665,463.0,1.52978539,1.02923135,0.1115145,0.01451736,20.06067439,2.32244926,0
TSHR,2295,0.19047619,0.0,0.0,0.80952381,0.0,1.0,0.0,0.0,0.978317119,0.0,3.4,3.4,1.0,1.0,0.322788896,0.687784617,214327.5,492.0,-0.009590797,8.09e-05,27,0.0,0.0,0.0,0.0,0.0,0.0,0.0,0.0,0,0.0,0.0,3.0,17.0,0.0,0.0,0.0,0.0,0.0,4.0,0.0,0.0,1.0,0.0,0.0,0.0,23.0,0.0,20.0,16.85286957,88.80021403,17.47044159,0.081361035,0.23514898,0.020320472,147.0,-0.28815343,0.023374026,277.0,0.269776887,0.022902669,423.0,2.759415723,0.393852694,0.147888547,0.00940514,20.06067439,2.32244926,0
COLGALT2,1881,0.133333333,0.066666667,0.0,0.666666667,0.0,1.0,0.133333333,0.0,0.918863226,0.0,3.333333333,4.333333333,0.591715976,1.0,0.040288465,0.16968253,348183.3,732.0,0.01134376,0.000138964,16,0.0,0.0,0.0,0.0,0.0,0.0,2.0,0.0,0,0.0,0.0,2.0,9.0,1.0,0.0,0.0,0.0,0.0,2.0,1.0,0.0,2.0,0.0,0.0,0.0,15.0,0.0,14.0,20.9102,113.8224733,21.10726535,9.237391539,0.276970078,0.023918122,384.0,-0.227803143,0.016668271,35.0,0.272872833,0.023457847,419.0,2.852969833,0.212299869,0.036328606,0.007265062,19.7523814,1.879188845,0
FGD6,4293,0.117647059,0.058823529,0.0,0.764705882,0.0,1.0,0.029411765,0.029411765,0.960948479,0.0,5.2,6.0,0.854700855,1.0,0.19264111,0.50990683,370366.8,544.0,0.03245851,1.96e-07,3,0.0,0.0,0.0,0.0,0.0,0.0,0.0,1.0,0,1.0,0.0,0.0,26.0,2.0,0.0,0.0,0.0,0.0,4.0,0.0,0.0,1.0,0.0,1.0,0.0,32.0,0.0,25.0,20.2620625,105.212733,22.72208838,0.797504257,0.21787963,0.011218985,135.0,-0.216601329,0.014990743,143.0,0.217222086,0.013112429,278.0,3.543276614,0.017601187,0.055953678,0.012282795,23.93301097,1.118556462,0
PKN3,2670,0.212121212,0.060606061,0.0,0.666666667,0.0,1.0,0.060606061,0.0,0.951941851,0.0,2.75,3.25,0.700770848,1.0,0.343406593,0.710453341,1865107.0,197.0,0.03839355,8.05e-06,10,0.0,0.0,0.0,0.0,0.0,0.0,1.0,1.0,0,0.0,0.0,0.0,22.0,2.0,0.0,0.0,0.0,0.0,6.0,1.0,0.0,1.0,0.0,1.0,0.0,31.0,0.0,30.0,20.895,98.97987133,17.33783889,1.202594362,0.247239928,0.021568052,137.0,-0.242727897,0.01912958,271.0,0.244250293,0.019906057,408.0,3.093554506,0.020092282,0.075813413,0.007401706,20.31027562,2.277342537,0
LRRTM3,1746,0.193548387,0.096774194,0.0,0.709677419,0.0,1.0,0.0,0.0,0.942994644,0.0,3.142857143,3.571428571,0.467071462,1.0,0.255623722,0.604306941,2412.462,967.0,-0.0444141,0.0,0,0.0,0.0,0.0,0.0,0.0,0.0,0.0,0.0,0,0.0,0.0,0.0,23.0,3.0,0.0,0.0,0.0,0.0,6.0,0.0,0.0,0.0,1.0,0.0,0.0,31.0,0.0,28.0,24.38132258,77.50515843,20.91090601,0.217022125,0.220873333,0.013726265,111.0,-0.327280929,0.04613984,280.0,0.297073146,0.039186972,391.0,1.656599541,1.258435387,0.1115145,0.01451736,12.90300208,0.211447846,0
FABP2,399,0.0,0.0,1.0,0.0,0.0,1.0,0.0,0.0,1.0,0.0,0.0,1.0,0.132205182,1.0,1.0,1.0,218602.8,824.0,-0.000952437,2.17e-07,3,0.0,0.0,0.0,0.0,0.0,0.0,0.0,0.0,0,0.0,0.0,0.0,0.0,0.0,0.0,0.0,0.0,0.0,0.0,1.0,0.0,0.0,0.0,0.0,0.0,1.0,0.0,1.0,34.0,0.0,24.2471542,2.582594096,0.20186963,0.020591088,81.0,-0.261576148,0.021243648,257.0,0.247267781,0.021677201,338.0,1.659877847,0.824819497,0.1115145,0.01451736,20.06067439,2.32244926,0
SCGB3A2,282,0.0,0.0,0.0,1.0,0.0,1.0,0.0,0.0,1.0,0.0,3.0,3.0,1.0,1.0,0.232720503,0.572007704,137041.2,470.0,0.001783459,0.0,1,0.0,0.0,0.0,0.0,0.0,0.0,0.0,0.0,0,0.0,0.0,0.0,3.0,0.0,0.0,0.0,0.0,0.0,0.0,0.0,0.0,0.0,0.0,0.0,0.0,3.0,0.0,3.0,22.16333333,5.529033333,20.05376868,4.487595405,0.271687316,0.014962772,190.0,-0.244667626,0.015224832,219.0,0.25721956,0.015248164,409.0,1.452304825,1.64554544,0.1115145,0.01451736,20.06067439,2.32244926,0
BARHL2,1164,0.16,0.0,0.0,0.52,0.0,1.0,0.32,0.0,0.793275252,0.0,2.6,4.2,1.0,1.0,0.20096463,0.523437772,82474.08,897.0,-0.004452729,0.0,1,0.0,0.0,0.0,0.0,0.0,0.0,7.0,0.0,0,0.0,0.0,0.0,13.0,0.0,0.0,0.0,0.0,0.0,4.0,0.0,0.0,7.0,0.0,0.0,0.0,17.0,0.0,21.0,22.60305882,77.08712006,21.8870142,1.820461457,0.205347411,0.011424679,112.0,-0.23513018,0.012716914,222.0,0.225143144,0.012446274,334.0,0.124096092,0.165923385,0.565650817,0.047480533,20.06067439,2.32244926,0
TAF10,657,0.0,0.0,0.0,1.0,0.0,1.0,0.0,0.0,1.0,0.0,4.0,4.0,1.0,1.0,0.00716,0.042524996,424522.7,491.0,0.01653313,0.000224378,68,0.0,0.0,0.0,0.0,0.0,0.0,0.0,0.0,0,0.0,0.0,0.0,4.0,0.0,0.0,0.0,0.0,0.0,0.0,0.0,0.0,0.0,0.0,0.0,0.0,4.0,0.0,4.0,28.475,14.64916667,23.44179605,0.52712605,0.202620152,0.014911096,132.0,-0.249829862,0.015946123,217.0,0.23197404,0.016036323,349.0,3.477948858,0.002472897,0.043203725,0.011952403,20.97633345,1.592844555,0
ADAMDEC1,1413,0.05,0.1,0.05,0.65,0.0,1.0,0.15,0.0,0.820568799,0.0,6.5,9.5,0.289771081,1.0,0.251889169,0.599185414,57540.46,741.0,0.005028487,0.0,0,0.0,0.0,0.0,0.0,0.0,0.0,3.0,0.0,0,0.0,0.0,0.0,13.0,2.0,0.0,0.0,0.0,0.0,1.0,1.0,0.0,3.0,0.0,0.0,0.0,17.0,0.0,17.0,16.86547059,111.8754151,20.67760742,3.585034918,0.248853689,0.019600518,122.0,-0.319271833,0.036497387,420.0,0.303421255,0.033517298,542.0,3.163810564,0.124786638,0.1115145,0.01451736,20.06067439,2.32244926,0
LATS1,3393,0.05,0.1,0.0,0.8,0.0,1.0,0.05,0.0,0.944991131,0.0,8.0,9.5,0.56980057,1.0,0.00832,0.048165254,431426.5,210.0,0.04004988,0.000465867,95,0.0,0.0,1.0,0.0,0.0,0.0,0.0,1.0,0,0.0,0.0,6.0,15.0,2.0,0.0,0.0,0.0,0.0,1.0,0.0,0.0,0.0,0.0,1.0,0.0,25.0,0.0,22.0,22.58448,112.8730138,20.83279521,0.807286321,0.244334851,0.037092292,101.0,-0.285242935,0.027250941,276.0,0.274283475,0.030124939,377.0,3.539700166,0.00869209,0.059077997,0.006030314,24.30209238,0.617526483,0
PARP1,3045,0.166666667,0.055555556,0.0,0.777777778,0.0,1.0,0.0,0.0,1.0,0.0,3.5,3.75,0.825763832,1.0,0.064729109,0.24192791,805195.2,409.0,0.009338636,0.002283731,213,0.0,0.0,0.0,0.0,0.0,0.0,0.0,0.0,0,0.0,0.0,1.0,13.0,1.0,0.0,0.0,0.0,0.0,3.0,0.0,0.0,0.0,0.0,0.0,0.0,18.0,0.0,17.0,22.19688889,110.3684541,27.92836296,0.605064052,0.287018505,0.026405098,368.0,-0.238101522,0.021468008,46.0,0.281583285,0.026040129,414.0,3.732704988,0.004280473,0.032802056,0.00758524,23.3953997,0.464841012,1
PTPN12,2343,0.176470588,0.0,0.0,0.647058824,0.0,1.0,0.176470588,0.0,0.931571423,0.0,2.75,3.5,1.0,1.0,0.227117874,0.563771548,306142.2,489.0,0.02390126,0.000220688,41,0.0,0.0,0.0,0.0,0.0,0.0,1.0,1.0,0,0.0,0.0,0.0,11.0,0.0,0.0,0.0,0.0,0.0,3.0,0.0,0.0,1.0,0.0,1.0,0.0,14.0,0.0,16.0,17.25028571,100.0178925,25.21643052,0.327761959,0.294234729,0.025768374,384.0,-0.25891378,0.023510618,81.0,0.288059211,0.025502921,465.0,3.63713141,0.004191957,0.074858454,0.012211223,26.77187346,0.913283425,0
TRIM47,1917,0.25,0.0,0.0,0.625,0.0,1.0,0.125,0.0,1.0,0.0,1.666666667,2.0,1.0,1.0,0.381679389,0.749303175,1727802.0,178.0,0.03458488,1.56e-05,14,0.0,0.0,0.0,0.0,0.0,0.0,1.0,0.0,0,0.0,0.0,0.0,6.0,0.0,0.0,0.0,0.0,0.0,2.0,0.0,0.0,1.0,1.0,0.0,0.0,7.0,0.0,9.0,17.11857143,30.20258095,24.96163999,0.521506226,0.268704644,0.025327833,239.0,-0.225176131,0.014432118,137.0,0.252844521,0.021748774,376.0,3.359770684,0.016668197,0.135508907,0.0050126,23.6726101,0.749507477,0
HTRA3,1362,0.416666667,0.083333333,0.0,0.5,0.0,1.0,0.0,0.0,1.0,0.0,1.0,1.166666667,0.578703704,1.0,0.427899016,0.791128821,170888.6,242.0,0.05162625,0.0,1,0.0,0.0,0.0,0.0,0.0,0.0,0.0,0.0,0,0.0,0.0,0.0,6.0,1.0,0.0,0.0,0.0,0.0,5.0,0.0,0.0,0.0,0.0,0.0,0.0,12.0,0.0,11.0,19.66775,140.2263748,23.48541381,2.554213601,0.255112455,0.026444463,110.0,-0.257639206,0.019856683,252.0,0.256871409,0.021792141,362.0,3.297054524,0.088715506,0.15281864,0.024549069,17.31684839,1.421593393,0
POFUT2,1290,0.333333333,0.083333333,0.0,0.333333333,0.0,1.0,0.25,0.0,0.814038036,0.0,0.8,1.6,0.533333333,1.0,0.88028169,0.992529331,596236.0,334.0,0.04546251,0.0,1,0.0,0.0,0.0,0.0,0.0,0.0,3.0,0.0,0,0.0,0.0,2.0,3.0,1.0,0.0,0.0,0.0,0.0,4.0,1.0,0.0,3.0,0.0,0.0,0.0,11.0,0.0,13.0,12.00263636,180.3690337,23.82070617,0.943604505,0.263816402,0.037068399,190.1320168,-0.262379274,0.034993589,187.6534411,0.272484272,0.039786023,377.6466786,3.399420577,0.005494122,0.139094967,0.016323772,20.06067439,2.32244926,0
AP3S1,582,0.0,0.0,0.0,1.0,0.0,1.0,0.0,0.0,1.0,0.0,1.0,1.0,1.0,1.0,0.664451827,0.936075015,380598.4,759.0,0.005866556,3.17e-05,23,0.0,2.0,0.0,0.0,0.0,0.0,0.0,0.0,0,0.0,0.0,0.0,1.0,0.0,0.0,0.0,0.0,0.0,0.0,0.0,0.0,0.0,0.0,0.0,0.0,3.0,0.0,3.0,11.58466667,97.77880133,25.35979573,0.129033931,0.271714706,0.018007994,153.0,-0.270977403,0.023632023,258.0,0.271251873,0.021489505,411.0,3.510374653,0.00776423,0.053243863,0.009899857,17.28014653,2.398518808,0
FUT5,1125,0.666666667,0.0,0.0,0.333333333,0.0,1.0,0.0,0.0,1.0,0.0,0.4,0.4,1.0,1.0,0.978473581,0.999766626,1217326.0,294.0,0.03461542,0.0,0,0.0,0.0,0.0,0.0,0.0,0.0,0.0,0.0,0,0.0,0.0,0.0,2.0,0.0,0.0,0.0,0.0,0.0,4.0,0.0,0.0,0.0,0.0,0.0,0.0,6.0,0.0,6.0,1.4275,2.9003111,21.8870142,1.820461457,0.278790752,0.052413464,133.0,-0.24826081,0.018285073,247.0,0.258946289,0.03033584,380.0,1.078490336,0.869955917,0.1115145,0.01451736,20.06067439,2.32244926,0
SAMD14,1338,0.153846154,0.0,0.0,0.769230769,0.0,1.0,0.076923077,0.0,1.0,0.0,3.333333333,3.666666667,1.0,1.0,0.085338795,0.295368333,1237828.0,210.0,0.02274882,0.0,0,0.0,0.0,0.0,0.0,0.0,0.0,1.0,0.0,0,0.0,0.0,0.0,10.0,0.0,0.0,0.0,0.0,0.0,2.0,0.0,0.0,1.0,1.0,0.0,0.0,11.0,0.0,12.0,22.47981818,45.39169636,19.97415982,6.367290206,0.248983125,0.017374089,208.0,-0.251192466,0.01846026,146.0,0.249894322,0.017772218,354.0,2.76420488,0.075760331,0.045134145,0.004769909,21.41875601,2.480651792,0
VEGFA,1239,0.083333333,0.083333333,0.0,0.75,0.0,1.0,0.083333333,0.0,0.953509509,0.0,4.5,5.5,0.763358779,1.0,0.061614295,0.233324792,1564130.0,278.0,0.0414138,0.000360993,27,0.0,0.0,2.0,0.0,0.0,0.0,1.0,0.0,0,0.0,0.0,1.0,9.0,1.0,0.0,0.0,0.0,0.0,1.0,0.0,0.0,2.0,0.0,0.0,0.0,13.0,0.0,14.0,22.87507692,99.73835708,22.01844778,3.609457767,0.313742116,0.069454292,189.0,-0.249821473,0.019163334,129.0,0.287812044,0.04991664,318.0,3.778295087,0.020650756,0.051259924,0.014102683,19.42037618,8.116282084,1
ZC2HC1C,1371,0.1,0.1,0.0,0.7,0.0,1.0,0.1,0.0,0.939794001,0.0,3.5,4.5,0.404367165,1.0,0.269687163,0.623110207,919042.5,222.0,0.04665903,1.58e-05,23,0.0,0.0,0.0,0.0,0.0,0.0,1.0,0.0,0,0.0,0.0,0.0,7.0,1.0,0.0,0.0,0.0,0.0,1.0,0.0,0.0,1.0,0.0,0.0,0.0,9.0,0.0,9.0,17.09455556,60.84067678,21.8870142,1.820461457,0.233778951,0.020509199,143.0,-0.286353203,0.022968109,281.0,0.268621792,0.022707634,424.0,2.978042932,0.022421743,0.105421236,0.014474576,20.06067439,2.32244926,0
C15ORF39,3144,0.166666667,0.041666667,0.0,0.541666667,0.0,1.0,0.166666667,0.083333333,0.876319958,0.0,2.6,4.0,0.69881202,1.0,0.522739153,0.861825766,840095.5,203.0,0.04626348,8.86e-06,7,0.0,0.0,0.0,0.0,0.0,0.0,3.0,0.0,0,2.0,0.0,0.0,13.0,1.0,0.0,0.0,0.0,0.0,4.0,0.0,0.0,5.0,0.0,0.0,0.0,18.0,0.0,21.0,15.07227778,87.44976245,20.61964621,1.746569929,0.231505914,0.0190147,93.0,-0.258288415,0.023119019,246.0,0.250941003,0.022076688,339.0,3.360437687,0.012425826,0.031216962,0.007471223,20.06067439,2.32244926,0
SENP5,2268,0.454545455,0.0,0.0,0.545454545,0.0,1.0,0.0,0.0,1.0,0.0,1.0,1.0,1.0,1.0,0.920810313,0.996778289,766452.3,258.0,0.03251399,8.68e-06,10,0.0,0.0,0.0,0.0,0.0,0.0,0.0,0.0,0,0.0,0.0,0.0,6.0,0.0,0.0,0.0,0.0,0.0,5.0,0.0,0.0,0.0,0.0,0.0,0.0,11.0,0.0,11.0,15.64172727,77.44455542,19.24799178,1.136474119,0.364901416,0.072693867,353.0,-0.292804066,0.030374252,91.0,0.350124707,0.064781031,444.0,3.601839564,0.008322848,0.044216962,0.007811756,18.96325622,2.026653711,0
PTCH1,4344,0.333333333,0.041666667,0.0,0.5,0.0,1.0,0.125,0.0,0.910473884,0.0,1.411764706,1.882352941,0.535331906,1.0,0.138064338,0.411436626,186892.9,510.0,0.05274564,0.001124455,88,0.0,0.0,4.0,0.0,0.0,0.0,5.0,1.0,0,0.0,0.0,3.0,23.0,2.0,0.0,0.0,0.0,0.0,16.0,1.0,0.0,6.0,0.0,1.0,0.0,48.0,0.0,40.0,18.1386875,113.8378869,17.09258439,2.320014914,0.224684485,0.012613554,136.0,-0.240615594,0.015945737,261.0,0.235158086,0.014826803,397.0,3.277483652,0.046512633,0.067562867,0.014643296,14.64276217,1.16174783,1
SEMA4G,2532,0.25,0.083333333,0.0,0.583333333,0.0,1.0,0.0,0.083333333,1.0,0.0,1.75,2.25,0.675219446,1.0,0.985221675,0.999890259,1020226.0,247.0,0.04030881,1.12e-05,7,2.0,0.0,0.0,0.0,0.0,0.0,0.0,0.0,0,1.0,0.0,0.0,7.0,1.0,0.0,0.0,0.0,0.0,3.0,0.0,0.0,1.0,0.0,0.0,0.0,13.0,0.0,12.0,17.45261538,102.9538721,16.9996126,5.862122088,0.209699082,0.012987996,98.0,-0.334038603,0.044411893,315.0,0.30453431,0.03971059,413.0,3.079157571,0.046450385,0.1115145,0.01451736,17.30235439,2.356927555,0
RNF216,2772,0.230769231,0.076923077,0.0,0.538461538,0.0,1.0,0.153846154,0.0,0.859582436,0.0,1.75,2.5,0.730994152,1.0,0.594530321,0.903676315,1965381.0,220.0,0.04717287,6.06e-05,20,0.0,0.0,0.0,0.0,0.0,0.0,2.0,0.0,0,0.0,0.0,2.0,7.0,1.0,0.0,0.0,0.0,0.0,2.0,1.0,0.0,2.0,0.0,0.0,0.0,13.0,0.0,15.0,20.38938462,197.5404909,20.58611954,1.509672814,0.298175087,0.02374695,403.0,-0.320656508,0.04896117,126.0,0.30352983,0.029763133,529.0,3.580487382,0.007286767,0.036306459,0.005787413,21.78980321,0.903563829,0
GCM1,1311,0.166666667,0.0,0.0,0.833333333,0.0,1.0,0.0,0.0,1.0,0.0,3.333333333,3.333333333,1.0,1.0,0.00782,0.045755373,414445.6,329.0,0.02001746,3.23e-06,12,0.0,0.0,0.0,0.0,0.0,0.0,0.0,0.0,0,0.0,0.0,0.0,10.0,0.0,0.0,0.0,0.0,0.0,2.0,0.0,0.0,0.0,0.0,0.0,0.0,12.0,0.0,11.0,20.46408333,92.58840772,21.8870142,1.820461457,0.282345181,0.052544876,193.0,-0.231154672,0.018268675,121.0,0.262519016,0.039793005,314.0,1.665438999,0.549190291,0.1115145,0.01451736,20.06067439,2.32244926,0
KLK4,765,0.25,0.0,0.083333333,0.5,0.0,1.0,0.166666667,0.0,0.889471473,0.0,1.5,2.25,0.397614314,1.0,0.74906367,0.965491604,581407.7,606.0,0.02882839,3.28e-07,3,0.0,0.0,0.0,0.0,0.0,0.0,1.0,1.0,0,0.0,0.0,2.0,6.0,0.0,0.0,0.0,0.0,0.0,2.0,1.0,0.0,1.0,0.0,1.0,0.0,11.0,0.0,12.0,10.94809091,81.69783429,21.8870142,1.820461457,0.270352473,0.035809852,186.0,-0.255174852,0.021660328,169.0,0.26312707,0.029051286,354.0,1.273584684,0.945697073,0.1115145,0.01451736,20.06067439,2.32244926,0
GGT7,1989,0.352941176,0.0,0.0,0.647058824,0.0,1.0,0.0,0.0,1.0,0.0,1.571428571,1.571428571,1.0,1.0,0.64516129,0.927906407,1040878.0,205.0,0.04845574,7.5e-06,8,0.0,0.0,0.0,0.0,0.0,0.0,0.0,0.0,0,0.0,0.0,2.0,11.0,0.0,0.0,0.0,0.0,0.0,6.0,0.0,0.0,0.0,0.0,0.0,0.0,19.0,0.0,19.0,17.29289474,102.5923341,21.44608798,1.499317062,0.344507432,0.052374868,366.0,-0.205574314,0.013829776,51.0,0.327515612,0.049693128,417.0,3.276310613,0.02287763,0.04208558,0.005642491,21.52057912,1.067501192,0
SIAH2,975,0.666666667,0.0,0.0,0.333333333,0.0,1.0,0.0,0.0,1.0,0.0,0.333333333,0.333333333,1.0,1.0,0.796178344,0.97765292,348287.9,544.0,0.0273309,0.000385036,63,0.0,0.0,0.0,0.0,0.0,0.0,0.0,0.0,0,0.0,0.0,0.0,1.0,0.0,0.0,0.0,0.0,0.0,2.0,0.0,0.0,0.0,0.0,0.0,0.0,3.0,0.0,3.0,15.28066667,91.34912133,19.46855047,2.578594744,0.346012921,0.064371749,356.0,-0.24937806,0.021141531,67.0,0.33070669,0.05870587,423.0,3.493457719,0.010971218,0.090243898,0.010057138,16.5347794,1.400247616,0
RPL26,438,0.0,0.0,0.0,1.0,0.0,1.0,0.0,0.0,1.0,0.0,2.0,2.0,1.0,1.0,0.391389432,0.75853316,772200.0,257.0,0.01986653,5.43e-05,90,0.0,0.0,0.0,0.0,0.0,0.0,0.0,0.0,0,0.0,0.0,0.0,2.0,0.0,0.0,0.0,0.0,0.0,0.0,0.0,0.0,0.0,0.0,0.0,0.0,2.0,0.0,2.0,25.0,7.22,26.16715745,1.397546368,0.235425,0.02034063,76.0,-0.276364092,0.019024178,435.0,0.270275303,0.019393084,511.0,3.905120667,0.007104653,0.079190057,0.003365608,19.08410957,2.720102388,0
OR13G1,924,0.214285714,0.071428571,0.0,0.714285714,0.0,1.0,0.0,0.0,1.0,0.0,2.5,2.75,0.351370344,1.0,0.377500944,0.745255648,649122.9543,444.4009898,0.019888568,0.0,0,0.0,0.0,0.0,0.0,0.0,0.0,0.0,0.0,0,0.0,0.0,0.0,10.0,1.0,0.0,0.0,0.0,0.0,3.0,0.0,0.0,0.0,0.0,0.0,0.0,14.0,0.0,14.0,17.54842857,55.88795503,21.8870142,1.820461457,0.296304523,0.032557676,367.0,-0.248203214,0.026521976,56.0,0.289936501,0.03196027,423.0,1.169645509,0.738805147,0.1115145,0.01451736,20.06067439,2.32244926,0
TRIM49,1359,0.105263158,0.052631579,0.0,0.736842105,0.0,1.0,0.105263158,0.0,0.91630733,0.0,4.666666667,5.666666667,0.894454383,1.0,0.505816894,0.850571848,151171.3,1107.0,-0.02764704,1.04e-07,5,0.0,0.0,0.0,0.0,0.0,0.0,2.0,0.0,0,0.0,0.0,0.0,14.0,1.0,0.0,0.0,0.0,0.0,2.0,0.0,0.0,2.0,0.0,0.0,0.0,17.0,0.0,19.0,8.037117647,61.95506636,21.8870142,1.820461457,0.242228485,0.036368813,165.0,-0.27456343,0.02397108,172.0,0.25873178,0.030213064,337.0,0.436953422,0.486365714,0.1115145,0.01451736,20.06067439,2.32244926,0
CCDC12,540,0.0,0.0,0.0,1.0,0.0,1.0,0.0,0.0,1.0,0.0,2.0,2.0,1.0,1.0,0.442477876,0.803258767,489602.1,371.0,0.04305189,2.77e-05,23,0.0,0.0,1.0,0.0,0.0,0.0,0.0,0.0,0,0.0,0.0,4.0,2.0,0.0,0.0,0.0,0.0,0.0,0.0,0.0,0.0,0.0,0.0,0.0,0.0,7.0,0.0,7.0,10.246,101.8174523,25.98222653,4.750220434,0.225686,0.0159226,118.0,-0.278046499,0.02350061,417.0,0.266345829,0.022250969,534.0,3.346890213,0.00576912,0.049340929,0.004320551,17.52722109,4.721835879,0
SSX1,567,0.6,0.0,0.0,0.4,0.0,1.0,0.0,0.0,1.0,0.0,0.5,0.5,1.0,1.0,0.943396226,0.998366894,603601.8,444.4009898,0.005204685,1.48e-07,3,0.0,0.0,0.0,0.0,0.0,0.0,0.0,0.0,0,0.0,0.0,0.0,2.0,0.0,0.0,0.0,0.0,0.0,3.0,0.0,0.0,0.0,0.0,0.0,0.0,5.0,0.0,4.0,3.1214,13.4641198,15.53112463,8.067092665,0.286322785,0.084120769,79.0,-0.90526193,16.35804145,171.0,0.70967716,11.27762604,250.0,0.258905997,0.389573416,0.1115145,0.01451736,20.06067439,2.32244926,1
KCNIP1,684,0.0,0.0,0.0,0.857142857,0.0,1.0,0.142857143,0.0,1.0,0.0,6.0,7.0,1.0,1.0,0.016551633,0.084434357,52577.69,618.0,0.03090916,1.82e-06,5,0.0,0.0,0.0,0.0,0.0,0.0,1.0,0.0,0,0.0,0.0,1.0,6.0,0.0,0.0,0.0,0.0,0.0,0.0,0.0,0.0,1.0,0.0,0.0,0.0,7.0,0.0,8.0,24.48714286,42.77449048,22.2909057,0.536829873,0.284880146,0.019710603,206.0,-0.242763084,0.01457751,214.0,0.2634205,0.017498496,419.0,2.099385904,0.631043771,0.244077033,0.026032459,20.06067439,2.32244926,0
HHIPL1,2349,0.419354839,0.096774194,0.0,0.483870968,0.0,1.0,0.0,0.0,0.956017165,0.0,1.071428571,1.285714286,0.064213703,1.0,0.870322019,0.991202784,375738.3,250.0,0.02077176,0.0,0,0.0,0.0,0.0,0.0,0.0,0.0,0.0,0.0,0,0.0,0.0,2.0,14.0,3.0,0.0,0.0,0.0,0.0,13.0,1.0,0.0,0.0,0.0,0.0,0.0,33.0,0.0,27.0,16.56590909,155.0062813,18.14995308,2.621110186,0.248054573,0.03273429,164.0,-0.278058527,0.019236135,257.0,0.266398223,0.024630971,421.0,2.990880468,0.048088218,0.257032299,0.028112228,20.06067439,2.32244926,0
PIK3R1,2175,0.016393443,0.06557377,0.016393443,0.295081967,0.049180328,0.936651039,0.213114754,0.37704918,0.476173182,0.016393443,9.0,30.0,0.020126799,0.00457,0.0835,0.003385187,48999.0,619.0,0.03218191,0.001518353,136,0.0,0.0,5.0,0.0,0.0,0.0,6.0,7.0,0,20.0,2.0,1.0,17.0,4.0,1.0,0.0,0.0,0.0,1.0,5.0,0.0,29.0,0.0,9.0,0.0,31.0,0.0,58.0,29.65087097,101.7984488,24.17225493,0.7536116,0.22724375,0.01063742,120.0,-0.271216477,0.022565528,281.0,0.258057556,0.019366992,401.0,3.685429289,0.010872256,0.104118786,0.017103102,21.36446896,1.682110322,1
C2ORF72,888,0.5,0.0,0.0,0.5,0.0,1.0,0.0,0.0,1.0,0.0,0.5,0.5,1.0,1.0,0.819672131,0.982664638,649122.9543,444.4009898,0.019888568,0.0,0,1.0,0.0,0.0,0.0,0.0,0.0,0.0,0.0,0,0.0,0.0,0.0,1.0,0.0,0.0,0.0,0.0,0.0,1.0,0.0,0.0,0.0,0.0,0.0,0.0,3.0,0.0,3.0,6.498666667,25.54836433,20.85731345,5.784015431,0.208830078,0.012935528,128.0,-0.269738725,0.022803499,149.0,0.241593213,0.019105657,277.0,2.796811303,0.450520433,0.1115145,0.01451736,20.06067439,2.32244926,0
UNG,942,0.25,0.0,0.0,0.75,0.0,1.0,0.0,0.0,1.0,0.0,2.0,2.0,1.0,1.0,0.068544794,0.2522632,595266.5,487.0,0.01994001,4.08e-05,15,0.0,0.0,0.0,0.0,0.0,0.0,0.0,0.0,0,0.0,0.0,1.0,6.0,0.0,0.0,0.0,0.0,0.0,2.0,0.0,0.0,0.0,0.0,0.0,0.0,9.0,0.0,9.0,21.86888889,49.74221111,23.07527108,0.436683888,0.227382817,0.020054802,142.0,-0.216442621,0.014901875,145.0,0.22185554,0.017420223,287.0,3.4741117,0.00703999,0.05346189,0.014141447,21.75817434,1.47741078,0
GNA11,1080,0.166666667,0.0,0.0,0.833333333,0.0,1.0,0.0,0.0,1.0,0.0,2.5,2.5,1.0,1.0,0.00537,0.0334386,1000335.0,173.0,0.0254863,0.000111318,28,1.0,0.0,0.0,0.0,0.0,0.0,0.0,0.0,0,0.0,0.0,0.0,5.0,0.0,0.0,0.0,0.0,0.0,1.0,0.0,0.0,0.0,0.0,0.0,0.0,7.0,0.0,7.0,21.28571429,91.94262857,24.44239311,0.349661579,0.241681405,0.01443343,121.0,-0.265231066,0.025745101,272.0,0.257980407,0.022335148,393.0,3.495978003,0.006195357,0.1115145,0.01451736,20.06067439,2.32244926,1
BRF1,2034,0.272727273,0.045454545,0.0,0.454545455,0.0,1.0,0.181818182,0.045454545,0.881664083,0.0,1.428571429,2.285714286,0.683060109,1.0,0.30703101,0.669575231,899979.2,260.0,0.03248418,2.85e-05,13,0.0,0.0,0.0,0.0,0.0,0.0,4.0,0.0,0,1.0,0.0,0.0,9.0,1.0,0.0,0.0,0.0,0.0,6.0,1.0,0.0,5.0,0.0,0.0,0.0,17.0,0.0,20.0,19.45335294,212.471812,21.65824751,0.220014211,0.296870171,0.062781332,175.0,-0.299147881,0.047558977,267.0,0.298250135,0.053431846,441.0,3.366345365,0.007758143,0.095693113,0.016101404,22.06222522,1.492208652,0
CSNK2A1,1176,0.153846154,0.153846154,0.0,0.615384615,0.0,1.0,0.0,0.076923077,0.958424899,0.0,2.666666667,3.666666667,0.392464678,1.0,0.740740741,0.963040439,671817.3,229.0,0.03982953,0.005918034,397,0.0,0.0,0.0,0.0,0.0,0.0,0.0,0.0,0,1.0,0.0,0.0,8.0,3.0,0.0,0.0,0.0,0.0,2.0,0.0,0.0,1.0,1.0,0.0,0.0,12.0,0.0,13.0,26.41916667,93.81946288,24.14371867,0.523193954,0.305884508,0.040475979,295.0,-0.265794348,0.030811973,138.0,0.293107506,0.03766733,433.0,3.706100882,0.002133063,0.069191501,0.004674664,18.78244631,2.088558879,0
MARCO,1563,0.275862069,0.0,0.034482759,0.689655172,0.0,1.0,0.0,0.0,1.0,0.0,2.222222222,2.333333333,0.909090909,1.0,0.275406224,0.630544779,152901.9,553.0,-0.001635555,0.000105038,3,0.0,0.0,0.0,0.0,0.0,0.0,0.0,0.0,0,0.0,0.0,0.0,19.0,0.0,0.0,0.0,0.0,1.0,8.0,2.0,0.0,0.0,0.0,0.0,0.0,30.0,0.0,28.0,13.78206667,121.825578,21.73754927,6.542211213,0.207320833,0.009872539,180.0,-0.242147846,0.02537546,65.0,0.216560653,0.014135808,245.0,3.004560487,0.242092576,0.1115145,0.01451736,14.94582296,4.103678247,0
SFRP4,1041,0.285714286,0.071428571,0.142857143,0.5,0.0,1.0,0.0,0.0,0.87327371,0.0,1.4,2.0,0.038258474,1.0,0.973709834,0.999651345,100825.5,683.0,0.01049116,5.88e-06,18,0.0,0.0,1.0,0.0,0.0,0.0,0.0,0.0,0,0.0,0.0,0.0,7.0,1.0,0.0,0.0,0.0,0.0,4.0,2.0,0.0,0.0,0.0,0.0,0.0,15.0,0.0,15.0,21.9494,106.8984097,23.9008167,3.968476476,0.301167947,0.025710741,414.0,-0.246065135,0.01563986,74.0,0.292812193,0.024539757,488.0,3.487230116,0.085138975,0.133594984,0.02122902,20.06067439,2.32244926,0
FAM172A,1251,0.222222222,0.0,0.0,0.777777778,0.0,1.0,0.0,0.0,1.0,0.0,2.333333333,2.333333333,1.0,1.0,0.06048509,0.230167446,264052.3,622.0,0.006089861,1.01e-05,4,0.0,0.0,0.0,0.0,0.0,0.0,0.0,0.0,0,0.0,0.0,0.0,7.0,0.0,0.0,0.0,0.0,0.0,2.0,0.0,0.0,0.0,0.0,0.0,0.0,9.0,0.0,8.0,22.61044444,68.37944178,23.26022467,0.724861136,0.246929426,0.013751052,122.0,-0.272403604,0.021736291,283.0,0.264729901,0.019427803,405.0,3.448745715,0.006862956,0.1115145,0.01451736,20.26934228,1.158779511,0
SH3TC2,3867,0.2,0.0,0.1,0.65,0.0,1.0,0.025,0.025,0.945463184,0.0,2.888888889,3.555555556,0.290613194,1.0,0.253613999,0.60155766,350599.8,254.0,0.01490996,0.0,0,3.0,0.0,0.0,0.0,0.0,0.0,1.0,0.0,0,1.0,0.0,1.0,26.0,0.0,0.0,0.0,0.0,0.0,8.0,4.0,0.0,2.0,0.0,0.0,0.0,42.0,0.0,32.0,16.77030952,118.7234005,21.8870142,1.820461457,0.277680802,0.014887261,187.0,-0.247267717,0.018024481,219.0,0.261275714,0.016769549,406.0,2.952708704,0.157954339,0.1115145,0.01451736,20.06067439,2.32244926,0
AIG1,717,0.0,0.0,0.0,1.0,0.0,1.0,0.0,0.0,1.0,0.0,2.0,2.0,1.0,1.0,0.083731056,0.291396243,298428.9,699.0,0.0128527,0.0,1,0.0,0.0,0.0,0.0,0.0,0.0,0.0,0.0,0,0.0,0.0,1.0,2.0,0.0,0.0,0.0,0.0,0.0,0.0,0.0,0.0,0.0,0.0,0.0,0.0,3.0,0.0,3.0,19.81333333,271.5505333,20.60521923,1.849356821,0.245945714,0.021526668,105.0,-0.276998309,0.023335726,272.0,0.268349708,0.022967563,377.0,3.486348489,0.006449995,0.055007114,0.003224541,20.06067439,2.32244926,0
RYK,1831,0.363636364,0.0,0.0,0.636363636,0.0,1.0,0.0,0.0,1.0,0.0,1.4,1.4,1.0,1.0,1.0,1.0,538367.7,306.0,0.01610957,0.001271076,75,0.0,0.0,0.0,0.0,0.0,0.0,0.0,0.0,0,0.0,0.0,0.0,7.0,2.0,0.0,0.0,0.0,0.0,2.0,0.0,0.0,0.0,0.0,0.0,0.0,11.0,0.0,10.0,26.40145455,110.2235113,17.73376905,0.390398004,0.290410303,0.032255506,297.0,-0.247833721,0.017949168,86.0,0.280850026,0.029304191,383.0,3.596024302,0.004356412,0.05518174,0.005384593,17.40130242,3.898812027,0
CCDC3,813,0.083333333,0.166666667,0.0,0.583333333,0.0,1.0,0.166666667,0.0,0.814038036,0.0,3.5,5.5,0.341180484,1.0,0.943396226,0.998366894,202131.5,444.0,0.01289808,0.0,0,0.0,0.0,0.0,0.0,0.0,0.0,2.0,0.0,0,0.0,0.0,0.0,7.0,2.0,0.0,0.0,0.0,0.0,1.0,0.0,0.0,2.0,0.0,0.0,0.0,10.0,0.0,12.0,24.0452,162.469626,16.18998821,1.479950172,0.3282278,0.106763136,150.0,-0.339217083,0.048014904,240.0,0.334990436,0.070422665,390.0,3.273271038,0.025482531,0.087479003,0.006410068,20.06067439,2.32244926,0
KRT33B,1215,0.166666667,0.041666667,0.0,0.75,0.0,1.0,0.041666667,0.0,0.963649285,0.0,3.6,4.0,0.777604977,1.0,0.200803213,0.523178693,1321356.0,424.0,-0.005584705,3.22e-05,17,0.0,0.0,0.0,0.0,0.0,0.0,1.0,0.0,0,0.0,0.0,0.0,18.0,1.0,0.0,0.0,0.0,0.0,4.0,0.0,0.0,1.0,0.0,0.0,0.0,23.0,0.0,20.0,18.41704348,81.5632385,21.8870142,1.820461457,0.474719437,0.413496304,212.0,-0.263992754,0.020485842,167.0,0.382110605,0.251236395,379.0,0.471456158,0.573956669,0.1115145,0.01451736,20.06067439,2.32244926,0
ZBTB41,2730,0.225806452,0.161290323,0.032258065,0.483870968,0.0,1.0,0.096774194,0.0,0.814238123,0.0,1.875,3.0,0.054171181,1.0,0.940733772,0.998207996,222911.8,614.0,-0.01930259,0.0,1,0.0,0.0,0.0,0.0,0.0,0.0,2.0,0.0,0,0.0,0.0,0.0,15.0,5.0,0.0,0.0,0.0,0.0,6.0,2.0,0.0,2.0,0.0,0.0,0.0,28.0,0.0,24.0,22.47478571,132.0098756,19.74593152,0.534756566,0.285480773,0.029403412,388.0,-0.214884255,0.014835087,47.0,0.277853103,0.028272966,434.0,3.556154383,0.005602828,0.065626083,0.012816862,17.8236746,3.204151543,0
MAP7D2,2322,0.142857143,0.095238095,0.0,0.666666667,0.0,1.0,0.047619048,0.047619048,0.94845017,0.0,3.5,4.5,0.590318772,1.0,0.732600733,0.960552695,263236.3,444.4009898,0.0375427,5.86e-07,3,0.0,0.0,0.0,0.0,0.0,0.0,1.0,0.0,0,1.0,0.0,4.0,14.0,2.0,0.0,0.0,0.0,0.0,3.0,0.0,0.0,2.0,0.0,0.0,0.0,23.0,0.0,22.0,16.5613913,153.6927394,20.81396162,5.577810176,0.225413086,0.024065579,81.0,-0.293544948,0.044398217,192.0,0.27333,0.039227,273.0,2.770312257,0.288840104,0.401410293,0.027037357,20.85910104,4.046176954,0
RBM5,2448,0.0625,0.125,0.0,0.75,0.0,1.0,0.0625,0.0,0.925704883,0.0,6.0,7.5,0.454132607,1.0,0.346740638,0.71400077,965735.2,196.0,0.03513836,3.41e-05,26,0.0,0.0,0.0,0.0,0.0,0.0,0.0,1.0,0,0.0,0.0,0.0,10.0,2.0,0.0,0.0,0.0,0.0,1.0,1.0,0.0,0.0,0.0,1.0,0.0,14.0,0.0,14.0,27.80642857,72.41965549,23.91353657,0.610309726,0.237318349,0.024940337,109.0,-0.277863263,0.021750464,429.0,0.269648773,0.022617572,538.0,3.701283647,0.00322345,0.057141545,0.006845956,24.85484609,0.577233651,0
DVL2,2211,0.235294118,0.0,0.0,0.588235294,0.0,1.0,0.176470588,0.0,0.931571423,0.0,2.0,2.6,1.0,1.0,0.701262272,0.950121544,1782958.0,316.0,0.02089463,0.000319309,75,0.0,0.0,0.0,0.0,0.0,0.0,3.0,0.0,0,0.0,0.0,1.0,9.0,0.0,0.0,0.0,0.0,0.0,4.0,1.0,0.0,4.0,0.0,0.0,0.0,14.0,0.0,16.0,21.82785714,98.37784521,23.65735636,1.179685294,0.250778765,0.025134546,81.0,-0.276601846,0.019838043,428.0,0.272492475,0.020722492,509.0,3.397273066,0.006329187,0.041819064,0.00713376,21.01221736,1.30774097,0
ABHD14B,633,0.0,0.0,0.0,1.0,0.0,1.0,0.0,0.0,1.0,0.0,3.0,3.0,1.0,1.0,0.281135789,0.637873909,1045639.0,224.0,0.03603107,0.0,1,0.0,0.0,2.0,0.0,0.0,0.0,0.0,0.0,0,0.0,0.0,0.0,3.0,0.0,0.0,0.0,0.0,0.0,0.0,0.0,0.0,0.0,0.0,0.0,0.0,5.0,0.0,4.0,12.9526,122.5740788,26.86596086,0.686853251,0.243745135,0.029775272,111.0,-0.278113776,0.021680205,429.0,0.271049111,0.023485288,540.0,3.45406566,0.011732849,0.067022517,0.011094621,17.23980986,1.402717431,0
DICER1,5769,0.19047619,0.023809524,0.0,0.785714286,0.071428571,0.971436114,0.0,0.0,0.979005018,0.0,3.666666667,3.777777778,0.984251969,0.036050326,0.109016187,0.025699108,215900.2,674.0,0.01608616,0.000351679,56,0.0,0.0,0.0,0.0,0.0,0.0,0.0,0.0,0,0.0,0.0,0.0,32.0,1.0,0.0,0.0,0.0,0.0,8.0,1.0,0.0,0.0,0.0,0.0,0.0,42.0,0.0,29.0,23.27130952,67.24019988,23.64239943,0.930803385,0.244462278,0.031144944,158.0,-0.281226198,0.020182611,263.0,0.267428812,0.024550014,421.0,3.72284905,0.007384507,0.059635483,0.007868679,21.48305033,0.881890841,1
NOSIP,906,0.4,0.2,0.0,0.4,0.0,1.0,0.0,0.0,1.0,0.0,0.666666667,1.0,0.346140533,1.0,0.546746856,0.876855861,2080142.0,210.0,0.04060547,9.06e-05,17,0.0,0.0,0.0,0.0,0.0,0.0,0.0,0.0,0,0.0,0.0,0.0,2.0,1.0,0.0,0.0,0.0,0.0,2.0,0.0,0.0,0.0,0.0,0.0,0.0,5.0,0.0,5.0,25.156,125.89008,24.04999241,1.273354404,0.260370115,0.029974017,174.0,-0.265095747,0.023191405,174.0,0.262732931,0.026511703,348.0,3.419243233,0.006058177,0.056236315,0.004341143,22.70974347,1.359499662,0
NDUFA10,1068,0.0,0.111111111,0.0,0.777777778,0.0,1.0,0.111111111,0.0,0.929896694,0.0,7.0,9.0,0.639795266,1.0,0.494071146,0.842428731,271696.1,569.0,0.01675458,9.58e-05,38,0.0,0.0,0.0,0.0,0.0,0.0,0.0,1.0,0,0.0,0.0,5.0,9.0,1.0,0.0,0.0,0.0,0.0,0.0,0.0,0.0,0.0,0.0,1.0,0.0,15.0,0.0,16.0,12.03253333,118.1957476,25.85881452,0.230803034,0.208885303,0.012581382,132.0,-0.268339625,0.021085632,160.0,0.241463014,0.018063386,292.0,3.591714673,0.002498285,0.074388401,0.007599589,13.90962145,1.811038755,0
MN1,3963,0.277777778,0.018518519,0.0,0.62962963,0.0,1.0,0.074074074,0.0,0.956205855,0.0,2.125,2.4375,0.711237553,1.0,0.32615786,0.691576575,107534.8,256.0,-0.1104492,1.54e-06,3,0.0,0.0,0.0,0.0,0.0,0.0,4.0,0.0,0,0.0,0.0,0.0,34.0,1.0,0.0,0.0,0.0,0.0,15.0,0.0,0.0,4.0,0.0,0.0,0.0,50.0,0.0,47.0,19.55974,75.3616933,16.78150543,1.536778708,0.248827218,0.035888067,133.0,-0.296909618,0.04732378,262.0,0.280719848,0.043890059,395.0,3.001353183,0.09639713,0.121478255,0.014874989,19.78012761,1.758525557,1
FAM92B,915,0.4,0.0,0.0,0.4,0.0,1.0,0.2,0.0,1.0,0.0,0.666666667,1.0,1.0,1.0,0.504032258,0.849352323,553233.3,273.0,0.03553809,0.0,0,1.0,0.0,0.0,0.0,0.0,0.0,1.0,0.0,0,0.0,0.0,0.0,2.0,0.0,0.0,0.0,0.0,0.0,2.0,0.0,0.0,1.0,0.0,0.0,0.0,5.0,0.0,6.0,10.3574,127.5256843,24.37115124,1.49826547,0.263816402,0.037068399,190.1320168,-0.262379274,0.034993589,187.6534411,0.272484272,0.039786023,377.6466786,2.258705775,0.505226734,0.1115145,0.01451736,15.62341774,1.640348418,0
P4HA2,1608,0.1875,0.0625,0.0,0.75,0.0,1.0,0.0,0.0,1.0,0.0,3.0,3.25,0.712758375,1.0,0.789889415,0.976194569,371616.7,246.0,0.03545033,4.16e-06,11,0.0,0.0,0.0,0.0,0.0,0.0,0.0,0.0,0,0.0,0.0,0.0,12.0,1.0,0.0,0.0,0.0,0.0,2.0,1.0,0.0,0.0,0.0,0.0,0.0,16.0,0.0,16.0,21.936375,68.06906625,25.09627749,1.019867186,0.260688129,0.014397053,171.0,-0.251891224,0.01802471,245.0,0.25550726,0.016514028,416.0,3.54830801,0.015080895,0.056879346,0.012620554,18.61451657,0.87487657,0
SECISBP2,2565,0.3125,0.0,0.0,0.5625,0.0,1.0,0.125,0.0,0.96875,0.0,1.5,1.833333333,1.0,1.0,0.925925926,0.997186149,163100.7,627.0,0.01502992,5.76e-06,4,0.0,0.0,2.0,0.0,0.0,0.0,2.0,0.0,0,0.0,0.0,0.0,9.0,0.0,0.0,0.0,0.0,1.0,5.0,0.0,0.0,3.0,0.0,0.0,0.0,16.0,0.0,16.0,13.2756875,40.95647903,21.27573129,1.957731417,0.217640949,0.01113686,137.0,-0.244835781,0.017148525,256.0,0.235355649,0.015187465,393.0,3.546376952,0.002215446,0.034247308,0.008797356,19.45564023,2.106076804,0
UTS2B,399,0.333333333,0.0,0.166666667,0.333333333,0.0,1.0,0.166666667,0.0,0.871049064,0.0,0.666666667,1.333333333,0.223763706,1.0,0.741839763,0.963369445,112668.8,773.0,0.00912321,0.0,1,0.0,0.0,0.0,0.0,0.0,0.0,0.0,1.0,0,0.0,0.0,0.0,2.0,0.0,0.0,0.0,0.0,0.0,2.0,1.0,0.0,0.0,0.0,1.0,0.0,5.0,0.0,6.0,9.4908,117.9104267,21.8870142,1.820461457,0.369649587,0.079961752,363.0,-0.280830789,0.029737241,76.0,0.354273212,0.07231096,439.0,2.544155786,0.656457488,0.1115145,0.01451736,20.06067439,2.32244926,0
SLC22A14,1785,0.4375,0.0625,0.0,0.5,0.0,1.0,0.0,0.0,1.0,0.0,1.0,1.125,0.546149645,1.0,0.961538462,0.999250686,301167.6,437.0,0.02164367,0.0,0,0.0,0.0,0.0,0.0,0.0,0.0,0.0,0.0,0,0.0,0.0,0.0,8.0,1.0,0.0,0.0,0.0,0.0,7.0,0.0,0.0,0.0,0.0,0.0,0.0,16.0,0.0,14.0,5.2928125,111.5040048,21.8870142,1.820461457,0.220644,0.015271063,120.0,-0.272537671,0.017382011,395.0,0.260445942,0.017341683,515.0,1.548996489,0.482515268,0.1115145,0.01451736,20.06067439,2.32244926,0
LYPD8,240,0.5,0.0,0.0,0.5,0.0,1.0,0.0,0.0,1.0,0.0,0.75,0.75,1.0,1.0,0.59347181,0.903124964,649122.9543,444.4009898,0.019888568,0.0,0,0.0,0.0,0.0,0.0,0.0,0.0,0.0,0.0,0,0.0,0.0,0.0,3.0,0.0,0.0,0.0,0.0,0.0,3.0,0.0,0.0,0.0,0.0,0.0,0.0,6.0,0.0,5.0,9.731,69.4237564,21.8870142,1.820461457,0.29804246,0.028736835,378.0,-0.250602778,0.029342109,54.0,0.2921125,0.028991313,432.0,2.84228509,0.209771735,0.1115145,0.01451736,20.06067439,2.32244926,0
MITF,1563,0.1,0.0,0.0,0.8,0.0,1.0,0.1,0.0,1.0,0.0,4.0,4.5,1.0,1.0,0.058472693,0.224488096,48040.65,436.0,-0.01459815,8.49e-05,23,0.0,0.0,0.0,0.0,0.0,0.0,1.0,0.0,0,0.0,0.0,3.0,8.0,0.0,0.0,0.0,0.0,0.0,1.0,0.0,0.0,1.0,0.0,0.0,0.0,12.0,0.0,12.0,23.52333333,38.30864242,21.98497778,2.470768641,0.241371929,0.020856156,140.0,-0.279028355,0.021954247,383.0,0.268948241,0.02189829,523.0,3.351194846,0.027550603,0.112129255,0.007452996,20.91079825,1.63300178,1
CD68,1065,0.125,0.0,0.0,0.875,0.0,1.0,0.0,0.0,1.0,0.0,3.5,3.5,1.0,1.0,0.870322019,0.991202784,1957426.0,194.0,0.02439978,1.08e-05,15,0.0,0.0,0.0,0.0,0.0,0.0,0.0,0.0,0,0.0,0.0,0.0,7.0,0.0,0.0,0.0,0.0,0.0,1.0,0.0,0.0,0.0,0.0,0.0,0.0,8.0,0.0,8.0,14.715,2.946,19.65968258,2.876724168,0.241406905,0.020391209,84.0,-0.278420966,0.019751808,429.0,0.27243025,0.02000234,513.0,3.656339088,0.017659552,0.1115145,0.01451736,18.62900575,1.118018343,0
SCN9A,5934,0.206349206,0.079365079,0.0,0.682539683,0.0,1.0,0.031746032,0.0,0.937192102,0.0,3.071428571,3.571428571,0.469263257,1.0,0.537345513,0.871098322,93565.54,908.0,-0.009089871,0.0,0,0.0,0.0,0.0,0.0,0.0,0.0,2.0,0.0,0,0.0,0.0,1.0,42.0,5.0,0.0,0.0,0.0,0.0,13.0,0.0,0.0,2.0,0.0,0.0,0.0,61.0,0.0,41.0,20.87614754,127.4633763,15.09723106,2.122717014,0.234518065,0.02088609,217.0,-0.211791143,0.011046865,70.0,0.228974913,0.018534848,286.0,3.111149243,0.180110699,0.088454146,0.009453909,18.2231893,3.785555144,0
MS4A10,804,0.25,0.0,0.125,0.625,0.0,1.0,0.0,0.0,1.0,0.0,1.666666667,2.0,0.52687039,1.0,0.55959709,0.884464598,744778.9,621.0,0.02268635,0.0,0,0.0,0.0,0.0,0.0,0.0,0.0,0.0,0.0,0,0.0,0.0,0.0,5.0,0.0,0.0,0.0,0.0,0.0,2.0,1.0,0.0,0.0,0.0,0.0,0.0,8.0,0.0,8.0,10.903,49.24527343,11.98808124,0.753893539,0.211851223,0.015523817,139.0,-0.26120129,0.023763906,124.0,0.235118935,0.019942197,263.0,1.967653311,1.372314618,0.1115145,0.01451736,17.09682562,1.065277706,0
GFRAL,1185,0.15,0.05,0.1,0.7,0.0,1.0,0.0,0.0,0.944991131,0.0,3.5,4.25,0.162707452,1.0,0.498256104,0.845361769,28346.5,729.0,-0.01449231,0.0,0,0.0,0.0,1.0,0.0,0.0,0.0,0.0,0.0,0,0.0,0.0,0.0,13.0,1.0,0.0,0.0,0.0,0.0,4.0,3.0,0.0,0.0,0.0,0.0,0.0,21.0,1.0,19.0,18.24342857,112.8900298,21.8870142,1.820461457,0.272359275,0.034977727,193.0,-0.24974873,0.02583567,126.0,0.263428464,0.031396714,319.0,1.295832099,0.745971946,0.1115145,0.01451736,20.06067439,2.32244926,0
COL11A1,5457,0.188405797,0.086956522,0.079710145,0.630434783,0.02173913,0.99151725,0.014492754,0.0,0.874766309,0.0,3.222222222,4.148148148,0.013299464,0.524658972,0.897166842,0.825393607,37620.0,742.0,-0.01974511,0.0,1,0.0,0.0,0.0,0.0,0.0,0.0,2.0,0.0,0,0.0,0.0,5.0,85.0,12.0,0.0,0.0,0.0,0.0,25.0,21.0,0.0,2.0,2.0,0.0,0.0,145.0,1.0,97.0,25.11656552,129.1325293,24.36849711,4.705280705,0.244391,0.043286698,119.0,-0.246518734,0.02109788,236.0,0.245803529,0.028456679,355.0,3.419843817,0.27464361,0.1115145,0.01451736,17.49288424,3.179737858,0
LHFPL3,711,0.416666667,0.0,0.0,0.583333333,0.0,1.0,0.0,0.0,1.0,0.0,1.166666667,1.166666667,1.0,1.0,0.217627856,0.549503538,324628.5,895.0,0.004550376,0.0,0,0.0,0.0,0.0,0.0,0.0,0.0,0.0,0.0,0,0.0,0.0,0.0,7.0,0.0,0.0,0.0,0.0,0.0,5.0,0.0,0.0,0.0,0.0,0.0,0.0,12.0,0.0,12.0,23.36916667,77.82239015,20.47864621,0.248080846,0.331536863,0.054620944,369.0,-0.241223548,0.014698007,93.0,0.313512961,0.047910487,462.0,1.815340427,1.132684314,0.245700085,0.041320211,21.73909747,6.501218994,0
CD200,885,0.25,0.0,0.0,0.75,0.0,1.0,0.0,0.0,1.0,0.0,2.0,2.0,1.0,1.0,0.461254613,0.818175777,260383.2,621.0,0.01989857,3.16e-07,2,0.0,0.0,0.0,0.0,0.0,0.0,0.0,0.0,0,0.0,0.0,1.0,6.0,0.0,0.0,0.0,0.0,0.0,2.0,0.0,0.0,0.0,0.0,0.0,0.0,9.0,0.0,8.0,12.04922222,84.44668794,21.38181151,3.386939818,0.257195106,0.028403559,284.0,-0.27141322,0.024300127,117.0,0.261368582,0.027177492,401.0,3.286215231,0.029214428,0.121262433,0.022359505,20.06067439,2.32244926,0
TEAD1,1281,0.066666667,0.0,0.0,0.8,0.0,1.0,0.066666667,0.066666667,1.0,0.0,6.0,7.0,1.0,1.0,0.00521,0.032599884,339042.2,432.0,-0.001144762,3.13e-05,17,0.0,0.0,0.0,0.0,0.0,0.0,1.0,0.0,0,1.0,0.0,0.0,12.0,0.0,0.0,0.0,0.0,0.0,1.0,1.0,0.0,2.0,0.0,0.0,0.0,14.0,0.0,16.0,26.57557143,98.74232734,21.19635115,0.855181115,0.244999539,0.049395844,152.0,-0.237069734,0.012503169,188.0,0.240614824,0.028914897,338.0,3.675796572,0.008123268,0.117197137,0.011648576,21.25852465,2.637188222,0
RNASEK,414,0.0,0.0,0.0,1.0,0.0,1.0,0.0,0.0,1.0,0.0,1.0,1.0,1.0,1.0,0.537923615,0.871457078,1696302.0,360.0,0.02395208,0.0,0,0.0,0.0,0.0,0.0,0.0,0.0,0.0,0.0,0,0.0,0.0,0.0,1.0,0.0,0.0,0.0,0.0,0.0,0.0,0.0,0.0,0.0,0.0,0.0,0.0,1.0,0.0,1.0,23.5,0.0,19.47288225,3.675140928,0.248022222,0.025213014,81.0,-0.275426349,0.019585171,430.0,0.271082446,0.020529935,511.0,3.480651663,0.00502431,0.059219989,0.004699939,20.06067439,2.32244926,0
SIX5,2220,0.266666667,0.0,0.0,0.466666667,0.0,1.0,0.266666667,0.0,0.863489053,0.0,1.4,2.2,1.0,1.0,0.620347395,0.916548166,929036.2,203.0,0.04275631,3.79e-06,4,0.0,0.0,0.0,0.0,0.0,0.0,4.0,0.0,0,0.0,0.0,0.0,7.0,0.0,0.0,0.0,0.0,0.0,4.0,0.0,0.0,4.0,0.0,0.0,0.0,11.0,0.0,15.0,15.258,118.5918352,20.37674513,2.815923991,0.247417101,0.023343924,169.0,-0.265427544,0.023450088,171.0,0.256475294,0.023409632,340.0,3.162407948,0.016938917,0.043518604,0.010419925,19.25918489,1.795931637,0
CAPS2,1674,0.142857143,0.214285714,0.071428571,0.428571429,0.0,1.0,0.071428571,0.071428571,0.782195238,0.0,2.0,4.0,0.059266283,1.0,0.938086304,0.998042519,110847.3,692.0,-0.03176956,0.0,0,0.0,0.0,0.0,0.0,0.0,0.0,1.0,0.0,0,1.0,0.0,2.0,6.0,3.0,0.0,0.0,0.0,0.0,1.0,2.0,0.0,2.0,0.0,0.0,0.0,14.0,0.0,13.0,22.13292857,113.0333311,19.75073417,0.55073579,0.232276627,0.022847364,166.0,-0.207226136,0.013387645,132.0,0.221180436,0.018753329,298.0,2.884617211,0.048623599,0.080930073,0.01239666,16.67935861,4.025123843,0
ATG2A,5817,0.35,0.025,0.025,0.5,0.0,1.0,0.1,0.0,0.927142124,0.0,1.333333333,1.733333333,0.705716302,1.0,0.243309002,0.58720755,3218288.0,209.0,0.06134555,0.000106263,12,4.0,0.0,0.0,0.0,0.0,0.0,3.0,1.0,0,0.0,0.0,0.0,20.0,1.0,0.0,0.0,0.0,0.0,13.0,3.0,0.0,5.0,0.0,1.0,0.0,39.0,0.0,38.0,17.50223077,108.7340191,22.12544886,0.755770345,0.229649815,0.024196426,162.0,-0.24199843,0.020874714,121.0,0.234929611,0.022734583,283.0,3.370017464,0.01818803,0.083124697,0.010286193,22.38002135,0.718639053,0
CHORDC1,999,0.0,0.0,0.0,0.666666667,0.0,1.0,0.333333333,0.0,1.0,0.0,2.0,3.0,1.0,1.0,0.643500644,0.927176481,132433.4,1152.0,-0.0212795,1.77e-05,35,0.0,0.0,0.0,0.0,0.0,0.0,1.0,0.0,0,0.0,0.0,5.0,2.0,0.0,0.0,0.0,0.0,0.0,0.0,0.0,0.0,2.0,0.0,0.0,0.0,6.0,0.0,8.0,12.772,58.9207184,25.53743275,0.418794732,0.244459597,0.047618454,149.0,-0.394963916,1.483871403,166.0,0.323772984,0.807850085,315.0,3.52080792,0.005676683,0.025727534,0.004905133,21.04734913,2.21931708,0
CDCA7,1353,0.571428571,0.0,0.0,0.428571429,0.0,1.0,0.0,0.0,1.0,0.0,0.666666667,0.666666667,1.0,1.0,0.720980534,0.95684437,255854.5,559.0,0.02829143,1.69e-06,6,0.0,0.0,0.0,0.0,0.0,0.0,0.0,0.0,0,0.0,0.0,0.0,6.0,0.0,0.0,0.0,0.0,0.0,7.0,0.0,0.0,0.0,0.0,0.0,0.0,13.0,0.0,12.0,16.266,131.4195518,17.43034834,1.842059709,0.235784932,0.022787068,220.0,-0.194209538,0.008474998,65.0,0.226335979,0.019797801,285.0,3.276395535,0.0836594,0.03800384,0.004353186,17.11777049,1.958725169,0
KLF16,759,0.2,0.0,0.0,0.7,0.0,1.0,0.1,0.0,1.0,0.0,2.333333333,2.666666667,1.0,1.0,0.389105058,0.756383618,2226995.0,214.0,0.02595889,1.32e-06,5,0.0,0.0,0.0,0.0,0.0,0.0,1.0,0.0,0,0.0,0.0,0.0,7.0,0.0,0.0,0.0,0.0,0.0,2.0,0.0,0.0,1.0,0.0,0.0,0.0,9.0,0.0,9.0,18.72533333,76.754896,21.02761214,1.290680635,0.249642991,0.015336661,117.0,-0.267352778,0.02726056,288.0,0.262236617,0.02383398,405.0,3.178337298,0.015838047,0.04019563,0.005212315,21.78366632,0.983664732,0
FLCN,1740,0.1875,0.0,0.0625,0.375,0.0,1.0,0.375,0.0,0.692945555,0.0,1.5,3.25,0.391389432,1.0,0.290782204,0.64995078,910162.3,218.0,0.01129745,1.11e-05,9,0.0,0.0,0.0,0.0,0.0,0.0,3.0,3.0,0,0.0,0.0,6.0,6.0,0.0,0.0,0.0,0.0,0.0,3.0,1.0,0.0,3.0,0.0,3.0,0.0,16.0,0.0,21.0,16.2193125,187.726036,21.86333985,0.793853472,0.257505366,0.029211651,82.0,-0.280284693,0.027247757,424.0,0.276593182,0.027579404,506.0,3.459394649,0.009465732,0.080735012,0.015479241,23.73690738,0.604460798,1
SLC25A37,1017,0.333333333,0.0,0.0,0.666666667,0.0,1.0,0.0,0.0,1.0,0.0,1.0,1.0,1.0,1.0,0.454959054,0.813261081,474894.4,409.0,0.03595427,0.0,1,3.0,0.0,0.0,0.0,0.0,0.0,0.0,0.0,0,0.0,0.0,2.0,2.0,0.0,0.0,0.0,0.0,0.0,1.0,0.0,0.0,0.0,0.0,0.0,0.0,8.0,0.0,8.0,11.75325,109.3351196,16.71729311,1.392140079,0.253699355,0.021482554,124.0,-0.316570546,0.036259948,421.0,0.302265908,0.033548086,545.0,3.495506273,0.010164271,0.058856924,0.010252193,20.06067439,2.32244926,0
PALM,1164,0.5,0.0,0.055555556,0.333333333,0.0,1.0,0.111111111,0.0,0.936651039,0.0,0.6,0.9,0.769822941,1.0,0.955109838,0.998977012,1914670.0,200.0,0.02321577,3.45e-06,6,0.0,0.0,0.0,0.0,0.0,0.0,1.0,1.0,0,0.0,0.0,0.0,6.0,0.0,0.0,0.0,0.0,0.0,9.0,1.0,0.0,1.0,0.0,1.0,0.0,16.0,0.0,18.0,13.2885625,117.5896956,24.50204595,1.590735821,0.247799138,0.020036614,116.0,-0.28684122,0.036433659,293.0,0.275822044,0.032055168,409.0,3.158221396,0.06047851,0.330935499,0.022378744,23.35931425,3.848618678,0
N4BP2,5313,0.176470588,0.147058824,0.0,0.529411765,0.0,1.0,0.117647059,0.029411765,0.835065568,0.0,2.571428571,4.0,0.182848784,1.0,0.874125874,0.991722809,540526.9,260.0,0.04524548,9.83e-07,10,0.0,0.0,0.0,0.0,0.0,0.0,3.0,1.0,0,0.0,1.0,0.0,18.0,5.0,0.0,0.0,0.0,0.0,6.0,0.0,0.0,3.0,0.0,2.0,0.0,29.0,0.0,29.0,17.97851724,162.0727303,21.29488787,0.698285233,0.225413391,0.011035257,115.0,-0.263758114,0.018628981,227.0,0.250902012,0.016371911,341.0,3.504867052,0.013452224,0.040926351,0.009885759,21.32565893,0.859646412,0
KATNA1,1476,0.2,0.0,0.0,0.8,0.0,1.0,0.0,0.0,1.0,0.0,2.0,2.0,1.0,1.0,0.182515057,0.492959044,437046.2,210.0,0.04122127,0.000141968,20,0.0,0.0,0.0,0.0,0.0,0.0,0.0,0.0,0,0.0,0.0,0.0,4.0,0.0,0.0,0.0,0.0,0.0,1.0,0.0,0.0,0.0,0.0,0.0,0.0,5.0,0.0,5.0,25.242,52.80882,22.2276157,1.262175083,0.24419902,0.036726923,101.0,-0.287355448,0.028022288,278.0,0.275801759,0.030628235,378.0,3.326142185,0.003761256,0.077557122,0.004911689,22.39738933,0.852895258,0
TENM4,8310,0.313131313,0.01010101,0.01010101,0.646464646,0.0,1.0,0.02020202,0.0,0.978668497,0.0,2.0,2.125,0.949667616,1.0,0.114810563,0.363314787,78290.38,871.0,-0.000348185,0.0,1,1.0,0.0,0.0,0.0,0.0,0.0,2.0,0.0,0,0.0,0.0,1.0,61.0,2.0,0.0,0.0,0.0,0.0,29.0,5.0,0.0,2.0,1.0,0.0,0.0,98.0,0.0,69.0,20.80139796,82.61088439,21.27484869,3.123605698,0.382860842,0.260544329,197.0,-0.255648163,0.018464667,145.0,0.329278424,0.162190106,337.0,3.363432739,0.086976758,0.093618661,0.010606101,19.18619157,4.064612119,0
ATF6,2013,0.153846154,0.076923077,0.0,0.769230769,0.0,1.0,0.0,0.0,1.0,0.0,3.333333333,3.666666667,0.690131125,1.0,0.089166295,0.304703715,407279.0,420.0,0.01621869,0.000132505,24,0.0,0.0,0.0,0.0,0.0,0.0,0.0,0.0,0,0.0,0.0,0.0,9.0,1.0,0.0,0.0,0.0,0.0,2.0,3.0,0.0,2.0,0.0,0.0,0.0,13.0,0.0,13.0,22.709,68.19892633,20.2422478,0.970519846,0.291314218,0.031786868,401.0,-0.187856,0.006711039,30.0,0.284146212,0.030721763,431.0,3.676038328,0.001748546,0.1115145,0.01451736,18.60377753,1.861871905,0
TPMT,738,0.0,0.666666667,0.0,0.333333333,0.0,1.0,0.0,0.0,0.579380164,0.0,1.0,3.0,0.010678399,1.0,0.706214689,0.951861579,487819.2,397.0,-0.001270427,0.0,1,0.0,0.0,0.0,0.0,0.0,0.0,0.0,0.0,0,0.0,0.0,0.0,1.0,2.0,0.0,0.0,0.0,0.0,0.0,0.0,0.0,0.0,0.0,0.0,0.0,3.0,0.0,3.0,31.9,51.43,25.64068662,0.387452003,0.266632857,0.029651091,182.0,-0.249131286,0.019350897,140.0,0.259023478,0.025174019,322.0,3.49385097,0.008044854,0.085715395,0.006681267,23.12949748,1.65047951,1
LGALS13,420,0.142857143,0.0,0.0,0.714285714,0.0,1.0,0.0,0.142857143,0.898226518,0.0,2.5,3.0,1.0,1.0,0.092242413,0.312087007,1148741.0,322.0,0.02497382,2.58e-07,4,0.0,0.0,0.0,0.0,0.0,0.0,0.0,0.0,0,1.0,0.0,0.0,5.0,0.0,0.0,0.0,0.0,0.0,1.0,0.0,0.0,1.0,0.0,0.0,0.0,6.0,0.0,7.0,7.9555,44.1549507,21.8870142,1.820461457,0.338302388,0.083377861,201.0,-0.357108571,0.085765899,161.0,0.346666464,0.084292888,362.0,0.053061492,0.057643881,0.1115145,0.01451736,20.06067439,2.32244926,0
TRMU,1266,0.285714286,0.285714286,0.0,0.285714286,0.0,1.0,0.0,0.142857143,0.898226518,0.0,0.666666667,1.666666667,0.120091269,1.0,0.897666068,0.994575531,493680.6,260.0,0.03873017,0.0,1,0.0,0.0,0.0,0.0,0.0,0.0,0.0,0.0,0,1.0,0.0,0.0,2.0,2.0,0.0,0.0,0.0,0.0,2.0,0.0,0.0,1.0,0.0,0.0,0.0,6.0,0.0,6.0,24.31183333,264.0944282,22.08861341,0.361911062,0.233398246,0.019735582,114.0,-0.302990129,0.030150683,311.0,0.284323129,0.028256707,425.0,3.267287401,0.006027321,0.030556192,0.006559273,16.92511856,1.837715726,0
ABCA8,4746,0.180327869,0.032786885,0.032786885,0.737704918,0.049180328,0.980759834,0.016393443,0.0,0.954766004,0.0,3.75,4.166666667,0.650618087,0.142673705,0.172635183,0.115856206,295848.4,637.0,-0.04116349,0.0,0,0.0,0.0,0.0,0.0,0.0,0.0,1.0,0.0,0,0.0,0.0,2.0,40.0,3.0,0.0,0.0,0.0,0.0,11.0,6.0,0.0,1.0,0.0,0.0,0.0,62.0,0.0,43.0,14.88887097,99.62331733,21.53301669,1.520472692,0.295856449,0.049799021,243.0,-0.224955401,0.012915336,137.0,0.270428586,0.037661806,379.0,3.145882858,0.176012021,0.1115145,0.01451736,15.94960969,1.347988706,0
C16ORF95,720,0.5,0.0,0.0,0.5,0.0,1.0,0.0,0.0,1.0,0.0,0.5,0.5,1.0,1.0,0.818330606,0.982396776,649122.9543,444.4009898,0.019888568,0.0,0,0.0,0.0,0.0,0.0,0.0,0.0,0.0,0.0,0,0.0,0.0,0.0,2.0,0.0,0.0,0.0,0.0,0.0,1.0,0.0,0.0,0.0,1.0,0.0,0.0,2.0,0.0,3.0,4.537,21.793202,21.8870142,1.820461457,0.230267211,0.014985615,147.0,-0.29735,0.032435817,246.0,0.272257964,0.026910084,393.0,2.614691887,0.02973154,0.074537473,0.004509345,20.06067439,2.32244926,0
IFI35,867,0.5,0.0,0.0,0.5,0.0,1.0,0.0,0.0,1.0,0.0,0.5,0.5,1.0,1.0,0.130975769,0.39721584,1507064.0,201.0,0.02583375,2.56e-06,6,0.0,0.0,0.0,0.0,0.0,0.0,0.0,0.0,0,0.0,0.0,0.0,0.0,0.0,0.0,0.0,0.0,0.0,1.0,1.0,0.0,0.0,0.0,0.0,0.0,2.0,0.0,2.0,21.3015,273.7098045,25.62427354,0.374603652,0.293880321,0.075699108,187.0,-0.278554754,0.028101055,183.0,0.286300378,0.052076286,370.0,3.371589869,0.013784174,0.1115145,0.01451736,18.37280805,1.499686341,0
KATNAL2,1401,0.166666667,0.0,0.0,0.666666667,0.0,1.0,0.166666667,0.0,1.0,0.0,2.0,2.5,1.0,1.0,0.00984,0.055313588,120135.8,561.0,0.01161878,1.12e-08,3,1.0,0.0,1.0,0.0,0.0,0.0,1.0,0.0,0,0.0,0.0,66.0,4.0,0.0,0.0,0.0,0.0,0.0,1.0,0.0,0.0,2.0,2.0,0.0,0.0,70.0,0.0,51.0,10.03024286,119.2698332,20.00648408,3.518384033,0.27326623,0.041376984,122.0,-0.268923763,0.018972475,372.0,0.269996194,0.024436381,494.0,3.026024545,0.042572712,0.038810503,0.007603087,17.29158786,2.49358819,0
CLPS,339,0.8,0.0,0.0,0.2,0.0,1.0,0.0,0.0,1.0,0.0,0.2,0.2,1.0,1.0,0.919963201,0.996708011,621095.1,404.0,0.03357317,0.0,0,0.0,0.0,0.0,0.0,0.0,0.0,0.0,0.0,0,0.0,0.0,1.0,0.0,0.0,0.0,0.0,0.0,0.0,4.0,1.0,0.0,0.0,0.0,0.0,0.0,6.0,0.0,5.0,5.38,76.8284688,26.54027249,20.28080761,0.245990398,0.018769137,176.0,-0.24567529,0.017388631,138.0,0.245851911,0.018104949,314.0,0.629933597,1.084770054,0.1115145,0.01451736,19.80954142,2.307505587,0
ERI2,2076,0.166666667,0.0,0.0,0.833333333,0.0,1.0,0.0,0.0,0.871049064,0.0,2.5,2.5,1.0,1.0,0.080250381,0.282690295,211685.8,580.0,0.02289577,8.78e-08,2,0.0,0.0,0.0,0.0,0.0,0.0,0.0,0.0,0,0.0,0.0,0.0,5.0,0.0,0.0,0.0,0.0,0.0,1.0,0.0,0.0,0.0,0.0,0.0,0.0,6.0,0.0,6.0,17.77133333,175.6854987,21.8870142,1.820461457,0.237682051,0.021792391,195.0,-0.255868345,0.027908454,145.0,0.245437971,0.024407216,340.0,3.372053075,0.006995688,0.063086223,0.01512271,16.50674155,0.58235293,0
GNL1,1824,0.0,0.375,0.0,0.625,0.0,1.0,0.0,0.0,0.801879687,0.0,5.0,8.0,0.0483372,1.0,0.30684259,0.669352685,2080582.0,271.0,0.03242649,1.29e-05,22,0.0,0.0,0.0,0.0,0.0,0.0,0.0,0.0,0,0.0,0.0,2.0,4.0,3.0,0.0,0.0,0.0,0.0,0.0,1.0,0.0,0.0,0.0,0.0,0.0,10.0,0.0,10.0,24.2398,142.7292948,25.28064092,0.305299829,0.249459945,0.017421766,183.0,-0.241556357,0.015529037,129.0,0.246192115,0.016601944,312.0,3.546983221,0.00380274,0.071731342,0.019596544,24.0352074,0.703043446,0
TRAPPC11,3402,0.2,0.0,0.2,0.6,0.0,1.0,0.0,0.0,0.918863226,0.0,2.25,3.0,0.249812641,1.0,0.937207123,0.997985916,154469.7,254.0,0.00375934,6.56e-05,17,0.0,0.0,0.0,0.0,0.0,0.0,0.0,0.0,0,0.0,0.0,0.0,9.0,0.0,0.0,0.0,0.0,0.0,3.0,3.0,0.0,0.0,0.0,0.0,0.0,15.0,0.0,13.0,20.557,91.09038657,23.59369583,0.138870663,0.205059041,0.019558701,73.0,-0.293423388,0.030778549,304.0,0.27631305,0.029770632,377.0,3.570053359,0.002130375,0.04536406,0.007419295,19.8783716,2.082178345,0
ZNF449,1557,0.352941176,0.0,0.0,0.588235294,0.0,1.0,0.058823529,0.0,0.971217583,0.0,1.428571429,1.571428571,1.0,1.0,0.164717509,0.461789382,255032.6,444.4009898,0.03568526,0.0,2,0.0,0.0,0.0,0.0,0.0,0.0,1.0,0.0,0,0.0,0.0,0.0,10.0,0.0,0.0,0.0,0.0,0.0,6.0,0.0,0.0,1.0,0.0,0.0,0.0,16.0,0.0,10.0,14.84625,71.42927887,15.72522707,0.228559264,0.253745692,0.026195275,130.0,-0.275066239,0.025290154,109.0,0.263469289,0.025787722,239.0,3.325527129,0.005900562,0.204184251,0.038292006,13.6776216,0.512154675,0
STAP1,888,0.210526316,0.0,0.052631579,0.631578947,0.0,1.0,0.052631579,0.0,0.941087216,0.052631579,2.4,3.0,0.831946755,1.0,0.340831629,0.707691438,128996.1,689.0,0.03467409,1.3e-06,6,0.0,0.0,0.0,0.0,0.0,0.0,0.0,1.0,0,0.0,0.0,0.0,12.0,0.0,1.0,0.0,0.0,0.0,4.0,1.0,0.0,0.0,0.0,1.0,0.0,18.0,0.0,16.0,20.08311111,60.66032893,19.61973285,2.132857413,0.26376681,0.044555912,116.0,-0.241345687,0.020644764,210.0,0.249299358,0.029131773,326.0,2.466040386,0.23885392,0.1115145,0.01451736,20.98509994,3.485095351,0
C2CD3,5892,0.25,0.138888889,0.027777778,0.472222222,0.0,1.0,0.083333333,0.027777778,0.846713202,0.0,1.7,2.7,0.065850125,1.0,0.801282051,0.978799896,561035.0,225.0,0.04492843,0.0,0,1.0,1.0,0.0,0.0,0.0,0.0,1.0,2.0,0,1.0,0.0,0.0,22.0,5.0,0.0,0.0,0.0,0.0,11.0,1.0,0.0,2.0,0.0,2.0,0.0,41.0,0.0,36.0,19.00468293,128.570868,21.12720169,2.733542415,0.341211281,0.128159833,201.0,-0.25413874,0.019944009,127.0,0.307701545,0.088126262,327.0,3.603836928,0.01700383,0.065666079,0.017038222,22.02014121,0.593018828,0
PLA2G4F,2550,0.208333333,0.083333333,0.0,0.625,0.0,1.0,0.083333333,0.0,0.890947854,0.0,2.5,3.166666667,0.388953715,1.0,0.511247444,0.854244157,655294.6,394.0,0.03613579,0.0,1,3.0,0.0,1.0,0.0,0.0,0.0,2.0,0.0,0,0.0,0.0,0.0,14.0,2.0,0.0,0.0,0.0,0.0,3.0,4.0,0.0,4.0,1.0,0.0,0.0,24.0,0.0,23.0,15.782,89.47375652,20.90094285,3.10364382,0.193823448,0.010925776,58.0,-0.287265428,0.028183876,304.0,0.272294061,0.026558908,362.0,2.613557209,0.703717971,0.1115145,0.01451736,20.06067439,2.32244926,0
SNRNP48,1020,0.1,0.0,0.0,0.7,0.0,1.0,0.2,0.0,0.939794001,0.0,3.5,4.5,1.0,1.0,0.251572327,0.598748364,825676.8,209.0,0.0142683,3.87e-06,4,0.0,0.0,0.0,0.0,0.0,0.0,2.0,0.0,0,0.0,0.0,0.0,7.0,0.0,0.0,0.0,0.0,0.0,1.0,0.0,0.0,2.0,0.0,0.0,0.0,8.0,0.0,9.0,21.7375,31.52965,19.67452149,1.385313913,0.282760963,0.037814991,184.0,-0.264804194,0.022338465,155.0,0.274622661,0.030794838,339.0,3.360681743,0.00421917,0.1115145,0.01451736,16.79200227,2.742808864,0
HSP90B1,2412,0.210526316,0.157894737,0.0,0.578947368,0.0,1.0,0.0,0.052631579,0.941087216,0.0,2.2,3.0,0.654450262,1.0,0.440140845,0.801347051,1190703.0,281.0,0.04017227,0.000423563,117,2.0,0.0,0.0,0.0,0.0,0.0,0.0,0.0,0,1.0,0.0,0.0,10.0,3.0,0.0,0.0,0.0,0.0,4.0,1.0,0.0,2.0,0.0,0.0,0.0,19.0,0.0,17.0,25.45931579,147.0712067,30.22182145,0.404135242,0.217991533,0.01209682,137.0,-0.225134207,0.017974945,145.0,0.221664184,0.015078838,282.0,3.983507619,0.003161102,0.092240469,0.011889998,23.16564661,1.617427903,0
CLIP3,1644,0.166666667,0.0,0.0,0.833333333,0.166666667,0.918863226,0.0,0.0,0.936651039,0.0,3.75,3.75,1.0,0.034330454,0.010247897,0.00314959,980636.2,320.0,0.01920475,1.95e-06,9,0.0,0.0,0.0,0.0,0.0,0.0,0.0,0.0,0,0.0,0.0,0.0,15.0,0.0,0.0,0.0,0.0,0.0,3.0,0.0,0.0,0.0,0.0,0.0,0.0,18.0,0.0,18.0,25.30988889,53.52261199,23.0582169,0.168968468,0.328794862,0.07382692,218.0,-0.344057813,0.074467645,160.0,0.33525537,0.073958338,378.0,3.027136805,0.070965072,0.29862742,0.108942993,20.07564259,8.104910806,0
COQ10B,717,0.0,0.0,0.0,0.5,0.0,1.0,0.25,0.0,0.75,0.25,2.0,4.0,0.247157687,1.0,0.507099391,0.851444349,681973.5,428.0,0.02910156,0.0,1,0.0,0.0,0.0,0.0,0.0,0.0,1.0,0.0,0,0.0,0.0,1.0,1.0,0.0,1.0,0.0,0.0,0.0,0.0,0.0,0.0,1.0,0.0,0.0,0.0,3.0,0.0,4.0,20.03333333,115.2408333,21.56851326,0.602535279,0.223254167,0.017696703,180.0,-0.225760864,0.016608461,81.0,0.224032107,0.017295145,261.0,3.414178036,0.003706908,0.05917845,0.015654634,20.06067439,2.32244926,0
GLB1L2,1911,0.291666667,0.083333333,0.083333333,0.458333333,0.0,1.0,0.083333333,0.0,0.859052146,0.0,1.375,2.125,0.077948398,1.0,0.857632933,0.989347417,270421.6,686.0,0.005170332,1.21e-05,11,0.0,0.0,0.0,0.0,0.0,0.0,2.0,0.0,0,0.0,0.0,0.0,10.0,2.0,0.0,0.0,0.0,0.0,7.0,3.0,0.0,2.0,0.0,0.0,0.0,22.0,0.0,20.0,19.61713636,171.8835127,19.99276997,3.535057799,0.223894538,0.023930979,119.0,-0.296095242,0.031520219,227.0,0.271263208,0.030012786,346.0,3.178893702,0.153356959,0.143967863,0.033279187,20.06067439,2.32244926,0
RBM12,2799,0.2,0.066666667,0.0,0.6,0.0,1.0,0.066666667,0.066666667,0.965872263,0.0,2.25,3.0,0.445037828,1.0,0.607902736,0.910480477,1423559.0,169.0,0.05300956,7.09e-05,27,0.0,0.0,0.0,0.0,0.0,0.0,1.0,0.0,0,1.0,0.0,0.0,10.0,1.0,0.0,0.0,0.0,0.0,2.0,0.0,0.0,2.0,1.0,0.0,0.0,12.0,0.0,13.0,21.38933333,68.26112224,25.81335716,0.224279935,0.348777104,0.05962645,366.0,-0.214377692,0.019412869,52.0,0.33205756,0.056537525,418.0,3.683318608,0.001262624,0.094453789,0.005601446,24.22081073,2.410523999,0
GCLC,1914,0.111111111,0.111111111,0.0,0.777777778,0.0,1.0,0.0,0.0,0.929896694,0.0,3.5,4.0,0.570125428,1.0,0.481695568,0.833546708,363341.1,337.0,0.02370021,1.66e-05,8,0.0,0.0,0.0,0.0,0.0,0.0,0.0,0.0,0,0.0,0.0,1.0,7.0,1.0,0.0,0.0,0.0,0.0,1.0,0.0,0.0,0.0,0.0,0.0,0.0,10.0,0.0,10.0,23.4654,155.754704,25.84959812,0.676197883,0.280705492,0.051099607,193.0,-0.235099174,0.021765312,121.0,0.263131083,0.040184192,314.0,3.563590246,0.016062127,0.044749746,0.01234354,20.39938959,1.783277287,0
ITPKA,1386,0.25,0.0,0.0,0.666666667,0.0,1.0,0.083333333,0.0,1.0,0.0,2.0,2.25,1.0,1.0,0.053407392,0.209880694,820643.7,237.0,0.03725721,0.0,1,0.0,0.0,0.0,0.0,0.0,0.0,0.0,1.0,0,0.0,0.0,0.0,8.0,0.0,0.0,0.0,0.0,0.0,3.0,0.0,0.0,0.0,0.0,1.0,0.0,11.0,0.0,12.0,23.13272727,56.24528182,20.12096311,8.378193331,0.182015926,0.009589047,54.0,-0.289637323,0.029379383,310.0,0.273671511,0.027876337,364.0,2.518936336,0.317959097,0.045303319,0.008615269,20.6132469,2.355514778,0
RAB15,627,0.0,0.0,0.0,1.0,0.0,1.0,0.0,0.0,1.0,0.0,1.0,1.0,1.0,1.0,0.150037509,0.434639153,521616.4,387.0,0.03490254,3.11e-07,3,0.0,0.0,0.0,0.0,0.0,0.0,0.0,0.0,0,0.0,0.0,0.0,1.0,0.0,0.0,0.0,0.0,0.0,0.0,0.0,0.0,0.0,0.0,0.0,0.0,1.0,0.0,1.0,29.1,0.0,19.88526508,4.031064584,0.237532653,0.03222829,147.0,-0.287981348,0.023289858,282.0,0.270694732,0.026859133,429.0,3.369668395,0.025085624,0.087002763,0.005519917,20.06067439,2.32244926,0
MAP2K2,1203,0.2,0.0,0.1,0.7,0.0,1.0,0.0,0.0,1.0,0.0,2.333333333,2.666666667,0.579038796,1.0,0.064300412,0.240752909,2276561.0,180.0,0.03569998,4.85e-05,29,0.0,0.0,0.0,0.0,0.0,0.0,0.0,0.0,0,0.0,0.0,0.0,7.0,0.0,0.0,0.0,0.0,0.0,2.0,1.0,0.0,0.0,0.0,0.0,0.0,10.0,0.0,10.0,23.0491,109.677917,24.9774439,0.253841515,0.244430732,0.014961915,123.0,-0.264175667,0.025452865,270.0,0.257995954,0.022206936,392.0,3.529585741,0.003999649,0.0,0.0,28.55791764,0.80983697,1
TMEM39A,1467,0.095238095,0.047619048,0.0,0.761904762,0.0,1.0,0.047619048,0.047619048,0.978317119,0.0,5.333333333,6.333333333,0.716332378,1.0,0.25233409,0.599798464,270590.8,599.0,0.02854881,4.31e-06,7,0.0,0.0,0.0,0.0,0.0,0.0,0.0,1.0,0,1.0,0.0,0.0,15.0,1.0,0.0,0.0,0.0,0.0,2.0,1.0,0.0,1.0,0.0,1.0,0.0,19.0,0.0,20.0,23.76526316,41.67417076,18.80799477,1.366720362,0.263926473,0.027366817,292.0,-0.254458411,0.019920644,107.0,0.261387419,0.025332542,399.0,3.528989708,0.003211022,0.1115145,0.01451736,17.3228169,1.484830344,0
GSDMB,1251,0.0,0.0,0.0,1.0,0.0,1.0,0.0,0.0,1.0,0.0,5.0,5.0,1.0,1.0,0.167028562,0.465941281,1602321.0,292.0,0.01840013,5.52e-05,7,0.0,0.0,0.0,0.0,0.0,0.0,0.0,0.0,0,0.0,0.0,0.0,5.0,0.0,0.0,0.0,0.0,0.0,0.0,0.0,0.0,0.0,0.0,0.0,0.0,5.0,0.0,5.0,13.8354,61.1170208,22.60838544,4.918575138,0.292559091,0.085227442,176.0,-0.270876936,0.021230252,173.0,0.281811203,0.053469598,349.0,3.24152328,0.043083951,0.1115145,0.01451736,17.86382628,2.998257788,0
IGFLR1,1068,0.333333333,0.111111111,0.0,0.555555556,0.0,1.0,0.0,0.0,1.0,0.0,1.25,1.5,0.562113547,1.0,0.328299409,0.693968895,1151198.0,321.0,0.02960975,0.0,0,0.0,0.0,1.0,0.0,0.0,0.0,0.0,0.0,0,0.0,0.0,0.0,4.0,1.0,0.0,0.0,0.0,0.0,3.0,0.0,0.0,0.0,0.0,0.0,0.0,9.0,0.0,7.0,14.42166667,135.091756,20.16613999,1.484476685,0.324855045,0.070463142,220.0,-0.320470065,0.062395238,154.0,0.323049465,0.066969548,374.0,3.048928409,0.02136405,0.191232033,0.016522923,20.06067439,2.32244926,0
ATP6AP1,1413,0.153846154,0.0,0.076923077,0.615384615,0.0,1.0,0.0,0.153846154,0.958424899,0.0,2.666666667,3.666666667,0.401445203,1.0,0.589622642,0.90110409,2277674.0,444.4009898,0.03966998,2.91e-05,13,0.0,0.0,0.0,0.0,0.0,0.0,0.0,0.0,0,1.0,1.0,2.0,8.0,0.0,0.0,0.0,0.0,0.0,2.0,1.0,0.0,2.0,0.0,1.0,0.0,12.0,0.0,12.0,16.64975,115.2231313,23.89754961,0.632638379,0.276180993,0.028344374,141.0,-0.277484414,0.026249587,111.0,0.276755119,0.027313834,252.0,3.643659399,0.004517011,0.238172652,0.069383195,18.40522263,4.719582213,0
RNASEL,2226,0.45,0.0,0.0,0.55,0.0,1.0,0.0,0.0,1.0,0.0,1.1,1.1,1.0,1.0,0.651465798,0.930638685,597206.4,812.0,-0.003238507,9.44e-08,2,0.0,0.0,0.0,0.0,0.0,0.0,0.0,0.0,0,0.0,0.0,0.0,11.0,0.0,0.0,0.0,0.0,0.0,9.0,0.0,0.0,0.0,0.0,0.0,0.0,20.0,0.0,17.0,10.0969,93.21084167,23.66020832,0.428945641,0.275803123,0.023650199,381.0,-0.228251081,0.015983081,37.0,0.271593971,0.023114449,418.0,3.398456241,0.011251012,0.1115145,0.01451736,18.69746284,1.511845899,0
SYPL1,780,0.5,0.0,0.0,0.5,0.0,1.0,0.0,0.0,1.0,0.0,0.5,0.5,1.0,1.0,0.268961807,0.622158658,327117.1,336.0,0.02925128,0.0,1,0.0,0.0,0.0,0.0,0.0,0.0,0.0,0.0,0,0.0,0.0,0.0,1.0,0.0,0.0,0.0,0.0,0.0,1.0,0.0,0.0,0.0,0.0,0.0,0.0,2.0,0.0,2.0,12.223,272.704658,24.79506888,0.58015101,0.326594592,0.05276919,368.0,-0.2354175,0.012227265,92.0,0.308359174,0.045949521,460.0,3.638936731,0.009362555,0.029422807,0.006691349,17.34043344,5.527636054,0
KLF8,1080,0.333333333,0.0,0.0,0.666666667,0.0,1.0,0.0,0.0,1.0,0.0,1.6,1.6,1.0,1.0,0.695410292,0.948020347,111209.7,444.4009898,0.000893704,2.14e-05,8,0.0,0.0,0.0,0.0,0.0,0.0,0.0,0.0,0,0.0,0.0,1.0,7.0,0.0,0.0,0.0,0.0,0.0,4.0,1.0,0.0,0.0,0.0,0.0,0.0,13.0,0.0,10.0,14.20092308,51.03080324,16.98144858,0.910994517,0.234321071,0.024896012,84.0,-0.262636382,0.024491554,151.0,0.252558051,0.024714766,235.0,3.258943551,0.039606979,0.279533261,0.062888433,18.15618897,1.557479779,0
C15ORF62,528,0.0,0.0,0.0,1.0,0.0,1.0,0.0,0.0,1.0,0.0,2.0,2.0,1.0,1.0,0.411015208,0.77645913,649122.9543,444.4009898,0.019888568,0.0,0,0.0,0.0,0.0,0.0,0.0,0.0,0.0,0.0,0,0.0,0.0,0.0,2.0,0.0,0.0,0.0,0.0,0.0,0.0,0.0,0.0,0.0,0.0,0.0,0.0,2.0,0.0,2.0,20.85,0.605,13.96149374,0.066657169,0.189854815,0.011189198,54.0,-0.284362159,0.027141899,315.0,0.270531816,0.025889431,369.0,2.995039518,0.023183154,0.1115145,0.01451736,20.06067439,2.32244926,0
TMEM218,453,0.5,0.0,0.0,0.333333333,0.0,1.0,0.166666667,0.0,1.0,0.0,0.5,0.75,1.0,1.0,0.380662352,0.748322235,428178.3,762.0,0.02980731,5.06e-06,3,0.0,0.0,1.0,0.0,0.0,0.0,0.0,1.0,0,0.0,0.0,1.0,2.0,0.0,0.0,0.0,0.0,0.0,2.0,1.0,0.0,0.0,0.0,1.0,0.0,7.0,0.0,8.0,13.97614286,112.8688675,15.7587741,0.911850077,0.207880526,0.020582338,114.0,-0.280706606,0.02536225,218.0,0.25570006,0.024853228,332.0,3.229235314,0.004584436,0.068279706,0.00652119,20.06067439,2.32244926,0
GNAQ,1080,0.111111111,0.333333333,0.0,0.444444444,0.0,1.0,0.0,0.111111111,0.833333333,0.0,2.0,4.0,0.046334909,1.0,0.712250712,0.953935403,328480.5,671.0,-0.02381614,0.000407001,58,0.0,0.0,0.0,0.0,0.0,0.0,0.0,0.0,0,1.0,0.0,0.0,4.0,3.0,0.0,0.0,0.0,0.0,1.0,0.0,0.0,1.0,0.0,0.0,0.0,8.0,0.0,7.0,31.17125,160.0020411,24.33368148,0.746877711,0.223601087,0.012812217,138.0,-0.240718824,0.015254232,255.0,0.234708015,0.014428791,393.0,3.662594444,0.00375071,0.128006284,0.008325027,17.21513363,1.046528352,1
FANCC,1677,0.2,0.0,0.0,0.733333333,0.0,1.0,0.0,0.066666667,1.0,0.0,2.75,3.0,1.0,1.0,0.467945718,0.82330509,165520.2,457.0,0.03823293,0.000182206,38,0.0,0.0,0.0,0.0,0.0,0.0,0.0,0.0,0,1.0,0.0,4.0,11.0,0.0,0.0,0.0,0.0,0.0,3.0,0.0,0.0,3.0,0.0,0.0,0.0,16.0,0.0,18.0,15.1851875,64.35557656,16.81280892,3.512747162,0.224684485,0.012613554,136.0,-0.241582405,0.01612954,262.0,0.235808241,0.014957691,398.0,3.357055747,0.008524,0.062712667,0.013472595,20.06067439,2.32244926,1
KCTD9,1170,0.1,0.0,0.0,0.6,0.0,1.0,0.3,0.0,0.856863624,0.0,3.0,4.5,1.0,1.0,0.039560092,0.167336595,178615.2,515.0,0.02163212,6.13e-05,31,0.0,0.0,0.0,0.0,0.0,0.0,3.0,0.0,0,0.0,0.0,0.0,6.0,0.0,0.0,0.0,0.0,0.0,1.0,0.0,0.0,3.0,0.0,0.0,0.0,7.0,0.0,9.0,26.71857143,52.95441429,22.08156008,1.514160064,0.25960065,0.030992429,123.0,-0.320450071,0.037438691,422.0,0.306717083,0.036572439,545.0,3.479640497,0.008268592,0.081633927,0.013894376,14.86680528,1.449702817,0
HNRNPA3,1137,0.142857143,0.0,0.0,0.5,0.0,1.0,0.285714286,0.0,0.782195238,0.071428571,2.333333333,4.0,0.524109015,1.0,0.715307582,0.954966126,374610.7,145.0,0.0300347,0.000120487,106,0.0,0.0,0.0,0.0,0.0,0.0,4.0,0.0,0,0.0,0.0,0.0,7.0,0.0,1.0,0.0,0.0,0.0,2.0,0.0,0.0,4.0,0.0,0.0,0.0,10.0,0.0,13.0,20.9043,51.0499849,28.87551833,1.746066841,0.246620804,0.027070737,224.0,-0.213809194,0.013140673,62.0,0.239507797,0.024177666,286.0,3.7854704,0.006282681,0.030008055,0.004993283,26.0520043,0.772438039,0
MAPRE1,807,1.0,0.0,0.0,0.0,0.0,1.0,0.0,0.0,1.0,0.0,0.0,0.0,1.0,1.0,1.0,1.0,550127.4,293.0,0.04798066,0.000581238,76,0.0,0.0,0.0,0.0,0.0,0.0,0.0,0.0,0,0.0,0.0,0.0,0.0,0.0,0.0,0.0,0.0,0.0,2.0,0.0,0.0,0.0,0.0,0.0,0.0,2.0,0.0,2.0,11.475,5e-05,27.79748562,0.2338566,0.342792094,0.053154243,363.0,-0.183042727,0.011564205,44.0,0.325521892,0.05108517,407.0,3.691483224,0.003690848,0.130994996,0.008078035,23.52568443,2.51683922,0
HTATSF1,2268,0.44,0.0,0.0,0.48,0.0,1.0,0.08,0.0,0.982772938,0.0,1.0,1.166666667,1.0,1.0,0.262260687,0.613274661,374988.8,444.4009898,0.02274313,3.63e-05,34,0.0,0.0,0.0,0.0,0.0,0.0,2.0,0.0,0,0.0,0.0,0.0,12.0,0.0,0.0,0.0,0.0,0.0,11.0,0.0,0.0,2.0,0.0,0.0,0.0,23.0,0.0,18.0,12.73873913,112.3606997,25.88866397,0.368484796,0.263526308,0.030037382,130.0,-0.274402364,0.025106615,110.0,0.268511167,0.027692432,240.0,3.599441212,0.003336781,0.209628144,0.046036573,28.3010336,1.038063917,0
NFASC,3723,0.186440678,0.084745763,0.016949153,0.576271186,0.0,1.0,0.118644068,0.016949153,0.849872289,0.0,2.833333333,4.0,0.0850051,1.0,0.202839757,0.526437929,388939.5,440.0,0.03307178,0.0,0,2.0,0.0,4.0,0.0,0.0,0.0,7.0,0.0,0,1.0,0.0,5.0,37.0,4.0,0.0,0.0,0.0,0.0,15.0,4.0,0.0,8.0,0.0,0.0,0.0,71.0,0.0,61.0,21.6643662,124.0829075,21.6288071,5.244120806,0.311602173,0.08741891,381.0,-0.222675,0.015240773,36.0,0.303943373,0.081775066,416.0,3.232272062,0.089419325,0.1115145,0.01451736,22.24474157,5.202425462,0
FOLR1,774,0.25,0.125,0.0,0.625,0.0,1.0,0.0,0.0,1.0,0.0,1.666666667,2.0,0.378357927,1.0,0.881834215,0.992725931,744547.5,182.0,0.05758644,7.38e-06,13,0.0,0.0,0.0,0.0,0.0,0.0,0.0,0.0,0,0.0,0.0,0.0,5.0,0.0,0.0,0.0,0.0,0.0,2.0,0.0,0.0,0.0,0.0,0.0,0.0,7.0,0.0,7.0,10.66571429,162.4082902,23.44891944,8.308149209,0.364252884,0.13576791,215.0,-0.253002212,0.060552553,113.0,0.325925671,0.112394383,328.0,2.906465574,0.533900607,0.1115145,0.01451736,17.02131288,7.74419909,1
COLEC12,2229,0.243902439,0.048780488,0.0,0.658536585,0.073170732,0.962962963,0.048780488,0.0,0.932828407,0.0,2.454545455,2.818181818,0.745712155,0.113700966,0.49175668,0.217164369,587477.7,572.0,0.01406065,6.41e-05,14,0.0,0.0,0.0,0.0,0.0,0.0,1.0,1.0,0,0.0,0.0,0.0,27.0,2.0,0.0,0.0,0.0,0.0,10.0,0.0,0.0,1.0,0.0,1.0,0.0,39.0,0.0,36.0,19.62430769,128.9518797,22.46744276,2.003223924,0.320955907,0.061306946,214.0,-0.292420548,0.027144701,219.0,0.306556728,0.044169912,433.0,3.439605695,0.032618926,0.212538242,0.027408085,20.06067439,2.32244926,0
STAT4,2247,0.2,0.05,0.05,0.65,0.0,1.0,0.05,0.0,0.944991131,0.0,2.6,3.2,0.644329897,1.0,0.382848392,0.75042734,529052.6,318.0,0.01896771,6.19e-06,8,0.0,0.0,0.0,0.0,0.0,0.0,0.0,1.0,0,0.0,0.0,0.0,12.0,1.0,0.0,0.0,0.0,0.0,4.0,2.0,0.0,0.0,0.0,1.0,0.0,19.0,0.0,15.0,22.64668421,92.32150167,19.79850509,1.980019551,0.234618873,0.020122013,204.0,-0.229651618,0.01819168,68.0,0.233377059,0.019575165,272.0,3.077046557,0.051910424,0.1115145,0.01451736,18.75290351,0.941068221,0
BICD2,2568,0.4,0.0,0.0,0.571428571,0.0,1.0,0.0,0.028571429,0.988859484,0.0,1.333333333,1.4,1.0,1.0,0.898472597,0.994662239,573438.2,393.0,0.04531896,1.32e-05,19,0.0,0.0,0.0,0.0,0.0,0.0,0.0,0.0,0,1.0,0.0,1.0,20.0,0.0,0.0,0.0,0.0,0.0,14.0,0.0,0.0,1.0,0.0,0.0,0.0,35.0,0.0,33.0,16.54022857,134.3999815,23.91213185,1.123335943,0.223459781,0.012477888,137.0,-0.242861073,0.016704016,261.0,0.236182739,0.015299381,398.0,3.581834742,0.013123612,0.104798538,0.008011878,25.40413944,4.538533037,0
DLG2,2928,0.102564103,0.102564103,0.0,0.743589744,0.0,1.0,0.025641026,0.025641026,0.943678253,0.0,5.8,7.0,0.774593338,1.0,0.39824771,0.764906842,57955.46,1000.0,-0.01975014,4.01e-05,23,0.0,0.0,0.0,0.0,0.0,0.0,1.0,0.0,0,1.0,0.0,15.0,29.0,3.0,0.0,0.0,0.0,0.0,4.0,1.0,0.0,2.0,0.0,0.0,0.0,52.0,0.0,42.0,23.98476923,104.956463,20.53259597,5.780407222,0.288621889,0.090662739,180.0,-0.277237879,0.02850791,161.0,0.283177362,0.060799663,337.0,3.008103822,0.106470354,0.073883462,0.010783552,21.54802873,3.533374388,0
DTX4,1860,0.166666667,0.0,0.0,0.666666667,0.0,1.0,0.166666667,0.0,0.936651039,0.0,3.0,3.75,1.0,1.0,0.149521531,0.433659521,542222.1,686.0,0.008569645,0.0,3,0.0,0.0,0.0,0.0,0.0,0.0,3.0,0.0,0,0.0,0.0,0.0,12.0,0.0,0.0,0.0,0.0,0.0,3.0,0.0,0.0,3.0,0.0,0.0,0.0,15.0,0.0,16.0,23.4122,58.82477831,18.56795754,4.615680812,0.212205105,0.016194505,143.0,-0.267904417,0.0293449,120.0,0.23761924,0.022878193,263.0,3.473063416,0.02194103,0.043280444,0.007292703,14.75409392,1.085227506,0
KRR1,1146,0.1,0.1,0.0,0.6,0.0,1.0,0.2,0.0,0.856863624,0.0,3.0,4.5,0.678886626,1.0,0.302297461,0.663949147,513610.4,524.0,-0.0102871,3.94e-05,61,0.0,0.0,0.0,0.0,0.0,0.0,2.0,0.0,0,0.0,0.0,0.0,5.0,1.0,0.0,0.0,0.0,0.0,1.0,0.0,0.0,2.0,0.0,0.0,0.0,7.0,0.0,9.0,25.17128571,99.24757157,24.21477937,0.57505318,0.232276627,0.022847364,166.0,-0.207226136,0.013387645,132.0,0.221180436,0.018753329,298.0,3.584371876,0.002874244,0.059004134,0.005275696,15.52449669,0.774452775,0
PFKM,2556,0.375,0.0625,0.0,0.5625,0.0,1.0,0.0,0.0,1.0,0.0,1.285714286,1.428571429,0.747943156,1.0,0.73046019,0.959883525,484444.8,255.0,0.03082966,0.000341541,54,0.0,0.0,0.0,0.0,0.0,0.0,0.0,0.0,0,0.0,0.0,5.0,10.0,1.0,0.0,0.0,0.0,0.0,6.0,0.0,0.0,0.0,1.0,0.0,0.0,21.0,0.0,16.0,19.04047619,95.67516236,26.29371623,0.621266839,0.223167707,0.016978779,157.0,-0.251639569,0.028037018,116.0,0.235265641,0.021790535,273.0,3.532870622,0.010419012,0.051957828,0.014074901,24.6835604,1.905642849,0
LGALS3BP,1758,0.375,0.0,0.0,0.5,0.0,1.0,0.125,0.0,1.0,0.0,1.0,1.25,1.0,1.0,0.022747435,0.108807872,632954.8,177.0,0.02832621,0.000758735,86,8.0,0.0,0.0,0.0,0.0,0.0,0.0,1.0,0,0.0,0.0,1.0,6.0,0.0,0.0,0.0,0.0,0.0,1.0,0.0,0.0,0.0,0.0,1.0,0.0,16.0,0.0,13.0,11.0255,92.0667332,27.69711654,0.630899595,0.269419836,0.024186003,244.0,-0.225757609,0.01271821,138.0,0.253646571,0.020439988,382.0,3.835316543,0.008671026,0.1115145,0.01451736,21.11004627,2.10134257,0
APIP,729,0.0,0.0,0.0,0.4,0.0,1.0,0.6,0.0,0.590436283,0.0,2.0,5.0,1.0,1.0,0.173340267,0.477118869,650532.4,399.0,0.001432751,8.76e-05,27,0.0,0.0,0.0,0.0,0.0,0.0,3.0,0.0,0,0.0,0.0,0.0,2.0,0.0,0.0,0.0,0.0,0.0,0.0,0.0,0.0,3.0,0.0,0.0,0.0,2.0,0.0,5.0,25.1,1.28,25.32403516,0.273399804,0.272625325,0.051533698,154.0,-0.245246581,0.014853121,155.0,0.25889165,0.033214098,309.0,3.347276974,0.01002099,0.1115145,0.01451736,24.73994072,0.998761464,0
ERGIC2,1134,0.333333333,0.0,0.0,0.333333333,0.0,1.0,0.333333333,0.0,1.0,0.0,0.5,1.0,1.0,1.0,0.750187547,0.965815485,100874.8,599.0,-0.003317662,2.31e-05,8,0.0,0.0,0.0,0.0,0.0,0.0,1.0,0.0,0,0.0,0.0,0.0,1.0,0.0,0.0,0.0,0.0,0.0,1.0,0.0,0.0,1.0,0.0,0.0,0.0,2.0,0.0,3.0,15.165,34.03125,23.32379285,0.513853013,0.340982879,0.101138364,257.0,-0.240522471,0.0252269,85.0,0.316014649,0.084032606,342.0,3.579238076,0.003753461,0.067972147,0.006361707,20.02292869,0.446258979,0
COX18,1002,0.25,0.0,0.0,0.75,0.0,1.0,0.0,0.0,1.0,0.0,1.5,1.5,1.0,1.0,0.153727902,0.441594329,255275.6,747.0,0.01390026,0.0,0,0.0,0.0,0.0,0.0,0.0,0.0,0.0,0.0,0,0.0,0.0,0.0,3.0,0.0,0.0,0.0,0.0,0.0,1.0,0.0,0.0,0.0,0.0,0.0,0.0,4.0,0.0,4.0,19.18325,102.5911689,20.02116332,1.255717019,0.265864,0.040624654,130.0,-0.238055098,0.016884018,204.0,0.248878922,0.026214534,334.0,3.346130685,0.003835105,0.029131033,0.006910005,20.06067439,2.32244926,0
RFX4,2235,0.318181818,0.0,0.0,0.590909091,0.0,1.0,0.090909091,0.0,0.979614198,0.0,1.625,1.875,1.0,1.0,0.889679715,0.993677715,247644.8,482.0,-0.00054422,9.47e-08,4,0.0,0.0,0.0,0.0,0.0,0.0,2.0,0.0,0,0.0,0.0,3.0,13.0,0.0,0.0,0.0,0.0,0.0,7.0,0.0,0.0,2.0,0.0,0.0,0.0,23.0,0.0,20.0,17.97382609,82.71211033,21.0472576,0.17533096,0.219456934,0.012093432,137.0,-0.223501724,0.017361775,145.0,0.221536702,0.014754288,282.0,1.349356158,1.073299695,0.164857767,0.017888447,20.76499798,2.454305851,0
CIPC,1200,0.2,0.2,0.0,0.4,0.0,1.0,0.2,0.0,0.827729377,0.0,1.0,2.0,0.197706603,1.0,0.291460216,0.650787457,520204.6,235.0,0.05957147,1.14e-05,10,0.0,0.0,0.0,0.0,0.0,0.0,0.0,1.0,0,0.0,0.0,0.0,2.0,1.0,0.0,0.0,0.0,0.0,1.0,0.0,0.0,0.0,0.0,1.0,0.0,4.0,0.0,5.0,20.796,226.5075307,21.8870142,1.820461457,0.234803889,0.020929449,144.0,-0.287089319,0.022940414,279.0,0.269290024,0.022819895,423.0,2.84228509,0.209771735,0.1115145,0.01451736,20.06067439,2.32244926,0
TAC4,342,0.333333333,0.0,0.333333333,0.333333333,0.0,1.0,0.0,0.0,1.0,0.0,0.5,1.0,0.322580645,1.0,0.708215297,0.952554631,1152179.0,238.0,0.02986575,0.0,1,0.0,0.0,0.0,0.0,0.0,0.0,0.0,0.0,0,0.0,0.0,5.0,1.0,0.0,0.0,0.0,0.0,0.0,1.0,1.0,0.0,0.0,0.0,0.0,0.0,8.0,0.0,8.0,5.305375,35.34692741,21.8870142,1.820461457,0.244930865,0.016014226,208.0,-0.24962415,0.018156338,147.0,0.246874282,0.016857817,355.0,1.773276521,0.728201444,0.1115145,0.01451736,20.06067439,2.32244926,0
DNAJB13,951,0.142857143,0.0,0.0,0.857142857,0.0,1.0,0.0,0.0,1.0,0.0,3.0,3.0,1.0,1.0,0.01801315,0.090365726,533575.5,196.0,0.0411248,0.0,0,0.0,0.0,0.0,0.0,0.0,0.0,0.0,0.0,0,0.0,0.0,0.0,6.0,0.0,0.0,0.0,0.0,0.0,1.0,0.0,0.0,0.0,0.0,0.0,0.0,7.0,0.0,7.0,24.28857143,24.35224762,20.08732782,2.587221987,0.346915369,0.134340092,202.0,-0.253842937,0.020132516,126.0,0.311270608,0.092459526,328.0,2.34737393,0.693759193,0.1115145,0.01451736,20.06067439,2.32244926,0
FOXL2,1131,0.3,0.05,0.0,0.5,0.0,1.0,0.15,0.0,0.907448715,0.0,1.428571429,2.0,0.346860909,1.0,0.877192982,0.992130055,345888.2,340.0,0.02125854,1.16e-06,4,0.0,0.0,0.0,0.0,0.0,0.0,3.0,0.0,0,0.0,0.0,0.0,10.0,1.0,0.0,0.0,0.0,0.0,6.0,0.0,0.0,3.0,0.0,0.0,0.0,17.0,0.0,20.0,21.52117647,52.12656103,20.96633958,0.329639561,0.311429742,0.044885084,310.0,-0.258071299,0.025873834,77.0,0.300813204,0.0414806,387.0,1.351739881,1.218005528,0.137452001,0.027813863,20.64774389,5.979122232,1
MICALL1,2592,0.333333333,0.0,0.0,0.583333333,0.0,1.0,0.083333333,0.0,1.0,0.0,1.4,1.6,1.0,1.0,0.746268657,0.964678816,1370748.0,203.0,0.04972946,1.75e-05,10,0.0,0.0,0.0,0.0,0.0,0.0,1.0,0.0,0,0.0,0.0,0.0,7.0,0.0,0.0,0.0,0.0,0.0,4.0,0.0,0.0,1.0,0.0,0.0,0.0,11.0,0.0,12.0,16.27054545,94.21335107,24.87140534,1.881612282,0.239351866,0.022356311,134.0,-0.292386241,0.025711157,274.0,0.274968088,0.025173576,408.0,3.437320109,0.019726257,0.054299059,0.00552296,24.68280348,0.400217893,0
LRIG2,3198,0.2,0.1,0.0,0.7,0.0,1.0,0.0,0.0,0.976862179,0.0,2.8,3.2,0.41963911,1.0,0.875656743,0.991927418,641888.0,455.0,0.01283534,0.0,2,0.0,0.0,0.0,0.0,0.0,0.0,0.0,0.0,0,0.0,0.0,0.0,14.0,2.0,0.0,0.0,0.0,0.0,4.0,0.0,0.0,0.0,0.0,0.0,0.0,20.0,0.0,16.0,22.5327,66.57858075,18.09675258,3.428463116,0.207941271,0.015981225,118.0,-0.239985507,0.016072165,227.0,0.229025449,0.016226269,345.0,3.513855926,0.009697556,0.053178197,0.007296549,17.10422899,1.009506898,0
NIM1K,1311,0.176470588,0.117647059,0.0,0.647058824,0.0,1.0,0.058823529,0.0,0.931571423,0.0,2.75,3.5,0.209380235,1.0,0.293772033,0.65362844,505867.1,537.0,0.02584783,0.0,1,0.0,0.0,0.0,0.0,1.0,0.0,1.0,0.0,0,0.0,0.0,0.0,11.0,2.0,0.0,0.0,0.0,0.0,3.0,0.0,0.0,1.0,0.0,0.0,0.0,17.0,0.0,16.0,21.99564706,148.3738097,21.8870142,1.820461457,0.3372348,0.060918811,325.0,-0.247588451,0.022891023,71.0,0.321161843,0.05521102,396.0,2.84228509,0.209771735,0.1115145,0.01451736,20.06067439,2.32244926,0
OLR1,822,0.125,0.0,0.0,0.625,0.0,1.0,0.25,0.0,0.916666667,0.0,2.5,3.5,1.0,1.0,0.234356691,0.574387393,397576.8,398.0,0.01849326,4.58e-05,2,3.0,0.0,0.0,0.0,0.0,0.0,1.0,1.0,0,0.0,0.0,3.0,5.0,0.0,0.0,0.0,0.0,0.0,1.0,0.0,0.0,1.0,0.0,1.0,0.0,12.0,0.0,14.0,12.79916667,117.2984122,20.2382965,3.712616154,0.310572428,0.054529881,243.0,-0.275370923,0.030488293,130.0,0.298303807,0.046328404,373.0,3.285382671,0.070942354,0.1115145,0.01451736,17.65738657,2.086797299,0
RPS6KB2,1449,0.375,0.0,0.0,0.625,0.0,1.0,0.0,0.0,1.0,0.0,1.25,1.25,1.0,1.0,0.480538203,0.832699927,1331051.0,161.0,0.05196291,0.000592117,193,0.0,0.0,0.0,0.0,0.0,0.0,0.0,0.0,0,0.0,0.0,0.0,4.0,0.0,0.0,0.0,0.0,0.0,3.0,1.0,0.0,0.0,0.0,0.0,0.0,8.0,0.0,8.0,19.150375,64.04728398,22.05882188,1.243042011,0.294148028,0.064264029,218.0,-0.223552558,0.01497133,86.0,0.274176941,0.051238312,304.0,3.412777221,0.007877827,0.049154031,0.013738437,22.14297351,1.243511999,0
CLPB,2124,0.4375,0.0,0.0,0.5,0.0,1.0,0.0625,0.0,1.0,0.0,1.0,1.125,1.0,1.0,0.242365487,0.585872132,755786.6,258.0,0.0564742,2.53e-05,16,0.0,0.0,0.0,0.0,0.0,0.0,1.0,0.0,0,0.0,0.0,2.0,8.0,0.0,0.0,0.0,0.0,0.0,7.0,0.0,0.0,1.0,0.0,0.0,0.0,17.0,0.0,15.0,18.09217647,119.4604265,24.76998974,0.167915912,0.364421461,0.133341151,216.0,-0.239513684,0.017622296,114.0,0.32166024,0.097076551,327.0,3.49233781,0.013513374,0.054656381,0.006432185,14.7310182,1.542775623,0
GTF2I,2997,0.0,0.0,0.090909091,0.818181818,0.0,1.0,0.090909091,0.0,0.947442759,0.0,9.0,11.0,0.834724541,1.0,0.127113258,0.389306825,908884.1,151.0,0.04532663,0.000777482,100,0.0,0.0,0.0,0.0,0.0,0.0,1.0,0.0,0,0.0,0.0,0.0,10.0,0.0,0.0,0.0,0.0,0.0,0.0,1.0,0.0,1.0,1.0,0.0,0.0,10.0,0.0,10.0,23.418,10.17044,26.09508527,1.445088874,0.29806224,0.024590742,366.0,-0.242892685,0.020832411,108.0,0.285491962,0.024225177,474.0,3.784645412,0.006051337,0.039596605,0.008506301,25.81307195,2.46911422,0
C14ORF93,1617,0.166666667,0.083333333,0.083333333,0.666666667,0.0,1.0,0.0,0.0,0.953509509,0.0,2.666666667,3.333333333,0.032481242,1.0,0.736919676,0.961883847,1240941.0,185.0,0.03786223,5.86e-06,3,0.0,0.0,0.0,0.0,0.0,0.0,0.0,0.0,0,0.0,0.0,0.0,8.0,1.0,0.0,0.0,0.0,0.0,2.0,1.0,0.0,0.0,0.0,0.0,0.0,12.0,0.0,11.0,24.72691667,76.39377045,18.64735681,3.269982261,0.25365108,0.026841027,176.0,-0.284569958,0.022661652,238.0,0.2714257,0.024611903,414.0,3.210248298,0.004803075,0.048425899,0.00520101,20.06067439,2.32244926,0
S100A7A,306,0.4,0.0,0.0,0.6,0.0,1.0,0.0,0.0,1.0,0.0,1.0,1.0,1.0,1.0,0.651041667,0.930456793,1140044.0,401.0,0.03154929,1.36e-08,2,0.0,0.0,0.0,0.0,0.0,0.0,0.0,0.0,0,0.0,0.0,0.0,3.0,0.0,0.0,0.0,0.0,0.0,2.0,0.0,0.0,0.0,0.0,0.0,0.0,5.0,0.0,5.0,11.7716,40.2343868,20.82782862,5.744839337,0.305584319,0.038920316,389.0,-0.178992105,0.005772696,38.0,0.294318501,0.037252231,427.0,0.901233946,1.702603733,0.1115145,0.01451736,20.06067439,2.32244926,0
ASIC1,1725,0.454545455,0.090909091,0.090909091,0.181818182,0.0,1.0,0.181818182,0.0,0.789771035,0.0,0.333333333,1.0,0.082795165,1.0,0.992063492,0.999968422,1003045.0,211.0,0.05614912,7.03e-07,4,0.0,0.0,0.0,0.0,0.0,0.0,2.0,0.0,0,0.0,0.0,1.0,6.0,1.0,0.0,0.0,0.0,0.0,7.0,1.0,0.0,2.0,1.0,0.0,0.0,15.0,0.0,17.0,17.8036,114.3509594,22.20880085,3.57971462,0.227874675,0.016039533,154.0,-0.254770079,0.028948216,126.0,0.239977607,0.021945178,280.0,2.763847568,0.168238331,0.035022059,0.00783452,18.37905797,0.78949233,0
TNPO1,2697,0.125,0.0625,0.0,0.75,0.0,1.0,0.0625,0.0,0.96875,0.0,4.0,4.666666667,0.601684717,1.0,0.162390386,0.457575844,469584.8,388.0,0.02962885,0.000125974,53,0.0,0.0,0.0,0.0,0.0,0.0,1.0,0.0,0,0.0,0.0,0.0,11.0,1.0,0.0,0.0,0.0,0.0,2.0,1.0,0.0,1.0,0.0,0.0,0.0,15.0,0.0,12.0,25.36233333,73.84662967,26.10236577,0.210224189,0.231031951,0.011291076,123.0,-0.269097393,0.022163407,280.0,0.257479404,0.019116741,403.0,3.771079672,0.002555963,0.036460978,0.009052451,18.25352711,0.943014186,0
HTR2B,1446,0.4,0.0,0.0,0.6,0.0,1.0,0.0,0.0,1.0,0.0,1.2,1.2,1.0,1.0,0.914913083,0.996272835,649122.9543,444.4009898,0.019888568,2.55e-06,3,0.0,0.0,0.0,0.0,0.0,0.0,0.0,0.0,0,0.0,0.0,0.0,6.0,0.0,0.0,0.0,0.0,0.0,4.0,0.0,0.0,0.0,0.0,0.0,0.0,10.0,0.0,10.0,16.0832,40.98160751,21.8870142,1.820461457,0.208830078,0.012935528,128.0,-0.2699578,0.022657654,150.0,0.241812662,0.019050071,278.0,3.020759424,0.077632967,0.1115145,0.01451736,20.06067439,2.32244926,0
CREB3L1,1560,0.375,0.0625,0.0,0.5,0.0,1.0,0.0,0.0625,1.0,0.0,1.142857143,1.428571429,0.729927007,1.0,0.844594595,0.987245386,801520.4,158.0,0.03649365,0.000240668,22,1.0,0.0,0.0,0.0,0.0,0.0,0.0,0.0,0,1.0,0.0,0.0,8.0,1.0,0.0,0.0,0.0,0.0,6.0,0.0,0.0,1.0,0.0,0.0,0.0,16.0,0.0,16.0,17.472875,124.3444266,20.35346562,3.822739033,0.233809257,0.032649811,148.0,-0.256153197,0.021179292,147.0,0.244943356,0.026967749,294.0,3.02704351,0.222578343,0.1115145,0.01451736,17.86221488,2.218095017,1
CRBN,1329,0.25,0.0,0.0,0.625,0.0,1.0,0.125,0.0,1.0,0.0,1.666666667,2.0,1.0,1.0,0.593824228,0.903308739,61304.38,1017.0,-0.008130569,1.93e-05,19,0.0,0.0,0.0,0.0,0.0,0.0,1.0,0.0,0,0.0,0.0,0.0,6.0,0.0,0.0,0.0,0.0,0.0,2.0,0.0,0.0,1.0,1.0,0.0,0.0,7.0,0.0,7.0,18.97771429,79.0178499,25.11149456,1.787289029,0.261153778,0.025306165,135.0,-0.269933668,0.018231532,379.0,0.267627665,0.020058906,514.0,3.478737552,0.003728408,0.07952856,0.007887302,19.27408281,5.681701375,1
RPL7,747,0.166666667,0.0,0.0,0.833333333,0.0,1.0,0.0,0.0,1.0,0.0,2.5,2.5,1.0,1.0,0.369412634,0.737288885,259224.7,340.0,0.0193316,0.000188026,170,0.0,0.0,0.0,0.0,0.0,0.0,0.0,0.0,0,0.0,0.0,0.0,5.0,0.0,0.0,0.0,0.0,0.0,1.0,0.0,0.0,0.0,0.0,0.0,0.0,6.0,0.0,6.0,22.23166667,62.38129667,28.20371071,0.478088781,0.324963753,0.047594663,413.0,-0.248292388,0.017172469,67.0,0.314261708,0.044010996,480.0,3.981320051,0.006583967,0.061813598,0.014543855,21.08940842,5.099144424,0
SHMT1,1452,0.5,0.125,0.0,0.25,0.0,1.0,0.125,0.0,0.916666667,0.0,0.4,0.8,0.554323725,1.0,0.956937799,0.99905922,957114.0,254.0,0.008705709,3.37e-05,43,0.0,0.0,0.0,0.0,0.0,0.0,0.0,1.0,0,0.0,0.0,4.0,2.0,1.0,0.0,0.0,0.0,0.0,4.0,0.0,0.0,0.0,0.0,1.0,0.0,11.0,0.0,12.0,10.98327273,171.7540448,25.69956327,0.955091308,0.308278462,0.117521318,91.0,-0.278144928,0.019794679,414.0,0.283574931,0.037340995,504.0,3.41111175,0.018654026,0.1115145,0.01451736,20.57999365,8.780189389,0
ZXDB,2412,0.347826087,0.0,0.0,0.608695652,0.0,1.0,0.043478261,0.0,0.98077698,0.0,1.555555556,1.666666667,1.0,1.0,0.759301443,0.968379972,80577.92,444.4009898,-0.01826279,0.0,1,0.0,0.0,0.0,0.0,0.0,0.0,1.0,0.0,0,0.0,0.0,0.0,14.0,0.0,0.0,0.0,0.0,0.0,7.0,0.0,0.0,1.0,0.0,0.0,0.0,21.0,0.0,19.0,13.90038095,60.35708405,21.8870142,1.820461457,0.231219419,0.025982599,86.0,-0.265247113,0.025743994,142.0,0.252412105,0.025993136,228.0,3.343066817,0.006136566,0.1115145,0.01451736,16.19331935,1.070700611,0
SMCP,351,0.333333333,0.0,0.0,0.666666667,0.0,1.0,0.0,0.0,1.0,0.0,1.333333333,1.333333333,1.0,1.0,0.598086124,0.905514662,59998.77,804.0,0.01218269,9.21e-06,20,0.0,0.0,0.0,0.0,0.0,0.0,0.0,0.0,0,0.0,0.0,0.0,6.0,0.0,0.0,0.0,0.0,0.0,2.0,0.0,0.0,0.0,1.0,0.0,0.0,6.0,1.0,7.0,4.207666667,78.08314787,21.8870142,1.820461457,0.310698214,0.041854405,392.0,-0.178992105,0.005772696,38.0,0.29905907,0.040045635,430.0,0.171987046,0.256763236,0.1115145,0.01451736,14.28084431,2.62313328,0
ZNF330,963,0.111111111,0.0,0.0,0.222222222,0.0,1.0,0.666666667,0.0,0.456356749,0.0,1.0,4.0,1.0,1.0,0.562429696,0.886101877,71072.38,671.0,-0.003542616,0.0,1,0.0,0.0,0.0,0.0,0.0,0.0,6.0,0.0,0,0.0,0.0,0.0,2.0,0.0,0.0,0.0,0.0,0.0,0.0,1.0,0.0,6.0,0.0,0.0,0.0,3.0,0.0,8.0,21.69333333,16.62663333,24.45382586,0.734155283,0.239292841,0.048433995,88.0,-0.271032588,0.024147478,255.0,0.262889446,0.030447733,343.0,3.450915505,0.002951364,0.043504368,0.009007216,18.93201324,1.574008989,0
KLHL34,1935,0.421052632,0.01754386,0.0,0.543859649,0.052631579,0.969039687,0.01754386,0.0,0.97366751,0.0,1.24,1.32,0.834724541,0.221582096,0.851318413,0.503270316,93001.0,444.4009898,0.007156723,0.0,1,0.0,0.0,0.0,0.0,0.0,0.0,1.0,0.0,0,0.0,0.0,0.0,32.0,1.0,0.0,0.0,0.0,0.0,24.0,0.0,0.0,1.0,1.0,0.0,0.0,56.0,0.0,42.0,12.368625,91.45956206,23.01015865,0.939902483,0.218476375,0.021197773,80.0,-0.296705648,0.045127383,193.0,0.273781319,0.039283819,273.0,1.317079897,0.835962527,0.494863697,0.050021445,16.4125454,1.661766816,0
MYCBPAP,2955,0.212121212,0.090909091,0.03030303,0.636363636,0.0,1.0,0.0,0.0,0.930257772,0.03030303,2.625,3.25,0.127210279,1.0,0.451875282,0.810821989,1432760.0,200.0,0.02155059,1.86e-06,4,0.0,0.0,2.0,0.0,0.0,0.0,0.0,0.0,0,0.0,0.0,2.0,20.0,3.0,1.0,0.0,0.0,0.0,7.0,2.0,0.0,0.0,0.0,0.0,0.0,37.0,0.0,27.0,15.76283784,112.1969715,21.8870142,1.820461457,0.256186047,0.023231661,215.0,-0.249627113,0.018131661,142.0,0.253577171,0.021156794,355.0,2.438758977,0.235805745,0.123485837,0.019345117,18.63271147,2.215159618,0
BBS2,2166,0.1875,0.0625,0.0,0.75,0.0,1.0,0.0,0.0,0.96875,0.0,3.0,3.25,0.773395205,1.0,0.342583076,0.709572145,543899.8,285.0,0.02034771,3.62e-05,17,0.0,0.0,0.0,0.0,0.0,0.0,0.0,0.0,0,0.0,0.0,0.0,12.0,1.0,0.0,0.0,0.0,0.0,3.0,0.0,0.0,0.0,0.0,0.0,0.0,16.0,0.0,13.0,23.4125625,83.98078906,22.75032886,2.000150437,0.228630059,0.019216165,169.0,-0.289232183,0.025731095,197.0,0.261249235,0.023577228,366.0,3.501704631,0.007384678,0.1115145,0.01451736,18.86433434,1.790262849,0
BOK,639,0.666666667,0.0,0.166666667,0.166666667,0.0,1.0,0.0,0.0,1.0,0.0,0.2,0.4,0.20500205,1.0,0.998003992,0.999998007,1214632.0,426.0,0.03026672,1.89e-06,5,0.0,0.0,0.0,0.0,0.0,0.0,0.0,0.0,0,0.0,0.0,0.0,1.0,0.0,0.0,0.0,0.0,0.0,4.0,1.0,0.0,0.0,0.0,0.0,0.0,6.0,0.0,6.0,13.9745,193.4605255,22.09732162,1.275609825,0.263816402,0.037068399,190.1320168,-0.262379274,0.034993589,187.6534411,0.272484272,0.039786023,377.6466786,3.360932462,0.024040351,0.155747399,0.017950082,21.61080974,1.457417388,0
NRIP3,726,0.666666667,0.0,0.0,0.333333333,0.0,1.0,0.0,0.0,1.0,0.0,0.428571429,0.428571429,1.0,1.0,0.998003992,0.999998007,595760.3,357.0,0.03316557,2.06e-05,4,2.0,0.0,0.0,0.0,0.0,0.0,0.0,0.0,0,0.0,0.0,0.0,3.0,0.0,0.0,0.0,0.0,0.0,6.0,0.0,0.0,0.0,0.0,0.0,0.0,11.0,0.0,10.0,14.498,40.5250858,19.13347657,1.645610445,0.19881687,0.015120525,131.0,-0.249569906,0.016282431,212.0,0.230186093,0.016402994,343.0,3.142986722,0.050169473,0.336116677,0.036351966,16.63484297,3.016710522,0
ORMDL1,462,0.0,0.0,0.0,1.0,0.0,1.0,0.0,0.0,1.0,0.0,3.0,3.0,1.0,1.0,0.138484974,0.412268861,398589.8,452.0,0.02495469,0.0,1,0.0,0.0,0.0,0.0,0.0,0.0,0.0,0.0,0,0.0,0.0,0.0,3.0,0.0,0.0,0.0,0.0,0.0,0.0,0.0,0.0,0.0,0.0,0.0,0.0,3.0,0.0,3.0,26.03333333,16.10333333,18.9915656,1.691611298,0.237353495,0.020327305,206.0,-0.230989701,0.018338371,67.0,0.235791685,0.01977749,273.0,3.530629847,0.002861639,0.049497473,0.011451316,20.06067439,2.32244926,0
PRKACB,1197,0.272727273,0.090909091,0.0,0.545454545,0.0,1.0,0.090909091,0.0,0.947442759,0.0,1.5,2.0,0.698324022,1.0,0.301204819,0.662639995,205639.8,919.0,-0.01315519,0.00028847,59,0.0,0.0,0.0,0.0,0.0,0.0,1.0,0.0,0,0.0,0.0,1.0,5.0,1.0,0.0,0.0,0.0,0.0,3.0,1.0,0.0,2.0,0.0,0.0,0.0,10.0,0.0,12.0,26.0356,132.2056914,24.42578638,1.792781388,0.210921983,0.014833734,120.0,-0.23154285,0.012198836,207.0,0.223935762,0.013227765,327.0,3.540257796,0.014530438,0.079224783,0.009539135,21.93557394,3.04163416,0
EGLN2,1224,0.4,0.0,0.0,0.6,0.0,1.0,0.0,0.0,1.0,0.0,1.0,1.0,1.0,1.0,0.562746201,0.886283933,1187304.0,275.0,0.03143156,1.05e-05,19,0.0,0.0,0.0,0.0,0.0,0.0,0.0,0.0,0,0.0,0.0,0.0,3.0,0.0,0.0,0.0,0.0,0.0,2.0,0.0,0.0,0.0,0.0,0.0,0.0,5.0,0.0,5.0,17.8676,72.9133088,21.8870142,1.820461457,0.271408564,0.026033242,202.0,-0.246691457,0.01700109,151.0,0.260835524,0.022260326,353.0,3.552252562,0.004386932,0.045105815,0.005400851,17.07919661,2.249185826,0
CDC14A,1872,0.2,0.0,0.2,0.466666667,0.0,1.0,0.133333333,0.0,0.801894624,0.0,1.75,3.0,0.092772985,1.0,0.757002271,0.967743396,387264.7,622.0,0.006143884,1.46e-05,11,0.0,0.0,0.0,0.0,0.0,0.0,1.0,1.0,0,0.0,0.0,2.0,7.0,0.0,0.0,0.0,0.0,1.0,4.0,3.0,0.0,1.0,0.0,1.0,0.0,17.0,0.0,16.0,17.90611765,158.0235371,18.08274149,0.416851978,0.207353509,0.011959908,114.0,-0.248949227,0.024725455,230.0,0.235283775,0.020867682,344.0,3.233643976,0.017692651,0.056568327,0.007118414,20.3371919,1.883335459,0
MTBP,2715,0.157894737,0.105263158,0.105263158,0.631578947,0.0,1.0,0.0,0.0,0.900880458,0.0,3.0,4.0,0.217959895,1.0,0.602772755,0.907905371,193807.1,877.0,-0.002974338,5.19e-08,2,0.0,0.0,0.0,0.0,0.0,0.0,0.0,0.0,0,0.0,0.0,0.0,11.0,2.0,0.0,0.0,0.0,0.0,3.0,3.0,0.0,0.0,0.0,0.0,0.0,19.0,0.0,18.0,18.72957895,132.2135801,17.98067644,1.608942259,0.363619872,0.06853489,469.0,-0.258528679,0.025026493,53.0,0.352949693,0.065070279,522.0,3.232475127,0.013825135,0.057859291,0.009838624,18.16859178,2.002207739,0
KCTD7,870,0.166666667,0.083333333,0.0,0.666666667,0.0,1.0,0.0,0.083333333,1.0,0.0,2.666666667,3.333333333,0.474608448,1.0,0.104580632,0.340702459,615007.8,246.0,0.04282794,0.0,2,0.0,0.0,0.0,0.0,0.0,0.0,0.0,0.0,0,1.0,0.0,0.0,8.0,1.0,0.0,0.0,0.0,0.0,2.0,0.0,0.0,1.0,0.0,0.0,0.0,11.0,0.0,10.0,23.69,66.58714,20.17639397,3.086730855,0.299262345,0.025473166,371.0,-0.239288462,0.021003883,104.0,0.286131221,0.025064648,475.0,3.391054794,0.009293439,0.039202018,0.009108584,18.83437562,2.336815347,0
TFEB,1473,0.166666667,0.083333333,0.0,0.666666667,0.0,1.0,0.0,0.083333333,1.0,0.0,2.666666667,3.333333333,0.435729847,1.0,0.178507676,0.486098479,458236.8,251.0,0.04949371,9.22e-08,2,0.0,0.0,0.0,0.0,0.0,0.0,0.0,0.0,0,0.0,1.0,1.0,8.0,1.0,0.0,0.0,0.0,0.0,2.0,0.0,0.0,0.0,0.0,1.0,0.0,12.0,0.0,10.0,22.82108333,108.9146828,22.61278444,0.833487942,0.329533526,0.10529352,188.0,-0.24936808,0.019029312,125.0,0.297721841,0.072435183,313.0,3.252871053,0.013911493,0.071685919,0.012330776,22.74438117,0.725964531,1
C2CD4A,1110,0.2,0.1,0.0,0.6,0.0,1.0,0.0,0.1,1.0,0.0,2.0,2.666666667,0.119146908,1.0,0.30422878,0.666253512,125994.9,446.0,0.0203626,0.0,0,0.0,0.0,0.0,0.0,0.0,0.0,0.0,0.0,0,0.0,1.0,0.0,6.0,1.0,0.0,0.0,0.0,0.0,2.0,0.0,0.0,0.0,0.0,1.0,0.0,9.0,0.0,10.0,15.42344444,121.0686258,21.8870142,1.820461457,0.207968649,0.014659039,74.0,-0.257700465,0.021716047,258.0,0.246615663,0.020523749,332.0,2.553225451,0.619578251,0.1115145,0.01451736,16.70067882,3.610988539,0
LRRC43,1971,0.333333333,0.055555556,0.055555556,0.555555556,0.0,1.0,0.0,0.0,0.97335417,0.0,1.428571429,1.714285714,0.540540541,1.0,0.755287009,0.967263941,808863.8,187.0,0.01193485,0.0,0,0.0,0.0,0.0,0.0,0.0,0.0,0.0,0.0,0,0.0,0.0,1.0,10.0,1.0,0.0,0.0,0.0,0.0,6.0,1.0,0.0,0.0,0.0,0.0,0.0,19.0,0.0,15.0,11.32589474,122.7367285,21.8870142,1.820461457,0.219454565,0.014251342,138.0,-0.226982914,0.016154125,151.0,0.223388062,0.01520708,289.0,2.319747159,0.265371529,0.1115145,0.01451736,16.96266741,1.466475089,0
MTMR11,2130,0.1875,0.0625,0.0,0.6875,0.0,1.0,0.0625,0.0,0.96875,0.0,2.75,3.25,0.831946755,1.0,0.246852629,0.592190512,1115711.0,451.0,0.05067026,0.0,1,0.0,0.0,0.0,0.0,0.0,0.0,1.0,0.0,0,0.0,0.0,0.0,11.0,2.0,0.0,0.0,0.0,0.0,3.0,0.0,0.0,1.0,1.0,0.0,0.0,15.0,0.0,14.0,22.64406667,65.29295178,20.43824541,5.660935155,0.311844599,0.04158678,387.0,-0.176156364,0.006247935,44.0,0.297992436,0.0396478,431.0,3.337113279,0.033081208,0.1115145,0.01451736,17.28711026,3.704882404,0
ZNF669,1395,0.0,0.181818182,0.0,0.818181818,0.0,1.0,0.0,0.0,0.947442759,0.0,9.0,11.0,0.173220163,1.0,0.291460216,0.650787457,649122.9543,444.4009898,0.019888568,0.0,0,0.0,0.0,0.0,0.0,0.0,0.0,0.0,0.0,0,0.0,0.0,0.0,9.0,2.0,0.0,0.0,0.0,0.0,0.0,0.0,0.0,0.0,0.0,0.0,0.0,11.0,0.0,11.0,18.67727273,60.46014182,20.08023863,1.399424659,0.295625055,0.032409628,366.0,-0.249673214,0.026599572,56.0,0.28952718,0.031817213,422.0,3.216361256,0.00784807,0.093422987,0.009178201,20.06067439,2.32244926,0
GABRA5,1389,0.297297297,0.027027027,0.0,0.675675676,0.0,1.0,0.0,0.0,0.979247706,0.0,2.083333333,2.166666667,0.860585198,1.0,0.622665006,0.917650446,22004.77,1346.0,-0.05562001,0.0,0,0.0,0.0,0.0,0.0,0.0,0.0,0.0,0.0,0,0.0,0.0,7.0,25.0,1.0,0.0,0.0,0.0,0.0,11.0,0.0,0.0,0.0,1.0,0.0,0.0,43.0,0.0,41.0,17.20537209,103.5274856,18.51896658,0.601731949,0.234699375,0.054430757,64.0,-0.270501926,0.022354006,296.0,0.264137028,0.028108696,360.0,1.048042089,1.109809912,0.240089881,0.036926778,20.06067439,2.32244926,0
TTC12,2118,0.235294118,0.0,0.117647059,0.588235294,0.0,1.0,0.0,0.058823529,0.971217583,0.0,2.0,2.6,0.441891295,1.0,0.450653447,0.809849772,107069.9,600.0,0.01253718,6.76e-08,2,0.0,0.0,0.0,0.0,0.0,0.0,0.0,0.0,0,1.0,0.0,0.0,11.0,0.0,0.0,0.0,0.0,0.0,4.0,2.0,0.0,1.0,0.0,0.0,0.0,17.0,0.0,18.0,16.81476471,136.7855464,20.49903074,1.003682402,0.207808679,0.015003556,106.0,-0.280018767,0.020534602,227.0,0.257032973,0.019858341,333.0,3.291779852,0.014195615,0.0807456,0.016892498,12.42340213,0.288243729,0
GTDC1,1377,0.173913043,0.130434783,0.043478261,0.565217391,0.0,1.0,0.086956522,0.0,0.850927643,0.0,2.6,3.8,0.198176774,1.0,0.809061489,0.980485727,60793.38,692.0,0.01224903,0.0,1,0.0,0.0,0.0,0.0,0.0,0.0,1.0,1.0,0,0.0,0.0,0.0,13.0,3.0,0.0,0.0,0.0,0.0,4.0,1.0,0.0,1.0,0.0,1.0,0.0,21.0,0.0,21.0,21.628,170.7632524,20.89291125,1.201753903,0.222975526,0.018262804,190.0,-0.228585542,0.016505164,83.0,0.224681136,0.017672468,273.0,3.450236402,0.010307364,0.04038524,0.004616555,16.96934742,1.082876338,0
ZIM3,1419,0.227272727,0.045454545,0.0,0.545454545,0.0,1.0,0.136363636,0.0,0.881664083,0.045454545,2.0,2.833333333,0.348310693,1.0,0.600961538,0.906985783,311003.3,924.0,-0.06428068,0.0,0,0.0,0.0,0.0,0.0,0.0,0.0,2.0,1.0,0,0.0,0.0,0.0,11.0,1.0,1.0,0.0,0.0,0.0,5.0,1.0,0.0,2.0,0.0,1.0,0.0,19.0,0.0,22.0,9.340315789,78.37061589,15.32553215,0.829661793,0.279762111,0.035057453,199.0,-0.259873313,0.023914231,163.0,0.270806657,0.030057966,362.0,1.11474853,0.667688094,0.1115145,0.01451736,20.06067439,2.32244926,0
CTDSP2,816,0.333333333,0.0,0.0,0.666666667,0.0,1.0,0.0,0.0,1.0,0.0,1.333333333,1.333333333,1.0,1.0,0.275254611,0.63034923,1051368.0,243.0,0.03998539,1.21e-05,22,0.0,0.0,0.0,0.0,0.0,0.0,0.0,0.0,0,0.0,0.0,0.0,4.0,0.0,0.0,0.0,0.0,0.0,2.0,0.0,0.0,0.0,0.0,0.0,0.0,6.0,0.0,6.0,21.01166667,96.39297667,20.10332807,1.457937478,0.267223274,0.075749605,168.0,-0.220811146,0.017637243,96.0,0.250346136,0.054970788,264.0,3.751076093,0.003170777,0.055612889,0.014526748,17.54018283,0.983042808,0
OR52K2,945,0.666666667,0.0,0.0,0.333333333,0.0,1.0,0.0,0.0,1.0,0.0,0.428571429,0.428571429,1.0,1.0,0.905797101,0.995416619,264090.3,862.0,-0.007342764,0.0,0,0.0,0.0,0.0,0.0,0.0,0.0,0.0,0.0,0,0.0,0.0,0.0,3.0,0.0,0.0,0.0,0.0,0.0,6.0,0.0,0.0,0.0,0.0,0.0,0.0,9.0,0.0,9.0,9.136444444,125.9596593,21.8870142,1.820461457,0.198213089,0.01270955,123.0,-0.253549039,0.018609845,229.0,0.234212898,0.017204091,352.0,1.008984639,0.759801541,0.1115145,0.01451736,20.06067439,2.32244926,0
TACR1,1224,0.466666667,0.0,0.0,0.533333333,0.0,1.0,0.0,0.0,1.0,0.0,1.0,1.0,1.0,1.0,0.688231246,0.945375351,451906.9,644.0,0.009217458,1.5e-06,2,0.0,0.0,0.0,0.0,0.0,0.0,0.0,0.0,0,0.0,0.0,1.0,9.0,0.0,0.0,0.0,0.0,0.0,7.0,0.0,0.0,0.0,1.0,0.0,0.0,16.0,0.0,16.0,17.101,92.7580812,15.49651532,1.135862826,0.234915804,0.017644572,224.0,-0.210096977,0.012841631,43.0,0.230918764,0.016903419,267.0,2.798522255,0.227227612,0.067895918,0.013033273,18.23911039,2.608983462,0
RASGEF1C,1401,0.714285714,0.0,0.0,0.285714286,0.0,1.0,0.0,0.0,1.0,0.0,0.363636364,0.363636364,1.0,1.0,0.995024876,0.999987603,1740168.0,432.0,0.02318139,0.0,3,0.0,0.0,0.0,0.0,0.0,0.0,0.0,0.0,0,0.0,0.0,0.0,4.0,0.0,0.0,0.0,0.0,0.0,10.0,0.0,0.0,0.0,0.0,0.0,0.0,14.0,0.0,13.0,11.03564286,48.73080886,21.8870142,1.820461457,0.291289673,0.0248464,213.0,-0.25254967,0.016740386,212.0,0.27201061,0.021139612,424.0,1.517746077,0.838543271,0.866749809,0.046247887,20.06067439,2.32244926,0
HHIPL2,2175,0.28,0.08,0.0,0.6,0.0,1.0,0.04,0.0,0.941816566,0.0,1.875,2.25,0.392927308,1.0,0.540248514,0.872893589,227631.3,467.0,-0.005838059,0.0,1,0.0,0.0,0.0,0.0,0.0,0.0,1.0,0.0,0,0.0,0.0,0.0,15.0,1.0,0.0,0.0,0.0,0.0,7.0,1.0,0.0,1.0,0.0,0.0,0.0,24.0,0.0,22.0,14.70258333,174.3865188,17.37242638,1.116356954,0.285056393,0.026129973,366.0,-0.2214286,0.018622412,50.0,0.277408822,0.025609719,416.0,2.072778193,0.454396179,0.1115145,0.01451736,20.06067439,2.32244926,0
GSTO2,732,0.5,0.125,0.0,0.375,0.0,1.0,0.0,0.0,1.0,0.0,0.6,0.8,0.455580866,1.0,0.969932105,0.999543361,293890.8,376.0,0.007835239,4.36e-07,10,0.0,0.0,0.0,0.0,0.0,0.0,0.0,0.0,0,0.0,0.0,0.0,3.0,1.0,0.0,0.0,0.0,0.0,4.0,0.0,0.0,0.0,0.0,0.0,0.0,8.0,0.0,8.0,15.457625,138.1509208,17.73362302,2.561283386,0.206978889,0.012997294,99.0,-0.329153151,0.043142498,311.0,0.299652537,0.038554573,410.0,3.213932353,0.056194622,0.129625496,0.020213706,20.06067439,2.32244926,0
LIG1,2760,0.368421053,0.105263158,0.0,0.473684211,0.0,1.0,0.052631579,0.0,0.941087216,0.0,1.125,1.5,0.325097529,1.0,0.945179584,0.998469124,973755.8,431.0,0.02617784,1.2e-05,13,0.0,0.0,1.0,0.0,0.0,0.0,1.0,0.0,0,0.0,0.0,2.0,9.0,2.0,0.0,0.0,0.0,0.0,7.0,0.0,0.0,1.0,0.0,0.0,0.0,21.0,0.0,22.0,15.55685714,189.1145678,24.54634282,0.791453998,0.239893941,0.014153469,169.0,-0.264243444,0.022599501,179.0,0.252416543,0.018593361,348.0,3.44802051,0.006133248,0.058586837,0.00977963,24.43468041,0.805201946,0
MYCN,1395,0.238095238,0.0,0.0,0.666666667,0.142857143,0.910795072,0.095238095,0.0,0.92676729,0.0,2.333333333,2.666666667,1.0,0.0067,0.57734,0.025355797,169652.9,1491.0,-0.01162264,1.07e-05,19,0.0,0.0,1.0,0.0,0.0,0.0,1.0,0.0,0,0.0,0.0,0.0,13.0,0.0,0.0,0.0,0.0,0.0,5.0,1.0,0.0,1.0,0.0,0.0,0.0,20.0,0.0,20.0,17.2118,108.9621481,23.10436554,9.546214153,0.254375981,0.076792384,214.0,-0.225699571,0.018413316,70.0,0.247307852,0.062440537,284.0,2.586034638,0.261679421,0.085517292,0.009940136,17.2094539,3.810483178,1
GPR182,1215,0.363636364,0.0,0.0,0.636363636,0.0,1.0,0.0,0.0,1.0,0.0,1.4,1.4,1.0,1.0,0.275254611,0.63034923,2103486.0,286.0,0.02612698,0.0,0,0.0,0.0,0.0,0.0,0.0,0.0,0.0,0.0,0,0.0,0.0,0.0,7.0,0.0,0.0,0.0,0.0,0.0,4.0,0.0,0.0,0.0,0.0,0.0,0.0,11.0,0.0,10.0,12.06145455,97.46425627,21.8870142,1.820461457,0.265749353,0.079163934,170.0,-0.231158952,0.020367773,105.0,0.252542109,0.056841667,275.0,2.2626603,0.401814153,0.1115145,0.01451736,20.06067439,2.32244926,0
G2E3,2121,0.055555556,0.111111111,0.0,0.833333333,0.0,1.0,0.0,0.0,0.97335417,0.0,7.5,8.5,0.757002271,1.0,0.154846702,0.443685301,354135.1,695.0,-0.009624624,1.29e-07,3,0.0,0.0,0.0,0.0,0.0,0.0,0.0,0.0,0,0.0,0.0,4.0,16.0,2.0,0.0,0.0,0.0,0.0,1.0,0.0,0.0,0.0,0.0,0.0,0.0,22.0,1.0,20.0,20.64136364,111.6485415,14.88848516,1.555886254,0.267699516,0.037368032,186.0,-0.288136962,0.022692235,237.0,0.279150284,0.029175312,423.0,3.438247537,0.005958851,0.060862648,0.009277277,14.94764509,1.347363134,0
ZNF701,1596,0.363636364,0.0,0.0,0.636363636,0.0,1.0,0.0,0.0,1.0,0.0,1.4,1.4,1.0,1.0,0.577034045,0.894318529,546511.2,1005.0,-0.05278826,0.0,0,0.0,0.0,0.0,0.0,0.0,0.0,0.0,0.0,0,0.0,0.0,0.0,6.0,0.0,0.0,0.0,0.0,0.0,4.0,0.0,0.0,0.0,0.0,0.0,0.0,10.0,0.0,9.0,8.909,58.32903867,15.04317284,0.160109159,0.269031823,0.036784113,181.0,-0.267107907,0.02589869,172.0,0.268094391,0.031392451,353.0,3.32450878,0.01215293,0.154125022,0.019029371,20.06067439,2.32244926,0
GOLGA8F,1947,0.111111111,0.111111111,0.0,0.666666667,0.0,1.0,0.111111111,0.0,0.859793388,0.0,3.0,4.0,0.558347292,1.0,0.031294987,0.139710126,649122.9543,444.4009898,0.019888568,6.96e-05,18,0.0,0.0,0.0,0.0,0.0,0.0,1.0,0.0,0,0.0,0.0,0.0,6.0,1.0,0.0,0.0,0.0,0.0,1.0,0.0,0.0,1.0,0.0,0.0,0.0,8.0,0.0,9.0,13.009375,64.73600855,21.8870142,1.820461457,0.187637541,0.008793933,61.0,-0.26822322,0.021671386,295.0,0.254415,0.020358544,356.0,1.953145202,0.967936973,0.1115145,0.01451736,20.06067439,2.32244926,0
ADAMTS8,2670,0.344827586,0.0,0.0,0.586206897,0.0,1.0,0.068965517,0.0,0.985803667,0.0,1.545454545,1.727272727,1.0,1.0,0.190585096,0.506509717,693280.5,382.0,-0.006373506,0.0,0,0.0,0.0,2.0,0.0,0.0,0.0,2.0,0.0,0,0.0,0.0,0.0,16.0,0.0,0.0,0.0,0.0,0.0,10.0,1.0,0.0,2.0,0.0,0.0,0.0,29.0,0.0,28.0,17.08024138,102.6264023,17.6991418,1.56214814,0.221769504,0.023174683,121.0,-0.282769132,0.025114925,219.0,0.261060441,0.0252095,340.0,2.547802547,0.294839336,0.053425421,0.009229141,16.19617665,0.966552296,0
NPRL3,1709,0.076923077,0.153846154,0.0,0.769230769,0.0,1.0,0.0,0.0,0.958424899,0.0,5.0,6.0,0.232126277,1.0,0.061432608,0.23281819,1005761.0,238.0,0.03616801,1.67e-05,11,2.0,0.0,0.0,0.0,0.0,0.0,0.0,0.0,0,0.0,0.0,0.0,10.0,1.0,0.0,0.0,0.0,0.0,2.0,0.0,0.0,0.0,0.0,0.0,0.0,15.0,0.0,15.0,23.52106667,118.6500999,21.00443658,1.426255289,0.246555314,0.020104408,207.0,-0.249122075,0.022873871,158.0,0.247670383,0.021249787,364.0,3.284882789,0.012513973,0.041306991,0.007103929,18.9587381,2.586516592,0
MCC,3060,0.136363636,0.0,0.090909091,0.727272727,0.0,1.0,0.045454545,0.0,0.951533902,0.0,4.0,4.75,0.269469146,1.0,0.018588052,0.092665829,271269.6,620.0,0.01591112,4.88e-05,44,0.0,0.0,0.0,0.0,0.0,0.0,1.0,0.0,0,0.0,0.0,1.0,16.0,0.0,0.0,0.0,0.0,0.0,3.0,2.0,0.0,1.0,0.0,0.0,0.0,22.0,0.0,19.0,19.99177273,136.9470429,22.80189131,0.826267886,0.264421611,0.015496219,149.0,-0.273034313,0.023926454,262.0,0.269911946,0.020842172,411.0,3.487854584,0.039270345,0.100990853,0.017251285,22.83153392,2.449382771,0
ORC2,1734,0.222222222,0.333333333,0.0,0.444444444,0.0,1.0,0.0,0.0,0.833333333,0.0,1.333333333,2.333333333,0.227324392,1.0,0.655307995,0.932273875,641948.8,201.0,0.02865796,6.9e-05,47,0.0,0.0,0.0,0.0,0.0,0.0,0.0,0.0,0,0.0,0.0,0.0,4.0,3.0,0.0,0.0,0.0,0.0,2.0,0.0,0.0,0.0,0.0,0.0,0.0,9.0,0.0,7.0,25.66077778,118.1095149,23.39804703,0.504498103,0.216471145,0.015438663,166.0,-0.249066214,0.022082091,103.0,0.228951784,0.018161503,269.0,3.475188102,0.002288122,0.030532347,0.007483488,20.56186505,2.08193014,0
KRTAP4-7,468,0.0,0.0,0.0,1.0,0.0,1.0,0.0,0.0,1.0,0.0,4.0,4.0,1.0,1.0,0.35335689,0.720945835,649122.9543,444.4009898,0.019888568,1.68e-06,14,0.0,0.0,0.0,0.0,0.0,0.0,0.0,0.0,0,0.0,0.0,0.0,4.0,0.0,0.0,0.0,0.0,0.0,0.0,0.0,0.0,0.0,0.0,0.0,0.0,4.0,0.0,4.0,13.0065,75.29666233,21.8870142,1.820461457,0.380679289,0.297988272,197.0,-0.262858977,0.020166317,176.0,0.325085791,0.169960122,373.0,0.073203008,0.101315447,0.1115145,0.01451736,20.06067439,2.32244926,0
HMGA2,330,0.0,0.333333333,0.0,0.333333333,0.0,1.0,0.0,0.333333333,1.0,0.0,1.0,3.0,0.580046404,1.0,0.672043011,0.939135038,274513.8,562.0,-0.006326826,6.99e-06,20,0.0,0.0,0.0,0.0,0.0,0.0,0.0,0.0,0,1.0,0.0,3.0,1.0,1.0,0.0,0.0,0.0,0.0,0.0,0.0,0.0,1.0,0.0,0.0,0.0,5.0,0.0,6.0,23.1814,192.8408448,21.97260676,3.678788874,0.305581319,0.110061297,182.0,-0.214677187,0.018287796,96.0,0.274189964,0.080064228,277.0,3.129224431,0.277450953,0.112051297,0.014890112,23.52621592,2.215449482,1
CKB,1146,0.428571429,0.0,0.0,0.571428571,0.0,1.0,0.0,0.0,1.0,0.0,1.0,1.0,1.0,1.0,0.934579439,0.997811821,934252.6,225.0,0.03578296,0.000163431,71,0.0,0.0,0.0,0.0,0.0,0.0,0.0,0.0,0,0.0,0.0,0.0,4.0,0.0,0.0,0.0,0.0,0.0,2.0,1.0,0.0,0.0,0.0,0.0,0.0,7.0,0.0,7.0,18.90142857,56.69424762,27.69789782,2.151834172,0.274843468,0.041683075,173.0,-0.281670117,0.020793296,256.0,0.278917179,0.029150912,429.0,3.464219214,0.051642638,0.138116175,0.015740246,21.47878291,3.443442808,0
DPYD,3078,0.194444444,0.027777778,0.055555556,0.694444444,0.0,1.0,0.027777778,0.0,0.957016355,0.0,3.125,3.625,0.504795558,1.0,0.523834468,0.86253512,64695.69,807.0,-0.006060657,3.6e-06,8,0.0,0.0,0.0,0.0,0.0,0.0,1.0,0.0,0,0.0,0.0,2.0,25.0,1.0,0.0,0.0,0.0,0.0,7.0,2.0,0.0,1.0,0.0,0.0,0.0,37.0,0.0,30.0,21.09227027,96.80207898,25.15507303,1.158177025,0.215682478,0.016691541,113.0,-0.24112807,0.015289729,228.0,0.232695953,0.015850414,341.0,3.546169948,0.031976975,0.1115145,0.01451736,20.8716076,0.91736608,1
ACTR3C,633,0.0,0.0,0.0,1.0,0.0,1.0,0.0,0.0,1.0,0.0,3.0,3.0,1.0,1.0,0.149320591,0.433277537,649122.9543,444.4009898,0.019888568,0.0,1,0.0,0.0,0.0,0.0,0.0,0.0,0.0,0.0,0,0.0,0.0,0.0,3.0,0.0,0.0,0.0,0.0,0.0,0.0,0.0,0.0,0.0,0.0,0.0,0.0,3.0,0.0,3.0,21.06666667,51.84333333,21.8870142,1.820461457,0.29539948,0.023851134,346.0,-0.270851833,0.025715091,120.0,0.289078197,0.024392316,466.0,3.233017371,0.056108629,0.1115145,0.01451736,20.06067439,2.32244926,0
CDKN1C,951,0.5,0.0,0.0,0.5,0.0,1.0,0.0,0.0,1.0,0.0,0.5,0.5,1.0,1.0,0.537634409,0.871277682,552601.1,256.0,0.03434124,3.27e-06,19,0.0,0.0,0.0,0.0,0.0,0.0,0.0,0.0,0,0.0,0.0,1.0,2.0,0.0,0.0,0.0,0.0,0.0,0.0,0.0,0.0,0.0,0.0,0.0,0.0,3.0,0.0,3.0,13.41866667,150.4456053,19.66204868,3.001596158,0.189036723,0.007545694,119.0,-0.257065149,0.016956249,235.0,0.234196836,0.014798137,354.0,3.141958695,0.037461742,0.06670578,0.016611037,20.91990642,2.078509085,0
ARHGAP10,2361,0.066666667,0.0,0.066666667,0.866666667,0.0,1.0,0.0,0.0,1.0,0.0,6.5,7.0,0.803212851,1.0,0.253485425,0.60138123,75227.38,678.0,0.02153296,2.91e-06,5,0.0,0.0,0.0,0.0,0.0,0.0,0.0,0.0,0,0.0,0.0,0.0,12.0,0.0,0.0,0.0,0.0,0.0,1.0,3.0,0.0,0.0,1.0,0.0,0.0,15.0,0.0,15.0,23.86406667,45.39956378,24.2408764,1.012644954,0.216328462,0.018965509,78.0,-0.267925969,0.024035304,258.0,0.255947976,0.02327424,336.0,3.310205472,0.021525587,0.055194877,0.005535744,21.87264009,1.536449353,0
GPATCH8,4509,0.355555556,0.088888889,0.0,0.4,0.0,1.0,0.155555556,0.0,0.846019399,0.0,1.058823529,1.705882353,0.527148129,1.0,0.936329588,0.997928596,1121044.0,166.0,0.03032457,1.75e-05,17,17.0,1.0,0.0,0.0,0.0,0.0,5.0,2.0,0,0.0,0.0,1.0,18.0,4.0,0.0,0.0,0.0,0.0,16.0,0.0,0.0,6.0,0.0,3.0,0.0,55.0,0.0,50.0,16.87090909,102.2272318,24.24309879,1.248704322,0.245836111,0.026067713,179.0,-0.269283191,0.020664573,186.0,0.257814511,0.023381336,365.0,3.546020265,0.004683817,0.053563423,0.002117627,25.79923673,0.313462534,0
TMOD4,1038,0.4,0.0,0.0,0.6,0.0,1.0,0.0,0.0,1.0,0.0,1.0,1.0,1.0,1.0,0.716845878,0.955479868,1562281.0,184.0,0.03337602,4.06e-06,5,0.0,2.0,0.0,0.0,0.0,0.0,0.0,0.0,0,0.0,0.0,0.0,3.0,0.0,0.0,0.0,0.0,0.0,2.0,0.0,0.0,0.0,0.0,0.0,0.0,7.0,0.0,7.0,23.82142857,69.79701429,22.05251825,5.737733812,0.317501897,0.046517836,390.0,-0.175838571,0.006080411,42.0,0.303729074,0.04432869,432.0,1.728514969,0.393733843,0.1115145,0.01451736,20.66412564,3.157301646,0
PGPEP1L,591,0.142857143,0.0,0.0,0.857142857,0.0,1.0,0.0,0.0,1.0,0.0,3.0,3.0,1.0,1.0,0.849617672,0.988078869,217298.8,248.0,-0.01950739,0.0,0,0.0,0.0,1.0,0.0,0.0,0.0,0.0,0.0,0,0.0,0.0,0.0,6.0,0.0,0.0,0.0,0.0,0.0,1.0,0.0,0.0,0.0,0.0,0.0,0.0,8.0,0.0,7.0,6.561625,48.66293113,21.8870142,1.820461457,0.289745,0.042268168,134.0,-0.255978152,0.019216345,211.0,0.269093391,0.0283446,345.0,0.853524431,0.600685224,0.1115145,0.01451736,20.06067439,2.32244926,0
CCR3,1131,0.090909091,0.090909091,0.0,0.727272727,0.0,1.0,0.090909091,0.0,0.894885518,0.0,4.0,5.0,0.302480339,1.0,0.469263257,0.824303779,212198.0,634.0,0.04556597,1.22e-05,7,0.0,0.0,0.0,0.0,0.0,0.0,1.0,0.0,0,0.0,0.0,0.0,8.0,1.0,0.0,0.0,0.0,0.0,1.0,0.0,0.0,1.0,0.0,0.0,0.0,10.0,0.0,10.0,15.0565,172.4343887,21.8870142,1.820461457,0.215036174,0.013107455,115.0,-0.276878122,0.020848872,410.0,0.26333179,0.019780359,525.0,1.88848654,0.485139125,0.1115145,0.01451736,16.70486103,2.034828767,0
RBM14-RBM4,1020,0.2,0.0,0.0,0.5,0.0,1.0,0.1,0.2,0.879588002,0.0,1.666666667,2.666666667,1.0,1.0,0.030999101,0.138683687,649122.9543,444.4009898,0.019888568,1.29e-05,10,0.0,0.0,0.0,0.0,0.0,0.0,1.0,0.0,0,2.0,0.0,18.0,5.0,0.0,0.0,0.0,0.0,0.0,2.0,0.0,0.0,4.0,0.0,0.0,0.0,24.0,0.0,25.0,18.89333333,74.98303528,21.8870142,1.820461457,0.269425,0.047259921,206.0,-0.215638571,0.012204449,91.0,0.252944983,0.037058388,297.0,2.148942713,0.543486613,0.091875924,0.009584916,20.06067439,2.32244926,0
ZNF560,2373,0.131578947,0.131578947,0.0,0.710526316,0.0,1.0,0.026315789,0.0,0.912197043,0.0,4.5,5.5,0.481463649,1.0,0.422297297,0.786336874,557412.8,642.0,-0.05164238,0.0,0,0.0,0.0,0.0,0.0,0.0,0.0,0.0,1.0,0,0.0,0.0,0.0,27.0,5.0,0.0,0.0,0.0,0.0,5.0,0.0,0.0,0.0,0.0,1.0,0.0,37.0,0.0,31.0,13.51781081,94.69157749,21.8870142,1.820461457,0.322949379,0.074594037,161.0,-0.227460287,0.014505064,209.0,0.269010946,0.042767846,370.0,1.154810352,0.917688111,0.234937134,0.019428706,20.06067439,2.32244926,0
EXOSC7,876,0.1,0.0,0.0,0.9,0.0,1.0,0.0,0.0,1.0,0.0,4.5,4.5,1.0,1.0,0.112195669,0.357624917,479577.7,326.0,0.04062947,4.22e-05,30,0.0,0.0,0.0,0.0,0.0,0.0,0.0,0.0,0,0.0,0.0,0.0,9.0,0.0,0.0,0.0,0.0,0.0,1.0,0.0,0.0,0.0,0.0,0.0,0.0,10.0,0.0,10.0,24.6446,40.5810916,24.63178645,0.622950969,0.214440789,0.012960185,114.0,-0.274951348,0.018790599,408.0,0.261736398,0.01811618,522.0,3.341839099,0.006036861,0.1115145,0.01451736,20.63299513,1.722856499,0
SCUBE2,2916,0.363636364,0.136363636,0.045454545,0.454545455,0.0,1.0,0.0,0.0,0.918456791,0.0,1.111111111,1.555555556,0.0556514,1.0,0.817661488,0.982262352,623689.2,357.0,0.03073974,0.0,0,0.0,0.0,0.0,0.0,0.0,0.0,0.0,0.0,0,0.0,0.0,1.0,9.0,3.0,0.0,0.0,0.0,0.0,8.0,1.0,0.0,0.0,0.0,0.0,0.0,22.0,0.0,17.0,20.571,142.8600537,20.98780355,6.552193104,0.19881687,0.015120525,131.0,-0.249569906,0.016282431,212.0,0.230186093,0.016402994,343.0,3.150956943,0.108768514,0.059695939,0.014057348,20.06067439,2.32244926,0
GRXCR1,873,0.074074074,0.074074074,0.0,0.851851852,0.0,1.0,0.0,0.0,0.968842975,0.0,7.666666667,8.333333333,0.676589986,1.0,0.042408821,0.176437612,32225.08,966.0,0.01814296,0.0,1,0.0,0.0,0.0,0.0,0.0,0.0,0.0,0.0,0,0.0,0.0,0.0,22.0,2.0,0.0,0.0,0.0,0.0,2.0,1.0,0.0,0.0,0.0,0.0,0.0,27.0,0.0,23.0,23.97377778,76.75335726,21.8870142,1.820461457,0.248036587,0.023368626,125.0,-0.262027818,0.019692744,220.0,0.256932746,0.021012963,344.0,0.017830977,0.017407387,0.1115145,0.01451736,20.06067439,2.32244926,0
SHROOM2,4851,0.348484848,0.03030303,0.0,0.545454545,0.0,1.0,0.075757576,0.0,0.950739519,0.0,1.5,1.791666667,0.723589001,1.0,0.868055556,0.990885037,157954.9,444.4009898,-0.000454669,0.0,1,2.0,1.0,0.0,0.0,0.0,0.0,2.0,3.0,0,0.0,0.0,0.0,38.0,3.0,0.0,0.0,0.0,0.0,23.0,0.0,0.0,2.0,3.0,3.0,0.0,63.0,1.0,49.0,8.242015873,102.9092095,23.12523823,1.001833143,0.242451375,0.038922091,80.0,-0.309107835,0.062114987,194.0,0.289646095,0.056097818,271.0,3.240346233,0.052321473,0.186190793,0.037491992,24.24683124,0.62037959,0
SPG7,2388,0.230769231,0.076923077,0.0,0.692307692,0.0,1.0,0.0,0.0,1.0,0.0,2.25,2.5,0.728332119,1.0,0.059035362,0.226082924,649122.9543,444.4009898,0.019888568,0.000153664,34,0.0,0.0,0.0,0.0,0.0,0.0,0.0,0.0,0,0.0,0.0,13.0,8.0,1.0,0.0,0.0,0.0,0.0,3.0,0.0,0.0,2.0,0.0,1.0,0.0,22.0,0.0,20.0,12.128,179.1746151,23.45233065,0.603784074,0.254712941,0.033915251,153.0,-0.294189919,0.029901005,247.0,0.279127631,0.031720326,400.0,3.558302472,0.004047217,0.055590967,0.014330711,20.06067439,2.32244926,0
ABLIM3,2052,0.25,0.0,0.05,0.7,0.0,1.0,0.0,0.0,1.0,0.0,2.333333333,2.5,0.770416025,1.0,0.04425562,0.182234595,339889.3,423.0,0.01687362,5.23e-06,7,0.0,0.0,0.0,0.0,0.0,0.0,0.0,0.0,0,0.0,0.0,2.0,14.0,0.0,0.0,0.0,0.0,0.0,5.0,1.0,0.0,0.0,0.0,0.0,0.0,22.0,0.0,20.0,20.84513636,100.9934464,22.83887853,1.798295624,0.277680802,0.014887261,187.0,-0.247195227,0.017943333,220.0,0.261202113,0.016730449,407.0,3.240166306,0.077554698,0.163454615,0.029275344,24.538396,1.919364078,0
IPP,1755,0.153846154,0.230769231,0.0,0.538461538,0.0,1.0,0.076923077,0.0,0.833699597,0.0,2.333333333,3.666666667,0.146370023,1.0,0.505050505,0.850048911,972927.7,146.0,0.02900655,7.38e-07,4,0.0,0.0,0.0,0.0,0.0,0.0,0.0,1.0,0,0.0,0.0,0.0,7.0,3.0,0.0,0.0,0.0,0.0,2.0,0.0,0.0,0.0,0.0,1.0,0.0,12.0,0.0,12.0,25.83266667,97.14429624,16.58311679,0.669846707,0.253419297,0.032653785,128.0,-0.242900893,0.019994466,168.0,0.247449392,0.025403878,295.0,3.304387715,0.004577005,0.032475119,0.005503994,17.4846391,2.118194912,0
ATRX,7479,0.108108108,0.094594595,0.027027027,0.675675676,0.0,1.0,0.081081081,0.013513514,0.872462641,0.0,5.555555556,7.333333333,0.700770848,1.0,0.720461095,0.956674252,548517.1,444.4009898,0.007779237,0.000226882,47,0.0,0.0,0.0,0.0,0.0,0.0,5.0,1.0,0,1.0,0.0,0.0,50.0,7.0,0.0,0.0,0.0,0.0,8.0,5.0,0.0,7.0,1.0,2.0,0.0,67.0,0.0,43.0,21.53429851,98.40690879,24.41845076,0.333807303,0.216783656,0.011237574,93.0,-0.275604662,0.0269625,133.0,0.251399558,0.021254525,226.0,3.737275342,0.00422917,0.228892214,0.057196034,26.03442363,0.722110036,1
PRDM15,4524,0.392857143,0.035714286,0.0,0.428571429,0.0,1.0,0.142857143,0.0,0.913750904,0.0,1.0,1.416666667,0.77579519,1.0,0.198767641,0.519900372,279379.9,366.0,0.03505425,0.0,2,0.0,0.0,0.0,0.0,0.0,0.0,2.0,1.0,0,0.0,0.0,6.0,11.0,1.0,0.0,0.0,0.0,0.0,10.0,2.0,0.0,2.0,0.0,1.0,0.0,30.0,0.0,26.0,14.49493333,149.9465408,19.03933301,1.915693186,0.242254302,0.016333776,86.0,-0.261261985,0.01925114,262.0,0.256564684,0.018548447,348.0,3.307690277,0.008927561,0.061525594,0.007006103,17.25087354,2.442114417,0
ETNK1,1359,0.125,0.0,0.0,0.875,0.0,1.0,0.0,0.0,1.0,0.0,3.5,3.5,1.0,1.0,0.119345984,0.373043153,206703.1,644.0,0.001515614,2.52e-07,2,0.0,0.0,1.0,0.0,0.0,0.0,0.0,0.0,0,0.0,0.0,1.0,7.0,0.0,0.0,0.0,0.0,0.0,1.0,0.0,0.0,0.0,0.0,0.0,0.0,10.0,0.0,9.0,19.332,69.48175489,21.87227069,0.50331635,0.311645246,0.056964084,244.0,-0.253078785,0.032232032,107.0,0.293791652,0.050039999,351.0,3.640166372,0.004410738,0.030943495,0.005187877,20.06067439,2.32244926,0
PAGE5,393,0.0,0.0,0.0,1.0,0.0,1.0,0.0,0.0,1.0,0.0,7.0,7.0,1.0,1.0,0.340020401,0.706817293,140885.8,444.4009898,0.01833536,0.0,1,0.0,0.0,0.0,0.0,0.0,0.0,0.0,0.0,0,0.0,0.0,0.0,8.0,0.0,0.0,0.0,0.0,0.0,0.0,0.0,0.0,0.0,1.0,0.0,0.0,7.0,0.0,7.0,5.325571429,62.13451962,20.31486732,2.904713414,0.254030976,0.031038438,82.0,-0.273999542,0.034967566,153.0,0.267031787,0.033549023,235.0,0.4784476,0.512360869,0.1115145,0.01451736,18.20774724,3.746866548,0
ANP32B,756,0.5,0.0,0.0,0.5,0.0,1.0,0.0,0.0,1.0,0.0,0.666666667,0.666666667,1.0,1.0,0.830564784,0.984758594,466644.5,269.0,0.04194546,0.000105428,45,0.0,0.0,0.0,0.0,0.0,0.0,0.0,0.0,0,0.0,0.0,0.0,2.0,0.0,0.0,0.0,0.0,0.0,2.0,0.0,0.0,0.0,0.0,0.0,0.0,4.0,0.0,3.0,16.7925,33.22075833,27.8834692,0.422772167,0.226511314,0.012653704,137.0,-0.242381274,0.017923776,259.0,0.236890909,0.016121025,396.0,3.49289186,0.022299932,0.053550573,0.0119082,26.5440119,3.398638503,0
OR4K14,933,0.181818182,0.181818182,0.0,0.636363636,0.0,1.0,0.0,0.0,0.947442759,0.0,2.333333333,3.0,0.091240876,1.0,0.390167772,0.75738527,420009.5,827.0,-0.05140858,0.0,0,0.0,0.0,0.0,0.0,0.0,0.0,0.0,0.0,0,0.0,0.0,0.0,7.0,2.0,0.0,0.0,0.0,0.0,2.0,0.0,0.0,0.0,0.0,0.0,0.0,11.0,0.0,11.0,20.244,121.611591,21.8870142,1.820461457,0.257694237,0.041612485,177.0,-0.28244166,0.023579806,235.0,0.271809879,0.031394897,412.0,0.009299585,0.010356678,0.1115145,0.01451736,20.06067439,2.32244926,0
ARFGEF2,5358,0.297297297,0.054054054,0.0,0.648648649,0.0,1.0,0.0,0.0,0.979247706,0.0,2.0,2.166666667,0.721500722,1.0,0.729394602,0.959548068,808419.6,174.0,0.04920429,6.64e-05,28,0.0,0.0,0.0,0.0,0.0,0.0,0.0,0.0,0,0.0,0.0,1.0,24.0,2.0,0.0,0.0,0.0,0.0,11.0,1.0,0.0,0.0,1.0,1.0,0.0,37.0,0.0,31.0,21.03045946,103.8645173,24.93297837,0.293591381,0.34322475,0.052130867,360.0,-0.237104516,0.021970535,62.0,0.327633626,0.04905182,422.0,3.716633248,0.003387574,0.1115145,0.01451736,25.30669278,0.960116865,0
LRCOL1,480,0.0,0.0,0.0,1.0,0.0,1.0,0.0,0.0,1.0,0.0,3.0,3.0,1.0,1.0,0.169147497,0.469719923,649122.9543,444.4009898,0.019888568,0.0,0,0.0,0.0,0.0,0.0,0.0,0.0,0.0,0.0,0,0.0,0.0,0.0,3.0,0.0,0.0,0.0,0.0,0.0,0.0,0.0,0.0,0.0,0.0,0.0,0.0,3.0,0.0,3.0,5.591666667,58.77585433,21.8870142,1.820461457,0.263816402,0.037068399,190.1320168,-0.262379274,0.034993589,187.6534411,0.272484272,0.039786023,377.6466786,2.84228509,0.209771735,0.1115145,0.01451736,20.06067439,2.32244926,0
FAM166A,954,0.0,0.25,0.0,0.75,0.0,1.0,0.0,0.0,0.916666667,0.0,6.0,8.0,0.131873929,1.0,0.334224599,0.700515394,1724821.0,399.0,0.04273411,0.0,0,0.0,0.0,0.0,0.0,0.0,0.0,0.0,0.0,0,0.0,0.0,3.0,6.0,2.0,0.0,0.0,0.0,0.0,0.0,1.0,0.0,1.0,0.0,0.0,0.0,11.0,0.0,10.0,13.70981818,158.224065,21.8870142,1.820461457,0.263816402,0.037068399,190.1320168,-0.262379274,0.034993589,187.6534411,0.272484272,0.039786023,377.6466786,1.297327113,0.529574144,0.1115145,0.01451736,20.06067439,2.32244926,0
GRHPR,987,0.25,0.25,0.0,0.5,0.0,1.0,0.0,0.0,1.0,0.0,1.0,1.5,0.149678192,1.0,0.16194332,0.456762572,534559.2,337.0,0.03629879,0.000132013,32,1.0,0.0,0.0,0.0,0.0,0.0,0.0,0.0,0,0.0,0.0,5.0,2.0,1.0,0.0,0.0,0.0,0.0,1.0,0.0,0.0,0.0,0.0,0.0,0.0,10.0,0.0,10.0,12.7164,239.5284685,26.88294823,0.322543859,0.266936111,0.036087023,180.0,-0.266364333,0.027802119,300.0,0.26657875,0.030840183,480.0,3.537617087,0.004217235,0.0795878,0.006309053,19.80699808,3.220020999,0
BTD,1632,0.2,0.1,0.1,0.6,0.0,1.0,0.0,0.0,0.939794001,0.0,2.0,2.666666667,0.084345479,1.0,0.996015936,0.999992053,433102.1,235.0,0.03218995,2.93e-05,7,0.0,0.0,0.0,0.0,0.0,0.0,0.0,0.0,0,0.0,0.0,0.0,6.0,1.0,0.0,0.0,0.0,0.0,2.0,1.0,0.0,0.0,0.0,0.0,0.0,10.0,0.0,9.0,11.5438,144.1819495,24.05931359,0.434806706,0.239548603,0.024569985,136.0,-0.269947831,0.017056206,378.0,0.261904455,0.019180436,514.0,3.45962276,0.006210054,0.071296982,0.012488581,20.06067439,2.32244926,0
CALD1,2382,0.181818182,0.090909091,0.045454545,0.636363636,0.0,1.0,0.0,0.045454545,0.9311481,0.0,2.8,3.6,0.202634245,1.0,0.665778961,0.936616214,390559.0,513.0,0.0170451,6.57e-05,29,0.0,0.0,0.0,0.0,0.0,0.0,0.0,0.0,0,1.0,0.0,6.0,14.0,2.0,0.0,0.0,0.0,0.0,4.0,1.0,0.0,1.0,0.0,0.0,0.0,27.0,0.0,27.0,20.85718519,117.7425418,28.64090596,1.734667871,0.30540118,0.029737681,339.0,-0.252327611,0.022227934,113.0,0.292132788,0.028336117,452.0,3.816578546,0.009393493,0.1115145,0.01451736,29.61187283,1.045470941,0
PTN,507,0.3,0.0,0.0,0.7,0.0,1.0,0.0,0.0,1.0,0.0,1.75,1.75,1.0,1.0,0.179179359,0.487254609,189251.4,879.0,-0.02560927,0.000701303,95,1.0,0.0,3.0,0.0,0.0,0.0,0.0,0.0,0,0.0,0.0,0.0,8.0,0.0,0.0,0.0,0.0,0.0,2.0,2.0,0.0,0.0,0.0,0.0,0.0,16.0,0.0,13.0,17.6825625,89.7517528,22.95109516,2.877554441,0.302296598,0.028685621,338.0,-0.249143565,0.022022562,115.0,0.288803002,0.027477984,453.0,3.182163462,0.124381366,0.1115145,0.01451736,20.06067439,2.32244926,0
CHRNE,1482,0.4,0.0,0.1,0.4,0.0,1.0,0.1,0.0,0.939794001,0.0,0.8,1.2,0.641848524,1.0,0.390472472,0.757671928,1416161.0,231.0,0.0299059,0.0,1,0.0,0.0,0.0,0.0,0.0,0.0,1.0,0.0,0,0.0,0.0,5.0,4.0,0.0,0.0,0.0,0.0,0.0,4.0,1.0,0.0,1.0,0.0,0.0,0.0,14.0,0.0,13.0,15.62907143,99.81949992,21.8870142,1.820461457,0.23532631,0.024231185,84.0,-0.276340748,0.019982474,428.0,0.269611816,0.020864629,512.0,2.491767458,0.104788667,0.653243872,0.032515133,20.06067439,2.32244926,0
ESRP2,2154,0.357142857,0.071428571,0.0,0.428571429,0.0,1.0,0.142857143,0.0,0.910795072,0.0,1.0,1.5,0.536193029,1.0,0.797448166,0.977941341,910198.2,281.0,0.02969501,6.2e-07,4,0.0,0.0,0.0,0.0,0.0,0.0,0.0,2.0,0,0.0,0.0,0.0,6.0,1.0,0.0,0.0,0.0,0.0,5.0,0.0,0.0,0.0,0.0,2.0,0.0,12.0,0.0,12.0,18.48791667,84.57904954,24.30548148,1.11174979,0.237919812,0.020143919,160.0,-0.310234286,0.032814756,210.0,0.278963162,0.028552986,370.0,3.370111393,0.089239362,0.320825977,0.030016571,22.85131998,1.162238114,0
JUNB,1044,0.2,0.0,0.0,0.6,0.0,1.0,0.2,0.0,0.939794001,0.0,2.0,2.666666667,1.0,1.0,0.12733987,0.389774051,1937827.0,226.0,0.03240132,0.000379849,41,0.0,0.0,0.0,0.0,0.0,0.0,2.0,0.0,0,0.0,0.0,0.0,6.0,0.0,0.0,0.0,0.0,0.0,2.0,0.0,0.0,2.0,0.0,0.0,0.0,8.0,0.0,10.0,23.555,73.03462857,22.86601565,0.755526803,0.333719396,0.060226038,182.0,-0.219661106,0.012289957,199.0,0.274145643,0.038344717,381.0,3.682557212,0.014233627,0.048818784,0.011336736,22.5513769,1.013566981,0
CCDC166,1320,0.333333333,0.033333333,0.0,0.633333333,0.0,1.0,0.0,0.0,1.0,0.0,1.727272727,1.818181818,0.482160077,1.0,0.403388463,0.769606798,649122.9543,444.4009898,0.019888568,0.0,0,0.0,0.0,0.0,0.0,0.0,0.0,0.0,0.0,0,0.0,0.0,0.0,20.0,1.0,0.0,0.0,0.0,0.0,10.0,0.0,0.0,0.0,1.0,0.0,0.0,30.0,0.0,27.0,13.00606667,86.31587331,21.8870142,1.820461457,0.362390512,0.065449124,449.0,-0.254726892,0.022612775,74.0,0.347157036,0.060743949,523.0,0.329909948,0.34024638,0.735190477,0.019940768,20.06067439,2.32244926,0
FGFR1OP,1200,0.0,0.0,0.0,0.666666667,0.0,1.0,0.333333333,0.0,1.0,0.0,2.0,3.0,1.0,1.0,0.692041522,0.946788458,169080.9,639.0,0.03504847,1.76e-05,18,0.0,0.0,0.0,0.0,0.0,0.0,1.0,0.0,0,0.0,0.0,0.0,2.0,0.0,0.0,0.0,0.0,0.0,0.0,0.0,0.0,1.0,0.0,0.0,0.0,2.0,0.0,3.0,16.07,7.5272,22.78115962,0.575375957,0.263816402,0.037068399,190.1320168,-0.262379274,0.034993589,187.6534411,0.272484272,0.039786023,377.6466786,3.477386105,0.005368928,0.044285444,0.012133515,23.21619305,1.793817676,0
ADAM30,2373,0.222222222,0.055555556,0.0,0.722222222,0.0,1.0,0.0,0.0,1.0,0.0,2.6,2.8,0.82781457,1.0,0.34270048,0.709697892,390094.2,560.0,0.009313993,0.0,0,0.0,0.0,0.0,0.0,0.0,0.0,0.0,0.0,0,0.0,0.0,0.0,13.0,1.0,0.0,0.0,0.0,0.0,4.0,0.0,0.0,0.0,0.0,0.0,0.0,18.0,0.0,14.0,10.46322222,78.42479818,21.8870142,1.820461457,0.273854125,0.087109522,160.0,-0.316791571,0.628769889,140.0,0.2938916,0.339087244,300.0,0.239492939,0.243044928,0.7617327,0.032139975,20.06067439,2.32244926,0
ATP7A,4503,0.12195122,0.024390244,0.0,0.829268293,0.0,1.0,0.024390244,0.0,0.990895004,0.0,5.666666667,6.0,0.987166831,1.0,0.00856,0.049311208,549429.0,444.4009898,0.01881983,1.23e-05,9,0.0,0.0,0.0,0.0,0.0,0.0,1.0,0.0,0,0.0,0.0,3.0,34.0,1.0,0.0,0.0,0.0,0.0,5.0,1.0,0.0,1.0,1.0,0.0,0.0,43.0,0.0,33.0,20.39569767,81.42268569,22.77821167,0.540031752,0.216783656,0.011237574,93.0,-0.276200462,0.027298382,130.0,0.251421256,0.021381745,223.0,3.488340583,0.011860453,0.171891234,0.018724625,22.50639498,0.579100686,0
SH2B2,1768,0.5,0.0,0.0,0.45,0.0,1.0,0.05,0.0,0.976862179,0.0,0.818181818,0.909090909,1.0,1.0,0.847457627,0.9877241,574073.1,361.0,0.04495467,2.14e-06,15,0.0,0.0,0.0,0.0,0.0,0.0,1.0,0.0,0,0.0,0.0,4.0,13.0,0.0,0.0,0.0,0.0,0.0,6.0,0.0,0.0,1.0,0.0,0.0,0.0,23.0,0.0,18.0,14.73713043,76.84979039,19.83605599,1.755996271,0.330656226,0.051954354,371.0,-0.238468807,0.016763447,109.0,0.309722,0.04540615,480.0,2.844866718,0.038726161,0.1115145,0.01451736,21.06979107,1.462940339,0
SYCE1,1056,0.166666667,0.0,0.166666667,0.666666667,0.0,1.0,0.0,0.0,1.0,0.0,2.0,2.5,0.611620795,1.0,0.587889477,0.900185957,563924.4,525.0,-0.01043021,6.35e-05,30,0.0,0.0,1.0,0.0,0.0,0.0,0.0,0.0,0,0.0,0.0,12.0,5.0,0.0,0.0,0.0,0.0,0.0,1.0,2.0,0.0,0.0,0.0,0.0,0.0,21.0,0.0,20.0,12.5987619,62.00307709,18.44895831,3.22266405,0.263816402,0.037068399,190.1320168,-0.262379274,0.034993589,187.6534411,0.272484272,0.039786023,377.6466786,1.913597645,0.425534388,0.881040054,0.048149444,16.69245092,5.084350197,0
TTC27,2532,0.277777778,0.166666667,0.055555556,0.5,0.0,1.0,0.0,0.0,0.893416682,0.0,1.5,2.166666667,0.185356812,1.0,0.562746201,0.886283933,358024.3,636.0,0.01659661,1.27e-05,22,0.0,0.0,0.0,0.0,0.0,0.0,0.0,0.0,0,0.0,0.0,0.0,9.0,3.0,0.0,0.0,0.0,0.0,4.0,2.0,0.0,0.0,0.0,0.0,0.0,18.0,0.0,15.0,24.54744444,216.0120426,23.43599785,0.259202098,0.241872939,0.021605803,228.0,-0.224445493,0.017885098,71.0,0.237734649,0.020714488,299.0,3.408049589,0.002590291,0.038690108,0.007907963,17.78529976,1.260902393,0
NCR3,606,0.0,0.0,0.0,1.0,0.0,1.0,0.0,0.0,1.0,0.0,3.0,3.0,1.0,1.0,0.396039604,0.762867748,2517285.0,220.0,0.03488692,4.96e-07,2,0.0,0.0,0.0,0.0,0.0,0.0,0.0,0.0,0,0.0,0.0,1.0,3.0,0.0,0.0,0.0,0.0,0.0,0.0,0.0,0.0,0.0,0.0,0.0,0.0,4.0,0.0,4.0,14.38625,92.28676558,21.8870142,1.820461457,0.254469293,0.02359355,184.0,-0.255658788,0.024827345,132.0,0.254966171,0.024032097,316.0,1.907983388,0.399880414,0.1115145,0.01451736,20.06067439,2.32244926,0
ITGA9,3108,0.1875,0.125,0.0,0.6875,0.0,1.0,0.0,0.0,0.9375,0.0,3.142857143,3.714285714,0.093274881,1.0,0.52742616,0.86484515,477042.4,601.0,0.01751559,9.66e-08,2,0.0,0.0,0.0,0.0,0.0,0.0,0.0,0.0,0,0.0,0.0,1.0,23.0,4.0,0.0,0.0,0.0,0.0,6.0,0.0,0.0,0.0,1.0,0.0,0.0,33.0,0.0,28.0,20.93839394,124.200015,21.0277135,1.860878944,0.232825574,0.01996342,122.0,-0.27335762,0.017777277,395.0,0.263792998,0.018552233,517.0,3.432530047,0.02681792,0.1115145,0.01451736,17.87897031,2.856914007,0
AOC3,2292,0.307692308,0.153846154,0.0,0.384615385,0.0,1.0,0.153846154,0.0,0.833699597,0.0,1.0,1.8,0.075103267,1.0,0.934579439,0.997811821,1629499.0,190.0,0.02335529,2.74e-07,2,0.0,0.0,0.0,0.0,0.0,0.0,2.0,0.0,0,0.0,0.0,0.0,6.0,2.0,0.0,0.0,0.0,0.0,4.0,0.0,0.0,2.0,1.0,0.0,0.0,11.0,0.0,14.0,16.55172727,191.881668,25.49042913,5.004209186,0.291380213,0.066602427,188.0,-0.271695628,0.021950946,183.0,0.281670566,0.044555834,371.0,3.183462134,0.094065534,0.1115145,0.01451736,17.15300198,2.517435564,0
SYNDIG1L,717,0.333333333,0.0,0.0,0.666666667,0.0,1.0,0.0,0.0,1.0,0.0,1.5,1.5,1.0,1.0,0.871839582,0.991412239,604423.3,384.0,0.04524101,0.0,0,0.0,0.0,0.0,0.0,0.0,0.0,0.0,0.0,0,0.0,0.0,0.0,6.0,0.0,0.0,0.0,0.0,0.0,3.0,0.0,0.0,0.0,0.0,0.0,0.0,9.0,0.0,9.0,14.04922222,41.94008244,21.8870142,1.820461457,0.234814336,0.020587073,143.0,-0.285368121,0.023000193,282.0,0.268358259,0.022709703,425.0,1.666751398,0.563835899,0.059062125,0.013438883,20.06067439,2.32244926,0
OR52J3,936,0.2,0.0,0.0,0.8,0.0,1.0,0.0,0.0,0.965545875,0.0,3.333333333,3.333333333,1.0,1.0,0.050102711,0.200094202,97255.85,1024.0,-0.01084784,0.0,0,0.0,0.0,0.0,0.0,0.0,0.0,0.0,0.0,0,0.0,0.0,0.0,20.0,0.0,0.0,0.0,0.0,0.0,5.0,0.0,0.0,0.0,0.0,0.0,0.0,25.0,0.0,22.0,16.60448,53.79907251,21.8870142,1.820461457,0.189791508,0.006088107,126.0,-0.250152876,0.016185971,226.0,0.22854625,0.013383497,352.0,0.012358241,0.01373483,0.1115145,0.01451736,20.06067439,2.32244926,0
RNF43,2352,0.113207547,0.075471698,0.018867925,0.245283019,0.0,1.0,0.547169811,0.0,0.430219844,0.0,1.857142857,6.714285714,0.032740726,1.0,0.585480094,0.89890111,782135.2,399.0,0.02221837,9.47e-06,17,0.0,0.0,0.0,0.0,0.0,0.0,26.0,2.0,0,0.0,0.0,1.0,13.0,4.0,0.0,0.0,0.0,0.0,6.0,2.0,0.0,26.0,1.0,2.0,0.0,25.0,0.0,50.0,20.09196,127.7884885,21.8870142,1.820461457,0.262414706,0.026964755,221.0,-0.241284698,0.016576194,149.0,0.253905595,0.022832678,370.0,3.314410222,0.132476948,0.1115145,0.01451736,20.06067439,2.32244926,1
PEX6,2943,0.181818182,0.045454545,0.0,0.545454545,0.0,1.0,0.227272727,0.0,0.841910397,0.0,2.4,3.6,0.637755102,1.0,0.143000143,0.421122501,1200368.0,259.0,0.04042605,4.21e-06,8,0.0,0.0,0.0,0.0,0.0,0.0,4.0,1.0,0,0.0,0.0,0.0,12.0,1.0,0.0,0.0,0.0,0.0,4.0,0.0,0.0,4.0,0.0,1.0,0.0,17.0,0.0,19.0,22.49988235,156.7408864,22.7001947,1.298979018,0.310301344,0.065963111,186.0,-0.252177364,0.019647956,129.0,0.28649819,0.04769252,315.0,3.352920922,0.012886999,0.073821395,0.01460193,20.06067439,2.32244926,0
ZDHHC13,1869,0.125,0.125,0.0,0.75,0.0,1.0,0.0,0.0,1.0,0.0,3.0,3.5,0.654022237,1.0,0.129769011,0.394757234,194027.2,625.0,0.0111427,4.21e-08,2,0.0,0.0,0.0,0.0,0.0,0.0,0.0,0.0,0,0.0,0.0,0.0,6.0,1.0,0.0,0.0,0.0,0.0,1.0,0.0,0.0,0.0,0.0,0.0,0.0,8.0,0.0,8.0,25.07075,132.9705588,23.09293668,0.899317652,0.230036026,0.025591889,151.0,-0.248476313,0.016967298,179.0,0.240038485,0.020932566,330.0,3.413222193,0.012307035,0.066688102,0.010423699,15.15773132,1.046590759,0
MYOD1,963,0.4,0.0,0.05,0.5,0.0,1.0,0.05,0.0,0.953724357,0.0,1.111111111,1.333333333,0.460829493,1.0,0.823045267,0.983328458,391397.6,626.0,0.01695203,0.000243168,69,0.0,0.0,0.0,0.0,0.0,0.0,0.0,1.0,0,0.0,0.0,0.0,10.0,0.0,0.0,0.0,0.0,0.0,8.0,1.0,0.0,0.0,0.0,1.0,0.0,19.0,0.0,20.0,19.38152632,79.1067956,21.8870142,1.820461457,0.240718437,0.034661528,160.0,-0.245549543,0.016408977,175.0,0.243242149,0.025054778,335.0,0.4230305,0.587177033,0.14648546,0.018167482,13.3384366,0.30555257,1
VHL,642,0.011764706,0.129411765,0.094117647,0.388235294,0.070588235,0.942872227,0.352941176,0.023529412,0.455522171,0.0,16.5,42.0,0.0,0.09373,0.00047,0.000485911,825905.1,170.0,0.03929245,0.003782106,296,0.0,0.0,0.0,0.0,0.0,0.0,22.0,8.0,0,1.0,1.0,0.0,31.0,11.0,1.0,0.0,0.0,0.0,1.0,11.0,0.0,24.0,1.0,9.0,0.0,53.0,0.0,87.0,28.39830189,44.44812206,20.67244239,2.157874349,0.229166947,0.018436961,131.0,-0.270620236,0.017386578,382.0,0.260034698,0.017946709,513.0,3.558603816,0.003219693,0.024749495,0.004276202,17.37194072,1.310194484,1
TELO2,2514,0.272727273,0.0,0.0,0.681818182,0.0,1.0,0.045454545,0.0,1.0,0.0,2.142857143,2.285714286,1.0,1.0,0.325945241,0.691338293,1254229.0,256.0,0.03446509,1.85e-05,31,0.0,0.0,0.0,0.0,0.0,0.0,0.0,1.0,0,0.0,0.0,0.0,14.0,0.0,0.0,0.0,0.0,0.0,6.0,0.0,0.0,0.0,0.0,1.0,0.0,20.0,0.0,20.0,11.7109,85.71550346,22.68647505,0.294814437,0.24468365,0.016848267,200.0,-0.240367947,0.01804497,151.0,0.242827037,0.01731758,351.0,3.34754695,0.012713884,0.031087754,0.006344543,20.80414512,1.598482307,0
ODF3,765,0.4,0.2,0.0,0.4,0.0,1.0,0.0,0.0,1.0,0.0,0.666666667,1.0,0.151034587,1.0,0.800640512,0.978657511,1233553.0,437.0,0.01723723,0.0,0,0.0,0.0,0.0,0.0,0.0,0.0,0.0,0.0,0,0.0,0.0,3.0,2.0,1.0,0.0,0.0,0.0,0.0,2.0,0.0,0.0,0.0,0.0,0.0,0.0,8.0,0.0,8.0,14.535625,176.1350288,21.8870142,1.820461457,0.20036918,0.010244252,122.0,-0.25874974,0.017779706,231.0,0.23857289,0.015911904,353.0,0.916012234,0.558554388,0.1115145,0.01451736,20.06067439,2.32244926,0
ZFP41,600,0.363636364,0.0,0.0,0.545454545,0.0,1.0,0.090909091,0.0,0.947442759,0.0,1.2,1.4,1.0,1.0,1.0,1.0,1657385.0,389.0,0.01935136,6.37e-05,43,0.0,0.0,0.0,0.0,0.0,0.0,1.0,0.0,0,0.0,0.0,0.0,6.0,0.0,0.0,0.0,0.0,0.0,4.0,0.0,0.0,1.0,0.0,0.0,0.0,10.0,0.0,11.0,9.7483,91.60547623,21.8870142,1.820461457,0.362184778,0.065322405,450.0,-0.255153562,0.023751191,73.0,0.34724543,0.060841734,523.0,3.218557732,0.017166333,0.065311094,0.015106505,20.06067439,2.32244926,0
ZBED4,3516,0.3,0.033333333,0.0,0.533333333,0.0,1.0,0.133333333,0.0,0.921133759,0.0,1.6,2.1,0.572737686,1.0,0.800640512,0.978657511,649122.9543,444.4009898,0.019888568,1.34e-06,5,0.0,0.0,0.0,0.0,0.0,0.0,4.0,0.0,0,0.0,0.0,0.0,16.0,1.0,0.0,0.0,0.0,0.0,9.0,0.0,0.0,4.0,0.0,0.0,0.0,26.0,0.0,27.0,11.44265385,125.0382,17.86623298,1.00195763,0.24022254,0.02172192,125.0,-0.306515331,0.03029046,312.0,0.287660045,0.028695171,437.0,3.482366863,0.006009866,0.04061645,0.006323128,21.57431963,1.250424581,0
POU2AF1,771,0.5,0.0,0.0,0.5,0.0,1.0,0.0,0.0,1.0,0.0,0.8,0.8,1.0,1.0,0.944287063,0.998418382,238939.8,567.0,0.019144,5.03e-06,12,0.0,0.0,0.0,0.0,0.0,0.0,0.0,0.0,0,0.0,0.0,0.0,5.0,0.0,0.0,0.0,0.0,0.0,4.0,0.0,0.0,0.0,1.0,0.0,0.0,8.0,0.0,9.0,13.88375,47.6336065,19.32853776,2.773292215,0.204971028,0.013904561,107.0,-0.2772875,0.019706641,224.0,0.253910272,0.018930756,331.0,3.085890199,0.162684378,0.1115145,0.01451736,16.66630459,0.896666652,0
ABCC12,4080,0.163265306,0.020408163,0.020408163,0.755102041,0.0,1.0,0.040816327,0.0,0.956382793,0.0,4.111111111,4.555555556,0.834028357,1.0,0.016082342,0.08250295,229669.5,628.0,-0.02667716,0.0,1,0.0,0.0,0.0,0.0,0.0,0.0,1.0,1.0,0,0.0,0.0,0.0,34.0,1.0,0.0,0.0,0.0,0.0,8.0,3.0,0.0,1.0,0.0,1.0,0.0,46.0,0.0,37.0,18.05936957,95.24370246,21.8870142,1.820461457,0.251661444,0.032579587,180.0,-0.292233575,0.02876427,178.0,0.271891003,0.031004252,357.0,0.808033091,0.997409213,0.1115145,0.01451736,20.06067439,2.32244926,0
CHSY3,2649,0.305555556,0.055555556,0.0,0.583333333,0.0,1.0,0.055555556,0.0,0.935524532,0.0,1.75,2.083333333,0.436490615,1.0,0.705218618,0.951514406,12401.12,1069.0,-0.007694442,2.01e-07,3,1.0,0.0,0.0,0.0,0.0,0.0,2.0,0.0,0,0.0,0.0,0.0,21.0,2.0,0.0,0.0,0.0,0.0,11.0,0.0,0.0,2.0,0.0,0.0,0.0,35.0,0.0,28.0,19.6216,90.14286442,18.0959808,2.275377186,0.266593588,0.015423855,169.0,-0.255075911,0.018002535,247.0,0.259771367,0.016943781,416.0,3.036056324,0.04557282,0.045719562,0.00656441,16.6869968,1.385318388,0
IRF2BPL,2391,0.363636364,0.0,0.0,0.545454545,0.0,1.0,0.090909091,0.0,0.979614198,0.0,1.333333333,1.555555556,1.0,1.0,0.132100396,0.399497103,429724.0,206.0,0.05212419,1.83e-05,15,0.0,0.0,0.0,0.0,0.0,0.0,1.0,1.0,0,0.0,0.0,0.0,13.0,0.0,0.0,0.0,0.0,0.0,8.0,0.0,0.0,1.0,1.0,1.0,0.0,20.0,0.0,20.0,18.9476,100.6961837,24.41486422,0.900662357,0.23920269,0.023589775,145.0,-0.286269424,0.023088242,278.0,0.270135437,0.023704921,423.0,3.440701046,0.014723298,0.051725618,0.003870504,26.29926322,0.524364388,0
CCDC91,1326,0.0,0.1,0.1,0.6,0.0,1.0,0.2,0.0,0.759176003,0.0,6.0,10.0,0.228519196,1.0,0.366032211,0.733907006,96899.96,922.0,-0.004789104,4.16e-06,8,0.0,0.0,0.0,0.0,0.0,0.0,1.0,1.0,0,0.0,0.0,0.0,6.0,1.0,0.0,0.0,0.0,0.0,0.0,1.0,0.0,1.0,0.0,1.0,0.0,8.0,0.0,10.0,26.55,58.68571429,24.31188346,0.708910924,0.352056538,0.110078212,258.0,-0.246711477,0.033698186,88.0,0.325417557,0.09271364,345.0,3.4221844,0.007017976,0.044589802,0.008281566,18.35458966,1.451560849,0
ATXN3L,1068,0.090909091,0.181818182,0.0,0.727272727,0.0,1.0,0.0,0.0,0.947442759,0.0,4.0,5.0,0.448229494,1.0,0.254258835,0.602441519,295242.7,444.4009898,0.0400676,1.97e-06,7,0.0,0.0,0.0,0.0,0.0,0.0,0.0,0.0,0,0.0,0.0,0.0,8.0,2.0,0.0,0.0,0.0,0.0,1.0,0.0,0.0,0.0,0.0,0.0,0.0,11.0,0.0,8.0,15.42336364,93.02128805,21.8870142,1.820461457,0.238641341,0.038621892,82.0,-0.285378289,0.043748719,187.0,0.271131338,0.042500562,269.0,0.4348479,0.446248177,0.1115145,0.01451736,20.06067439,2.32244926,0
MYL7,528,0.2,0.0,0.0,0.8,0.0,1.0,0.0,0.0,1.0,0.0,2.0,2.0,1.0,1.0,0.240269101,0.582891814,1151124.0,282.0,0.05565149,0.0,1,0.0,0.0,0.0,0.0,0.0,0.0,0.0,0.0,0,0.0,0.0,4.0,4.0,0.0,0.0,0.0,0.0,0.0,1.0,0.0,0.0,0.0,1.0,0.0,0.0,8.0,0.0,9.0,16.445875,117.4745921,17.10972104,3.787739638,0.307166397,0.056271949,408.0,-0.255945303,0.019499781,66.0,0.300034346,0.051414833,474.0,0.529923998,0.591583534,0.1115145,0.01451736,16.82437775,3.127691767,0
APP,2313,0.210526316,0.052631579,0.105263158,0.631578947,0.0,1.0,0.0,0.0,0.941087216,0.0,2.4,3.0,0.225988701,1.0,0.542888165,0.874512453,529745.3,793.0,-0.01309097,0.098647023,1983,0.0,0.0,0.0,0.0,0.0,0.0,0.0,0.0,0,0.0,0.0,0.0,11.0,1.0,0.0,0.0,0.0,0.0,4.0,2.0,0.0,0.0,0.0,0.0,0.0,18.0,0.0,15.0,23.29444444,86.62975273,25.24807697,0.601309814,0.239564512,0.016978217,82.0,-0.26166772,0.019983555,250.0,0.256208494,0.019278875,332.0,3.932493262,0.003209499,0.020998149,0.001045412,20.53972461,1.927390382,0
ZNF136,1623,0.157894737,0.210526316,0.0,0.526315789,0.0,1.0,0.052631579,0.0,0.820568799,0.052631579,2.5,4.0,0.282645562,1.0,0.386249517,0.753677752,1114898.0,721.0,-0.01352002,2.89e-06,6,0.0,0.0,0.0,0.0,0.0,0.0,1.0,0.0,0,0.0,0.0,0.0,10.0,4.0,0.0,0.0,0.0,0.0,3.0,1.0,0.0,1.0,0.0,0.0,0.0,18.0,0.0,16.0,19.29622222,95.88117912,18.88779889,5.029189788,0.32958,0.066716598,172.0,-0.222531122,0.013019274,205.0,0.271524392,0.040335133,377.0,3.344555477,0.007201736,0.036788885,0.005977101,17.80503827,1.883424158,0
PCDH12,3555,0.333333333,0.1,0.033333333,0.533333333,0.0,1.0,0.0,0.0,0.945654654,0.0,1.454545455,1.818181818,0.05343593,1.0,0.818330606,0.982396776,696238.9,321.0,0.0481187,0.0,0,0.0,0.0,0.0,0.0,0.0,0.0,0.0,0.0,0,0.0,0.0,0.0,15.0,3.0,0.0,0.0,0.0,0.0,10.0,1.0,0.0,0.0,0.0,0.0,0.0,29.0,0.0,26.0,17.40810345,123.8152116,20.16156258,3.847669508,0.269152353,0.015085646,187.0,-0.252548578,0.017226823,225.0,0.260084757,0.01628441,412.0,3.310621025,0.026954073,0.1115145,0.01451736,21.34450386,3.334580637,0
GPR152,1413,0.235294118,0.0,0.0,0.764705882,0.0,1.0,0.0,0.0,0.971217583,0.0,2.6,2.6,1.0,1.0,0.019642892,0.096840239,1392213.0,215.0,0.05339369,0.0,0,0.0,0.0,0.0,0.0,0.0,0.0,0.0,0.0,0,0.0,0.0,0.0,14.0,0.0,0.0,0.0,0.0,0.0,4.0,0.0,0.0,0.0,0.0,0.0,0.0,17.0,1.0,17.0,14.12094118,126.5985059,21.8870142,1.820461457,0.292942442,0.063809413,217.0,-0.223552558,0.01497133,86.0,0.273247624,0.050834281,303.0,1.362462318,0.62131524,0.1115145,0.01451736,20.06067439,2.32244926,0
FOXO1,1968,0.222222222,0.111111111,0.0,0.666666667,0.0,1.0,0.0,0.0,1.0,0.0,2.0,2.333333333,0.204666394,1.0,0.036969943,0.158883879,237875.7,449.0,0.0551531,7.45e-05,34,0.0,0.0,0.0,0.0,0.0,0.0,0.0,0.0,0,0.0,0.0,1.0,6.0,1.0,0.0,0.0,0.0,0.0,2.0,0.0,0.0,0.0,0.0,0.0,0.0,10.0,0.0,10.0,21.117,150.3885658,21.61793132,1.23684532,0.292542143,0.033649796,168.0,-0.292126386,0.02586732,321.0,0.292269223,0.028477618,489.0,3.500822352,0.018622501,0.047123306,0.012276178,23.42540623,0.603827423,1
COX16,321,0.0,0.0,0.0,1.0,0.0,1.0,0.0,0.0,1.0,0.0,1.0,1.0,1.0,1.0,0.599161174,0.906066294,500895.7,549.0,0.03229876,3.8e-06,6,0.0,0.0,0.0,0.0,0.0,0.0,0.0,0.0,0,0.0,0.0,0.0,1.0,0.0,0.0,0.0,0.0,0.0,0.0,0.0,0.0,0.0,0.0,0.0,0.0,1.0,0.0,1.0,18.08,0.0,18.5572888,1.621356762,0.230398913,0.024924314,138.0,-0.284043171,0.022166064,287.0,0.266624565,0.023637501,425.0,3.369257395,0.007867982,0.063262359,0.00292958,20.06067439,2.32244926,0
SEC61G,207,0.0,0.0,0.0,1.0,0.0,1.0,0.0,0.0,1.0,0.0,1.0,1.0,1.0,1.0,0.093475416,0.315017462,277855.9,325.0,-0.01089243,1.59e-07,3,0.0,0.0,1.0,0.0,0.0,0.0,0.0,0.0,0,0.0,0.0,0.0,1.0,0.0,0.0,0.0,0.0,0.0,0.0,0.0,0.0,0.0,0.0,0.0,0.0,2.0,0.0,2.0,17.6205,228.1034405,22.52823501,1.115959908,0.69994629,1.423381229,407.0,-0.239114677,0.015256283,62.0,0.639026119,1.261216893,469.0,3.501268343,0.013158426,0.087962221,0.004019621,15.48770747,0.834960567,0
SHOX2,1068,0.133333333,0.066666667,0.0,0.733333333,0.0,1.0,0.066666667,0.0,0.965872263,0.0,3.666666667,4.333333333,0.602409639,1.0,0.158152776,0.44981714,162818.7,946.0,-0.007621409,3.34e-06,5,0.0,0.0,0.0,0.0,0.0,0.0,1.0,0.0,0,0.0,0.0,4.0,10.0,1.0,0.0,0.0,0.0,0.0,2.0,1.0,0.0,1.0,0.0,0.0,0.0,18.0,0.0,16.0,23.4815,77.13296756,21.8870142,1.820461457,0.356921583,0.066882263,360.0,-0.245256667,0.020456793,63.0,0.340290638,0.06148722,423.0,2.518302353,0.470340713,0.266052889,0.026398478,16.26695826,6.027285862,0
UGT1A1,1602,0.0,0.0,0.0,1.0,0.0,1.0,0.0,0.0,1.0,0.0,5.0,5.0,1.0,1.0,0.00114,0.008865469,649122.9543,444.4009898,0.019888568,0.00010425,4,0.0,0.0,0.0,0.0,0.0,0.0,0.0,0.0,0,0.0,0.0,0.0,4.0,0.0,0.0,0.0,0.0,0.0,0.0,0.0,0.0,0.0,0.0,0.0,0.0,4.0,0.0,4.0,22.925,16.82916667,18.34513934,4.97837912,0.212122214,0.012953263,131.0,-0.263721745,0.019021256,149.0,0.239580536,0.016790952,280.0,1.998986943,1.390350246,0.1115145,0.01451736,20.06067439,2.32244926,1
HARS2,1521,0.222222222,0.111111111,0.0,0.666666667,0.0,1.0,0.0,0.0,0.929896694,0.0,2.0,2.333333333,0.565291125,1.0,0.852514919,0.988546095,774470.0,356.0,0.03119387,1.6e-05,13,0.0,0.0,0.0,0.0,0.0,0.0,0.0,0.0,0,0.0,0.0,2.0,6.0,1.0,0.0,0.0,0.0,0.0,2.0,0.0,0.0,0.0,0.0,0.0,0.0,11.0,0.0,11.0,19.867,104.620103,24.73271206,0.634490078,0.258425137,0.013232975,183.0,-0.247276295,0.016092809,224.0,0.252289165,0.014802012,407.0,3.485826359,0.002259772,0.079181997,0.008855036,22.18471355,1.72647366,0
OPRD1,1119,0.6,0.0,0.0,0.4,0.0,1.0,0.0,0.0,1.0,0.0,0.571428571,0.571428571,1.0,1.0,0.721500722,0.957014358,765350.3,208.0,0.02748206,4.9e-05,18,0.0,0.0,0.0,0.0,0.0,0.0,0.0,0.0,0,0.0,0.0,0.0,4.0,0.0,0.0,0.0,0.0,0.0,6.0,0.0,0.0,0.0,0.0,0.0,0.0,10.0,0.0,10.0,15.2314,71.74491738,21.8870142,1.820461457,0.209818952,0.011334183,105.0,-0.250295248,0.016344821,242.0,0.238047378,0.015138231,347.0,2.523112866,0.248206999,0.1115145,0.01451736,20.06067439,2.32244926,0
SCOC,480,1.0,0.0,0.0,0.0,0.0,1.0,0.0,0.0,1.0,0.0,0.0,0.0,1.0,1.0,1.0,1.0,186460.8,708.0,0.002790885,1.16e-05,10,0.0,0.0,0.0,0.0,0.0,0.0,0.0,0.0,0,0.0,0.0,15.0,0.0,0.0,0.0,0.0,0.0,0.0,1.0,0.0,0.0,0.0,0.0,0.0,0.0,16.0,0.0,14.0,7.89175,39.08456687,23.68264695,1.176741131,0.222006932,0.018512949,88.0,-0.271682677,0.02419781,254.0,0.258900614,0.02314942,342.0,3.540555569,0.010213977,0.082509507,0.009668979,20.06067439,2.32244926,0
SYVN1,1854,0.0,0.0,0.0,0.833333333,0.0,1.0,0.083333333,0.083333333,1.0,0.0,10.0,12.0,1.0,1.0,0.084267296,0.292724483,3292261.0,168.0,0.04996128,0.005670476,86,1.0,0.0,0.0,0.0,0.0,0.0,1.0,0.0,0,1.0,0.0,0.0,10.0,0.0,0.0,0.0,0.0,0.0,0.0,0.0,0.0,2.0,0.0,0.0,0.0,11.0,0.0,12.0,24.37490909,70.36914509,24.71530014,0.593431022,0.23020503,0.023696727,167.0,-0.255096695,0.052076053,118.0,0.240511053,0.03545562,285.0,3.409181527,0.01105617,0.034345592,0.009096734,21.02257013,0.485072159,0
TMEM104,1491,0.666666667,0.0,0.0,0.333333333,0.0,1.0,0.0,0.0,1.0,0.0,0.333333333,0.333333333,1.0,1.0,0.650618087,0.930274863,1005466.0,320.0,0.01850773,4.17e-07,2,0.0,0.0,0.0,0.0,0.0,0.0,0.0,0.0,0,0.0,0.0,6.0,1.0,0.0,0.0,0.0,0.0,0.0,2.0,0.0,0.0,0.0,0.0,0.0,0.0,9.0,0.0,9.0,15.53555556,114.1876225,18.49126165,2.1905455,0.271365823,0.025559497,237.0,-0.224827481,0.014097955,135.0,0.254476909,0.021852951,372.0,3.270829099,0.010879089,0.04904593,0.010287883,19.50057003,3.802872657,0
SLC12A5,3420,0.301886792,0.018867925,0.0,0.641509434,0.0,1.0,0.037735849,0.0,0.977749218,0.0,2.0,2.176470588,0.988142292,1.0,0.374531835,0.742351488,630342.2,381.0,0.05057954,4.73e-09,2,0.0,0.0,0.0,0.0,0.0,0.0,1.0,1.0,0,0.0,0.0,0.0,34.0,1.0,0.0,0.0,0.0,0.0,15.0,1.0,0.0,1.0,1.0,1.0,0.0,50.0,0.0,42.0,20.30648,103.5749653,21.56655359,12.76124674,0.338447054,0.052091574,353.0,-0.229024677,0.020439147,62.0,0.322099614,0.048827197,415.0,2.356983888,0.22948067,0.360411768,0.025291921,21.19803658,2.042888721,0
TRIM29,1767,0.466666667,0.066666667,0.0,0.4,0.0,1.0,0.066666667,0.0,0.965872263,0.0,0.75,1.0,0.737463127,1.0,0.85106383,0.988313317,325455.7,214.0,0.03097535,0.000203055,48,0.0,0.0,1.0,0.0,0.0,0.0,1.0,0.0,0,0.0,0.0,2.0,5.0,1.0,0.0,0.0,0.0,0.0,7.0,1.0,0.0,1.0,0.0,0.0,0.0,17.0,0.0,16.0,14.99129412,110.6055218,24.87059067,6.026777538,0.198293578,0.010743323,109.0,-0.273015385,0.019554586,221.0,0.248334545,0.017841505,330.0,3.130933392,0.511740868,0.1115145,0.01451736,23.65436565,6.766303395,0
CTTNBP2NL,1920,0.285714286,0.142857143,0.0,0.571428571,0.0,1.0,0.0,0.0,1.0,0.0,1.333333333,1.666666667,0.452898551,1.0,0.934579439,0.997811821,559405.9,335.0,0.02283177,2.01e-05,28,0.0,0.0,0.0,0.0,0.0,0.0,0.0,0.0,0,0.0,0.0,0.0,4.0,1.0,0.0,0.0,0.0,0.0,2.0,0.0,0.0,0.0,0.0,0.0,0.0,7.0,0.0,6.0,19.52342857,116.819661,24.603979,0.721834894,0.203819145,0.014352971,117.0,-0.239553451,0.016101034,226.0,0.227364198,0.01574888,343.0,3.550724736,0.004234787,0.040815914,0.00586003,24.11673723,0.252136633,0
TMEM42,480,0.333333333,0.0,0.0,0.666666667,0.0,1.0,0.0,0.0,0.953509509,0.0,1.6,1.6,1.0,1.0,0.138178803,0.411663225,466410.2,380.0,0.03144987,0.0,0,0.0,1.0,0.0,0.0,0.0,0.0,0.0,0.0,0,0.0,0.0,0.0,8.0,0.0,0.0,0.0,0.0,0.0,4.0,0.0,0.0,0.0,0.0,0.0,0.0,13.0,0.0,11.0,13.14130769,108.2148734,21.8870142,1.820461457,0.2166,0.013382651,115.0,-0.275297451,0.019070161,408.0,0.262390746,0.018383668,523.0,3.128544065,0.008311851,0.041344163,0.010069791,20.06067439,2.32244926,0
MRPL52,372,0.5,0.0,0.0,0.5,0.0,1.0,0.0,0.0,1.0,0.0,0.5,0.5,1.0,1.0,0.686813187,0.944844059,1165302.0,225.0,0.03469203,1.64e-05,26,0.0,0.0,0.0,0.0,0.0,0.0,0.0,0.0,0,0.0,0.0,0.0,1.0,0.0,0.0,0.0,0.0,0.0,1.0,0.0,0.0,0.0,0.0,0.0,0.0,2.0,0.0,2.0,18.105,124.66205,22.39104488,0.658272011,0.257133526,0.030153965,173.0,-0.286633782,0.024239504,238.0,0.274216399,0.026874214,411.0,3.352395595,0.007475681,0.076334007,0.006530062,15.82573509,0.625765811,0
OSBPL7,2529,0.227272727,0.0,0.0,0.772727273,0.0,1.0,0.0,0.0,1.0,0.0,2.833333333,2.833333333,1.0,1.0,0.517598344,0.858465702,1118277.0,217.0,0.02726319,0.0,0,0.0,0.0,0.0,0.0,0.0,0.0,0.0,0.0,0,0.0,0.0,0.0,17.0,0.0,0.0,0.0,0.0,0.0,5.0,0.0,0.0,0.0,0.0,0.0,0.0,22.0,0.0,20.0,20.90068182,60.71681499,22.06513447,2.333827295,0.225116632,0.009537546,190.0,-0.26211608,0.019307531,176.0,0.242908716,0.01453833,366.0,3.202268321,0.026948538,0.1115145,0.01451736,22.77665736,0.878169786,0
C3ORF52,753,0.5,0.0,0.0,0.5,0.0,1.0,0.0,0.0,1.0,0.0,0.5,0.5,1.0,1.0,0.598802395,0.905882411,268780.4,440.0,0.02803913,1.49e-05,4,2.0,0.0,0.0,0.0,0.0,0.0,0.0,0.0,0,0.0,0.0,0.0,4.0,0.0,0.0,0.0,0.0,0.0,2.0,0.0,0.0,0.0,0.0,0.0,0.0,8.0,0.0,7.0,9.245125,61.39609784,19.74604062,2.445593137,0.255882465,0.028236406,284.0,-0.264828696,0.021738367,115.0,0.258460952,0.026320673,399.0,3.139619263,0.125258088,0.170874615,0.010761348,20.06067439,2.32244926,0
BDH1,1032,0.125,0.0,0.0,0.625,0.0,1.0,0.25,0.0,0.916666667,0.0,2.5,3.5,1.0,1.0,0.152718387,0.43970062,685309.6,263.0,0.03874096,5.38e-05,10,0.0,0.0,1.0,0.0,0.0,0.0,2.0,0.0,0,0.0,0.0,1.0,5.0,0.0,0.0,0.0,0.0,0.0,1.0,1.0,0.0,3.0,0.0,0.0,0.0,8.0,0.0,11.0,17.008625,59.81461284,24.78677956,0.882609818,0.363982222,0.07273345,351.0,-0.294892688,0.030787892,93.0,0.349510766,0.064650413,444.0,3.290518182,0.045290561,0.072757913,0.011010749,15.88185326,1.587245276,0
XRCC3,1041,0.333333333,0.0,0.0,0.666666667,0.0,1.0,0.0,0.0,0.929896694,0.0,1.5,1.5,1.0,1.0,0.424989375,0.788649005,765678.0,266.0,0.04321798,8.66e-06,11,0.0,0.0,1.0,0.0,0.0,0.0,0.0,0.0,0,0.0,0.0,1.0,6.0,0.0,0.0,0.0,0.0,0.0,3.0,0.0,0.0,0.0,0.0,0.0,0.0,11.0,0.0,10.0,12.84009091,92.21933829,18.00990312,1.716301341,0.277078947,0.045282663,171.0,-0.286840996,0.030024765,261.0,0.282976852,0.035996142,432.0,3.327250828,0.010940952,0.047231876,0.013888521,20.06067439,2.32244926,0
DDI1,1191,0.304347826,0.0,0.0,0.652173913,0.0,1.0,0.043478261,0.0,1.0,0.0,1.875,2.0,1.0,1.0,0.040104271,0.169090533,649122.9543,444.4009898,0.019888568,5.85e-05,13,0.0,0.0,0.0,0.0,0.0,0.0,1.0,0.0,0,0.0,0.0,0.0,15.0,0.0,0.0,0.0,0.0,0.0,7.0,0.0,0.0,1.0,0.0,0.0,0.0,22.0,0.0,20.0,14.67618182,114.7532701,21.8870142,1.820461457,0.253558815,0.08173425,135.0,-0.275786459,0.019062651,209.0,0.267063401,0.043609168,344.0,1.787652667,1.380864314,0.890493725,0.048506741,20.06067439,2.32244926,0
WSB1,1266,0.076923077,0.076923077,0.0,0.769230769,0.0,1.0,0.0,0.076923077,1.0,0.0,5.0,6.0,0.772797527,1.0,0.265111347,0.617074593,147758.4,292.0,-0.02105605,3.46e-06,11,0.0,0.0,0.0,0.0,0.0,0.0,0.0,0.0,0,1.0,0.0,1.0,8.0,1.0,0.0,0.0,0.0,0.0,1.0,2.0,0.0,1.0,0.0,0.0,0.0,13.0,0.0,12.0,25.09923077,57.81054103,18.54992248,2.128376229,0.23216186,0.011808747,129.0,-0.262399048,0.016150518,189.0,0.250133019,0.014567556,318.0,3.765799394,0.009911708,0.043701287,0.010894385,20.06067439,2.32244926,0
ERCC2,2283,0.333333333,0.0,0.0,0.666666667,0.0,1.0,0.0,0.0,1.0,0.0,1.777777778,1.777777778,1.0,1.0,0.345901072,0.713110503,1280459.0,215.0,0.02319392,3.21e-05,32,1.0,0.0,0.0,0.0,0.0,0.0,0.0,0.0,0,0.0,0.0,1.0,16.0,0.0,0.0,0.0,0.0,0.0,7.0,0.0,0.0,0.0,0.0,0.0,0.0,25.0,0.0,23.0,20.18228,89.18720988,23.08952316,0.490033201,0.249167486,0.022827822,182.0,-0.259236325,0.019707966,166.0,0.253956676,0.021308341,348.0,3.31947936,0.005615259,0.053469933,0.008346473,20.06067439,2.32244926,1
PTPRD,5739,0.310810811,0.054054054,0.0,0.621621622,0.0,1.0,0.013513514,0.0,0.970381602,0.0,1.916666667,2.125,0.720980534,1.0,0.573065903,0.892122955,15779.62,1275.0,-0.02591428,3.49e-06,6,0.0,0.0,0.0,0.0,0.0,0.0,1.0,0.0,0,0.0,0.0,1.0,45.0,3.0,0.0,0.0,0.0,0.0,22.0,3.0,0.0,1.0,0.0,0.0,0.0,74.0,0.0,57.0,22.75862162,152.8183946,20.99353914,3.76635977,0.281880437,0.030035873,176.0,-0.300611217,0.03979053,369.0,0.294501176,0.036626463,542.0,3.321019068,0.085069862,0.126718892,0.01617462,19.76042835,7.594264098,1
ZNF569,2061,0.111111111,0.166666667,0.0,0.722222222,0.0,1.0,0.0,0.0,0.936651039,0.0,4.333333333,5.333333333,0.468823254,1.0,0.154583398,0.443193931,234563.5,939.0,-0.05183839,2.22e-06,3,0.0,0.0,0.0,0.0,0.0,0.0,0.0,0.0,0,0.0,0.0,1.0,15.0,3.0,0.0,0.0,0.0,0.0,2.0,0.0,0.0,0.0,0.0,0.0,0.0,21.0,0.0,18.0,19.54280952,119.6945655,21.8870142,1.820461457,0.354965619,0.093933661,226.0,-0.341283613,0.070383244,155.0,0.349399449,0.084187644,381.0,3.144838019,0.023703722,0.118346514,0.017531807,20.06067439,2.32244926,0
TXNL1,870,0.142857143,0.0,0.0,0.857142857,0.0,1.0,0.0,0.0,0.898226518,0.0,3.0,3.0,1.0,1.0,0.025370408,0.118585646,82448.0,867.0,0.01488014,9.75e-05,58,0.0,0.0,0.0,0.0,0.0,0.0,0.0,0.0,0,0.0,0.0,0.0,6.0,0.0,0.0,0.0,0.0,0.0,1.0,0.0,0.0,0.0,0.0,0.0,0.0,7.0,0.0,6.0,27.2,25.49666667,26.82944777,0.314086139,0.266040467,0.029126301,107.0,-0.2752536,0.021438983,400.0,0.273309211,0.023021161,507.0,3.530648199,0.005089955,0.039132654,0.01122937,23.04670788,1.10786414,0
WIPF2,1323,0.25,0.125,0.0,0.625,0.0,1.0,0.0,0.0,1.0,0.0,1.666666667,2.0,0.343642612,1.0,0.985221675,0.999890259,1491292.0,165.0,0.02977065,6.25e-06,17,0.0,0.0,0.0,0.0,0.0,0.0,0.0,0.0,0,0.0,0.0,0.0,4.0,1.0,0.0,0.0,0.0,0.0,2.0,1.0,0.0,0.0,0.0,0.0,0.0,8.0,0.0,8.0,20.08225,85.72665193,24.20564254,0.385451279,0.338871082,0.157034746,194.0,-0.270947865,0.020998674,178.0,0.306370188,0.092864525,372.0,3.517107892,0.004236763,0.042820875,0.004321016,24.78609397,0.792368226,0
PAX8,1353,0.153846154,0.0,0.0,0.769230769,0.0,1.0,0.076923077,0.0,1.0,0.0,3.333333333,3.666666667,1.0,1.0,0.344115623,0.711210449,633218.4,385.0,0.03600913,1.59e-05,9,0.0,0.0,0.0,0.0,0.0,0.0,1.0,0.0,0,0.0,0.0,1.0,10.0,0.0,0.0,0.0,0.0,0.0,2.0,0.0,0.0,1.0,0.0,0.0,0.0,13.0,0.0,14.0,22.83576923,56.48432436,23.81364597,0.82178793,0.211237697,0.013083308,178.0,-0.258150169,0.03361225,59.0,0.222916329,0.018486345,237.0,3.028721887,0.229446291,0.602159033,0.043195802,23.22986223,0.960483252,1
G6PD,1638,0.35,0.0,0.05,0.55,0.0,1.0,0.05,0.0,0.953724357,0.0,1.375,1.625,0.653594771,1.0,0.564652739,0.887376826,2163759.0,444.4009898,0.04195871,7.68e-05,61,0.0,0.0,1.0,0.0,0.0,0.0,1.0,0.0,0,0.0,0.0,3.0,11.0,0.0,0.0,0.0,0.0,0.0,7.0,1.0,0.0,2.0,0.0,0.0,0.0,22.0,0.0,23.0,14.51263636,107.3848742,27.59210894,0.785912981,0.276180993,0.028344374,141.0,-0.278105856,0.02607551,111.0,0.277028849,0.027238042,252.0,3.410087039,0.018123405,0.233621919,0.062568622,20.43221567,1.448271417,1
PLD5,1611,0.235294118,0.029411765,0.0,0.676470588,0.0,1.0,0.058823529,0.0,0.960948479,0.0,2.555555556,2.888888889,0.947867299,1.0,0.241021933,0.58396417,75320.08,854.0,-0.01755152,0.0,0,0.0,0.0,0.0,0.0,0.0,0.0,2.0,0.0,0,0.0,0.0,0.0,23.0,0.0,0.0,0.0,0.0,0.0,7.0,2.0,0.0,2.0,0.0,0.0,0.0,32.0,0.0,29.0,21.476375,100.9161045,21.8870142,1.820461457,0.28776903,0.024785999,371.0,-0.2478954,0.026558583,50.0,0.283033444,0.025100581,421.0,1.721862357,1.072629438,0.12182152,0.020233836,20.06067439,2.32244926,0
OR4F6,939,0.166666667,0.0,0.0,0.666666667,0.0,1.0,0.166666667,0.0,1.0,0.0,2.0,2.5,1.0,1.0,0.03954914,0.167301219,649122.9543,444.4009898,0.019888568,0.0,0,0.0,0.0,0.0,0.0,0.0,0.0,0.0,1.0,0,0.0,0.0,0.0,4.0,0.0,0.0,0.0,0.0,0.0,1.0,0.0,0.0,0.0,0.0,1.0,0.0,5.0,0.0,6.0,12.0406,123.2749858,21.8870142,1.820461457,0.263816402,0.037068399,190.1320168,-0.262379274,0.034993589,187.6534411,0.272484272,0.039786023,377.6466786,0.100342417,0.103990965,0.1115145,0.01451736,20.06067439,2.32244926,0
CALR,1254,0.166666667,0.083333333,0.0,0.583333333,0.0,1.0,0.166666667,0.0,0.889471473,0.0,2.333333333,3.333333333,0.35932447,1.0,0.230361668,0.568556723,1886809.0,335.0,0.03995114,0.000726751,110,0.0,0.0,0.0,0.0,0.0,0.0,2.0,0.0,0,0.0,0.0,0.0,7.0,1.0,0.0,0.0,0.0,0.0,2.0,0.0,0.0,2.0,0.0,0.0,0.0,10.0,0.0,12.0,23.1324,127.7619643,30.661206,0.389789352,0.333056703,0.062399065,185.0,-0.216955408,0.011649328,196.0,0.273330052,0.039568158,381.0,3.939536815,0.002124083,0.092560629,0.012945307,20.47013041,3.851482889,1
GLRX5,474,0.0,0.0,0.0,1.0,0.0,1.0,0.0,0.0,1.0,0.0,3.0,3.0,1.0,1.0,0.40950041,0.77510949,209037.0,509.0,0.03485626,4.32e-05,9,0.0,3.0,0.0,0.0,0.0,0.0,0.0,0.0,0,0.0,0.0,2.0,3.0,0.0,0.0,0.0,0.0,0.0,0.0,0.0,0.0,0.0,0.0,0.0,0.0,8.0,0.0,8.0,15.14425,100.7716408,24.69907311,0.324253586,0.247778165,0.033906616,158.0,-0.280935709,0.020325575,261.0,0.268432387,0.025636826,419.0,3.363061329,0.008743491,0.044270459,0.008395719,16.92666363,2.132920553,0
RAB2A,639,0.0,0.333333333,0.0,0.666666667,0.0,1.0,0.0,0.0,1.0,0.0,2.0,3.0,0.41736227,1.0,0.618046972,0.9154455,234040.9,512.0,0.02449636,0.000161915,67,0.0,0.0,0.0,0.0,0.0,0.0,0.0,0.0,0,0.0,0.0,0.0,2.0,1.0,0.0,0.0,0.0,0.0,0.0,0.0,0.0,0.0,0.0,0.0,0.0,3.0,0.0,3.0,36.0,49.0,27.12265051,0.378736199,0.317691146,0.052235394,384.0,-0.25460122,0.016930856,82.0,0.306589485,0.046551634,466.0,3.66999913,0.005522839,0.054211343,0.013027763,16.23798873,3.458886382,0
SLC6A14,1929,0.147058824,0.117647059,0.058823529,0.588235294,0.117647059,0.907448715,0.058823529,0.0,0.788815772,0.029411765,3.333333333,4.833333333,0.026707262,0.0001,0.80896,0.000843126,82720.46,444.4009898,0.00373463,0.0,0,1.0,0.0,0.0,0.0,0.0,0.0,2.0,0.0,0,0.0,0.0,0.0,20.0,4.0,1.0,0.0,0.0,0.0,5.0,2.0,0.0,2.0,0.0,0.0,0.0,33.0,0.0,27.0,19.27521212,131.959587,21.71545216,2.618805469,0.241558167,0.025660924,120.0,-0.278504727,0.026085316,110.0,0.259228261,0.026092975,230.0,2.768463322,0.930415096,0.1115145,0.01451736,19.40738438,1.490393038,0
CCL14,330,0.5,0.0,0.0,0.5,0.0,1.0,0.0,0.0,1.0,0.0,0.5,0.5,1.0,1.0,0.843881857,0.987124704,779228.0,525.0,0.01922532,3.09e-06,5,0.0,0.0,0.0,0.0,0.0,0.0,0.0,0.0,0,0.0,0.0,0.0,1.0,0.0,0.0,0.0,0.0,0.0,1.0,0.0,0.0,0.0,0.0,0.0,0.0,2.0,0.0,2.0,0.5375,0.0836405,21.99577606,1.380301409,0.245355732,0.028042631,164.0,-0.270558639,0.020249304,191.0,0.258915606,0.023938879,355.0,2.73649375,0.282790437,0.1115145,0.01451736,17.74910039,0.567915587,0
ALDH9A1,1557,0.071428571,0.0,0.071428571,0.785714286,0.0,1.0,0.071428571,0.0,0.962478638,0.0,5.5,6.5,0.744601638,1.0,0.170096955,0.471404436,321830.8,408.0,-0.000384573,4.42e-06,14,0.0,0.0,0.0,0.0,0.0,0.0,1.0,0.0,0,0.0,0.0,0.0,11.0,0.0,0.0,0.0,0.0,0.0,1.0,1.0,0.0,1.0,0.0,0.0,0.0,13.0,0.0,14.0,22.44407692,59.02629108,27.95089352,0.500650936,0.282847794,0.026989904,398.0,-0.205625588,0.010052009,34.0,0.276784157,0.026066039,432.0,3.617485651,0.00369625,0.1115145,0.01451736,18.54622866,2.352903849,0
KRTAP27-1,624,0.5,0.0,0.0,0.5,0.0,1.0,0.0,0.0,1.0,0.0,0.833333333,0.833333333,1.0,1.0,0.502260171,0.848135121,4608.462,1035.0,-0.06885553,0.0,0,0.0,0.0,0.0,0.0,0.0,0.0,0.0,0.0,0,0.0,0.0,0.0,5.0,0.0,0.0,0.0,0.0,0.0,5.0,0.0,0.0,0.0,0.0,0.0,0.0,10.0,0.0,10.0,8.4039,44.69023343,21.8870142,1.820461457,0.242314023,0.01758658,87.0,-0.261730163,0.020499795,245.0,0.256642199,0.019754075,332.0,0.013828051,0.016404817,0.1115145,0.01451736,20.06067439,2.32244926,0
CTNNAL1,2205,0.2,0.1,0.0,0.7,0.0,1.0,0.0,0.0,1.0,0.0,2.333333333,2.666666667,0.722543353,1.0,0.077083173,0.274637345,337833.5,433.0,0.01403642,2.72e-06,9,0.0,0.0,0.0,0.0,0.0,0.0,0.0,0.0,0,0.0,0.0,0.0,7.0,1.0,0.0,0.0,0.0,0.0,2.0,0.0,0.0,0.0,0.0,0.0,0.0,10.0,0.0,9.0,25.1926,104.5253989,21.46025724,1.264155649,0.240087429,0.020074126,140.0,-0.238290431,0.016005179,255.0,0.238927342,0.017400789,395.0,3.44921178,0.012690655,0.054653436,0.005392873,21.2159236,2.038901758,0
SH3BGRL2,324,0.666666667,0.0,0.0,0.333333333,0.0,1.0,0.0,0.0,1.0,0.0,0.333333333,0.333333333,1.0,1.0,0.757575758,0.967902831,205694.6,824.0,0.001722661,1.81e-06,5,0.0,0.0,0.0,0.0,0.0,0.0,0.0,0.0,0,0.0,0.0,0.0,1.0,0.0,0.0,0.0,0.0,0.0,2.0,0.0,0.0,0.0,0.0,0.0,0.0,3.0,0.0,3.0,11.47933333,161.7128413,24.14287751,0.660237167,0.24028685,0.02479466,127.0,-0.263766781,0.023756227,233.0,0.255483583,0.024180746,360.0,3.434147971,0.035535735,0.1115145,0.01451736,21.86278187,1.61622449,0
WWTR1,1203,0.222222222,0.111111111,0.0,0.666666667,0.0,1.0,0.0,0.0,1.0,0.0,2.0,2.333333333,0.369822485,1.0,0.109721308,0.352184737,558005.5,263.0,0.01846221,1.5e-05,22,0.0,0.0,0.0,0.0,0.0,0.0,0.0,0.0,0,0.0,0.0,1.0,6.0,1.0,0.0,0.0,0.0,0.0,2.0,0.0,0.0,0.0,0.0,0.0,0.0,10.0,0.0,9.0,22.498,66.79037333,23.6025673,0.826971414,0.340513606,0.059622672,355.0,-0.249262727,0.02146588,66.0,0.326208242,0.05467885,421.0,3.611407851,0.015715762,0.089743192,0.014994061,23.01992103,1.051715465,1
TRIM45,1743,0.277777778,0.0,0.0,0.611111111,0.0,1.0,0.111111111,0.0,0.97335417,0.0,1.833333333,2.166666667,1.0,1.0,0.547045952,0.877036364,331821.8,566.0,0.01221269,2.6e-06,12,0.0,0.0,0.0,0.0,0.0,0.0,2.0,0.0,0,0.0,0.0,0.0,11.0,0.0,0.0,0.0,0.0,0.0,5.0,0.0,0.0,2.0,0.0,0.0,0.0,16.0,0.0,13.0,16.0116875,57.08903943,16.44625392,0.510089703,0.211812908,0.012733464,141.0,-0.24225301,0.019052395,206.0,0.229883977,0.016664705,347.0,3.165450637,0.02836023,0.122791211,0.010588462,20.06067439,2.32244926,0
KBTBD11,1872,0.434782609,0.086956522,0.0,0.47826087,0.0,1.0,0.0,0.0,0.98077698,0.0,1.0,1.181818182,0.064217827,1.0,0.425713069,0.789267648,103226.5,570.0,-0.03158411,0.0,0,0.0,0.0,0.0,0.0,0.0,0.0,0.0,0.0,0,0.0,0.0,0.0,11.0,2.0,0.0,0.0,0.0,0.0,9.0,0.0,0.0,0.0,0.0,0.0,0.0,22.0,0.0,18.0,16.25713636,126.005847,23.32705865,2.523304535,0.248566172,0.01969504,128.0,-0.331963207,0.041699851,420.0,0.312519089,0.037769878,548.0,3.209255526,0.117623183,0.117451033,0.021694229,24.37101551,3.228137339,0
TFE3,1728,0.125,0.0625,0.0,0.5625,0.0,1.0,0.25,0.0,0.818599368,0.0,3.0,4.666666667,0.562113547,1.0,0.141884222,0.418947771,834139.7,444.4009898,0.04114944,7.79e-06,21,3.0,0.0,0.0,0.0,0.0,0.0,3.0,1.0,0,0.0,0.0,0.0,9.0,1.0,0.0,0.0,0.0,0.0,2.0,0.0,0.0,3.0,0.0,1.0,0.0,15.0,0.0,18.0,20.9356,78.01902926,22.64933891,1.297207574,0.247333205,0.041758196,78.0,-0.282350417,0.043015753,168.0,0.271247398,0.04271155,246.0,3.479734078,0.003901417,0.211210247,0.043322485,23.33801078,0.537199412,1
C1ORF185,600,0.375,0.125,0.0,0.5,0.0,1.0,0.0,0.0,1.0,0.0,1.0,1.25,0.769822941,1.0,0.772200772,0.971822931,649122.9543,444.4009898,0.019888568,0.0,0,0.0,0.0,0.0,0.0,0.0,0.0,0.0,0.0,0,0.0,0.0,0.0,4.0,1.0,0.0,0.0,0.0,0.0,3.0,0.0,0.0,0.0,0.0,0.0,0.0,8.0,0.0,5.0,10.647625,114.4388943,21.8870142,1.820461457,0.225231284,0.015504266,109.0,-0.235733421,0.016756187,190.0,0.231904883,0.016271878,299.0,0.266997727,0.284474698,0.1115145,0.01451736,20.06067439,2.32244926,0
PTPRZ1,6948,0.153846154,0.076923077,0.019230769,0.673076923,0.0,1.0,0.076923077,0.0,0.903754641,0.0,3.888888889,4.888888889,0.310269935,1.0,0.043127615,0.178703229,64760.0,971.0,-0.01534734,6.4e-06,9,0.0,0.0,0.0,0.0,0.0,0.0,3.0,1.0,0,0.0,0.0,36.0,35.0,4.0,0.0,0.0,0.0,0.0,8.0,1.0,0.0,3.0,0.0,1.0,0.0,84.0,0.0,57.0,20.06436905,103.0103114,21.47241421,7.481294026,0.300088603,0.025067552,358.0,-0.246999174,0.017320673,109.0,0.287697281,0.023723731,467.0,2.750746503,1.080231848,0.1115145,0.01451736,20.54183279,12.27634689,1
COL23A1,1623,0.214285714,0.142857143,0.142857143,0.5,0.0,1.0,0.0,0.0,0.849914551,0.0,1.75,2.75,0.016939965,1.0,0.688705234,0.945552284,533179.5,634.0,0.01815941,2.63e-08,2,0.0,0.0,0.0,0.0,0.0,0.0,0.0,0.0,0,0.0,0.0,7.0,7.0,2.0,0.0,0.0,0.0,0.0,3.0,3.0,0.0,1.0,0.0,0.0,0.0,21.0,0.0,17.0,17.0727619,177.2461297,20.53350309,3.442178559,0.289343527,0.028014236,218.0,-0.253202149,0.01736681,214.0,0.27111292,0.022920242,431.0,2.759880438,0.214152795,0.088606863,0.021362409,20.06067439,2.32244926,0
TRIM60,1416,0.105263158,0.105263158,0.0,0.736842105,0.0,1.0,0.052631579,0.0,0.941087216,0.0,4.666666667,5.666666667,0.486618005,1.0,0.542299349,0.874152454,169983.9,637.0,0.004969468,0.0,0,0.0,0.0,0.0,0.0,0.0,0.0,1.0,0.0,0,0.0,0.0,0.0,16.0,2.0,0.0,0.0,0.0,0.0,2.0,0.0,0.0,1.0,2.0,0.0,0.0,18.0,0.0,18.0,12.105,85.58862882,21.8870142,1.820461457,0.201999459,0.018429648,74.0,-0.277402056,0.024423599,287.0,0.261945568,0.024069445,361.0,0.409445073,0.341688097,0.1115145,0.01451736,20.06067439,2.32244926,0
TDRD6,6291,0.216666667,0.033333333,0.0,0.683333333,0.05,0.978353385,0.05,0.016666667,0.953826446,0.0,2.928571429,3.357142857,0.855431993,0.710769231,0.170940171,0.377600605,141780.8,596.0,0.001245242,0.0,2,0.0,0.0,0.0,0.0,0.0,0.0,2.0,1.0,0,1.0,0.0,0.0,40.0,2.0,0.0,0.0,0.0,0.0,13.0,0.0,0.0,3.0,0.0,1.0,0.0,55.0,0.0,44.0,16.905,97.66679878,21.8870142,1.820461457,0.281701789,0.062294195,190.0,-0.24960876,0.020548686,129.0,0.26872373,0.045543933,319.0,2.994931863,0.039137091,0.916497847,0.026902968,20.06067439,2.32244926,0
ACSM1,1734,0.166666667,0.083333333,0.0,0.75,0.0,1.0,0.0,0.0,0.981824642,0.0,3.6,4.0,0.542299349,1.0,0.101020305,0.332602661,175988.7,641.0,0.01086702,0.0,0,0.0,0.0,0.0,0.0,0.0,0.0,0.0,0.0,0,0.0,0.0,1.0,17.0,2.0,0.0,0.0,0.0,0.0,4.0,3.0,0.0,1.0,1.0,0.0,0.0,25.0,0.0,23.0,15.88548,101.9629371,19.81079403,1.740337369,0.240038629,0.022915131,196.0,-0.256209722,0.028087125,144.0,0.246867478,0.025086998,340.0,2.22379198,0.379359118,0.1115145,0.01451736,20.06067439,2.32244926,0
PSKH2,1158,0.16,0.12,0.0,0.72,0.0,1.0,0.0,0.0,0.959043628,0.0,3.6,4.2,0.142714428,1.0,0.119645848,0.373680206,191789.1,1214.0,-0.0251217,5.79e-06,10,0.0,0.0,0.0,0.0,0.0,0.0,0.0,0.0,0,0.0,0.0,0.0,19.0,3.0,0.0,0.0,0.0,0.0,4.0,0.0,0.0,0.0,1.0,0.0,0.0,25.0,0.0,21.0,19.2528,86.57240267,21.8870142,1.820461457,0.337110668,0.055369074,419.0,-0.261540704,0.025539002,71.0,0.326160735,0.051694723,490.0,0.216696301,0.269390177,0.643682989,0.076314683,20.06067439,2.32244926,0
PIN1,492,0.5,0.0,0.0,0.5,0.0,1.0,0.0,0.0,1.0,0.0,0.5,0.5,1.0,1.0,0.789265983,0.976047278,1069900.0,579.0,-0.02638506,0.002631702,222,2.0,0.0,0.0,0.0,0.0,0.0,0.0,0.0,0,0.0,0.0,0.0,1.0,0.0,0.0,0.0,0.0,0.0,1.0,0.0,0.0,0.0,0.0,0.0,0.0,4.0,0.0,4.0,11.0315,129.6061897,26.13674488,0.406864094,0.325968571,0.075289085,168.0,-0.225024829,0.013240477,205.0,0.270490107,0.043589163,373.0,3.41238163,0.005469717,0.054587042,0.01357329,19.12016175,3.304549721,0
ZNF76,1713,0.0,0.0,0.0,1.0,0.0,1.0,0.0,0.0,1.0,0.0,4.0,4.0,1.0,1.0,0.013516436,0.071689134,682809.2,264.0,0.03914563,1.87e-05,11,1.0,0.0,0.0,0.0,0.0,0.0,0.0,0.0,0,0.0,0.0,4.0,4.0,0.0,0.0,0.0,0.0,0.0,0.0,0.0,0.0,0.0,0.0,0.0,0.0,9.0,0.0,8.0,15.48111111,188.9332774,18.82031128,2.286498752,0.241020899,0.015600464,178.0,-0.246130145,0.01716793,138.0,0.243252152,0.016239104,316.0,3.391359788,0.004914,0.039437838,0.007595531,16.31887312,1.332207727,0
SAGE1,2715,0.340909091,0.045454545,0.0,0.590909091,0.068181818,0.96109294,0.022727273,0.0,0.935433776,0.0,1.625,1.8125,0.883392226,0.021569854,0.871961347,0.093541393,246199.4,444.4009898,0.0259936,0.0,0,0.0,0.0,0.0,0.0,0.0,0.0,0.0,1.0,0,0.0,0.0,1.0,26.0,2.0,0.0,0.0,0.0,0.0,15.0,0.0,0.0,0.0,0.0,1.0,0.0,44.0,0.0,36.0,7.421022727,61.51093914,17.10806764,0.703494225,0.253745692,0.026195275,130.0,-0.275066239,0.025290154,109.0,0.263469289,0.025787722,239.0,1.057763111,1.081661501,0.1115145,0.01451736,16.9494458,2.60693974,0
ESF1,2556,0.1875,0.125,0.0,0.5625,0.0,1.0,0.125,0.0,0.84375,0.0,2.25,3.25,0.415454923,1.0,0.112790435,0.358924401,123437.5,617.0,-0.01027014,5.99e-06,12,0.0,0.0,0.0,0.0,0.0,0.0,2.0,0.0,0,0.0,0.0,0.0,9.0,2.0,0.0,0.0,0.0,0.0,3.0,0.0,0.0,2.0,0.0,0.0,0.0,14.0,0.0,13.0,22.01671429,190.214239,23.36572999,0.266838664,0.304345814,0.049672013,301.0,-0.262851371,0.032641673,124.0,0.2922392,0.044971083,425.0,3.451125366,0.005355882,0.060839521,0.012397328,24.06514333,0.71478598,0
MUC12,16008,0.208333333,0.033333333,0.0,0.733333333,0.0,1.0,0.025,0.0,0.964224755,0.0,3.384615385,3.653846154,0.846740051,1.0,0.182915676,0.493640026,649122.9543,444.4009898,0.019888568,9.2e-08,2,0.0,0.0,0.0,0.0,0.0,0.0,1.0,2.0,0,0.0,0.0,0.0,90.0,4.0,0.0,0.0,0.0,0.0,26.0,0.0,0.0,1.0,0.0,2.0,0.0,120.0,0.0,72.0,5.24625,54.70778005,21.46048893,0.573905208,0.338012158,0.052603138,380.0,-0.239628163,0.017254818,98.0,0.317841381,0.046885555,478.0,2.368714257,0.437435168,0.1115145,0.01451736,20.37026215,0.531664799,0
OR2A5,936,0.307692308,0.153846154,0.0,0.538461538,0.0,1.0,0.0,0.0,0.958424899,0.0,1.4,1.8,0.190839695,1.0,0.757002271,0.967743396,222079.8,812.0,-0.01050634,0.0,0,0.0,0.0,0.0,0.0,0.0,0.0,0.0,0.0,0,0.0,0.0,0.0,8.0,2.0,0.0,0.0,0.0,0.0,4.0,0.0,0.0,0.0,1.0,0.0,0.0,13.0,0.0,13.0,18.20676923,138.0027214,21.8870142,1.820461457,0.298856382,0.026385248,351.0,-0.261975882,0.029993895,119.0,0.289518553,0.027494659,470.0,2.019305952,1.065657532,0.1115145,0.01451736,20.06067439,2.32244926,0
WNK2,6654,0.4,0.0125,0.0,0.5,0.0,1.0,0.075,0.0125,0.961144203,0.0,1.212121212,1.454545455,0.92506938,1.0,0.337837838,0.704455834,479662.8,408.0,0.04899805,2.49e-06,9,1.0,0.0,0.0,0.0,0.0,0.0,6.0,0.0,0,1.0,0.0,3.0,43.0,1.0,0.0,0.0,0.0,0.0,33.0,0.0,0.0,9.0,2.0,0.0,0.0,77.0,0.0,70.0,13.64992208,127.898049,21.95608114,2.243977805,0.223459781,0.012477888,137.0,-0.243221107,0.016673978,262.0,0.23643589,0.015286511,399.0,2.944355858,0.361014983,0.329690466,0.06002736,21.65673587,2.880941009,0
COX7B2,246,0.142857143,0.0,0.0,0.857142857,0.0,1.0,0.0,0.0,1.0,0.0,3.0,3.0,1.0,1.0,0.106609808,0.345264367,86349.0,938.0,0.01075408,0.0,0,0.0,0.0,0.0,0.0,0.0,0.0,0.0,0.0,0,0.0,0.0,0.0,6.0,0.0,0.0,0.0,0.0,0.0,1.0,0.0,0.0,0.0,0.0,0.0,0.0,7.0,0.0,7.0,17.17728571,71.43874024,21.8870142,1.820461457,0.255403507,0.026663686,134.0,-0.261174279,0.018839728,201.0,0.25886597,0.021906866,335.0,0.25400118,0.520658502,0.1115145,0.01451736,20.06067439,2.32244926,0
ZKSCAN8,1737,0.090909091,0.090909091,0.0,0.727272727,0.0,1.0,0.090909091,0.0,0.947442759,0.0,4.0,5.0,0.787401575,1.0,0.354987575,0.722638441,202009.5,514.0,0.03392459,7.79e-06,13,0.0,3.0,0.0,0.0,0.0,0.0,0.0,0.0,0,0.0,0.0,0.0,8.0,1.0,0.0,0.0,0.0,0.0,1.0,0.0,0.0,0.0,0.0,0.0,0.0,13.0,0.0,11.0,18.33123077,109.0347202,21.30530993,2.227426259,0.259721957,0.023191627,184.0,-0.236869259,0.015532965,135.0,0.250050752,0.020019344,319.0,3.539777763,0.008790023,0.104183305,0.008856515,23.239477,0.990819872,0
CALB1,786,0.1875,0.0625,0.125,0.4375,0.0,1.0,0.125,0.0625,0.787349368,0.0,1.75,3.25,0.101286336,1.0,0.556792873,0.882829605,272947.6,534.0,0.02495102,0.000104836,5,0.0,0.0,0.0,0.0,0.0,0.0,0.0,2.0,0,1.0,0.0,0.0,7.0,1.0,0.0,0.0,0.0,0.0,3.0,2.0,0.0,1.0,0.0,2.0,0.0,13.0,0.0,16.0,27.04384615,91.76049231,22.12191406,7.672177373,0.340153295,0.053776562,431.0,-0.266120806,0.029792083,62.0,0.330842921,0.051297386,493.0,2.325817419,0.609524474,0.1115145,0.01451736,13.00978281,0.857509008,0
ARHGAP6,2925,0.27027027,0.081081081,0.0,0.594594595,0.0,1.0,0.054054054,0.0,0.919016038,0.0,2.0,2.454545455,0.443066017,1.0,0.093083869,0.314088651,65395.88,444.4009898,0.03416882,0.0,1,0.0,0.0,0.0,0.0,0.0,0.0,2.0,0.0,0,0.0,0.0,3.0,22.0,3.0,0.0,0.0,0.0,0.0,10.0,1.0,0.0,3.0,1.0,0.0,0.0,37.0,0.0,33.0,19.2082973,137.7814238,21.92050347,2.18730885,0.261365714,0.055401255,84.0,-0.292156825,0.049357644,189.0,0.282682637,0.051223075,271.0,3.02283874,0.057896019,0.275577137,0.047111117,23.18300881,4.658353744,0
STK31,3060,0.290322581,0.032258065,0.064516129,0.548387097,0.0,1.0,0.064516129,0.0,0.924406602,0.0,1.7,2.2,0.624609619,1.0,0.966183575,0.999421668,367848.5,441.0,0.01390993,0.0,1,0.0,0.0,0.0,0.0,0.0,0.0,1.0,1.0,0,0.0,0.0,0.0,16.0,1.0,0.0,0.0,0.0,0.0,9.0,3.0,0.0,1.0,0.0,1.0,0.0,29.0,0.0,27.0,17.79293103,87.91410285,19.80608891,0.235647301,0.311250284,0.041407104,422.0,-0.260261519,0.021687882,79.0,0.30321014,0.038594095,501.0,2.728666516,0.177426768,0.1115145,0.01451736,20.06067439,2.32244926,0
FSTL4,2529,0.315789474,0.0,0.052631579,0.578947368,0.0,1.0,0.052631579,0.0,0.950440229,0.0,1.571428571,1.857142857,0.740740741,1.0,0.532481363,0.868055048,599945.4,623.0,0.04164011,0.0,1,0.0,0.0,0.0,0.0,0.0,0.0,0.0,1.0,0,0.0,0.0,2.0,11.0,0.0,0.0,0.0,0.0,0.0,6.0,1.0,0.0,0.0,0.0,1.0,0.0,20.0,0.0,20.0,15.51975,105.7033687,17.9822087,2.646073253,0.260458171,0.015375808,171.0,-0.247835663,0.015018326,248.0,0.253045425,0.015168581,416.0,2.500676597,0.528131778,0.059910545,0.017190692,20.06067439,2.32244926,0
GPRIN2,1377,0.461538462,0.076923077,0.0,0.384615385,0.0,1.0,0.076923077,0.0,0.958424899,0.0,0.714285714,1.0,0.595592615,1.0,0.282485876,0.639583821,649122.9543,444.4009898,0.019888568,1.23e-05,13,0.0,0.0,0.0,0.0,0.0,0.0,0.0,1.0,0,0.0,0.0,0.0,8.0,0.0,0.0,0.0,0.0,0.0,4.0,0.0,0.0,0.0,0.0,1.0,0.0,12.0,0.0,12.0,7.759,0.0,18.16143463,1.279494273,0.231813306,0.014284493,124.0,-0.33259069,0.052579618,261.0,0.300132519,0.042399576,385.0,2.516698001,0.738056745,0.133295225,0.011107218,19.97532721,1.952511703,0
EXOC3L4,2169,0.55,0.0,0.0,0.45,0.0,1.0,0.0,0.0,1.0,0.0,0.75,0.75,1.0,1.0,0.223563604,0.558475145,956863.2,211.0,0.03603224,0.0,0,0.0,0.0,0.0,0.0,0.0,0.0,0.0,0.0,0,0.0,0.0,0.0,10.0,0.0,0.0,0.0,0.0,0.0,11.0,0.0,0.0,0.0,1.0,0.0,0.0,20.0,0.0,19.0,12.1595,96.70782005,19.98220237,6.464962062,0.270858182,0.039143584,176.0,-0.281646953,0.020801205,256.0,0.277251528,0.028228711,432.0,2.238659124,0.688512281,0.1115145,0.01451736,20.35168163,4.813622692,0
S100PBP,1227,0.0,0.0,0.0,1.0,0.0,1.0,0.0,0.0,1.0,0.0,6.0,6.0,1.0,1.0,0.063686155,0.239064329,1179496.0,180.0,0.0201427,5.31e-06,2,0.0,0.0,0.0,0.0,0.0,0.0,0.0,0.0,0,0.0,0.0,0.0,5.0,0.0,0.0,0.0,0.0,0.0,0.0,0.0,0.0,0.0,0.0,0.0,0.0,5.0,0.0,5.0,19.1838,113.9086622,19.24377762,1.44049696,0.233438593,0.017811891,135.0,-0.243098474,0.016306272,190.0,0.239085908,0.016901369,325.0,3.469706058,0.003521211,0.080271111,0.011202381,20.18763639,1.037746438,0
KANK4,2988,0.272727273,0.090909091,0.0,0.636363636,0.0,1.0,0.0,0.0,0.971436114,0.0,2.1,2.4,0.344708721,1.0,0.376506024,0.744285102,280645.8,378.0,6e-05,0.0,0,0.0,0.0,0.0,0.0,0.0,0.0,0.0,0.0,0,0.0,0.0,0.0,20.0,3.0,0.0,0.0,0.0,0.0,9.0,1.0,0.0,0.0,0.0,0.0,0.0,33.0,0.0,26.0,16.68221212,136.7562759,21.61705982,2.106735124,0.228467934,0.052559046,121.0,-0.222157098,0.011780102,193.0,0.224588981,0.027386029,314.0,2.855748931,0.203820351,0.078584204,0.017544644,23.03132618,2.394904331,0
PER3,3606,0.12,0.08,0.0,0.72,0.0,1.0,0.08,0.0,0.931091751,0.0,4.5,5.5,0.282485876,1.0,0.262123198,0.613090607,370145.3,415.0,0.02271152,3.88e-07,6,0.0,0.0,0.0,0.0,0.0,0.0,2.0,0.0,0,0.0,0.0,1.0,17.0,2.0,0.0,0.0,0.0,0.0,4.0,1.0,0.0,2.0,0.0,0.0,0.0,25.0,0.0,20.0,13.99172,104.1756922,18.77221989,1.482372751,0.2346816,0.019129657,99.0,-0.270240268,0.024692309,261.0,0.260390222,0.023347925,360.0,3.421639505,0.023267204,0.062526595,0.011187347,17.09038098,1.398899488,0
HMX3,1074,0.333333333,0.0,0.0,0.619047619,0.0,1.0,0.047619048,0.0,0.978317119,0.0,1.625,1.75,1.0,1.0,0.931966449,0.997631373,237830.1,708.0,0.02316334,4.76e-08,2,0.0,0.0,0.0,0.0,0.0,0.0,1.0,0.0,0,0.0,0.0,0.0,13.0,0.0,0.0,0.0,0.0,0.0,7.0,0.0,0.0,1.0,0.0,0.0,0.0,20.0,0.0,20.0,18.83735,63.36184571,14.45442832,0.701256401,0.234033719,0.021397989,121.0,-0.333710767,0.046444119,287.0,0.304149681,0.041023194,408.0,2.028038093,0.900802296,0.158559125,0.035031971,15.95288727,2.517058185,0
CAMKV,1506,0.5,0.125,0.0,0.375,0.0,1.0,0.0,0.0,1.0,0.0,0.6,0.8,0.595592615,1.0,0.701754386,0.95029601,1298303.0,170.0,0.03849721,4.96e-06,9,0.0,0.0,0.0,0.0,0.0,0.0,0.0,0.0,0,0.0,0.0,2.0,6.0,1.0,0.0,0.0,0.0,0.0,1.0,0.0,0.0,0.0,0.0,0.0,0.0,10.0,0.0,10.0,18.5651,136.2938517,24.54553795,7.587581665,0.23441729,0.024599953,106.0,-0.277757425,0.021403845,431.0,0.269137732,0.022294712,537.0,1.258333336,1.056139552,0.184566472,0.022167055,22.82975109,0.648553399,0
FAM83A,1305,0.266666667,0.0,0.133333333,0.6,0.0,1.0,0.0,0.0,0.965872263,0.0,1.8,2.2,0.064964594,1.0,0.871839582,0.991412239,519858.3,171.0,0.02206276,1.3e-06,4,1.0,0.0,2.0,0.0,0.0,0.0,0.0,0.0,0,0.0,0.0,0.0,9.0,0.0,0.0,0.0,0.0,0.0,4.0,2.0,0.0,0.0,0.0,0.0,0.0,18.0,0.0,15.0,15.15344444,98.30961156,21.56721002,3.869706583,0.376592147,0.074105017,475.0,-0.238523818,0.018960646,55.0,0.362264302,0.070112114,530.0,2.580512017,1.004753449,0.1115145,0.01451736,19.95480071,3.857308984,0
SLC22A4,1656,0.25,0.0,0.0,0.75,0.0,1.0,0.0,0.0,0.953509509,0.0,2.25,2.25,1.0,1.0,0.024145258,0.114054165,531594.1,238.0,0.04392458,0.0,1,0.0,0.0,0.0,0.0,0.0,0.0,0.0,0.0,0,0.0,0.0,2.0,9.0,0.0,0.0,0.0,0.0,0.0,2.0,0.0,0.0,0.0,0.0,0.0,0.0,13.0,0.0,13.0,19.41992308,111.9008504,20.7108642,2.990495987,0.260688129,0.014397053,171.0,-0.251891224,0.01802471,245.0,0.25550726,0.016514028,416.0,2.935341737,0.048603536,0.062762664,0.01215605,20.31736841,3.634481547,0
ZNF720,381,0.0,0.0,0.0,1.0,0.0,1.0,0.0,0.0,1.0,0.0,2.0,2.0,1.0,1.0,0.022568269,0.108129325,649122.9543,444.4009898,0.019888568,0.0,1,1.0,0.0,0.0,0.0,0.0,0.0,0.0,0.0,0,0.0,0.0,11.0,2.0,0.0,0.0,0.0,0.0,0.0,0.0,0.0,0.0,0.0,0.0,0.0,0.0,14.0,0.0,11.0,5.938714286,56.04117899,15.23287936,0.090365025,0.254416893,0.028443991,206.0,-0.239909576,0.021526823,118.0,0.249133364,0.025899214,323.0,3.250679411,0.00599875,0.0,0.0,20.06067439,2.32244926,0
MAST1,4713,0.405405405,0.0,0.0,0.567567568,0.0,1.0,0.027027027,0.0,1.0,0.0,1.3125,1.375,1.0,1.0,0.564015792,0.887012424,1937827.0,226.0,0.03240132,0.000173732,39,0.0,0.0,0.0,0.0,0.0,0.0,1.0,0.0,0,0.0,0.0,0.0,22.0,0.0,0.0,0.0,0.0,0.0,14.0,1.0,0.0,1.0,0.0,0.0,0.0,36.0,1.0,33.0,17.58552778,97.59447248,21.55338316,4.342418489,0.331345924,0.058902622,183.0,-0.217741364,0.011615223,198.0,0.272461885,0.037528204,381.0,2.343106879,0.321447129,0.1115145,0.01451736,19.55490747,9.744816104,0
HLA-DQA2,768,0.4,0.0,0.0,0.6,0.0,1.0,0.0,0.0,1.0,0.0,1.0,1.0,1.0,1.0,0.32404407,0.689201476,1373102.0,417.0,0.03668247,0.0,0,0.0,0.0,0.0,0.0,0.0,0.0,0.0,0.0,0,0.0,0.0,0.0,2.0,0.0,0.0,0.0,0.0,0.0,2.0,0.0,0.0,0.0,0.0,0.0,0.0,4.0,0.0,4.0,11.9925,109.8568257,21.8870142,1.820461457,0.299838949,0.035280191,257.0,-0.331111584,0.05649705,202.0,0.313601634,0.044755999,459.0,3.027062414,0.37013962,0.1115145,0.01451736,20.06067439,2.32244926,0
GAGE12J,354,0.5,0.0,0.0,0.5,0.0,1.0,0.0,0.0,1.0,0.0,0.5,0.5,1.0,1.0,0.358551452,0.72631162,547555.5,444.4009898,0.02540859,0.0,0,0.0,0.0,0.0,0.0,0.0,0.0,0.0,0.0,0,0.0,0.0,0.0,1.0,0.0,0.0,0.0,0.0,0.0,1.0,0.0,0.0,0.0,0.0,0.0,0.0,2.0,0.0,2.0,8.264,90.747392,15.70255642,2.947925358,0.245614938,0.026903954,81.0,-0.286326205,0.044753349,166.0,0.272975547,0.03913351,247.0,0.167130431,0.385487915,0.1115145,0.01451736,16.54819157,2.368409631,0
STYK1,1269,0.285714286,0.0,0.0,0.714285714,0.0,1.0,0.0,0.0,1.0,0.0,1.666666667,1.666666667,1.0,1.0,0.559910414,0.884646407,408572.5,432.0,-0.000443772,0.0,1,0.0,0.0,0.0,0.0,0.0,0.0,0.0,0.0,0,0.0,0.0,0.0,5.0,0.0,0.0,0.0,0.0,0.0,2.0,0.0,0.0,0.0,0.0,0.0,0.0,7.0,0.0,6.0,18.00614286,106.8060108,14.06393565,0.105713729,0.316022222,0.062729966,243.0,-0.273439844,0.030968036,128.0,0.301330728,0.052069224,371.0,2.914249801,0.235456596,0.092211005,0.01303151,16.41591989,2.228812371,0
CES3,1716,0.125,0.0,0.0,0.75,0.0,1.0,0.125,0.0,1.0,0.0,3.0,3.5,1.0,1.0,0.379506641,0.747204244,993494.8,135.0,0.04133463,5.11e-06,3,0.0,0.0,0.0,0.0,0.0,0.0,1.0,0.0,0,0.0,0.0,0.0,6.0,0.0,0.0,0.0,0.0,0.0,1.0,0.0,0.0,1.0,0.0,0.0,0.0,7.0,0.0,7.0,9.972,96.57565867,20.4152963,3.544267158,0.240634777,0.021652128,157.0,-0.306296429,0.032463508,210.0,0.278206839,0.028824948,366.0,3.159229104,0.115694023,0.1115145,0.01451736,20.06067439,2.32244926,0
OR52E4,939,0.0,0.083333333,0.0,0.833333333,0.0,1.0,0.083333333,0.0,0.907019018,0.0,10.0,12.0,0.277623542,1.0,0.290360046,0.649429032,262387.3,914.0,-0.01324354,0.0,0,0.0,0.0,0.0,0.0,0.0,0.0,1.0,0.0,0,0.0,0.0,0.0,10.0,1.0,0.0,0.0,0.0,0.0,0.0,0.0,0.0,1.0,0.0,0.0,0.0,11.0,0.0,12.0,21.81272727,53.33944182,21.8870142,1.820461457,0.191711783,0.006627035,129.0,-0.249862018,0.016208948,223.0,0.228551278,0.013455823,352.0,1.491446658,0.928045104,0.1115145,0.01451736,20.06067439,2.32244926,0
DMRT2,1686,0.227272727,0.0,0.0,0.681818182,0.0,1.0,0.090909091,0.0,0.979614198,0.0,2.5,2.833333333,1.0,1.0,0.367511944,0.735391202,71695.08,845.0,0.004235635,0.0,0,0.0,0.0,0.0,0.0,0.0,0.0,2.0,0.0,0,0.0,0.0,0.0,15.0,0.0,0.0,0.0,0.0,0.0,5.0,0.0,0.0,2.0,0.0,0.0,0.0,20.0,0.0,20.0,18.74965,83.88069477,19.06519706,1.784437605,0.270602857,0.027426269,167.0,-0.303533709,0.046159953,363.0,0.293134492,0.040416014,530.0,1.887685122,0.974532185,0.170747283,0.03348582,19.42690074,4.215989606,0
PCDH15,5889,0.196969697,0.060606061,0.015151515,0.704545455,0.0,1.0,0.022727273,0.0,0.939662191,0.0,3.444444444,3.925925926,0.609013398,1.0,0.187265918,0.500978587,2832.0,1222.0,-0.04077804,0.0,1,0.0,0.0,0.0,0.0,0.0,0.0,2.0,1.0,0,0.0,0.0,5.0,118.0,12.0,0.0,0.0,0.0,0.0,32.0,7.0,0.0,2.0,5.0,1.0,0.0,168.0,1.0,111.0,18.462875,106.684711,16.42104575,0.533099968,0.211404397,0.011667524,141.0,-0.328809328,0.049481952,253.0,0.286793858,0.039060839,394.0,1.658941768,1.412506913,0.1115145,0.01451736,20.06067439,2.32244926,0
SCARB2,1437,0.166666667,0.0,0.0,0.833333333,0.0,1.0,0.0,0.0,1.0,0.0,2.5,2.5,1.0,1.0,0.038124285,0.162672657,515812.8,403.0,0.03883936,0.000140337,15,0.0,0.0,0.0,0.0,0.0,0.0,0.0,0.0,0,0.0,0.0,0.0,4.0,0.0,0.0,0.0,0.0,0.0,1.0,1.0,0.0,0.0,0.0,0.0,0.0,6.0,0.0,5.0,23.195,54.81711,26.69818332,0.598542686,0.245267265,0.02977038,117.0,-0.240863208,0.017659597,212.0,0.242429392,0.021893297,329.0,3.801404465,0.002339981,0.03671163,0.008716143,16.48509655,5.133437143,0
GLRA3,1395,0.166666667,0.125,0.0,0.666666667,0.0,1.0,0.041666667,0.0,0.909123212,0.0,3.2,4.0,0.619578686,1.0,0.481695568,0.833546708,62161.38,797.0,-0.01496206,0.0,0,0.0,0.0,0.0,0.0,0.0,0.0,1.0,0.0,0,0.0,0.0,0.0,15.0,3.0,0.0,0.0,0.0,0.0,4.0,0.0,0.0,1.0,0.0,0.0,0.0,22.0,0.0,20.0,25.303,143.4131408,14.56249206,0.287425685,0.20321662,0.019206479,71.0,-0.287353867,0.026711318,300.0,0.271252129,0.026317742,371.0,1.713603979,0.929504113,0.147954534,0.028002307,20.06067439,2.32244926,0
FZD1,1944,0.25,0.0,0.0,0.6875,0.0,1.0,0.0,0.0625,1.0,0.0,2.2,2.4,1.0,1.0,0.189609405,0.504889854,64493.08,946.0,-0.001940593,3.63e-06,4,0.0,0.0,0.0,0.0,0.0,0.0,0.0,0.0,0,0.0,1.0,0.0,11.0,0.0,0.0,0.0,0.0,0.0,4.0,0.0,0.0,0.0,0.0,1.0,0.0,15.0,0.0,16.0,22.70873333,88.5563035,21.99487057,0.745887772,0.311895392,0.035631716,408.0,-0.242608971,0.012799669,68.0,0.301997332,0.032925249,476.0,3.476899338,0.019227323,0.043899969,0.006140136,20.06067439,2.32244926,0
DLEU7,483,0.571428571,0.142857143,0.0,0.0,0.0,1.0,0.285714286,0.0,0.758039271,0.0,0.0,0.6,0.070982396,1.0,1.0,1.0,136984.9,649.0,0.0305689,0.0,0,0.0,0.0,0.0,0.0,0.0,0.0,1.0,1.0,0,0.0,0.0,0.0,1.0,1.0,0.0,0.0,0.0,0.0,5.0,0.0,0.0,1.0,0.0,1.0,0.0,7.0,0.0,9.0,17.34714286,82.12525714,21.8870142,1.820461457,0.295566234,0.03585609,154.0,-0.308770663,0.035463002,331.0,0.304586543,0.035551707,485.0,2.504300035,0.219183476,0.66270871,0.044491287,20.06067439,2.32244926,0
PAICS,1299,0.111111111,0.222222222,0.0,0.555555556,0.0,1.0,0.111111111,0.0,0.833333333,0.0,2.5,4.0,0.425531915,1.0,0.440140845,0.801347051,662749.1,594.0,0.0269086,0.000138076,74,0.0,0.0,0.0,0.0,0.0,0.0,0.0,1.0,0,0.0,0.0,1.0,5.0,2.0,0.0,0.0,0.0,0.0,1.0,0.0,0.0,0.0,0.0,1.0,0.0,9.0,0.0,9.0,25.76511111,111.6969951,27.64158907,0.404109202,0.264711983,0.05399165,116.0,-0.228445053,0.014281937,188.0,0.24228375,0.029617547,304.0,3.685265944,0.008284303,0.055321486,0.011908205,22.60026915,1.434631465,0
MAGEB17,1011,0.384615385,0.076923077,0.0,0.538461538,0.0,1.0,0.0,0.0,1.0,0.0,1.166666667,1.333333333,0.483558994,1.0,0.465549348,0.821479133,649122.9543,444.4009898,0.019888568,0.0,0,0.0,0.0,0.0,0.0,0.0,0.0,0.0,0.0,0,0.0,0.0,0.0,7.0,1.0,0.0,0.0,0.0,0.0,5.0,0.0,0.0,0.0,0.0,0.0,0.0,13.0,0.0,12.0,7.372538462,77.65004444,14.81789186,2.257873238,0.263816402,0.037068399,190.1320168,-0.262379274,0.034993589,187.6534411,0.272484272,0.039786023,377.6466786,1.29407028,0.880962314,0.1115145,0.01451736,15.78167424,4.474389111,0
PRKACA,1056,0.4,0.0,0.0,0.6,0.0,1.0,0.0,0.0,1.0,0.0,1.2,1.2,1.0,1.0,0.206654267,0.532487722,1034381.0,321.0,0.03587211,0.001362784,124,0.0,0.0,0.0,0.0,0.0,0.0,0.0,0.0,0,0.0,0.0,1.0,6.0,0.0,0.0,0.0,0.0,0.0,4.0,0.0,0.0,0.0,0.0,0.0,0.0,11.0,0.0,10.0,18.50018182,124.1680934,26.03845622,0.464344003,0.31702439,0.060636179,164.0,-0.221202421,0.013183641,190.0,0.26559452,0.037347353,354.0,3.347863656,0.014729195,0.044736554,0.013362701,22.15900392,4.775712919,1
C3ORF18,489,0.0,0.0,0.0,1.0,0.0,1.0,0.0,0.0,1.0,0.0,3.0,3.0,1.0,1.0,0.062007813,0.23442022,603887.3,293.0,0.0518709,0.0,0,5.0,0.0,0.0,0.0,0.0,0.0,0.0,0.0,0,0.0,0.0,1.0,3.0,0.0,0.0,0.0,0.0,0.0,0.0,0.0,0.0,2.0,0.0,0.0,0.0,7.0,0.0,9.0,11.212,151.8506677,13.67206178,0.01771134,0.216923679,0.016838827,106.0,-0.278043295,0.021427302,434.0,0.266045741,0.021084127,540.0,3.070498654,0.027939686,0.060253601,0.00932442,20.06067439,2.32244926,0
CREB3L2,1563,0.4,0.1,0.2,0.3,0.0,1.0,0.0,0.0,0.856863624,0.0,0.6,1.2,0.141302812,1.0,0.879507476,0.992430268,227555.7,553.0,0.02042013,5.38e-05,13,0.0,0.0,0.0,0.0,0.0,0.0,0.0,0.0,0,0.0,0.0,3.0,3.0,1.0,0.0,0.0,0.0,0.0,4.0,3.0,0.0,0.0,0.0,2.0,0.0,12.0,0.0,14.0,20.27308333,243.631405,18.58351711,1.092844982,0.305195549,0.030605783,337.0,-0.248731491,0.022197751,114.0,0.290923038,0.029029938,451.0,3.610130543,0.011178763,0.082153121,0.010406667,18.45533439,0.808016087,1
SLC6A1,1800,0.4,0.133333333,0.0,0.466666667,0.0,1.0,0.0,0.0,0.965872263,0.0,1.0,1.285714286,0.123946455,1.0,0.386100386,0.753535859,154959.7,444.0,0.03621173,0.0,2,0.0,0.0,0.0,0.0,0.0,0.0,0.0,0.0,0,0.0,0.0,0.0,6.0,2.0,0.0,0.0,0.0,0.0,6.0,1.0,0.0,0.0,0.0,0.0,0.0,15.0,0.0,12.0,22.40626667,163.9505386,22.42389426,5.983153809,0.230430977,0.018755287,132.0,-0.2710745,0.018694319,380.0,0.26053729,0.018991381,512.0,2.821458476,0.213376647,0.300892809,0.034389008,21.28193495,0.730566969,0
GFRA4,900,0.6,0.0,0.0,0.4,0.0,1.0,0.0,0.0,1.0,0.0,0.5,0.5,1.0,1.0,0.775193798,0.972590867,942841.7,353.0,0.03187171,0.0,1,0.0,0.0,0.0,0.0,0.0,0.0,0.0,0.0,0,0.0,0.0,1.0,2.0,0.0,0.0,0.0,0.0,0.0,3.0,0.0,0.0,0.0,0.0,0.0,0.0,6.0,0.0,6.0,14.10133333,70.62324387,21.8870142,1.820461457,0.301913174,0.034861618,293.0,-0.265143433,0.024303164,134.0,0.290374192,0.031775185,427.0,0.130808471,0.169114533,0.1115145,0.01451736,20.06067439,2.32244926,0
CXORF38,960,0.25,0.0,0.0,0.5,0.0,1.0,0.25,0.0,1.0,0.0,1.0,1.5,1.0,1.0,0.524109015,0.862712564,467563.1,444.4009898,0.06318078,0.0,0,0.0,0.0,0.0,0.0,0.0,0.0,0.0,1.0,0,0.0,0.0,0.0,2.0,0.0,0.0,0.0,0.0,0.0,1.0,0.0,0.0,0.0,0.0,1.0,0.0,3.0,0.0,4.0,15.03366667,113.5198703,23.68715809,0.225620285,0.204706515,0.01531291,66.0,-0.292696108,0.045363535,185.0,0.269559402,0.038875402,251.0,3.46356786,0.003945212,0.077539755,0.017024467,20.06067439,2.32244926,0
DUSP19,654,0.0,0.666666667,0.0,0.333333333,0.0,1.0,0.0,0.0,0.579380164,0.0,1.0,3.0,0.140864911,1.0,0.742390497,0.963533703,350473.8,524.0,0.02025244,1.09e-05,13,0.0,0.0,0.0,0.0,0.0,0.0,0.0,0.0,0,0.0,0.0,0.0,1.0,2.0,0.0,0.0,0.0,0.0,0.0,0.0,0.0,0.0,0.0,0.0,0.0,3.0,0.0,3.0,34.73333333,63.61333333,20.44141972,2.03468487,0.242204889,0.020821468,225.0,-0.202440968,0.009104891,62.0,0.233614774,0.018518398,287.0,3.006876953,0.023876074,0.1115145,0.01451736,20.06067439,2.32244926,0
SRFBP1,1290,0.166666667,0.0,0.0,0.5,0.0,1.0,0.25,0.083333333,0.889471473,0.0,2.0,3.333333333,1.0,1.0,0.194250194,0.512550173,70781.04,809.0,-0.004246371,8.24e-07,5,0.0,0.0,0.0,0.0,0.0,0.0,2.0,1.0,0,1.0,0.0,0.0,6.0,0.0,0.0,0.0,0.0,0.0,2.0,0.0,0.0,3.0,0.0,1.0,0.0,8.0,0.0,11.0,14.051875,94.4839627,23.29921765,0.27524679,0.268685742,0.016565732,155.0,-0.265625534,0.02096966,253.0,0.266788113,0.019253998,408.0,3.369933601,0.005330932,0.040336808,0.006592369,24.62825112,0.899769452,0
TPSD1,729,0.4,0.0,0.0,0.6,0.0,1.0,0.0,0.0,1.0,0.0,1.0,1.0,1.0,1.0,0.213174163,0.542665909,1150864.0,215.0,0.03584353,0.0,0,0.0,0.0,0.0,0.0,0.0,0.0,0.0,0.0,0,0.0,0.0,1.0,3.0,0.0,0.0,0.0,0.0,0.0,2.0,0.0,0.0,0.0,0.0,0.0,0.0,6.0,0.0,5.0,9.804833333,64.88842457,21.8870142,1.820461457,0.24341392,0.01631752,199.0,-0.238207419,0.017805029,155.0,0.241134237,0.016926927,354.0,1.806253483,1.138799049,0.1115145,0.01451736,20.06067439,2.32244926,0
ERG,1461,0.272727273,0.090909091,0.0,0.636363636,0.0,1.0,0.0,0.0,1.0,0.0,1.75,2.0,0.484027106,1.0,0.455580866,0.813750363,162262.4,418.0,0.004462245,7.78e-05,77,0.0,0.0,0.0,0.0,0.0,0.0,0.0,0.0,0,0.0,0.0,2.0,7.0,1.0,0.0,0.0,0.0,0.0,3.0,0.0,0.0,0.0,0.0,0.0,0.0,13.0,0.0,13.0,21.06023077,154.2515172,20.42384216,1.355306741,0.240934405,0.017308394,84.0,-0.275163144,0.027647627,264.0,0.266901034,0.025310035,348.0,3.267680081,0.021427933,0.09411838,0.015645913,23.00808534,1.99761538,1
LACC1,1293,0.125,0.0,0.0,0.75,0.0,1.0,0.125,0.0,1.0,0.0,3.0,3.5,1.0,1.0,0.638569604,0.924983779,139965.2,346.0,0.04524854,0.00015243,28,0.0,0.0,0.0,0.0,0.0,0.0,1.0,0.0,0,0.0,0.0,0.0,6.0,0.0,0.0,0.0,0.0,0.0,1.0,0.0,0.0,1.0,0.0,0.0,0.0,7.0,0.0,6.0,19.54,52.57216667,21.11246763,1.34687689,0.290795096,0.034222598,157.0,-0.306032485,0.032165518,326.0,0.301079545,0.032815605,483.0,3.325712599,0.016302178,0.111070202,0.018692488,20.06067439,2.32244926,0
JAKMIP1,2496,0.378378378,0.027027027,0.027027027,0.540540541,0.0,1.0,0.027027027,0.0,0.944202853,0.0,1.333333333,1.533333333,0.553403431,1.0,0.297796307,0.658530542,366025.8,678.0,0.04101136,0.0,1,0.0,0.0,0.0,0.0,0.0,0.0,0.0,1.0,0,0.0,0.0,0.0,21.0,1.0,0.0,0.0,0.0,0.0,13.0,3.0,0.0,0.0,2.0,1.0,0.0,36.0,0.0,35.0,18.51561111,134.5559458,20.55290763,3.933352523,0.256850179,0.026961861,112.0,-0.256308063,0.020336627,253.0,0.256474411,0.022301152,365.0,2.609073024,0.165468053,0.174700697,0.028469715,19.41381468,1.404795496,0
GUCA1A,606,0.2,0.1,0.0,0.6,0.0,1.0,0.1,0.0,0.879588002,0.0,2.0,2.666666667,0.284333239,1.0,0.386697602,0.754103743,524385.5,273.0,0.04280537,0.0,1,0.0,0.0,0.0,0.0,0.0,0.0,1.0,0.0,0,0.0,0.0,2.0,6.0,1.0,0.0,0.0,0.0,0.0,2.0,0.0,0.0,1.0,0.0,0.0,0.0,11.0,0.0,12.0,22.19945455,92.91273127,21.8870142,1.820461457,0.325781694,0.122552973,183.0,-0.249381938,0.018950761,129.0,0.294193333,0.080938843,312.0,1.33198176,0.76152314,0.1115145,0.01451736,20.06067439,2.32244926,0
ACOT12,1668,0.260869565,0.086956522,0.043478261,0.565217391,0.0,1.0,0.043478261,0.0,0.92310792,0.0,1.857142857,2.428571429,0.228571429,1.0,0.389559797,0.756812584,114955.8,831.0,0.0155124,0.0,0,0.0,0.0,0.0,0.0,0.0,0.0,0.0,1.0,0,0.0,0.0,0.0,14.0,2.0,0.0,0.0,0.0,0.0,6.0,1.0,0.0,0.0,0.0,1.0,0.0,22.0,1.0,22.0,20.31518182,125.2919049,18.4906617,1.121371637,0.251291653,0.032099596,121.0,-0.267940554,0.019564415,289.0,0.263027098,0.023252187,410.0,0.855765201,0.712892212,0.1115145,0.01451736,20.06067439,2.32244926,0
UTY,4335,0.2,0.0,0.2,0.6,0.0,1.0,0.0,0.0,1.0,0.0,1.5,2.0,0.317863954,1.0,0.621118012,0.916915639,649122.9543,444.4009898,0.019888568,4.55e-07,4,0.0,0.0,0.0,0.0,0.0,0.0,0.0,0.0,0,0.0,0.0,0.0,3.0,0.0,0.0,0.0,0.0,0.0,1.0,1.0,0.0,0.0,0.0,0.0,0.0,5.0,0.0,3.0,20.842,22.45082,18.82809949,2.734429554,0.263816402,0.037068399,190.1320168,-0.262379274,0.034993589,187.6534411,0.272484272,0.039786023,377.6466786,2.253668403,2.073988501,0.053931184,0.005976077,18.42936014,3.724785867,0
GPR52,1086,0.363636364,0.090909091,0.0,0.363636364,0.0,1.0,0.181818182,0.0,0.875048115,0.0,0.8,1.4,0.226090889,1.0,0.816326531,0.981992526,649122.9543,444.4009898,0.019888568,8.01e-05,29,0.0,0.0,0.0,0.0,0.0,0.0,1.0,1.0,0,0.0,0.0,0.0,4.0,1.0,0.0,0.0,0.0,0.0,4.0,0.0,0.0,1.0,0.0,1.0,0.0,9.0,0.0,10.0,20.64311111,143.8919429,21.8870142,1.820461457,0.278401308,0.025581834,390.0,-0.217514688,0.018604305,32.0,0.273784313,0.025267699,422.0,2.266917402,1.418249065,0.1115145,0.01451736,20.06067439,2.32244926,0
TRMT61A,870,0.0,0.0,0.0,1.0,0.0,1.0,0.0,0.0,0.898226518,0.0,7.0,7.0,1.0,1.0,0.00103,0.008114542,900930.1,225.0,0.03762441,1.48e-05,20,4.0,0.0,0.0,0.0,0.0,0.0,0.0,0.0,0,0.0,0.0,0.0,8.0,0.0,0.0,0.0,0.0,0.0,0.0,0.0,0.0,0.0,1.0,0.0,0.0,11.0,0.0,12.0,16.88045455,166.9199031,23.40089009,0.387841762,0.274843468,0.041683075,173.0,-0.281670117,0.020793296,256.0,0.278917179,0.029150912,429.0,3.32478469,0.009984,0.1115145,0.01451736,17.03707012,0.902374974,0
MRPS11,585,0.333333333,0.0,0.0,0.666666667,0.0,1.0,0.0,0.0,1.0,0.0,1.0,1.0,1.0,1.0,0.687285223,0.945021238,212295.7,630.0,0.003768503,2.09e-05,34,0.0,0.0,0.0,0.0,0.0,0.0,0.0,0.0,0,0.0,0.0,0.0,1.0,0.0,0.0,0.0,0.0,0.0,1.0,1.0,0.0,0.0,0.0,0.0,0.0,3.0,0.0,3.0,10.28066667,11.49944133,24.10300638,0.32897339,0.284491525,0.048095877,118.0,-0.251717136,0.018926323,220.0,0.263159083,0.029242086,338.0,3.353881797,0.005237997,0.086340715,0.008412657,15.91863996,2.975723612,0
TUB,1686,0.1,0.05,0.0,0.8,0.0,1.0,0.05,0.0,0.953724357,0.0,5.333333333,6.0,0.674763833,1.0,0.135648399,0.40663172,189808.3,555.0,0.01169291,2.19e-07,4,0.0,0.0,0.0,0.0,0.0,0.0,1.0,0.0,0,0.0,0.0,1.0,16.0,1.0,0.0,0.0,0.0,0.0,2.0,1.0,0.0,1.0,1.0,0.0,0.0,20.0,0.0,20.0,22.2701,103.7924402,19.56667466,3.83715213,0.19465053,0.012546457,132.0,-0.252271075,0.017044193,214.0,0.230288671,0.016072636,346.0,3.213167145,0.065798595,0.163088774,0.017356944,16.97993726,4.236206323,0
ZNF841,2775,0.111111111,0.111111111,0.0,0.703703704,0.0,1.0,0.074074074,0.0,0.878412511,0.0,4.75,6.0,0.295857988,1.0,0.465983225,0.821810645,649122.9543,444.4009898,0.019888568,0.0,0,0.0,0.0,0.0,0.0,0.0,0.0,2.0,0.0,0,0.0,0.0,2.0,19.0,3.0,0.0,0.0,0.0,0.0,3.0,0.0,0.0,2.0,0.0,0.0,0.0,27.0,0.0,23.0,13.70022222,85.01494079,16.16568632,2.262279755,0.26718,0.035440751,182.0,-0.264826824,0.024674381,170.0,0.266043523,0.030157359,352.0,3.470369572,0.011679611,0.099028785,0.008803219,20.06067439,2.32244926,0
TMED1,684,0.333333333,0.0,0.0,0.666666667,0.0,1.0,0.0,0.0,1.0,0.0,1.0,1.0,1.0,1.0,0.216403376,0.547632792,2054203.0,208.0,0.02980261,1.82e-06,7,0.0,0.0,0.0,0.0,0.0,0.0,0.0,0.0,0,0.0,0.0,1.0,2.0,0.0,0.0,0.0,0.0,0.0,1.0,0.0,0.0,0.0,0.0,1.0,0.0,3.0,0.0,4.0,21.68266667,183.3865013,23.96861756,0.402119508,0.324074551,0.06453049,167.0,-0.218056214,0.01193041,206.0,0.265522869,0.038157142,373.0,3.371263089,0.005446189,0.078314803,0.012131254,20.06067439,2.32244926,0
C2ORF42,1725,0.3,0.1,0.0,0.4,0.0,1.0,0.2,0.0,0.856863624,0.0,1.0,1.75,0.399680256,1.0,0.402414487,0.768721392,677043.3,143.0,0.04241226,4.93e-07,3,0.0,0.0,0.0,0.0,0.0,0.0,2.0,0.0,0,0.0,0.0,0.0,4.0,1.0,0.0,0.0,0.0,0.0,3.0,0.0,0.0,2.0,0.0,0.0,0.0,8.0,0.0,10.0,21.64325,121.9125419,20.72929798,2.119153201,0.243675822,0.02164034,225.0,-0.2003425,0.011911876,44.0,0.236587844,0.020256547,269.0,3.232547786,0.002823824,0.033454824,0.008520007,20.06067439,2.32244926,0
CXXC4,1104,0.25,0.0,0.0,0.75,0.0,1.0,0.0,0.0,1.0,0.0,2.0,2.0,1.0,1.0,0.123762376,0.382350479,18497.69,982.0,0.01793113,3.14e-07,2,0.0,0.0,0.0,0.0,0.0,0.0,0.0,0.0,0,0.0,0.0,0.0,6.0,0.0,0.0,0.0,0.0,0.0,2.0,0.0,0.0,0.0,0.0,0.0,0.0,8.0,0.0,8.0,21.975,60.46785714,17.70798687,1.41002324,0.1888345,0.009116685,80.0,-0.2585012,0.019461723,250.0,0.241612303,0.01781257,330.0,2.886916109,0.172081991,0.1115145,0.01451736,15.27620167,1.475867134,0
FGFR4,2409,0.041666667,0.166666667,0.0,0.708333333,0.0,1.0,0.083333333,0.0,0.859052146,0.0,8.5,11.5,0.023995201,1.0,0.017086715,0.086620316,1070874.0,201.0,0.04604354,0.000104309,5,0.0,0.0,0.0,0.0,0.0,0.0,2.0,0.0,0,0.0,0.0,8.0,16.0,4.0,0.0,0.0,0.0,0.0,1.0,1.0,0.0,4.0,0.0,0.0,0.0,28.0,0.0,30.0,22.86696429,190.109103,16.32557542,0.99611024,0.281007028,0.01894238,212.0,-0.24581169,0.015392541,213.0,0.263367953,0.017433192,425.0,3.022856498,0.141617409,0.08608475,0.009621874,20.18888644,2.868369967,1
SYT12,1266,0.333333333,0.0,0.083333333,0.583333333,0.0,1.0,0.0,0.0,1.0,0.0,1.4,1.6,0.366166239,1.0,0.504540868,0.849700523,1643265.0,152.0,0.04737576,6.63e-08,3,0.0,0.0,0.0,0.0,0.0,0.0,0.0,0.0,0,0.0,0.0,0.0,7.0,0.0,0.0,0.0,0.0,0.0,4.0,1.0,0.0,0.0,0.0,0.0,0.0,12.0,0.0,11.0,20.42558333,78.25776681,23.12055423,0.719066673,0.289409763,0.064010944,211.0,-0.220031149,0.014725895,87.0,0.269154933,0.050522672,298.0,2.837059255,0.294929953,0.1115145,0.01451736,21.56595917,5.687241212,0
FCN1,981,0.230769231,0.076923077,0.0,0.615384615,0.0,1.0,0.076923077,0.0,0.958424899,0.0,2.0,2.5,0.463177397,1.0,0.33932813,0.706069801,237561.8,489.0,0.03521418,2.45e-05,15,7.0,0.0,0.0,0.0,0.0,0.0,1.0,0.0,0,0.0,0.0,0.0,8.0,1.0,0.0,0.0,0.0,0.0,3.0,0.0,0.0,3.0,0.0,0.0,0.0,17.0,0.0,18.0,9.608764706,115.4498834,22.8117878,2.032244333,0.257242292,0.017337769,144.0,-0.244327558,0.016951939,258.0,0.248953731,0.017085695,402.0,3.075844146,0.069933081,0.1115145,0.01451736,20.06067439,2.32244926,0
WRN,4299,0.259259259,0.037037037,0.074074074,0.555555556,0.0,1.0,0.074074074,0.0,0.909569536,0.0,1.875,2.5,0.321646832,1.0,0.983284169,0.999859505,283980.8,708.0,0.002288165,0.000137917,46,0.0,0.0,0.0,0.0,0.0,0.0,1.0,1.0,0,0.0,0.0,0.0,14.0,1.0,0.0,0.0,0.0,0.0,7.0,3.0,0.0,1.0,0.0,1.0,0.0,25.0,0.0,24.0,16.41292,112.5434107,21.54230289,0.857734595,0.268723862,0.032585112,145.0,-0.311730814,0.033091815,381.0,0.299875285,0.033259822,526.0,3.47800183,0.004890035,0.06805509,0.013452016,19.92331154,0.9158432,0
MRPL2,918,0.0,0.0,0.0,1.0,0.0,1.0,0.0,0.0,1.0,0.0,2.0,2.0,1.0,1.0,0.243842965,0.587961679,1239021.0,301.0,0.04199543,2.23e-05,37,1.0,0.0,0.0,0.0,0.0,0.0,0.0,0.0,0,0.0,0.0,0.0,1.0,1.0,0.0,0.0,0.0,0.0,1.0,0.0,0.0,0.0,0.0,1.0,0.0,3.0,0.0,4.0,15.695,135.208075,21.48671724,0.694990787,0.31110129,0.065984543,186.0,-0.250526172,0.019448184,128.0,0.286408248,0.047780433,314.0,3.289844483,0.007305896,0.07072078,0.014033966,20.06067439,2.32244926,0
CSF1,1665,0.125,0.125,0.0,0.75,0.0,1.0,0.0,0.0,1.0,0.0,3.0,3.5,0.509943906,1.0,0.789265983,0.976047278,785919.3,216.0,0.03010972,4.29e-06,7,0.0,0.0,0.0,0.0,0.0,0.0,0.0,0.0,0,0.0,0.0,0.0,6.0,1.0,0.0,0.0,0.0,0.0,1.0,0.0,0.0,0.0,0.0,0.0,0.0,8.0,0.0,7.0,18.817,101.2930549,19.69182062,1.905980897,0.203886777,0.01224865,121.0,-0.236155022,0.014856299,229.0,0.224999429,0.014153317,350.0,3.422207794,0.020060291,0.059019383,0.005799657,17.63045531,3.098557245,0
MTPAP,1749,0.25,0.125,0.0,0.5625,0.0,1.0,0.0625,0.0,0.925704883,0.0,1.8,2.4,0.34940601,1.0,0.713266762,0.95427945,91344.12,331.0,0.01181457,2.99e-05,9,0.0,0.0,0.0,0.0,0.0,0.0,0.0,1.0,0,0.0,0.0,0.0,9.0,2.0,0.0,0.0,0.0,0.0,4.0,0.0,0.0,0.0,0.0,1.0,0.0,15.0,0.0,16.0,16.6596,120.8860198,24.14531415,0.786894948,0.268309286,0.036827799,140.0,-0.326043074,0.048216123,231.0,0.304256739,0.044592772,371.0,3.439558977,0.003559083,0.020732356,0.001230316,15.71506021,1.170163057,0
DHRS7C,939,0.476190476,0.047619048,0.0,0.476190476,0.0,1.0,0.0,0.0,1.0,0.0,0.909090909,1.0,0.719942405,1.0,0.700280112,0.949772314,77786.08,204.0,-0.06184167,0.0,0,0.0,0.0,0.0,0.0,0.0,0.0,0.0,0.0,0,0.0,0.0,0.0,10.0,0.0,0.0,0.0,0.0,0.0,10.0,0.0,0.0,0.0,0.0,0.0,0.0,20.0,0.0,17.0,16.5161,77.58632104,20.77022948,0.824093395,0.291546528,0.32134721,72.0,-0.281462268,0.020849475,441.0,0.282877602,0.062491632,513.0,0.213263977,0.294282602,0.1115145,0.01451736,20.06067439,2.32244926,0
PIGR,2295,0.233333333,0.066666667,0.066666667,0.5,0.0,1.0,0.133333333,0.0,0.836963962,0.0,1.875,2.875,0.028170601,1.0,0.786163522,0.975306969,467960.1,385.0,0.02643413,4.38e-05,15,0.0,0.0,0.0,0.0,0.0,0.0,3.0,1.0,0,0.0,0.0,0.0,17.0,2.0,0.0,0.0,0.0,0.0,5.0,4.0,0.0,4.0,2.0,1.0,0.0,25.0,0.0,26.0,14.12412,120.0532044,26.4825334,5.900822407,0.287946455,0.03256748,378.0,-0.2434025,0.022040459,40.0,0.283683876,0.031676953,418.0,3.425474822,0.504063793,0.1115145,0.01451736,26.15453292,4.968056666,0
RASSF9,1308,0.230769231,0.153846154,0.0,0.615384615,0.0,1.0,0.0,0.0,0.958424899,0.0,2.0,2.5,0.617665225,1.0,0.893655049,0.994133538,22407.5,552.0,-0.02685832,0.000133488,36,0.0,0.0,0.0,0.0,0.0,0.0,0.0,0.0,0,0.0,0.0,0.0,8.0,2.0,0.0,0.0,0.0,0.0,3.0,0.0,0.0,0.0,0.0,0.0,0.0,13.0,0.0,13.0,18.53307692,148.2434439,15.39595204,0.436582683,0.214307342,0.012244027,158.0,-0.214992817,0.013194453,142.0,0.2146318,0.012651389,300.0,3.133134407,0.116615017,0.1115145,0.01451736,20.06067439,2.32244926,0
WLS,1632,0.166666667,0.083333333,0.0,0.75,0.0,1.0,0.0,0.0,1.0,0.0,3.0,3.333333333,0.654022237,1.0,0.46641791,0.822142371,331084.8,524.0,-0.02025652,1.52e-05,7,0.0,0.0,0.0,0.0,0.0,0.0,0.0,0.0,0,0.0,0.0,2.0,9.0,1.0,1.0,0.0,0.0,0.0,3.0,1.0,0.0,0.0,0.0,0.0,0.0,17.0,0.0,15.0,20.22523529,100.1975668,23.11698345,1.205346278,0.201204696,0.012469202,115.0,-0.23006275,0.015549997,200.0,0.21952727,0.014575622,315.0,3.561844382,0.020800486,0.1115145,0.01451736,17.48709688,1.491974283,0
C15ORF48,252,1.0,0.0,0.0,0.0,0.0,1.0,0.0,0.0,1.0,0.0,0.0,0.0,1.0,1.0,1.0,1.0,214585.5,299.0,0.01552214,2.94e-08,2,0.0,0.0,0.0,0.0,0.0,0.0,0.0,0.0,0,0.0,0.0,0.0,0.0,0.0,0.0,0.0,0.0,0.0,1.0,0.0,0.0,0.0,0.0,0.0,0.0,1.0,0.0,1.0,15.98,0.0,23.95863625,3.762063977,0.206379559,0.011006342,68.0,-0.268328303,0.02252973,277.0,0.256118116,0.020828939,345.0,3.176917923,0.15506803,0.183093735,0.054660592,20.06067439,2.32244926,0
ZNF500,1443,0.222222222,0.0,0.0,0.777777778,0.0,1.0,0.0,0.0,1.0,0.0,2.333333333,2.333333333,1.0,1.0,0.2524615,0.599973875,706890.5,195.0,0.03258623,0.0,1,0.0,0.0,0.0,0.0,0.0,0.0,0.0,0.0,0,0.0,0.0,1.0,7.0,0.0,0.0,0.0,0.0,0.0,2.0,0.0,0.0,0.0,0.0,0.0,0.0,10.0,0.0,10.0,13.6036,56.02154382,17.10152661,3.307944071,0.249971071,0.023553293,196.0,-0.256324714,0.022177629,140.0,0.252618423,0.022922028,336.0,3.309250472,0.008684751,0.033872787,0.00804475,15.32623507,2.438037015,0
UQCC2,381,0.333333333,0.0,0.0,0.666666667,0.0,1.0,0.0,0.0,1.0,0.0,1.0,1.0,1.0,1.0,0.298418383,0.65928344,1551477.0,328.0,0.04047015,2.36e-05,10,0.0,0.0,0.0,0.0,0.0,0.0,0.0,0.0,0,0.0,0.0,0.0,2.0,0.0,0.0,0.0,0.0,0.0,1.0,0.0,0.0,0.0,0.0,0.0,0.0,3.0,0.0,3.0,21.49333333,57.50413333,23.91955551,0.556999569,0.247618547,0.018284758,179.0,-0.242705324,0.017147264,139.0,0.245470943,0.017737849,318.0,3.354539937,0.009194712,0.057615208,0.003319417,16.30528291,0.888583877,0
UQCR10,192,0.5,0.5,0.0,0.0,0.0,1.0,0.0,0.0,1.0,0.0,0.0,0.5,0.170183799,1.0,1.0,1.0,848648.8,195.0,0.03687788,8.98e-06,9,0.0,0.0,0.0,0.0,0.0,0.0,0.0,0.0,0,0.0,0.0,0.0,0.0,1.0,0.0,0.0,0.0,0.0,1.0,0.0,0.0,0.0,0.0,0.0,0.0,2.0,0.0,2.0,25.71,408.4082,25.19822201,0.479814297,0.272758369,0.044779072,141.0,-0.285823113,0.024090038,257.0,0.281194648,0.031364384,398.0,3.537017219,0.005812548,0.067580408,0.00600714,20.06067439,2.32244926,0
CAD,6678,0.3,0.025,0.05,0.6,0.0,1.0,0.025,0.0,0.953024544,0.0,1.846153846,2.153846154,0.337609723,1.0,0.46728972,0.822806462,1238919.0,230.0,0.03887446,0.000103769,86,0.0,0.0,0.0,0.0,0.0,0.0,0.0,1.0,0,0.0,0.0,3.0,24.0,1.0,0.0,0.0,0.0,0.0,11.0,3.0,0.0,0.0,0.0,1.0,0.0,42.0,0.0,37.0,21.48245238,94.82933879,26.08765186,0.344605499,0.247848142,0.023242794,226.0,-0.215309275,0.016189999,68.0,0.240237356,0.021722846,293.0,3.542874044,0.011551561,0.051561186,0.006631784,25.3083766,0.608296529,0
TPD52L1,615,0.25,0.0,0.25,0.5,0.0,1.0,0.0,0.0,1.0,0.0,1.0,1.5,0.561482313,1.0,0.415454923,0.7803827,124606.5,243.0,-0.02596812,1.75e-05,19,1.0,0.0,0.0,0.0,0.0,0.0,0.0,0.0,0,0.0,0.0,0.0,2.0,0.0,0.0,0.0,0.0,0.0,1.0,1.0,0.0,0.0,0.0,0.0,0.0,5.0,0.0,5.0,22.966,129.22918,24.32329959,1.562237332,0.251567547,0.026027054,106.0,-0.268312509,0.021802085,267.0,0.263553887,0.0229932,373.0,3.360772132,0.050913509,0.098474318,0.015225355,22.91923449,2.076790802,0
B3GNT7,1206,0.230769231,0.0,0.0,0.769230769,0.0,1.0,0.0,0.0,1.0,0.0,2.5,2.5,1.0,1.0,0.461254613,0.818175777,1124713.0,359.0,0.04197277,0.0,0,0.0,0.0,0.0,0.0,0.0,0.0,0.0,0.0,0,0.0,0.0,0.0,10.0,0.0,0.0,0.0,0.0,0.0,3.0,0.0,0.0,0.0,0.0,0.0,0.0,13.0,0.0,12.0,17.409,64.69893033,20.68371806,2.821692892,0.210926512,0.013401428,129.0,-0.268811267,0.022130575,150.0,0.242047348,0.018867705,279.0,3.182582145,0.067114958,0.324496517,0.030593808,17.27504471,1.084150734,0
FXYD4,270,0.0,0.0,0.0,1.0,0.0,1.0,0.0,0.0,1.0,0.0,1.0,1.0,1.0,1.0,0.273448182,0.62801289,388267.4,387.0,-0.001557868,0.0,0,0.0,0.0,0.0,0.0,0.0,0.0,0.0,0.0,0,0.0,0.0,0.0,2.0,0.0,0.0,0.0,0.0,0.0,0.0,0.0,0.0,0.0,1.0,0.0,0.0,1.0,0.0,2.0,21.4,0.0,19.15963678,0.526412118,0.235500328,0.02078571,122.0,-0.329113319,0.052198967,232.0,0.296851215,0.043268293,354.0,0.844387038,0.798573983,0.1115145,0.01451736,19.07745306,0.371241895,0
TMBIM4,717,0.090909091,0.090909091,0.0,0.636363636,0.0,1.0,0.181818182,0.0,0.875048115,0.0,3.5,5.0,0.568181818,1.0,0.464684015,0.820816748,243039.5,696.0,0.005424403,2.56e-06,10,0.0,0.0,0.0,0.0,0.0,0.0,1.0,1.0,0,0.0,0.0,1.0,6.0,1.0,0.0,0.0,0.0,0.0,1.0,1.0,0.0,1.0,0.0,1.0,0.0,10.0,0.0,9.0,22.7407,98.90419379,21.8870142,1.820461457,0.327497283,0.150028041,184.0,-0.215483723,0.018579945,94.0,0.289622194,0.108172168,278.0,3.548936607,0.006672876,0.04266579,0.008308595,20.06067439,2.32244926,0
IMMT,2277,0.333333333,0.066666667,0.066666667,0.533333333,0.0,1.0,0.0,0.0,0.965872263,0.0,1.333333333,1.666666667,0.408496732,1.0,0.589970501,0.901287753,872251.0,420.0,0.04245802,0.000622964,106,0.0,0.0,0.0,0.0,0.0,0.0,0.0,0.0,0,0.0,0.0,3.0,8.0,1.0,0.0,0.0,0.0,0.0,5.0,1.0,0.0,0.0,0.0,1.0,0.0,17.0,0.0,16.0,18.14070588,149.9939113,27.36754894,0.203760948,0.233362877,0.02016366,219.0,-0.204498372,0.014633658,43.0,0.228625573,0.019311255,262.0,3.642102035,0.00188801,0.035480054,0.008224773,20.86288559,1.762625025,0
CDH17,2499,0.588235294,0.0,0.0,0.411764706,0.0,1.0,0.0,0.0,1.0,0.0,0.636363636,0.636363636,1.0,1.0,0.968992248,0.999514212,474043.0,543.0,0.01782987,0.0,1,0.0,0.0,0.0,0.0,0.0,0.0,0.0,0.0,0,0.0,0.0,9.0,7.0,0.0,0.0,0.0,0.0,0.0,10.0,0.0,0.0,0.0,0.0,0.0,0.0,26.0,0.0,21.0,10.47188462,99.56006619,23.90370945,15.11619707,0.33751791,0.050116382,421.0,-0.267824848,0.034921252,66.0,0.328072854,0.048551208,487.0,2.389180658,0.860530493,0.1115145,0.01451736,18.74124718,4.419231163,0
FAM122A,864,0.2,0.0,0.0,0.7,0.0,1.0,0.1,0.0,1.0,0.0,2.333333333,2.666666667,1.0,1.0,0.457038391,0.814893914,649122.9543,444.4009898,0.019888568,2.31e-05,13,0.0,0.0,0.0,0.0,0.0,0.0,1.0,0.0,0,0.0,0.0,0.0,7.0,0.0,0.0,0.0,0.0,0.0,2.0,0.0,0.0,1.0,0.0,0.0,0.0,9.0,0.0,9.0,21.66588889,46.69888711,21.70389447,0.520624823,0.222925571,0.012335411,140.0,-0.247896973,0.016488895,261.0,0.239178778,0.01514639,401.0,3.381981365,0.003215292,0.033947675,0.007223237,25.55382265,0.694574083,0
TICRR,5733,0.289473684,0.105263158,0.0,0.526315789,0.0,1.0,0.078947368,0.0,0.901457418,0.0,1.666666667,2.25,0.243724104,1.0,0.774593338,0.972437732,804572.5,319.0,0.02674353,1.55e-06,3,0.0,0.0,0.0,0.0,0.0,0.0,3.0,0.0,0,0.0,0.0,0.0,19.0,4.0,0.0,0.0,0.0,0.0,11.0,1.0,0.0,3.0,0.0,0.0,0.0,35.0,0.0,30.0,16.16262857,150.8870399,18.37052124,3.488479403,0.292137355,0.052562376,121.0,-0.252319579,0.018880974,214.0,0.266701522,0.031292458,335.0,3.169557239,0.055921251,0.095073012,0.003400196,20.66385708,1.75368886,0
SYNDIG1,777,0.4,0.0,0.05,0.55,0.0,1.0,0.0,0.0,1.0,0.0,1.222222222,1.333333333,0.469704086,1.0,0.692520776,0.946964709,178966.8,927.0,-0.03667065,4.03e-07,2,0.0,0.0,0.0,0.0,0.0,0.0,0.0,0.0,0,0.0,0.0,0.0,11.0,0.0,0.0,0.0,0.0,0.0,8.0,1.0,0.0,0.0,0.0,0.0,0.0,20.0,0.0,18.0,15.07615,108.6048357,20.2908974,0.17442381,0.309413922,0.041988957,334.0,-0.243111235,0.018592168,81.0,0.296472916,0.038058637,415.0,2.895642094,0.175085404,0.180865446,0.026389935,18.0243335,4.872585456,0
DENND4B,4491,0.225,0.0,0.0,0.675,0.0,1.0,0.1,0.0,0.953024544,0.0,2.7,3.1,1.0,1.0,0.288267512,0.646833776,2028800.0,222.0,0.03430722,0.0,0,0.0,0.0,5.0,0.0,0.0,0.0,3.0,1.0,0,0.0,0.0,0.0,25.0,0.0,0.0,0.0,0.0,0.0,9.0,2.0,0.0,6.0,0.0,3.0,0.0,36.0,0.0,40.0,19.99336111,69.02146858,22.19163818,0.999160367,0.302938295,0.036182766,387.0,-0.178610541,0.005927362,37.0,0.292088939,0.034756378,424.0,3.446577104,0.007985222,0.050431101,0.007110725,24.6214847,0.66633576,0
POLG2,1458,0.285714286,0.0,0.0,0.714285714,0.0,1.0,0.0,0.0,1.0,0.0,1.666666667,1.666666667,1.0,1.0,0.651465798,0.930638685,1306314.0,184.0,0.02260528,4.89e-06,2,0.0,0.0,0.0,0.0,0.0,0.0,0.0,0.0,0,0.0,0.0,0.0,5.0,0.0,0.0,0.0,0.0,0.0,2.0,0.0,0.0,0.0,0.0,0.0,0.0,7.0,0.0,7.0,18.07557143,38.81614729,21.66355761,0.741000085,0.282799919,0.036200245,247.0,-0.231925401,0.015565059,137.0,0.264649375,0.029373859,384.0,3.167323157,0.005494098,0.1115145,0.01451736,20.06067439,2.32244926,0
PPP1R35,762,0.4,0.0,0.0,0.4,0.0,1.0,0.0,0.2,1.0,0.0,0.666666667,1.0,1.0,1.0,0.816326531,0.981992526,1479297.0,186.0,0.06007981,0.0,2,0.0,0.0,0.0,0.0,0.0,0.0,0.0,0.0,0,1.0,0.0,0.0,2.0,0.0,0.0,0.0,0.0,0.0,2.0,0.0,0.0,1.0,0.0,0.0,0.0,4.0,0.0,5.0,14.14475,29.25523692,19.20205451,1.453775145,0.338370548,0.052403555,383.0,-0.23698375,0.016122136,96.0,0.318050856,0.046733887,479.0,3.216034895,0.009232611,0.077571764,0.008345967,22.33586581,0.44157857,0
TLX3,876,0.444444444,0.055555556,0.0,0.444444444,0.0,1.0,0.0,0.055555556,1.0,0.0,0.888888889,1.111111111,0.337837838,1.0,0.475285171,0.828821433,269452.6,434.0,0.02525265,1.83e-05,15,0.0,0.0,0.0,0.0,0.0,0.0,0.0,0.0,0,1.0,0.0,0.0,7.0,1.0,0.0,0.0,0.0,0.0,7.0,2.0,0.0,1.0,0.0,0.0,0.0,17.0,0.0,18.0,22.86188235,128.6490671,21.8870142,1.820461457,0.286629808,0.019869148,208.0,-0.24083967,0.013946883,212.0,0.26351669,0.017364781,420.0,0.417937842,0.64779378,0.358836346,0.028639832,20.06067439,2.32244926,0
TTYH1,1383,0.333333333,0.0,0.066666667,0.6,0.0,1.0,0.0,0.0,1.0,0.0,1.5,1.666666667,0.579710145,1.0,0.194514686,0.512983391,807047.8,535.0,-0.006732512,0.0,0,2.0,0.0,0.0,0.0,0.0,0.0,0.0,0.0,0,0.0,0.0,5.0,10.0,0.0,0.0,0.0,0.0,0.0,5.0,1.0,0.0,0.0,0.0,0.0,0.0,23.0,0.0,21.0,14.91404348,105.8262801,24.8627429,0.226924113,0.275748861,0.032898419,202.0,-0.266494177,0.025587347,158.0,0.271687083,0.02963061,360.0,2.498742209,0.414811462,0.252925829,0.06089882,20.44477594,7.660926029,0
ABCA4,6822,0.213114754,0.049180328,0.016393443,0.655737705,0.0,1.0,0.06557377,0.0,0.928132122,0.0,2.857142857,3.428571429,0.521104742,1.0,0.299222023,0.660254168,512481.5,370.0,-0.001895926,0.0,1,0.0,0.0,0.0,0.0,0.0,0.0,2.0,2.0,0,0.0,0.0,7.0,37.0,3.0,0.0,0.0,0.0,0.0,13.0,4.0,0.0,3.0,1.0,2.0,0.0,62.0,0.0,56.0,17.61377419,139.7832143,17.32194163,0.664049641,0.219094336,0.016479169,113.0,-0.236022813,0.013920942,223.0,0.230346499,0.014796314,334.0,2.589457532,0.309300156,0.1115145,0.01451736,20.06067439,2.32244926,0
SLC6A19,1905,0.53125,0.0,0.03125,0.375,0.0,1.0,0.03125,0.03125,0.9875,0.0,0.666666667,0.833333333,0.801924619,1.0,0.919963201,0.996708011,657889.9,541.0,0.02418944,0.0,0,0.0,0.0,0.0,0.0,0.0,0.0,1.0,0.0,0,1.0,0.0,1.0,13.0,0.0,0.0,0.0,0.0,0.0,17.0,2.0,0.0,2.0,2.0,0.0,0.0,31.0,0.0,28.0,11.91583871,118.415557,21.62511905,3.366699522,0.359263161,0.058079032,366.0,-0.253288333,0.029880996,60.0,0.344372084,0.055396854,426.0,0.858647038,1.373939122,0.568314569,0.022878938,22.0655788,10.19243518,0
ACTR6,1191,0.142857143,0.142857143,0.0,0.571428571,0.0,1.0,0.142857143,0.0,0.898226518,0.0,2.0,3.0,0.656167979,1.0,0.407497963,0.773316767,184664.3,650.0,0.009350944,3.92e-06,15,0.0,0.0,0.0,0.0,0.0,0.0,1.0,0.0,0,0.0,0.0,0.0,4.0,0.0,0.0,0.0,0.0,0.0,1.0,1.0,0.0,1.0,0.0,0.0,0.0,6.0,0.0,5.0,27.0595,220.6801455,21.80871222,0.623244556,0.221257518,0.012084495,137.0,-0.216633121,0.014563451,141.0,0.21891205,0.013299135,278.0,3.37625263,0.006393826,0.057978041,0.009401564,16.7250454,1.50162368,0
TLR6,2391,0.266666667,0.066666667,0.0,0.6,0.0,1.0,0.033333333,0.033333333,0.967699249,0.0,2.0,2.444444444,0.472589792,1.0,0.431406385,0.79409178,316027.5,437.0,0.07462079,0.0,1,0.0,0.0,0.0,0.0,0.0,0.0,0.0,1.0,0,1.0,0.0,0.0,18.0,2.0,0.0,0.0,0.0,0.0,8.0,0.0,0.0,1.0,0.0,1.0,0.0,28.0,0.0,21.0,15.1685,118.070022,13.89220217,0.184684464,0.222822232,0.011416146,112.0,-0.261119957,0.017604003,230.0,0.248578012,0.015862124,342.0,3.250364432,0.032471595,0.1115145,0.01451736,20.06067439,2.32244926,0
TGIF2LX,726,0.5,0.0,0.0,0.388888889,0.0,1.0,0.111111111,0.0,0.97335417,0.0,0.7,0.9,1.0,1.0,0.778816199,0.973504833,8314.538,444.4009898,-0.03457029,0.0,0,0.0,0.0,0.0,0.0,0.0,0.0,2.0,0.0,0,0.0,0.0,0.0,7.0,0.0,0.0,0.0,0.0,0.0,9.0,0.0,0.0,2.0,0.0,0.0,0.0,16.0,0.0,17.0,3.1805,32.19830413,20.86241451,0.88065117,0.233570275,0.020639007,109.0,-0.283106694,0.027042919,124.0,0.259933004,0.024558778,233.0,0.20045304,0.358789805,0.1115145,0.01451736,20.06067439,2.32244926,0
LLGL1,3195,0.304347826,0.0,0.043478261,0.652173913,0.0,1.0,0.0,0.0,1.0,0.0,1.875,2.0,0.753012048,1.0,0.486144871,0.836776184,925110.5,223.0,0.01795275,2.48e-05,17,0.0,0.0,0.0,0.0,0.0,0.0,0.0,0.0,0,0.0,0.0,0.0,14.0,0.0,0.0,0.0,0.0,0.0,7.0,2.0,0.0,0.0,0.0,0.0,0.0,23.0,0.0,17.0,18.31304348,119.1206002,24.44702725,0.575846004,0.281765208,0.046732436,90.0,-0.284171368,0.02762706,418.0,0.283727154,0.031071832,508.0,3.423565064,0.013612835,0.071435073,0.009453827,22.69711401,1.301385378,0
PKD1L1,8550,0.311827957,0.010752688,0.021505376,0.612903226,0.032258065,0.9856985,0.043010753,0.0,0.959867299,0.0,1.9,2.133333333,0.944287063,0.151446312,0.673633197,0.334887784,239031.4,377.0,0.01201995,0.0,0,0.0,0.0,0.0,0.0,0.0,0.0,2.0,2.0,0,0.0,0.0,2.0,57.0,1.0,0.0,0.0,0.0,0.0,29.0,3.0,0.0,2.0,1.0,2.0,0.0,91.0,0.0,69.0,9.13478022,74.99224417,21.8870142,1.820461457,0.305279046,0.034436339,408.0,-0.238358028,0.014070589,68.0,0.295380312,0.031953868,475.0,2.774920615,0.102262864,0.1115145,0.01451736,20.06067439,2.32244926,0
IMPA1,1011,0.4,0.0,0.0,0.4,0.0,1.0,0.2,0.0,1.0,0.0,0.666666667,1.0,1.0,1.0,0.881834215,0.992725931,160073.8,681.0,-0.001114095,0.000108286,23,0.0,0.0,0.0,0.0,0.0,1.0,1.0,0.0,0,0.0,0.0,2.0,2.0,0.0,0.0,0.0,0.0,0.0,2.0,0.0,0.0,1.0,0.0,0.0,0.0,7.0,0.0,8.0,11.37642857,98.19314462,25.97500427,0.667896342,0.33091176,0.051745593,409.0,-0.264644118,0.022728266,68.0,0.321464801,0.048090423,477.0,3.367400266,0.007378745,0.057542511,0.007789559,21.23058041,2.73442086,0
S100A14,315,0.0,0.0,0.0,1.0,0.0,1.0,0.0,0.0,1.0,0.0,3.0,3.0,1.0,1.0,0.130191381,0.395619027,1454773.0,186.0,0.02551124,2.88e-05,11,0.0,0.0,0.0,0.0,0.0,0.0,0.0,0.0,0,0.0,0.0,0.0,3.0,0.0,0.0,0.0,0.0,0.0,0.0,0.0,0.0,0.0,0.0,0.0,0.0,3.0,0.0,3.0,22.73333333,0.443333333,25.26090479,2.397483281,0.302604625,0.03598693,387.0,-0.178992105,0.005772696,38.0,0.291552212,0.034512431,425.0,3.26261017,0.503414144,0.1115145,0.01451736,19.89409298,7.410526856,0
TM7SF2,1257,0.166666667,0.166666667,0.0,0.666666667,0.0,1.0,0.0,0.0,1.0,0.0,2.0,2.5,0.582750583,1.0,0.71787509,0.955821748,3267059.0,207.0,0.04633121,9.99e-08,3,0.0,0.0,0.0,0.0,0.0,0.0,0.0,0.0,0,0.0,0.0,2.0,4.0,1.0,0.0,0.0,0.0,0.0,1.0,0.0,0.0,0.0,0.0,0.0,0.0,8.0,0.0,7.0,20.672,210.4919577,21.98967432,1.823894253,0.230105,0.023838663,166.0,-0.255096695,0.052076053,118.0,0.240488873,0.035580764,284.0,3.266362268,0.030775031,0.075835422,0.013833879,20.06067439,2.32244926,0
HINT2,492,0.5,0.0,0.0,0.5,0.0,1.0,0.0,0.0,1.0,0.0,0.5,0.5,1.0,1.0,0.226244344,0.562475044,847663.2,227.0,0.05437345,0.0,3,0.0,0.0,0.0,0.0,0.0,0.0,0.0,0.0,0,0.0,0.0,0.0,1.0,0.0,0.0,0.0,0.0,0.0,1.0,0.0,0.0,0.0,0.0,0.0,0.0,2.0,0.0,2.0,18.715,115.06445,26.02680602,0.655686216,0.315216735,0.084025572,195.0,-0.263643684,0.026743485,285.0,0.284658898,0.050602134,480.0,3.238372307,0.010679678,0.1115145,0.01451736,20.06067439,2.32244926,0
CYBA,588,0.0,0.0,0.0,0.5,0.0,1.0,0.5,0.0,0.650514998,0.0,5.0,10.0,1.0,1.0,0.024527237,0.115473524,802673.4,189.0,0.04071483,6.17e-06,9,0.0,0.0,0.0,0.0,0.0,0.0,4.0,0.0,0,0.0,0.0,7.0,5.0,0.0,0.0,0.0,0.0,1.0,1.0,0.0,0.0,5.0,0.0,1.0,0.0,12.0,0.0,18.0,15.26483333,105.4399542,25.11917496,1.514158266,0.234202095,0.018620183,148.0,-0.29807824,0.032165239,250.0,0.274325302,0.028024239,398.0,3.598424439,0.015679182,0.123393697,0.047361169,24.9898635,2.562741703,0
SPINK6,243,0.333333333,0.0,0.0,0.666666667,0.0,1.0,0.0,0.0,1.0,0.0,1.0,1.0,1.0,1.0,0.53361793,0.868770109,63265.08,390.0,-0.007652374,0.0,1,0.0,0.0,0.0,0.0,0.0,0.0,0.0,0.0,0,0.0,0.0,0.0,2.0,0.0,0.0,0.0,0.0,0.0,1.0,1.0,0.0,0.0,1.0,0.0,0.0,3.0,0.0,4.0,18.96333333,79.64603333,17.32382257,6.578329809,0.279972083,0.025873248,192.0,-0.245438203,0.015324517,217.0,0.261649707,0.020522972,409.0,1.033458711,1.059920154,0.1115145,0.01451736,20.06067439,2.32244926,0
CCNJL,1308,0.363636364,0.0,0.0,0.636363636,0.0,1.0,0.0,0.0,1.0,0.0,1.4,1.4,1.0,1.0,0.209863589,0.537523093,197942.1,448.0,0.03276918,9.63e-05,35,0.0,0.0,0.0,0.0,0.0,0.0,0.0,0.0,0,0.0,0.0,0.0,7.0,0.0,0.0,0.0,0.0,0.0,4.0,0.0,0.0,0.0,0.0,0.0,0.0,11.0,0.0,10.0,15.65990909,126.1005333,21.8870142,1.820461457,0.276166974,0.015423354,195.0,-0.241403088,0.014204192,217.0,0.257856869,0.015047104,412.0,2.988856805,0.079033014,0.070552689,0.00941311,20.06067439,2.32244926,0
DMXL1,9084,0.183333333,0.066666667,0.05,0.666666667,0.0,1.0,0.0,0.033333333,0.938908963,0.0,3.333333333,4.083333333,0.290528762,1.0,0.757002271,0.967743396,305799.9,381.0,0.02791823,4.37e-06,4,0.0,0.0,0.0,0.0,0.0,0.0,0.0,0.0,0,2.0,0.0,0.0,40.0,4.0,0.0,0.0,0.0,0.0,11.0,3.0,0.0,2.0,0.0,0.0,0.0,58.0,0.0,41.0,22.30567241,90.14447735,23.38523118,1.14734153,0.268798344,0.016701383,151.0,-0.266054,0.02062698,255.0,0.26707468,0.019123888,406.0,3.658664811,0.011040215,0.049791452,0.013834794,25.37578523,1.3435314,0
PARP6,1893,0.230769231,0.0,0.0,0.769230769,0.0,1.0,0.0,0.0,0.958424899,0.0,2.5,2.5,1.0,1.0,0.061244488,0.232293081,1129780.0,260.0,0.04708929,5.52e-07,10,1.0,0.0,0.0,0.0,0.0,0.0,0.0,0.0,0,0.0,0.0,0.0,9.0,0.0,0.0,0.0,0.0,0.0,3.0,1.0,0.0,0.0,0.0,0.0,0.0,14.0,0.0,12.0,24.43521429,87.40586495,21.8870142,1.820461457,0.246287912,0.033638315,91.0,-0.256041992,0.022349939,246.0,0.253408101,0.025325903,336.0,3.497477809,0.005862725,0.057922692,0.017138102,20.06067439,2.32244926,0
STMN4,651,0.571428571,0.142857143,0.0,0.285714286,0.0,1.0,0.0,0.0,1.0,0.0,0.4,0.6,0.46339203,1.0,0.997008973,0.999995522,360513.2,561.0,0.005845584,2.16e-07,3,0.0,0.0,0.0,0.0,0.0,0.0,0.0,0.0,0,0.0,0.0,1.0,2.0,1.0,0.0,0.0,0.0,0.0,4.0,0.0,0.0,0.0,0.0,0.0,0.0,8.0,0.0,8.0,17.388,118.4652149,20.65379441,0.32382071,0.255113937,0.022255545,127.0,-0.319354517,0.037467296,414.0,0.304274011,0.034591235,541.0,1.096605136,1.083226012,0.1115145,0.01451736,21.95061684,1.229057731,0
GLRA2,1359,0.1875,0.125,0.0625,0.5625,0.0,1.0,0.0,0.0,0.875,0.0625,2.25,3.25,0.081973932,1.0,0.579374276,0.895600575,78081.08,444.4009898,0.01777589,0.000112113,24,0.0,0.0,0.0,0.0,0.0,0.0,0.0,0.0,0,0.0,0.0,1.0,9.0,3.0,1.0,0.0,0.0,0.0,3.0,1.0,0.0,0.0,0.0,0.0,0.0,18.0,0.0,14.0,26.61494444,131.6341495,18.56909169,0.292627989,0.237928272,0.03891473,81.0,-0.289634149,0.044547622,188.0,0.274064721,0.043264662,269.0,1.299556506,0.98286391,0.1115145,0.01451736,20.06067439,2.32244926,0
PPP1R13L,2487,0.277777778,0.027777778,0.027777778,0.611111111,0.0,1.0,0.055555556,0.0,0.957016355,0.0,2.0,2.363636364,0.436300175,1.0,0.334336342,0.70063784,1269856.0,191.0,0.03107599,6.71e-06,13,0.0,0.0,0.0,0.0,0.0,0.0,2.0,0.0,0,0.0,0.0,2.0,22.0,1.0,0.0,0.0,0.0,0.0,9.0,1.0,0.0,2.0,0.0,0.0,0.0,35.0,0.0,32.0,18.65477143,86.45142653,24.50670462,1.036182777,0.248199889,0.022932011,180.0,-0.260066228,0.020030269,166.0,0.253910778,0.021508823,345.0,3.251101003,0.038184174,0.088591453,0.011669549,24.18913507,0.856171134,0
METTL2A,1137,0.375,0.125,0.0,0.5,0.0,1.0,0.0,0.0,1.0,0.0,1.0,1.25,0.412711515,1.0,0.406669378,0.772572088,330775.8,370.0,0.005221009,2.2e-06,3,0.0,0.0,0.0,0.0,0.0,0.0,0.0,0.0,0,0.0,0.0,0.0,4.0,1.0,0.0,0.0,0.0,0.0,3.0,0.0,0.0,0.0,0.0,0.0,0.0,8.0,0.0,8.0,19.864625,183.6305854,19.77504313,0.653337145,0.288989163,0.053622737,239.0,-0.234511958,0.015839681,143.0,0.268595864,0.040097029,382.0,3.407108576,0.002836287,0.0,0.0,20.06067439,2.32244926,0
ZNF180,2079,0.1,0.1,0.0,0.7,0.0,1.0,0.1,0.0,0.881053153,0.0,5.25,6.75,0.931098696,1.0,0.011818375,0.064269503,743732.8,511.0,-0.05495586,2.6e-07,3,0.0,0.0,0.0,0.0,0.0,0.0,3.0,0.0,0,0.0,0.0,0.0,21.0,3.0,0.0,0.0,0.0,0.0,3.0,0.0,0.0,3.0,0.0,0.0,0.0,27.0,0.0,21.0,20.00507407,70.7679753,16.92436366,1.90149919,0.266989424,0.038500605,191.0,-0.256030513,0.020822384,156.0,0.262062651,0.030499702,347.0,3.287292102,0.005037749,0.045540051,0.006562189,20.06067439,2.32244926,0
CD74,891,0.2,0.0,0.0,0.8,0.0,1.0,0.0,0.0,1.0,0.0,2.0,2.0,1.0,1.0,0.248632521,0.594674115,949599.5,212.0,0.04043909,1.93e-05,11,0.0,0.0,0.0,0.0,0.0,0.0,0.0,0.0,0,0.0,0.0,0.0,4.0,0.0,0.0,0.0,0.0,0.0,1.0,0.0,0.0,0.0,0.0,0.0,0.0,5.0,0.0,4.0,18.8596,63.6734108,26.13437916,0.841446522,0.278518564,0.015698881,188.0,-0.242827256,0.014079651,215.0,0.259477295,0.015115677,403.0,3.983997987,0.009639309,0.1115145,0.01451736,21.51859239,2.428376467,0
NCOA2,4395,0.189189189,0.081081081,0.0,0.648648649,0.0,1.0,0.081081081,0.0,0.919534147,0.0,3.0,3.75,0.464684015,1.0,0.347342827,0.714638073,265128.5,742.0,0.03491331,0.000270583,63,0.0,0.0,0.0,0.0,0.0,0.0,1.0,2.0,0,0.0,0.0,0.0,24.0,3.0,0.0,0.0,0.0,0.0,7.0,0.0,0.0,1.0,0.0,2.0,0.0,34.0,0.0,33.0,23.19420588,74.22285829,22.47123218,0.760033575,0.326867206,0.050645195,407.0,-0.245779,0.014983178,70.0,0.314992364,0.046203985,476.0,3.660670517,0.006187095,0.091684686,0.009186261,25.0182765,0.773196657,1
ZNF334,2043,0.222222222,0.037037037,0.0,0.703703704,0.111111111,0.941087216,0.037037037,0.0,0.947384451,0.0,2.714285714,3.0,0.979431929,0.03118179,0.101933271,0.021458933,416360.2,642.0,0.01919809,0.0,1,0.0,0.0,0.0,0.0,0.0,0.0,1.0,0.0,0,0.0,0.0,0.0,19.0,1.0,0.0,0.0,0.0,0.0,6.0,0.0,0.0,1.0,0.0,0.0,0.0,26.0,0.0,20.0,14.91769231,60.81508838,21.8870142,1.820461457,0.339505169,0.052122297,354.0,-0.226373115,0.020447209,61.0,0.32287612,0.049014434,415.0,3.082321432,0.116130286,0.218732046,0.039485538,20.06067439,2.32244926,0
HLA-DPA1,783,0.5,0.0,0.0,0.5,0.0,1.0,0.0,0.0,1.0,0.0,0.666666667,0.666666667,1.0,1.0,0.195503421,0.514599687,1479000.0,431.0,0.02785695,0.000635656,85,0.0,0.0,0.0,0.0,0.0,0.0,0.0,0.0,0,0.0,0.0,0.0,2.0,0.0,0.0,0.0,0.0,0.0,2.0,0.0,0.0,0.0,0.0,0.0,0.0,4.0,0.0,4.0,11.1995,113.793313,25.26543565,1.055161402,0.250687403,0.018774497,181.0,-0.234808209,0.013913738,134.0,0.243932444,0.016717679,315.0,3.829945429,0.014700867,0.515489455,0.050861533,20.06067439,2.32244926,0
GIPC3,939,0.230769231,0.0,0.076923077,0.692307692,0.0,1.0,0.0,0.0,1.0,0.0,2.25,2.5,0.296823983,1.0,0.280504909,0.637072666,2160126.0,269.0,0.03894234,1.93e-07,3,0.0,0.0,0.0,0.0,0.0,0.0,0.0,0.0,0,0.0,0.0,0.0,10.0,0.0,0.0,0.0,0.0,0.0,3.0,1.0,0.0,0.0,1.0,0.0,0.0,13.0,0.0,14.0,21.70461538,70.85154359,21.25495656,2.985396865,0.239306475,0.014395871,122.0,-0.263664741,0.024998535,270.0,0.256083852,0.021780982,392.0,2.654527575,0.147848647,0.134852221,0.02847063,15.70258788,0.90031414,0
ZNF570,1611,0.3125,0.0625,0.0,0.5625,0.0,1.0,0.0625,0.0,0.96875,0.0,1.5,1.833333333,0.947867299,1.0,0.624609619,0.918568666,234563.5,939.0,-0.05183839,0.0,0,0.0,0.0,0.0,0.0,0.0,0.0,1.0,0.0,0,0.0,0.0,0.0,9.0,1.0,0.0,0.0,0.0,0.0,5.0,0.0,0.0,1.0,0.0,0.0,0.0,15.0,0.0,12.0,16.97413333,83.6926137,15.61737537,0.043524817,0.354965619,0.093933661,226.0,-0.341283613,0.070383244,155.0,0.349399449,0.084187644,381.0,3.256261388,0.019110609,0.120967796,0.018264456,20.06067439,2.32244926,0
S100A10,294,0.0,0.0,0.0,1.0,0.0,1.0,0.0,0.0,1.0,0.0,2.0,2.0,1.0,1.0,0.161550889,0.456047672,769084.6,225.0,0.02925535,7.88e-05,44,0.0,0.0,0.0,0.0,0.0,0.0,0.0,0.0,0,0.0,0.0,0.0,2.0,0.0,0.0,0.0,0.0,0.0,0.0,0.0,0.0,0.0,0.0,0.0,0.0,2.0,0.0,2.0,22.75,1.125,28.92507057,0.764876734,0.309355584,0.041830412,385.0,-0.184204878,0.006587871,41.0,0.297310563,0.039780608,426.0,3.677354639,0.019337502,0.09148881,0.010767522,18.50184948,1.637666628,0
PHLDA2,459,0.5,0.0,0.0,0.5,0.0,1.0,0.0,0.0,1.0,0.0,0.5,0.5,1.0,1.0,0.574712644,0.893037421,552601.1,256.0,0.03434124,0.0,0,0.0,0.0,0.0,0.0,0.0,0.0,0.0,0.0,0,0.0,0.0,0.0,1.0,0.0,0.0,0.0,0.0,0.0,1.0,0.0,0.0,0.0,0.0,0.0,0.0,2.0,0.0,2.0,19.06,70.5672,20.16389485,2.977567086,0.186373333,0.005936184,120.0,-0.257083376,0.017028944,234.0,0.23311387,0.014364739,354.0,2.871435833,0.138348108,0.067075487,0.01652701,21.69887439,0.873367204,0
ABCF2,1905,0.333333333,0.0,0.066666667,0.533333333,0.0,1.0,0.066666667,0.0,0.965872263,0.0,1.333333333,1.666666667,0.834724541,1.0,0.390320062,0.757528573,610105.5,290.0,0.03197283,2.61e-05,35,0.0,0.0,0.0,0.0,0.0,0.0,1.0,0.0,0,0.0,0.0,0.0,8.0,0.0,0.0,0.0,0.0,0.0,5.0,1.0,0.0,1.0,0.0,0.0,0.0,14.0,0.0,15.0,21.492,89.69481954,21.8870142,1.820461457,0.296305756,0.024548786,344.0,-0.274269756,0.026876983,123.0,0.290501842,0.025200046,467.0,3.438513149,0.004889993,0.047696787,0.00601268,19.78543836,0.860651471,0
PRDM4,2406,0.28,0.0,0.04,0.64,0.0,1.0,0.04,0.0,0.982772938,0.0,2.0,2.25,0.736919676,1.0,0.948766603,0.998664564,119392.8,805.0,0.0216256,5.29e-06,11,0.0,0.0,0.0,0.0,0.0,0.0,0.0,1.0,0,0.0,0.0,0.0,15.0,0.0,0.0,0.0,0.0,0.0,7.0,2.0,0.0,0.0,0.0,1.0,0.0,24.0,0.0,20.0,21.02716667,39.22175962,18.17623374,3.5198631,0.219381838,0.012030384,136.0,-0.21750042,0.0146542,143.0,0.218417527,0.013328219,279.0,3.511021734,0.00214144,0.062328302,0.004184736,18.74537559,1.406766963,0
GPAM,2487,0.235294118,0.058823529,0.0,0.647058824,0.0,1.0,0.058823529,0.0,0.971217583,0.0,2.2,2.6,0.795544948,1.0,0.909090909,0.995736527,166177.2,679.0,-0.01279232,8.29e-07,2,0.0,0.0,0.0,0.0,0.0,0.0,1.0,0.0,0,0.0,0.0,0.0,11.0,1.0,0.0,0.0,0.0,0.0,4.0,0.0,0.0,1.0,0.0,0.0,0.0,16.0,0.0,16.0,19.1355,110.5435572,23.35002483,4.371545127,0.208503398,0.013324062,103.0,-0.327211129,0.044286437,310.0,0.297606053,0.039157797,413.0,3.431029125,0.007591911,0.078113603,0.003742101,20.95312072,1.864123213,0
LGALS4,972,0.2,0.0,0.0,0.8,0.0,1.0,0.0,0.0,1.0,0.0,2.0,2.0,1.0,1.0,0.335345406,0.701741857,1843355.0,219.0,0.03723424,1.37e-06,4,0.0,0.0,0.0,0.0,0.0,0.0,0.0,0.0,0,0.0,0.0,0.0,3.0,0.0,0.0,0.0,0.0,1.0,1.0,0.0,0.0,0.0,0.0,0.0,0.0,5.0,0.0,5.0,16.8416,75.6869428,24.91676293,13.52470112,0.367262424,0.111120649,230.0,-0.348571456,0.078068808,158.0,0.35967072,0.097544666,388.0,2.474497606,0.744834638,0.1115145,0.01451736,21.64570761,3.640903637,0
UGGT2,4551,0.172413793,0.0,0.0,0.75862069,0.0,1.0,0.068965517,0.0,0.985803667,0.0,3.666666667,4.0,1.0,1.0,0.257400257,0.606724063,175188.2,834.0,0.03365438,9.32e-06,7,0.0,0.0,0.0,0.0,0.0,0.0,1.0,1.0,0,0.0,0.0,2.0,22.0,0.0,0.0,0.0,0.0,0.0,5.0,0.0,0.0,1.0,0.0,1.0,0.0,29.0,0.0,24.0,17.84158621,71.96611654,22.31491337,1.198727343,0.299811616,0.042067157,198.0,-0.304158783,0.034366251,263.0,0.30229167,0.037594179,461.0,3.522467403,0.005744735,0.028570783,0.005272479,14.03051101,1.421170822,0
ERC2,2868,0.111111111,0.111111111,0.0,0.777777778,0.0,1.0,0.0,0.0,0.962962963,0.0,5.25,6.0,0.686341798,1.0,0.028977108,0.131592267,121781.3,694.0,0.01692425,1.49e-05,15,0.0,0.0,0.0,0.0,0.0,0.0,0.0,0.0,0,0.0,0.0,1.0,21.0,3.0,0.0,0.0,0.0,0.0,3.0,2.0,0.0,2.0,0.0,0.0,0.0,28.0,0.0,23.0,26.68314286,69.76599509,18.95995009,1.151781033,0.227049217,0.018729389,114.0,-0.280940849,0.022984404,424.0,0.269442635,0.022528416,536.0,2.617674795,0.301583599,0.066822301,0.009458301,18.53500479,8.978396703,0
JUN,996,0.333333333,0.0,0.0,0.555555556,0.0,1.0,0.111111111,0.0,0.929896694,0.0,1.25,1.5,1.0,1.0,0.491400491,0.840538486,300719.9,419.0,0.005376669,0.001299268,178,0.0,0.0,0.0,0.0,0.0,0.0,0.0,1.0,0,0.0,0.0,0.0,5.0,0.0,0.0,0.0,0.0,0.0,3.0,0.0,0.0,0.0,0.0,1.0,0.0,8.0,0.0,9.0,21.00125,75.36078393,21.26147352,0.625552807,0.219598099,0.017353129,121.0,-0.227431053,0.013784953,190.0,0.224383505,0.015136346,311.0,3.728744864,0.009565987,0.06151023,0.011954335,23.04808748,0.71734099,0
UBFD1,930,0.4,0.0,0.0,0.6,0.0,1.0,0.0,0.0,1.0,0.0,1.2,1.2,1.0,1.0,0.77579519,0.972743773,528849.3,628.0,0.04838548,3.1e-05,31,0.0,0.0,0.0,0.0,0.0,0.0,0.0,0.0,0,0.0,0.0,1.0,5.0,0.0,0.0,0.0,0.0,0.0,4.0,0.0,0.0,0.0,0.0,0.0,0.0,10.0,0.0,10.0,17.3382,39.80372573,25.11326654,0.376589157,0.241123892,0.0245627,203.0,-0.26710383,0.030726727,141.0,0.251772645,0.027170752,344.0,3.575751509,0.002751473,0.064251315,0.015563047,22.08261375,1.448174179,0
AFP,1830,0.133333333,0.0,0.0,0.666666667,0.0,1.0,0.2,0.0,0.918863226,0.0,3.333333333,4.333333333,1.0,1.0,0.354609929,0.722247122,331899.7,594.0,0.003248168,4.41e-06,11,0.0,0.0,0.0,0.0,0.0,0.0,2.0,0.0,0,0.0,0.0,0.0,10.0,0.0,0.0,0.0,0.0,0.0,1.0,1.0,0.0,2.0,0.0,0.0,0.0,12.0,0.0,12.0,14.33083333,70.7054987,18.21504594,0.440375878,0.262581385,0.033738119,130.0,-0.237840537,0.016771184,205.0,0.247441463,0.023419861,335.0,1.053288368,0.822318744,0.1115145,0.01451736,20.06067439,2.32244926,1
ZNF516,3492,0.4,0.0,0.0,0.533333333,0.0,1.0,0.066666667,0.0,0.964574243,0.0,1.263157895,1.421052632,1.0,1.0,0.826446281,0.983983768,113406.2,813.0,0.01762605,7.47e-07,6,0.0,3.0,0.0,0.0,0.0,0.0,3.0,0.0,0,0.0,0.0,0.0,25.0,0.0,0.0,0.0,0.0,0.0,18.0,0.0,0.0,4.0,1.0,0.0,0.0,44.0,0.0,44.0,11.57040909,91.65734485,21.42148971,1.631706079,0.271559813,0.037848867,107.0,-0.289094694,0.025953745,409.0,0.285458585,0.028402302,515.0,3.461583773,0.023016438,0.10168236,0.009583646,21.89883506,1.727557858,0
BAK1,636,0.0,0.0,0.0,1.0,0.0,1.0,0.0,0.0,1.0,0.0,2.0,2.0,1.0,1.0,0.292141396,0.651626456,1252332.0,205.0,0.03481314,2.31e-05,30,0.0,0.0,0.0,0.0,0.0,0.0,0.0,0.0,0,0.0,0.0,1.0,2.0,0.0,0.0,0.0,0.0,0.0,0.0,0.0,0.0,0.0,0.0,0.0,0.0,3.0,0.0,3.0,13.32866667,189.5198803,22.10354899,0.862919353,0.245218994,0.01632228,179.0,-0.240604779,0.016954514,136.0,0.243226825,0.016547358,315.0,3.421895177,0.01112587,0.1115145,0.01451736,14.2148715,4.507184532,0
SUFU,1455,0.125,0.125,0.0,0.5,0.0,1.0,0.25,0.0,0.801879687,0.0,2.0,3.5,0.534473544,1.0,0.53561864,0.870022959,872435.8,165.0,0.03627374,0.000121436,27,0.0,0.0,0.0,0.0,0.0,0.0,1.0,1.0,0,0.0,0.0,1.0,4.0,1.0,0.0,0.0,0.0,0.0,1.0,0.0,0.0,1.0,0.0,1.0,0.0,7.0,0.0,9.0,21.22285714,145.1043775,22.07797533,2.202877973,0.208055253,0.012887478,99.0,-0.330758878,0.043560769,312.0,0.30120253,0.038882667,411.0,3.282513374,0.008082907,0.031787434,0.007359008,22.4172297,1.988385951,0
HOXB1,906,0.444444444,0.0,0.0,0.444444444,0.0,1.0,0.111111111,0.0,1.0,0.0,0.8,1.0,1.0,1.0,0.395256917,0.762142017,946207.5,524.0,0.02939152,1.67e-07,4,0.0,0.0,0.0,0.0,0.0,0.0,1.0,0.0,0,0.0,0.0,1.0,4.0,0.0,0.0,0.0,0.0,0.0,4.0,0.0,0.0,1.0,0.0,0.0,0.0,9.0,0.0,10.0,16.057,142.324406,21.8870142,1.820461457,0.225905769,0.011377339,182.0,-0.26659717,0.02819233,159.0,0.244879179,0.019571178,341.0,0.804361596,0.846587921,0.8131996,0.045965835,20.06067439,2.32244926,0
GLTPD2,876,0.2,0.0,0.0,0.6,0.0,1.0,0.2,0.0,1.0,0.0,1.5,2.0,1.0,1.0,0.602409639,0.907721447,1272092.0,222.0,0.02794595,0.0,1,0.0,0.0,0.0,0.0,0.0,0.0,1.0,0.0,0,0.0,0.0,0.0,3.0,0.0,0.0,0.0,0.0,0.0,1.0,0.0,0.0,1.0,0.0,0.0,0.0,4.0,0.0,5.0,12.45675,107.0044289,16.41356209,0.059780548,0.233103452,0.023885662,84.0,-0.276459065,0.020035443,428.0,0.269346035,0.020879912,512.0,1.875344387,0.561612576,0.71498323,0.053651608,20.06067439,2.32244926,0
A2ML1,4365,0.318181818,0.0,0.0,0.659090909,0.0,1.0,0.022727273,0.0,1.0,0.0,1.933333333,2.0,1.0,1.0,0.651890482,0.930820536,300253.5,407.0,0.01214808,9.34e-06,6,0.0,0.0,0.0,0.0,0.0,0.0,1.0,0.0,0,0.0,0.0,1.0,28.0,0.0,0.0,0.0,0.0,0.0,14.0,0.0,0.0,1.0,0.0,0.0,0.0,43.0,0.0,32.0,11.3424186,65.02332544,23.06128122,6.189964036,0.315288208,0.056182195,240.0,-0.268748731,0.027479334,134.0,0.298613636,0.04629636,374.0,2.377750765,1.281874877,0.1115145,0.01451736,20.70285559,5.127583519,0
IVNS1ABP,1929,0.333333333,0.0,0.0,0.666666667,0.0,1.0,0.0,0.0,1.0,0.0,1.333333333,1.333333333,1.0,1.0,0.531914894,0.867697754,325191.2,535.0,-0.009863234,4.75e-05,59,0.0,0.0,0.0,0.0,0.0,0.0,0.0,0.0,0,0.0,0.0,0.0,4.0,0.0,0.0,0.0,0.0,0.0,2.0,0.0,0.0,0.0,0.0,0.0,0.0,6.0,0.0,5.0,19.81383333,68.62537617,23.85633853,0.354403268,0.276361123,0.023225897,383.0,-0.234337105,0.016774257,38.0,0.272567981,0.022747599,421.0,3.787678327,0.005702844,0.1115145,0.01451736,24.0036061,1.14192799,0
HERC5,3075,0.380952381,0.047619048,0.0,0.571428571,0.0,1.0,0.0,0.0,1.0,0.0,1.333333333,1.444444444,0.911577028,1.0,0.636942675,0.924251987,442906.2,295.0,0.02905418,2.48e-05,28,0.0,0.0,0.0,0.0,0.0,0.0,0.0,0.0,0,0.0,0.0,0.0,13.0,1.0,0.0,0.0,0.0,0.0,8.0,0.0,0.0,0.0,1.0,0.0,0.0,21.0,0.0,20.0,14.80909524,80.48522339,21.98653819,0.737755768,0.210104086,0.01934264,93.0,-0.249764083,0.017111028,240.0,0.238687868,0.017995441,333.0,3.307136566,0.030035534,0.042013179,0.002937513,15.84228542,0.75497584,0
SIGLEC11,2097,0.3125,0.0,0.0,0.625,0.0,1.0,0.0625,0.0,1.0,0.0,1.666666667,1.833333333,1.0,1.0,0.459136823,0.816532151,1679101.0,205.0,0.04451574,2.43e-07,3,0.0,0.0,0.0,0.0,0.0,0.0,1.0,0.0,0,0.0,0.0,0.0,9.0,0.0,0.0,0.0,0.0,0.0,5.0,0.0,0.0,1.0,0.0,0.0,0.0,14.0,0.0,13.0,6.990357143,42.11313517,21.8870142,1.820461457,0.268021593,0.032421814,181.0,-0.266001609,0.026919553,174.0,0.267034298,0.029650124,355.0,2.442658817,0.208819642,0.1115145,0.01451736,20.06067439,2.32244926,0
ABO,1064,0.166666667,0.166666667,0.0,0.666666667,0.0,1.0,0.0,0.0,0.953509509,0.0,2.666666667,3.333333333,0.292825769,1.0,0.871080139,0.991307751,1865433.0,416.0,0.04498202,2.99e-06,3,0.0,0.0,0.0,0.0,0.0,0.0,0.0,0.0,0,0.0,0.0,0.0,7.0,0.0,0.0,0.0,0.0,0.0,4.0,0.0,0.0,0.0,0.0,0.0,0.0,11.0,0.0,10.0,3.434363636,22.76295305,21.8870142,1.820461457,0.250474859,0.016294197,142.0,-0.244201031,0.016732941,262.0,0.246406188,0.016546909,404.0,2.84228509,0.209771735,0.1115145,0.01451736,20.06067439,2.32244926,0
MFAP1,1320,0.25,0.25,0.0,0.5,0.0,1.0,0.0,0.0,1.0,0.0,1.0,1.5,0.455996352,1.0,0.709219858,0.9529005,788307.3,250.0,0.03582204,0.000135066,62,0.0,0.0,0.0,0.0,0.0,0.0,0.0,0.0,0,0.0,0.0,0.0,2.0,1.0,0.0,0.0,0.0,0.0,1.0,0.0,0.0,0.0,0.0,0.0,0.0,4.0,0.0,4.0,27.03,154.2582667,25.26171644,0.276751811,0.203289219,0.014597267,64.0,-0.279059136,0.025210632,301.0,0.265773452,0.02413687,365.0,3.474091854,0.003458015,0.070926125,0.007123496,25.66768528,1.137692388,0
CRKL,912,0.333333333,0.333333333,0.0,0.333333333,0.0,1.0,0.0,0.0,1.0,0.0,0.5,1.0,0.22246941,1.0,0.878734622,0.992330699,523674.1,192.0,0.04884558,0.000412825,75,0.0,0.0,0.0,0.0,0.0,0.0,0.0,0.0,0,0.0,0.0,0.0,1.0,1.0,0.0,0.0,0.0,0.0,0.0,0.0,0.0,0.0,0.0,0.0,0.0,2.0,0.0,2.0,33.1,237.62,26.04910184,0.319160991,0.279960128,0.054770488,156.0,-0.273175619,0.022126199,226.0,0.275946257,0.035359761,382.0,3.655166728,0.005868552,0.045394731,0.011350637,23.51930584,1.022411554,0
CCDC74A,1137,0.266666667,0.066666667,0.0,0.466666667,0.0,1.0,0.133333333,0.0,0.863489053,0.066666667,1.4,2.2,0.081294204,1.0,0.775193798,0.972590867,455704.6,540.0,0.02930479,0.0,1,0.0,0.0,0.0,0.0,0.0,0.0,1.0,1.0,0,0.0,0.0,5.0,7.0,1.0,1.0,0.0,0.0,0.0,4.0,1.0,0.0,1.0,0.0,2.0,0.0,18.0,0.0,21.0,8.229944444,101.3198595,21.8870142,1.820461457,0.210986105,0.01316898,172.0,-0.237728118,0.020542776,85.0,0.219830739,0.015695979,257.0,3.04526995,0.061199356,0.1115145,0.01451736,17.00413532,1.900035446,0
RNPC3,1554,0.117647059,0.058823529,0.0,0.647058824,0.0,1.0,0.176470588,0.0,0.884870333,0.0,3.666666667,5.0,0.799360512,1.0,0.192418703,0.509540415,35346.62,974.0,-0.01775733,7.07e-06,9,0.0,0.0,0.0,0.0,0.0,0.0,2.0,1.0,0,0.0,0.0,0.0,11.0,1.0,0.0,0.0,0.0,0.0,1.0,1.0,0.0,2.0,0.0,1.0,0.0,14.0,0.0,16.0,23.63278571,56.61041326,21.74628883,1.155859393,0.203318214,0.010708882,112.0,-0.234402242,0.013414735,223.0,0.22400997,0.012690999,335.0,3.450802115,0.010358937,0.074412104,0.013388954,23.57109397,0.777896171,0
HMGA1,324,0.0,0.0,0.0,1.0,0.0,1.0,0.0,0.0,1.0,0.0,1.0,1.0,1.0,1.0,0.128386186,0.391926111,1074764.0,233.0,0.03586474,0.000230382,72,1.0,0.0,0.0,0.0,0.0,0.0,0.0,0.0,0,0.0,0.0,0.0,1.0,0.0,0.0,0.0,0.0,0.0,0.0,0.0,0.0,0.0,0.0,0.0,0.0,2.0,0.0,2.0,22.15,105.125,28.03306174,1.467780099,0.241639282,0.015635088,181.0,-0.242712761,0.017497516,134.0,0.242095937,0.01637444,315.0,3.602898399,0.032246706,0.077475859,0.008000907,25.88362661,1.479922834,0
RC3H2,3576,0.0,0.038461538,0.038461538,0.923076923,0.0,1.0,0.0,0.0,0.983634919,0.0,24.0,26.0,0.651890482,1.0,0.00552,0.034220563,407115.4,430.0,0.02557704,5.92e-07,4,0.0,0.0,0.0,0.0,0.0,0.0,0.0,0.0,0,0.0,0.0,1.0,24.0,1.0,0.0,0.0,0.0,0.0,0.0,1.0,0.0,0.0,0.0,0.0,0.0,27.0,0.0,21.0,25.54474074,41.77414374,21.74789057,1.518983861,0.242758723,0.020490729,141.0,-0.244078425,0.018975515,254.0,0.243607342,0.019466155,395.0,3.675339671,0.003153402,0.052555342,0.006480983,21.50103373,1.517709318,0
PIGG,2952,0.259259259,0.037037037,0.0,0.666666667,0.0,1.0,0.037037037,0.0,0.968842975,0.0,2.25,2.5,0.771010023,1.0,0.581733566,0.896883494,562683.5,624.0,0.01941299,0.000121943,4,0.0,0.0,1.0,0.0,0.0,0.0,1.0,0.0,0,0.0,0.0,1.0,19.0,1.0,0.0,0.0,0.0,0.0,7.0,0.0,0.0,1.0,0.0,0.0,0.0,29.0,0.0,22.0,14.39344828,129.8422169,21.43150367,1.75807725,0.258778407,0.033327138,113.0,-0.265886769,0.023442846,258.0,0.263733298,0.026366442,371.0,3.481127933,0.003699424,0.070556266,0.013384191,17.39012208,0.662176685,0
MYEOV,942,0.111111111,0.0,0.0,0.777777778,0.0,1.0,0.0,0.111111111,1.0,0.0,3.5,4.0,1.0,1.0,0.482392668,0.834055395,558031.5,443.0,0.03667184,0.0,1,0.0,0.0,0.0,0.0,0.0,0.0,0.0,0.0,0,0.0,0.0,0.0,7.0,0.0,0.0,0.0,0.0,0.0,1.0,0.0,0.0,0.0,0.0,0.0,0.0,8.0,0.0,7.0,8.76475,48.1116745,21.8870142,1.820461457,0.51968898,0.403852964,254.0,-0.222416829,0.017297291,82.0,0.447355697,0.325782483,336.0,2.610781472,0.708984346,0.1115145,0.01451736,20.06067439,2.32244926,0
CBY3,729,0.25,0.0,0.0,0.75,0.0,1.0,0.0,0.0,1.0,0.0,2.0,2.0,1.0,1.0,0.553097345,0.880653353,649122.9543,444.4009898,0.019888568,0.0,0,0.0,0.0,0.0,0.0,0.0,0.0,0.0,0.0,0,0.0,0.0,0.0,6.0,0.0,0.0,0.0,0.0,0.0,2.0,0.0,0.0,0.0,0.0,0.0,0.0,8.0,0.0,7.0,12.476625,31.9695617,21.8870142,1.820461457,0.263816402,0.037068399,190.1320168,-0.262379274,0.034993589,187.6534411,0.272484272,0.039786023,377.6466786,1.791367403,0.491173297,0.1115145,0.01451736,20.06067439,2.32244926,0
RBM33,3513,0.181818182,0.0,0.03030303,0.757575758,0.0,1.0,0.0,0.03030303,0.987985463,0.0,3.571428571,3.857142857,0.952380952,1.0,0.293169159,0.65288933,213579.7,646.0,0.01043796,8.64e-05,14,0.0,0.0,0.0,0.0,0.0,0.0,0.0,0.0,0,1.0,0.0,1.0,25.0,0.0,0.0,0.0,0.0,0.0,6.0,1.0,0.0,1.0,0.0,0.0,0.0,33.0,0.0,30.0,18.8159697,82.57692784,23.29503487,0.341214521,0.294209707,0.023298212,341.0,-0.26773136,0.025337329,125.0,0.287107146,0.023929786,466.0,3.616017026,0.005114636,0.03165346,0.006647497,26.05023214,0.436675346,0
SSBP2,1110,0.2,0.0,0.0,0.6,0.0,1.0,0.2,0.0,1.0,0.0,1.5,2.0,1.0,1.0,0.125015627,0.384962687,159943.1,864.0,0.02323445,2.64e-05,21,0.0,0.0,0.0,0.0,0.0,0.0,1.0,0.0,0,0.0,0.0,0.0,3.0,0.0,0.0,0.0,0.0,0.0,0.0,1.0,0.0,1.0,0.0,0.0,0.0,4.0,0.0,5.0,25.65,73.33666667,20.74525113,1.457370192,0.245933443,0.018972706,121.0,-0.273589034,0.02733407,289.0,0.265399757,0.024965749,410.0,3.434482644,0.019068936,0.098426826,0.006325494,21.40701314,0.80716856,0
RHNO1,717,0.0,0.0,0.0,0.8,0.0,1.0,0.0,0.2,1.0,0.0,4.0,5.0,1.0,1.0,0.478011472,0.830841561,649122.9543,444.4009898,0.019888568,2.94e-05,13,0.0,0.0,0.0,0.0,0.0,0.0,0.0,0.0,0,1.0,0.0,1.0,4.0,0.0,0.0,0.0,0.0,0.0,0.0,0.0,0.0,1.0,0.0,0.0,0.0,5.0,0.0,6.0,14.1132,50.3363512,21.8870142,1.820461457,0.34686207,0.076606527,256.0,-0.246457043,0.024558187,115.0,0.315739218,0.062525054,371.0,3.389170207,0.0070812,0.043917044,0.010866952,20.06067439,2.32244926,0
ATAD3C,1236,0.222222222,0.0,0.0,0.777777778,0.0,1.0,0.0,0.0,1.0,0.0,2.333333333,2.333333333,1.0,1.0,0.43421624,0.796444907,1725369.0,187.0,0.02728094,2.27e-07,3,0.0,0.0,0.0,0.0,0.0,0.0,0.0,0.0,0,0.0,0.0,0.0,8.0,0.0,0.0,0.0,0.0,0.0,2.0,0.0,0.0,0.0,1.0,0.0,0.0,9.0,0.0,10.0,15.97622222,58.67305269,21.8870142,1.820461457,0.270395508,0.036092258,118.0,-0.254184268,0.017397977,239.0,0.259542605,0.02355133,355.0,2.885182709,0.059364079,0.1115145,0.01451736,20.06067439,2.32244926,0
C16ORF90,549,0.0,0.0,0.0,1.0,0.0,1.0,0.0,0.0,1.0,0.0,4.0,4.0,1.0,1.0,0.291885581,0.651311559,805494.6,246.0,0.0385782,0.0,0,0.0,0.0,0.0,0.0,0.0,0.0,0.0,0.0,0,0.0,0.0,0.0,4.0,0.0,0.0,0.0,0.0,0.0,0.0,0.0,0.0,0.0,0.0,0.0,0.0,4.0,0.0,4.0,15.1425,31.05669167,21.8870142,1.820461457,0.24511,0.02001954,192.0,-0.272959521,0.047804807,146.0,0.257139675,0.032106093,338.0,0.604369884,0.453207033,0.0,0.0,20.06067439,2.32244926,0
MOB1B,666,0.142857143,0.0,0.0,0.857142857,0.0,1.0,0.0,0.0,1.0,0.0,3.0,3.0,1.0,1.0,0.511508951,0.854419536,265400.0,638.0,0.02539101,6.23e-05,34,0.0,0.0,0.0,0.0,0.0,0.0,0.0,0.0,0,0.0,0.0,0.0,6.0,0.0,0.0,0.0,0.0,0.0,1.0,0.0,0.0,0.0,0.0,0.0,0.0,7.0,0.0,6.0,24.71742857,60.63372629,18.2666037,0.053723812,0.255179922,0.036750907,128.0,-0.236393578,0.016180904,204.0,0.243636506,0.024108298,332.0,3.511089862,0.005044634,0.049389251,0.005860693,20.06067439,2.32244926,0
GALNT3,1902,0.125,0.125,0.0,0.75,0.0,1.0,0.0,0.0,0.9375,0.0,4.0,4.666666667,0.453926464,1.0,0.623830318,0.918201418,104273.7,888.0,-0.000845566,0.0,1,0.0,0.0,0.0,0.0,0.0,0.0,0.0,0.0,0,0.0,0.0,2.0,12.0,2.0,0.0,0.0,0.0,0.0,2.0,0.0,0.0,0.0,0.0,0.0,0.0,18.0,0.0,17.0,22.98211111,128.9459443,23.73927789,1.303738488,0.233286698,0.020896494,215.0,-0.214428732,0.011382991,71.0,0.228605175,0.018553123,286.0,3.449258275,0.077289499,0.071551915,0.016003307,19.35181002,2.404087688,0
MAPKAPK5,1422,0.4,0.1,0.0,0.4,0.0,1.0,0.1,0.0,0.939794001,0.0,0.8,1.2,0.587889477,1.0,0.648929267,0.929546759,755663.3,242.0,0.0422726,4.11e-05,16,15.0,0.0,0.0,0.0,0.0,0.0,1.0,0.0,0,0.0,0.0,0.0,4.0,1.0,0.0,0.0,0.0,0.0,4.0,0.0,0.0,4.0,0.0,1.0,0.0,20.0,0.0,22.0,14.83865,115.850828,19.67261414,1.968571679,0.232522535,0.023316152,141.0,-0.217940134,0.014721813,149.0,0.225055945,0.018902989,290.0,3.561825177,0.002718797,0.042813109,0.013807543,21.18159607,0.643771831,0
PRKAA2,1659,0.1875,0.0,0.0,0.75,0.0,1.0,0.0625,0.0,1.0,0.0,3.0,3.25,1.0,1.0,0.49382716,0.842256642,39630.77,514.0,-0.005076054,0.000368606,76,0.0,0.0,0.0,0.0,0.0,0.0,1.0,0.0,0,0.0,0.0,0.0,13.0,0.0,0.0,0.0,0.0,0.0,3.0,0.0,0.0,1.0,0.0,0.0,0.0,15.0,1.0,13.0,24.4472,83.44691189,22.55427278,2.986445968,0.219522177,0.017119812,124.0,-0.229950263,0.015949964,190.0,0.225832166,0.016384791,314.0,3.234691119,0.197397063,0.060743642,0.0094584,22.5759673,3.225565323,0
SS18L1,1191,0.125,0.0,0.0,0.875,0.0,1.0,0.0,0.0,0.916666667,0.0,3.5,3.5,1.0,1.0,0.043624307,0.18026178,861466.4,288.0,-0.01282811,0.000190308,42,0.0,0.0,0.0,0.0,0.0,0.0,0.0,0.0,0,0.0,0.0,0.0,7.0,0.0,0.0,0.0,0.0,0.0,1.0,0.0,0.0,0.0,0.0,0.0,0.0,8.0,0.0,8.0,22.430125,89.89385441,21.24208117,1.94085855,0.350094267,0.051988022,375.0,-0.208882143,0.009520661,56.0,0.33174652,0.048694775,431.0,3.400407559,0.005283323,0.031822386,0.008176323,20.06067439,2.32244926,0
IL23R,1890,0.352941176,0.0,0.058823529,0.529411765,0.0,1.0,0.058823529,0.0,0.971217583,0.0,1.285714286,1.571428571,0.745156483,1.0,0.913242009,0.996122706,453952.2,581.0,-0.004041341,2.59e-07,3,0.0,0.0,0.0,0.0,0.0,0.0,1.0,0.0,0,0.0,0.0,1.0,10.0,0.0,0.0,0.0,0.0,0.0,6.0,1.0,0.0,1.0,1.0,0.0,0.0,17.0,0.0,15.0,12.64870588,65.5529891,20.34568609,2.023226147,0.201970672,0.012296345,119.0,-0.2277347,0.013506748,200.0,0.218123668,0.013170866,318.0,2.01369869,0.567296283,0.1115145,0.01451736,20.06067439,2.32244926,0
ZFAND1,807,0.333333333,0.0,0.0,0.666666667,0.0,1.0,0.0,0.0,1.0,0.0,1.0,1.0,1.0,1.0,0.451263538,0.810335636,158800.8,681.0,0.01181767,0.0,1,0.0,0.0,0.0,0.0,0.0,0.0,0.0,0.0,0,0.0,0.0,1.0,2.0,0.0,0.0,0.0,0.0,0.0,1.0,0.0,0.0,0.0,0.0,0.0,0.0,4.0,0.0,4.0,15.62275,96.54011692,23.22986402,0.650316771,0.33091176,0.051745593,409.0,-0.264644118,0.022728266,68.0,0.321464801,0.048090423,477.0,3.47712304,0.009418236,0.038921907,0.00780195,15.39750381,1.026224998,0
IFT27,561,0.333333333,0.0,0.0,0.666666667,0.0,1.0,0.0,0.0,1.0,0.0,1.0,1.0,1.0,1.0,0.162601626,0.457959688,1235005.0,537.0,0.01902402,8.72e-06,3,0.0,0.0,0.0,0.0,0.0,0.0,0.0,0.0,0,0.0,0.0,2.0,1.0,0.0,0.0,0.0,0.0,0.0,1.0,1.0,0.0,0.0,0.0,0.0,0.0,5.0,0.0,5.0,12.5294,185.5390268,24.36382407,1.236445994,0.250721429,0.053590568,133.0,-0.290907256,0.024836753,277.0,0.277871366,0.034410776,410.0,3.1967513,0.008987167,0.077270443,0.012095887,14.65659335,1.467061903,0
GPCPD1,2019,0.071428571,0.071428571,0.071428571,0.785714286,0.0,1.0,0.0,0.0,0.962478638,0.0,5.5,6.5,0.440917108,1.0,0.24378352,0.587877781,556687.5,225.0,0.003019575,0.0,1,0.0,0.0,0.0,0.0,0.0,0.0,0.0,0.0,0,0.0,0.0,0.0,11.0,1.0,0.0,0.0,0.0,0.0,0.0,2.0,0.0,0.0,0.0,0.0,0.0,14.0,0.0,14.0,27.8,49.89447692,23.09906432,0.63256453,0.296683603,0.038559848,295.0,-0.265144419,0.024662472,129.0,0.287133005,0.034494054,423.0,3.644672771,0.008642035,0.034112142,0.008205431,21.40639434,1.938632894,0
EFCAB1,636,0.2,0.1,0.0,0.6,0.0,1.0,0.1,0.0,0.939794001,0.0,2.0,2.666666667,0.784929356,1.0,0.280269058,0.636772762,16699.38,533.0,-0.02776282,0.0,0,0.0,0.0,0.0,0.0,0.0,0.0,1.0,0.0,0,0.0,0.0,0.0,6.0,1.0,0.0,0.0,0.0,0.0,2.0,0.0,0.0,1.0,0.0,0.0,0.0,9.0,0.0,8.0,24.36,94.738875,16.63596085,0.489651563,0.308092751,0.049091936,349.0,-0.2602106,0.01887198,100.0,0.297428575,0.04270207,449.0,2.305818952,0.513234498,0.334017372,0.045154078,20.06067439,2.32244926,0
LRRC10,834,0.272727273,0.0,0.0,0.636363636,0.0,1.0,0.090909091,0.0,1.0,0.0,1.75,2.0,1.0,1.0,0.823723229,0.983460208,499701.0,394.0,0.01384339,0.0,0,0.0,0.0,0.0,0.0,0.0,0.0,1.0,0.0,0,0.0,0.0,0.0,7.0,0.0,0.0,0.0,0.0,0.0,3.0,0.0,0.0,1.0,0.0,0.0,0.0,10.0,0.0,11.0,17.2536,39.56876893,21.8870142,1.820461457,0.365615274,0.327356848,201.0,-0.200034457,0.01139733,92.0,0.313624027,0.233694815,293.0,0.527087287,0.493511031,0.1115145,0.01451736,20.06067439,2.32244926,0
KCTD6,714,0.2,0.0,0.0,0.8,0.0,1.0,0.0,0.0,1.0,0.0,2.0,2.0,1.0,1.0,0.355745286,0.723422374,567081.0,265.0,0.03511506,0.000132159,24,0.0,0.0,0.0,0.0,0.0,0.0,0.0,0.0,0,0.0,0.0,0.0,4.0,0.0,0.0,0.0,0.0,0.0,1.0,0.0,0.0,0.0,0.0,0.0,0.0,5.0,0.0,5.0,22.006,43.81258,19.30426091,4.737018935,0.23172575,0.020225327,120.0,-0.282371981,0.022520448,414.0,0.270990805,0.022413497,534.0,3.189510889,0.015844536,0.041377389,0.005477314,20.06067439,2.32244926,0
RNASEH2A,900,0.444444444,0.111111111,0.0,0.444444444,0.0,1.0,0.0,0.0,1.0,0.0,0.8,1.0,0.461041955,1.0,0.367107195,0.734985825,1937827.0,226.0,0.03240132,3.96e-05,17,0.0,0.0,0.0,0.0,0.0,0.0,0.0,0.0,0,0.0,0.0,0.0,4.0,1.0,0.0,0.0,0.0,0.0,4.0,0.0,0.0,0.0,0.0,0.0,0.0,9.0,0.0,9.0,22.13011111,128.1408726,23.76146498,0.317175152,0.332978967,0.059843986,183.0,-0.219661106,0.012289957,199.0,0.274101018,0.038252604,381.0,3.313352766,0.01574368,0.017924402,0.001649495,18.96549323,1.144667434,0
PTPRB,6648,0.275362319,0.028985507,0.0,0.666666667,0.0,1.0,0.028985507,0.0,0.981019634,0.0,2.3,2.5,0.958772771,1.0,0.287273772,0.645595981,159249.8,454.0,-0.02589898,3.89e-07,5,0.0,0.0,0.0,0.0,0.0,0.0,2.0,0.0,0,0.0,0.0,1.0,48.0,2.0,0.0,0.0,0.0,0.0,19.0,0.0,0.0,2.0,2.0,0.0,0.0,68.0,0.0,56.0,18.21263235,117.3981918,21.17979091,4.014140159,0.338762069,0.25066764,203.0,-0.19749625,0.010427549,96.0,0.293405819,0.177604563,299.0,3.522143071,0.029786044,0.083012508,0.010179792,19.38977081,4.695507164,1
STRADB,1257,0.25,0.0,0.125,0.5,0.0,1.0,0.125,0.0,0.916666667,0.0,1.333333333,2.0,0.630517024,1.0,0.366568915,0.734446019,468063.8,491.0,0.02607611,1.53e-05,7,0.0,0.0,0.0,0.0,0.0,0.0,1.0,0.0,0,0.0,0.0,0.0,4.0,0.0,0.0,0.0,0.0,0.0,2.0,1.0,0.0,1.0,0.0,0.0,0.0,7.0,0.0,8.0,22.69114286,80.63488248,19.54610097,6.074629366,0.217669398,0.016145661,166.0,-0.247321262,0.021875186,103.0,0.229023086,0.018474583,269.0,3.36088514,0.010550116,0.068399707,0.009556491,18.36024477,1.748938516,0
GPA33,960,0.25,0.083333333,0.0,0.666666667,0.0,1.0,0.0,0.0,0.953509509,0.0,2.0,2.25,0.678426052,1.0,0.147666864,0.430123518,287664.3,611.0,-0.000523914,0.0,1,0.0,0.0,0.0,0.0,0.0,0.0,0.0,0.0,0,0.0,0.0,0.0,6.0,1.0,0.0,0.0,0.0,0.0,3.0,2.0,0.0,0.0,0.0,0.0,0.0,12.0,0.0,11.0,14.75875,142.3433749,21.4256188,11.28905749,0.281448467,0.026273271,398.0,-0.215657273,0.012260171,33.0,0.27641109,0.025476087,431.0,2.245858126,0.643095545,0.1115145,0.01451736,22.78623667,14.57614913,0
TGFB3,1239,0.4,0.0,0.0,0.5,0.0,1.0,0.0,0.0,1.0,0.1,1.0,1.2,0.371885459,1.0,0.631313131,0.921687685,226588.1,582.0,0.03376412,0.000189669,7,0.0,0.0,0.0,0.0,0.0,0.0,0.0,0.0,0,0.0,0.0,0.0,5.0,0.0,1.0,0.0,0.0,0.0,4.0,0.0,0.0,0.0,0.0,0.0,0.0,10.0,0.0,10.0,21.673,44.26242333,21.52932949,2.343080097,0.238102867,0.023810001,143.0,-0.286830857,0.023515242,280.0,0.270357801,0.024091299,423.0,3.359000302,0.037641687,0.1115145,0.01451736,20.06067439,2.32244926,0
B3GNTL1,1086,0.461538462,0.153846154,0.0,0.384615385,0.0,1.0,0.0,0.0,0.958424899,0.0,0.714285714,1.0,0.239635754,1.0,0.972762646,0.999625649,649122.9543,444.4009898,0.019888568,0.0,0,0.0,0.0,0.0,0.0,0.0,0.0,0.0,0.0,0,0.0,0.0,1.0,5.0,2.0,0.0,0.0,0.0,0.0,6.0,0.0,0.0,0.0,0.0,0.0,0.0,14.0,0.0,12.0,11.10578571,192.2676853,21.32889572,2.023510278,0.286585219,0.036506836,250.0,-0.225308582,0.012731965,141.0,0.264544388,0.028767728,389.0,2.981984345,0.014738094,0.076673164,0.002535789,20.06067439,2.32244926,0
TSPAN19,747,0.181818182,0.0,0.0,0.727272727,0.272727273,0.801879687,0.090909091,0.0,0.875048115,0.0,2.666666667,3.0,1.0,0.209761588,0.102322726,0.10391295,22140.38,974.0,-0.02736684,0.0,0,0.0,0.0,0.0,0.0,0.0,0.0,1.0,0.0,0,0.0,0.0,0.0,7.0,0.0,0.0,0.0,0.0,1.0,2.0,1.0,0.0,1.0,0.0,0.0,0.0,11.0,0.0,11.0,16.39636364,62.82785045,21.8870142,1.820461457,0.21753118,0.013670571,161.0,-0.215470432,0.01339615,139.0,0.216576367,0.013499254,300.0,0.71748304,0.800028096,0.1115145,0.01451736,20.06067439,2.32244926,0
STX8,711,0.0,0.181818182,0.090909091,0.727272727,0.0,1.0,0.0,0.0,0.822490874,0.0,8.0,11.0,0.146649069,1.0,0.254323499,0.602530062,84658.19,634.0,-0.01019442,6.23e-05,27,0.0,0.0,0.0,0.0,0.0,0.0,0.0,0.0,0,0.0,0.0,0.0,8.0,2.0,0.0,0.0,0.0,0.0,0.0,1.0,0.0,0.0,0.0,0.0,0.0,11.0,0.0,11.0,30.17272727,41.23418182,23.44584418,0.342009493,0.2948088,0.310424612,75.0,-0.281374286,0.02080677,440.0,0.283326977,0.062403824,514.0,3.335149992,0.004714665,0.1115145,0.01451736,16.34985668,1.211157288,0
STRA8,993,0.277777778,0.0,0.055555556,0.666666667,0.0,1.0,0.0,0.0,1.0,0.0,2.0,2.166666667,0.653594771,1.0,0.921658986,0.996847914,425774.2,594.0,0.04035442,0.0,0,0.0,0.0,1.0,0.0,0.0,0.0,0.0,0.0,0,0.0,0.0,0.0,11.0,0.0,0.0,0.0,0.0,0.0,5.0,2.0,0.0,0.0,0.0,0.0,0.0,19.0,0.0,19.0,12.14152632,114.9317635,15.56449726,1.970731625,0.30540118,0.029737681,339.0,-0.251443421,0.022120351,114.0,0.291822406,0.028317067,453.0,0.790216679,0.895937176,0.850528882,0.053506914,14.68205322,1.365216262,0
RPS16,441,0.333333333,0.0,0.0,0.666666667,0.0,1.0,0.0,0.0,1.0,0.0,1.0,1.0,1.0,1.0,0.789265983,0.976047278,1410725.0,230.0,0.03930381,0.000174796,163,0.0,1.0,0.0,0.0,0.0,0.0,0.0,0.0,0,0.0,0.0,0.0,2.0,0.0,0.0,0.0,0.0,0.0,1.0,0.0,0.0,0.0,0.0,0.0,0.0,4.0,0.0,3.0,19.74,51.8072,28.9196869,0.358277605,0.36703184,0.105312244,212.0,-0.35346525,0.085982988,160.0,0.361196747,0.096789652,372.0,3.774399876,0.019763699,0.027346755,0.005850402,16.87880944,1.12147006,0
OR2AK2,1008,0.388888889,0.0,0.0,0.611111111,0.0,1.0,0.0,0.0,1.0,0.0,1.375,1.375,1.0,1.0,0.533049041,0.8684125,649122.9543,444.4009898,0.019888568,0.0,0,0.0,0.0,0.0,0.0,0.0,0.0,0.0,0.0,0,0.0,0.0,0.0,11.0,0.0,0.0,0.0,0.0,0.0,7.0,0.0,0.0,0.0,0.0,0.0,0.0,18.0,0.0,17.0,7.262444444,51.67777744,21.8870142,1.820461457,0.291482446,0.026009251,368.0,-0.248953214,0.026983734,56.0,0.285865377,0.026282298,424.0,0.561963153,0.513297049,0.1115145,0.01451736,20.06067439,2.32244926,0
ZNF57,1668,0.0,0.0,0.0,0.833333333,0.0,1.0,0.0,0.166666667,1.0,0.0,5.0,6.0,1.0,1.0,0.366300366,0.734176414,1119793.0,197.0,0.03452921,0.0,1,0.0,2.0,0.0,0.0,0.0,0.0,0.0,0.0,0,1.0,0.0,0.0,5.0,0.0,0.0,0.0,0.0,0.0,0.0,0.0,0.0,1.0,0.0,0.0,0.0,7.0,0.0,7.0,10.34214286,21.23371781,14.98206751,1.262984515,0.241433109,0.01467128,119.0,-0.265893877,0.025694943,276.0,0.258524684,0.022454495,395.0,3.124827188,0.01320469,0.035526061,0.007218715,20.06067439,2.32244926,0
ATE1,1557,0.125,0.0,0.0,0.75,0.0,1.0,0.0625,0.0625,1.0,0.0,4.0,4.666666667,1.0,1.0,0.208986416,0.536151729,233024.4,427.0,-0.003445549,4.65e-05,14,0.0,0.0,0.0,0.0,0.0,0.0,1.0,0.0,0,1.0,0.0,1.0,12.0,0.0,0.0,0.0,0.0,0.0,2.0,0.0,0.0,2.0,0.0,0.0,0.0,15.0,0.0,14.0,22.31906667,54.17384735,24.31354146,0.220142517,0.228610763,0.020270206,118.0,-0.332623345,0.046209813,290.0,0.302541275,0.040868882,408.0,3.506497463,0.004336313,0.041513589,0.010371921,19.9231693,2.27486016,0
SOD3,723,0.5,0.0,0.0,0.428571429,0.0,1.0,0.0,0.0,1.0,0.071428571,0.75,0.875,0.242954325,1.0,0.991080278,0.9999601,269536.8,617.0,0.03053928,0.0,1,0.0,0.0,0.0,0.0,0.0,0.0,0.0,0.0,0,0.0,0.0,0.0,6.0,0.0,1.0,0.0,0.0,0.0,6.0,0.0,0.0,0.0,0.0,0.0,0.0,13.0,0.0,12.0,12.299,30.56319567,26.43579201,1.047754764,0.230989346,0.015205835,107.0,-0.266225083,0.021024015,240.0,0.255359885,0.01944636,347.0,3.046958235,0.063867401,0.1115145,0.01451736,23.18495479,4.649335361,0
SLC25A23,1407,0.260869565,0.086956522,0.0,0.608695652,0.0,1.0,0.043478261,0.0,0.915852311,0.0,2.0,2.428571429,0.324149109,1.0,0.490918017,0.840195453,865106.1,219.0,0.03274363,1.11e-05,5,0.0,0.0,0.0,0.0,0.0,0.0,0.0,1.0,0,0.0,0.0,2.0,13.0,2.0,0.0,0.0,0.0,0.0,6.0,1.0,0.0,0.0,0.0,1.0,0.0,24.0,0.0,23.0,21.50820833,94.73367235,20.19762614,3.049296871,0.2534175,0.0209434,132.0,-0.253555524,0.020472665,246.0,0.253507579,0.02058136,378.0,3.379352476,0.014189349,0.051126042,0.006709931,17.65339286,1.622007917,0
CIC,4827,0.416666667,0.083333333,0.0,0.333333333,0.0,1.0,0.166666667,0.0,0.859052146,0.0,0.727272727,1.272727273,0.183452578,1.0,0.918273646,0.996565513,790786.8,299.0,0.0368695,2.38e-05,14,0.0,0.0,0.0,0.0,0.0,0.0,4.0,0.0,0,0.0,0.0,1.0,8.0,2.0,0.0,0.0,0.0,0.0,10.0,0.0,0.0,4.0,0.0,1.0,0.0,20.0,0.0,24.0,18.12615,126.8970553,23.35286657,0.364311388,0.308031623,0.062914852,191.0,-0.257725524,0.023786697,143.0,0.286493383,0.046662109,334.0,3.467624387,0.0281433,0.055838627,0.012426878,25.93593925,0.522278333,1
PPP1R3B,858,0.25,0.0,0.0,0.75,0.0,1.0,0.0,0.0,1.0,0.0,1.5,1.5,1.0,1.0,0.591715976,0.90220623,159748.2,526.0,0.02337507,2.59e-06,8,0.0,1.0,0.0,0.0,0.0,0.0,0.0,0.0,0,0.0,0.0,0.0,3.0,0.0,0.0,0.0,0.0,0.0,1.0,0.0,0.0,1.0,0.0,0.0,0.0,4.0,0.0,5.0,10.674,153.0550107,22.6591228,2.280694781,0.257106124,0.020626352,129.0,-0.322326611,0.038418754,416.0,0.306889101,0.034931622,545.0,3.55448579,0.018135413,0.094515685,0.013704623,16.5124823,2.416900839,0
RXFP3,1410,0.407407407,0.037037037,0.0,0.481481481,0.0,1.0,0.074074074,0.0,0.962962963,0.0,1.083333333,1.333333333,0.391083301,1.0,0.372162263,0.74001687,268031.5,863.0,0.007765228,0.000312607,2,0.0,0.0,0.0,0.0,0.0,0.0,2.0,0.0,0,0.0,0.0,0.0,13.0,1.0,0.0,0.0,0.0,0.0,11.0,0.0,0.0,2.0,0.0,0.0,0.0,25.0,0.0,26.0,15.84636,121.5306996,21.8870142,1.820461457,0.335776725,0.055970558,345.0,-0.267162034,0.034599567,59.0,0.325756262,0.053344546,404.0,1.007276739,0.616931619,0.197524713,0.032535565,20.06067439,2.32244926,0
PRIMA1,462,0.0,0.25,0.25,0.5,0.0,1.0,0.0,0.0,0.75,0.0,2.0,4.0,0.016103319,1.0,0.922509225,0.996916885,311377.8,676.0,0.01861485,0.0,0,0.0,0.0,0.0,0.0,0.0,0.0,0.0,0.0,0,0.0,0.0,0.0,2.0,1.0,0.0,0.0,0.0,0.0,0.0,1.0,0.0,0.0,0.0,0.0,0.0,4.0,0.0,4.0,26.98,95.32026667,21.8870142,1.820461457,0.25853913,0.039292659,160.0,-0.280795303,0.020108839,264.0,0.272364141,0.027417426,424.0,2.508951214,0.521879491,0.12269484,0.016608763,15.92597096,1.267055347,0
NKX1-1,1236,0.464285714,0.0,0.0,0.5,0.0,1.0,0.035714286,0.0,1.0,0.0,1.0,1.071428571,1.0,1.0,0.301568154,0.663075765,649122.9543,444.4009898,0.019888568,0.0,0,0.0,0.0,0.0,0.0,0.0,0.0,1.0,0.0,0,0.0,0.0,0.0,14.0,0.0,0.0,0.0,0.0,0.0,12.0,1.0,0.0,1.0,0.0,0.0,0.0,27.0,0.0,25.0,15.38407407,74.11396084,21.8870142,1.820461457,0.263816402,0.037068399,190.1320168,-0.262379274,0.034993589,187.6534411,0.272484272,0.039786023,377.6466786,0.013859347,0.014789505,0.319943092,0.029896665,20.06067439,2.32244926,0
EIF4G3,4866,0.172413793,0.103448276,0.0,0.586206897,0.0,1.0,0.137931034,0.0,0.860510489,0.0,2.833333333,4.0,0.482392668,1.0,0.470809793,0.825471329,661924.1,406.0,0.02246105,2.37e-05,30,0.0,0.0,5.0,0.0,0.0,0.0,4.0,0.0,0,0.0,0.0,2.0,16.0,3.0,0.0,0.0,0.0,0.0,5.0,0.0,0.0,5.0,0.0,0.0,0.0,30.0,0.0,31.0,23.75303333,90.13030403,24.23841887,1.144920696,0.21068087,0.013512516,92.0,-0.259080522,0.017896694,265.0,0.246711722,0.017182433,356.0,3.656618143,0.004777028,0.049623619,0.011928272,25.10724712,1.354836169,0
FOXR2,936,0.307692308,0.0,0.0,0.692307692,0.0,1.0,0.0,0.0,1.0,0.0,1.8,1.8,1.0,1.0,0.488519785,0.838483296,89606.85,444.4009898,0.009733792,2.01e-05,29,0.0,0.0,1.0,0.0,0.0,0.0,0.0,0.0,0,0.0,0.0,0.0,10.0,0.0,0.0,0.0,0.0,0.0,4.0,0.0,0.0,0.0,1.0,0.0,0.0,14.0,0.0,14.0,7.723357143,72.24791379,14.76875627,2.608327709,0.265494756,0.053269708,82.0,-0.270499007,0.033523238,151.0,0.268737854,0.040278719,233.0,0.160927831,0.25666433,0.1115145,0.01451736,15.80580027,2.19004441,1
GLI1,3321,0.31372549,0.058823529,0.0,0.588235294,0.0,1.0,0.039215686,0.0,0.952955627,0.0,1.764705882,2.058823529,0.512557663,1.0,0.861326443,0.989906721,1347802.0,194.0,0.03196463,0.000237027,26,0.0,2.0,0.0,0.0,0.0,0.0,2.0,0.0,0,0.0,0.0,0.0,30.0,3.0,1.0,0.0,0.0,0.0,16.0,2.0,0.0,3.0,2.0,0.0,0.0,51.0,0.0,47.0,18.48019608,73.37315408,17.26545723,0.409865123,0.399604111,0.444409875,180.0,-0.228032551,0.020195247,98.0,0.33912205,0.300996992,278.0,2.720117335,0.202133211,0.1115145,0.01451736,19.72304206,2.184023267,1
PPP2R2C,1344,0.181818182,0.0,0.090909091,0.727272727,0.0,1.0,0.0,0.0,1.0,0.0,2.666666667,3.0,0.33932813,1.0,0.334560054,0.700882865,480191.5,540.0,0.0504286,3.51e-05,38,0.0,0.0,0.0,0.0,0.0,0.0,0.0,0.0,0,0.0,0.0,5.0,10.0,0.0,0.0,0.0,0.0,0.0,2.0,1.0,0.0,0.0,0.0,0.0,0.0,18.0,0.0,17.0,16.43594444,133.2297108,23.94777345,1.851139035,0.254047568,0.026319253,111.0,-0.256656902,0.020257291,254.0,0.255865546,0.022030127,365.0,2.816186767,0.559061032,0.033511154,0.003222405,20.06067439,2.32244926,0
MAP3K15,3942,0.227272727,0.045454545,0.0,0.681818182,0.0,1.0,0.045454545,0.0,0.958370625,0.0,2.727272727,3.090909091,0.782472613,1.0,0.058207218,0.223733755,222228.9,444.4009898,0.03835797,1.2e-06,4,0.0,0.0,0.0,0.0,0.0,0.0,1.0,1.0,0,0.0,0.0,0.0,30.0,2.0,0.0,0.0,0.0,0.0,10.0,0.0,0.0,1.0,0.0,1.0,0.0,42.0,0.0,38.0,17.0442619,106.35123,21.8870142,1.820461457,0.225413086,0.024065579,81.0,-0.31574474,0.10815534,190.0,0.28894304,0.084734398,271.0,1.619214995,0.803479315,0.253766046,0.070619704,16.99527312,4.518978584,0
MYB,2286,0.2,0.0,0.0,0.8,0.0,1.0,0.0,0.0,1.0,0.0,2.666666667,2.666666667,1.0,1.0,0.538793103,0.871995493,150099.8,410.0,0.03207751,0.000184786,50,0.0,0.0,0.0,0.0,0.0,0.0,0.0,0.0,0,0.0,0.0,10.0,8.0,0.0,0.0,0.0,0.0,0.0,2.0,0.0,0.0,2.0,0.0,1.0,0.0,17.0,0.0,15.0,16.87876471,106.7511167,17.08968687,1.276102805,0.260271731,0.03710582,104.0,-0.272845187,0.022422069,268.0,0.269330027,0.02647018,372.0,3.204113847,0.082642281,0.057431833,0.002831323,19.23385062,3.292167616,1
C6ORF58,993,0.133333333,0.0,0.0,0.8,0.0,1.0,0.0,0.0,0.965872263,0.066666667,4.0,4.333333333,0.825763832,1.0,0.46641791,0.822142371,169285.3,807.0,-0.008747961,0.0,0,0.0,0.0,0.0,0.0,0.0,0.0,0.0,0.0,0,0.0,0.0,0.0,12.0,0.0,1.0,0.0,0.0,0.0,2.0,0.0,0.0,0.0,0.0,0.0,0.0,15.0,0.0,14.0,11.39966667,97.75424867,21.41028594,7.320404912,0.246759533,0.022527693,107.0,-0.269436815,0.022272349,270.0,0.263000557,0.022389909,377.0,1.004517061,0.918357972,0.1115145,0.01451736,20.06067439,2.32244926,0
HAND2,654,0.3125,0.0,0.0,0.3125,0.0,1.0,0.3125,0.0,0.757659766,0.0625,0.833333333,1.833333333,0.407830343,1.0,0.978473581,0.999766626,251136.3,719.0,-0.01005552,9.74e-06,14,17.0,0.0,0.0,0.0,0.0,0.0,5.0,0.0,0,0.0,0.0,0.0,5.0,0.0,0.0,0.0,0.0,0.0,4.0,2.0,0.0,14.0,0.0,0.0,0.0,19.0,0.0,25.0,17.82505263,94.05419894,19.39033259,1.412012618,0.207356528,0.020169962,72.0,-0.285533725,0.025774086,298.0,0.270320865,0.025586401,370.0,2.106146533,1.144604548,0.257762062,0.033913142,15.54506955,1.263135588,0
TNXB,12729,0.242105263,0.0,0.010526316,0.684210526,0.0,1.0,0.063157895,0.0,0.962105256,0.0,2.708333333,3.0,0.99009901,1.0,0.00766,0.044977554,2242514.0,203.0,0.03317634,0.0,1,0.0,0.0,0.0,0.0,0.0,0.0,5.0,1.0,0,0.0,0.0,0.0,67.0,2.0,0.0,0.0,0.0,0.0,27.0,4.0,0.0,5.0,2.0,1.0,0.0,98.0,0.0,72.0,16.52868367,80.35498609,25.79664893,1.59125604,0.253535784,0.0234666,184.0,-0.276451232,0.045179084,138.0,0.263326285,0.032760541,322.0,3.265199292,0.081889275,0.1115145,0.01451736,24.19616132,2.806140961,0
HERC4,3174,0.166666667,0.111111111,0.0,0.666666667,0.0,1.0,0.055555556,0.0,0.936651039,0.0,3.0,3.75,0.570776256,1.0,0.758150114,0.968062073,337983.2,246.0,0.01177937,4.96e-05,24,0.0,0.0,0.0,0.0,0.0,0.0,1.0,0.0,0,0.0,0.0,1.0,10.0,2.0,0.0,0.0,0.0,0.0,3.0,2.0,0.0,1.0,0.0,0.0,0.0,18.0,0.0,15.0,23.19088889,140.1978167,24.71520795,0.900056564,0.227262479,0.015097769,117.0,-0.326851172,0.046995583,273.0,0.296974564,0.039450942,389.0,3.585406839,0.003240392,0.074431159,0.011398787,18.88839129,4.279484312,0
STEAP1,1020,0.142857143,0.0,0.0,0.857142857,0.0,1.0,0.0,0.0,1.0,0.0,3.0,3.0,1.0,1.0,0.372717108,0.740564879,128669.1,1182.0,-0.009990127,0.0,0,0.0,0.0,0.0,0.0,0.0,0.0,0.0,0.0,0,0.0,0.0,0.0,6.0,0.0,0.0,0.0,0.0,0.0,1.0,0.0,0.0,0.0,0.0,0.0,0.0,7.0,0.0,7.0,17.58928571,121.8431516,20.18394147,1.263342749,0.304908173,0.030758247,405.0,-0.236878657,0.012342582,67.0,0.295251441,0.028677291,472.0,3.238337745,0.079611266,0.039639474,0.003991887,13.69969074,1.020566969,0
CYP2J2,1509,0.142857143,0.142857143,0.0,0.571428571,0.0,1.0,0.142857143,0.0,0.898226518,0.0,2.0,3.0,0.42973786,1.0,0.059955633,0.228679804,60418.08,824.0,-0.005507708,9.41e-07,3,0.0,0.0,0.0,0.0,0.0,0.0,1.0,0.0,0,0.0,0.0,0.0,4.0,1.0,0.0,0.0,0.0,0.0,1.0,0.0,0.0,1.0,0.0,0.0,0.0,6.0,0.0,7.0,25.52833333,98.72961667,19.89397055,5.023367307,0.231669426,0.031127473,122.0,-0.223964286,0.011851037,189.0,0.226986881,0.019351035,311.0,3.133767285,0.109049872,0.043417522,0.006800184,20.06067439,2.32244926,0
BID,726,0.4,0.0,0.0,0.4,0.0,1.0,0.0,0.2,1.0,0.0,0.666666667,1.0,1.0,1.0,0.942507069,0.998314665,395559.2,280.0,-0.01821226,0.000215838,49,0.0,0.0,0.0,0.0,0.0,0.0,0.0,0.0,0,1.0,0.0,3.0,2.0,0.0,0.0,0.0,0.0,0.0,0.0,2.0,0.0,1.0,0.0,0.0,0.0,7.0,0.0,8.0,8.197428571,39.06707795,21.8870142,1.820461457,0.231458129,0.017428638,139.0,-0.291234146,0.037331535,246.0,0.269652675,0.030908155,385.0,3.437585651,0.008202707,0.031435562,0.007335732,20.06067439,2.32244926,0
AP3B1,3285,0.12,0.04,0.04,0.76,0.0,1.0,0.04,0.0,0.959043628,0.0,4.75,5.5,0.836120401,1.0,0.398724083,0.765345145,262852.0,592.0,0.03960391,9.89e-05,30,0.0,0.0,2.0,0.0,0.0,0.0,1.0,0.0,0,0.0,0.0,1.0,18.0,1.0,0.0,0.0,0.0,0.0,3.0,2.0,0.0,1.0,0.0,0.0,0.0,27.0,0.0,21.0,23.50333333,62.51756923,26.06480335,0.190494588,0.22913886,0.010608358,114.0,-0.268924403,0.020894564,291.0,0.257780541,0.018300155,405.0,3.621512672,0.002132548,0.078261904,0.009365946,26.94120192,1.506171563,0
AMY2B,1536,0.259259259,0.037037037,0.0,0.703703704,0.0,1.0,0.0,0.0,0.984421488,0.0,2.375,2.5,0.846740051,1.0,0.950570342,0.998757713,31275.85,974.0,-0.01881541,0.0,1,0.0,0.0,0.0,0.0,0.0,0.0,0.0,0.0,0,0.0,0.0,0.0,19.0,1.0,0.0,0.0,0.0,0.0,7.0,0.0,0.0,0.0,0.0,0.0,0.0,27.0,0.0,16.0,16.49122222,132.840815,23.33828632,14.54311562,0.203318214,0.010708882,112.0,-0.234402242,0.013414735,223.0,0.22400997,0.012690999,335.0,3.298407311,0.044239595,0.1115145,0.01451736,20.06067439,2.32244926,0
KRTAP10-3,666,0.428571429,0.0,0.0,0.571428571,0.0,1.0,0.0,0.0,1.0,0.0,1.0,1.0,1.0,1.0,0.581057525,0.896516861,860603.6,461.0,0.0297915,0.003103342,290,0.0,0.0,0.0,0.0,0.0,0.0,0.0,0.0,0,0.0,0.0,0.0,4.0,0.0,0.0,0.0,0.0,0.0,3.0,0.0,0.0,0.0,0.0,0.0,0.0,7.0,0.0,7.0,10.243,84.57260333,21.8870142,1.820461457,0.258968526,0.039381608,95.0,-0.262405784,0.020203379,268.0,0.261506226,0.02512984,363.0,0.112392362,0.122538082,0.1115145,0.01451736,20.06067439,2.32244926,0
COQ2,1266,0.5,0.0,0.0,0.333333333,0.0,1.0,0.166666667,0.0,1.0,0.0,0.5,0.75,1.0,1.0,0.590667454,0.901655111,344601.1,218.0,0.04019829,0.0,0,0.0,0.0,0.0,0.0,0.0,0.0,1.0,0.0,0,0.0,0.0,0.0,2.0,0.0,0.0,0.0,0.0,0.0,3.0,0.0,0.0,1.0,0.0,0.0,0.0,5.0,0.0,6.0,14.7806,183.2532788,16.37603061,2.398299201,0.197830737,0.00834929,95.0,-0.248299957,0.018072751,234.0,0.233726778,0.015755763,329.0,3.240897551,0.010408832,0.072749691,0.003165916,20.06067439,2.32244926,0
PPP1R14C,498,0.125,0.125,0.0,0.75,0.0,1.0,0.0,0.0,1.0,0.0,3.0,3.5,0.709723208,1.0,0.096385542,0.32186979,346933.2,439.0,0.0301934,5.74e-08,3,0.0,0.0,0.0,0.0,0.0,0.0,0.0,0.0,0,0.0,0.0,0.0,6.0,0.0,0.0,0.0,0.0,0.0,1.0,1.0,0.0,0.0,0.0,0.0,0.0,8.0,0.0,7.0,27.35625,147.3997125,21.87880988,2.107419216,0.237848039,0.023285768,102.0,-0.284308456,0.027338351,272.0,0.271637433,0.026597004,374.0,3.083471242,0.224423856,0.050021747,0.012817765,21.81210225,3.571659168,0
SIGLEC7,1404,0.214285714,0.0,0.0,0.714285714,0.0,1.0,0.071428571,0.0,1.0,0.0,2.5,2.75,1.0,1.0,0.113882246,0.361301708,355131.8,632.0,0.001145436,3.6e-08,2,0.0,0.0,0.0,0.0,0.0,0.0,1.0,0.0,0,0.0,0.0,0.0,10.0,0.0,0.0,0.0,0.0,0.0,3.0,0.0,0.0,1.0,0.0,0.0,0.0,13.0,0.0,12.0,8.910153846,62.04265814,19.77812783,2.953933699,0.274417771,0.04148116,174.0,-0.253522041,0.02186074,147.0,0.264878416,0.032536676,321.0,2.838517809,0.048810759,0.1115145,0.01451736,21.29824188,1.42503045,0
HLA-DOB,822,1.0,0.0,0.0,0.0,0.0,1.0,0.0,0.0,1.0,0.0,0.0,0.0,1.0,1.0,1.0,1.0,1373102.0,417.0,0.03668247,0.0,2,0.0,0.0,0.0,0.0,0.0,0.0,0.0,0.0,0,0.0,0.0,0.0,0.0,0.0,0.0,0.0,0.0,0.0,1.0,0.0,0.0,0.0,0.0,0.0,0.0,1.0,0.0,1.0,0.423,0.0,18.58784381,3.668748358,0.24817623,0.017121994,183.0,-0.231058015,0.013885702,131.0,0.241034554,0.015794621,314.0,2.852725137,0.109821398,0.1115145,0.01451736,17.33402664,1.517183462,0
TMEM41B,876,0.083333333,0.0,0.0,0.666666667,0.0,1.0,0.25,0.0,0.889471473,0.0,4.0,5.5,1.0,1.0,0.078419072,0.27804957,669286.3,170.0,0.01985006,0.000210128,4,0.0,0.0,0.0,0.0,0.0,0.0,2.0,1.0,0,0.0,0.0,0.0,8.0,0.0,0.0,0.0,0.0,0.0,1.0,0.0,0.0,2.0,0.0,1.0,0.0,9.0,0.0,12.0,23.47766667,41.628139,23.42926787,0.846409826,0.20488782,0.016555038,133.0,-0.252914095,0.016708348,210.0,0.234291662,0.017149493,343.0,3.52720075,0.00469236,0.073874369,0.012052339,18.02723065,2.390483672,0
ACVR1,1530,0.083333333,0.083333333,0.0,0.833333333,0.0,1.0,0.0,0.0,1.0,0.0,5.0,5.5,0.631313131,1.0,0.137627305,0.410570594,81110.46,935.0,0.001722014,0.000640911,68,0.0,0.0,0.0,0.0,0.0,0.0,0.0,0.0,0,0.0,0.0,0.0,10.0,1.0,0.0,0.0,0.0,0.0,1.0,1.0,0.0,0.0,1.0,0.0,0.0,12.0,0.0,12.0,28.40758333,88.49370827,21.10703407,0.655314526,0.238294977,0.023339669,211.0,-0.202864861,0.009857887,72.0,0.229344211,0.020124887,283.0,3.456531436,0.005717351,0.063225719,0.006997181,14.9193204,1.186822612,1
AHRR,2160,0.222222222,0.037037037,0.074074074,0.666666667,0.0,1.0,0.0,0.0,0.962962963,0.0,2.571428571,3.0,0.263643554,1.0,0.367242012,0.735120901,808969.0,399.0,0.03429764,2.6e-07,5,0.0,0.0,0.0,0.0,0.0,0.0,0.0,0.0,0,0.0,0.0,0.0,17.0,1.0,0.0,0.0,0.0,0.0,6.0,4.0,0.0,0.0,0.0,0.0,0.0,28.0,0.0,21.0,13.91889286,133.9333645,21.8870142,1.820461457,0.358002596,0.059052993,365.0,-0.266279167,0.063143173,72.0,0.342924772,0.060740691,436.0,1.16407967,0.811021104,0.505959536,0.047776048,20.06067439,2.32244926,0
RICTOR,5127,0.085714286,0.057142857,0.057142857,0.8,0.0,1.0,0.0,0.0,0.955437938,0.0,7.0,8.0,0.423370025,1.0,0.0051,0.032020425,193511.7,336.0,-0.001638858,0.000167728,59,0.0,0.0,0.0,0.0,0.0,0.0,0.0,0.0,0,0.0,0.0,2.0,27.0,2.0,0.0,0.0,0.0,0.0,3.0,3.0,0.0,0.0,0.0,0.0,0.0,37.0,0.0,32.0,25.15494595,55.047245,23.50033671,0.848764265,0.335595058,0.057526123,344.0,-0.248822459,0.028397713,61.0,0.322525605,0.054023375,405.0,3.642685544,0.006710458,0.063597801,0.011262492,23.92909037,0.46183942,1
POLR3F,951,0.0,0.0,0.2,0.6,0.0,1.0,0.2,0.0,0.827729377,0.0,3.0,5.0,0.296120817,1.0,0.256739409,0.605826362,414549.3,436.0,0.02306686,6.72e-05,33,0.0,0.0,0.0,0.0,0.0,0.0,1.0,0.0,0,0.0,0.0,0.0,3.0,0.0,0.0,0.0,0.0,0.0,0.0,1.0,0.0,1.0,0.0,0.0,0.0,4.0,0.0,5.0,26.825,31.80916667,22.77497397,0.369447658,0.30588402,0.043732219,301.0,-0.269044188,0.034559438,117.0,0.295572392,0.04134989,418.0,3.278297078,0.004773742,0.075866107,0.005999114,15.0755034,0.29864269,0
MRPS22,1083,0.166666667,0.0,0.0,0.666666667,0.0,1.0,0.0,0.0,1.0,0.166666667,2.0,2.5,0.215842866,1.0,0.372856078,0.740702008,261288.3,671.0,0.00885479,0.000115161,55,0.0,0.0,0.0,0.0,0.0,0.0,0.0,0.0,0,0.0,0.0,3.0,4.0,0.0,1.0,0.0,0.0,0.0,1.0,0.0,0.0,1.0,0.0,0.0,0.0,8.0,0.0,9.0,17.78725,68.53668336,24.76778189,0.16565641,0.310916559,0.042845192,311.0,-0.254718158,0.024245879,76.0,0.299880181,0.039620055,387.0,3.431035155,0.006945517,0.054933385,0.004651867,20.06067439,2.32244926,0
MYPN,3963,0.23255814,0.069767442,0.0,0.674418605,0.0,1.0,0.023255814,0.0,0.957142132,0.0,2.636363636,3.0,0.656598818,1.0,0.085280573,0.295225021,407663.1,251.0,0.01870727,1.4e-05,12,18.0,0.0,4.0,0.0,0.0,0.0,1.0,0.0,0,0.0,0.0,0.0,30.0,4.0,0.0,0.0,0.0,1.0,10.0,0.0,0.0,1.0,1.0,0.0,0.0,66.0,0.0,42.0,15.97374242,150.517445,21.05603557,7.350107356,0.22806641,0.015900742,116.0,-0.326167445,0.046951528,273.0,0.296812404,0.039618737,389.0,1.53426017,0.845472721,0.1115145,0.01451736,22.24763809,9.211777235,0
IL17REL,1011,0.0,0.0,0.0,0.777777778,0.0,1.0,0.222222222,0.0,0.929896694,0.0,7.0,9.0,1.0,1.0,0.209599665,0.537110863,649122.9543,444.4009898,0.019888568,0.0,0,0.0,0.0,0.0,0.0,0.0,0.0,2.0,0.0,0,0.0,0.0,0.0,8.0,0.0,0.0,0.0,0.0,0.0,0.0,0.0,0.0,2.0,1.0,0.0,0.0,7.0,0.0,10.0,12.23157143,57.03090062,17.15600546,0.202376583,0.243907302,0.023230252,126.0,-0.300175113,0.027916942,311.0,0.283951442,0.027160405,437.0,1.91107487,0.557889204,0.1115145,0.01451736,20.06067439,2.32244926,0
MYBL1,2259,0.25,0.0625,0.0,0.4375,0.0,1.0,0.25,0.0,0.818599368,0.0,1.4,2.4,0.68119891,1.0,0.220945647,0.554537903,329075.8,140.0,0.03703302,1.84e-06,8,0.0,0.0,0.0,0.0,0.0,0.0,3.0,1.0,0,0.0,0.0,0.0,7.0,1.0,0.0,0.0,0.0,0.0,4.0,0.0,0.0,3.0,0.0,1.0,0.0,12.0,0.0,14.0,23.32816667,150.4566867,16.92924372,0.649393632,0.323840611,0.052865233,390.0,-0.261799506,0.016781863,81.0,0.31323865,0.04719708,471.0,3.157987829,0.026147254,0.044210089,0.009836433,17.48071053,2.450695397,1
URB2,4575,0.238095238,0.0,0.0,0.666666667,0.0,1.0,0.095238095,0.0,0.956634238,0.0,2.333333333,2.666666667,1.0,1.0,0.163238655,0.459115574,299237.8,340.0,0.01499023,3.88e-06,7,0.0,0.0,0.0,0.0,0.0,0.0,1.0,1.0,0,0.0,0.0,0.0,14.0,0.0,0.0,0.0,0.0,0.0,5.0,1.0,0.0,2.0,0.0,1.0,0.0,19.0,0.0,20.0,14.58247368,78.93262649,22.63727301,0.465888931,0.288898981,0.027399111,373.0,-0.24643587,0.026578856,46.0,0.28423716,0.027421903,419.0,3.407002557,0.007213235,0.048055054,0.008005584,20.06067439,2.32244926,0
C6ORF62,690,0.0,0.0,0.0,1.0,0.0,1.0,0.0,0.0,1.0,0.0,1.0,1.0,1.0,1.0,0.650195059,0.930092894,422850.1,362.0,0.03972007,9.28e-06,2,0.0,0.0,0.0,0.0,0.0,0.0,0.0,0.0,0,0.0,0.0,0.0,1.0,0.0,0.0,0.0,0.0,0.0,0.0,0.0,0.0,0.0,0.0,0.0,0.0,1.0,0.0,1.0,25.5,0.0,14.52684774,0.44619212,0.261100714,0.024795912,182.0,-0.245980563,0.020185228,142.0,0.254473981,0.022762888,324.0,3.676757229,0.002609592,0.126046308,0.008319875,20.06067439,2.32244926,0
SNF8,777,0.2,0.2,0.0,0.4,0.0,1.0,0.2,0.0,0.827729377,0.0,1.0,2.0,0.219154065,1.0,0.914913083,0.996272835,793100.7,174.0,0.02869129,0.000204231,39,0.0,0.0,0.0,0.0,0.0,0.0,1.0,0.0,0,0.0,0.0,0.0,2.0,1.0,0.0,0.0,0.0,0.0,1.0,0.0,0.0,1.0,0.0,0.0,0.0,4.0,0.0,5.0,25.78,134.4029333,25.10088611,0.325707116,0.22668455,0.009759021,200.0,-0.257768553,0.019134193,159.0,0.24045156,0.014108476,359.0,3.478911081,0.0027293,0.037703869,0.00836688,20.06067439,2.32244926,0
TAF3,2790,0.214285714,0.107142857,0.0,0.607142857,0.0,1.0,0.071428571,0.0,0.913750904,0.0,2.428571429,3.142857143,0.18957346,1.0,0.691562932,0.946612119,189039.7,596.0,-0.001359461,7.19e-06,24,0.0,0.0,0.0,0.0,0.0,0.0,2.0,0.0,0,0.0,0.0,0.0,17.0,3.0,0.0,0.0,0.0,0.0,6.0,0.0,0.0,2.0,0.0,0.0,0.0,26.0,0.0,20.0,17.31292308,157.0815546,20.3241661,0.93386856,0.322179809,0.075053594,157.0,-0.339346092,0.04822627,238.0,0.332523038,0.058796606,394.0,3.222621135,0.004571927,0.038454529,0.0116951,23.31285169,0.41187567,0
TEX10,2790,0.130434783,0.0,0.043478261,0.608695652,0.0,1.0,0.217391304,0.0,0.793258583,0.0,3.5,5.0,0.773395205,1.0,0.674763833,0.940210882,246976.3,476.0,0.01193115,5.46e-06,24,0.0,0.0,0.0,0.0,0.0,0.0,5.0,0.0,0,0.0,0.0,0.0,14.0,0.0,0.0,0.0,0.0,0.0,3.0,1.0,0.0,5.0,0.0,0.0,0.0,18.0,0.0,17.0,22.07727778,62.2667028,24.84576011,0.877367933,0.224965896,0.012123801,134.0,-0.236272857,0.015161845,259.0,0.232417557,0.014121204,393.0,3.434563375,0.006403846,0.040737966,0.007611763,20.42372873,1.333350933,0
MAGEF1,924,0.4,0.0,0.0,0.6,0.0,1.0,0.0,0.0,1.0,0.0,1.0,1.0,1.0,1.0,0.674308833,0.940031735,1301642.0,485.0,0.03598513,1.71e-05,8,0.0,0.0,0.0,0.0,0.0,0.0,0.0,0.0,0,0.0,0.0,0.0,3.0,0.0,0.0,0.0,0.0,0.0,2.0,0.0,0.0,0.0,0.0,0.0,0.0,5.0,0.0,5.0,8.572,44.3569575,20.34294699,1.716511871,0.405129299,0.104788438,371.0,-0.267277424,0.02410486,66.0,0.384309565,0.094961749,437.0,3.470660667,0.008411742,0.04443274,0.00531251,20.06067439,2.32244926,0
FASTKD3,1989,0.238095238,0.047619048,0.0,0.666666667,0.0,1.0,0.047619048,0.0,0.956634238,0.0,2.333333333,2.666666667,0.747943156,1.0,0.203252033,0.52709523,65780.69,1013.0,-0.01802683,1.81e-05,9,0.0,0.0,1.0,0.0,0.0,0.0,1.0,0.0,0,0.0,0.0,0.0,14.0,1.0,0.0,0.0,0.0,0.0,5.0,0.0,0.0,1.0,0.0,0.0,0.0,21.0,0.0,19.0,14.04580952,123.0161573,18.55721097,1.284431927,0.35478832,0.058899238,362.0,-0.279962414,0.042254699,58.0,0.344479762,0.057166765,420.0,3.246124933,0.005139566,0.048472048,0.005650839,20.06067439,2.32244926,0
POLD2,1515,0.4,0.0,0.0,0.5,0.0,1.0,0.1,0.0,1.0,0.0,1.0,1.2,1.0,1.0,0.426075841,0.789577297,1151124.0,282.0,0.05565149,1.66e-05,18,0.0,0.0,0.0,0.0,0.0,0.0,1.0,0.0,0,0.0,0.0,0.0,5.0,0.0,0.0,0.0,0.0,0.0,4.0,0.0,0.0,1.0,0.0,0.0,0.0,9.0,0.0,10.0,14.15977778,120.2696762,23.38553425,0.548964081,0.307623032,0.05621931,408.0,-0.255945303,0.019499781,66.0,0.300442547,0.051385511,474.0,3.55653905,0.006154676,0.081746737,0.007751422,17.24136151,2.82044847,0
ZFP57,1611,0.208333333,0.125,0.0,0.625,0.0,1.0,0.041666667,0.0,0.909123212,0.0,2.5,3.166666667,0.079955225,1.0,0.721500722,0.957014358,484408.3,755.0,0.03414728,0.0,4,0.0,0.0,0.0,0.0,0.0,0.0,1.0,0.0,0,0.0,0.0,0.0,15.0,3.0,0.0,0.0,0.0,0.0,5.0,0.0,0.0,1.0,0.0,0.0,0.0,23.0,0.0,21.0,11.25530435,150.8594484,21.8870142,1.820461457,0.2523765,0.018103669,180.0,-0.253492164,0.052812695,134.0,0.252852611,0.032794699,314.0,1.685192697,1.097230461,0.1115145,0.01451736,20.06067439,2.32244926,0
TMSB4X,135,0.25,0.0,0.0,0.5,0.0,1.0,0.25,0.0,1.0,0.0,1.0,1.5,1.0,1.0,0.086707708,0.29872648,649122.9543,444.4009898,0.019888568,2.88e-05,22,0.0,0.0,0.0,0.0,0.0,0.0,1.0,0.0,0,0.0,0.0,0.0,2.0,0.0,0.0,0.0,0.0,0.0,1.0,0.0,0.0,1.0,0.0,0.0,0.0,3.0,0.0,4.0,20.99666667,41.66003333,29.45204762,0.999957362,0.2705125,0.093922254,84.0,-0.291356277,0.049763543,188.0,0.284919228,0.063197617,272.0,4.014752583,0.004679736,0.221313746,0.043475344,23.78318574,1.818994245,0
TBC1D1,3507,0.28,0.08,0.0,0.6,0.0,1.0,0.04,0.0,0.959043628,0.0,1.875,2.25,0.659630607,1.0,0.755857899,0.967423949,156976.9,578.0,0.04814127,1.33e-05,10,0.0,0.0,0.0,0.0,0.0,0.0,1.0,0.0,0,0.0,0.0,3.0,15.0,2.0,0.0,0.0,0.0,0.0,7.0,0.0,0.0,1.0,0.0,0.0,0.0,27.0,0.0,24.0,16.63059259,172.8567209,23.57476496,0.884241115,0.226386106,0.012474603,112.0,-0.26313661,0.017536109,233.0,0.25123745,0.016153287,344.0,3.572910111,0.006681343,0.211187742,0.017339926,24.59999724,4.052170414,0
KIAA1549L,5550,0.283783784,0.027027027,0.027027027,0.635135135,0.0,1.0,0.027027027,0.0,0.966246376,0.0,2.136363636,2.409090909,0.614250614,1.0,0.618046972,0.9154455,826777.9,524.0,0.01920161,4.8e-07,2,0.0,0.0,0.0,0.0,0.0,0.0,2.0,0.0,0,0.0,0.0,1.0,46.0,2.0,0.0,0.0,0.0,0.0,20.0,4.0,0.0,2.0,1.0,0.0,0.0,72.0,0.0,54.0,16.30822222,134.4183145,22.01230042,2.748398855,0.27948487,0.119815814,153.0,-0.252529317,0.016770631,161.0,0.265707587,0.067109275,312.0,3.005299413,0.215647634,0.049466191,0.009444338,20.63210933,8.071223036,0
OR10G8,936,0.32,0.0,0.0,0.64,0.0,1.0,0.04,0.0,1.0,0.0,1.777777778,1.888888889,1.0,1.0,0.708215297,0.952554631,158395.9,830.0,-0.009757031,0.0,0,0.0,0.0,0.0,0.0,0.0,0.0,1.0,0.0,0,0.0,0.0,0.0,16.0,0.0,0.0,0.0,0.0,0.0,8.0,0.0,0.0,1.0,0.0,0.0,0.0,24.0,0.0,22.0,12.16708333,72.72129208,21.8870142,1.820461457,0.209178053,0.020736565,113.0,-0.280316164,0.024948858,219.0,0.256103494,0.024587799,332.0,0.097803291,0.137271562,0.1115145,0.01451736,20.06067439,2.32244926,0
YBX3,1119,0.1,0.0,0.0,0.8,0.0,1.0,0.1,0.0,1.0,0.0,4.0,4.5,1.0,1.0,0.01505888,0.07824274,410050.5,455.0,-0.004450182,0.000119648,77,0.0,0.0,0.0,0.0,0.0,0.0,1.0,0.0,0,0.0,0.0,2.0,6.0,0.0,0.0,0.0,0.0,0.0,1.0,2.0,0.0,2.0,0.0,0.0,0.0,10.0,0.0,12.0,25.3308,104.7832884,25.69876918,0.487506609,0.316022222,0.062729966,243.0,-0.273439844,0.030968036,128.0,0.301330728,0.052069224,371.0,3.621668888,0.010786509,0.052184681,0.004088329,23.02297837,1.206192952,0
F11R,900,0.4,0.2,0.0,0.3,0.0,1.0,0.1,0.0,0.856863624,0.0,0.6,1.2,0.163773338,1.0,0.906618314,0.995497498,777836.0,441.0,0.01878483,2.12e-05,11,0.0,0.0,0.0,0.0,0.0,0.0,1.0,0.0,0,0.0,0.0,0.0,3.0,2.0,0.0,0.0,0.0,0.0,3.0,1.0,0.0,1.0,0.0,0.0,0.0,9.0,0.0,9.0,19.04922222,216.0840824,25.42482648,1.104429806,0.288730898,0.027374075,401.0,-0.187447419,0.007305395,31.0,0.28146287,0.026598562,432.0,3.742736782,0.014812606,0.083541832,0.012917023,25.27452383,1.605612673,0
MTOR,7650,0.148148148,0.092592593,0.0,0.722222222,0.0,1.0,0.037037037,0.0,0.923892439,0.0,4.333333333,5.111111111,0.371609067,1.0,0.027153253,0.1250749,577167.0,416.0,0.03177134,0.001128728,128,1.0,0.0,0.0,0.0,0.0,0.0,1.0,1.0,0,0.0,0.0,0.0,40.0,5.0,0.0,0.0,0.0,0.0,8.0,0.0,0.0,1.0,1.0,1.0,0.0,53.0,0.0,47.0,25.31545283,88.81386656,24.72712069,0.544874107,0.228731735,0.016080828,97.0,-0.256935569,0.018326771,255.0,0.249105609,0.017815776,351.0,3.663889534,0.008177812,0.082277042,0.008788958,24.53852711,1.537096944,1
SCGB1D4,252,0.0,0.0,0.0,1.0,0.0,1.0,0.0,0.0,1.0,0.0,1.0,1.0,1.0,1.0,0.047447333,0.192073209,3058870.0,450.0,0.04183422,0.0,0,0.0,0.0,0.0,0.0,0.0,0.0,0.0,0.0,0,0.0,0.0,0.0,1.0,0.0,0.0,0.0,0.0,0.0,0.0,0.0,0.0,0.0,0.0,0.0,0.0,1.0,0.0,1.0,10.16,0.0,16.85481382,0.584168808,0.209714414,0.01391936,145.0,-0.252741525,0.023521985,118.0,0.229019354,0.018614131,263.0,0.273078487,0.572825511,0.1115145,0.01451736,20.06067439,2.32244926,0
NACC2,1764,0.260869565,0.0,0.0,0.695652174,0.0,1.0,0.043478261,0.0,0.98077698,0.0,2.285714286,2.428571429,1.0,1.0,0.28417164,0.64170982,809002.4,262.0,0.04587444,4.85e-07,11,0.0,0.0,0.0,0.0,0.0,0.0,1.0,0.0,0,0.0,0.0,0.0,16.0,0.0,0.0,0.0,0.0,0.0,6.0,0.0,0.0,1.0,0.0,0.0,0.0,22.0,0.0,19.0,17.216,105.7769446,19.44086641,2.639767099,0.263816402,0.037068399,190.1320168,-0.262379274,0.034993589,187.6534411,0.272484272,0.039786023,377.6466786,3.422092176,0.018851959,0.049190075,0.010949788,15.68152929,1.380579785,0
NRDE2,3495,0.176470588,0.058823529,0.0,0.764705882,0.0,1.0,0.0,0.0,1.0,0.0,3.25,3.5,0.603864734,1.0,0.37037037,0.738241397,318736.1,622.0,0.01369063,5.83e-09,3,0.0,0.0,0.0,0.0,0.0,0.0,0.0,0.0,0,0.0,0.0,1.0,13.0,1.0,0.0,0.0,0.0,0.0,3.0,0.0,0.0,0.0,0.0,0.0,0.0,18.0,0.0,16.0,17.62288889,101.9223127,22.13125209,0.658510278,0.234275325,0.01803696,154.0,-0.286516231,0.021686065,268.0,0.267452014,0.020942385,422.0,3.465615271,0.006510412,0.14952496,0.023114455,16.77293613,2.340811958,0
MYH15,5841,0.24691358,0.061728395,0.012345679,0.617283951,0.0,1.0,0.061728395,0.0,0.914213518,0.0,2.380952381,2.904761905,0.541125541,1.0,0.78369906,0.974710176,257473.3,874.0,0.003132324,4.96e-07,4,0.0,0.0,0.0,0.0,0.0,0.0,4.0,1.0,0,0.0,0.0,0.0,50.0,5.0,0.0,0.0,0.0,0.0,19.0,2.0,0.0,4.0,0.0,1.0,0.0,76.0,0.0,58.0,15.93889474,86.57699103,19.44275181,3.009407988,0.250850681,0.027527024,279.0,-0.266069386,0.021607224,114.0,0.255265267,0.025798147,393.0,2.578631155,0.193095872,0.1115145,0.01451736,17.57166281,1.509308148,0
POLE,6861,0.20754717,0.0,0.018867925,0.754716981,0.094339623,0.945463184,0.018867925,0.0,0.941993369,0.0,3.333333333,3.5,0.885739593,7e-05,0.00025,3.3e-07,649122.9543,444.4009898,0.019888568,7.87e-05,33,0.0,0.0,0.0,0.0,0.0,0.0,1.0,0.0,0,0.0,0.0,2.0,39.0,0.0,0.0,0.0,0.0,0.0,11.0,2.0,0.0,1.0,0.0,0.0,0.0,54.0,0.0,39.0,20.49201852,105.5254247,21.36823532,1.135557258,0.228606127,0.017037399,142.0,-0.232004277,0.015836871,159.0,0.230401163,0.016351217,301.0,3.503417848,0.011261212,0.037523755,0.006442098,19.38897694,1.324157562,1
ARAP1,4353,0.171428571,0.028571429,0.114285714,0.6,0.0,1.0,0.085714286,0.0,0.866313814,0.0,3.0,4.142857143,0.061150859,1.0,0.446229362,0.806301738,637045.1,234.0,0.05411493,6.29e-05,21,0.0,0.0,5.0,0.0,0.0,0.0,3.0,0.0,0,0.0,0.0,0.0,20.0,0.0,0.0,0.0,0.0,0.0,6.0,6.0,0.0,4.0,0.0,1.0,0.0,35.0,0.0,37.0,22.40614286,109.7378191,24.32721619,1.392587389,0.379344839,0.175093903,217.0,-0.240734248,0.017760036,113.0,0.331881212,0.125340552,330.0,3.62752889,0.004249363,0.068033992,0.014082891,22.90362874,1.649772007,0
SMIM4,213,0.0,0.0,0.0,1.0,0.0,1.0,0.0,0.0,1.0,0.0,1.0,1.0,1.0,1.0,0.2787068,0.6347812,649122.9543,444.4009898,0.019888568,0.0,0,0.0,0.0,0.0,0.0,0.0,0.0,0.0,0.0,0,0.0,0.0,1.0,1.0,1.0,0.0,0.0,0.0,0.0,0.0,0.0,0.0,0.0,0.0,0.0,0.0,3.0,0.0,3.0,24.23333333,0.043333333,17.43750873,1.617591837,0.247332523,0.037135308,107.0,-0.280808641,0.022928631,434.0,0.274187671,0.025853025,541.0,3.105118987,0.011519633,0.049684509,0.003135964,20.06067439,2.32244926,0
FAM177A1,711,0.333333333,0.166666667,0.0,0.5,0.0,1.0,0.0,0.0,1.0,0.0,1.0,1.333333333,0.81366965,1.0,0.263504611,0.614936604,640994.0,321.0,0.0452221,7.77e-05,23,0.0,0.0,0.0,0.0,0.0,0.0,0.0,0.0,0,0.0,0.0,0.0,3.0,1.0,0.0,0.0,0.0,0.0,2.0,0.0,0.0,0.0,0.0,0.0,0.0,6.0,0.0,6.0,24.755,198.9501404,23.37273934,0.329145133,0.333350854,0.133319055,199.0,-0.296923872,0.03195127,235.0,0.313626567,0.078560625,434.0,3.496748245,0.00525296,0.055739325,0.014288404,21.63783551,2.485199338,0
RABGGTA,1704,0.25,0.0,0.0,0.75,0.0,1.0,0.0,0.0,1.0,0.0,1.5,1.5,1.0,1.0,0.128435654,0.392027646,915114.0,220.0,0.03817384,5.14e-06,12,0.0,0.0,4.0,0.0,0.0,0.0,0.0,0.0,0,0.0,0.0,2.0,3.0,0.0,0.0,0.0,0.0,0.0,1.0,0.0,0.0,1.0,0.0,1.0,0.0,8.0,0.0,10.0,20.076875,80.72883527,24.78413911,0.254105148,0.241287425,0.02106822,167.0,-0.27950587,0.020659175,230.0,0.263429093,0.021135339,397.0,3.318382166,0.006251901,0.038527921,0.008859329,19.19493179,2.513566794,0
KRT82,1542,0.285714286,0.071428571,0.0,0.571428571,0.0,1.0,0.071428571,0.0,0.887435914,0.0,1.6,2.0,0.461680517,1.0,0.310945274,0.674172373,1065603.0,213.0,0.03545838,4.01e-06,10,0.0,0.0,0.0,0.0,0.0,0.0,1.0,0.0,0,0.0,0.0,0.0,6.0,1.0,0.0,0.0,0.0,0.0,3.0,2.0,0.0,1.0,0.0,0.0,0.0,12.0,0.0,12.0,19.23275,115.1338946,21.8870142,1.820461457,0.216302658,0.013552934,158.0,-0.256388547,0.029526771,117.0,0.233357382,0.020660341,274.0,0.289183709,0.370700631,0.1115145,0.01451736,20.06067439,2.32244926,0
NRF1,1512,0.3,0.1,0.0,0.5,0.0,1.0,0.1,0.0,0.939794001,0.0,1.25,1.75,0.412371134,1.0,0.805801773,0.979788482,459188.5,253.0,0.03240057,9.14e-05,15,0.0,0.0,0.0,0.0,0.0,0.0,1.0,0.0,0,0.0,0.0,0.0,5.0,1.0,0.0,0.0,0.0,0.0,3.0,0.0,0.0,1.0,0.0,0.0,0.0,9.0,0.0,10.0,21.77288889,136.2310314,23.38350841,0.343607433,0.294354749,0.022739126,339.0,-0.267774035,0.024020269,114.0,0.287665563,0.023142456,452.0,3.355198867,0.002175002,0.040974703,0.009889598,18.92910304,2.098262609,0
DCAF8L2,1896,0.255813953,0.023255814,0.0,0.720930233,0.0,1.0,0.0,0.0,1.0,0.0,2.583333333,2.666666667,0.941619586,1.0,0.475963827,0.82932576,649122.9543,444.4009898,0.019888568,0.0,0,0.0,0.0,0.0,0.0,0.0,0.0,0.0,0.0,0,0.0,0.0,0.0,31.0,1.0,0.0,0.0,0.0,0.0,11.0,0.0,0.0,0.0,0.0,0.0,0.0,43.0,0.0,35.0,10.09053488,80.93277783,15.05638098,1.664931061,0.224184085,0.042891738,71.0,-0.292740928,0.042026549,194.0,0.274372868,0.043022127,265.0,0.218044023,0.348896844,0.1115145,0.01451736,20.06067439,2.32244926,0
GUCD1,723,0.0,0.5,0.0,0.5,0.0,1.0,0.0,0.0,1.0,0.0,1.0,2.0,0.107100782,1.0,0.586166471,0.899268141,480889.0,194.0,0.04848062,0.000442084,14,0.0,0.0,0.0,0.0,0.0,0.0,0.0,0.0,0,0.0,0.0,0.0,2.0,0.0,0.0,0.0,0.0,0.0,0.0,1.0,0.0,0.0,0.0,0.0,0.0,3.0,0.0,3.0,26.73,299.4147,16.70398546,1.508461819,0.251039149,0.033746945,141.0,-0.285436211,0.0254092,256.0,0.273219622,0.028564377,397.0,3.627660898,0.00340366,0.095945817,0.016400063,20.06067439,2.32244926,0
HSPA12B,2061,0.409090909,0.045454545,0.0,0.545454545,0.0,1.0,0.0,0.0,0.979614198,0.0,1.2,1.3,0.556483027,1.0,0.435919791,0.797862693,860065.5,241.0,0.04329434,4.48e-06,5,0.0,0.0,0.0,0.0,0.0,0.0,0.0,0.0,0,0.0,0.0,0.0,11.0,1.0,0.0,0.0,0.0,0.0,9.0,1.0,0.0,0.0,0.0,0.0,0.0,22.0,0.0,19.0,19.76886364,108.9239498,23.72355694,0.506412435,0.303051939,0.034958663,294.0,-0.264106439,0.024397462,132.0,0.290984319,0.031946188,426.0,3.01346048,0.034606052,0.106650397,0.025561808,24.57208789,1.67102381,0
YAP1,1515,0.4,0.0,0.0,0.4,0.0,1.0,0.2,0.0,1.0,0.0,0.666666667,1.0,1.0,1.0,0.855431993,0.989006572,456820.5,327.0,-0.01362953,0.000948665,123,0.0,0.0,0.0,0.0,0.0,0.0,1.0,0.0,0,0.0,0.0,0.0,2.0,0.0,0.0,0.0,0.0,0.0,2.0,0.0,0.0,1.0,0.0,0.0,0.0,4.0,0.0,5.0,16.9855,62.98110767,25.39430724,0.421034786,0.357104467,0.294030799,149.0,-0.27009393,0.018802018,201.0,0.30727792,0.137775165,350.0,3.699802622,0.009329764,0.096364257,0.011874918,27.50187652,0.899183777,1
OTUD7B,2532,0.166666667,0.0,0.0,0.75,0.0,1.0,0.083333333,0.0,0.981824642,0.0,3.6,4.0,1.0,1.0,0.407331976,0.773167724,1115711.0,451.0,0.05067026,3.65e-05,14,1.0,0.0,0.0,0.0,0.0,0.0,2.0,0.0,0,0.0,0.0,0.0,17.0,0.0,0.0,0.0,0.0,0.0,4.0,1.0,0.0,2.0,0.0,0.0,0.0,23.0,0.0,23.0,19.53678261,72.45253891,23.50975283,0.901122609,0.312394833,0.041668106,388.0,-0.174893023,0.006324798,43.0,0.29870831,0.039825833,431.0,3.544702502,0.007357934,0.040476121,0.007336888,23.66158821,0.605945513,0
KIDINS220,5316,0.162162162,0.027027027,0.027027027,0.72972973,0.0,1.0,0.054054054,0.0,0.958495412,0.0,3.857142857,4.428571429,0.680272109,1.0,0.094224065,0.316788812,280134.0,559.0,0.01437404,3.46e-05,13,0.0,0.0,0.0,0.0,0.0,0.0,2.0,0.0,0,0.0,0.0,2.0,26.0,1.0,0.0,0.0,0.0,0.0,5.0,2.0,0.0,2.0,1.0,0.0,0.0,35.0,0.0,31.0,21.09751429,112.1421568,23.0503032,2.011829491,0.238537097,0.017376619,217.0,-0.244403973,0.022308833,73.0,0.240013931,0.018551785,290.0,3.742579822,0.004844151,0.02944542,0.001545023,23.68433506,0.899732375,0
YARS2,1434,0.5,0.0,0.0,0.5,0.0,1.0,0.0,0.0,1.0,0.0,0.75,0.75,1.0,1.0,0.581057525,0.896516861,302214.9,238.0,-0.004087462,2.89e-05,19,0.0,0.0,0.0,0.0,0.0,0.0,0.0,0.0,0,0.0,0.0,0.0,3.0,0.0,0.0,0.0,0.0,0.0,3.0,0.0,0.0,0.0,0.0,0.0,0.0,6.0,0.0,6.0,16.92366667,91.90965667,24.83861522,0.262250048,0.289914142,0.055290851,239.0,-0.229436203,0.02419055,79.0,0.274889748,0.048149058,318.0,3.363526957,0.005079211,0.088361375,0.005156379,15.40733649,1.95327071,0
HSH2D,1059,0.428571429,0.0,0.0,0.571428571,0.0,1.0,0.0,0.0,0.898226518,0.0,1.0,1.0,1.0,1.0,0.529661017,0.866270163,761374.3,298.0,0.04173731,1.26e-07,3,0.0,0.0,0.0,0.0,0.0,0.0,0.0,0.0,0,0.0,0.0,2.0,5.0,0.0,0.0,0.0,0.0,0.0,2.0,0.0,0.0,0.0,1.0,0.0,0.0,8.0,0.0,7.0,3.450125,11.05518984,20.10500662,1.905541932,0.322840552,0.05176241,163.0,-0.222415189,0.013215779,212.0,0.266066747,0.032362003,375.0,3.116544297,0.115052364,0.1115145,0.01451736,22.19564479,1.540820453,0
MERTK,3000,0.142857143,0.035714286,0.0,0.785714286,0.0,1.0,0.035714286,0.0,0.940567258,0.0,4.4,4.8,0.878734622,1.0,0.085353363,0.295404185,649122.9543,444.4009898,0.019888568,1.02e-05,8,0.0,0.0,0.0,0.0,0.0,0.0,1.0,0.0,0,0.0,0.0,1.0,21.0,1.0,0.0,0.0,0.0,0.0,3.0,2.0,0.0,1.0,0.0,0.0,0.0,28.0,0.0,24.0,16.24632143,125.8005918,21.12706623,3.489410816,0.2168295,0.017647523,180.0,-0.253824828,0.030253184,58.0,0.225845168,0.020858122,238.0,3.438813614,0.02023499,0.051420256,0.007991927,18.51097267,4.112424904,0
TOP3B,2589,0.444444444,0.0,0.055555556,0.5,0.0,1.0,0.0,0.0,1.0,0.0,1.0,1.111111111,0.483558994,1.0,0.671591672,0.93895551,471565.1,474.0,0.05773737,1.47e-05,22,0.0,0.0,0.0,0.0,0.0,0.0,0.0,0.0,0,0.0,0.0,3.0,9.0,0.0,0.0,0.0,0.0,0.0,8.0,1.0,0.0,0.0,0.0,0.0,0.0,21.0,0.0,16.0,15.485,111.8780659,22.59932698,0.168587182,0.272981871,0.04631862,155.0,-0.278394355,0.023254117,248.0,0.27631263,0.032038877,403.0,3.300188033,0.007842341,0.055870416,0.011692771,14.87955886,1.148600029,0
PKHD1L1,12732,0.177419355,0.096774194,0.0,0.701612903,0.0,1.0,0.024193548,0.0,0.932039921,0.0,3.782608696,4.434782609,0.229042602,1.0,0.121109362,0.376778651,134643.4,732.0,0.006386445,0.0,0,0.0,0.0,0.0,0.0,0.0,0.0,2.0,1.0,0,0.0,0.0,5.0,86.0,12.0,0.0,0.0,0.0,0.0,21.0,1.0,0.0,2.0,1.0,1.0,0.0,124.0,0.0,91.0,19.29723387,102.004425,20.85830119,9.556135548,0.359294648,0.058204934,454.0,-0.250022909,0.020585424,55.0,0.347487289,0.055244495,509.0,2.917013579,0.263437318,0.115769273,0.016427113,17.7217674,3.501442965,0
MFAP4,840,0.166666667,0.0,0.0,0.833333333,0.0,1.0,0.0,0.0,1.0,0.0,2.5,2.5,1.0,1.0,0.360490267,0.728294997,630768.8,332.0,0.01111426,0.000129056,6,0.0,0.0,0.0,0.0,0.0,0.0,0.0,0.0,0,0.0,0.0,1.0,5.0,0.0,0.0,0.0,0.0,0.0,1.0,0.0,0.0,0.0,0.0,0.0,0.0,7.0,0.0,7.0,19.764,69.34194533,26.30817229,4.124257958,0.278852056,0.083376951,107.0,-0.283015171,0.020196877,381.0,0.282102357,0.033910099,488.0,3.325345701,0.064449947,0.1115145,0.01451736,16.51625324,1.495917194,0
NDUFA9,1134,0.3,0.1,0.0,0.6,0.0,1.0,0.0,0.0,1.0,0.0,1.5,1.75,0.491159136,1.0,0.768639508,0.970894081,277827.6,874.0,0.01785184,0.000186416,42,0.0,0.0,0.0,0.0,0.0,0.0,0.0,0.0,0,0.0,0.0,1.0,5.0,1.0,0.0,0.0,0.0,0.0,3.0,1.0,0.0,0.0,0.0,0.0,0.0,11.0,0.0,9.0,15.75336364,187.3533187,24.15164078,0.47266748,0.33900984,0.071464635,250.0,-0.254264628,0.025096251,121.0,0.311370566,0.057815725,371.0,3.481086658,0.004772848,0.070356674,0.006404132,20.06067439,2.32244926,0
AKR7A3,996,0.2,0.0,0.0,0.8,0.0,1.0,0.0,0.0,1.0,0.0,2.0,2.0,1.0,1.0,0.364963504,0.732831358,810462.2,448.0,0.04036309,0.000109137,10,0.0,0.0,0.0,0.0,0.0,0.0,0.0,0.0,0,0.0,0.0,0.0,5.0,0.0,0.0,0.0,0.0,0.0,1.0,0.0,0.0,0.0,1.0,0.0,0.0,5.0,0.0,6.0,17.1606,84.9486918,23.93502019,7.220731388,0.208507111,0.013879342,90.0,-0.258419468,0.017971996,263.0,0.245693938,0.017360715,353.0,2.924069214,0.187951958,0.070190029,0.020483519,18.36875917,5.202648283,0
FAM221B,1209,0.111111111,0.0,0.0,0.888888889,0.0,1.0,0.0,0.0,0.929896694,0.0,4.0,4.0,1.0,1.0,0.478240077,0.831010244,847663.2,227.0,0.05437345,0.0,0,0.0,0.0,0.0,0.0,0.0,0.0,0.0,0.0,0,0.0,0.0,3.0,8.0,0.0,0.0,0.0,0.0,0.0,1.0,0.0,0.0,0.0,0.0,0.0,0.0,12.0,0.0,11.0,10.84866667,96.53527079,21.8870142,1.820461457,0.316258359,0.084244941,195.0,-0.262952422,0.026526153,289.0,0.284428988,0.05033935,483.0,1.71372112,0.520998106,0.091981364,0.008749841,20.06067439,2.32244926,0
GPR4,1089,0.307692308,0.0,0.0,0.692307692,0.0,1.0,0.0,0.0,1.0,0.0,1.8,1.8,1.0,1.0,0.549450549,0.878481594,1029266.0,194.0,0.04422857,0.0,0,0.0,0.0,0.0,0.0,0.0,0.0,0.0,0.0,0,0.0,0.0,0.0,9.0,0.0,0.0,0.0,0.0,0.0,4.0,0.0,0.0,0.0,0.0,0.0,0.0,13.0,0.0,12.0,18.34853846,84.39161694,21.8870142,1.820461457,0.246124767,0.023077571,172.0,-0.265807143,0.023642075,168.0,0.255850176,0.023384706,340.0,2.763791985,0.079114382,0.1115145,0.01451736,20.06067439,2.32244926,0
RASAL2,3843,0.258064516,0.096774194,0.0,0.612903226,0.0,1.0,0.032258065,0.0,0.934887391,0.0,2.111111111,2.555555556,0.320102433,1.0,0.198886237,0.520091943,168177.1,435.0,-0.009296331,1.06e-05,11,0.0,2.0,0.0,0.0,0.0,0.0,1.0,0.0,0,0.0,0.0,0.0,19.0,3.0,0.0,0.0,0.0,0.0,8.0,0.0,0.0,1.0,0.0,1.0,0.0,31.0,0.0,27.0,22.92316129,106.3445119,23.42411006,2.014194262,0.273457402,0.022662416,381.0,-0.234507714,0.021828491,35.0,0.270180385,0.022656668,416.0,3.61041835,0.010731945,0.128917634,0.00437635,25.08231461,0.728252858,0
C8ORF48,960,0.142857143,0.142857143,0.0,0.642857143,0.0,1.0,0.071428571,0.0,0.910795072,0.0,3.0,4.0,0.386249517,1.0,0.131839156,0.398968044,649122.9543,444.4009898,0.019888568,1.09e-06,4,0.0,0.0,0.0,0.0,0.0,0.0,0.0,1.0,0,0.0,0.0,0.0,9.0,2.0,0.0,0.0,0.0,0.0,2.0,0.0,0.0,0.0,0.0,1.0,0.0,13.0,0.0,13.0,14.24715385,200.628861,21.8870142,1.820461457,0.254481382,0.019423999,123.0,-0.317062754,0.036617783,414.0,0.302728473,0.033328833,537.0,2.496877824,0.131197305,0.1115145,0.01451736,20.06067439,2.32244926,0
AP2M1,1308,0.4,0.0,0.0,0.4,0.0,1.0,0.2,0.0,1.0,0.0,0.666666667,1.0,1.0,1.0,0.642260758,0.926628704,1456939.0,257.0,0.0452368,0.00163633,178,0.0,0.0,0.0,0.0,0.0,0.0,1.0,0.0,0,0.0,0.0,2.0,2.0,0.0,0.0,0.0,0.0,0.0,2.0,0.0,0.0,1.0,1.0,0.0,0.0,5.0,0.0,7.0,16.1778,139.0170452,27.22669165,0.29292614,0.417477834,0.11426058,374.0,-0.265518281,0.024633318,64.0,0.395273699,0.103965721,438.0,3.783408525,0.00349622,0.038031488,0.004182761,21.76819646,3.223201099,0
SERPINB3,1173,0.578947368,0.0,0.0,0.421052632,0.0,1.0,0.0,0.0,1.0,0.0,0.666666667,0.666666667,1.0,1.0,0.798084597,0.978085136,174292.5,370.0,-0.004581393,0.000252709,26,0.0,0.0,0.0,0.0,0.0,0.0,0.0,0.0,0,0.0,0.0,0.0,8.0,0.0,0.0,0.0,0.0,0.0,11.0,0.0,0.0,0.0,0.0,0.0,0.0,19.0,0.0,17.0,7.476421053,74.23055637,25.53162299,8.367354935,0.26181028,0.0278613,107.0,-0.278648903,0.021821457,401.0,0.275102185,0.023088421,508.0,1.813263999,2.08652728,0.1115145,0.01451736,17.36563306,0.700143541,1
GRSF1,1443,0.0,0.125,0.0,0.875,0.0,1.0,0.0,0.0,1.0,0.0,7.0,8.0,0.297796307,1.0,0.575043128,0.893220377,263233.5,553.0,0.02949027,2.74e-05,49,0.0,0.0,1.0,0.0,0.0,0.0,0.0,0.0,0,0.0,0.0,4.0,7.0,1.0,0.0,0.0,0.0,0.0,0.0,0.0,0.0,1.0,0.0,0.0,0.0,12.0,0.0,12.0,20.47166667,58.22356061,25.10785258,0.403936835,0.251000476,0.034273753,126.0,-0.23525335,0.016311633,200.0,0.241339663,0.02322893,326.0,3.65046945,0.002259908,0.067310741,0.013559672,22.28451323,2.334505038,0
SKA3,1239,0.0,0.0,0.0,1.0,0.0,1.0,0.0,0.0,0.871049064,0.0,6.0,6.0,1.0,1.0,0.302938503,0.664715375,447305.2,240.0,0.04255631,1.51e-05,11,0.0,0.0,0.0,0.0,0.0,0.0,0.0,0.0,0,0.0,0.0,2.0,6.0,0.0,0.0,0.0,0.0,0.0,0.0,1.0,0.0,1.0,0.0,0.0,0.0,8.0,0.0,7.0,14.028,63.86073486,19.47373288,1.072571487,0.292817158,0.040132943,183.0,-0.279671065,0.022887048,291.0,0.284746456,0.029515551,474.0,3.138873871,0.048808188,0.02383769,0.002744291,20.48312046,1.790221551,0
LGR5,2724,0.285714286,0.0,0.0,0.714285714,0.0,1.0,0.0,0.0,1.0,0.0,2.142857143,2.142857143,1.0,1.0,0.339904827,0.706692598,250555.2,516.0,-0.03355907,6.28e-05,2,0.0,0.0,0.0,0.0,0.0,0.0,0.0,0.0,0,0.0,0.0,0.0,15.0,0.0,1.0,0.0,0.0,0.0,6.0,0.0,0.0,1.0,0.0,0.0,0.0,21.0,0.0,22.0,16.52128571,71.58964241,18.30996428,2.932348452,0.290833518,0.079632336,198.0,-0.207958113,0.01637596,106.0,0.262030918,0.059084528,303.0,2.929472295,0.420577087,0.107489166,0.011191496,17.78309444,1.078096176,0
BCL6,2121,0.238095238,0.095238095,0.0,0.571428571,0.0,1.0,0.095238095,0.0,0.913268477,0.0,2.0,2.666666667,0.309023486,1.0,0.841750842,0.986760287,88373.85,374.0,0.02436231,0.001043895,115,0.0,0.0,0.0,0.0,0.0,0.0,2.0,0.0,0,0.0,0.0,1.0,12.0,2.0,0.0,0.0,0.0,0.0,5.0,0.0,0.0,2.0,0.0,0.0,0.0,20.0,0.0,21.0,20.9977,139.0855631,20.15988605,2.112562651,0.376028027,0.085044582,365.0,-0.288251892,0.031902637,74.0,0.36123205,0.077075703,439.0,3.553943477,0.017520905,0.1115145,0.01451736,23.50291931,0.792595887,1
HELB,3264,0.193548387,0.0,0.0,0.774193548,0.0,1.0,0.032258065,0.0,1.0,0.0,3.428571429,3.571428571,1.0,1.0,0.076324225,0.272688512,237928.2,773.0,0.005354795,7.5e-08,4,0.0,0.0,0.0,0.0,0.0,0.0,1.0,0.0,0,0.0,0.0,0.0,24.0,0.0,0.0,0.0,0.0,0.0,6.0,0.0,0.0,1.0,0.0,0.0,0.0,30.0,0.0,27.0,14.14603333,77.43140376,18.21484059,2.009861324,0.325597978,0.150385418,183.0,-0.210247849,0.016176939,93.0,0.28673,0.107923242,276.0,3.202450694,0.043781843,0.1115145,0.01451736,18.79955218,1.30385326,0
REG3G,528,0.333333333,0.166666667,0.0,0.5,0.0,1.0,0.0,0.0,0.953509509,0.0,1.2,1.6,0.439367311,1.0,0.438020149,0.799601563,21995.54,1408.0,-0.02922364,0.0,0,1.0,0.0,0.0,0.0,0.0,0.0,0.0,0.0,0,0.0,0.0,5.0,7.0,2.0,0.0,0.0,0.0,0.0,4.0,1.0,0.0,0.0,2.0,0.0,0.0,18.0,0.0,20.0,16.83172222,171.9596749,22.36975677,2.143009568,0.228403825,0.015802309,217.0,-0.225826667,0.032953513,45.0,0.227961183,0.018634103,262.0,0.589757819,1.095332482,0.1115145,0.01451736,20.06067439,2.32244926,0
ANO7,2802,0.2,0.04,0.0,0.76,0.0,1.0,0.0,0.0,1.0,0.0,3.166666667,3.333333333,0.744601638,1.0,0.063379389,0.238218821,1333138.0,317.0,0.03506773,0.0,0,0.0,0.0,0.0,0.0,0.0,0.0,0.0,0.0,0,0.0,0.0,0.0,21.0,1.0,0.0,0.0,0.0,0.0,6.0,0.0,0.0,0.0,0.0,0.0,0.0,28.0,0.0,25.0,13.98742857,119.9784157,21.8870142,1.820461457,0.263816402,0.037068399,190.1320168,-0.262379274,0.034993589,187.6534411,0.272484272,0.039786023,377.6466786,2.608908447,0.098164961,0.1115145,0.01451736,14.48839477,0.988234103,0
WNK4,3732,0.2,0.0,0.025,0.6,0.0,1.0,0.175,0.0,0.887258905,0.0,2.666666667,3.555555556,0.883392226,1.0,0.330141961,0.696016022,1633092.0,190.0,0.03316765,7.95e-06,10,0.0,0.0,0.0,0.0,0.0,0.0,6.0,1.0,0,0.0,0.0,9.0,22.0,0.0,0.0,0.0,0.0,0.0,8.0,2.0,0.0,8.0,1.0,1.0,0.0,38.0,0.0,41.0,17.91328947,104.5085365,22.71890205,4.442805382,0.277006952,0.059282123,187.0,-0.269346011,0.0206078,183.0,0.273217892,0.040061037,370.0,2.587115215,0.275625134,0.158199563,0.043452095,20.9095683,7.128616167,0
ELK1,1287,0.421052632,0.052631579,0.052631579,0.473684211,0.0,1.0,0.0,0.0,0.975220114,0.0,1.0,1.222222222,0.226963232,1.0,0.443655723,0.804217576,772893.4,444.4009898,0.04147256,0.000142827,28,0.0,0.0,4.0,0.0,0.0,0.0,0.0,0.0,0,0.0,0.0,0.0,9.0,1.0,0.0,0.0,0.0,0.0,8.0,1.0,0.0,2.0,0.0,0.0,0.0,21.0,0.0,19.0,16.38738095,146.6806765,19.78277045,0.88374111,0.265284133,0.069465732,75.0,-0.291133077,0.044268082,169.0,0.283187705,0.051902103,244.0,3.38946073,0.005659955,0.245563636,0.067607916,19.9849857,1.18811935,0
LRRC31,1659,0.166666667,0.083333333,0.083333333,0.666666667,0.0,1.0,0.0,0.0,0.953509509,0.0,2.666666667,3.333333333,0.353606789,1.0,0.611246944,0.912135842,404284.6,689.0,0.0131907,0.0,0,1.0,0.0,0.0,0.0,0.0,0.0,0.0,0.0,0,0.0,0.0,0.0,8.0,1.0,0.0,0.0,0.0,0.0,2.0,1.0,0.0,0.0,0.0,0.0,0.0,13.0,0.0,13.0,17.09207692,91.66306274,17.18581269,2.021943968,0.421529391,0.121498539,394.0,-0.238275091,0.021144421,55.0,0.399081759,0.112748868,449.0,2.099953191,1.267922949,0.1115145,0.01451736,14.37198506,2.41499673,0
RAD21,1896,0.294117647,0.0,0.0,0.647058824,0.0,1.0,0.058823529,0.0,1.0,0.0,1.833333333,2.0,1.0,1.0,0.689179876,0.945729134,482613.8,426.0,0.01785214,0.002194879,248,0.0,5.0,0.0,0.0,0.0,0.0,1.0,0.0,0,0.0,0.0,0.0,10.0,0.0,0.0,0.0,0.0,0.0,5.0,1.0,0.0,1.0,0.0,0.0,0.0,21.0,0.0,21.0,18.31880952,110.4253249,25.14730665,0.238629963,0.364959252,0.06612379,468.0,-0.238700526,0.018054547,57.0,0.351251162,0.062406227,525.0,3.77629746,0.005868966,0.083547042,0.011431065,22.02075901,0.843741397,0
PPP2R5B,1494,0.166666667,0.0,0.166666667,0.666666667,0.0,1.0,0.0,0.0,1.0,0.0,2.0,2.5,0.279251606,1.0,0.305716906,0.668020712,3184873.0,209.0,0.05661572,1.99e-06,8,0.0,0.0,0.0,0.0,0.0,0.0,0.0,0.0,0,0.0,0.0,0.0,4.0,0.0,0.0,0.0,0.0,0.0,1.0,1.0,0.0,0.0,0.0,0.0,0.0,6.0,0.0,5.0,25.76016667,86.28320017,21.5394369,1.204924352,0.229649815,0.024196426,162.0,-0.24199843,0.020874714,121.0,0.234929611,0.022734583,283.0,3.27683047,0.008831159,0.086561666,0.009066227,19.53460838,1.842666298,0
MAP1LC3C,444,0.2,0.0,0.0,0.6,0.0,1.0,0.2,0.0,1.0,0.0,1.5,2.0,1.0,1.0,0.480769231,0.83286918,172086.2,419.0,-0.01177994,6e-06,19,0.0,0.0,0.0,0.0,0.0,0.0,0.0,1.0,0,0.0,0.0,0.0,3.0,0.0,0.0,0.0,0.0,0.0,1.0,0.0,0.0,0.0,0.0,1.0,0.0,4.0,0.0,5.0,17.8525,31.92969167,21.8870142,1.820461457,0.28776903,0.024785999,371.0,-0.2478954,0.026558583,50.0,0.283033444,0.025100581,421.0,2.78333077,0.761201218,0.1115145,0.01451736,20.06067439,2.32244926,0
LDHA,1086,0.166666667,0.0,0.0,0.833333333,0.0,1.0,0.0,0.0,1.0,0.0,2.5,2.5,1.0,1.0,0.063103427,0.237456945,599909.2,176.0,0.04186996,0.000474083,133,4.0,1.0,2.0,0.0,0.0,0.0,0.0,0.0,0,0.0,0.0,2.0,6.0,0.0,0.0,0.0,0.0,0.0,1.0,0.0,0.0,0.0,0.0,0.0,0.0,16.0,0.0,16.0,17.2026875,128.7688556,30.49729871,0.281874635,0.230052171,0.025417847,152.0,-0.248101629,0.017216804,178.0,0.239787939,0.021009664,330.0,3.938458777,0.0062414,0.052726729,0.013975118,22.26520733,2.783033805,0
TBXA2R,1224,0.2,0.0,0.0,0.733333333,0.0,1.0,0.066666667,0.0,1.0,0.0,2.75,3.0,1.0,1.0,0.00851,0.049073028,2164054.0,269.0,0.03475358,7.52e-05,36,1.0,0.0,0.0,0.0,0.0,0.0,0.0,1.0,0,0.0,0.0,0.0,11.0,0.0,0.0,0.0,0.0,0.0,3.0,0.0,0.0,0.0,0.0,1.0,0.0,15.0,0.0,15.0,18.641,85.86445643,21.8870142,1.820461457,0.239898926,0.014472658,121.0,-0.263028364,0.024982062,269.0,0.255852308,0.021790642,390.0,2.942989918,0.274401179,0.174564516,0.01156867,20.28067086,3.043567641,0
OR2K2,951,0.111111111,0.0,0.0,0.777777778,0.0,1.0,0.111111111,0.0,1.0,0.0,3.5,4.0,1.0,1.0,0.654878847,0.932092355,348468.6,501.0,0.01905267,0.0,1,0.0,0.0,0.0,0.0,0.0,0.0,1.0,0.0,0,0.0,0.0,1.0,7.0,0.0,0.0,0.0,0.0,0.0,1.0,0.0,0.0,1.0,0.0,0.0,0.0,9.0,0.0,10.0,15.25444444,49.44278253,21.8870142,1.820461457,0.246680511,0.020219018,137.0,-0.235526905,0.014823912,252.0,0.239455039,0.01670523,389.0,0.448854144,0.40371452,0.1115145,0.01451736,20.06067439,2.32244926,0
KCNH1,2970,0.189189189,0.0,0.0,0.756756757,0.0,1.0,0.054054054,0.0,0.968871559,0.0,3.5,3.75,1.0,1.0,0.128501671,0.392163117,153525.2,862.0,-0.007241082,4.98e-05,7,0.0,0.0,0.0,0.0,0.0,0.0,2.0,0.0,0,0.0,0.0,0.0,29.0,0.0,0.0,0.0,0.0,0.0,7.0,1.0,0.0,2.0,2.0,0.0,0.0,35.0,0.0,36.0,21.71294286,95.48875676,20.23061458,6.293348074,0.282358967,0.02610987,367.0,-0.256519038,0.024007522,52.0,0.279159738,0.025864267,417.0,2.577365972,0.472149787,0.090879296,0.015445691,19.36693664,4.465443722,0
ERCC5,3561,0.135135135,0.054054054,0.0,0.648648649,0.0,1.0,0.162162162,0.0,0.875486236,0.0,4.0,5.333333333,0.807754443,1.0,0.676589986,0.940926808,196444.4,475.0,0.03266427,4.36e-06,15,0.0,0.0,0.0,0.0,0.0,0.0,4.0,2.0,0,0.0,0.0,3.0,36.0,2.0,0.0,0.0,0.0,0.0,9.0,0.0,0.0,4.0,0.0,2.0,0.0,50.0,0.0,43.0,18.63902,111.7249445,20.29580804,1.369083023,0.318386732,0.047029353,205.0,-0.29850918,0.031478227,256.0,0.307348438,0.038404165,461.0,3.618597667,0.003766737,0.042113693,0.009437866,20.06067439,2.32244926,0
NANOGNB,567,0.181818182,0.090909091,0.0,0.727272727,0.0,1.0,0.0,0.0,1.0,0.0,2.666666667,3.0,0.845308538,1.0,0.164934851,0.462181218,649122.9543,444.4009898,0.019888568,0.0,1,0.0,0.0,0.0,0.0,0.0,0.0,0.0,0.0,0,0.0,0.0,0.0,8.0,1.0,0.0,0.0,0.0,0.0,2.0,0.0,0.0,0.0,0.0,0.0,0.0,11.0,0.0,10.0,8.403,90.64161,21.8870142,1.820461457,0.3205541,0.058684374,239.0,-0.306435547,0.068970731,137.0,0.31540984,0.06230469,376.0,0.283916009,0.247470257,0.1115145,0.01451736,20.06067439,2.32244926,0
IP6K2,1281,0.142857143,0.0,0.0,0.714285714,0.0,1.0,0.142857143,0.0,1.0,0.0,2.5,3.0,1.0,1.0,0.718907261,0.956163129,1646019.0,212.0,0.04520193,2.44e-05,9,0.0,0.0,0.0,0.0,0.0,0.0,1.0,0.0,0,0.0,0.0,1.0,6.0,0.0,0.0,0.0,0.0,0.0,3.0,0.0,0.0,1.0,0.0,0.0,0.0,10.0,0.0,11.0,15.276,49.79714133,18.56609903,1.583999194,0.223736916,0.020513148,107.0,-0.278115758,0.021085148,429.0,0.26726028,0.021405756,536.0,3.574779875,0.003769102,0.056531265,0.00790841,20.06067439,2.32244926,0
PIK3CD,3135,0.260869565,0.0,0.0,0.652173913,0.0,1.0,0.086956522,0.0,0.98077698,0.0,2.142857143,2.428571429,1.0,1.0,0.375516335,0.743317051,533533.5,204.0,0.03510626,1.49e-06,9,0.0,0.0,0.0,0.0,0.0,0.0,2.0,0.0,0,0.0,0.0,6.0,15.0,0.0,0.0,0.0,0.0,0.0,6.0,0.0,0.0,2.0,1.0,0.0,0.0,26.0,0.0,26.0,14.86857692,120.2875127,22.77105607,0.980028865,0.242035545,0.019614163,99.0,-0.265022776,0.020891919,261.0,0.258644451,0.020588595,360.0,3.326271822,0.020417895,0.1115145,0.01451736,20.92389198,1.182607832,0
LIPF,1227,0.058823529,0.0,0.058823529,0.882352941,0.0,1.0,0.0,0.0,0.971217583,0.0,7.5,8.0,0.788022065,1.0,0.759301443,0.968379972,145689.1,327.0,0.04036692,2.3e-06,8,0.0,0.0,1.0,0.0,0.0,0.0,0.0,0.0,0,0.0,0.0,0.0,14.0,0.0,0.0,0.0,0.0,0.0,1.0,2.0,0.0,0.0,0.0,0.0,0.0,18.0,0.0,16.0,15.52083333,75.67798144,18.40800877,2.609008316,0.20988396,0.013026099,101.0,-0.332568787,0.046224202,305.0,0.30204867,0.040732829,406.0,0.447882162,0.469220281,0.1115145,0.01451736,20.06067439,2.32244926,0
SIAH3,810,0.25,0.0,0.0,0.75,0.0,1.0,0.0,0.0,1.0,0.0,1.5,1.5,1.0,1.0,0.723589001,0.957693,820468.9,632.0,0.0506153,0.0,0,0.0,0.0,0.0,0.0,0.0,0.0,0.0,0.0,0,0.0,0.0,0.0,3.0,0.0,0.0,0.0,0.0,0.0,1.0,0.0,0.0,0.0,0.0,0.0,0.0,4.0,0.0,4.0,16.8925,26.223825,21.8870142,1.820461457,0.287821776,0.03448948,152.0,-0.310495151,0.033817127,332.0,0.303374587,0.034068284,484.0,1.822763179,0.698966408,0.1115145,0.01451736,20.06067439,2.32244926,0
AREL1,2472,0.25,0.0625,0.0,0.6875,0.0,1.0,0.0,0.0,0.96875,0.0,2.2,2.4,0.706214689,1.0,0.466635558,0.822308314,900799.3,207.0,0.04175045,4.14e-06,8,0.0,0.0,1.0,0.0,0.0,0.0,0.0,0.0,0,0.0,0.0,0.0,10.0,1.0,0.0,0.0,0.0,0.0,4.0,0.0,0.0,0.0,0.0,0.0,0.0,16.0,0.0,14.0,21.6291875,69.23309856,17.60855322,0.889778446,0.234814336,0.020587073,143.0,-0.286166383,0.022896367,282.0,0.268887929,0.022659098,425.0,3.555457825,0.003598716,0.071797146,0.007448577,19.01084002,1.891768072,0
YWHAE,768,0.25,0.0,0.0,0.5,0.0,1.0,0.0,0.25,1.0,0.0,1.0,1.5,1.0,1.0,0.419111484,0.78357851,1417492.0,215.0,0.02174056,0.003501992,346,0.0,0.0,0.0,0.0,0.0,0.0,0.0,0.0,0,1.0,0.0,0.0,2.0,0.0,0.0,0.0,0.0,0.0,1.0,0.0,0.0,1.0,0.0,0.0,0.0,3.0,0.0,4.0,25.43666667,122.9780333,29.71866115,0.438490573,0.247086136,0.036675321,88.0,-0.278674333,0.021450799,427.0,0.273276738,0.02412762,515.0,3.800561357,0.005074267,0.105160424,0.004594729,23.4454122,2.21549149,1
PCK2,1923,0.285714286,0.0,0.0,0.714285714,0.0,1.0,0.0,0.0,1.0,0.0,1.666666667,1.666666667,1.0,1.0,0.410677618,0.776158832,992349.8,355.0,0.01899036,3.79e-06,7,0.0,0.0,1.0,0.0,0.0,0.0,0.0,0.0,0,0.0,0.0,3.0,5.0,0.0,0.0,0.0,0.0,0.0,2.0,0.0,0.0,0.0,0.0,0.0,0.0,11.0,0.0,11.0,19.453,92.438577,26.09673102,0.911565778,0.255399882,0.032931159,169.0,-0.284833165,0.022976448,237.0,0.272581379,0.027260102,406.0,3.407362117,0.014668604,0.05997595,0.010261455,21.95807582,4.959739167,0
SLFN12L,1767,0.142857143,0.0,0.0,0.714285714,0.0,1.0,0.095238095,0.047619048,0.956634238,0.0,3.75,4.5,1.0,1.0,0.340020401,0.706817293,649122.9543,444.4009898,0.019888568,0.0,2,0.0,0.0,1.0,0.0,0.0,0.0,2.0,0.0,0,1.0,0.0,0.0,15.0,0.0,0.0,0.0,0.0,0.0,3.0,0.0,0.0,3.0,0.0,0.0,0.0,19.0,0.0,20.0,7.281894737,55.38889043,21.8870142,1.820461457,0.235705938,0.022361449,160.0,-0.270558639,0.020249304,191.0,0.254671368,0.021453136,351.0,2.735493691,0.236564763,0.156769134,0.039049796,20.06067439,2.32244926,0
RRH,1014,0.0,0.0,0.0,0.5,0.0,1.0,0.5,0.0,1.0,0.0,1.0,2.0,1.0,1.0,0.55463117,0.881559592,212757.2,462.0,0.02772033,0.0,1,0.0,0.0,0.0,0.0,0.0,0.0,1.0,0.0,0,0.0,0.0,0.0,1.0,0.0,0.0,0.0,0.0,0.0,0.0,0.0,0.0,1.0,0.0,0.0,0.0,1.0,0.0,2.0,18.36,0.0,21.8870142,1.820461457,0.195025542,0.010013503,83.0,-0.257533439,0.019764943,253.0,0.2420925,0.018047951,336.0,2.324548399,0.207114533,0.1115145,0.01451736,20.06067439,2.32244926,0
TTC6,5661,0.273972603,0.04109589,0.0,0.684931507,0.0,1.0,0.0,0.0,0.980624658,0.0,2.380952381,2.523809524,0.919117647,1.0,0.406834825,0.772720916,649122.9543,444.4009898,0.019888568,0.0,0,0.0,0.0,0.0,0.0,0.0,0.0,0.0,0.0,0,0.0,0.0,3.0,51.0,3.0,0.0,0.0,0.0,0.0,20.0,0.0,0.0,1.0,0.0,0.0,0.0,75.0,1.0,57.0,13.88774667,112.1126115,14.48082331,0.579514204,0.302267041,0.098265346,196.0,-0.291800636,0.024308481,236.0,0.296549282,0.057740058,432.0,2.306520744,1.008016,0.1115145,0.01451736,20.06067439,2.32244926,0
PIK3C2A,5061,0.146341463,0.073170732,0.048780488,0.609756098,0.0,1.0,0.097560976,0.024390244,0.842805323,0.0,3.571428571,5.0,0.223763706,1.0,0.183519912,0.494665463,513121.1,436.0,0.009722201,5.48e-05,28,0.0,0.0,0.0,0.0,0.0,0.0,2.0,2.0,0,1.0,0.0,0.0,25.0,3.0,0.0,0.0,0.0,0.0,6.0,2.0,0.0,3.0,0.0,2.0,0.0,36.0,0.0,32.0,23.58586111,74.37449012,23.96831221,0.266254937,0.243285687,0.035506826,160.0,-0.243921638,0.015781561,177.0,0.243619703,0.025068971,336.0,3.696674287,0.005604918,0.1115145,0.01451736,23.85874001,0.73517291,0
