Hugo_Symbol,gene length,silent,nonsense,splice site,missense,recurrent missense,normalized missense position entropy,frameshift indel,inframe indel,normalized mutation entropy,lost start and stop,missense to silent,non-silent to silent,inactivating p-value,entropy p-value,vest p-value,combined p-value,expression_CCLE,replication_time,HiC_compartment,gene_betweeness,gene_degree,3'UTR,5'Flank,5'UTR,COULD_NOT_DETERMINE,DE_NOVO_START_IN_FRAME,DE_NOVO_START_OUT_FRAME,Frame_Shift_Del,Frame_Shift_Ins,IGR,In_Frame_Del,In_Frame_Ins,Intron,Missense_Mutation,Nonsense_Mutation,Nonstop_Mutation,RNA,START_CODON_INS,START_CODON_SNP,Silent,Splice_Site,Translation_Start_Site,DEL,DNP,INS,SNP,TNP,pnum,cadd_mean,cadd_var,proteome_mean,proteome_var,amp_mean,amp_var,amp_freq,del_mean,del_var,del_freq,abs_mean,abs_var,abs_freq,exp_mean,exp_var,methy_mean,methy_var,Phosphoproteome_mean_in_UCEC,Phosphoproteome_var_in_UCEC,class
AKT1,1443.0,0.3333333333333333,0.0,0.0,0.5555555555555556,0.0,1.0,0.0,0.1111111111111111,0.929896694047616,0.0,1.25,1.5,1.0,1.0,0.2014098690835851,0.5241517215502793,711772.2,247.0,0.03599851,0.0027718450505091,253.0,0.0,0.0,0.0,0.0,0.0,0.0,0.0,0.0,0.0,0.0,1.0,0.0,5.0,0.0,0.0,0.0,0.0,0.0,3.0,0.0,0.0,0.0,0.0,1.0,8.0,0.0,7,20.0755,92.47596628571428,25.905169092265943,0.0451068023562412,0.281435,0.0346103234636363,12.0,-0.234696,0.0121698911299999,5.0,0.2676882352941176,0.0273189526904411,17.0,3.704113462883933,0.0016324235897147,0.1053379823793147,0.0045347130610829,23.812998812854595,0.1721287927955251,1
ARID1A,6858.0,0.0153846153846153,0.2769230769230769,0.0,0.2153846153846154,0.0,1.0,0.4769230769230769,0.0153846153846153,0.2971821794424848,0.0,7.0,32.0,0.0,1.0,0.8936550491510277,0.9941335382750563,975965.1,182.0,0.02749164,0.0001071527173352,52.0,0.0,0.0,0.0,0.0,0.0,0.0,22.0,9.0,0.0,1.0,0.0,6.0,14.0,18.0,0.0,0.0,1.0,0.0,1.0,0.0,0.0,25.0,0.0,12.0,35.0,0.0,47,33.073342857142855,76.29456523193276,24.26004373198275,0.2390409984699257,0.18307,0.0068253025999999,5.0,-0.179414,0.0047718906266666,10.0,0.1806326666666666,0.0050209128923809,15.0,3.6733804932063294,0.0039599171190831,0.0549518725586992,0.000166010623784,24.2672457356124,0.2059149603605882,1
BRAF,2301.0,1.0,0.0,0.0,0.0,0.0,1.0,0.0,0.0,1.0,0.0,0.0,0.0,1.0,1.0,1.0,1.0,305190.7,616.0,0.02459647,4.782796146716341e-05,42.0,0.0,0.0,0.0,0.0,0.0,0.0,0.0,0.0,0.0,0.0,0.0,0.0,0.0,0.0,0.0,0.0,0.0,0.0,1.0,0.0,0.0,0.0,0.0,0.0,1.0,0.0,1,11.59,0.0,23.382857712777263,0.047509605032893,0.278502857142857,0.0182086868114285,21.0,-0.1935875,0.0022621734916666,4.0,0.2649163999999999,0.0164661638656666,25.0,3.65096985889308,0.0015278429986429,0.0263809425275837,2.533342689554628e-05,25.562302481918863,0.133600034932135,1
CCNE1,1233.0,0.2,0.0,0.0,0.8,0.0,1.0,0.0,0.0,1.0,0.0,2.0,2.0,1.0,1.0,0.0516822574810067,0.2047982189546638,167528.2,609.0,-0.03267048,0.000208403584023,70.0,0.0,0.0,0.0,0.0,0.0,0.0,0.0,0.0,0.0,0.0,0.0,0.0,4.0,0.0,0.0,0.0,0.0,0.0,1.0,0.0,0.0,0.0,0.0,0.0,5.0,0.0,4,19.2816,70.01780280000003,20.96539330384172,0.2723557865567508,0.4260628571428571,0.226188417898901,14.0,-0.22552,0.0087384020666666,4.0,0.3814977777777777,0.1818697385712418,18.0,3.2282431496843085,0.0523108399450567,0.0267851468409576,2.7011339438554e-05,20.91345317830012,0.5183143157920497,1
CDK12,4473.0,0.0,0.1428571428571428,0.0,0.8571428571428571,0.0,1.0,0.0,0.0,1.0,0.0,6.0,7.0,0.3115264797507788,1.0,0.6333122229259025,0.9226040122061464,1409087.0,239.0,0.02758249,0.0001488428391784,25.0,0.0,0.0,0.0,0.0,0.0,0.0,0.0,0.0,0.0,0.0,0.0,0.0,6.0,1.0,0.0,0.0,0.0,0.0,0.0,0.0,0.0,0.0,0.0,0.0,7.0,0.0,6,23.8,47.8188,23.74020295292632,0.0538559017342557,0.61039,0.3298113860222222,10.0,-0.2868877777777777,0.0075615538194444,9.0,0.4571521052631579,0.1958068277508772,19.0,3.680453701378563,0.0014182872490294,0.0565757672868886,0.0055219045513878,26.31370173201912,0.1206535225576929,1
CDKN2A,504.0,0.3333333333333333,0.0,0.0,0.6666666666666666,0.0,1.0,0.0,0.0,1.0,0.0,1.0,1.0,1.0,1.0,0.2369668246445497,0.5781599829497444,225404.5,357.0,-0.01478296,0.0009592487914759,141.0,0.0,0.0,1.0,0.0,0.0,0.0,0.0,0.0,0.0,0.0,0.0,0.0,3.0,0.0,0.0,0.0,0.0,0.0,1.0,0.0,0.0,0.0,0.0,0.0,5.0,0.0,5,19.828,54.56827000000001,22.62423166693759,0.2507816746231956,0.1758128571428571,0.0060380648571428,7.0,-0.2809181818181818,0.0100085628363636,11.0,0.2400438888888889,0.0107983048016339,18.0,3.131507191386328,0.0561916005924696,0.0833833446197114,0.0013950419913253,20.34292408279301,0.5862452864257927,1
ERBB2,3768.0,0.4,0.0,0.2,0.4,0.0,1.0,0.0,0.0,1.0,0.0,0.6666666666666666,1.0,0.5586592178770949,1.0,0.75642965204236,0.9675837681009792,1284992.0,226.0,0.03763767,0.0006619838994493,122.0,0.0,0.0,0.0,0.0,0.0,0.0,0.0,0.0,0.0,0.0,0.0,0.0,2.0,0.0,0.0,0.0,0.0,0.0,2.0,1.0,0.0,0.0,0.0,0.0,5.0,0.0,4,19.864600000000003,128.87986579999998,24.306273788805303,0.3634609629106233,0.61039,0.3298113860222222,10.0,-0.28525875,0.0086144802696428,8.0,0.4658872222222223,0.2057898543388888,18.0,3.744219200893534,0.0085154591302747,0.0642318152686084,0.0006475532965847,23.231263727423627,0.2590595104306349,1
FBXW7,2124.0,0.0,0.0909090909090909,0.0,0.8181818181818182,0.4545454545454545,0.6867812704305863,0.0909090909090909,0.0,0.6788239796724708,0.0,18.0,22.0,0.8561643835616438,0.0001,0.00101,1.7279226773306209e-06,117295.2,501.0,0.05094051,0.0008262700665131,96.0,0.0,0.0,0.0,0.0,0.0,0.0,2.0,0.0,0.0,0.0,0.0,0.0,18.0,2.0,0.0,0.0,0.0,0.0,1.0,0.0,0.0,2.0,0.0,0.0,21.0,0.0,19,30.26904761904762,34.58111904761905,16.504373185137435,0.3676412607116081,0.1697499999999999,0.0025743892,3.0,-0.2649133333333333,0.0159349662809523,15.0,0.2490527777777778,0.0147575562565359,18.0,3.51415306600292,0.0013379230316959,0.0664612228006818,0.0034916023272831,17.053753996737274,1.1855017595543902,1
FGFR1,2562.0,0.0,0.0,0.0,1.0,0.6,0.5904362833084088,0.0,0.0,0.5904362833084089,0.0,5.0,5.0,1.0,0.0014199999999999,0.14557,0.0019604725919287,841062.1,381.0,0.04749547,0.0002704401658439,44.0,0.0,0.0,0.0,0.0,0.0,0.0,0.0,0.0,0.0,0.0,0.0,0.0,4.0,0.0,0.0,0.0,0.0,0.0,0.0,1.0,0.0,0.0,0.0,0.0,5.0,0.0,5,29.1,8.464999999999996,20.9607315437485,0.2075654994995449,0.3333045454545454,0.0521629026164502,22.0,-0.5414599999999999,0.1543438322999999,3.0,0.3582831999999998,0.0632706820726666,25.0,3.679620459781416,0.0117720400241228,0.044371355519545,0.0023385079106202,15.874480685141869,0.5464480459718553,1
FGFR2,2469.0,0.0454545454545454,0.0,0.0,0.8636363636363636,0.5,0.7428481308457304,0.0454545454545454,0.0454545454545454,0.7884474843322407,0.0,9.5,10.5,1.0,0.0,0.0001699999999999,3.6027483896003185e-08,204199.6,386.0,-0.008783812,6.552224830111998e-05,21.0,0.0,0.0,0.0,0.0,0.0,0.0,1.0,0.0,0.0,1.0,0.0,0.0,19.0,0.0,0.0,0.0,0.0,0.0,1.0,0.0,0.0,2.0,0.0,0.0,20.0,0.0,16,27.341,36.13698842105263,20.89622453038311,0.6827273757006709,0.303084193548387,0.0380225856851612,31.0,-0.225518,0.01298270467,5.0,0.2923111111111111,0.034814652175873,36.0,3.668070068050254,0.0276312017126343,0.0953932903256836,0.0024934046308904,19.33713146307382,0.4602901936538575,1
FGFR3,2427.0,0.6666666666666666,0.0,0.0,0.3333333333333333,0.0,1.0,0.0,0.0,1.0,0.0,0.3333333333333333,0.3333333333333333,1.0,1.0,0.7575757575757576,0.9679028307562724,859387.6,222.0,0.04176044,0.0003301336253256,38.0,2.0,0.0,0.0,0.0,0.0,0.0,0.0,0.0,0.0,0.0,0.0,1.0,2.0,0.0,0.0,0.0,0.0,0.0,1.0,0.0,0.0,0.0,0.0,0.0,6.0,0.0,5,13.133666666666665,62.35928866666668,22.487509290002507,0.3013711308299261,0.4480766666666666,0.1924205797866666,6.0,-0.2398727272727273,0.0298969471218181,11.0,0.3133564705882352,0.0893355014617647,17.0,3.1868540181494898,0.0619357010814759,0.0246955842194615,0.0008186614320547,14.975779730334525,1.0725209837062704,1
KRAS,570.0,0.0,0.0,0.0,1.0,0.8823529411764706,0.2849006336264894,0.0,0.0,0.2849006336264893,0.0,34.0,34.0,1.0,0.0,0.0,2.402585092994044e-09,259193.5,512.0,0.0163317999999999,0.0002688487762933,37.0,0.0,0.0,0.0,0.0,0.0,0.0,0.0,0.0,0.0,0.0,0.0,0.0,34.0,0.0,0.0,0.0,0.0,0.0,0.0,0.0,0.0,0.0,0.0,0.0,34.0,0.0,32,29.552941176470583,5.721354723707671,23.85859845807764,0.0564792561697894,0.2246407692307692,0.0112885939243589,13.0,-0.39802,0.0303176280047028,1.0,0.237025,0.01256740895,14.0,3.5790259778903275,0.001297414807969,0.0445039449614972,0.0045190814127885,20.34292408279301,0.5862452864257927,1
MDM2,1494.0,1.0,0.0,0.0,0.0,0.0,1.0,0.0,0.0,1.0,0.0,0.0,0.0,1.0,1.0,1.0,1.0,541242.9,228.0,0.03186443,0.010626036146346,733.0,0.0,0.0,0.0,0.0,0.0,0.0,0.0,0.0,0.0,0.0,0.0,0.0,0.0,0.0,0.0,0.0,0.0,0.0,1.0,0.0,0.0,0.0,0.0,0.0,1.0,0.0,1,11.1,0.0,15.59836384545313,0.0659258545376759,0.22107,0.0115650486727272,12.0,-0.22322,0.0144139662,4.0,0.2216075,0.0113647534333333,16.0,3.802946713456784,0.0045287966029391,0.0532839597000964,0.0031073817938809,18.88163243538692,0.3554959910215258,1
MET,4227.0,0.0,0.1666666666666666,0.0,0.8333333333333334,0.0,1.0,0.0,0.0,1.0,0.0,5.0,6.0,0.5485463521667581,1.0,0.2975304968759298,0.6582084346155813,558228.1,262.0,0.002308467,7.149723603019666e-05,34.0,0.0,0.0,0.0,0.0,0.0,0.0,0.0,0.0,0.0,0.0,0.0,0.0,5.0,1.0,0.0,0.0,0.0,0.0,0.0,0.0,0.0,0.0,0.0,0.0,6.0,0.0,4,25.865,116.93575,22.679013163939075,0.3489687656675893,0.2850268421052631,0.0181191860339181,19.0,-0.195074,0.00168461563,5.0,0.2662866666666666,0.015865770431884,24.0,3.686153650250372,0.0262456558884894,0.0267399968419659,0.0019166589430766,20.27494221284768,0.3411923219196693,1
MTAP,852.0,0.0,0.0,0.0,1.0,0.0,1.0,0.0,0.0,1.0,0.0,1.0,1.0,1.0,1.0,0.5060728744939271,0.8507462547194716,223932.3,357.0,-0.02803257,0.0001650267434443,45.0,0.0,0.0,0.0,0.0,0.0,0.0,0.0,0.0,0.0,0.0,0.0,0.0,2.0,0.0,0.0,0.0,0.0,0.0,0.0,0.0,0.0,0.0,0.0,0.0,2.0,0.0,2,14.146,160.34823200000002,26.542911026562383,0.0925921956023923,0.1758128571428571,0.0060380648571428,7.0,-0.2809181818181818,0.0100085628363636,11.0,0.2400438888888889,0.0107983048016339,18.0,3.6031585785031455,0.0020971954752813,0.0967658717259739,0.0015852942446035,20.34292408279301,0.5862452864257927,1
MTOR,7650.0,0.0666666666666666,0.1333333333333333,0.0,0.8,0.0,1.0,0.0,0.0,0.9658722633586913,0.0,6.0,7.0,0.4089979550102249,1.0,0.1122838535818549,0.357817786537111,577167.0,416.0,0.03177134,0.0011287275307097,128.0,0.0,0.0,0.0,0.0,0.0,0.0,0.0,0.0,0.0,0.0,0.0,0.0,12.0,2.0,0.0,0.0,0.0,0.0,1.0,0.0,0.0,0.0,0.0,0.0,15.0,0.0,12,27.561866666666667,87.94048655238096,24.5443327569445,0.023441654503422,0.2161712499999999,0.0095014177839285,7.0,-0.2001722222222222,0.0036357106194444,9.0,0.2077011764705882,0.0060424820610294,15.0,3.764155680826176,0.001184855897404,0.065772194253052,0.0001744186019704,24.137656483064347,0.3797877431170351,1
NF1,8520.0,0.0869565217391304,0.2608695652173913,0.0869565217391304,0.4782608695652174,0.0,1.0,0.0434782608695652,0.0434782608695652,0.7065670880645738,0.0,3.6666666666666665,7.0,0.00125,1.0,0.9784735812133072,0.999766626009308,462448.7,396.0,0.02610505,8.026580002201245e-05,26.0,0.0,0.0,0.0,0.0,0.0,0.0,0.0,1.0,0.0,1.0,0.0,1.0,11.0,6.0,0.0,0.0,0.0,0.0,2.0,2.0,0.0,1.0,0.0,1.0,22.0,0.0,10,29.335636363636365,90.32880176623374,24.31858247710075,0.1049818662794272,0.31109875,0.0649865837553571,8.0,-0.2951655555555555,0.0100197236027777,9.0,0.3026635294117646,0.0335086921992647,16.0,3.797285737035053,0.0010497702418589,0.0365533655610724,0.0019987638817485,24.315746475049544,0.1428950711357846,1
NRG1,1938.0,0.1,0.0,0.0,0.9,0.0,1.0,0.0,0.0,1.0,0.0,4.5,4.5,1.0,1.0,0.0211416490486257,0.1026746362684543,28017.54,952.0,-0.03223809,0.0004965965950077,63.0,0.0,0.0,0.0,0.0,0.0,0.0,0.0,0.0,0.0,0.0,0.0,10.0,9.0,0.0,0.0,0.0,0.0,0.0,1.0,0.0,0.0,0.0,0.0,0.0,20.0,0.0,12,21.7505,40.71095236842104,22.487509290002507,0.3013711308299261,0.2592365,0.0191717952976315,20.0,-0.4356899999999999,0.1476450598,4.0,0.2886454166666666,0.0396080615476449,24.0,3.096935028063493,0.0228357445951412,0.3690395263722498,0.0494362166827827,16.70953216957285,0.8927256260867634,1
NTRK1,2391.0,0.1428571428571428,0.0,0.0,0.8571428571428571,0.0,1.0,0.0,0.0,1.0,0.0,3.0,3.0,1.0,1.0,0.0812017864393016,0.2850846960269997,1505782.0,208.0,0.04542559,0.0551725831502489,1945.0,0.0,0.0,0.0,0.0,0.0,0.0,0.0,0.0,0.0,0.0,0.0,0.0,6.0,0.0,0.0,0.0,0.0,0.0,1.0,0.0,0.0,0.0,0.0,0.0,7.0,0.0,6,23.60671428571429,68.07334890476191,22.487509290002507,0.3013711308299261,0.3679,0.0461530535588235,35.0,-0.2644634616655457,0.0303176280047028,6.973492945703292,0.3679,0.0461530535588235,35.0,1.936787921388884,0.3172040423356915,0.0639720754625126,0.005976569785052,20.34292408279301,0.5862452864257927,1
NTRK2,2517.0,0.0,0.0,0.0,1.0,0.0,1.0,0.0,0.0,1.0,0.0,5.0,5.0,1.0,1.0,0.2233638597274961,0.5581758273975497,17423.62,692.0,0.001115233,4.81741941777915e-05,24.0,0.0,0.0,0.0,0.0,0.0,0.0,0.0,0.0,0.0,0.0,0.0,0.0,5.0,0.0,0.0,0.0,0.0,0.0,0.0,0.0,0.0,0.0,0.0,0.0,5.0,0.0,4,23.746,43.05458,22.487509290002507,0.3013711308299261,0.1490425,0.002031512625,4.0,-0.2925205882352941,0.0145300754058823,17.0,0.2651914285714286,0.0152617524628571,21.0,3.0888239264075565,0.0945944985425057,0.1149985353151449,0.003066459643288,20.34292408279301,0.5862452864257927,1
NTRK3,2520.0,0.1111111111111111,0.0,0.0,0.8888888888888888,0.0,1.0,0.0,0.0,1.0,0.0,4.0,4.0,1.0,1.0,0.2222716159146477,0.5565359301753803,124518.7,730.0,-0.05718258,1.3255979225576116e-05,11.0,0.0,0.0,0.0,0.0,0.0,0.0,0.0,0.0,0.0,0.0,0.0,2.0,8.0,0.0,0.0,0.0,0.0,0.0,1.0,0.0,0.0,0.0,0.0,0.0,11.0,0.0,6,22.66472727272728,49.76512581818182,21.27452280666311,1.300899155885509,0.1743025,0.0011380592916666,4.0,-0.2201566666666666,0.0094625925515151,12.0,0.208693125,0.00758736731625,16.0,2.899181521203907,0.0843642263107768,0.1819176589730155,0.034338687878829,20.34292408279301,0.5862452864257927,1
PIK3CA,3207.0,0.0,0.0,0.0,0.9402985074626866,0.5074626865671642,0.7639668816662918,0.0149253731343283,0.044776119402985,0.7400829592678191,0.0,63.0,67.0,1.0,0.0,0.0,2.402585092994044e-09,401889.3,613.0,0.01079402,0.0002360604864787,52.0,0.0,0.0,0.0,0.0,0.0,0.0,0.0,1.0,0.0,3.0,0.0,0.0,62.0,0.0,0.0,0.0,0.0,0.0,0.0,1.0,0.0,3.0,0.0,1.0,63.0,0.0,48,27.32698412698413,11.651034306195596,22.278542816984043,0.0976441472649864,0.2899314285714285,0.0239088185628571,21.0,-0.14431,0.0303176280047028,1.0,0.2833122727272727,0.0237341943231601,22.0,3.5510934728734136,0.002330251146111,0.0307364548282049,3.437942665981415e-05,20.62570851247719,0.413789106962088,1
PPP2R1A,1770.0,0.2222222222222222,0.0,0.0,0.7777777777777778,0.5555555555555556,0.4092232318950599,0.0,0.0,0.5930629109116868,0.0,2.333333333333333,2.333333333333333,1.0,0.00013,0.08915,0.0001433089312733,478210.6,896.0,-0.03843337,0.0021301383204943,205.0,0.0,0.0,2.0,0.0,0.0,0.0,0.0,0.0,0.0,0.0,0.0,0.0,7.0,0.0,0.0,0.0,0.0,0.0,2.0,0.0,0.0,0.0,0.0,0.0,11.0,0.0,11,26.95209090909091,121.0673360909091,28.17341040305127,0.0208621970759279,0.2685775,0.0341941275357142,8.0,-0.26439625,0.0168575082267857,8.0,0.266486875,0.0238287587829166,16.0,3.747202954828736,0.0010706050753686,0.0668810283846402,0.0029782879156065,20.34292408279301,0.5862452864257927,1
PTEN,1212.0,0.0,0.216,0.016,0.48,0.232,0.7158594617188678,0.288,0.0,0.4255841274299811,0.0,60.0,125.0,0.0,0.0,0.00021,4.406078983365577e-08,259677.5,300.0,0.03373138,0.0007879442241884,90.0,0.0,0.0,0.0,0.0,0.0,0.0,25.0,11.0,0.0,0.0,0.0,0.0,59.0,26.0,0.0,0.0,0.0,0.0,0.0,6.0,0.0,27.0,0.0,11.0,89.0,0.0,75,34.274157303370785,26.141938202247182,23.185248205958835,0.3784125390234427,0.2769162962962963,0.019005812962678,27.0,-0.2803033333333333,0.0947306997866666,6.0,0.2775321212121212,0.0302456547859848,33.0,3.742080518302144,0.0036807441144239,0.0594936875944976,0.0045509052949689,22.375497018331288,0.4331927609018617,1
RET,3345.0,0.3333333333333333,0.0,0.0,0.6666666666666666,0.0,1.0,0.0,0.0,1.0,0.0,1.6666666666666667,1.6666666666666667,1.0,1.0,0.2773155851358846,0.6330003119193361,454068.1,563.0,-0.01916108,0.0001403082504264,30.0,0.0,0.0,0.0,0.0,0.0,0.0,0.0,0.0,0.0,0.0,0.0,0.0,10.0,0.0,0.0,0.0,0.0,0.0,5.0,0.0,0.0,0.0,0.0,0.0,15.0,0.0,11,15.315,79.38524642857145,22.487509290002507,0.3013711308299261,0.2851785714285714,0.0182845853830687,28.0,-0.2273966666666667,0.0020019102333333,3.0,0.2795867741935484,0.0168911519092473,31.0,2.6425649092294363,0.1336363467808255,0.0546913606555115,0.0105762060691873,13.373848671295375,1.7678237595907618,1
TP53,1182.0,0.0416666666666666,0.1666666666666666,0.0416666666666666,0.625,0.0,1.0,0.0833333333333333,0.0416666666666666,0.8032382630265267,0.0,7.5,11.5,0.0261793811194303,1.0,6e-05,0.0006432699597445,2069567.0,213.0,0.03424378,0.0165046193260104,833.0,0.0,0.0,0.0,0.0,0.0,0.0,1.0,1.0,0.0,1.0,0.0,0.0,15.0,4.0,0.0,0.0,0.0,0.0,1.0,1.0,0.0,2.0,0.0,1.0,21.0,0.0,23,28.131666666666668,52.54925833333332,21.028031585414706,0.6722486074395251,0.2113533333333333,0.0051897919866666,6.0,-0.2493290909090908,0.0102141952090909,11.0,0.2359258823529411,0.0083556174382352,17.0,3.549097040433141,0.0063978739227823,0.0592466958522609,0.0006809528868935,21.79634294977772,0.7835376761188568,1
PABPC1,1911.0,0.5,0.0,0.0,0.5,0.0,1.0,0.0,0.0,1.0,0.0,0.5,0.5,1.0,1.0,0.5015045135406219,0.8476141783047375,1141833.0,276.0,0.04103006,0.00097476226192,226.0,0.0,0.0,0.0,0.0,0.0,0.0,0.0,0.0,0.0,0.0,0.0,0.0,1.0,0.0,0.0,0.0,0.0,0.0,1.0,0.0,0.0,0.0,0.0,0.0,2.0,0.0,2,21.495,220.71005,26.372769655970764,0.066814608870039,0.4056038461538461,0.1098258993206153,26.0,-0.23813,0.0303176280047028,1.0,0.3994011111111111,0.1066406221641025,27.0,3.93413827376234,0.0026045272440151,0.0322252006316996,0.0028777110437202,17.455020741014895,0.2126104652763034,0
LFNG,1938.063189568706,0.2347823368159056,0.0588042809393831,0.0136739047332758,0.6428256089742431,0.0009967886749183,0.99921532758391,0.0449804735941721,0.0033157494150929,0.9672006894641492,0.0016176455279269,1.717432076540993,2.096642384650469,0.8335989392433482,0.997473344569529,0.4969541694496251,0.7351606138763213,628546.7170199985,454.053337718543,0.0191374513533432,0.0001285428746511,20.76342360414577,0.0,0.0,0.0,0.0,0.0,0.0,0.0,0.0,0.0,0.0,0.0,2.0,0.0,0.0,0.0,0.0,0.0,0.0,0.0,0.0,0.0,1.0,0.0,0.0,1.0,0.0,2,10.79,0.0,19.360183726260203,0.2946908341639155,0.2666435,0.0197871716344736,20.0,-0.262274,0.01602429458,5.0,0.2657696,0.0183387420623333,25.0,3.27702383663942,0.0238131624222141,0.095229699639625,0.0056725881814614,20.34292408279301,0.5862452864257927,0
PGBD2,1779.0,0.0,0.0,0.0,1.0,0.0,1.0,0.0,0.0,1.0,0.0,4.0,4.0,1.0,1.0,0.6035003017501509,0.9082732277878248,628464.2070903856,454.1716887539794,0.0191206869507081,0.0,0.0,0.0,0.0,0.0,0.0,0.0,0.0,0.0,0.0,0.0,0.0,0.0,0.0,4.0,0.0,0.0,0.0,0.0,0.0,0.0,0.0,0.0,0.0,0.0,0.0,4.0,0.0,4,15.4855,38.70854766666667,20.308208076423945,0.2971678027127992,0.2521597143758343,0.0288347392278441,12.438422023182298,-0.2644634616655457,0.0303176280047028,6.973492945703292,0.2695940890589254,0.0322971464262917,18.874868282402527,3.278728292108502,0.004208591878692,0.0280031241879369,0.0037631452464421,20.34292408279301,0.5862452864257927,0
LSR,1950.0,0.2,0.0,0.0,0.4,0.0,1.0,0.4,0.0,0.8277293767706428,0.0,1.0,2.0,1.0,1.0,0.4088307440719542,0.7745110536651597,767246.2,472.0,0.007166916,8.7033807363507e-05,22.0,0.0,0.0,0.0,0.0,0.0,0.0,1.0,1.0,0.0,0.0,0.0,2.0,2.0,0.0,0.0,0.0,0.0,0.0,1.0,0.0,0.0,1.0,0.0,1.0,5.0,0.0,6,17.298000000000002,91.16182000000002,24.54453856897776,0.1982097157239813,0.3579330769230768,0.0674583652564102,13.0,-0.225324,0.00655399363,5.0,0.3210972222222221,0.05289519709183,18.0,3.5592417883802363,0.0051906377186871,0.0731453417317351,0.0001731553298465,23.98605441095568,0.1244028503490952,0
SLC6A11,1899.0,0.6,0.0,0.0,0.4,0.0,1.0,0.0,0.0,1.0,0.0,0.5,0.5,1.0,1.0,0.8368200836820083,0.9858963894422376,225460.2,545.0,0.02959822,0.0,0.0,0.0,0.0,0.0,0.0,0.0,0.0,0.0,0.0,0.0,0.0,0.0,0.0,2.0,0.0,0.0,0.0,0.0,0.0,3.0,0.0,0.0,0.0,0.0,0.0,5.0,0.0,2,16.311799999999998,70.89881620000001,22.487509290002507,0.3013711308299261,0.2054844444444444,0.0061843651277777,9.0,-0.2921066666666667,0.0227656124666666,6.0,0.2401333333333333,0.0135939469380952,15.0,2.4145064348909924,0.0900729889543898,0.4618961807345633,0.0502807500142598,20.34292408279301,0.5862452864257927,0
QPRT,894.0,0.0,0.0,0.0,1.0,0.0,1.0,0.0,0.0,1.0,0.0,1.0,1.0,1.0,1.0,0.6067961165048543,0.9099286598830582,628464.2070903856,454.1716887539794,0.0191206869507081,0.0001639053190378,46.0,0.0,0.0,1.0,0.0,0.0,0.0,0.0,0.0,0.0,0.0,0.0,0.0,1.0,0.0,0.0,0.0,0.0,0.0,0.0,0.0,0.0,0.0,0.0,0.0,2.0,0.0,2,15.344,85.96227199999998,27.14048672594049,0.3766443171337701,0.2090136363636363,0.0204671378654545,11.0,-0.2384466666666666,0.0203433572333333,3.0,0.2153207142857142,0.019030776437912,14.0,3.5517833337377147,0.0213302893724461,0.1188333680141596,0.0062740973822558,20.34292408279301,0.5862452864257927,0
LRRN4,2223.0,0.3333333333333333,0.0,0.0,0.6666666666666666,0.0,1.0,0.0,0.0,1.0,0.0,1.0,1.0,1.0,1.0,0.9363295880149812,0.9979285960093662,301251.5,351.0,-0.005811256,0.0,1.0,0.0,0.0,0.0,0.0,0.0,0.0,0.0,0.0,0.0,0.0,0.0,0.0,2.0,0.0,0.0,0.0,0.0,0.0,1.0,0.0,0.0,0.0,0.0,0.0,3.0,0.0,3,6.773666666666667,32.59914233333334,15.4498540372103,2.8745713557325443,0.3337822222222221,0.0968658484300653,18.0,-0.149455,0.0010918464499999,2.0,0.3153494999999999,0.0899457376049999,20.0,2.641048582034896,0.109590006770708,0.1188333680141596,0.0062740973822558,20.34292408279301,0.5862452864257927,0
CXCL12,1938.063189568706,0.2347823368159056,0.0588042809393831,0.0136739047332758,0.6428256089742431,0.0009967886749183,0.99921532758391,0.0449804735941721,0.0033157494150929,0.9672006894641492,0.0016176455279269,1.717432076540993,2.096642384650469,0.8335989392433482,0.997473344569529,0.4969541694496251,0.7351606138763213,628546.7170199985,454.053337718543,0.0191374513533432,0.0001285428746511,20.76342360414577,1.0,0.0,0.0,0.0,0.0,0.0,0.0,0.0,0.0,0.0,0.0,5.0,0.0,0.0,0.0,0.0,0.0,0.0,0.0,0.0,0.0,0.0,0.0,0.0,6.0,0.0,4,15.028,92.8605516,21.474734918274063,0.6960948883851881,0.2851785714285714,0.0182845853830687,28.0,-0.2273966666666667,0.0020019102333333,3.0,0.2795867741935484,0.0168911519092473,31.0,3.330037720046948,0.046124136291281,0.5125784649966751,0.0636636510335609,20.34292408279301,0.5862452864257927,0
SHROOM1,2559.0,0.0,0.0,0.0,1.0,0.0,1.0,0.0,0.0,1.0,0.0,2.0,2.0,1.0,1.0,0.1629991850040749,0.4586813493338019,718027.9,356.0,0.05820017,0.0,1.0,0.0,0.0,0.0,0.0,0.0,0.0,0.0,0.0,0.0,0.0,0.0,0.0,2.0,0.0,0.0,0.0,0.0,0.0,0.0,0.0,0.0,0.0,0.0,0.0,2.0,0.0,2,7.442,89.45868800000001,20.485148704753744,0.142018488415487,0.171176,0.0014320615799999,5.0,-0.2908854545454545,0.0133812325672727,11.0,0.25347625,0.0125867441449999,16.0,3.284938724196381,0.0068576177468661,0.1192370425024194,0.0020129487630291,22.66544820712152,0.2776563049601455,0
ZNF594,2424.0,0.25,0.0,0.0,0.75,0.0,1.0,0.0,0.0,0.9166666666666666,0.0,2.0,2.0,1.0,1.0,0.2561475409836065,0.605020919198475,1391000.0,384.0,0.02017979,1.172791231063962e-07,2.0,0.0,0.0,0.0,0.0,0.0,0.0,0.0,0.0,0.0,0.0,0.0,0.0,6.0,0.0,0.0,0.0,0.0,0.0,2.0,0.0,0.0,0.0,0.0,0.0,8.0,0.0,5,10.739,61.74401257142857,22.487509290002507,0.3013711308299261,0.188748,0.00315254047,5.0,-0.2702161538461538,0.0113849253923076,13.0,0.2475861111111111,0.0101880251781045,18.0,3.4326165382873497,0.0037369328305109,0.0283475253484589,0.0033506681390152,20.34292408279301,0.5862452864257927,0
CRYM,945.0,0.4,0.0,0.0,0.6,0.0,1.0,0.0,0.0,1.0,0.0,1.0,1.0,1.0,1.0,0.7598784194528876,0.9685386268260832,467861.0,575.0,0.03724487,5.005954139281172e-07,4.0,0.0,0.0,0.0,0.0,0.0,0.0,0.0,0.0,0.0,0.0,0.0,0.0,2.0,0.0,0.0,0.0,0.0,0.0,2.0,1.0,0.0,0.0,0.0,0.0,5.0,0.0,4,18.156,40.16363000000001,23.070265541493484,0.6559306244280587,0.2056536363636363,0.0252916738854545,11.0,-0.2220833333333333,0.0090352901066666,6.0,0.2114523529411764,0.0186963232566176,17.0,2.660346218539275,0.3633792953424425,0.1188333680141596,0.0062740973822558,20.34292408279301,0.5862452864257927,0
AC020637.1,1938.063189568706,0.2347823368159056,0.0588042809393831,0.0136739047332758,0.6428256089742431,0.0009967886749183,0.99921532758391,0.0449804735941721,0.0033157494150929,0.9672006894641492,0.0016176455279269,1.717432076540993,2.096642384650469,0.8335989392433482,0.997473344569529,0.4969541694496251,0.7351606138763213,628546.7170199985,454.053337718543,0.0191374513533432,0.0001285428746511,20.76342360414577,0.0,0.0,0.0,0.0,0.0,0.0,0.0,0.0,0.0,0.0,0.0,0.0,0.0,0.0,0.0,2.0,0.0,0.0,0.0,0.0,0.0,0.0,0.0,0.0,2.0,0.0,2,12.3415,286.01144450000004,22.487509290002507,0.3013711308299261,0.2521597143758343,0.0288347392278441,12.438422023182298,-0.2644634616655457,0.0303176280047028,6.973492945703292,0.2695940890589254,0.0322971464262917,18.874868282402527,2.871323642994052,0.1199912938338458,0.1188333680141596,0.0062740973822558,20.34292408279301,0.5862452864257927,0
TRIP6,1431.0,1.0,0.0,0.0,0.0,0.0,1.0,0.0,0.0,1.0,0.0,0.0,0.0,1.0,1.0,1.0,1.0,1339207.0,433.0,0.04759167,0.0015771314939097,163.0,0.0,0.0,0.0,0.0,0.0,0.0,0.0,0.0,0.0,0.0,0.0,0.0,0.0,0.0,0.0,0.0,0.0,0.0,2.0,0.0,0.0,0.0,0.0,0.0,2.0,0.0,2,6.299,73.22920199999999,25.984025052613983,0.1197903098201101,0.2780747368421052,0.0173738873152046,19.0,-0.2585883333333333,0.0072553846966666,6.0,0.273398,0.01461410075,25.0,3.4653426286614866,0.010110702006044,0.5691061851251749,0.0144415260936898,21.66292382794619,0.4724853972241371,0
RFPL4B,792.0,0.0,0.0,0.0,1.0,0.0,1.0,0.0,0.0,1.0,0.0,1.0,1.0,1.0,1.0,0.5685048322910745,0.8895653585875051,96263.31,432.0,-0.000483879,8.726830348561594e-05,42.0,0.0,0.0,0.0,0.0,0.0,0.0,0.0,0.0,0.0,0.0,0.0,0.0,1.0,0.0,0.0,0.0,0.0,0.0,0.0,0.0,0.0,0.0,0.0,0.0,1.0,0.0,1,0.52,0.0,22.487509290002507,0.3013711308299261,0.1883271428571429,0.0030535803238095,7.0,-0.339044,0.05965058293,5.0,0.2511258333333333,0.0293797784083333,12.0,0.3588331273327456,0.4193899350411831,0.1188333680141596,0.0062740973822558,20.34292408279301,0.5862452864257927,0
ARHGAP17,2646.0,0.2857142857142857,0.0,0.0,0.2857142857142857,0.0,1.0,0.2857142857142857,0.0,0.7580392711198943,0.1428571428571428,0.6666666666666666,1.6666666666666667,0.2681684097613301,1.0,0.5497526113249038,0.8786623966662921,272833.9,185.0,0.02153964,0.0001111298378785,42.0,0.0,0.0,0.0,0.0,0.0,0.0,2.0,0.0,0.0,0.0,0.0,1.0,2.0,0.0,1.0,0.0,0.0,0.0,2.0,0.0,0.0,2.0,0.0,0.0,6.0,0.0,7,18.07783333333333,131.31762816666665,25.29269756068189,0.0489127594535053,0.1626539999999999,0.0051619007155555,10.0,-0.2459271428571428,0.0115090991904761,7.0,0.1969429411764705,0.0090040737845588,17.0,3.4431795298212,0.0031364319925922,0.0,0.0,25.49833014879125,0.1638360391960288,0
IFI44L,1359.0,0.0,0.1666666666666666,0.0,0.6666666666666666,0.0,1.0,0.1666666666666666,0.0,0.8710490642551527,0.0,4.0,6.0,0.3239390994493035,1.0,0.4945598417408506,0.8427730566757071,161560.4,636.0,-0.01336625,0.0,1.0,0.0,0.0,0.0,0.0,0.0,0.0,1.0,0.0,0.0,0.0,0.0,0.0,4.0,0.0,0.0,0.0,0.0,0.0,0.0,1.0,0.0,1.0,0.0,0.0,5.0,0.0,5,10.927,175.54562699999997,19.79346455967049,0.7806628335136371,0.2221788888888889,0.0071795508611111,9.0,-0.1714566666666666,0.0029043319466666,6.0,0.20189,0.0058014246,15.0,3.421394061861601,0.0418780031532903,0.1188333680141596,0.0062740973822558,20.34292408279301,0.5862452864257927,0
STBD1,1077.0,0.0,0.5,0.0,0.5,0.0,1.0,0.0,0.0,1.0,0.0,1.0,2.0,0.3469812630117974,1.0,0.1486546751895347,0.4320097040350037,416594.0,436.0,0.02610198,3.1877230167433086e-05,17.0,0.0,0.0,0.0,0.0,0.0,0.0,0.0,0.0,0.0,0.0,0.0,0.0,1.0,1.0,0.0,0.0,0.0,0.0,0.0,0.0,0.0,0.0,0.0,0.0,2.0,0.0,1,25.85,0.2450000000000007,22.487509290002507,0.3013711308299261,0.2521597143758343,0.0288347392278441,12.438422023182298,-0.2644634616655457,0.0303176280047028,6.973492945703292,0.2695940890589254,0.0322971464262917,18.874868282402527,2.871323642994052,0.1199912938338458,0.1188333680141596,0.0062740973822558,20.34292408279301,0.5862452864257927,0
SLC6A7,1911.0,0.25,0.0,0.0,0.75,0.0,1.0,0.0,0.0,1.0,0.0,1.5,1.5,1.0,1.0,0.2740476842970677,0.6287895745284491,1002307.0,228.0,0.04858657,0.0,0.0,0.0,0.0,0.0,0.0,0.0,0.0,0.0,0.0,0.0,0.0,0.0,0.0,3.0,0.0,0.0,0.0,0.0,0.0,1.0,0.0,0.0,0.0,0.0,0.0,4.0,0.0,4,19.98,175.06826666666666,22.487509290002507,0.3013711308299261,0.2743257142857143,0.0356682452285714,7.0,-0.2659118181818182,0.0101204591963636,11.0,0.2691838888888889,0.0185598178133987,18.0,1.4073494157357724,0.3978954927937386,0.3354990811219999,0.0526392028397395,16.03580186750822,0.9082295827045178,0
TXNRD3,1932.0,0.2,0.2,0.0,0.6,0.0,1.0,0.0,0.0,1.0,0.0,1.5,2.0,0.5037783375314862,1.0,0.6361323155216285,0.9238859376634956,628464.2070903856,454.1716887539794,0.0191206869507081,0.0,0.0,0.0,0.0,0.0,0.0,0.0,0.0,0.0,0.0,0.0,0.0,0.0,0.0,3.0,1.0,0.0,0.0,0.0,0.0,1.0,0.0,0.0,0.0,0.0,0.0,5.0,0.0,4,20.3352,178.3421852,22.607582209905928,0.1063857498301362,0.2846029411764705,0.0255911544720588,16.0,-0.37809,0.1134022688,2.0,0.2944436842105262,0.0299166909134503,18.0,3.290821747433993,0.0077624056287516,0.0707591034161114,0.0003193004566315,24.010119504975563,0.2835884557982494,0
SHARPIN,1164.0,0.0,0.0,0.0,1.0,0.0,1.0,0.0,0.0,1.0,0.0,1.0,1.0,1.0,1.0,0.5503577325261421,0.8790240998426164,2720766.0,211.0,0.02653573,4.004083249818817e-05,25.0,0.0,0.0,0.0,0.0,0.0,0.0,0.0,0.0,0.0,0.0,0.0,0.0,1.0,0.0,0.0,0.0,0.0,0.0,0.0,0.0,0.0,0.0,0.0,0.0,1.0,0.0,1,15.79,0.0,24.195938337859545,0.0623657311405545,0.2521597143758343,0.0288347392278441,12.438422023182298,-0.2644634616655457,0.0303176280047028,6.973492945703292,0.2695940890589254,0.0322971464262917,18.874868282402527,3.371618329342464,0.0033591585252334,0.0254918299548199,2.1835765645267693e-05,22.91565554632688,0.0873598099141281,0
CFC1,672.0,0.0,1.0,0.0,0.0,0.0,1.0,0.0,0.0,1.0,0.0,0.0,1.0,0.0332005312084993,1.0,1.0,1.0,628464.2070903856,454.1716887539794,0.0191206869507081,0.0,1.0,0.0,0.0,0.0,0.0,0.0,0.0,0.0,0.0,0.0,0.0,0.0,0.0,0.0,1.0,0.0,0.0,0.0,0.0,0.0,0.0,0.0,0.0,0.0,0.0,1.0,0.0,1,25.2,0.0,22.487509290002507,0.3013711308299261,0.2776685714285714,0.012793498443956,14.0,-0.2644634616655457,0.0303176280047028,6.973492945703292,0.2776685714285714,0.012793498443956,14.0,0.7935119967231886,0.7271090562850989,0.1188333680141596,0.0062740973822558,20.34292408279301,0.5862452864257927,0
GREB1L,5772.0,0.1818181818181818,0.0909090909090909,0.0,0.5454545454545454,0.0,1.0,0.0909090909090909,0.0909090909090909,0.9474427588512933,0.0,2.0,3.0,0.691085003455425,1.0,0.1715265866209262,0.4739308748477531,628464.2070903856,454.1716887539794,0.0191206869507081,2.9969587036578834e-08,2.0,0.0,0.0,0.0,0.0,0.0,0.0,1.0,0.0,0.0,1.0,0.0,2.0,6.0,1.0,0.0,0.0,0.0,0.0,2.0,0.0,0.0,3.0,0.0,0.0,10.0,0.0,9,21.2383,123.94289645555556,22.487509290002507,0.3013711308299261,0.1958645454545454,0.0062945647072727,11.0,-0.19984,0.0303176280047028,1.0,0.1961958333333333,0.0057236485719696,12.0,3.1610643422355014,0.0248323996092645,0.0461949659892548,0.0012900826253271,20.34292408279301,0.5862452864257927,0
PRPSAP1,1158.0,0.3333333333333333,0.0,0.0,0.6666666666666666,0.0,1.0,0.0,0.0,1.0,0.0,1.0,1.0,1.0,1.0,0.2061430632859204,0.5316810697305876,1622536.0,209.0,0.02362487,2.0876576682889424e-05,26.0,0.0,0.0,0.0,0.0,0.0,0.0,0.0,0.0,0.0,0.0,0.0,0.0,2.0,0.0,0.0,0.0,0.0,0.0,1.0,0.0,0.0,0.0,0.0,0.0,3.0,0.0,3,18.37633333333333,253.3338803333333,24.55387808561183,0.0510549705873059,0.3544218181818181,0.1081673418963636,10.0,-0.2542316666666667,0.0065892334166666,6.0,0.3190605882352942,0.0720994314308823,16.0,3.437225989355208,0.0011205722904024,0.062948027315941,0.0001365822257238,20.928482926257985,0.8249769302991491,0
SLC43A1,1680.0,0.0,0.0,0.0,1.0,0.0,1.0,0.0,0.0,1.0,0.0,1.0,1.0,1.0,1.0,0.1666666666666666,0.4652932448713427,923774.6,197.0,0.009365947,0.0,1.0,0.0,0.0,0.0,0.0,0.0,0.0,0.0,0.0,0.0,0.0,0.0,0.0,1.0,0.0,0.0,0.0,0.0,0.0,0.0,0.0,0.0,0.0,0.0,0.0,1.0,0.0,1,26.2,0.0,20.604471123300915,1.0083620856610838,0.2219971428571428,0.0113018604238095,7.0,-0.2939428571428572,0.0186675837238095,7.0,0.25797,0.0152256396307692,14.0,3.2714283104089787,0.0670109435915747,0.0366847520881351,0.0002710450496422,21.55969410416603,0.2790270449122076,0
ZNF679,1236.0,0.3333333333333333,0.3333333333333333,0.0,0.3333333333333333,0.0,1.0,0.0,0.0,1.0,0.0,0.5,1.0,0.4093327875562833,1.0,0.8176614881439084,0.98226235217092,628464.2070903856,454.1716887539794,0.0191206869507081,1.3643257149680258e-07,3.0,0.0,0.0,0.0,0.0,0.0,0.0,0.0,0.0,0.0,0.0,0.0,0.0,1.0,1.0,0.0,0.0,0.0,0.0,1.0,0.0,0.0,0.0,0.0,0.0,3.0,0.0,3,15.963666666666668,130.43844033333335,22.487509290002507,0.3013711308299261,0.2781628571428571,0.0151104338814285,21.0,-0.21618,0.0008462727,3.0,0.2704149999999999,0.0136515714695652,24.0,0.5416549128981071,0.8626866559880723,0.1188333680141596,0.0062740973822558,20.34292408279301,0.5862452864257927,0
TBCB,735.0,0.3333333333333333,0.0,0.0,0.6666666666666666,0.0,1.0,0.0,0.0,1.0,0.0,1.0,1.0,1.0,1.0,0.0780822987428749,0.2771915277929206,978271.7,326.0,0.006180169,0.0002708864038165,41.0,0.0,0.0,0.0,0.0,0.0,0.0,0.0,0.0,0.0,0.0,0.0,1.0,2.0,0.0,0.0,0.0,0.0,0.0,1.0,0.0,0.0,0.0,0.0,0.0,4.0,0.0,4,19.221,142.18356400000002,26.80849605344605,0.1268365968277118,0.334650909090909,0.0449502639890909,11.0,-0.225324,0.00655399363,5.0,0.3004862499999999,0.0344536597849999,16.0,3.4886726913978534,0.0029816693554894,0.0550207897485117,0.000136298228309,20.23321542940368,0.7076950251725437,0
FOXK2,1983.0,0.0,0.0,0.0,1.0,0.0,1.0,0.0,0.0,1.0,0.0,4.0,4.0,1.0,1.0,0.0637917836182699,0.2393551212259113,628464.2070903856,454.1716887539794,0.0191206869507081,3.4249617074237057e-06,10.0,0.0,0.0,0.0,0.0,0.0,0.0,0.0,0.0,0.0,0.0,0.0,2.0,4.0,0.0,0.0,0.0,0.0,0.0,0.0,0.0,0.0,0.0,0.0,1.0,5.0,0.0,3,18.195,105.54505,24.14160919457662,0.0392588128795252,0.2951499999999999,0.0427954450727272,12.0,-0.26397,0.0093460503,3.0,0.288914,0.0351268041542857,15.0,3.552367369594406,0.0014927383871834,0.0277491747073821,2.775396358271659e-05,24.450098783884314,0.1278003643391226,0
LAMC3,4728.0,0.1,0.0,0.0,0.8,0.0,1.0,0.1,0.0,1.0,0.0,4.0,4.5,1.0,1.0,0.1654807214959457,0.463164086940166,815584.8,293.0,0.03648351,0.0001248825165812,20.0,0.0,0.0,0.0,0.0,0.0,0.0,1.0,0.0,0.0,0.0,0.0,0.0,7.0,0.0,0.0,0.0,0.0,0.0,1.0,1.0,0.0,1.0,0.0,0.0,9.0,0.0,8,17.325000000000003,91.110425,22.0129759409315,0.5156040099602278,0.1854579999999999,0.00470214437,5.0,-0.2786341176470588,0.0154789634757352,17.0,0.2574577272727273,0.0142864413517316,22.0,3.1723617071525867,0.0645693272174544,0.0355339374290259,0.0001918357029343,20.34292408279301,0.5862452864257927,0
PTPN14,3564.0,0.0909090909090909,0.0909090909090909,0.0,0.6363636363636364,0.0,1.0,0.1818181818181818,0.0,0.8750481154569111,0.0,3.5,5.0,0.7037297677691766,1.0,0.057185337679419,0.2208187652388358,464456.5,404.0,-0.007736604,4.543588827716376e-05,34.0,0.0,0.0,0.0,0.0,0.0,0.0,1.0,1.0,0.0,0.0,0.0,0.0,7.0,1.0,0.0,0.0,0.0,0.0,1.0,0.0,0.0,1.0,0.0,1.0,9.0,0.0,8,27.63322222222222,105.36193344444446,22.134798582721505,0.0854824690721061,0.3887167741935483,0.0450738687492473,31.0,-0.218675,0.00011935125,2.0,0.378411212121212,0.0439580959859848,33.0,3.70557070613934,0.0038832495634845,0.0695066479156144,0.00240176196936,24.650043418966806,0.160113673578197,0
TRAJ21,1938.063189568706,0.2347823368159056,0.0588042809393831,0.0136739047332758,0.6428256089742431,0.0009967886749183,0.99921532758391,0.0449804735941721,0.0033157494150929,0.9672006894641492,0.0016176455279269,1.717432076540993,2.096642384650469,0.8335989392433482,0.997473344569529,0.4969541694496251,0.7351606138763213,628546.7170199985,454.053337718543,0.0191374513533432,0.0001285428746511,20.76342360414577,0.0,0.0,0.0,0.0,0.0,0.0,0.0,0.0,0.0,0.0,0.0,0.0,0.0,0.0,0.0,1.0,0.0,0.0,0.0,0.0,0.0,0.0,0.0,0.0,1.0,0.0,1,3.478,0.0,22.487509290002507,0.3013711308299261,0.2521597143758343,0.0288347392278441,12.438422023182298,-0.2644634616655457,0.0303176280047028,6.973492945703292,0.2695940890589254,0.0322971464262917,18.874868282402527,2.871323642994052,0.1199912938338458,0.1188333680141596,0.0062740973822558,20.34292408279301,0.5862452864257927,0
PHF12,3015.0,0.6666666666666666,0.0,0.0,0.3333333333333333,0.0,1.0,0.0,0.0,1.0,0.0,0.3333333333333333,0.3333333333333333,1.0,1.0,0.9532888465204956,0.9988916390983414,1834230.0,220.0,0.0370228,5.364986770757325e-07,9.0,0.0,0.0,0.0,0.0,0.0,0.0,0.0,0.0,0.0,0.0,0.0,0.0,1.0,0.0,0.0,0.0,0.0,0.0,2.0,0.0,0.0,0.0,0.0,0.0,3.0,0.0,3,15.246666666666668,18.998933333333333,22.08851050751321,0.0508018070612019,0.29034,0.0294012590666666,7.0,-0.2708657142857143,0.006752192495238,7.0,0.2806028571428571,0.0167883135912087,14.0,3.4930840387268947,0.0022586696178087,0.0622882823901806,0.0012094752861558,22.64806112027877,0.0500286938914568,0
DGKA,2208.0,0.0,0.4,0.0,0.6,0.0,1.0,0.0,0.0,0.8277293767706428,0.0,3.0,5.0,0.0466222201501235,1.0,0.1822821728034998,0.4925627766160066,2080397.0,229.0,0.03105502,5.18466551023804e-05,4.0,0.0,0.0,0.0,0.0,0.0,0.0,0.0,0.0,0.0,0.0,0.0,0.0,3.0,2.0,0.0,0.0,0.0,0.0,0.0,0.0,0.0,0.0,0.0,0.0,5.0,0.0,4,33.64,57.023,24.163995005084097,0.1871345268849599,0.4182717647058824,0.1306057568154411,17.0,-0.2644634616655457,0.0303176280047028,6.973492945703292,0.4182717647058824,0.1306057568154411,17.0,3.2956619464557626,0.0101181122829402,0.0208635778561652,1.235712588544366e-05,15.58690286573296,0.5844114818232576,0
SCN3B,648.0,0.0,0.0,0.0,1.0,0.0,1.0,0.0,0.0,1.0,0.0,1.0,1.0,1.0,1.0,0.5449591280653951,0.8757735594041056,681724.9,451.0,0.00639942,0.0,0.0,0.0,0.0,0.0,0.0,0.0,0.0,0.0,0.0,0.0,0.0,0.0,0.0,0.0,0.0,0.0,0.0,0.0,0.0,0.0,1.0,0.0,0.0,0.0,0.0,1.0,0.0,1,24.6,0.0,22.487509290002507,0.3013711308299261,0.1534285714285714,0.0031632597142857,7.0,-0.2707025,0.0245021627928571,8.0,0.2159746666666667,0.0172742772838095,15.0,2.384054186814183,0.1768184451143563,0.0826796319487879,0.0051525194874335,20.34292408279301,0.5862452864257927,0
PATL1,2313.0,0.0,0.5,0.0,0.0,0.0,1.0,0.5,0.0,-0.0,0.0,0.0,2.0,0.2963841138114997,1.0,1.0,1.0,431270.7,409.0,0.02690972,7.151028658412211e-05,21.0,0.0,0.0,0.0,0.0,0.0,0.0,0.0,1.0,0.0,0.0,0.0,0.0,0.0,1.0,0.0,0.0,0.0,0.0,0.0,0.0,0.0,0.0,0.0,1.0,1.0,0.0,2,43.0,0.0,24.00599450809236,0.0454658520247011,0.2147812499999999,0.0101038618125,8.0,-0.260745,0.01314347963,6.0,0.23448,0.0110529121692307,14.0,3.467244612055894,0.0035125753520452,0.0586703468936592,8.957523546425177e-05,24.080099173963085,0.0834247339061408,0
ECM1,1704.0,0.3333333333333333,0.0,0.0,0.3333333333333333,0.0,1.0,0.3333333333333333,0.0,1.0,0.0,0.5,1.0,1.0,1.0,0.7097232079489,0.953073266796695,1532790.0,163.0,0.04252749,3.939540935709152e-05,15.0,0.0,0.0,0.0,0.0,0.0,0.0,1.0,0.0,0.0,0.0,0.0,2.0,1.0,0.0,0.0,0.0,0.0,0.0,1.0,0.0,0.0,1.0,0.0,0.0,4.0,0.0,5,9.46375,75.65113891666665,24.642108967212465,0.2584177904845179,0.4003185714285714,0.0567709639067227,35.0,-0.2644634616655457,0.0303176280047028,6.973492945703292,0.4003185714285714,0.0567709639067227,35.0,3.25977359037526,0.0426481410052993,0.1188333680141596,0.0062740973822558,19.15846606157029,1.85245202198601,0
CIAO3,1938.063189568706,0.2347823368159056,0.0588042809393831,0.0136739047332758,0.6428256089742431,0.0009967886749183,0.99921532758391,0.0449804735941721,0.0033157494150929,0.9672006894641492,0.0016176455279269,1.717432076540993,2.096642384650469,0.8335989392433482,0.997473344569529,0.4969541694496251,0.7351606138763213,628546.7170199985,454.053337718543,0.0191374513533432,0.0001285428746511,20.76342360414577,0.0,0.0,0.0,0.0,0.0,0.0,0.0,0.0,0.0,0.0,0.0,0.0,3.0,0.0,0.0,0.0,0.0,0.0,0.0,0.0,0.0,0.0,0.0,0.0,3.0,0.0,3,22.72666666666667,14.98013333333334,22.487509290002507,0.3013711308299261,0.2521597143758343,0.0288347392278441,12.438422023182298,-0.2644634616655457,0.0303176280047028,6.973492945703292,0.2695940890589254,0.0322971464262917,18.874868282402527,2.871323642994052,0.1199912938338458,0.1188333680141596,0.0062740973822558,20.34292408279301,0.5862452864257927,0
SARAF,1020.0,1.0,0.0,0.0,0.0,0.0,1.0,0.0,0.0,1.0,0.0,0.0,0.0,1.0,1.0,1.0,1.0,387692.9,231.0,0.05067461,8.475513052649971e-05,14.0,0.0,0.0,0.0,0.0,0.0,0.0,0.0,0.0,0.0,0.0,0.0,0.0,0.0,0.0,0.0,0.0,0.0,0.0,1.0,0.0,0.0,0.0,0.0,0.0,1.0,0.0,1,2.44,0.0,22.487509290002507,0.3013711308299261,0.2521597143758343,0.0288347392278441,12.438422023182298,-0.2644634616655457,0.0303176280047028,6.973492945703292,0.2695940890589254,0.0322971464262917,18.874868282402527,2.871323642994052,0.1199912938338458,0.1188333680141596,0.0062740973822558,20.34292408279301,0.5862452864257927,0
KCNG4,1560.0,0.6666666666666666,0.0,0.0,0.3333333333333333,0.0,1.0,0.0,0.0,1.0,0.0,0.4,0.4,1.0,1.0,0.8613264427217916,0.9899067206854044,582429.2,364.0,0.01169003,8.941280254820867e-06,5.0,0.0,0.0,0.0,0.0,0.0,0.0,0.0,0.0,0.0,0.0,0.0,0.0,2.0,0.0,0.0,0.0,0.0,0.0,4.0,0.0,0.0,0.0,0.0,0.0,6.0,0.0,6,10.427,104.064688,22.487509290002507,0.3013711308299261,0.1617814285714285,0.0030941937809523,7.0,-0.389046923076923,0.0428626166564102,13.0,0.309504,0.0404169613305263,20.0,2.552631482823488,0.0207625905962523,0.1188333680141596,0.0062740973822558,20.34292408279301,0.5862452864257927,0
ZHX2,2514.0,0.4,0.0,0.0,0.6,0.0,1.0,0.0,0.0,1.0,0.0,1.2,1.2,1.0,1.0,0.2029220779220779,0.5265692423358805,426705.9,533.0,0.01274165,3.881621019897931e-05,12.0,0.0,0.0,0.0,0.0,0.0,0.0,0.0,0.0,0.0,0.0,0.0,0.0,6.0,0.0,0.0,0.0,0.0,0.0,4.0,0.0,0.0,0.0,0.0,0.0,10.0,0.0,7,15.4385,142.69049338888888,23.12137071371458,0.1079087135256594,0.3779307692307692,0.0849997364953846,26.0,-0.23813,0.0303176280047028,1.0,0.3727529629629629,0.0824543771601139,27.0,3.424137176106642,0.0059243605262943,0.0539680681916949,0.000115312248989,22.87623811711393,0.243264890923459,0
FBXL3,1287.0,0.0,0.0,0.0,0.5,0.0,1.0,0.5,0.0,1.0,0.0,1.0,2.0,1.0,1.0,0.4504504504504505,0.8096879260739587,218827.4,551.0,0.03410553,5.0062956493557206e-05,14.0,0.0,0.0,0.0,0.0,0.0,0.0,1.0,0.0,0.0,0.0,0.0,0.0,1.0,0.0,0.0,0.0,0.0,0.0,0.0,0.0,0.0,1.0,0.0,0.0,1.0,0.0,2,24.6,0.0,18.55566277484765,0.2106407408280368,0.2527354545454545,0.0499693908272727,11.0,-0.2094599999999999,0.0148032961333333,10.0,0.2321280952380952,0.0321366647361904,21.0,3.523047623603109,0.0024277351622871,0.0,0.0,18.434313282256944,0.432699756142797,0
RTL1,4077.0,0.4117647058823529,0.0588235294117647,0.0,0.4705882352941176,0.0,1.0,0.0588235294117647,0.0,0.9712175832802088,0.0,1.0,1.25,0.4158004158004158,1.0,0.8503401360544217,0.9881963005752,356725.8,585.0,-0.0237302,0.0,1.0,0.0,0.0,0.0,0.0,0.0,0.0,1.0,0.0,0.0,0.0,0.0,0.0,8.0,1.0,0.0,0.0,0.0,0.0,7.0,0.0,0.0,1.0,0.0,0.0,16.0,0.0,11,14.1158125,102.51891162916668,22.487509290002507,0.3013711308299261,0.2081118181818182,0.0093367305963636,11.0,-0.234696,0.0121698911299999,5.0,0.216419375,0.0096317477395833,16.0,2.397105195100787,0.1599122796064589,0.1188333680141596,0.0062740973822558,20.34292408279301,0.5862452864257927,0
MACC1,2559.0,0.4,0.4,0.0,0.2,0.0,1.0,0.0,0.0,0.8277293767706428,0.0,0.3333333333333333,1.0,0.1855976243504083,1.0,0.8583690987124464,0.9894601605301836,220237.2,676.0,0.01337133,0.0,1.0,0.0,0.0,0.0,0.0,0.0,0.0,0.0,0.0,0.0,0.0,0.0,0.0,1.0,2.0,0.0,0.0,0.0,0.0,2.0,0.0,0.0,0.0,0.0,0.0,5.0,0.0,4,20.9344,372.9754933,19.54546473244177,0.5845453237513135,0.2532704545454545,0.0137902356521645,22.0,-0.2458499999999999,0.0091736261,5.0,0.2518962962962963,0.0125582224780626,27.0,3.577513798507022,0.016737107878331,0.1188333680141596,0.0062740973822558,21.4167206722666,0.5933729718278963,0
FBLN7,1320.0,0.0,0.0,0.0,1.0,0.0,1.0,0.0,0.0,1.0,0.0,5.0,5.0,1.0,1.0,0.746268656716418,0.9646788163901642,628464.2070903856,454.1716887539794,0.0191206869507081,1.058677520442746e-06,5.0,0.0,0.0,0.0,0.0,0.0,0.0,0.0,0.0,0.0,0.0,0.0,2.0,4.0,0.0,0.0,0.0,0.0,0.0,1.0,0.0,0.0,0.0,0.0,0.0,7.0,0.0,4,17.394714285714286,74.3734169047619,21.537832212201227,0.6049171168329273,0.3243186666666666,0.0281994700838095,15.0,-0.2644634616655457,0.0303176280047028,6.973492945703292,0.3243186666666666,0.0281994700838095,15.0,2.704533715005605,0.0321726678264751,0.106322862590346,0.0032298062508205,20.34292408279301,0.5862452864257927,0
CDC14A,1872.0,0.0,0.0,0.3333333333333333,0.6666666666666666,0.0,1.0,0.0,0.0,1.0,0.0,2.0,3.0,0.199203187250996,1.0,0.3418803418803419,0.7088186258748101,387264.7,622.0,0.006143884,1.4575414900641731e-05,11.0,0.0,0.0,0.0,0.0,0.0,0.0,0.0,0.0,0.0,0.0,0.0,1.0,2.0,0.0,0.0,0.0,0.0,0.0,0.0,1.0,0.0,0.0,0.0,0.0,4.0,0.0,2,22.39875,213.6113395833333,18.090274724189964,0.1158428710638518,0.2091145454545455,0.0068583842272727,11.0,-0.188774,0.00270616018,5.0,0.2027581249999999,0.00538871377625,16.0,3.384863544472179,0.0093133908442255,0.0469910044897823,7.030167857892026e-05,21.41918950885792,0.3416755840229828,0
NUAK1,1986.0,0.2857142857142857,0.0,0.0,0.5714285714285714,0.0,1.0,0.0,0.1428571428571428,1.0,0.0,1.3333333333333333,1.6666666666666667,1.0,1.0,0.8210180623973727,0.9829311734710224,143017.9,473.0,0.007295638,7.818782784542402e-05,23.0,0.0,0.0,0.0,0.0,0.0,0.0,0.0,0.0,0.0,1.0,0.0,0.0,4.0,0.0,0.0,0.0,0.0,0.0,2.0,0.0,0.0,1.0,0.0,0.0,6.0,0.0,6,17.819333333333333,129.4864970666667,13.52101899801285,0.2710895684076375,0.2276645454545454,0.0121475115472727,11.0,-0.21758,0.01018022755,5.0,0.224513125,0.0108363741829166,16.0,3.3280021706891487,0.0119190743175457,0.0636581809009471,0.0010306444683266,18.978952443922207,0.3855862756369614,0
KIF5A,3099.0,0.375,0.0,0.0,0.625,0.0,1.0,0.0,0.0,0.9166666666666666,0.0,1.25,1.25,1.0,1.0,0.8795074758135444,0.9924302680460853,1347795.0,303.0,0.04393994,3.77222272774438e-05,23.0,0.0,0.0,0.0,0.0,0.0,0.0,0.0,0.0,0.0,0.0,0.0,0.0,5.0,0.0,0.0,0.0,0.0,0.0,3.0,0.0,0.0,0.0,0.0,0.0,8.0,0.0,6,19.03725,61.7539005,23.67230651351933,0.0875743531389062,0.25508,0.0294238669166666,13.0,-0.3082866666666666,0.0247342482333333,3.0,0.26505625,0.0272970225716666,16.0,2.750823598476042,0.0822644107371306,0.0847353755671206,0.0054166586794428,20.34292408279301,0.5862452864257927,0
HNRNPDL,1263.0,0.0,0.25,0.0,0.5,0.0,1.0,0.25,0.0,0.75,0.0,2.0,4.0,0.1597954618088846,1.0,0.3815337657382679,0.7491628860516099,684394.1,387.0,0.04554532,0.0001786752082484,105.0,0.0,0.0,0.0,0.0,0.0,0.0,1.0,0.0,0.0,0.0,0.0,0.0,2.0,1.0,0.0,0.0,0.0,0.0,0.0,0.0,0.0,1.0,0.0,0.0,3.0,0.0,4,31.83333333333333,127.42333333333336,28.16796653315568,0.0445289799368831,0.2053725,0.0067921094916666,4.0,-0.2494192307692308,0.0164694821743589,13.0,0.2390552941176471,0.0139965364014705,17.0,3.816878918010586,0.0012603680933835,0.0354481792880623,0.0024591704721108,23.738479519002865,0.1289858271131762,0
OR10A4,948.0,0.0,0.0,0.0,1.0,0.0,1.0,0.0,0.0,1.0,0.0,3.0,3.0,1.0,1.0,0.4071661237785016,0.7730187338293552,427461.7,681.0,0.00797676,0.0,0.0,0.0,0.0,1.0,0.0,0.0,0.0,0.0,0.0,0.0,0.0,0.0,0.0,3.0,0.0,0.0,0.0,0.0,0.0,0.0,0.0,0.0,0.0,0.0,0.0,4.0,0.0,2,17.7875,26.572491666666675,22.487509290002507,0.3013711308299261,0.1953142857142857,0.0081345254285714,7.0,-0.2816018181818182,0.0128724506163636,11.0,0.2480455555555556,0.0123165892261437,18.0,1.7336740397673802,0.4506018783491706,0.1188333680141596,0.0062740973822558,20.34292408279301,0.5862452864257927,0
ZNF8,1728.0,0.2,0.2,0.0,0.6,0.0,1.0,0.0,0.0,1.0,0.0,1.5,2.0,0.217391304347826,1.0,0.4835589941972921,0.8349042343550206,1546372.0,406.0,-0.03882845,7.404301758157007e-06,6.0,0.0,0.0,0.0,0.0,0.0,0.0,0.0,0.0,0.0,0.0,0.0,0.0,3.0,1.0,0.0,0.0,0.0,0.0,1.0,0.0,0.0,0.0,0.0,0.0,5.0,0.0,4,22.178800000000003,308.9392272,21.94495783403802,0.1100733710312569,0.2521597143758343,0.0288347392278441,12.438422023182298,-0.2644634616655457,0.0303176280047028,6.973492945703292,0.2695940890589254,0.0322971464262917,18.874868282402527,3.493000852319656,0.0026542905977499,0.0734803852592648,0.0011376365616027,17.098144149645282,0.6446452405410108,0
CISH,828.0,0.0,0.0,0.0,1.0,0.0,1.0,0.0,0.0,1.0,0.0,1.0,1.0,1.0,1.0,0.6825938566552902,0.9432458992962668,583785.5,302.0,0.05044635,4.759735472433074e-05,24.0,0.0,0.0,0.0,0.0,0.0,0.0,0.0,0.0,0.0,0.0,0.0,0.0,1.0,0.0,0.0,0.0,0.0,0.0,0.0,0.0,0.0,0.0,0.0,0.0,1.0,0.0,1,9.169,0.0,12.4209001426489,0.6186805229896207,0.2166936363636363,0.0071518345254545,11.0,-0.345195,0.0242376536999999,4.0,0.2509606666666666,0.0137620191209523,15.0,3.3032026035081343,0.0089676776835541,0.0202117827856474,1.2287681288363956e-05,19.744029860965306,0.6806891145513928,0
CSNK2A3,1176.0,0.3333333333333333,0.3333333333333333,0.0,0.3333333333333333,0.0,1.0,0.0,0.0,1.0,0.0,0.5,1.0,0.6720430107526881,1.0,0.8680555555555556,0.9908850366959197,628464.2070903856,454.1716887539794,0.0191206869507081,0.0,1.0,0.0,0.0,0.0,0.0,0.0,0.0,0.0,0.0,0.0,0.0,0.0,0.0,1.0,1.0,0.0,0.0,0.0,0.0,1.0,0.0,0.0,0.0,0.0,0.0,3.0,0.0,3,19.462666666666667,205.91754133333336,22.487509290002507,0.3013711308299261,0.1953142857142857,0.0081345254285714,7.0,-0.3358327272727272,0.0366633573418181,11.0,0.2811866666666666,0.0294063116470588,18.0,1.9069153052641687,0.6399536753841434,0.1188333680141596,0.0062740973822558,20.34292408279301,0.5862452864257927,0
DENND1C,2406.0,0.3333333333333333,0.1111111111111111,0.0,0.4444444444444444,0.0,1.0,0.1111111111111111,0.0,0.9298966940476158,0.0,1.0,1.5,0.5333333333333333,1.0,0.5058168942842691,0.8505718483502681,865106.1,219.0,0.03274363,3.053229227278416e-06,2.0,0.0,0.0,0.0,0.0,0.0,0.0,0.0,1.0,0.0,0.0,0.0,0.0,4.0,1.0,0.0,0.0,0.0,0.0,3.0,0.0,0.0,0.0,0.0,1.0,8.0,0.0,8,15.536125,200.282890125,20.1180794123276,0.2315903587078988,0.2244412499999999,0.0057321607267857,8.0,-0.3289366666666666,0.01700969405,9.0,0.2797623529411764,0.0139030681941176,17.0,3.121398399248696,0.0044715821152535,0.1188333680141596,0.0062740973822558,21.112697938295582,0.3721885454636646,0
CRLF3,1329.0,0.0,0.3333333333333333,0.0,0.3333333333333333,0.0,1.0,0.3333333333333333,0.0,0.5793801642856949,0.0,1.0,3.0,0.3946329913180741,1.0,0.9149130832570904,0.9962728354935056,617388.0,264.0,0.03027566,2.179349298476877e-05,15.0,0.0,0.0,0.0,0.0,0.0,0.0,1.0,0.0,0.0,0.0,0.0,0.0,1.0,1.0,0.0,0.0,0.0,0.0,0.0,0.0,0.0,1.0,0.0,0.0,2.0,0.0,3,31.55,111.00499999999998,24.099853850419795,0.1622980772187437,0.3570239999999999,0.0689377182044444,10.0,-0.2619014285714286,0.0075466191809523,7.0,0.3178558823529411,0.0439360562257352,17.0,3.387397056321636,0.0018434905742281,0.0269850502942893,1.7842607905716992e-05,20.34292408279301,0.5862452864257927,0
KCTD8,1422.0,0.3846153846153846,0.0,0.0,0.6153846153846154,0.0,1.0,0.0,0.0,1.0000000000000002,0.0,1.3333333333333333,1.3333333333333333,1.0,1.0,0.4784688995215311,0.8311789789362295,73475.62,1109.0,-0.009554537,0.0,1.0,0.0,0.0,0.0,0.0,0.0,0.0,0.0,0.0,0.0,0.0,0.0,1.0,8.0,0.0,0.0,0.0,0.0,0.0,5.0,0.0,0.0,0.0,0.0,0.0,14.0,0.0,12,18.990571428571428,110.97182010989016,15.700147379656578,0.6232882398276168,0.18637,0.0060104773999999,5.0,-0.2420076923076923,0.023677886702564,13.0,0.2265527777777778,0.0187855844212418,18.0,1.82298379851411,0.4811976436226308,0.1271288191936575,0.0240240217515426,19.377392075225337,0.6684218587323578,0
INTS3,3129.0,1.0,0.0,0.0,0.0,0.0,1.0,0.0,0.0,1.0,0.0,0.0,0.0,1.0,1.0,1.0,1.0,1687837.0,175.0,0.03348986,0.0002610035759117,54.0,0.0,0.0,0.0,0.0,0.0,0.0,0.0,0.0,0.0,0.0,0.0,0.0,0.0,0.0,0.0,0.0,0.0,0.0,1.0,0.0,0.0,0.0,0.0,0.0,1.0,0.0,1,11.1,0.0,24.63322774881976,0.0450093806417145,0.3654261111111111,0.0502930076073015,36.0,-0.2644634616655457,0.0303176280047028,6.973492945703292,0.3654261111111111,0.0502930076073015,36.0,3.695463117021175,0.0020907193775088,0.0230255187039563,0.0020070751711464,24.9287021835828,0.2497833126755161,0
TRBV7-1,1938.063189568706,0.2347823368159056,0.0588042809393831,0.0136739047332758,0.6428256089742431,0.0009967886749183,0.99921532758391,0.0449804735941721,0.0033157494150929,0.9672006894641492,0.0016176455279269,1.717432076540993,2.096642384650469,0.8335989392433482,0.997473344569529,0.4969541694496251,0.7351606138763213,628546.7170199985,454.053337718543,0.0191374513533432,0.0001285428746511,20.76342360414577,0.0,0.0,0.0,0.0,0.0,0.0,0.0,0.0,0.0,0.0,0.0,0.0,0.0,0.0,0.0,1.0,0.0,0.0,0.0,0.0,0.0,0.0,0.0,0.0,1.0,0.0,1,11.47,0.0,22.487509290002507,0.3013711308299261,0.2521597143758343,0.0288347392278441,12.438422023182298,-0.2644634616655457,0.0303176280047028,6.973492945703292,0.2695940890589254,0.0322971464262917,18.874868282402527,2.871323642994052,0.1199912938338458,0.1188333680141596,0.0062740973822558,20.34292408279301,0.5862452864257927,0
TENT5D,1938.063189568706,0.2347823368159056,0.0588042809393831,0.0136739047332758,0.6428256089742431,0.0009967886749183,0.99921532758391,0.0449804735941721,0.0033157494150929,0.9672006894641492,0.0016176455279269,1.717432076540993,2.096642384650469,0.8335989392433482,0.997473344569529,0.4969541694496251,0.7351606138763213,628546.7170199985,454.053337718543,0.0191374513533432,0.0001285428746511,20.76342360414577,0.0,0.0,0.0,0.0,0.0,0.0,0.0,0.0,0.0,0.0,0.0,0.0,4.0,0.0,0.0,0.0,0.0,0.0,0.0,0.0,0.0,0.0,0.0,0.0,4.0,0.0,3,17.17925,137.5232089166667,22.487509290002507,0.3013711308299261,0.2521597143758343,0.0288347392278441,12.438422023182298,-0.2644634616655457,0.0303176280047028,6.973492945703292,0.2695940890589254,0.0322971464262917,18.874868282402527,2.871323642994052,0.1199912938338458,0.1188333680141596,0.0062740973822558,20.34292408279301,0.5862452864257927,0
AC007342.3,1938.063189568706,0.2347823368159056,0.0588042809393831,0.0136739047332758,0.6428256089742431,0.0009967886749183,0.99921532758391,0.0449804735941721,0.0033157494150929,0.9672006894641492,0.0016176455279269,1.717432076540993,2.096642384650469,0.8335989392433482,0.997473344569529,0.4969541694496251,0.7351606138763213,628546.7170199985,454.053337718543,0.0191374513533432,0.0001285428746511,20.76342360414577,0.0,0.0,0.0,0.0,0.0,0.0,0.0,0.0,0.0,0.0,0.0,0.0,0.0,0.0,0.0,1.0,0.0,0.0,0.0,0.0,0.0,0.0,0.0,0.0,1.0,0.0,1,4.163,0.0,22.487509290002507,0.3013711308299261,0.2521597143758343,0.0288347392278441,12.438422023182298,-0.2644634616655457,0.0303176280047028,6.973492945703292,0.2695940890589254,0.0322971464262917,18.874868282402527,2.871323642994052,0.1199912938338458,0.1188333680141596,0.0062740973822558,20.34292408279301,0.5862452864257927,0
KLHL12,1707.0,0.0,0.0,0.0,0.5,0.0,1.0,0.5,0.0,1.0,0.0,1.0,2.0,1.0,1.0,0.3055300947143293,0.6677992653587056,422793.5,318.0,0.02781154,0.0003700327837955,51.0,0.0,0.0,0.0,0.0,0.0,0.0,1.0,0.0,0.0,0.0,0.0,0.0,1.0,0.0,0.0,0.0,0.0,0.0,0.0,0.0,0.0,1.0,0.0,0.0,1.0,0.0,2,32.0,0.0,19.94122749591855,0.0491810305099433,0.3915290909090909,0.0427136902460227,33.0,-0.2748,0.0303176280047028,1.0,0.3880958823529411,0.0418200913098039,34.0,3.5796710399700995,0.0023350811393631,0.0243802439292664,2.32674519132491e-05,20.34292408279301,0.5862452864257927,0
ANKRD35,3006.0,0.5,0.0,0.0,0.5,0.0,1.0,0.0,0.0,1.0,0.0,0.75,0.75,1.0,1.0,0.4651162790697674,0.821147833553289,628464.2070903856,454.1716887539794,0.0191206869507081,0.0,1.0,0.0,0.0,0.0,0.0,0.0,0.0,0.0,0.0,0.0,0.0,0.0,0.0,6.0,0.0,0.0,0.0,0.0,0.0,0.0,0.0,0.0,0.0,0.0,0.0,6.0,0.0,5,15.763333333333334,0.7526333333333334,24.06099766612696,0.4117575049135835,0.3950678125,0.0574600063337701,32.0,-0.2644634616655457,0.0303176280047028,6.973492945703292,0.3950678125,0.0574600063337701,32.0,3.06980482891742,0.0783326775549029,0.0401816537474927,0.0006782022604926,21.8088035610816,0.5474254052562939,0
PBRM1,4749.0,0.2222222222222222,0.3333333333333333,0.0,0.4444444444444444,0.0,1.0,0.0,0.0,0.8333333333333335,0.0,1.3333333333333333,2.333333333333333,0.0729341404711545,1.0,0.800640512409928,0.9786575109234912,1217701.0,231.0,0.04747089,0.0001595952213263,36.0,0.0,0.0,0.0,0.0,0.0,0.0,0.0,0.0,0.0,0.0,0.0,0.0,4.0,3.0,0.0,0.0,0.0,0.0,2.0,0.0,0.0,0.0,0.0,0.0,9.0,0.0,4,26.93777777777778,100.10101944444445,25.03960001724748,0.0695796188663876,0.4023799999999999,0.1065440562923077,12.0,-0.4762079999999999,0.1040002711199999,5.0,0.4218084210526315,0.1011752709362573,17.0,3.7274619516936416,0.0010741167598694,0.0167085806396721,5.398712811235234e-06,25.78433738622716,0.1979097204405353,0
TMEM131,5652.0,0.375,0.0,0.0,0.375,0.0,1.0,0.25,0.0,0.9166666666666666,0.0,0.75,1.25,1.0,1.0,0.9416195856873822,0.9982616975703832,362239.2,708.0,0.03634707,1.8536490319330463e-05,8.0,0.0,0.0,0.0,0.0,0.0,0.0,2.0,0.0,0.0,0.0,0.0,0.0,3.0,0.0,0.0,0.0,0.0,0.0,3.0,0.0,0.0,2.0,0.0,0.0,6.0,0.0,6,13.816166666666666,36.47734576666666,23.794554539101515,0.1269967271546328,0.2850042857142857,0.0217289695340659,14.0,-0.2644634616655457,0.0303176280047028,6.973492945703292,0.2850042857142857,0.0217289695340659,14.0,3.682049529550905,0.0021581710394661,0.0737286558066161,0.0001725790922493,22.5723087922454,0.1323168777552248,0
LSM3,309.0,0.0,0.0,0.0,1.0,0.0,1.0,0.0,0.0,1.0,0.0,1.0,1.0,1.0,1.0,0.2928257686676428,0.6524677871223291,303635.4,258.0,0.03864811,0.0001413590744994,44.0,0.0,0.0,0.0,0.0,0.0,0.0,0.0,0.0,0.0,0.0,0.0,0.0,1.0,0.0,0.0,0.0,0.0,0.0,0.0,0.0,0.0,0.0,0.0,0.0,1.0,0.0,1,23.7,0.0,25.07087872893453,0.1938167428649475,0.225119,0.0093523711655555,10.0,-0.27231,0.0217146997999999,7.0,0.2445505882352941,0.0139768437558823,17.0,3.416281243930704,0.0027781505393475,0.0374820045000507,0.0022238895029807,20.34292408279301,0.5862452864257927,0
ZNF131,1770.0,1.0,0.0,0.0,0.0,0.0,1.0,0.0,0.0,1.0,0.0,0.0,0.0,1.0,1.0,1.0,1.0,506232.1,537.0,0.02084827,6.190228680295148e-06,14.0,0.0,0.0,0.0,0.0,0.0,0.0,0.0,0.0,0.0,0.0,0.0,0.0,0.0,0.0,0.0,0.0,0.0,0.0,2.0,0.0,0.0,0.0,0.0,0.0,2.0,0.0,2,10.026,11.848712000000004,21.33637332742744,0.054810917691502,0.2543955555555555,0.0304593380277777,9.0,-0.197385,0.0028222584499999,2.0,0.2440299999999999,0.0251815477399999,11.0,3.4934519001370896,0.0016555392965447,0.0282396018563977,4.2679943884209e-05,16.985125734452794,0.4343156441624878,0
CGRRF1,999.0,0.5,0.0,0.0,0.0,0.0,1.0,0.5,0.0,1.0,0.0,0.0,0.5,1.0,1.0,1.0,1.0,559595.7,348.0,0.03362173,0.0001508178174082,21.0,0.0,0.0,0.0,0.0,0.0,0.0,0.0,1.0,0.0,0.0,0.0,0.0,0.0,0.0,0.0,0.0,0.0,0.0,1.0,0.0,0.0,0.0,0.0,1.0,1.0,0.0,2,4.543,0.0,18.975399071071408,0.0712319674713743,0.2157827272727273,0.0103575222018181,11.0,-0.2133533333333333,0.0103578282333333,3.0,0.2152621428571429,0.0095619069412087,14.0,3.1723140464729584,0.0026057900959812,0.0774546239380988,0.0001784947457704,20.34292408279301,0.5862452864257927,0
SIVA1,528.0,0.0,0.0,0.0,1.0,0.0,1.0,0.0,0.0,1.0,0.0,2.0,2.0,1.0,1.0,0.2054231717337716,0.5305429694176831,711772.2,247.0,0.03599851,0.000194968042888,26.0,0.0,0.0,0.0,0.0,0.0,0.0,0.0,0.0,0.0,0.0,0.0,1.0,2.0,0.0,0.0,0.0,0.0,0.0,0.0,0.0,0.0,0.0,0.0,0.0,3.0,0.0,3,20.08666666666667,58.15663333333334,21.089452531066144,0.3225121718752917,0.281435,0.0346103234636363,12.0,-0.234696,0.0121698911299999,5.0,0.2676882352941176,0.0273189526904411,17.0,3.427273347662053,0.0037805675295307,0.0719800016011216,0.0040808604504961,20.34292408279301,0.5862452864257927,0
SLC37A4,1356.0,0.0,0.0,0.0,1.0,0.0,1.0,0.0,0.0,1.0,0.0,2.0,2.0,1.0,1.0,0.8116883116883117,0.9810380398630908,1424132.0,180.0,0.05657461,0.0,1.0,0.0,0.0,0.0,0.0,0.0,0.0,0.0,0.0,0.0,0.0,0.0,0.0,2.0,0.0,0.0,0.0,0.0,0.0,0.0,0.0,0.0,0.0,0.0,0.0,2.0,0.0,2,14.78,26.20879999999999,21.841689007037047,0.1798941448145185,0.1573842857142857,0.0029366500285714,7.0,-0.2262757142857142,0.0105053930619047,7.0,0.19183,0.0074817969076923,14.0,3.404619480153759,0.0032880252864897,0.0316743778694064,0.0045989841169196,20.34292408279301,0.5862452864257927,0
CMIP,2322.0,0.4,0.0,0.0,0.6,0.0,1.0,0.0,0.0,1.0,0.0,1.0,1.0,1.0,1.0,0.5500550055005501,0.8788432319886068,334491.7,428.0,0.02060925,1.3955213685405688e-07,3.0,0.0,0.0,0.0,0.0,0.0,0.0,0.0,0.0,0.0,0.0,0.0,0.0,3.0,0.0,0.0,0.0,0.0,0.0,2.0,0.0,0.0,0.0,0.0,0.0,5.0,0.0,5,19.1714,56.721014800000006,22.37411026472726,0.0801422214321063,0.1617814285714285,0.0030941937809523,7.0,-0.389046923076923,0.0428626166564102,13.0,0.309504,0.0404169613305263,20.0,3.4506574281849858,0.0043370690223004,0.0202577751047266,2.918261331079457e-05,22.33901496668604,0.874499068954629,0
YBX1,975.0,0.0,0.0,0.0,1.0,0.0,1.0,0.0,0.0,1.0,0.0,1.0,1.0,1.0,1.0,0.4496402877697841,0.8090410865055467,650376.2,461.0,0.02143114,0.0005618769685901,158.0,0.0,0.0,0.0,0.0,0.0,0.0,0.0,0.0,0.0,0.0,0.0,0.0,1.0,0.0,0.0,0.0,0.0,0.0,0.0,0.0,0.0,0.0,0.0,0.0,1.0,0.0,1,26.3,0.0,27.73452421116112,0.0829525602329071,0.2941607692307691,0.0654264680410256,13.0,-0.1697975,0.0024584312249999,4.0,0.2648988235294117,0.0524875847610294,17.0,3.848182171439326,0.0012909162604909,0.0351413790087934,0.0033888792497147,27.45426528304833,0.2527608652942374,0
HEBP2,618.0,0.5,0.0,0.0,0.0,0.0,1.0,0.5,0.0,1.0,0.0,0.0,0.5,1.0,1.0,1.0,1.0,421772.7,590.0,0.01855089,1.7656207044822538e-07,4.0,0.0,0.0,0.0,0.0,0.0,0.0,1.0,0.0,0.0,0.0,0.0,1.0,0.0,0.0,0.0,0.0,0.0,0.0,1.0,0.0,0.0,1.0,0.0,0.0,2.0,0.0,3,5.9055,9.120720500000004,27.071921571349414,0.1382755971386799,0.1883271428571429,0.0030535803238095,7.0,-0.2273075,0.0186695266916666,4.0,0.2025018181818181,0.0078197799363636,11.0,3.6196984937231047,0.002039031170723,0.0741535371511543,0.0003641044043226,20.543508988032364,0.2592055139117106,0
ARF1,546.0,0.0,0.0,0.0,1.0,0.0,1.0,0.0,0.0,1.0,0.0,2.0,2.0,1.0,1.0,0.625,0.9187522682785848,702621.2,391.0,0.004712539,0.0006830671235435,80.0,0.0,0.0,0.0,0.0,0.0,0.0,0.0,0.0,0.0,0.0,0.0,0.0,2.0,0.0,0.0,0.0,0.0,0.0,0.0,0.0,0.0,0.0,0.0,0.0,2.0,0.0,2,22.65,0.0049999999999996,22.65450448635148,0.340622131797912,0.3992924242424241,0.0434240985439393,33.0,-0.2644634616655457,0.0303176280047028,6.973492945703292,0.3992924242424241,0.0434240985439393,33.0,3.8119750726994974,0.0010432548803819,0.0355182306821489,0.0022664237046647,20.34292408279301,0.5862452864257927,0
ZBTB16,2022.0,0.0,0.0,0.0,1.0,0.0,1.0,0.0,0.0,1.0,0.0,4.0,4.0,1.0,1.0,0.0337461613741436,0.1481081431240359,162786.7,529.0,-0.0058536469999999,0.0009957721761199,119.0,0.0,0.0,0.0,0.0,0.0,0.0,0.0,0.0,0.0,0.0,0.0,0.0,4.0,0.0,0.0,0.0,0.0,0.0,0.0,0.0,0.0,0.0,0.0,0.0,4.0,0.0,4,28.425,15.962499999999991,19.46823115971724,0.4111317967086976,0.1573614285714285,0.0029373301809523,7.0,-0.25278875,0.0146297491267857,8.0,0.208256,0.0110020966685714,15.0,2.728239746445393,0.2132435536704353,0.1163490332872232,0.0093661519535112,21.368074597245304,1.495848734445799,0
FAM111B,2205.0,0.4285714285714285,0.0,0.0,0.5714285714285714,0.0,1.0,0.0,0.0,1.0,0.0,1.0,1.0,1.0,1.0,0.8849557522123894,0.9931129493134948,437114.2,741.0,-0.006484056,4.063508220425672e-06,4.0,0.0,0.0,0.0,0.0,0.0,0.0,0.0,0.0,0.0,0.0,0.0,0.0,4.0,0.0,0.0,0.0,0.0,0.0,3.0,0.0,0.0,0.0,0.0,0.0,7.0,0.0,5,4.040142857142857,25.05698580952381,19.84960199333664,0.4477041672846407,0.2219971428571428,0.0113018604238095,7.0,-0.2939428571428572,0.0186675837238095,7.0,0.25797,0.0152256396307692,14.0,3.263800618995119,0.0297873254022783,0.0243186717395339,2.5138482370887376e-05,20.34292408279301,0.5862452864257927,0
TMEM63A,2424.0,0.1666666666666666,0.0,0.1666666666666666,0.6666666666666666,0.0,1.0,0.0,0.0,1.0,0.0,2.0,2.5,0.2098635886673662,1.0,0.1182592242194891,0.3707280331797464,924498.8,239.0,0.007713805,3.3028548845175657e-07,3.0,0.0,0.0,0.0,0.0,0.0,0.0,0.0,0.0,0.0,0.0,0.0,0.0,4.0,0.0,0.0,0.0,0.0,0.0,1.0,1.0,0.0,0.0,0.0,0.0,6.0,0.0,6,21.166666666666668,142.15566666666666,24.047139557194043,0.3581266860181374,0.3796475757575756,0.0435741335314393,33.0,-0.2644634616655457,0.0303176280047028,6.973492945703292,0.3796475757575756,0.0435741335314393,33.0,3.6553831243233534,0.0055136171796968,0.0257082476268482,3.0260505947836976e-05,20.41390124711919,0.507751008812035,0
PI4K2A,1440.0,0.6666666666666666,0.0,0.0,0.3333333333333333,0.0,1.0,0.0,0.0,1.0,0.0,0.3333333333333333,0.3333333333333333,1.0,1.0,0.6426735218508998,0.9268113276068124,514755.2,143.0,0.05408804,5.751405272193648e-05,11.0,0.0,0.0,0.0,0.0,0.0,0.0,0.0,0.0,0.0,0.0,0.0,0.0,1.0,0.0,0.0,0.0,0.0,0.0,2.0,0.0,0.0,0.0,0.0,0.0,3.0,0.0,3,18.282333333333334,144.68966633333332,20.94852566069721,0.1952547349928903,0.284097037037037,0.0186376209062678,27.0,-0.1599533333333333,0.0024342847866666,6.0,0.2615254545454545,0.0178877126068181,33.0,3.4269777736100844,0.0018937669911589,0.0217437598809795,1.2294834739246203e-05,24.01424021281575,0.1530161603022569,0
USP17L15,1680.0,0.0,0.0,0.0,0.5,0.0,1.0,0.5,0.0,1.0,0.0,1.0,2.0,1.0,1.0,0.3878975950349108,0.7552420110616741,628464.2070903856,454.1716887539794,0.0191206869507081,0.0,0.0,0.0,0.0,0.0,0.0,0.0,0.0,1.0,0.0,0.0,0.0,0.0,0.0,1.0,0.0,0.0,0.0,0.0,0.0,0.0,0.0,0.0,1.0,0.0,0.0,1.0,0.0,2,15.72,0.0,22.487509290002507,0.3013711308299261,0.2521597143758343,0.0288347392278441,12.438422023182298,-0.2644634616655457,0.0303176280047028,6.973492945703292,0.2695940890589254,0.0322971464262917,18.874868282402527,2.8334514897358622,0.3461156125149953,0.1188333680141596,0.0062740973822558,20.34292408279301,0.5862452864257927,0
GTDC1,1377.0,0.1111111111111111,0.0,0.0,0.6666666666666666,0.0,1.0,0.2222222222222222,0.0,0.9298966940476158,0.0,3.0,4.0,1.0,1.0,0.0766753565404079,0.2735910841106433,60793.38,692.0,0.01224903,0.0,1.0,0.0,0.0,0.0,0.0,0.0,0.0,1.0,1.0,0.0,0.0,0.0,0.0,6.0,0.0,0.0,0.0,0.0,0.0,1.0,0.0,0.0,1.0,0.0,1.0,7.0,0.0,7,22.588142857142856,77.86233414285716,21.368091566495565,0.1219415729759095,0.2750184615384615,0.0137531065641025,13.0,-0.2644634616655457,0.0303176280047028,6.973492945703292,0.2750184615384615,0.0137531065641025,13.0,3.493198132726336,0.0012987715940845,0.0361798192708995,6.533697625381306e-05,20.34292408279301,0.5862452864257927,0
ZNF496,1764.0,0.5,0.0,0.0,0.0,0.0,1.0,0.5,0.0,0.75,0.0,0.0,0.6666666666666666,1.0,1.0,1.0,1.0,628464.2070903856,454.1716887539794,0.0191206869507081,4.872130618568482e-05,25.0,0.0,0.0,0.0,0.0,0.0,0.0,0.0,2.0,0.0,0.0,0.0,0.0,0.0,0.0,0.0,0.0,0.0,0.0,2.0,0.0,0.0,0.0,0.0,2.0,2.0,0.0,4,8.769,32.65936200000001,18.985738063750187,0.1532388968644198,0.3862121212121211,0.0450313242484848,33.0,-0.2644634616655457,0.0303176280047028,6.973492945703292,0.3862121212121211,0.0450313242484848,33.0,3.530868614430485,0.0032295612568132,0.0602301001542619,0.0001692426164052,19.65432329877437,0.3490546568413248,0
CCDC170,2148.0,0.3333333333333333,0.0,0.0,0.0,0.0,1.0,0.6666666666666666,0.0,0.5793801642856949,0.0,0.0,1.0,1.0,1.0,1.0,1.0,301604.8,535.0,0.006937005,2.5863874083421402e-08,2.0,0.0,0.0,0.0,0.0,0.0,0.0,1.0,1.0,0.0,0.0,0.0,0.0,0.0,0.0,0.0,0.0,0.0,0.0,1.0,0.0,0.0,1.0,0.0,1.0,1.0,0.0,3,0.606,0.0,23.5746305907868,0.8236211974937365,0.3666081818181819,0.1765414288563636,11.0,-0.30887,0.0500291712,2.0,0.3577253846153845,0.1517570918269231,13.0,3.396310565843566,0.0591487149483283,0.1104783728857909,0.0019721774036841,17.486557864405665,0.4834029594531934,0
ZFYVE16,4620.0,0.0,0.1666666666666666,0.0,0.8333333333333334,0.0,1.0,0.0,0.0,1.0,0.0,5.0,6.0,0.6468305304010349,1.0,0.5717552887364208,0.8913917644576701,318922.2,590.0,0.03294174,2.762906711057904e-06,6.0,0.0,0.0,0.0,0.0,0.0,0.0,0.0,0.0,0.0,0.0,0.0,0.0,5.0,1.0,0.0,0.0,0.0,0.0,0.0,0.0,0.0,0.0,0.0,0.0,6.0,0.0,4,22.62,118.02996,24.619089485923222,0.0343535930613273,0.171176,0.0014320615799999,5.0,-0.3005727272727272,0.0153906124618181,11.0,0.26013625,0.014479346465,16.0,3.696664511871616,0.0013757815793115,0.0513263073014955,8.802674778288794e-05,23.52625952279571,0.1376756634981712,0
TAGLN,606.0,0.0,0.0,0.0,1.0,0.0,1.0,0.0,0.0,1.0,0.0,1.0,1.0,1.0,1.0,0.0527815897814842,0.2080435357042828,426428.5,228.0,0.04589139,4.466507927084335e-05,50.0,0.0,0.0,0.0,0.0,0.0,0.0,0.0,0.0,0.0,0.0,0.0,0.0,1.0,0.0,0.0,0.0,0.0,0.0,0.0,0.0,0.0,0.0,0.0,0.0,1.0,0.0,1,28.5,0.0,30.87190413561266,0.8537533786000207,0.20249,0.0158433494666666,7.0,-0.25278875,0.0146297491267857,8.0,0.229316,0.0147795386114285,15.0,3.679366098865036,0.0371523565142679,0.1188333680141596,0.0062740973822558,26.38656752266936,1.2839477814819618,0
KLF7,909.0,0.3333333333333333,0.0,0.0,0.6666666666666666,0.0,1.0,0.0,0.0,1.0,0.0,1.0,1.0,1.0,1.0,0.2775464890369137,0.6332963729575233,207001.6,598.0,0.01990996,0.0,2.0,0.0,0.0,0.0,0.0,0.0,0.0,0.0,0.0,0.0,0.0,0.0,0.0,2.0,0.0,0.0,0.0,0.0,0.0,1.0,0.0,0.0,0.0,0.0,0.0,3.0,0.0,3,25.016666666666666,107.79083333333332,22.487509290002507,0.3013711308299261,0.3335990909090909,0.0433885215690909,11.0,-0.42087,0.0303176280047028,1.0,0.3408716666666667,0.0400787948151515,12.0,3.450437780380808,0.0079657948194257,0.093107418707329,0.0002550906486381,20.34292408279301,0.5862452864257927,0
LILRB3,1938.063189568706,0.2347823368159056,0.0588042809393831,0.0136739047332758,0.6428256089742431,0.0009967886749183,0.99921532758391,0.0449804735941721,0.0033157494150929,0.9672006894641492,0.0016176455279269,1.717432076540993,2.096642384650469,0.8335989392433482,0.997473344569529,0.4969541694496251,0.7351606138763213,628546.7170199985,454.053337718543,0.0191374513533432,0.0001285428746511,20.76342360414577,0.0,0.0,0.0,0.0,0.0,0.0,0.0,0.0,0.0,0.0,0.0,0.0,1.0,1.0,0.0,0.0,0.0,0.0,0.0,0.0,0.0,0.0,0.0,0.0,2.0,0.0,2,22.92,130.57279999999997,17.11197378064294,0.4789401818117919,0.336684,0.0564049408488888,10.0,-0.2359342857142857,0.0048078203619047,7.0,0.2951988235294118,0.0361429741610294,16.0,3.041574337414762,0.0137227160830284,0.1188333680141596,0.0062740973822558,21.19150932774385,0.639535043422544,0
SLC27A2,1863.0,0.0,0.25,0.0,0.75,0.0,1.0,0.0,0.0,1.0,0.0,3.0,4.0,0.1616553507921112,1.0,0.1728608470181503,0.4762780225835159,308505.6,282.0,0.0006148992,3.4471755332065404e-05,18.0,0.0,0.0,0.0,0.0,0.0,0.0,0.0,0.0,0.0,0.0,0.0,0.0,3.0,1.0,0.0,0.0,0.0,0.0,0.0,0.0,0.0,0.0,0.0,0.0,4.0,0.0,4,28.8225,88.98069166666666,22.809846115561523,0.624325070671021,0.1734775,0.0008517544916666,4.0,-0.2398661538461538,0.0058556807923076,13.0,0.2242452941176471,0.0053940659389705,17.0,3.078876369173643,0.0582468985260507,0.0225711065103992,1.8252436546605828e-05,16.10063616469663,0.7083001570841753,0
MGARP,723.0,0.0,0.0,0.0,1.0,0.0,1.0,0.0,0.0,1.0,0.0,2.0,2.0,1.0,1.0,0.3827018752391887,0.7502866385528034,384150.8,208.0,0.02424669,0.0,1.0,0.0,0.0,0.0,0.0,0.0,0.0,0.0,0.0,0.0,0.0,0.0,0.0,2.0,0.0,0.0,0.0,0.0,0.0,0.0,0.0,0.0,0.0,0.0,0.0,2.0,0.0,2,16.8,40.5,20.205000901553188,0.6004727960183207,0.1697499999999999,0.0025743892,3.0,-0.2652853333333333,0.0160497952409523,15.0,0.2493627777777778,0.0148625536212418,18.0,2.24407560980375,0.1818584138599083,0.1452612425403763,0.0192818803525769,20.34292408279301,0.5862452864257927,0
NDFIP2,1011.0,0.0,0.0,0.0,1.0,0.0,1.0,0.0,0.0,1.0,0.0,1.0,1.0,1.0,1.0,0.4405286343612335,0.801665124005864,154293.8,370.0,0.0495932,5.469611579296141e-05,16.0,0.0,0.0,0.0,0.0,0.0,0.0,0.0,0.0,0.0,0.0,0.0,0.0,1.0,0.0,0.0,0.0,0.0,0.0,0.0,0.0,0.0,0.0,0.0,0.0,1.0,0.0,1,20.3,0.0,12.788859723383126,0.8186729508609086,0.189291,0.0063246709877777,10.0,-0.26119,0.04275888842,11.0,0.2269523809523809,0.0255794539690476,21.0,3.4929080956550704,0.003811582326227,0.0633357652773779,0.0001788374572328,13.102339210865685,1.210916328296905,0
PATZ1,1938.063189568706,0.2347823368159056,0.0588042809393831,0.0136739047332758,0.6428256089742431,0.0009967886749183,0.99921532758391,0.0449804735941721,0.0033157494150929,0.9672006894641492,0.0016176455279269,1.717432076540993,2.096642384650469,0.8335989392433482,0.997473344569529,0.4969541694496251,0.7351606138763213,628546.7170199985,454.053337718543,0.0191374513533432,0.0001285428746511,20.76342360414577,0.0,1.0,0.0,0.0,0.0,0.0,0.0,0.0,0.0,0.0,0.0,0.0,0.0,0.0,0.0,0.0,0.0,0.0,0.0,0.0,0.0,0.0,0.0,0.0,1.0,0.0,1,20.7,0.0,22.535582020176715,0.1297961154114264,0.19899,0.0040536807142857,8.0,-0.2537183333333333,0.0058177489242424,12.0,0.231827,0.0056183114431578,20.0,3.5612021771331257,0.0030115168915715,0.0517106116152612,8.696918324944473e-05,21.16993327718896,0.408605607651601,0
WNT16,1098.0,0.2,0.0,0.0,0.6,0.0,1.0,0.2,0.0,1.0,0.0,1.5,2.0,1.0,1.0,0.4401408450704225,0.8013470514343772,97500.92,535.0,-0.01418525,0.0,1.0,0.0,0.0,0.0,0.0,0.0,0.0,1.0,0.0,0.0,0.0,0.0,0.0,3.0,0.0,0.0,0.0,0.0,0.0,0.0,1.0,0.0,1.0,0.0,0.0,4.0,0.0,4,20.655,70.77929999999999,17.27264564721316,0.7409943483671683,0.278502857142857,0.0182086868114285,21.0,-0.1935875,0.0022621734916666,4.0,0.2649163999999999,0.0164661638656666,25.0,2.45402584564824,0.1655055865476225,0.1188333680141596,0.0062740973822558,20.34292408279301,0.5862452864257927,0
OR51A7,939.0,0.0,0.3333333333333333,0.0,0.6666666666666666,0.0,1.0,0.0,0.0,1.0,0.0,2.0,3.0,0.3473428273706148,1.0,0.2978850163836759,0.6586379857008932,65798.08,1006.0,-0.01475819,0.0,0.0,1.0,0.0,0.0,0.0,0.0,0.0,0.0,0.0,0.0,0.0,0.0,0.0,2.0,1.0,0.0,0.0,0.0,0.0,0.0,0.0,0.0,0.0,0.0,0.0,4.0,0.0,2,23.52,142.06159999999997,22.487509290002507,0.3013711308299261,0.192542,0.0107231766199999,5.0,-0.2597753846153846,0.0136212447435897,13.0,0.2410994444444445,0.013098297064379,18.0,0.2761833875722739,0.3637978057011066,0.1188333680141596,0.0062740973822558,20.34292408279301,0.5862452864257927,0
FAM47E,1182.0,0.0,0.0,0.0,1.0,0.0,1.0,0.0,0.0,1.0,0.0,1.0,1.0,1.0,1.0,0.0263345008295367,0.1221097985639043,628464.2070903856,454.1716887539794,0.0191206869507081,0.0,0.0,0.0,0.0,0.0,0.0,0.0,0.0,0.0,0.0,0.0,0.0,0.0,1.0,1.0,0.0,0.0,0.0,0.0,0.0,1.0,0.0,0.0,0.0,0.0,0.0,3.0,0.0,3,9.477,157.132899,22.487509290002507,0.3013711308299261,0.2721916666666666,0.0636390959366666,6.0,-0.2129959999999999,0.0151672669155555,10.0,0.235194375,0.0311894238662499,16.0,3.422634464093342,0.0068511825538527,0.0362373994872047,0.0062898096189775,20.34292408279301,0.5862452864257927,0
RPL3L,1224.0,0.2,0.2,0.0,0.6,0.0,1.0,0.0,0.0,1.0,0.0,1.5,2.0,0.4045307443365696,1.0,0.4816955684007707,0.8335467077570531,1756887.0,183.0,0.04239308,5.890250299764446e-06,38.0,0.0,0.0,0.0,0.0,0.0,0.0,0.0,0.0,0.0,0.0,0.0,0.0,3.0,1.0,0.0,0.0,0.0,0.0,1.0,0.0,0.0,0.0,0.0,0.0,5.0,0.0,4,23.616,197.42128,17.91282741209406,0.2234473276088647,0.1974127272727273,0.0089516240418181,11.0,-0.2020357142857143,0.0073555410285714,7.0,0.1992105555555555,0.0078671124290849,18.0,2.076612559580086,0.119625861141611,0.1188333680141596,0.0062740973822558,20.34292408279301,0.5862452864257927,0
TCL1B,387.0,0.0,0.0,0.0,1.0,0.0,1.0,0.0,0.0,1.0,0.0,2.0,2.0,1.0,1.0,0.113314447592068,0.3600666972033269,256626.9,582.0,0.03039916,0.0001526476721769,30.0,0.0,0.0,0.0,0.0,0.0,0.0,0.0,0.0,0.0,0.0,0.0,0.0,2.0,0.0,0.0,0.0,0.0,0.0,0.0,0.0,0.0,0.0,0.0,0.0,2.0,0.0,2,9.5825,108.26561250000002,22.487509290002507,0.3013711308299261,0.2081118181818182,0.0093367305963636,11.0,-0.234696,0.0121698911299999,5.0,0.216419375,0.0096317477395833,16.0,0.2842543524798495,0.5180358196111129,0.1188333680141596,0.0062740973822558,20.34292408279301,0.5862452864257927,0
THRAP3,2868.0,0.125,0.25,0.0,0.5,0.0,1.0,0.125,0.0,0.8018796874098554,0.0,2.0,3.5,0.3881987577639752,1.0,0.6963788300835655,0.9483714976504404,742773.5,170.0,0.03146355,0.0003103012290152,104.0,0.0,0.0,0.0,0.0,0.0,0.0,1.0,0.0,0.0,0.0,0.0,0.0,4.0,2.0,0.0,0.0,0.0,0.0,1.0,0.0,0.0,1.0,0.0,0.0,7.0,0.0,6,26.885428571428573,159.57121961904758,27.150687525588097,0.0286045005546014,0.1998211111111111,0.0082435068861111,9.0,-0.230202,0.01840213547,5.0,0.2106714285714286,0.0109633367362637,14.0,3.7678885709475214,0.0003903386784764,0.0219482575277823,1.396825709923112e-05,30.23539502470277,0.0533293824114625,0
PDE1A,1650.0,0.25,0.0,0.0,0.75,0.0,1.0,0.0,0.0,0.75,0.0,1.5,1.5,1.0,1.0,0.0494853523357086,0.1982422093036488,359827.7,401.0,-0.004956785,1.68268708654033e-05,3.0,0.0,0.0,0.0,0.0,0.0,0.0,0.0,0.0,0.0,0.0,0.0,0.0,3.0,0.0,0.0,0.0,0.0,0.0,1.0,0.0,0.0,0.0,0.0,0.0,4.0,0.0,4,25.08475,140.33633024999995,16.18581350998385,0.3244079621737271,0.285619,0.0166873428322222,10.0,-0.2644634616655457,0.0303176280047028,6.973492945703292,0.285619,0.0166873428322222,10.0,3.070327333907912,0.0448476703856528,0.1188333680141596,0.0062740973822558,20.34292408279301,0.5862452864257927,0
INPP5E,1935.0,0.25,0.0,0.0,0.75,0.0,1.0,0.0,0.0,1.0,0.0,1.5,1.5,1.0,1.0,0.6108735491753207,0.9119519232675612,1413299.0,233.0,0.04412388,0.0,0.0,0.0,0.0,0.0,0.0,0.0,0.0,0.0,0.0,0.0,0.0,0.0,0.0,3.0,0.0,0.0,0.0,0.0,0.0,1.0,0.0,0.0,0.0,0.0,0.0,4.0,0.0,4,13.79,120.70261933333336,16.40713449904998,0.1303201602041578,0.2521597143758343,0.0288347392278441,12.438422023182298,-0.2644634616655457,0.0303176280047028,6.973492945703292,0.2695940890589254,0.0322971464262917,18.874868282402527,3.246490310620286,0.0046358190230111,0.0358173266499059,0.0069079471501379,22.735506998975424,0.3768882712034335,0
ILKAP,1179.0,0.3333333333333333,0.3333333333333333,0.0,0.3333333333333333,0.0,1.0,0.0,0.0,1.0,0.0,0.5,1.0,0.3714710252600297,1.0,0.7993605115907274,0.9783718876776772,388990.5,248.0,0.02866457,6.188176143871001e-06,14.0,0.0,0.0,0.0,0.0,0.0,0.0,0.0,0.0,0.0,0.0,0.0,0.0,1.0,1.0,0.0,0.0,0.0,0.0,0.0,1.0,0.0,0.0,0.0,0.0,3.0,0.0,3,30.21,349.7583,25.24946782430877,0.0911895780231987,0.3190681818181817,0.0356734184763636,11.0,-0.27867,0.04158728,2.0,0.3128530769230769,0.0334236110897435,13.0,3.2796878323566427,0.0020089578939461,0.0296517047440427,6.27361809568425e-05,20.34292408279301,0.5862452864257927,0
SEMA4C,2502.0,0.2857142857142857,0.0,0.0,0.4285714285714285,0.0,1.0,0.2857142857142857,0.0,0.8982265179691364,0.0,1.0,1.6666666666666667,1.0,1.0,0.4391743522178305,0.8005528270011429,822597.5,392.0,0.04648036,8.178315486246229e-05,17.0,0.0,0.0,0.0,0.0,0.0,0.0,2.0,0.0,0.0,0.0,0.0,1.0,3.0,0.0,0.0,0.0,0.0,0.0,2.0,0.0,0.0,2.0,0.0,0.0,6.0,0.0,6,15.1385,99.30528149999998,23.022934371073173,0.2310256754307521,0.3169390909090909,0.0223252915690909,11.0,-0.2644634616655457,0.0303176280047028,6.973492945703292,0.3169390909090909,0.0223252915690909,11.0,3.5523424302423354,0.005357788107702,0.0903807011447794,0.0024830076887291,21.64920433204967,0.187364635277133,0
IRX2,1416.0,0.25,0.0,0.0,0.6875,0.0,1.0,0.0625,0.0,1.0,0.0,2.2,2.4,1.0,1.0,0.159693388693708,0.4526508500326114,18983.38,986.0,-0.02861149,0.0,1.0,0.0,0.0,0.0,0.0,0.0,0.0,1.0,0.0,0.0,0.0,0.0,0.0,11.0,0.0,0.0,0.0,0.0,0.0,4.0,0.0,0.0,1.0,0.0,0.0,15.0,0.0,12,19.823733333333333,53.85511363809525,22.487509290002507,0.3013711308299261,0.2622575,0.0341749102785714,8.0,-0.23397,0.0054265159,3.0,0.2545427272727272,0.0251823256818181,11.0,1.7510826363279235,0.5200147160930109,0.4929232321659128,0.0302466138519085,15.34005447729714,1.3682188973784724,0
ANKDD1A,1569.0,0.0,0.5,0.0,0.5,0.0,1.0,0.0,0.0,1.0,0.0,1.0,2.0,0.3027550711474417,1.0,0.657030223390276,0.9329995134293654,705778.8,185.0,0.05714064,0.0,1.0,0.0,0.0,0.0,0.0,0.0,0.0,0.0,0.0,0.0,0.0,0.0,0.0,1.0,1.0,0.0,0.0,0.0,0.0,0.0,0.0,0.0,0.0,0.0,0.0,2.0,0.0,2,31.75,55.125,22.958761799626945,0.8140965229305186,0.2419299999999999,0.01766611492,6.0,-0.2339858333333333,0.0066728691901515,12.0,0.2366338888888889,0.0095285044016339,18.0,2.979099703549473,0.0173277633391879,0.0919448141323648,0.0008038350988118,20.34292408279301,0.5862452864257927,0
PPCS,936.0,0.3333333333333333,0.0,0.0,0.6666666666666666,0.0,1.0,0.0,0.0,1.0,0.0,1.0,1.0,1.0,1.0,0.2101723413198823,0.5380049205297953,570561.8,583.0,0.02668618,0.0,2.0,0.0,0.0,0.0,0.0,0.0,0.0,0.0,0.0,0.0,0.0,0.0,0.0,2.0,0.0,0.0,0.0,0.0,0.0,1.0,0.0,0.0,0.0,0.0,0.0,3.0,0.0,3,20.54433333333333,121.5166963333333,26.02762163310056,0.1120951216990632,0.2956064285714285,0.0604229218401098,14.0,-0.1697975,0.0024584312249999,4.0,0.2676488888888888,0.0495362112457516,18.0,3.4950583540915665,0.0023364131508467,0.0851711344486991,0.003221228522989,17.781970288347427,0.2388447956040337,0
ASB14,1764.0,0.2,0.0,0.0,0.6,0.0,1.0,0.2,0.0,1.0,0.0,1.5,2.0,1.0,1.0,0.48828125,0.8383123570201472,399196.8,454.0,0.02868684,2.988490955988857e-06,20.0,0.0,0.0,0.0,0.0,0.0,0.0,1.0,0.0,0.0,0.0,0.0,1.0,3.0,0.0,0.0,0.0,0.0,0.0,1.0,0.0,0.0,1.0,0.0,0.0,5.0,0.0,6,19.7404,94.63166079999998,22.487509290002507,0.3013711308299261,0.207018,0.0059908853955555,10.0,-0.4629979999999999,0.0875659743199999,5.0,0.2923446666666666,0.0444715047980952,15.0,3.0012213524943885,0.0105545838240566,0.1188333680141596,0.0062740973822558,20.34292408279301,0.5862452864257927,0
MAP3K7CL,729.0,0.0,0.6666666666666666,0.3333333333333333,0.0,0.0,1.0,0.0,0.0,-0.0,0.0,0.0,3.0,0.00253,1.0,1.0,1.0,316263.1,146.0,0.07701022,1.5294649093973118e-06,6.0,0.0,0.0,0.0,0.0,0.0,0.0,0.0,0.0,0.0,0.0,0.0,0.0,0.0,2.0,0.0,0.0,0.0,0.0,0.0,1.0,0.0,0.0,0.0,0.0,3.0,0.0,3,35.333333333333336,8.33333333333333,16.76351177583501,0.4881257480921886,0.2504371428571428,0.0056759652904761,7.0,-0.2842333333333333,0.0196506463466666,6.0,0.2660353846153845,0.011333262626923,13.0,2.8632623505682133,0.0321893479937064,0.1188333680141596,0.0062740973822558,20.34292408279301,0.5862452864257927,0
ARRDC3,1245.0,0.5,0.0,0.0,0.5,0.0,1.0,0.0,0.0,1.0,0.0,0.5,0.5,1.0,1.0,0.5007511266900351,0.8470936677184167,51436.0,334.0,0.005277476,0.00011415782899,22.0,0.0,0.0,0.0,0.0,0.0,0.0,0.0,0.0,0.0,0.0,0.0,0.0,1.0,0.0,0.0,0.0,0.0,0.0,1.0,0.0,0.0,0.0,0.0,0.0,2.0,0.0,2,19.085,138.27845000000002,22.487509290002507,0.3013711308299261,0.171176,0.0014320615799999,5.0,-0.2992890909090909,0.0151113214290909,11.0,0.25925375,0.0142174016383333,16.0,3.775446605189581,0.005217711152727,0.1188333680141596,0.0062740973822558,15.177690956925112,0.6922677842365031,0
GUCA1C,630.0,0.0,0.2,0.0,0.8,0.0,1.0,0.0,0.0,1.0,0.0,4.0,5.0,0.6565988181221274,1.0,0.1154867767640605,0.3647764456017628,90728.46,971.0,-0.01457963,0.0,0.0,0.0,0.0,0.0,0.0,0.0,0.0,0.0,0.0,0.0,0.0,0.0,0.0,4.0,1.0,0.0,0.0,0.0,0.0,0.0,0.0,0.0,0.0,0.0,0.0,5.0,0.0,4,24.858,46.20932000000001,22.487509290002507,0.3013711308299261,0.2580293333333333,0.0091429381066666,15.0,-0.16948,0.0303176280047028,1.0,0.252495,0.0090234704266666,16.0,0.1810328925870934,0.2145271920105777,0.1188333680141596,0.0062740973822558,20.34292408279301,0.5862452864257927,0
AC008770.2,1938.063189568706,0.2347823368159056,0.0588042809393831,0.0136739047332758,0.6428256089742431,0.0009967886749183,0.99921532758391,0.0449804735941721,0.0033157494150929,0.9672006894641492,0.0016176455279269,1.717432076540993,2.096642384650469,0.8335989392433482,0.997473344569529,0.4969541694496251,0.7351606138763213,628546.7170199985,454.053337718543,0.0191374513533432,0.0001285428746511,20.76342360414577,0.0,0.0,0.0,0.0,0.0,0.0,0.0,0.0,0.0,0.0,0.0,2.0,0.0,0.0,0.0,0.0,0.0,0.0,0.0,0.0,0.0,0.0,0.0,0.0,2.0,0.0,2,14.8865,421.2833645,22.487509290002507,0.3013711308299261,0.2521597143758343,0.0288347392278441,12.438422023182298,-0.2644634616655457,0.0303176280047028,6.973492945703292,0.2695940890589254,0.0322971464262917,18.874868282402527,2.871323642994052,0.1199912938338458,0.1188333680141596,0.0062740973822558,20.34292408279301,0.5862452864257927,0
ARFGEF3,6534.0,0.4,0.1,0.0,0.5,0.0,1.0,0.0,0.0,1.0,0.0,1.0,1.2,0.3972983710766786,1.0,0.8237232289950577,0.983460208103218,341232.9,545.0,0.02148293,1.7992159557019025e-05,8.0,0.0,0.0,0.0,0.0,0.0,0.0,0.0,0.0,0.0,0.0,0.0,0.0,5.0,1.0,0.0,0.0,0.0,0.0,3.0,1.0,0.0,0.0,0.0,0.0,10.0,0.0,8,18.0838,167.16964417777777,22.487509290002507,0.3013711308299261,0.2521597143758343,0.0288347392278441,12.438422023182298,-0.2644634616655457,0.0303176280047028,6.973492945703292,0.2695940890589254,0.0322971464262917,18.874868282402527,2.871323642994052,0.1199912938338458,0.1188333680141596,0.0062740973822558,20.34292408279301,0.5862452864257927,0
METTL1,831.0,0.3333333333333333,0.0,0.0,0.6666666666666666,0.0,1.0,0.0,0.0,1.0,0.0,1.0,1.0,1.0,1.0,0.5790387955993052,0.8954173706801052,1160849.0,344.0,0.03909095,0.0001886322443403,37.0,0.0,0.0,0.0,0.0,0.0,0.0,0.0,0.0,0.0,0.0,0.0,0.0,2.0,0.0,0.0,0.0,0.0,0.0,1.0,0.0,0.0,0.0,0.0,0.0,3.0,0.0,1,16.87333333333333,20.182633333333328,23.044966847947183,0.1111873066548884,0.25508,0.0294238669166666,13.0,-0.3082866666666666,0.0247342482333333,3.0,0.26505625,0.0272970225716666,16.0,3.178263193365987,0.0041933225668866,0.0440779484067882,0.0045667509821283,22.92443452064779,0.588088258744857,0
DIS3,2877.0,0.3333333333333333,0.0,0.3333333333333333,0.3333333333333333,0.0,1.0,0.0,0.0,1.0,0.0,0.5,1.0,0.2649006622516556,1.0,0.6872852233676976,0.945021237541894,257535.5,685.0,0.002466111,3.1997620982690595e-05,39.0,0.0,0.0,0.0,0.0,0.0,0.0,0.0,0.0,0.0,0.0,0.0,1.0,1.0,0.0,0.0,0.0,0.0,0.0,1.0,1.0,0.0,0.0,0.0,0.0,4.0,0.0,3,22.03675,139.88378225000002,25.10399277435212,0.0478756979209083,0.2556325,0.0455274334022727,12.0,-0.19726875,0.0111879644125,8.0,0.2322869999999999,0.0313404152326315,20.0,3.619373840802256,0.0008912133590632,0.0733274577888657,0.0010256175299737,20.242448797238843,0.3748262954960891,0
HOXB6,1938.063189568706,0.2347823368159056,0.0588042809393831,0.0136739047332758,0.6428256089742431,0.0009967886749183,0.99921532758391,0.0449804735941721,0.0033157494150929,0.9672006894641492,0.0016176455279269,1.717432076540993,2.096642384650469,0.8335989392433482,0.997473344569529,0.4969541694496251,0.7351606138763213,628546.7170199985,454.053337718543,0.0191374513533432,0.0001285428746511,20.76342360414577,0.0,0.0,0.0,0.0,0.0,0.0,0.0,0.0,0.0,0.0,0.0,1.0,0.0,0.0,0.0,0.0,0.0,0.0,0.0,0.0,0.0,0.0,0.0,0.0,1.0,0.0,1,17.13,0.0,22.260518236856434,0.6012243162844121,0.1727957142857142,0.0015342505619047,7.0,-0.2955009999999999,0.0125930304766666,10.0,0.244975294117647,0.0115337805889705,17.0,3.376898213082312,0.144697870017986,0.1188333680141596,0.0062740973822558,21.920615334658898,0.6783290069663276,0
CASP7,1167.0,0.0,0.0,0.0,1.0,0.0,1.0,0.0,0.0,1.0,0.0,1.0,1.0,1.0,1.0,0.0427990584207147,0.1776691280185058,200770.2,587.0,-0.0003926135,0.0001338826956368,48.0,0.0,0.0,0.0,0.0,0.0,0.0,0.0,0.0,0.0,0.0,0.0,1.0,1.0,0.0,0.0,0.0,0.0,0.0,0.0,0.0,0.0,0.0,0.0,0.0,2.0,0.0,2,21.795,251.10405,25.22754488519401,0.1791632142842356,0.2772659259259259,0.0194017775558404,27.0,-0.2048299999999999,0.0129541238,6.0,0.2640957575757575,0.0185929579876893,33.0,3.5311445085621185,0.0064296661360184,0.0284876123497881,7.919793554409381e-05,18.69565711489793,0.4355473976940594,0
NFIB,1485.0,0.3333333333333333,0.3333333333333333,0.0,0.3333333333333333,0.0,1.0,0.0,0.0,1.0,0.0,0.5,1.0,0.5285412262156448,1.0,0.6565988181221274,0.9328181706585849,135825.7,563.0,-0.01685645,7.5579302072494996e-06,8.0,0.0,0.0,0.0,0.0,0.0,0.0,0.0,0.0,0.0,0.0,0.0,0.0,1.0,1.0,0.0,0.0,0.0,0.0,1.0,0.0,0.0,0.0,0.0,0.0,3.0,0.0,3,34.10333333333333,545.9020333333333,23.324999778815457,0.2751155963611887,0.17398125,0.0052023224410714,8.0,-0.3123318181818181,0.0202382250363636,11.0,0.254078947368421,0.0181917223877192,19.0,3.6565087229751927,0.0210497278186172,0.0811110315310068,0.0003317165228422,25.553397291569752,0.2272928177212876,0
DCAF8,2256.0,0.0,0.3333333333333333,0.0,0.6666666666666666,0.0,1.0,0.0,0.0,1.0,0.0,2.0,3.0,0.200160128102482,1.0,0.4105090311986864,0.7760087643052753,866728.7,355.0,0.02722248,5.298939451717254e-05,35.0,0.0,0.0,0.0,0.0,0.0,0.0,0.0,0.0,0.0,0.0,0.0,0.0,2.0,1.0,0.0,0.0,0.0,0.0,0.0,0.0,0.0,0.0,0.0,0.0,3.0,0.0,2,36.0,21.0,24.768659477300936,0.0982731174086176,0.3826617142857143,0.054220825367563,35.0,-0.2644634616655457,0.0303176280047028,6.973492945703292,0.3826617142857143,0.054220825367563,35.0,3.702540372341568,0.0013557945954657,0.0636875838707414,0.0023194296824418,23.01269478651312,0.482206579294022,0
SERPINA4,1284.0,0.0,0.0,0.0,1.0,0.0,1.0,0.0,0.0,1.0,0.0,2.0,2.0,1.0,1.0,0.2484472049689441,0.5944161269243544,316238.8,858.0,0.00959386,0.0001099445297747,15.0,0.0,0.0,1.0,0.0,0.0,0.0,0.0,0.0,0.0,0.0,0.0,0.0,2.0,0.0,0.0,0.0,0.0,0.0,0.0,0.0,0.0,0.0,0.0,0.0,3.0,0.0,3,7.241,98.146051,24.814892464760742,0.2317433746598084,0.2081118181818182,0.0093367305963636,11.0,-0.234696,0.0121698911299999,5.0,0.216419375,0.0096317477395833,16.0,2.5762108203750884,0.6608455557274594,0.1188333680141596,0.0062740973822558,20.34292408279301,0.5862452864257927,0
MS4A8,753.0,0.4,0.0,0.0,0.6,0.0,1.0,0.0,0.0,1.0,0.0,1.0,1.0,1.0,1.0,0.4372540445999126,0.7989684805599668,559287.5,756.0,0.01622126,0.0,0.0,0.0,0.0,0.0,0.0,0.0,0.0,0.0,0.0,0.0,0.0,0.0,0.0,3.0,0.0,0.0,0.0,0.0,0.0,2.0,0.0,0.0,0.0,0.0,0.0,5.0,0.0,3,9.4036,65.1083268,22.487509290002507,0.3013711308299261,0.2147812499999999,0.0101038618125,8.0,-0.260745,0.01314347963,6.0,0.23448,0.0110529121692307,14.0,2.649032364930094,0.9109211300054778,0.1188333680141596,0.0062740973822558,20.34292408279301,0.5862452864257927,0
FOXD4L4,1938.063189568706,0.2347823368159056,0.0588042809393831,0.0136739047332758,0.6428256089742431,0.0009967886749183,0.99921532758391,0.0449804735941721,0.0033157494150929,0.9672006894641492,0.0016176455279269,1.717432076540993,2.096642384650469,0.8335989392433482,0.997473344569529,0.4969541694496251,0.7351606138763213,628546.7170199985,454.053337718543,0.0191374513533432,0.0001285428746511,20.76342360414577,0.0,0.0,0.0,0.0,0.0,0.0,0.0,0.0,0.0,0.0,0.0,0.0,2.0,1.0,0.0,0.0,0.0,0.0,2.0,0.0,0.0,0.0,0.0,0.0,5.0,0.0,5,12.4548,143.8277612,22.487509290002507,0.3013711308299261,0.2521597143758343,0.0288347392278441,12.438422023182298,-0.2644634616655457,0.0303176280047028,6.973492945703292,0.2695940890589254,0.0322971464262917,18.874868282402527,2.519653933240052,0.0524618864420961,0.1188333680141596,0.0062740973822558,20.34292408279301,0.5862452864257927,0
TSR1,2415.0,0.125,0.0,0.0,0.875,0.0,1.0,0.0,0.0,1.0,0.0,3.5,3.5,1.0,1.0,0.1381024720342494,0.4115121279390533,780080.1,271.0,0.02910892,0.0001839957712288,96.0,0.0,0.0,0.0,0.0,0.0,0.0,0.0,0.0,0.0,0.0,0.0,0.0,7.0,0.0,0.0,0.0,0.0,0.0,1.0,0.0,0.0,0.0,0.0,0.0,8.0,0.0,5,22.2775,25.62690714285716,24.876131791059656,0.0592653469943313,0.19064,0.00348773665,5.0,-0.27051,0.0125263806153846,14.0,0.2494915789473684,0.0111275707029239,19.0,3.597419422509149,0.0014153479133366,0.0461075271959705,0.005966731730076,15.782489249829604,0.7353946941185854,0
GRAMD2B,1938.063189568706,0.2347823368159056,0.0588042809393831,0.0136739047332758,0.6428256089742431,0.0009967886749183,0.99921532758391,0.0449804735941721,0.0033157494150929,0.9672006894641492,0.0016176455279269,1.717432076540993,2.096642384650469,0.8335989392433482,0.997473344569529,0.4969541694496251,0.7351606138763213,628546.7170199985,454.053337718543,0.0191374513533432,0.0001285428746511,20.76342360414577,0.0,0.0,0.0,0.0,0.0,0.0,0.0,0.0,0.0,0.0,0.0,1.0,1.0,0.0,0.0,0.0,0.0,0.0,1.0,0.0,0.0,0.0,0.0,0.0,3.0,0.0,3,17.756666666666664,13.738433333333324,22.487509290002507,0.3013711308299261,0.2521597143758343,0.0288347392278441,12.438422023182298,-0.2644634616655457,0.0303176280047028,6.973492945703292,0.2695940890589254,0.0322971464262917,18.874868282402527,2.871323642994052,0.1199912938338458,0.1188333680141596,0.0062740973822558,20.34292408279301,0.5862452864257927,0
AL031315.1,1938.063189568706,0.2347823368159056,0.0588042809393831,0.0136739047332758,0.6428256089742431,0.0009967886749183,0.99921532758391,0.0449804735941721,0.0033157494150929,0.9672006894641492,0.0016176455279269,1.717432076540993,2.096642384650469,0.8335989392433482,0.997473344569529,0.4969541694496251,0.7351606138763213,628546.7170199985,454.053337718543,0.0191374513533432,0.0001285428746511,20.76342360414577,0.0,0.0,0.0,0.0,0.0,0.0,0.0,0.0,0.0,0.0,0.0,7.0,1.0,0.0,0.0,0.0,0.0,0.0,1.0,0.0,0.0,0.0,0.0,0.0,9.0,0.0,8,10.503222222222222,128.97798444444447,22.487509290002507,0.3013711308299261,0.2521597143758343,0.0288347392278441,12.438422023182298,-0.2644634616655457,0.0303176280047028,6.973492945703292,0.2695940890589254,0.0322971464262917,18.874868282402527,2.01241446898211,0.3772351887113869,0.1068369931488288,0.0048776454942904,20.34292408279301,0.5862452864257927,0
AL512428.1,1938.063189568706,0.2347823368159056,0.0588042809393831,0.0136739047332758,0.6428256089742431,0.0009967886749183,0.99921532758391,0.0449804735941721,0.0033157494150929,0.9672006894641492,0.0016176455279269,1.717432076540993,2.096642384650469,0.8335989392433482,0.997473344569529,0.4969541694496251,0.7351606138763213,628546.7170199985,454.053337718543,0.0191374513533432,0.0001285428746511,20.76342360414577,0.0,0.0,0.0,0.0,0.0,0.0,0.0,0.0,0.0,0.0,0.0,0.0,2.0,0.0,0.0,0.0,0.0,0.0,0.0,0.0,0.0,0.0,0.0,0.0,2.0,0.0,2,19.085,54.39245,22.487509290002507,0.3013711308299261,0.2521597143758343,0.0288347392278441,12.438422023182298,-0.2644634616655457,0.0303176280047028,6.973492945703292,0.2695940890589254,0.0322971464262917,18.874868282402527,0.2437646822730498,0.2432935423750745,0.1188333680141596,0.0062740973822558,20.34292408279301,0.5862452864257927,0
PPIB,651.0,0.0,1.0,0.0,0.0,0.0,1.0,0.0,0.0,1.0,0.0,0.0,1.0,0.1302083333333333,1.0,1.0,1.0,743794.5,251.0,0.04289345,0.0004307929269233,82.0,0.0,0.0,0.0,0.0,0.0,0.0,0.0,0.0,0.0,0.0,0.0,0.0,0.0,1.0,0.0,0.0,0.0,0.0,0.0,0.0,0.0,0.0,0.0,0.0,1.0,0.0,1,41.0,0.0,30.582758654266,0.0987613615220143,0.2388783333333333,0.0158291031366666,6.0,-0.2339858333333333,0.0066728691901515,12.0,0.2356166666666667,0.0089789895882352,18.0,3.8728122054546943,0.0018971976328165,0.0498666092660629,0.000606319343073,16.763625847059842,0.6480624333796375,0
MRPL50,477.0,0.0,1.0,0.0,0.0,0.0,1.0,0.0,0.0,1.0,0.0,0.0,1.0,0.3442340791738382,1.0,1.0,1.0,112947.1,898.0,-0.02239457,7.81224714787952e-06,29.0,0.0,0.0,0.0,0.0,0.0,0.0,0.0,0.0,0.0,0.0,0.0,0.0,0.0,1.0,0.0,0.0,0.0,0.0,0.0,0.0,0.0,0.0,0.0,0.0,1.0,0.0,1,35.0,0.0,24.42248488808245,0.0786869128543705,0.1490425,0.002031512625,4.0,-0.283456875,0.0144292676629166,16.0,0.256574,0.0147551931726315,20.0,3.4066998288534283,0.0027932392112008,0.0600671505454367,9.534629096864115e-05,20.34292408279301,0.5862452864257927,0
ALK,4863.0,0.2857142857142857,0.0,0.0,0.6428571428571429,0.0,1.0,0.0714285714285714,0.0,1.0000000000000004,0.0,1.8,2.0,1.0,1.0,0.1991238550378335,0.520475559684467,202198.4,882.0,0.01878041,0.0001553712766941,62.0,0.0,0.0,0.0,0.0,0.0,0.0,1.0,0.0,0.0,0.0,0.0,3.0,9.0,0.0,0.0,0.0,0.0,0.0,4.0,0.0,0.0,1.0,0.0,0.0,16.0,0.0,10,14.626875,101.85988091666668,22.487509290002507,0.3013711308299261,0.2993553333333333,0.0291808360409523,15.0,-0.12177,0.0303176280047028,1.0,0.2882562499999999,0.029206481385,16.0,2.557110785958604,0.2626921269942225,0.2019266971338819,0.02666236325387,20.34292408279301,0.5862452864257927,0
PNLDC1,1563.0,0.1666666666666666,0.0,0.0,0.8333333333333334,0.0,1.0,0.0,0.0,0.8710490642551527,0.0,2.5,2.5,1.0,1.0,0.6747638326585695,0.9402108818312382,652618.8,453.0,0.02630921,0.0,0.0,0.0,0.0,0.0,0.0,0.0,0.0,0.0,0.0,0.0,0.0,0.0,1.0,5.0,0.0,0.0,0.0,0.0,0.0,1.0,0.0,0.0,1.0,0.0,0.0,6.0,0.0,4,14.919166666666667,80.94706416666665,22.487509290002507,0.3013711308299261,0.1921662499999999,0.0027352645124999,8.0,-0.3089725,0.0262573825583333,4.0,0.2311016666666666,0.0122092908515151,12.0,1.7190495329373343,0.5737650534690948,0.9013746967567036,0.0060645427162812,20.34292408279301,0.5862452864257927,0
RNFT1,1308.0,0.0,0.0,0.0,1.0,0.0,1.0,0.0,0.0,1.0,0.0,3.0,3.0,1.0,1.0,0.1095650268434315,0.3518392739711558,962469.7,223.0,0.01407135,5.159388869955397e-07,2.0,0.0,0.0,0.0,0.0,0.0,0.0,0.0,0.0,0.0,0.0,0.0,0.0,3.0,0.0,0.0,0.0,0.0,0.0,0.0,0.0,0.0,0.0,0.0,0.0,3.0,0.0,3,19.453333333333333,23.13323333333333,18.95240186539051,0.3218220124751623,0.218205,0.0047750318571428,8.0,-0.4086357142857142,0.0489340782285714,7.0,0.3070726666666666,0.0330296255923809,15.0,3.329800309432726,0.0049407096463492,0.0210359241788598,1.6939206267108284e-05,20.34292408279301,0.5862452864257927,0
ZNF835,1614.0,0.125,0.0,0.0,0.875,0.0,1.0,0.0,0.0,0.96875,0.0,4.666666666666667,4.666666666666667,1.0,1.0,0.2813731007315701,0.6381749380226392,174439.4,849.0,-0.06841658,0.0,0.0,0.0,0.0,0.0,0.0,0.0,0.0,0.0,0.0,0.0,0.0,0.0,1.0,14.0,0.0,0.0,0.0,0.0,0.0,2.0,0.0,0.0,0.0,0.0,0.0,17.0,0.0,11,10.938235294117646,69.60405906617646,22.487509290002507,0.3013711308299261,0.2625328571428571,0.0292108166238095,7.0,-0.2823228571428571,0.0156829446571428,7.0,0.2724278571428571,0.0208256401565934,14.0,2.668517795130661,0.0395271005541849,0.6169098320262278,0.0346613356306467,20.34292408279301,0.5862452864257927,0
C4B,1938.063189568706,0.2347823368159056,0.0588042809393831,0.0136739047332758,0.6428256089742431,0.0009967886749183,0.99921532758391,0.0449804735941721,0.0033157494150929,0.9672006894641492,0.0016176455279269,1.717432076540993,2.096642384650469,0.8335989392433482,0.997473344569529,0.4969541694496251,0.7351606138763213,628546.7170199985,454.053337718543,0.0191374513533432,0.0001285428746511,20.76342360414577,0.0,0.0,0.0,0.0,0.0,0.0,0.0,0.0,0.0,0.0,0.0,0.0,3.0,0.0,0.0,0.0,0.0,0.0,0.0,0.0,0.0,0.0,0.0,0.0,3.0,0.0,3,21.653333333333336,4.0345333333333375,26.49518610689961,0.312560329634691,0.2928838461538462,0.0309110503923077,13.0,-0.12404,0.0303176280047028,1.0,0.2808235714285714,0.0305695804554945,14.0,3.6028720524227142,0.0225485702364937,0.1188333680141596,0.0062740973822558,20.34292408279301,0.5862452864257927,0
DNASE1L2,900.0,0.0,0.0,0.0,1.0,0.0,1.0,0.0,0.0,1.0,0.0,3.0,3.0,1.0,1.0,0.4987531172069826,0.8457077609768242,2179404.0,224.0,0.03908355,1.4895417620861382e-05,7.0,0.0,0.0,0.0,0.0,0.0,0.0,0.0,0.0,0.0,0.0,0.0,0.0,3.0,0.0,0.0,0.0,0.0,0.0,0.0,0.0,0.0,0.0,0.0,0.0,3.0,0.0,3,14.509333333333336,93.35242133333334,22.487509290002507,0.3013711308299261,0.175789,0.0042313140544444,10.0,-0.2020357142857143,0.0073555410285714,7.0,0.1865964705882353,0.0053157299117647,17.0,2.598875064624111,0.0600459003266713,0.8344306084025979,0.0093099047751108,20.34292408279301,0.5862452864257927,0
SOD2,1938.063189568706,0.2347823368159056,0.0588042809393831,0.0136739047332758,0.6428256089742431,0.0009967886749183,0.99921532758391,0.0449804735941721,0.0033157494150929,0.9672006894641492,0.0016176455279269,1.717432076540993,2.096642384650469,0.8335989392433482,0.997473344569529,0.4969541694496251,0.7351606138763213,628546.7170199985,454.053337718543,0.0191374513533432,0.0001285428746511,20.76342360414577,0.0,0.0,0.0,0.0,0.0,0.0,0.0,1.0,0.0,0.0,0.0,3.0,0.0,0.0,0.0,0.0,0.0,0.0,0.0,0.0,0.0,0.0,0.0,2.0,2.0,0.0,4,20.11,121.36819999999996,23.08824419747184,0.2705757132986786,0.1921662499999999,0.0027352645124999,8.0,-0.3089725,0.0262573825583333,4.0,0.2311016666666666,0.0122092908515151,12.0,3.983010527855535,0.0037191546996278,0.1188333680141596,0.0062740973822558,16.01544589078371,0.910054777553919,0
ARAP1,4353.0,0.125,0.0,0.125,0.5,0.0,1.0,0.25,0.0,0.8018796874098554,0.0,2.0,3.5,0.4970178926441352,1.0,0.432338953739732,0.7948747873970179,637045.1,234.0,0.05411493,6.292546601193627e-05,21.0,0.0,0.0,3.0,0.0,0.0,0.0,2.0,0.0,0.0,0.0,0.0,0.0,4.0,0.0,0.0,0.0,0.0,0.0,1.0,1.0,0.0,2.0,0.0,1.0,8.0,0.0,9,21.02075,115.92198164285716,24.122361796350106,0.0701834617201023,0.2003029999999999,0.0079765028455555,10.0,-0.2086714285714285,0.012131932047619,7.0,0.2037488235294118,0.0090542799485294,17.0,3.594772027299717,0.0022104247430201,0.0442389481784425,0.0009450387466819,22.58076780287569,0.1119884562451507,0
EYS,9435.0,0.1724137931034483,0.1034482758620689,0.0,0.6896551724137931,0.0,1.0,0.0,0.0344827586206896,0.952052682898382,0.0,3.333333333333333,4.0,0.6896551724137931,1.0,0.2182929491377429,0.5505167681520643,28896.23,1167.0,-0.02309414,0.0,0.0,0.0,0.0,0.0,0.0,0.0,0.0,0.0,0.0,0.0,1.0,0.0,1.0,20.0,3.0,0.0,0.0,0.0,0.0,5.0,0.0,0.0,2.0,0.0,0.0,28.0,0.0,11,14.91275,106.36233619444444,22.487509290002507,0.3013711308299261,0.2260611111111111,0.0083873862111111,9.0,-0.213995,0.0212642478999999,4.0,0.2223484615384615,0.0109412507141025,13.0,2.029880095632582,0.1046632917796323,0.1188333680141596,0.0062740973822558,20.34292408279301,0.5862452864257927,0
ZSCAN5B,1488.0,0.6,0.0,0.0,0.4,0.0,1.0,0.0,0.0,1.0,0.0,0.5,0.5,1.0,1.0,0.4965243296921549,0.8441523308323587,486579.5,522.0,-0.03162898,0.0,0.0,0.0,0.0,0.0,0.0,0.0,0.0,0.0,0.0,0.0,0.0,0.0,0.0,2.0,0.0,0.0,0.0,0.0,0.0,3.0,0.0,0.0,0.0,0.0,0.0,5.0,0.0,4,8.9944,111.8105533,22.487509290002507,0.3013711308299261,0.29769625,0.0349295563982142,8.0,-0.2454733333333333,0.0074132793866666,6.0,0.275315,0.022378754226923,14.0,0.8669744934640797,0.5703062177827991,0.1188333680141596,0.0062740973822558,20.34292408279301,0.5862452864257927,0
UGT1A7,1593.0,0.5,0.0,0.0,0.5,0.0,1.0,0.0,0.0,1.0,0.0,0.5,0.5,1.0,1.0,0.8488964346349746,0.9879610231149364,628464.2070903856,454.1716887539794,0.0191206869507081,0.0,1.0,0.0,0.0,0.0,0.0,0.0,0.0,0.0,0.0,0.0,0.0,0.0,0.0,1.0,0.0,0.0,0.0,0.0,0.0,1.0,0.0,0.0,0.0,0.0,0.0,2.0,0.0,2,1.1745,2.1362445000000005,22.487509290002507,0.3013711308299261,0.3190681818181817,0.0356734184763636,11.0,-0.27867,0.04158728,2.0,0.3128530769230769,0.0334236110897435,13.0,0.3830095663899234,0.4722664530321047,0.1188333680141596,0.0062740973822558,20.34292408279301,0.5862452864257927,0
OR6C76,939.0,0.0,0.5,0.0,0.5,0.0,1.0,0.0,0.0,1.0,0.0,1.0,2.0,0.0660109578189979,1.0,0.2638522427440633,0.615400005038083,802037.7,706.0,0.002542446,0.0,0.0,0.0,0.0,0.0,0.0,0.0,0.0,0.0,0.0,0.0,0.0,0.0,0.0,1.0,1.0,0.0,0.0,0.0,0.0,0.0,0.0,0.0,0.0,0.0,0.0,2.0,0.0,2,28.8,103.67999999999998,22.487509290002507,0.3013711308299261,0.331125,0.0561210375866666,16.0,-0.38507,0.0303176280047028,1.0,0.3342982352941177,0.0527846529154411,17.0,0.1204100468928731,0.1069423996213159,0.1188333680141596,0.0062740973822558,20.34292408279301,0.5862452864257927,0
TEKT1,1257.0,0.5,0.1666666666666666,0.0,0.3333333333333333,0.0,1.0,0.0,0.0,1.0,0.0,0.5,0.75,0.6618133686300464,1.0,0.9328358208955224,0.9976922226199724,1077116.0,438.0,0.01398688,1.3240130659630248e-06,8.0,0.0,0.0,0.0,0.0,0.0,0.0,0.0,0.0,0.0,0.0,0.0,0.0,2.0,1.0,0.0,0.0,0.0,0.0,3.0,0.0,0.0,0.0,0.0,0.0,6.0,0.0,3,15.8595,278.7360235,18.86817322089983,0.3984754883942523,0.188748,0.00315254047,5.0,-0.2702161538461538,0.0113849253923076,13.0,0.2475861111111111,0.0101880251781045,18.0,2.732667307884673,0.741788624538364,0.1188333680141596,0.0062740973822558,20.34292408279301,0.5862452864257927,0
OR5L2,936.0,0.0,0.0,0.0,1.0,0.0,1.0,0.0,0.0,1.0,0.0,2.0,2.0,1.0,1.0,0.0648256190846622,0.2421920392526777,4183.0,1091.0,-0.03597057,0.0,0.0,0.0,0.0,0.0,0.0,0.0,0.0,0.0,0.0,0.0,0.0,0.0,0.0,2.0,0.0,0.0,0.0,0.0,0.0,0.0,0.0,0.0,0.0,0.0,0.0,2.0,0.0,2,21.65,0.0049999999999999,22.487509290002507,0.3013711308299261,0.43224375,0.3633163954553571,8.0,-0.2973166666666666,0.0223054867066666,6.0,0.3744178571428572,0.2090123410950549,14.0,0.0,0.0,0.1188333680141596,0.0062740973822558,20.34292408279301,0.5862452864257927,0
IFITM2,399.0,0.5,0.0,0.0,0.5,0.0,1.0,0.0,0.0,1.0,0.0,0.5,0.5,1.0,1.0,0.6596306068601583,0.9340866010687202,1454043.0,344.0,0.0481334,8.901762454099263e-08,2.0,0.0,0.0,0.0,0.0,0.0,0.0,0.0,0.0,0.0,0.0,0.0,0.0,1.0,0.0,0.0,0.0,0.0,0.0,1.0,0.0,0.0,0.0,0.0,0.0,2.0,0.0,2,0.8855,1.5505605,19.93782351927557,0.3172447962534849,0.192542,0.0107231766199999,5.0,-0.2808375,0.016056654675,12.0,0.2548682352941177,0.0154394711529411,17.0,3.513430652388112,0.0143727163257666,0.1188333680141596,0.0062740973822558,21.34197154966169,0.9688825881938196,0
NEFH,3063.0,0.3333333333333333,0.0,0.0,0.6666666666666666,0.0,1.0,0.0,0.0,1.0,0.0,1.3333333333333333,1.3333333333333333,1.0,1.0,0.7733952049497294,0.9721307809665278,723458.2,203.0,0.03468533,4.55373116533508e-06,11.0,1.0,0.0,0.0,0.0,0.0,0.0,0.0,0.0,0.0,0.0,0.0,0.0,4.0,0.0,0.0,0.0,0.0,0.0,2.0,0.0,0.0,0.0,0.0,1.0,6.0,0.0,7,15.312833333333332,83.33680176666664,18.673536990520123,0.3384471069649946,0.21023375,0.0053567510267857,8.0,-0.2633863636363636,0.0051791329254545,11.0,0.2410063157894737,0.0056874291578947,19.0,2.491948657648677,0.2001778482343975,0.2391226694138624,0.0454735376607813,20.84501560105328,1.2691754936731798,0
RFX8,1422.0,0.0,0.0,0.0,1.0,0.0,1.0,0.0,0.0,1.0,0.0,4.0,4.0,1.0,1.0,0.0347439371829615,0.1514748867954965,628464.2070903856,454.1716887539794,0.0191206869507081,0.0,0.0,0.0,0.0,0.0,0.0,0.0,0.0,0.0,0.0,0.0,0.0,0.0,0.0,3.0,0.0,0.0,0.0,0.0,0.0,1.0,1.0,0.0,0.0,0.0,0.0,5.0,0.0,4,21.196,13.947079999999996,22.487509290002507,0.3013711308299261,0.2730558333333333,0.0173643765174242,12.0,-0.2644634616655457,0.0303176280047028,6.973492945703292,0.2730558333333333,0.0173643765174242,12.0,1.83216198264962,0.3772971156763552,0.0336476414933154,0.0055469642618454,20.34292408279301,0.5862452864257927,0
RHCE,1254.0,0.0,0.0,0.0,1.0,0.0,1.0,0.0,0.0,1.0,0.0,2.0,2.0,1.0,1.0,0.0348068221371388,0.1516861076571944,667862.2,185.0,0.03184675,0.0,0.0,0.0,0.0,0.0,0.0,0.0,0.0,0.0,0.0,0.0,0.0,0.0,0.0,2.0,0.0,0.0,0.0,0.0,0.0,0.0,0.0,0.0,0.0,0.0,0.0,2.0,0.0,2,18.605,5.088049999999993,22.487509290002507,0.3013711308299261,0.18307,0.0068253025999999,5.0,-0.179414,0.0047718906266666,10.0,0.1806326666666666,0.0050209128923809,15.0,2.09077224767057,0.1911821348740981,0.0611272222508687,0.0020600730948214,20.34292408279301,0.5862452864257927,0
OR4Q2,1938.063189568706,0.2347823368159056,0.0588042809393831,0.0136739047332758,0.6428256089742431,0.0009967886749183,0.99921532758391,0.0449804735941721,0.0033157494150929,0.9672006894641492,0.0016176455279269,1.717432076540993,2.096642384650469,0.8335989392433482,0.997473344569529,0.4969541694496251,0.7351606138763213,628546.7170199985,454.053337718543,0.0191374513533432,0.0001285428746511,20.76342360414577,0.0,0.0,0.0,0.0,0.0,0.0,0.0,0.0,0.0,0.0,0.0,0.0,0.0,0.0,0.0,1.0,0.0,0.0,0.0,0.0,0.0,0.0,0.0,0.0,1.0,0.0,1,23.6,0.0,22.487509290002507,0.3013711308299261,0.2521597143758343,0.0288347392278441,12.438422023182298,-0.2644634616655457,0.0303176280047028,6.973492945703292,0.2695940890589254,0.0322971464262917,18.874868282402527,2.871323642994052,0.1199912938338458,0.1188333680141596,0.0062740973822558,20.34292408279301,0.5862452864257927,0
NMBR,1173.0,0.2,0.0,0.0,0.6,0.0,1.0,0.2,0.0,1.0,0.0,1.5,2.0,1.0,1.0,0.6464124111182935,0.9284535045836646,152447.4,513.0,-0.02750796,0.0,1.0,0.0,0.0,0.0,0.0,0.0,0.0,1.0,0.0,0.0,0.0,0.0,0.0,3.0,0.0,0.0,0.0,0.0,0.0,1.0,0.0,0.0,1.0,0.0,0.0,4.0,0.0,4,19.825000000000003,51.17443333333336,22.487509290002507,0.3013711308299261,0.1883271428571429,0.0030535803238095,7.0,-0.2273075,0.0186695266916666,4.0,0.2025018181818181,0.0078197799363636,11.0,1.0736002368146866,0.522335944531036,0.6206797747879756,0.0321304038946842,20.34292408279301,0.5862452864257927,0
SLC5A8,1833.0,0.0,0.0,0.0,1.0,0.0,1.0,0.0,0.0,1.0,0.0,4.0,4.0,1.0,1.0,0.14972301242701,0.4340422631746518,261778.3,828.0,-0.0154898,0.0,0.0,0.0,0.0,0.0,0.0,0.0,0.0,0.0,0.0,0.0,0.0,0.0,0.0,4.0,0.0,0.0,0.0,0.0,0.0,0.0,0.0,0.0,0.0,0.0,0.0,4.0,0.0,3,25.35,25.483333333333345,19.119615149462547,3.938691530893012,0.2283016666666667,0.0110480633969696,12.0,-0.21758,0.01018022755,5.0,0.2251482352941176,0.0101659580029411,17.0,1.3481891461539643,1.088809804211171,0.4481212586005137,0.0312570821764328,20.34292408279301,0.5862452864257927,0
DEFB116,309.0,0.0,1.0,0.0,0.0,0.0,1.0,0.0,0.0,1.0,0.0,0.0,1.0,0.2894356005788712,1.0,1.0,1.0,562664.8,594.0,-0.02868026,0.0,0.0,0.0,0.0,0.0,0.0,0.0,0.0,0.0,0.0,0.0,0.0,0.0,0.0,0.0,1.0,0.0,0.0,0.0,0.0,0.0,0.0,0.0,0.0,0.0,0.0,1.0,0.0,1,26.5,0.0,22.487509290002507,0.3013711308299261,0.2899444444444444,0.0284512091908496,18.0,-0.149455,0.0010918464499999,2.0,0.2758954999999999,0.0273836586260526,20.0,0.0,0.0,0.1188333680141596,0.0062740973822558,20.34292408279301,0.5862452864257927,0
IL3RA,1938.063189568706,0.2347823368159056,0.0588042809393831,0.0136739047332758,0.6428256089742431,0.0009967886749183,0.99921532758391,0.0449804735941721,0.0033157494150929,0.9672006894641492,0.0016176455279269,1.717432076540993,2.096642384650469,0.8335989392433482,0.997473344569529,0.4969541694496251,0.7351606138763213,628546.7170199985,454.053337718543,0.0191374513533432,0.0001285428746511,20.76342360414577,0.0,0.0,0.0,0.0,0.0,0.0,0.0,0.0,0.0,0.0,0.0,0.0,2.0,0.0,0.0,0.0,0.0,0.0,0.0,0.0,0.0,0.0,0.0,0.0,2.0,0.0,2,3.062,15.612871999999998,14.177134212477862,0.3314604870227899,0.2521597143758343,0.0288347392278441,12.438422023182298,-0.2644634616655457,0.0303176280047028,6.973492945703292,0.2695940890589254,0.0322971464262917,18.874868282402527,2.715923573758151,0.0209254752408629,0.1188333680141596,0.0062740973822558,14.127181871988006,1.3542639682340707,0
ZNF224,2124.0,0.0,0.1666666666666666,0.0,0.8333333333333334,0.0,1.0,0.0,0.0,0.8710490642551527,0.0,5.0,6.0,0.4631773969430292,1.0,0.7412898443291327,0.963205023888524,544061.0,558.0,-0.03108707,9.648590375181252e-07,4.0,0.0,0.0,0.0,0.0,0.0,0.0,0.0,0.0,0.0,0.0,0.0,0.0,5.0,1.0,0.0,0.0,0.0,0.0,0.0,0.0,0.0,0.0,0.0,0.0,6.0,0.0,3,14.702,113.915112,22.487509290002507,0.3013711308299261,0.26866375,0.0227042859125,8.0,-0.263515,0.0081982861714285,8.0,0.266089375,0.0144282695395833,16.0,3.49377645892445,0.0019122169562974,0.071114109978468,0.0005672911401444,20.34292408279301,0.5862452864257927,0
EFTUD2,2919.0,0.4444444444444444,0.0,0.0,0.5555555555555556,0.0,1.0,0.0,0.0,1.0,0.0,1.0,1.0,1.0,1.0,0.8051529790660226,0.9796481348722118,1101543.0,172.0,0.02785464,0.0002722535297317,137.0,0.0,0.0,0.0,0.0,0.0,0.0,0.0,0.0,0.0,0.0,0.0,0.0,5.0,0.0,0.0,0.0,0.0,0.0,4.0,0.0,0.0,0.0,0.0,0.0,9.0,0.0,6,19.322333333333333,100.408027,26.777900170017805,0.0266318846410704,0.2178666666666666,0.0134534201466666,6.0,-0.2841399999999999,0.0106562295333333,10.0,0.2592875,0.01197624978,16.0,3.6311400818886255,0.0012997099727186,0.0918175900995956,0.0036514320356013,18.93627062816381,0.4270662057970938,0
E2F3,1398.0,0.25,0.0,0.0,0.75,0.0,1.0,0.0,0.0,1.0,0.0,1.5,1.5,1.0,1.0,0.4690431519699813,0.8241371980786107,138711.5,568.0,0.006956063,5.527419283343928e-05,31.0,0.0,0.0,0.0,0.0,0.0,0.0,0.0,0.0,0.0,0.0,0.0,0.0,3.0,0.0,0.0,0.0,0.0,0.0,1.0,0.0,0.0,0.0,0.0,0.0,4.0,0.0,4,21.6625,24.892291666666665,21.818745982996887,0.1457682538535473,0.2539161538461538,0.021124038725641,13.0,-0.12404,0.0303176280047028,1.0,0.2446392857142856,0.0207039566225274,14.0,3.4531160789557016,0.004304950063883,0.0571935377409771,0.0021336850148388,18.579474751351768,0.3171615611510086,0
ABCG1,2037.0,0.0,0.0,0.0,1.0,0.0,1.0,0.0,0.0,1.0,0.0,2.0,2.0,1.0,1.0,0.3918495297805642,0.7589644849069527,289449.4,464.0,0.07548005,0.0,1.0,0.0,0.0,0.0,0.0,0.0,0.0,0.0,0.0,0.0,0.0,0.0,1.0,2.0,0.0,0.0,0.0,0.0,0.0,0.0,0.0,0.0,0.0,0.0,0.0,3.0,0.0,3,15.253,184.097977,21.42210663494805,0.4298528008484409,0.2504371428571428,0.0056759652904761,7.0,-0.2842333333333333,0.0196506463466666,6.0,0.2660353846153845,0.011333262626923,13.0,3.509615766104039,0.0111301988332025,0.0544000251242463,0.002919327616136,20.34292408279301,0.5862452864257927,0
ENPP7,1377.0,0.6,0.0,0.0,0.4,0.0,1.0,0.0,0.0,1.0,0.0,0.5,0.5,1.0,1.0,0.6430868167202572,0.9269939200200626,633863.3,209.0,0.03148543,0.0,0.0,0.0,0.0,0.0,0.0,0.0,0.0,0.0,0.0,0.0,0.0,0.0,0.0,2.0,0.0,0.0,0.0,0.0,0.0,3.0,0.0,0.0,0.0,0.0,0.0,5.0,0.0,4,6.2296,67.7604028,22.487509290002507,0.3013711308299261,0.314084,0.0489901038488888,10.0,-0.252882,0.01069824637,5.0,0.2936833333333333,0.0354421097238095,15.0,0.8194287934085838,0.5606809862716116,0.1188333680141596,0.0062740973822558,20.34292408279301,0.5862452864257927,0
SEMA3B,2249.0,0.25,0.0,0.0,0.5,0.0,1.0,0.0,0.25,1.0,0.0,1.0,1.5,1.0,1.0,1.0,1.0,843768.5,206.0,0.0514909,0.0,1.0,0.0,0.0,0.0,0.0,0.0,0.0,0.0,0.0,0.0,1.0,0.0,0.0,0.0,1.0,0.0,0.0,0.0,0.0,2.0,0.0,0.0,1.0,0.0,0.0,3.0,0.0,4,13.543333333333331,3.2404333333333333,22.487509290002507,0.3013711308299261,0.2166936363636363,0.0071518345254545,11.0,-0.345195,0.0242376536999999,4.0,0.2509606666666666,0.0137620191209523,15.0,2.871323642994052,0.1199912938338458,0.1188333680141596,0.0062740973822558,20.34292408279301,0.5862452864257927,0
LINC00207,1938.063189568706,0.2347823368159056,0.0588042809393831,0.0136739047332758,0.6428256089742431,0.0009967886749183,0.99921532758391,0.0449804735941721,0.0033157494150929,0.9672006894641492,0.0016176455279269,1.717432076540993,2.096642384650469,0.8335989392433482,0.997473344569529,0.4969541694496251,0.7351606138763213,628546.7170199985,454.053337718543,0.0191374513533432,0.0001285428746511,20.76342360414577,0.0,0.0,0.0,0.0,0.0,0.0,0.0,0.0,0.0,0.0,0.0,0.0,0.0,0.0,0.0,2.0,0.0,0.0,0.0,0.0,0.0,0.0,0.0,0.0,2.0,0.0,1,2.6950000000000003,7.250432000000002,22.487509290002507,0.3013711308299261,0.1928214285714285,0.004505846947619,7.0,-0.3026657142857142,0.0321926718417582,14.0,0.2660509523809524,0.0250923364390476,21.0,2.871323642994052,0.1199912938338458,0.1188333680141596,0.0062740973822558,20.34292408279301,0.5862452864257927,0
OTOF,5994.0,0.2,0.0,0.0,0.8,0.0,1.0,0.0,0.0,0.9397940008672035,0.0,2.6666666666666665,2.6666666666666665,1.0,1.0,0.1126760563380281,0.3586747420125611,787642.6,408.0,0.04118837,0.0,1.0,1.0,0.0,0.0,0.0,0.0,0.0,0.0,0.0,0.0,0.0,0.0,1.0,6.0,0.0,0.0,0.0,0.0,0.0,2.0,2.0,0.0,0.0,0.0,0.0,12.0,0.0,10,19.475666666666665,123.19548878787882,22.487509290002507,0.3013711308299261,0.2983933333333333,0.0291685073238095,15.0,-0.12177,0.0303176280047028,1.0,0.2873543749999999,0.02917367778625,16.0,1.7418788748955985,0.521231960476068,0.1188333680141596,0.0062740973822558,20.34292408279301,0.5862452864257927,0
RIMKLB,1161.0,0.0,0.0,0.0,1.0,0.0,1.0,0.0,0.0,1.0,0.0,1.0,1.0,1.0,1.0,0.6811989100817438,0.9427118053081224,302894.3,262.0,0.01748211,1.6023225548039943e-06,2.0,0.0,0.0,0.0,0.0,0.0,0.0,0.0,0.0,0.0,0.0,0.0,0.0,1.0,0.0,0.0,0.0,0.0,0.0,0.0,0.0,0.0,0.0,0.0,0.0,1.0,0.0,1,23.9,0.0,15.284762502906366,0.1207595912295338,0.2316142857142857,0.0115454048417582,14.0,-0.39802,0.0303176280047028,1.0,0.242708,0.0125667905171428,15.0,3.666583751400655,0.0065148313622359,0.0189577356451549,1.1570590301451164e-05,20.34292408279301,0.5862452864257927,0
CFHR5,1710.0,0.1428571428571428,0.1428571428571428,0.0,0.7142857142857143,0.0,1.0,0.0,0.0,1.0,0.0,2.5,3.0,0.7423904974016332,1.0,0.6422607578676943,0.9266287044649076,217856.6,853.0,-0.02369287,0.0,1.0,0.0,0.0,0.0,0.0,0.0,0.0,0.0,0.0,0.0,0.0,0.0,0.0,5.0,1.0,0.0,0.0,0.0,0.0,1.0,0.0,0.0,0.0,0.0,0.0,7.0,0.0,2,12.31614285714286,68.53009614285715,22.80454589295485,0.4464478686638326,0.3882724242424241,0.0427013032126893,33.0,-0.24927,0.0303176280047028,1.0,0.3841841176470587,0.0419756088552584,34.0,0.2168650789063009,0.3098373085717988,0.1188333680141596,0.0062740973822558,20.34292408279301,0.5862452864257927,0
BUB3,987.0,0.0,0.0,0.0,1.0,0.0,1.0,0.0,0.0,1.0,0.0,1.0,1.0,1.0,1.0,0.3051571559353067,0.6673568415369783,213808.9,769.0,-2.523199e-05,0.0001225746471975,53.0,0.0,0.0,0.0,0.0,0.0,0.0,0.0,0.0,0.0,0.0,0.0,1.0,1.0,0.0,0.0,0.0,0.0,0.0,0.0,0.0,0.0,0.0,0.0,0.0,2.0,0.0,2,27.3,27.37999999999999,27.05511905852268,0.0292078564953932,0.3016734375,0.0368597381071572,32.0,-0.23287,0.0169499268666666,4.0,0.2940286111111111,0.0345809529323015,36.0,3.6599930533910094,0.0021530820554725,0.0778448777897324,0.0002117235640961,19.698200225373668,0.1665230237453571,0
SLC45A1,2349.0,0.2857142857142857,0.0,0.0,0.7142857142857143,0.0,1.0,0.0,0.0,1.0,0.0,1.6666666666666667,1.6666666666666667,1.0,1.0,1.0,1.0,971530.7,321.0,0.02492784,0.0,1.0,0.0,0.0,0.0,0.0,0.0,0.0,0.0,0.0,0.0,0.0,0.0,0.0,5.0,0.0,0.0,0.0,0.0,0.0,2.0,0.0,0.0,0.0,0.0,0.0,7.0,0.0,4,20.057285714285715,121.91022823809526,22.487509290002507,0.3013711308299261,0.1876933333333333,0.0089252260666666,6.0,-0.2252822222222222,0.0103675881444444,9.0,0.2102466666666666,0.0094752402809523,15.0,2.335206155971317,0.099851496324933,0.4689109977228694,0.0505276292572013,20.34292408279301,0.5862452864257927,0
PIGU,1308.0,0.5,0.0,0.0,0.5,0.0,1.0,0.0,0.0,1.0,0.0,0.5,0.5,1.0,1.0,0.2928257686676428,0.6524677871223291,1057035.0,190.0,0.05134994,2.770327044653172e-05,19.0,0.0,0.0,0.0,0.0,0.0,0.0,0.0,0.0,0.0,0.0,0.0,0.0,1.0,0.0,0.0,0.0,0.0,0.0,1.0,0.0,0.0,0.0,0.0,0.0,2.0,0.0,2,18.065,132.35645000000002,22.13363384894601,0.3183406399819216,0.2857184999999999,0.0279133350871052,20.0,-0.149455,0.0010918464499999,2.0,0.2733309090909089,0.0269145115705627,22.0,3.263174806450487,0.003445809956527,0.0852270323752912,0.0004269549215167,20.34292408279301,0.5862452864257927,0
OR51B6,939.0,0.3333333333333333,0.0,0.0,0.6666666666666666,0.0,1.0,0.0,0.0,1.0,0.0,1.0,1.0,1.0,1.0,0.1380071763731714,0.4113234325797528,100115.4,1056.0,0.0009048171,0.0,0.0,0.0,0.0,0.0,0.0,0.0,0.0,0.0,0.0,0.0,0.0,0.0,0.0,2.0,0.0,0.0,0.0,0.0,0.0,1.0,0.0,0.0,0.0,0.0,0.0,3.0,0.0,3,12.852333333333334,134.43498633333334,22.487509290002507,0.3013711308299261,0.18581,0.0090026463599999,6.0,-0.2682558333333333,0.0138396115719696,12.0,0.2407738888888889,0.0132022482839869,18.0,1.469204107502939,0.5267350712031419,0.1188333680141596,0.0062740973822558,20.34292408279301,0.5862452864257927,0
SNTG1,1554.0,0.125,0.0,0.0,0.875,0.0,1.0,0.0,0.0,1.0,0.0,3.5,3.5,1.0,1.0,0.1941747572815534,0.5124265465389604,2777.423,1189.0,-0.03221987,3.562125498912549e-06,4.0,0.0,0.0,0.0,0.0,0.0,0.0,0.0,0.0,0.0,0.0,0.0,0.0,7.0,0.0,0.0,0.0,0.0,0.0,1.0,0.0,0.0,0.0,0.0,0.0,8.0,0.0,5,22.585,29.97265714285713,22.487509290002507,0.3013711308299261,0.2821630434782609,0.0215867198948616,23.0,-0.23813,0.0303176280047028,1.0,0.2803283333333333,0.0207289547275362,24.0,1.8489422037576897,0.1278209495771243,0.4918646800608372,0.0470578882977736,20.34292408279301,0.5862452864257927,0
RLN3,429.0,0.0,0.0,1.0,0.0,0.0,1.0,0.0,0.0,1.0,0.0,0.0,1.0,0.0594813228646205,1.0,1.0,1.0,1013197.0,231.0,0.03244757,0.0002084212828953,3.0,0.0,0.0,0.0,0.0,0.0,0.0,0.0,0.0,0.0,0.0,0.0,0.0,0.0,0.0,0.0,0.0,0.0,0.0,0.0,1.0,0.0,0.0,0.0,0.0,1.0,0.0,1,27.9,0.0,22.487509290002507,0.3013711308299261,0.2958142857142857,0.0612024492263736,14.0,-0.4207933333333333,0.1132219006333333,3.0,0.3178694117647058,0.0662916026433823,17.0,0.2588641070386049,0.2698601640919526,0.1188333680141596,0.0062740973822558,20.34292408279301,0.5862452864257927,0
DNPEP,1458.0,0.0,0.0,0.0,1.0,0.0,1.0,0.0,0.0,1.0,0.0,1.0,1.0,1.0,1.0,0.4424778761061947,0.8032587669399092,604261.2,335.0,0.0377288999999999,2.8409330900121823e-05,27.0,0.0,0.0,0.0,0.0,0.0,0.0,0.0,0.0,0.0,0.0,0.0,0.0,1.0,0.0,0.0,0.0,0.0,0.0,0.0,0.0,0.0,0.0,0.0,0.0,1.0,0.0,1,23.3,0.0,27.541443588341828,0.1167359114561527,0.308243,0.0403514186233333,10.0,-0.42087,0.0303176280047028,1.0,0.3184818181818181,0.0374694441363636,11.0,3.4819879064738752,0.0017341660754138,0.0532839411208778,9.968668972447634e-05,21.60104835152472,0.3844395950424789,0
ZNF292,8172.0,0.2083333333333333,0.0833333333333333,0.0,0.4166666666666667,0.0,1.0,0.25,0.0416666666666666,0.7818957080144684,0.0,1.6666666666666667,3.1666666666666665,0.6191950464396285,1.0,0.1241773252204147,0.3832167754642255,222401.0,547.0,0.01903861,1.6883201614847122e-06,3.0,0.0,0.0,0.0,0.0,0.0,0.0,3.0,3.0,0.0,1.0,0.0,0.0,10.0,2.0,0.0,0.0,0.0,0.0,5.0,0.0,0.0,4.0,0.0,3.0,17.0,0.0,14,21.57817647058824,118.65011552941178,21.089797227178696,0.0960740311276931,0.2383022222222222,0.0255273969444444,9.0,-0.334564,0.06154096373,5.0,0.2726814285714286,0.0369359740131868,14.0,3.7807429562689423,0.0012720335190119,0.0402006123664993,0.0037242106152114,20.55669573985104,0.4921314947990405,0
CHMP2A,669.0,0.0,0.0,0.0,1.0,0.0,1.0,0.0,0.0,1.0,0.0,2.0,2.0,1.0,1.0,0.5353319057815846,0.8698438649928538,2673870.0,276.0,0.0108664,2.675075907116139e-05,28.0,0.0,0.0,0.0,0.0,0.0,0.0,0.0,0.0,0.0,0.0,0.0,0.0,2.0,0.0,0.0,0.0,0.0,0.0,0.0,0.0,0.0,0.0,0.0,0.0,2.0,0.0,2,28.9,2.4199999999999946,26.475695631236484,0.0719744410281728,0.2521597143758343,0.0288347392278441,12.438422023182298,-0.2644634616655457,0.0303176280047028,6.973492945703292,0.2695940890589254,0.0322971464262917,18.874868282402527,3.5628990532879183,0.0018841034465778,0.063046998700392,0.0024686558648684,20.191946330389168,0.5465428047146222,0
ARMC10,1938.063189568706,0.2347823368159056,0.0588042809393831,0.0136739047332758,0.6428256089742431,0.0009967886749183,0.99921532758391,0.0449804735941721,0.0033157494150929,0.9672006894641492,0.0016176455279269,1.717432076540993,2.096642384650469,0.8335989392433482,0.997473344569529,0.4969541694496251,0.7351606138763213,628546.7170199985,454.053337718543,0.0191374513533432,0.0001285428746511,20.76342360414577,0.0,0.0,0.0,0.0,0.0,0.0,0.0,0.0,0.0,0.0,0.0,1.0,0.0,0.0,0.0,0.0,0.0,0.0,0.0,0.0,0.0,0.0,0.0,0.0,1.0,0.0,1,10.06,0.0,25.14882749145098,0.1746145213779902,0.2875070588235294,0.0185883586095588,17.0,-0.2501933333333333,0.0068656384266666,6.0,0.2777730434782608,0.0153598427403162,23.0,3.5531265708461683,0.0014844567838021,0.0760417221098153,0.0046062941200706,26.34997190423013,0.3436518245248226,0
AFDN,1938.063189568706,0.2347823368159056,0.0588042809393831,0.0136739047332758,0.6428256089742431,0.0009967886749183,0.99921532758391,0.0449804735941721,0.0033157494150929,0.9672006894641492,0.0016176455279269,1.717432076540993,2.096642384650469,0.8335989392433482,0.997473344569529,0.4969541694496251,0.7351606138763213,628546.7170199985,454.053337718543,0.0191374513533432,0.0001285428746511,20.76342360414577,0.0,3.0,0.0,0.0,0.0,0.0,0.0,0.0,0.0,1.0,0.0,0.0,4.0,0.0,0.0,0.0,0.0,0.0,3.0,0.0,0.0,1.0,0.0,1.0,9.0,0.0,10,10.561444444444444,115.94633802777778,22.487509290002507,0.3013711308299261,0.2521597143758343,0.0288347392278441,12.438422023182298,-0.2644634616655457,0.0303176280047028,6.973492945703292,0.2695940890589254,0.0322971464262917,18.874868282402527,2.871323642994052,0.1199912938338458,0.1188333680141596,0.0062740973822558,20.34292408279301,0.5862452864257927,0
TMEM87B,1668.0,0.0,0.0,0.0,1.0,0.0,1.0,0.0,0.0,1.0,0.0,3.0,3.0,1.0,1.0,0.0116638479034233,0.0635826808611514,564342.6,466.0,0.03599753,3.3337500461423586e-07,2.0,0.0,0.0,0.0,0.0,0.0,0.0,0.0,0.0,0.0,0.0,0.0,0.0,3.0,0.0,0.0,0.0,0.0,0.0,0.0,0.0,0.0,0.0,0.0,0.0,3.0,0.0,3,29.2,9.719999999999995,22.66026741016798,0.3017508637193952,0.3325107142857142,0.0292845812225274,14.0,-0.2644634616655457,0.0303176280047028,6.973492945703292,0.3325107142857142,0.0292845812225274,14.0,3.5878148451182086,0.0020754871007695,0.0905208623299738,0.0004574355416912,22.673354919790448,1.255381384219955,0
THEM5,744.0,0.0,0.0,0.0,1.0,0.0,1.0,0.0,0.0,1.0,0.0,1.0,1.0,1.0,1.0,0.6097560975609756,0.9114001474610408,966707.8,212.0,0.03623047,0.0,1.0,0.0,0.0,0.0,0.0,0.0,0.0,0.0,0.0,0.0,0.0,0.0,0.0,1.0,0.0,0.0,0.0,0.0,0.0,0.0,0.0,0.0,0.0,0.0,0.0,1.0,0.0,1,18.49,0.0,22.487509290002507,0.3013711308299261,0.4204808571428571,0.0818727266786555,35.0,-0.2644634616655457,0.0303176280047028,6.973492945703292,0.4204808571428571,0.0818727266786555,35.0,1.521679256859675,0.4172287905820224,0.1188333680141596,0.0062740973822558,20.34292408279301,0.5862452864257927,0
KRT17,1299.0,0.0,0.0,0.0,0.5,0.0,1.0,0.5,0.0,1.0,0.0,1.0,2.0,1.0,1.0,0.0734484024972456,0.2652348238065164,1494501.0,323.0,0.01093578,7.026070935093301e-05,35.0,0.0,0.0,0.0,0.0,0.0,0.0,1.0,0.0,0.0,0.0,0.0,0.0,1.0,0.0,0.0,0.0,0.0,0.0,0.0,0.0,0.0,1.0,0.0,0.0,1.0,0.0,2,33.0,0.0,25.960504238065305,1.4547464609254055,1.0738023076923076,1.174745249202564,13.0,-0.253715,0.0082145657666666,4.0,0.8808405882352941,1.0111736017933823,17.0,3.357825713089507,0.1051654248660396,0.1188333680141596,0.0062740973822558,25.04597493493301,1.73435628525268,0
PRX,1938.063189568706,0.2347823368159056,0.0588042809393831,0.0136739047332758,0.6428256089742431,0.0009967886749183,0.99921532758391,0.0449804735941721,0.0033157494150929,0.9672006894641492,0.0016176455279269,1.717432076540993,2.096642384650469,0.8335989392433482,0.997473344569529,0.4969541694496251,0.7351606138763213,628546.7170199985,454.053337718543,0.0191374513533432,0.0001285428746511,20.76342360414577,3.0,0.0,0.0,0.0,0.0,0.0,0.0,0.0,0.0,0.0,0.0,0.0,0.0,0.0,0.0,0.0,0.0,0.0,0.0,0.0,0.0,0.0,0.0,0.0,3.0,0.0,3,10.433333333333334,154.83216233333334,22.487509290002507,0.3013711308299261,0.2993709999999999,0.0246516646988888,10.0,-0.2358916666666667,0.0070410955366666,6.0,0.2755662499999999,0.0181454371049999,16.0,2.8965603248846814,0.0228233420424392,0.0468771388594811,7.351920652126001e-05,20.34292408279301,0.5862452864257927,0
SULT2B1,1098.0,0.0,0.0,0.0,1.0,0.0,1.0,0.0,0.0,1.0,0.0,1.0,1.0,1.0,1.0,0.2688172043010752,0.621968728033617,1590428.0,242.0,0.03258731,1.0068775733122445e-05,10.0,0.0,0.0,0.0,0.0,0.0,0.0,0.0,0.0,0.0,0.0,0.0,0.0,1.0,0.0,0.0,0.0,0.0,0.0,0.0,0.0,0.0,0.0,0.0,0.0,1.0,0.0,1,8.273,0.0,23.08397364405589,0.8371924773291037,0.2305742857142857,0.010588744695238,7.0,-0.2641671428571429,0.0094074777238095,7.0,0.2473707142857142,0.0095328472840659,14.0,2.801322457945176,0.1435838811842779,0.1188333680141596,0.0062740973822558,19.44521869185144,0.7637410996834341,0
RASEF,2223.0,0.3333333333333333,0.1666666666666666,0.0,0.3333333333333333,0.0,1.0,0.1666666666666666,0.0,0.8710490642551527,0.0,0.6666666666666666,1.3333333333333333,0.2747252747252747,1.0,0.7558578987150416,0.9674239494579128,119712.5,813.0,-0.04539411,0.0,1.0,0.0,0.0,0.0,0.0,0.0,0.0,1.0,0.0,0.0,0.0,0.0,0.0,2.0,1.0,0.0,0.0,0.0,0.0,2.0,0.0,0.0,1.0,0.0,0.0,5.0,0.0,5,19.3276,220.1534313,18.80991840643114,0.3800031490140793,0.1490425,0.002031512625,4.0,-0.2925205882352941,0.0145300754058823,17.0,0.2651914285714286,0.0152617524628571,21.0,3.5966014377683897,0.0027730299170962,0.0856248959680465,0.0075260216825098,19.48134066346783,0.4292102638974254,0
LRRC4C,1923.0,0.3846153846153846,0.0,0.0,0.6153846153846154,0.0,1.0,0.0,0.0,1.0000000000000002,0.0,1.3333333333333333,1.3333333333333333,1.0,1.0,0.7102272727272727,0.953245921687394,4202.538,1185.0,-0.03353075,0.0001042133813094,2.0,0.0,0.0,0.0,0.0,0.0,0.0,0.0,0.0,0.0,0.0,0.0,0.0,8.0,0.0,0.0,0.0,0.0,0.0,5.0,0.0,0.0,0.0,0.0,0.0,13.0,0.0,9,18.673615384615385,87.41304475641027,22.487509290002507,0.3013711308299261,0.2016157142857142,0.0122868269285714,7.0,-0.3247,0.0254002239333333,7.0,0.2631578571428571,0.0214728000027472,14.0,2.7118313306981805,0.276672867729183,0.1188333680141596,0.0062740973822558,20.34292408279301,0.5862452864257927,0
DXO,1191.0,0.5,0.0,0.0,0.5,0.0,1.0,0.0,0.0,1.0,0.0,0.5,0.5,1.0,1.0,0.6747638326585695,0.9402108818312382,2314693.0,203.0,0.03400279,7.277736115267607e-06,15.0,0.0,0.0,0.0,0.0,0.0,0.0,0.0,0.0,0.0,0.0,0.0,0.0,1.0,0.0,0.0,0.0,0.0,0.0,1.0,0.0,0.0,0.0,0.0,0.0,2.0,0.0,2,17.785,90.18245,21.07038007715289,0.2911421476044303,0.2928838461538462,0.0309110503923077,13.0,-0.12404,0.0303176280047028,1.0,0.2808235714285714,0.0305695804554945,14.0,3.241834508217285,0.0024862416578656,0.0339502674576608,0.0046633661690453,14.076557911456703,1.1914109977225869,0
EPSTI1,1233.0,0.0,0.0,0.0,1.0,0.0,1.0,0.0,0.0,1.0,0.0,1.0,1.0,1.0,1.0,0.1448016217781639,0.4246149144175793,109051.7,417.0,0.03328009,0.0,1.0,2.0,0.0,0.0,0.0,0.0,0.0,0.0,0.0,0.0,0.0,0.0,0.0,1.0,0.0,0.0,0.0,0.0,0.0,0.0,0.0,0.0,0.0,0.0,0.0,3.0,0.0,3,19.706666666666667,43.14013333333333,20.97387005418067,0.4648293587958551,0.1633266666666666,0.0042706512266666,6.0,-0.2901993333333333,0.0461021998923809,15.0,0.2539499999999999,0.0367884899199999,21.0,3.2979782389416954,0.0244182537073603,0.1188333680141596,0.0062740973822558,21.273613631445954,0.1707452229589301,0
ZNF829,1542.0,0.2,0.2,0.0,0.6,0.0,1.0,0.0,0.0,0.8277293767706428,0.0,1.5,2.0,0.7722007722007722,1.0,0.1317696666227434,0.3988272276217916,308757.5,976.0,-0.03841842,1.7336313537839372e-06,6.0,0.0,0.0,1.0,0.0,0.0,0.0,0.0,0.0,0.0,0.0,0.0,1.0,3.0,1.0,0.0,0.0,0.0,0.0,1.0,0.0,0.0,0.0,0.0,0.0,7.0,0.0,6,15.898428571428571,154.06547761904764,22.487509290002507,0.3013711308299261,0.4509763636363635,0.1348252361454545,11.0,-0.225324,0.00655399363,5.0,0.3804599999999999,0.1033001574266666,16.0,3.145887505780863,0.0183922446042027,0.1890700872431618,0.0406650714981672,20.34292408279301,0.5862452864257927,0
DEFA6,303.0,1.0,0.0,0.0,0.0,0.0,1.0,0.0,0.0,1.0,0.0,0.0,0.0,1.0,1.0,1.0,1.0,131883.7,628.0,0.01081873,0.0,2.0,0.0,0.0,0.0,0.0,0.0,0.0,0.0,0.0,0.0,0.0,0.0,0.0,0.0,0.0,0.0,0.0,0.0,0.0,1.0,0.0,0.0,0.0,0.0,0.0,1.0,0.0,1,0.319,0.0,18.16261751061019,5.472120260205157,0.2598705555555555,0.0218048765937908,18.0,-0.411375,0.0397241133499999,6.0,0.2977466666666666,0.0292432458231884,24.0,0.3643376428833248,0.7369738730231351,0.1188333680141596,0.0062740973822558,20.34292408279301,0.5862452864257927,0
RNASE2,486.0,0.0,0.0,0.0,1.0,0.0,1.0,0.0,0.0,1.0,0.0,1.0,1.0,1.0,1.0,0.278164116828929,0.6340873410773324,1005555.0,429.0,0.0044150629999999,0.0,1.0,0.0,0.0,0.0,0.0,0.0,0.0,0.0,0.0,0.0,0.0,0.0,0.0,1.0,0.0,0.0,0.0,0.0,0.0,0.0,0.0,0.0,0.0,0.0,0.0,1.0,0.0,1,20.5,0.0,23.120638572278423,0.231972448991944,0.2216884615384615,0.0170192512307692,13.0,-0.1701833333333333,0.0011462136333333,3.0,0.21203125,0.0141993059316666,16.0,2.565272626660167,0.0873813423029989,0.1188333680141596,0.0062740973822558,20.34292408279301,0.5862452864257927,0
UBOX5,1626.0,0.0,0.0,0.0,1.0,0.0,1.0,0.0,0.0,1.0,0.0,3.0,3.0,1.0,1.0,0.1101564221194095,0.3531453959059565,872596.5,192.0,0.05443581,7.483315243397585e-05,22.0,0.0,0.0,0.0,0.0,0.0,0.0,0.0,0.0,0.0,0.0,0.0,0.0,3.0,0.0,0.0,0.0,0.0,0.0,0.0,0.0,0.0,0.0,0.0,0.0,3.0,0.0,2,21.756666666666664,13.579633333333325,19.98745898261074,0.1208512339554564,0.3250088888888888,0.0443761369633986,18.0,-0.149455,0.0010918464499999,2.0,0.3074534999999999,0.0426821408976315,20.0,3.284747626787102,0.0028629336032094,0.0643328311801798,0.0026070236587308,20.34292408279301,0.5862452864257927,0
ACKR1,1017.0,0.3333333333333333,0.0,0.0,0.6666666666666666,0.0,1.0,0.0,0.0,1.0,0.0,1.0,1.0,1.0,1.0,0.8012820512820513,0.9787998957910544,99569.46,785.0,0.0143302,8.227262906218838e-08,2.0,0.0,0.0,0.0,0.0,0.0,0.0,0.0,0.0,0.0,0.0,0.0,0.0,2.0,0.0,0.0,0.0,0.0,0.0,1.0,0.0,0.0,0.0,0.0,0.0,3.0,0.0,3,9.441333333333333,53.60510533333333,22.487509290002507,0.3013711308299261,0.2521597143758343,0.0288347392278441,12.438422023182298,-0.2644634616655457,0.0303176280047028,6.973492945703292,0.2695940890589254,0.0322971464262917,18.874868282402527,2.871323642994052,0.1199912938338458,0.1188333680141596,0.0062740973822558,20.34292408279301,0.5862452864257927,0
ABCG2,1968.0,0.0,0.1428571428571428,0.0,0.8571428571428571,0.0,1.0,0.0,0.0,1.0,0.0,6.0,7.0,0.5991611743559018,1.0,0.0691085003455425,0.2537717719864126,432576.2,209.0,-0.007456405,0.0,1.0,0.0,0.0,0.0,0.0,0.0,0.0,0.0,0.0,0.0,0.0,0.0,0.0,6.0,1.0,0.0,0.0,0.0,0.0,0.0,0.0,0.0,0.0,0.0,0.0,7.0,0.0,4,26.014285714285712,52.1447619047619,17.717438690126336,0.4149891296022011,0.2220774999999999,0.0126689284916666,4.0,-0.2319346153846154,0.0154294681102564,13.0,0.229615294117647,0.0139661004014705,17.0,3.1005592137562954,0.0620454606833888,0.0426941724535911,0.0018479719944126,20.34292408279301,0.5862452864257927,0
KCTD16,1287.0,0.0,0.0,0.0,0.5,0.0,1.0,0.5,0.0,0.75,0.0,2.0,4.0,1.0,1.0,0.1791472590469365,0.4871994151046455,38690.27,643.0,-0.002161531,0.0,0.0,0.0,0.0,0.0,0.0,0.0,0.0,2.0,0.0,0.0,0.0,0.0,0.0,2.0,0.0,0.0,0.0,0.0,0.0,0.0,0.0,0.0,2.0,0.0,0.0,2.0,0.0,4,26.8,15.680000000000009,22.487509290002507,0.3013711308299261,0.1761766666666666,0.0012956892666666,6.0,-0.2659118181818182,0.0101204591963636,11.0,0.2342405882352941,0.0086840804433823,17.0,2.202642099342866,0.1943739535854761,0.0399380410428279,8.970310457523273e-05,20.34292408279301,0.5862452864257927,0
PRR14L,6456.0,0.2666666666666666,0.0666666666666666,0.0,0.5333333333333333,0.0,1.0,0.1333333333333333,0.0,0.9188632257835572,0.0,1.6,2.2,0.7930214115781126,1.0,0.4950495049504951,0.8431175799074819,547969.9,268.0,0.03618992,2.66686093398948e-06,8.0,0.0,0.0,0.0,0.0,0.0,0.0,2.0,0.0,0.0,0.0,0.0,0.0,8.0,1.0,0.0,0.0,0.0,0.0,4.0,0.0,0.0,2.0,0.0,0.0,13.0,0.0,10,10.715,135.20661183333334,21.845963758095785,0.1165564951248131,0.19899,0.0040536807142857,8.0,-0.2537183333333333,0.0058177489242424,12.0,0.231827,0.0056183114431578,20.0,3.723819109173662,0.0012069433454439,0.0444016834616252,4.642344420650322e-05,21.541435726707228,0.2430703505640427,0
ELMO1,1938.063189568706,0.2347823368159056,0.0588042809393831,0.0136739047332758,0.6428256089742431,0.0009967886749183,0.99921532758391,0.0449804735941721,0.0033157494150929,0.9672006894641492,0.0016176455279269,1.717432076540993,2.096642384650469,0.8335989392433482,0.997473344569529,0.4969541694496251,0.7351606138763213,628546.7170199985,454.053337718543,0.0191374513533432,0.0001285428746511,20.76342360414577,0.0,0.0,0.0,0.0,0.0,0.0,1.0,0.0,0.0,0.0,0.0,0.0,6.0,0.0,0.0,0.0,0.0,0.0,1.0,1.0,0.0,1.0,0.0,0.0,8.0,0.0,7,23.9145,49.33059628571429,25.07819339653983,0.1701000613028344,0.2602114285714286,0.0133668559528571,21.0,-0.2593675,0.011013349425,4.0,0.2600764,0.0125158150156666,25.0,3.326879359396251,0.0147406986192309,0.1035216785175122,0.003354079592328,20.902757249529,0.3424961217761138,0
DNAJB5,1389.0,0.3333333333333333,0.0,0.0,0.3333333333333333,0.0,1.0,0.3333333333333333,0.0,1.0,0.0,0.5,1.0,1.0,1.0,0.7604562737642585,0.9686970841290706,676165.8,394.0,0.02315957,1.0306427742594084e-05,16.0,2.0,0.0,0.0,0.0,0.0,0.0,1.0,0.0,0.0,0.0,0.0,0.0,1.0,0.0,0.0,0.0,0.0,0.0,1.0,0.0,0.0,2.0,0.0,0.0,3.0,0.0,5,13.316666666666668,21.402633333333323,21.08193404432308,0.2971561041090249,0.1915137499999999,0.0062042282553571,8.0,-0.271257,0.0116666734899999,10.0,0.2358155555555555,0.0103936364026143,18.0,3.124640523809079,0.0197646629687309,0.0801306729291627,0.0001809291286547,14.545348403448749,1.124929539101399,0
AOC2,2271.0,0.3333333333333333,0.3333333333333333,0.0,0.3333333333333333,0.0,1.0,0.0,0.0,1.0,0.0,0.5,1.0,0.364963503649635,1.0,0.8116883116883117,0.9810380398630908,1631295.0,190.0,0.02826147,1.4120960064114214e-07,2.0,0.0,0.0,0.0,0.0,0.0,0.0,0.0,0.0,0.0,0.0,0.0,0.0,1.0,1.0,0.0,0.0,0.0,0.0,1.0,0.0,0.0,0.0,0.0,0.0,3.0,0.0,2,19.670666666666666,238.9728813333333,22.487509290002507,0.3013711308299261,0.7156279999999999,0.2254672452844444,10.0,-0.31364875,0.0140539330982142,8.0,0.5369705555555555,0.1673969761467319,18.0,2.870946257220982,0.0158972209319328,0.1188333680141596,0.0062740973822558,20.34292408279301,0.5862452864257927,0
STARD5,1938.063189568706,0.2347823368159056,0.0588042809393831,0.0136739047332758,0.6428256089742431,0.0009967886749183,0.99921532758391,0.0449804735941721,0.0033157494150929,0.9672006894641492,0.0016176455279269,1.717432076540993,2.096642384650469,0.8335989392433482,0.997473344569529,0.4969541694496251,0.7351606138763213,628546.7170199985,454.053337718543,0.0191374513533432,0.0001285428746511,20.76342360414577,0.0,0.0,0.0,0.0,0.0,0.0,0.0,0.0,0.0,0.0,0.0,1.0,0.0,0.0,0.0,0.0,0.0,0.0,0.0,0.0,0.0,0.0,0.0,0.0,1.0,0.0,1,3.222,0.0,22.007265167234177,0.205052641308083,0.16623,0.0008461218,4.0,-0.2290878571428571,0.0111551391258241,14.0,0.2151194444444444,0.0094027951114379,18.0,3.096392328587874,0.0169753336515885,0.0460106273871496,0.0033917872160609,20.34292408279301,0.5862452864257927,0
DIS3L,3165.0,0.0,0.3333333333333333,0.0,0.6666666666666666,0.0,1.0,0.0,0.0,1.0,0.0,2.0,3.0,0.6157635467980296,1.0,0.6035003017501509,0.9082732277878248,530074.5,307.0,0.04385126,2.14123177855792e-05,20.0,0.0,0.0,0.0,0.0,0.0,0.0,0.0,0.0,0.0,0.0,0.0,0.0,2.0,1.0,0.0,0.0,0.0,0.0,0.0,0.0,0.0,0.0,0.0,0.0,3.0,0.0,2,26.473333333333333,109.19613333333332,22.817584290182435,0.0557613753883945,0.1734775,0.0008517544916666,4.0,-0.2339858333333333,0.0066728691901515,12.0,0.21885875,0.005796039985,16.0,3.5117653114380536,0.0017967246241945,0.039285667529599,5.548864227823644e-05,20.34292408279301,0.5862452864257927,0
MAEA,1191.0,0.4,0.0,0.0,0.6,0.0,1.0,0.0,0.0,1.0,0.0,1.0,1.0,1.0,1.0,0.4543389368468878,0.8127722864808381,938287.3,391.0,0.03716952,3.089148274066165e-05,18.0,0.0,0.0,0.0,0.0,0.0,0.0,0.0,0.0,0.0,0.0,0.0,0.0,4.0,0.0,0.0,0.0,0.0,0.0,2.0,0.0,0.0,0.0,0.0,0.0,6.0,0.0,4,15.2365,118.8815559,23.287261190609584,0.0298935514543653,0.1852033333333333,0.0021672925866666,6.0,-0.2398727272727273,0.0298969471218181,11.0,0.2205776470588235,0.0200880804941176,17.0,3.541133473060444,0.001243355757174,0.0288679923197104,0.0043067844303006,16.629206825654663,1.0946151087107443,0
COL19A1,3429.0,0.3333333333333333,0.1111111111111111,0.0,0.5555555555555556,0.0,1.0,0.0,0.0,1.0,0.0,1.25,1.5,0.6119951040391677,1.0,0.6493506493506493,0.9297288418347648,93519.62,947.0,0.01502362,0.0,1.0,0.0,0.0,0.0,0.0,0.0,0.0,0.0,0.0,0.0,0.0,0.0,0.0,5.0,1.0,0.0,0.0,0.0,0.0,3.0,0.0,0.0,0.0,0.0,0.0,9.0,0.0,8,19.66811111111112,122.93309711111112,22.487509290002507,0.3013711308299261,0.2033475,0.0024847963357142,8.0,-0.213995,0.0212642478999999,4.0,0.2068966666666666,0.0074080578242424,12.0,2.046278348578736,0.2890544449657879,0.0523465625582714,0.0032167024827952,22.60821595207227,0.206505843738121,0
ZNF853,1980.0,0.2857142857142857,0.0,0.0,0.5714285714285714,0.0,1.0,0.0,0.1428571428571428,0.8982265179691366,0.0,1.3333333333333333,1.6666666666666667,1.0,1.0,0.2140410958904109,0.5440041193334602,628464.2070903856,454.1716887539794,0.0191206869507081,0.0,0.0,0.0,0.0,0.0,0.0,0.0,0.0,0.0,0.0,0.0,1.0,0.0,0.0,4.0,0.0,0.0,0.0,0.0,0.0,2.0,0.0,0.0,1.0,0.0,0.0,6.0,0.0,7,12.883,189.0889744,19.794204100177147,0.2941725796958753,0.2678033333333333,0.0188260625333333,21.0,-0.2476,0.0089621386,5.0,0.2639180769230769,0.0165607281121538,26.0,3.1566630720524915,0.0264261917715413,0.0277900059707552,5.636810222585672e-05,21.65697299924697,0.5150499474757211,0
EVI5,2433.0,0.1428571428571428,0.1428571428571428,0.0,0.2857142857142857,0.0,1.0,0.4285714285714285,0.0,0.592906071876546,0.0,1.0,3.0,0.4662004662004662,1.0,0.7616146230007617,0.9690134008535104,488548.9,506.0,0.003535223,1.5343038665532763e-06,5.0,0.0,0.0,0.0,0.0,0.0,0.0,1.0,2.0,0.0,0.0,0.0,0.0,2.0,1.0,0.0,0.0,0.0,0.0,1.0,0.0,0.0,1.0,0.0,2.0,4.0,0.0,6,27.79825,284.6654789166667,22.449549804859185,0.0676684984355263,0.2221788888888889,0.0071795508611111,9.0,-0.1826685714285714,0.0033002242809523,7.0,0.204893125,0.00555896311625,16.0,3.5426455681489584,0.00169330691044,0.1188333680141596,0.0062740973822558,22.952943334697142,0.193328456035305,0
SLC7A13,1413.0,0.0,0.5,0.0,0.5,0.0,1.0,0.0,0.0,1.0,0.0,1.0,2.0,0.3088326127239037,1.0,0.1479727730097662,0.4307083439319473,192785.4,1147.0,0.002500123,0.0,0.0,0.0,0.0,0.0,0.0,0.0,0.0,0.0,0.0,0.0,0.0,0.0,1.0,1.0,1.0,0.0,0.0,0.0,0.0,0.0,0.0,0.0,0.0,0.0,0.0,3.0,0.0,3,18.80333333333333,274.25803333333334,22.487509290002507,0.3013711308299261,0.3227649999999999,0.0423740667565217,24.0,-0.23813,0.0303176280047028,1.0,0.3193796,0.0408950039706666,25.0,0.4256602447637317,0.3140770356040308,0.1188333680141596,0.0062740973822558,20.34292408279301,0.5862452864257927,0
AC008397.2,1938.063189568706,0.2347823368159056,0.0588042809393831,0.0136739047332758,0.6428256089742431,0.0009967886749183,0.99921532758391,0.0449804735941721,0.0033157494150929,0.9672006894641492,0.0016176455279269,1.717432076540993,2.096642384650469,0.8335989392433482,0.997473344569529,0.4969541694496251,0.7351606138763213,628546.7170199985,454.053337718543,0.0191374513533432,0.0001285428746511,20.76342360414577,0.0,0.0,2.0,0.0,0.0,0.0,0.0,0.0,0.0,0.0,0.0,1.0,5.0,0.0,0.0,0.0,0.0,0.0,0.0,0.0,0.0,0.0,0.0,0.0,8.0,0.0,3,11.0805,65.2646342857143,22.487509290002507,0.3013711308299261,0.2521597143758343,0.0288347392278441,12.438422023182298,-0.2644634616655457,0.0303176280047028,6.973492945703292,0.2695940890589254,0.0322971464262917,18.874868282402527,2.8659818862401627,0.1030572190463173,0.1188333680141596,0.0062740973822558,20.34292408279301,0.5862452864257927,0
PGAM1,1938.063189568706,0.2347823368159056,0.0588042809393831,0.0136739047332758,0.6428256089742431,0.0009967886749183,0.99921532758391,0.0449804735941721,0.0033157494150929,0.9672006894641492,0.0016176455279269,1.717432076540993,2.096642384650469,0.8335989392433482,0.997473344569529,0.4969541694496251,0.7351606138763213,628546.7170199985,454.053337718543,0.0191374513533432,0.0001285428746511,20.76342360414577,0.0,0.0,0.0,0.0,0.0,0.0,0.0,0.0,0.0,0.0,0.0,1.0,0.0,0.0,0.0,0.0,0.0,0.0,0.0,0.0,0.0,0.0,0.0,0.0,1.0,0.0,1,2.738,0.0,28.613258197095742,0.081214409559298,0.284097037037037,0.0186376209062678,27.0,-0.1599533333333333,0.0024342847866666,6.0,0.2615254545454545,0.0178877126068181,33.0,3.779436102540308,0.0033706313236501,0.0355458332327394,0.0001174450850536,21.135273000004453,0.1812298278392043,0
CCER1,1221.0,0.3333333333333333,0.0,0.0,0.6666666666666666,0.0,1.0,0.0,0.0,1.0,0.0,1.3333333333333333,1.3333333333333333,1.0,1.0,0.6684491978609626,0.9376971120001908,20238.23,574.0,-0.03342715,2.0969112221150017e-06,7.0,0.0,0.0,0.0,0.0,0.0,0.0,0.0,0.0,0.0,0.0,0.0,0.0,4.0,1.0,0.0,0.0,0.0,0.0,2.0,0.0,0.0,0.0,1.0,0.0,6.0,0.0,6,7.922333333333334,78.59242346666667,22.487509290002507,0.3013711308299261,0.2276645454545454,0.0121475115472727,11.0,-0.221185,0.0134869965666666,4.0,0.2259366666666667,0.0115756614095238,15.0,0.0470708322607992,0.0406905549178599,0.1188333680141596,0.0062740973822558,20.34292408279301,0.5862452864257927,0
SNPH,1485.0,0.4,0.0,0.0,0.6,0.0,1.0,0.0,0.0,1.0,0.0,1.0,1.0,1.0,1.0,0.1876876876876876,0.5016846721542959,441449.4,468.0,0.03188714,0.0,0.0,0.0,0.0,0.0,0.0,0.0,0.0,0.0,0.0,0.0,0.0,0.0,0.0,3.0,0.0,0.0,0.0,0.0,0.0,2.0,0.0,0.0,0.0,0.0,0.0,5.0,0.0,4,19.04,108.9398,15.54878841428187,0.5270685786104301,0.3226672222222222,0.0412728707624183,18.0,-0.1850566666666666,0.0043483592333333,3.0,0.3030085714285714,0.0379514901428571,21.0,3.055840879077253,0.0288021069553643,0.0878834845270274,0.0024271774462474,16.670054312878314,0.5546298509750743,0
ANK2,11874.0,0.2105263157894736,0.2105263157894736,0.0,0.5526315789473685,0.0,1.0,0.0263157894736842,0.0,0.8569393900840536,0.0,2.333333333333333,3.333333333333333,0.0433877125997917,1.0,0.8025682182985554,0.979083804466502,237324.5,911.0,0.01393149,3.9914472228717045e-05,16.0,0.0,0.0,0.0,0.0,0.0,0.0,1.0,0.0,0.0,0.0,0.0,5.0,21.0,8.0,0.0,0.0,0.0,0.0,8.0,0.0,0.0,1.0,0.0,0.0,42.0,0.0,12,19.849047619047617,189.97306058304287,24.205984522241305,0.2675245355584076,0.1697499999999999,0.0025743892,3.0,-0.2447921428571428,0.0165570101258241,14.0,0.2315494117647059,0.0146439119308823,17.0,3.481344725046593,0.0340606367700212,0.1188333680141596,0.0062740973822558,25.280233037136885,0.3130301444957436,0
HAS3,1662.0,0.3333333333333333,0.0,0.0,0.6666666666666666,0.0,1.0,0.0,0.0,1.0,0.0,1.3333333333333333,1.3333333333333333,1.0,1.0,0.0584932147870847,0.2245463569265819,1179391.0,201.0,0.02393506,0.0,1.0,0.0,0.0,0.0,0.0,0.0,0.0,0.0,0.0,0.0,0.0,0.0,0.0,4.0,0.0,0.0,0.0,0.0,0.0,2.0,0.0,0.0,0.0,0.0,0.0,6.0,0.0,5,23.0805,299.7554215,22.487509290002507,0.3013711308299261,0.1703444444444444,0.0053064659277777,9.0,-0.4627319999999999,0.0800988844844444,9.0,0.3242326315789473,0.0649053669760234,18.0,3.120779478758511,0.0407258615794993,0.0951258978724948,0.006975879035121,20.34292408279301,0.5862452864257927,0
ESYT2,2682.0,0.6,0.0,0.0,0.4,0.0,1.0,0.0,0.0,1.0,0.0,0.5,0.5,1.0,1.0,0.3992015968063872,0.7657839259628056,286662.9,344.0,0.0009180712,5.536195232431569e-06,10.0,0.0,0.0,0.0,0.0,0.0,0.0,0.0,0.0,0.0,0.0,0.0,0.0,2.0,0.0,0.0,0.0,0.0,0.0,3.0,0.0,0.0,0.0,0.0,0.0,5.0,0.0,5,14.3202,73.82632269999999,25.02307035005934,0.1292906768372472,0.2834899999999999,0.0165165309619047,22.0,-0.19206,0.0025145113999999,4.0,0.2694238461538462,0.0153073676086153,26.0,3.71916054890579,0.0011759905423738,0.0619333096828287,0.0001658374617665,24.05016301713748,0.2055856111277915,0
CCDC7,1887.0,0.0,0.1111111111111111,0.0,0.6666666666666666,0.0,1.0,0.2222222222222222,0.0,0.8333333333333335,0.0,6.0,9.0,0.7942811755361397,1.0,0.1562255897516013,0.4462512463927304,602870.3,482.0,0.001851681,2.3822432750518352e-06,4.0,0.0,0.0,0.0,0.0,0.0,0.0,2.0,0.0,0.0,0.0,0.0,0.0,7.0,2.0,0.0,0.0,0.0,0.0,1.0,0.0,0.0,2.0,0.0,0.0,10.0,0.0,8,12.8911,153.5977845444445,18.304926861983784,0.8256047280172194,0.29772,0.0217720901461538,27.0,-0.2508,0.0087756828499999,5.0,0.29038875,0.0196924063209677,32.0,3.2638464444955986,0.0074542041069128,0.1188333680141596,0.0062740973822558,20.34292408279301,0.5862452864257927,0
R3HDM4,807.0,0.5,0.0,0.0,0.5,0.0,1.0,0.0,0.0,1.0,0.0,0.6666666666666666,0.6666666666666666,1.0,1.0,0.5020080321285141,0.8479614252823326,2230583.0,191.0,0.03565665,0.0,1.0,0.0,0.0,0.0,0.0,0.0,0.0,0.0,0.0,0.0,0.0,0.0,0.0,2.0,0.0,0.0,0.0,0.0,0.0,2.0,0.0,0.0,0.0,0.0,0.0,4.0,0.0,4,11.4675,174.44185366666667,18.79009687907433,0.1770241368585338,0.17664,0.0047284934,6.0,-0.356120909090909,0.0524989902090909,11.0,0.2927747058823529,0.0421060090389705,17.0,3.44993664627742,0.0035185253352481,0.070326584686004,0.0044953107010159,20.34292408279301,0.5862452864257927,0
DAB2IP,3399.0,0.2307692307692307,0.0,0.0,0.5384615384615384,0.0,1.0,0.2307692307692307,0.0,0.9011575366850628,0.0,1.75,2.5,1.0,1.0,0.5246589716684156,0.8630675788205722,448983.6,475.0,0.02232244,3.896163435478416e-05,21.0,0.0,0.0,0.0,0.0,0.0,0.0,2.0,1.0,0.0,0.0,0.0,0.0,7.0,0.0,0.0,0.0,0.0,0.0,3.0,0.0,0.0,2.0,0.0,1.0,10.0,0.0,10,19.9427,113.49400623333334,24.076503201302145,0.0773323252013727,0.196382,0.00689400697,5.0,-0.2600525,0.0133104481266666,16.0,0.2448928571428572,0.0121338151214285,21.0,3.5465590100902946,0.0032537940075131,0.0970890673271396,0.0094033019859773,24.985315268436256,0.1196980126437269,0
S100A9,345.0,0.0,0.0,0.0,1.0,0.0,1.0,0.0,0.0,1.0,0.0,1.0,1.0,1.0,1.0,0.2315886984715146,0.5703548707949551,1140044.0,401.0,0.03154929,0.000117492517234,82.0,0.0,0.0,0.0,0.0,0.0,0.0,0.0,0.0,0.0,0.0,0.0,0.0,1.0,0.0,0.0,0.0,0.0,0.0,0.0,0.0,0.0,0.0,0.0,0.0,1.0,0.0,1,16.97,0.0,30.026904717048545,1.2977535124669637,0.3654261111111111,0.0502930076073015,36.0,-0.2644634616655457,0.0303176280047028,6.973492945703292,0.3654261111111111,0.0502930076073015,36.0,3.4724002133327305,0.0909746875905624,0.1188333680141596,0.0062740973822558,26.99683844226153,0.8834706370890899,0
TCEAL1,480.0,0.0,0.0,0.0,1.0,0.0,1.0,0.0,0.0,1.0,0.0,1.0,1.0,1.0,1.0,0.5411255411255411,0.8734328859412838,490345.4,454.1716887539794,0.03136172,0.0001055384432253,45.0,0.0,0.0,0.0,0.0,0.0,0.0,0.0,0.0,0.0,0.0,0.0,0.0,1.0,0.0,0.0,0.0,0.0,0.0,0.0,0.0,0.0,0.0,0.0,0.0,1.0,0.0,1,5.419,0.0,23.252684340661776,0.2295761152614743,0.2029633333333333,0.012265785275,9.0,-0.2293578571428571,0.0108739449873626,14.0,0.2190295652173912,0.0110592778134387,23.0,3.244254188242968,0.011895484889717,0.1188333680141596,0.0062740973822558,23.74368727715395,0.6390626795677471,0
SLC38A9,1686.0,0.0,0.0,0.0,0.6666666666666666,0.0,1.0,0.3333333333333333,0.0,1.0,0.0,2.0,3.0,1.0,1.0,0.1314924391847468,0.3982650789889881,340222.6,390.0,0.02357473,5.331144043512509e-06,8.0,0.0,0.0,0.0,0.0,0.0,0.0,1.0,0.0,0.0,0.0,0.0,0.0,2.0,0.0,0.0,0.0,0.0,0.0,0.0,0.0,0.0,1.0,0.0,0.0,2.0,0.0,3,25.07,70.32979999999999,18.53955718544228,0.3396083280486303,0.171176,0.0014320615799999,5.0,-0.2666377777777777,0.0114965787694444,9.0,0.2325442857142857,0.009768654210989,14.0,3.304440227107362,0.00301553219176,0.023111376817151,2.5923726419926587e-05,20.34292408279301,0.5862452864257927,0
WWOX,1245.0,0.25,0.0,0.0,0.75,0.0,1.0,0.0,0.0,1.0,0.0,1.5,1.5,1.0,1.0,0.3288391976323578,0.6945696838853102,51598.73,1260.0,-0.03448865,0.0017234155559933,241.0,1.0,0.0,0.0,0.0,0.0,0.0,0.0,0.0,0.0,0.0,0.0,1.0,3.0,0.0,0.0,0.0,0.0,0.0,1.0,0.0,0.0,0.0,0.0,0.0,6.0,0.0,4,14.3645,132.06667190000002,22.199385906627548,0.0952145774300072,0.1617814285714285,0.0030941937809523,7.0,-0.3841323076923076,0.0426100873358974,13.0,0.3063094999999999,0.0397283061523684,20.0,3.264721429197485,0.0043780245868677,0.0279202544927553,0.0034158004165851,20.45462471049953,0.4388593452689987,0
NEDD4,3744.0,0.1666666666666666,0.1666666666666666,0.0,0.6666666666666666,0.0,1.0,0.0,0.0,1.0,0.0,2.0,2.5,0.6067961165048543,1.0,0.5757052389176741,0.8935863484507587,259241.6,271.0,-0.001238782,0.0043128792310131,290.0,0.0,0.0,0.0,0.0,0.0,0.0,0.0,0.0,0.0,0.0,0.0,0.0,4.0,2.0,0.0,0.0,0.0,0.0,0.0,1.0,0.0,0.0,0.0,0.0,7.0,0.0,3,24.41,132.2947,22.917344062849924,0.1647564883479951,0.1734775,0.0008517544916666,4.0,-0.2388546153846154,0.0059373102602564,13.0,0.2234717647058823,0.0054298068654411,17.0,3.3244690404532142,0.0157292956572454,0.0284145488533862,2.1050529122495032e-05,20.19000111979342,1.0195081096585807,0
PARS2,1428.0,0.3333333333333333,0.0,0.0,0.6666666666666666,0.0,1.0,0.0,0.0,1.0,0.0,1.0,1.0,1.0,1.0,0.4970178926441352,0.8444976402770838,578298.8,343.0,0.02319672,2.417697129090672e-06,6.0,0.0,0.0,0.0,0.0,0.0,0.0,0.0,0.0,0.0,0.0,0.0,0.0,2.0,0.0,0.0,0.0,0.0,0.0,1.0,0.0,0.0,0.0,0.0,0.0,3.0,0.0,3,17.157333333333334,124.84458133333332,23.49459997450399,0.1070480372681507,0.206489,0.0068889151211111,10.0,-0.159364,0.00253367053,5.0,0.1907806666666666,0.0056812478780952,15.0,3.16666705512314,0.0036055738242026,0.050517733446265,7.644616724006123e-05,20.34292408279301,0.5862452864257927,0
PDK3,1248.0,0.2857142857142857,0.0,0.1428571428571428,0.4285714285714285,0.0,1.0,0.1428571428571428,0.0,0.8982265179691364,0.0,1.0,1.6666666666666667,0.4224757076468103,1.0,0.6485084306095981,0.92936464016935,512129.5,454.1716887539794,0.03359393,2.987941550378035e-06,7.0,0.0,0.0,0.0,0.0,0.0,0.0,1.0,0.0,0.0,0.0,0.0,0.0,3.0,0.0,0.0,0.0,0.0,0.0,2.0,1.0,0.0,1.0,0.0,0.0,6.0,0.0,6,22.081666666666667,93.21921666666668,23.512488238212413,0.2525879933960095,0.1712871428571428,0.0019666178571428,7.0,-0.2791693333333332,0.0299790554352381,15.0,0.2448431818181818,0.0231930566417748,22.0,3.603957861097657,0.0063622781506936,0.4927329349186775,0.0075351202811787,20.34292408279301,0.5862452864257927,0
TEX13A,1230.0,0.0,0.0,0.0,0.6666666666666666,0.0,1.0,0.3333333333333333,0.0,1.0,0.0,2.0,3.0,1.0,1.0,0.1605394124257505,0.4542006431645546,9758.692,454.1716887539794,0.001705515,0.0,1.0,0.0,0.0,0.0,0.0,0.0,0.0,1.0,0.0,0.0,0.0,0.0,0.0,2.0,0.0,0.0,0.0,0.0,0.0,0.0,0.0,0.0,1.0,0.0,0.0,2.0,0.0,3,14.7835,46.590204499999984,22.487509290002507,0.3013711308299261,0.2029633333333333,0.012265785275,9.0,-0.2293578571428571,0.0108739449873626,14.0,0.2190295652173912,0.0110592778134387,23.0,0.2247258353383693,0.210267606949612,0.1188333680141596,0.0062740973822558,20.34292408279301,0.5862452864257927,0
POLM,1485.0,0.0,0.0,0.0,0.6,0.0,1.0,0.4,0.0,0.8277293767706428,0.0,3.0,5.0,1.0,1.0,0.8561643835616438,0.9891206202106466,1151124.0,282.0,0.05565149,1.7973734362591943e-06,9.0,0.0,0.0,0.0,0.0,0.0,0.0,1.0,1.0,0.0,0.0,0.0,2.0,3.0,0.0,0.0,0.0,0.0,0.0,0.0,0.0,0.0,1.0,0.0,1.0,5.0,0.0,6,9.2998,86.9942582,20.81013950829136,0.1546468266835951,0.2568023809523809,0.0124413355790476,21.0,-0.2593675,0.011013349425,4.0,0.2572128,0.0117453695043333,25.0,3.304400126316132,0.0032282447588296,0.0510232692848522,0.0019517971841547,20.17561068934632,0.2244349413051371,0
STK11,1302.0,1.0,0.0,0.0,0.0,0.0,1.0,0.0,0.0,1.0,0.0,0.0,0.0,1.0,1.0,1.0,1.0,2214581.0,234.0,0.02882151,0.0002358905073034,41.0,0.0,0.0,0.0,0.0,0.0,0.0,0.0,0.0,0.0,0.0,0.0,0.0,0.0,0.0,0.0,0.0,0.0,0.0,3.0,0.0,0.0,0.0,0.0,0.0,3.0,0.0,3,8.762,12.252403,21.7218879020489,0.0578910511957001,0.1852971428571428,0.0044650340238095,7.0,-0.360959,0.05753444701,10.0,0.2886276470588235,0.0419786765691176,17.0,3.489774876982412,0.0019865457156593,0.0267544024592896,0.0024261142510852,22.891722166563284,0.3403995715567937,0
DYNLRB1,291.0,0.0,0.0,0.0,1.0,0.0,1.0,0.0,0.0,1.0,0.0,1.0,1.0,1.0,1.0,0.188040616773223,0.5022747824033149,990457.9,214.0,0.05389955,1.7576613606596807e-05,21.0,0.0,0.0,0.0,0.0,0.0,0.0,0.0,0.0,0.0,0.0,0.0,0.0,1.0,0.0,0.0,0.0,0.0,0.0,0.0,0.0,0.0,0.0,0.0,0.0,1.0,0.0,1,33.0,0.0,26.070370470913183,0.0543636517002109,0.2857184999999999,0.0279133350871052,20.0,-0.149455,0.0010918464499999,2.0,0.2733309090909089,0.0269145115705627,22.0,3.5016642207812927,0.0017263771020041,0.0640042591016163,0.0001329725311759,20.34292408279301,0.5862452864257927,0
C2ORF74,585.0,0.0,0.0,0.0,1.0,0.0,1.0,0.0,0.0,1.0,0.0,1.0,1.0,1.0,1.0,0.4312203536006899,0.7939353420756337,628464.2070903856,454.1716887539794,0.0191206869507081,0.0,1.0,0.0,0.0,0.0,0.0,0.0,0.0,0.0,0.0,0.0,0.0,0.0,0.0,1.0,0.0,0.0,0.0,0.0,0.0,0.0,0.0,0.0,0.0,0.0,0.0,1.0,0.0,1,4.205,0.0,22.487509290002507,0.3013711308299261,0.2579766666666666,0.0163383800380952,15.0,-0.2644634616655457,0.0303176280047028,6.973492945703292,0.2579766666666666,0.0163383800380952,15.0,2.773607616555432,0.0733064868438947,0.1188333680141596,0.0062740973822558,19.227713035201912,0.6141490514951569,0
GSTZ1,1938.063189568706,0.2347823368159056,0.0588042809393831,0.0136739047332758,0.6428256089742431,0.0009967886749183,0.99921532758391,0.0449804735941721,0.0033157494150929,0.9672006894641492,0.0016176455279269,1.717432076540993,2.096642384650469,0.8335989392433482,0.997473344569529,0.4969541694496251,0.7351606138763213,628546.7170199985,454.053337718543,0.0191374513533432,0.0001285428746511,20.76342360414577,0.0,0.0,0.0,0.0,0.0,0.0,0.0,0.0,0.0,0.0,0.0,2.0,0.0,0.0,0.0,0.0,0.0,0.0,0.0,0.0,0.0,0.0,0.0,0.0,2.0,0.0,2,23.8035,591.4392245,25.302024815521115,0.1740314095226967,0.2254527272727273,0.0134593236418181,11.0,-0.234696,0.0121698911299999,5.0,0.22834125,0.0122377662916666,16.0,3.28664099749154,0.0084300648789943,0.0915781611638478,0.0019082119466021,20.34292408279301,0.5862452864257927,0
FUT11,1479.0,1.0,0.0,0.0,0.0,0.0,1.0,0.0,0.0,1.0,0.0,0.0,0.0,1.0,1.0,1.0,1.0,1009357.0,191.0,0.04155191,2.859831341456777e-05,14.0,0.0,0.0,0.0,0.0,0.0,0.0,0.0,0.0,0.0,0.0,0.0,0.0,0.0,0.0,0.0,0.0,0.0,0.0,2.0,0.0,0.0,0.0,0.0,0.0,2.0,0.0,2,8.219999999999999,2.585538,22.430914970283307,0.1089993471087603,0.3091286666666667,0.0397094765843678,30.0,-0.17303,0.0039399367,3.0,0.2967560606060606,0.0378116109371212,33.0,3.3731869804744976,0.0036524584339618,0.0574464559815147,0.0052609289004551,20.34292408279301,0.5862452864257927,0
POLE,6861.0,0.1111111111111111,0.0,0.0555555555555555,0.8333333333333334,0.2777777777777778,0.8018946236940709,0.0,0.0,0.8186799193733241,0.0,5.0,5.333333333333333,0.5995203836930456,6e-05,0.00484,4.661502703280363e-06,628464.2070903856,454.1716887539794,0.0191206869507081,7.874354022246159e-05,33.0,0.0,0.0,0.0,0.0,0.0,0.0,0.0,0.0,0.0,0.0,0.0,0.0,15.0,0.0,0.0,0.0,0.0,0.0,2.0,1.0,0.0,0.0,0.0,0.0,18.0,0.0,12,23.831722222222226,74.25331338888888,20.756771999169995,0.2620021171850269,0.2151581818181818,0.0138063366563636,11.0,-0.21051,0.0105128579199999,6.0,0.2135176470588235,0.0119194710441176,17.0,3.556220332680137,0.0058378079010532,0.0326481041062293,0.0053293072906369,19.46134978762116,0.6286782442702018,0
LAMP2,1236.0,0.25,0.0,0.0,0.75,0.0,1.0,0.0,0.0,1.0,0.0,1.5,1.5,1.0,1.0,0.9216589861751152,0.9968479142787308,475980.6,454.1716887539794,0.02560296,9.627232770103116e-05,41.0,0.0,0.0,0.0,0.0,0.0,0.0,0.0,0.0,0.0,0.0,0.0,0.0,4.0,0.0,0.0,0.0,0.0,0.0,0.0,1.0,0.0,0.0,0.0,0.0,5.0,0.0,2,11.792,46.0537705,26.13707942610012,0.1509472360470033,0.1778999999999999,0.003625702375,9.0,-0.2361746666666666,0.0099723328980952,15.0,0.2143216666666666,0.0081617575623188,24.0,3.774595174951996,0.0022599987358709,0.1188333680141596,0.0062740973822558,13.785077165662006,1.610533914550331,0
ART1,984.0,0.5,0.0,0.0,0.5,0.0,1.0,0.0,0.0,1.0,0.0,0.5,0.5,1.0,1.0,0.856898029134533,0.989234235907814,537998.8,403.0,0.02296728,0.0,0.0,0.0,0.0,0.0,0.0,0.0,0.0,0.0,0.0,0.0,0.0,0.0,0.0,1.0,0.0,0.0,0.0,0.0,0.0,1.0,0.0,0.0,0.0,0.0,0.0,2.0,0.0,2,9.091,92.181042,22.487509290002507,0.3013711308299261,0.2927057142857143,0.0471122561285714,7.0,-0.246326,0.0116525892266666,10.0,0.2654235294117648,0.0247752637117647,17.0,0.9261672412773458,0.4787471283876143,0.1188333680141596,0.0062740973822558,20.34292408279301,0.5862452864257927,0
KCNS1,1581.0,0.1666666666666666,0.0,0.0,0.8333333333333334,0.0,1.0,0.0,0.0,1.0,0.0,2.5,2.5,1.0,1.0,0.0800768737988469,0.2822524169773488,865186.2,324.0,0.04627753,0.0,0.0,0.0,0.0,0.0,0.0,0.0,0.0,0.0,0.0,0.0,0.0,0.0,0.0,5.0,0.0,0.0,0.0,0.0,0.0,1.0,0.0,0.0,0.0,0.0,0.0,6.0,0.0,6,25.18166666666667,44.278016666666666,22.487509290002507,0.3013711308299261,0.2847314999999999,0.0281315452028947,20.0,-0.436535,0.1927521960499999,2.0,0.298531818181818,0.0366262041393939,22.0,2.678764810382551,0.04634563261055,0.1188333680141596,0.0062740973822558,20.34292408279301,0.5862452864257927,0
ZNF12,2094.0,0.25,0.0,0.0,0.75,0.0,1.0,0.0,0.0,1.0,0.0,1.5,1.5,1.0,1.0,0.1782213509178399,0.4856048755602985,721477.2,506.0,0.03862688,0.0,0.0,0.0,0.0,0.0,0.0,0.0,0.0,0.0,0.0,0.0,0.0,0.0,0.0,3.0,0.0,0.0,0.0,0.0,0.0,1.0,0.0,0.0,0.0,0.0,0.0,4.0,0.0,3,20.99,72.78686666666667,19.153056313629,0.0524451385011292,0.2678033333333333,0.0188260625333333,21.0,-0.2476,0.0089621386,5.0,0.2639180769230769,0.0165607281121538,26.0,3.5911022300431017,0.0010129454616973,0.0292652064360739,0.0070369455095519,17.13599476197173,2.0129381537944746,0
TMOD2,1056.0,0.0,0.0,0.0,1.0,0.0,1.0,0.0,0.0,1.0,0.0,3.0,3.0,1.0,1.0,0.4653327128897162,0.8213134563333521,443665.1,165.0,0.0271674,5.564584763785306e-05,21.0,0.0,0.0,0.0,0.0,0.0,0.0,0.0,0.0,0.0,0.0,0.0,0.0,3.0,0.0,0.0,0.0,0.0,0.0,0.0,0.0,0.0,0.0,0.0,0.0,3.0,0.0,3,25.2,35.17,22.43347826527589,0.2525255201956019,0.1734775,0.0008517544916666,4.0,-0.2398661538461538,0.0058556807923076,13.0,0.2242452941176471,0.0053940659389705,17.0,3.2371060102069658,0.0139845578779447,0.0618061916299081,0.0019275563171543,20.34292408279301,0.5862452864257927,0
ECHDC2,879.0,0.0,0.0,0.0,1.0,0.0,1.0,0.0,0.0,1.0,0.0,1.0,1.0,1.0,1.0,0.4235493434985176,0.7874143405774571,626387.2,311.0,0.02951741,9.99139590483999e-05,11.0,0.0,0.0,0.0,0.0,0.0,0.0,0.0,0.0,0.0,0.0,0.0,0.0,1.0,0.0,0.0,0.0,0.0,0.0,0.0,0.0,0.0,0.0,0.0,0.0,1.0,0.0,1,16.29,0.0,22.07756787779491,0.1686125770364802,0.206489,0.0068889151211111,10.0,-0.156144,0.00276248373,5.0,0.1897073333333333,0.0058213500780952,15.0,3.35743161855556,0.0088283466161595,0.0566396902748722,0.0027190868820781,20.34292408279301,0.5862452864257927,0
EGFEM1P,1938.063189568706,0.2347823368159056,0.0588042809393831,0.0136739047332758,0.6428256089742431,0.0009967886749183,0.99921532758391,0.0449804735941721,0.0033157494150929,0.9672006894641492,0.0016176455279269,1.717432076540993,2.096642384650469,0.8335989392433482,0.997473344569529,0.4969541694496251,0.7351606138763213,628546.7170199985,454.053337718543,0.0191374513533432,0.0001285428746511,20.76342360414577,0.0,0.0,0.0,0.0,0.0,0.0,0.0,0.0,0.0,0.0,0.0,0.0,0.0,0.0,0.0,1.0,0.0,0.0,0.0,0.0,0.0,0.0,0.0,0.0,1.0,0.0,1,1.074,0.0,22.487509290002507,0.3013711308299261,0.2929857894736841,0.0221161684479532,19.0,-0.17128,0.0303176280047028,1.0,0.2869004999999999,0.0216927745418421,20.0,2.871323642994052,0.1199912938338458,0.1188333680141596,0.0062740973822558,20.34292408279301,0.5862452864257927,0
FGF4,621.0,1.0,0.0,0.0,0.0,0.0,1.0,0.0,0.0,1.0,0.0,0.0,0.0,1.0,1.0,1.0,1.0,465151.7,561.0,0.03840945,0.0,0.0,0.0,0.0,0.0,0.0,0.0,0.0,0.0,0.0,0.0,0.0,0.0,0.0,0.0,0.0,0.0,0.0,0.0,0.0,1.0,0.0,0.0,0.0,0.0,0.0,1.0,0.0,1,3.944,0.0,18.1510684506175,0.8578901727177682,0.2981015384615385,0.1198707103141025,13.0,-0.2051625,0.0171347408916666,4.0,0.2762335294117647,0.0947671149367647,17.0,0.8533696322562662,1.592745514674168,0.0371590985383642,0.0061792790074307,20.34292408279301,0.5862452864257927,0
PIWIL3,2649.0,0.2,0.2,0.0,0.6,0.0,1.0,0.0,0.0,1.0,0.0,1.5,2.0,0.4633920296570899,1.0,0.8826125330979699,0.9928234616468395,399623.7,395.0,-0.003564249,0.0,1.0,0.0,0.0,1.0,0.0,0.0,0.0,0.0,0.0,0.0,0.0,0.0,0.0,2.0,1.0,0.0,0.0,0.0,0.0,1.0,1.0,0.0,0.0,0.0,1.0,5.0,0.0,5,7.867199999999999,143.3632137,22.487509290002507,0.3013711308299261,0.1958625,0.0032059505928571,8.0,-0.251285,0.0051065946818181,12.0,0.229116,0.0049135859199999,20.0,1.9424718088508808,0.1043731223328169,0.1188333680141596,0.0062740973822558,20.34292408279301,0.5862452864257927,0
KIF3A,2100.0,0.2222222222222222,0.3333333333333333,0.0,0.4444444444444444,0.0,1.0,0.0,0.0,0.8333333333333335,0.0,1.3333333333333333,2.333333333333333,0.2848191398461977,1.0,0.8539709649871904,0.9887771858373872,717412.2,356.0,0.0591933,6.637366094963859e-05,21.0,0.0,0.0,0.0,0.0,0.0,0.0,0.0,0.0,0.0,0.0,0.0,1.0,4.0,3.0,0.0,0.0,0.0,0.0,2.0,0.0,0.0,0.0,0.0,0.0,10.0,0.0,6,27.7093,148.98559378888888,23.98411846708441,0.0622973912745551,0.171176,0.0014320615799999,5.0,-0.2908854545454545,0.0133812325672727,11.0,0.25347625,0.0125867441449999,16.0,3.466732727201659,0.0023206115329678,0.0316306180695683,0.0024619009436822,22.139570974641,0.5622617925341861,0
TMEM47,546.0,0.0,0.0,0.0,1.0,0.0,1.0,0.0,0.0,1.0,0.0,1.0,1.0,1.0,1.0,0.5899705014749262,0.9012877527034888,7187.923000000001,454.1716887539794,-0.01557114,0.0,0.0,0.0,0.0,0.0,0.0,0.0,0.0,0.0,0.0,0.0,0.0,0.0,0.0,1.0,0.0,0.0,0.0,0.0,0.0,0.0,0.0,0.0,0.0,0.0,0.0,1.0,0.0,1,21.1,0.0,17.347331092398885,0.2981706617814969,0.1712871428571428,0.0019666178571428,7.0,-0.2903728571428571,0.0552929326065933,14.0,0.2506776190476191,0.0398393865990476,21.0,3.428573164331522,0.0299064072661405,0.4837632906785585,0.0050182057766949,14.725159665754106,0.8490968319591735,0
RPL12,498.0,0.0,0.0,0.0,1.0,0.0,1.0,0.0,0.0,1.0,0.0,2.0,2.0,1.0,1.0,0.171556013038257,0.473982751597772,784133.3,209.0,0.0450009,0.0001389175215773,135.0,0.0,0.0,0.0,0.0,0.0,0.0,0.0,0.0,0.0,0.0,0.0,0.0,2.0,0.0,0.0,0.0,0.0,0.0,0.0,0.0,0.0,0.0,0.0,0.0,2.0,0.0,2,25.55,0.125,28.52071834619581,0.0357723815010884,0.195936,0.00699179693,5.0,-0.2984270588235294,0.0219726904220588,17.0,0.2751336363636363,0.0200054991670995,22.0,3.942468098327274,0.0023882410712767,0.0373183884280302,4.29915292188863e-05,23.25034281020569,0.2431071956037014,0
CNGB3,2430.0,0.2307692307692307,0.2307692307692307,0.0,0.5384615384615384,0.0,1.0,0.0,0.0,0.9011575366850628,0.0,1.75,2.5,0.1619170984455958,1.0,0.8389261744966443,0.9862689334254682,191007.8,1171.0,0.001810871,0.0,0.0,0.0,0.0,0.0,0.0,0.0,0.0,0.0,0.0,0.0,0.0,0.0,0.0,7.0,3.0,0.0,0.0,0.0,0.0,3.0,0.0,0.0,0.0,0.0,0.0,13.0,0.0,6,17.97623076923077,199.8971963589744,19.26608165435657,0.1943494040681926,0.3227649999999999,0.0423740667565217,24.0,-0.23813,0.0303176280047028,1.0,0.3193796,0.0408950039706666,25.0,2.0488060918676125,0.1758060126199882,0.1188333680141596,0.0062740973822558,16.76812557287556,1.215939411912746,0
AP006333.1,1938.063189568706,0.2347823368159056,0.0588042809393831,0.0136739047332758,0.6428256089742431,0.0009967886749183,0.99921532758391,0.0449804735941721,0.0033157494150929,0.9672006894641492,0.0016176455279269,1.717432076540993,2.096642384650469,0.8335989392433482,0.997473344569529,0.4969541694496251,0.7351606138763213,628546.7170199985,454.053337718543,0.0191374513533432,0.0001285428746511,20.76342360414577,0.0,0.0,0.0,0.0,0.0,0.0,0.0,0.0,0.0,0.0,0.0,0.0,1.0,0.0,0.0,0.0,0.0,0.0,0.0,0.0,0.0,0.0,0.0,0.0,1.0,0.0,1,19.49,0.0,22.487509290002507,0.3013711308299261,0.2521597143758343,0.0288347392278441,12.438422023182298,-0.2644634616655457,0.0303176280047028,6.973492945703292,0.2695940890589254,0.0322971464262917,18.874868282402527,2.871323642994052,0.1199912938338458,0.1188333680141596,0.0062740973822558,20.34292408279301,0.5862452864257927,0
NKX6-3,408.0,0.0,0.0,0.0,0.75,0.0,1.0,0.25,0.0,1.0,0.0,3.0,4.0,1.0,1.0,0.0929800092980009,0.3138420049018775,434010.2,533.0,0.03692648,0.0,0.0,0.0,0.0,0.0,0.0,0.0,0.0,1.0,0.0,0.0,0.0,0.0,0.0,2.0,0.0,0.0,0.0,0.0,0.0,1.0,1.0,0.0,1.0,0.0,0.0,4.0,0.0,5,19.6225,171.42482500000003,22.487509290002507,0.3013711308299261,0.2906875,0.036483865697826,24.0,-0.61169,0.2790941472,2.0,0.31538,0.0523382223919999,26.0,1.098352800141977,1.3509728836709287,0.1188333680141596,0.0062740973822558,20.34292408279301,0.5862452864257927,0
SLC17A7,1683.0,0.5,0.0,0.0,0.5,0.0,1.0,0.0,0.0,1.0,0.0,0.75,0.75,1.0,1.0,0.8230452674897121,0.9833284582654418,2173457.0,290.0,0.04421094,0.0,0.0,0.0,0.0,1.0,0.0,0.0,0.0,0.0,0.0,0.0,0.0,0.0,0.0,3.0,0.0,0.0,0.0,0.0,0.0,3.0,0.0,0.0,0.0,0.0,0.0,7.0,0.0,3,19.520000000000003,87.56283333333334,22.487509290002507,0.3013711308299261,0.2305742857142857,0.010588744695238,7.0,-0.28986875,0.0133481332124999,8.0,0.262198,0.0121496556457142,15.0,1.2286200520328865,0.7064873987453734,0.0377114430934683,0.0001255844302722,20.34292408279301,0.5862452864257927,0
SFMBT2,2685.0,0.2,0.0,0.0,0.8,0.0,1.0,0.0,0.0,1.0,0.0,3.0,3.0,1.0,1.0,0.2696871628910464,0.6231102070398084,169111.8,363.0,0.01230385,2.9969587036578834e-08,2.0,0.0,0.0,0.0,0.0,0.0,0.0,0.0,0.0,0.0,0.0,0.0,0.0,11.0,0.0,0.0,0.0,0.0,0.0,3.0,1.0,0.0,0.0,0.0,0.0,15.0,0.0,11,16.77906666666667,103.77522635238095,16.089248941012915,0.1431418626844813,0.2957246428571429,0.0210771970406084,28.0,-0.3032419999999999,0.0088627365699999,5.0,0.2968636363636363,0.0188992190176136,33.0,3.315589510350159,0.0096243909340632,0.3385352933510616,0.0411483861446948,20.34292408279301,0.5862452864257927,0
STAB2,7656.0,0.2,0.0666666666666666,0.0,0.7333333333333333,0.0,1.0,0.0,0.0,0.9658722633586913,0.0,2.75,3.0,0.7272727272727273,1.0,0.4642525533890437,0.8204858768496734,907417.2,599.0,0.01039775,1.0498642421407041e-07,5.0,0.0,0.0,0.0,0.0,0.0,0.0,0.0,0.0,0.0,0.0,0.0,0.0,8.0,1.0,0.0,0.0,0.0,0.0,3.0,3.0,0.0,0.0,0.0,0.0,15.0,0.0,7,19.39753333333333,127.46330812380953,22.487509290002507,0.3013711308299261,0.2276645454545454,0.0121475115472727,11.0,-0.21758,0.01018022755,5.0,0.224513125,0.0108363741829166,16.0,2.151688389438753,0.2344474414670397,0.1188333680141596,0.0062740973822558,20.34292408279301,0.5862452864257927,0
TMSB10,135.0,0.0,0.0,0.0,1.0,0.0,1.0,0.0,0.0,1.0,0.0,1.0,1.0,1.0,1.0,0.2422480620155038,0.5857056754310228,848134.8,275.0,0.01177133,1.3588631607663527e-05,11.0,0.0,0.0,0.0,0.0,0.0,0.0,0.0,0.0,0.0,0.0,0.0,0.0,1.0,0.0,0.0,0.0,0.0,0.0,0.0,0.0,0.0,0.0,0.0,0.0,1.0,0.0,1,26.9,0.0,28.102676610819525,0.1412613744818997,0.2682246666666666,0.0210660452266666,15.0,-0.2644634616655457,0.0303176280047028,6.973492945703292,0.2682246666666666,0.0210660452266666,15.0,3.9361420003885312,0.0021680386442045,0.0315540491391339,0.0028711405586147,20.97154213511857,0.5445559634004911,0
LRRC46,966.0,0.0,0.0,0.0,1.0,0.0,1.0,0.0,0.0,1.0,0.0,1.0,1.0,1.0,1.0,0.2159360829194558,0.5469170432948857,1071489.0,214.0,0.02913424,4.723151339748012e-05,21.0,0.0,0.0,0.0,0.0,0.0,0.0,0.0,0.0,0.0,0.0,0.0,1.0,1.0,0.0,0.0,0.0,0.0,0.0,0.0,0.0,0.0,0.0,0.0,0.0,2.0,0.0,2,11.646,171.27303199999997,21.24986719356933,0.8772248570708584,0.1703871428571428,0.0015378553904761,7.0,-0.2955009999999999,0.0125930304766666,10.0,0.2439835294117646,0.0116887438242647,17.0,2.940103715955998,0.0889531865243909,0.0272960600557855,0.0020214145921007,19.24789676400585,0.5424656315696764,0
OSBP2,2751.0,0.5,0.0,0.1666666666666666,0.1666666666666666,0.0,1.0,0.1666666666666666,0.0,0.8710490642551527,0.0,0.25,0.75,0.3049710277523635,1.0,0.7855459544383346,0.9751581457779022,752472.0,303.0,0.03665074,2.318694157903351e-05,8.0,0.0,0.0,0.0,0.0,0.0,0.0,1.0,0.0,0.0,0.0,0.0,0.0,1.0,0.0,0.0,0.0,0.0,0.0,3.0,1.0,0.0,1.0,0.0,0.0,5.0,0.0,4,17.843200000000003,166.5286247,22.50918382714101,0.1416798840686653,0.1923877777777777,0.0039392746694444,9.0,-0.2430472727272727,0.0048964195618181,11.0,0.2202505,0.004904315573421,20.0,3.2082577230776703,0.0122050708309674,0.0353920158930664,0.000830612482065,22.1152102702317,0.5008525590222099,0
SPIN3,777.0,0.3333333333333333,0.0,0.0,0.6666666666666666,0.0,1.0,0.0,0.0,1.0,0.0,1.0,1.0,1.0,1.0,0.4048582995951417,0.7709385225262695,145081.7,454.1716887539794,0.01283898,2.2607397116629824e-06,4.0,0.0,0.0,0.0,0.0,0.0,0.0,0.0,0.0,0.0,0.0,0.0,0.0,2.0,0.0,0.0,0.0,0.0,0.0,1.0,0.0,0.0,0.0,0.0,0.0,3.0,0.0,2,13.411666666666669,111.79550833333334,21.130417730912903,0.1822778798361894,0.179165,0.003169646,8.0,-0.2090191666666666,0.0062431402992424,12.0,0.1970774999999999,0.0050073772302631,20.0,3.392396451579739,0.0058798182268326,0.0,0.0,17.971029015077224,0.5686077429697598,0
CCL23,414.0,0.5,0.0,0.0,0.5,0.0,1.0,0.0,0.0,1.0,0.0,0.5,0.5,1.0,1.0,0.7674597083653109,0.9705827307311652,779228.0,525.0,0.01922532,1.83967039441192e-07,2.0,0.0,0.0,0.0,0.0,0.0,0.0,0.0,0.0,0.0,0.0,0.0,0.0,1.0,0.0,0.0,0.0,0.0,0.0,1.0,0.0,0.0,0.0,0.0,0.0,2.0,0.0,2,6.9265,74.2614845,22.487509290002507,0.3013711308299261,0.3792,0.2987185631666667,7.0,-0.2941209999999999,0.0127692153211111,10.0,0.3291535294117647,0.1210649776617647,17.0,1.3642436698402247,0.5178296002135991,0.1188333680141596,0.0062740973822558,20.34292408279301,0.5862452864257927,0
NSD2,1938.063189568706,0.2347823368159056,0.0588042809393831,0.0136739047332758,0.6428256089742431,0.0009967886749183,0.99921532758391,0.0449804735941721,0.0033157494150929,0.9672006894641492,0.0016176455279269,1.717432076540993,2.096642384650469,0.8335989392433482,0.997473344569529,0.4969541694496251,0.7351606138763213,628546.7170199985,454.053337718543,0.0191374513533432,0.0001285428746511,20.76342360414577,0.0,0.0,0.0,0.0,0.0,0.0,0.0,0.0,0.0,0.0,0.0,0.0,8.0,2.0,0.0,0.0,0.0,0.0,3.0,0.0,0.0,0.0,0.0,0.0,13.0,0.0,9,22.73669230769231,122.38377556410256,22.487509290002507,0.3013711308299261,0.2521597143758343,0.0288347392278441,12.438422023182298,-0.2644634616655457,0.0303176280047028,6.973492945703292,0.2695940890589254,0.0322971464262917,18.874868282402527,2.871323642994052,0.1199912938338458,0.1188333680141596,0.0062740973822558,20.34292408279301,0.5862452864257927,0
QKI,1026.0,0.0,0.0,0.0,0.75,0.0,1.0,0.25,0.0,1.0,0.0,3.0,4.0,1.0,1.0,0.1074460083807886,0.3471329972282768,81134.19,1131.0,0.0009164828999999,0.0002467866671738,61.0,0.0,0.0,0.0,0.0,0.0,0.0,1.0,0.0,0.0,0.0,0.0,0.0,3.0,0.0,0.0,0.0,0.0,0.0,0.0,0.0,0.0,1.0,0.0,0.0,3.0,0.0,3,28.566666666666663,29.163333333333327,24.951592217550512,0.1017384252435829,0.2041255555555555,0.0036805813527777,9.0,-0.3089725,0.0262573825583333,4.0,0.2363861538461538,0.0115548854089743,13.0,3.651886695663365,0.0041051424078509,0.0263421454552766,0.0023652348716131,20.783057543534625,0.4569122134736919,0
KLHL9,1854.0,0.2,0.4,0.0,0.2,0.0,1.0,0.2,0.0,0.5904362833084089,0.0,0.5,2.0,0.1375705048837529,1.0,0.9182736455463728,0.9965655132698104,232154.5,466.0,-0.01387681,3.563734371956332e-06,15.0,0.0,0.0,0.0,0.0,0.0,0.0,0.0,1.0,0.0,0.0,0.0,0.0,1.0,2.0,0.0,0.0,0.0,0.0,1.0,0.0,0.0,0.0,0.0,1.0,4.0,0.0,4,27.6155,197.41242766666664,19.51651706541093,0.0854157501626473,0.1758128571428571,0.0060380648571428,7.0,-0.2809181818181818,0.0100085628363636,11.0,0.2400438888888889,0.0107983048016339,18.0,3.6065469385333446,0.0013997163730549,0.0919952343387628,0.0027067328046972,16.396946178201553,0.3466249023977518,0
PTPN3,2742.0,0.3333333333333333,0.3333333333333333,0.0,0.3333333333333333,0.0,1.0,0.0,0.0,0.8710490642551527,0.0,0.6666666666666666,1.3333333333333333,0.137627305257363,1.0,0.6635700066357001,0.9357139480055464,352374.0,431.0,0.01236317,8.46848317450862e-06,14.0,0.0,0.0,0.0,0.0,0.0,0.0,0.0,0.0,0.0,0.0,0.0,0.0,2.0,2.0,0.0,0.0,0.0,0.0,2.0,0.0,0.0,0.0,0.0,0.0,6.0,0.0,6,27.849666666666668,351.0807846666667,22.255321544490595,0.1636150648421315,0.1490425,0.002031512625,4.0,-0.28101875,0.0146263891983333,16.0,0.2546235,0.0148014270344736,20.0,3.624116377051061,0.0086760087538558,0.1446715822861624,0.0031511734372981,23.24637460072457,0.2272908954464577,0
NDUFA2,1938.063189568706,0.2347823368159056,0.0588042809393831,0.0136739047332758,0.6428256089742431,0.0009967886749183,0.99921532758391,0.0449804735941721,0.0033157494150929,0.9672006894641492,0.0016176455279269,1.717432076540993,2.096642384650469,0.8335989392433482,0.997473344569529,0.4969541694496251,0.7351606138763213,628546.7170199985,454.053337718543,0.0191374513533432,0.0001285428746511,20.76342360414577,0.0,0.0,0.0,0.0,0.0,0.0,0.0,0.0,0.0,0.0,0.0,1.0,0.0,0.0,0.0,0.0,0.0,0.0,0.0,0.0,0.0,0.0,0.0,0.0,1.0,0.0,1,13.98,0.0,25.700405833559262,0.1011103090156,0.2259233333333333,0.0191292723066666,6.0,-0.246082,0.0087237359288888,10.0,0.2385225,0.01171225862,16.0,3.426671686381527,0.0033594290818807,0.1101906146637049,0.0020156314779213,20.34292408279301,0.5862452864257927,0
MAGEH1,660.0,0.2,0.0,0.0,0.8,0.0,1.0,0.0,0.0,1.0,0.0,2.0,2.0,1.0,1.0,0.033197224712014,0.1462433688399365,140844.0,454.1716887539794,-0.02308425,3.303916660201497e-05,18.0,0.0,0.0,0.0,0.0,0.0,0.0,0.0,0.0,0.0,0.0,0.0,0.0,4.0,0.0,0.0,0.0,0.0,0.0,1.0,0.0,0.0,0.0,0.0,0.0,5.0,0.0,5,18.408,48.84911999999999,16.099296491548767,0.0501660563500661,0.179165,0.003169646,8.0,-0.2090191666666666,0.0062431402992424,12.0,0.1970774999999999,0.0050073772302631,20.0,3.0879280743447475,0.0331317309936862,0.1188333680141596,0.0062740973822558,15.2646519830901,1.7501285309025247,0
PTPRD,5739.0,0.0769230769230769,0.0769230769230769,0.0,0.8461538461538461,0.0,1.0,0.0,0.0,1.0000000000000002,0.0,5.5,6.0,0.4391743522178305,1.0,0.2058884084826024,0.5312787653620772,15779.62,1275.0,-0.02591428,3.492347119324272e-06,6.0,0.0,0.0,0.0,0.0,0.0,0.0,0.0,0.0,0.0,0.0,0.0,0.0,11.0,0.0,0.0,0.0,0.0,0.0,1.0,1.0,0.0,0.0,0.0,0.0,13.0,0.0,7,29.180000000000003,143.06319999999994,19.44054839995234,0.8548540912500181,0.1767377777777778,0.0046204181444444,9.0,-0.295882,0.0191796259288888,10.0,0.2394452631578947,0.0153789494263157,19.0,3.1467513599758603,0.1132753431048589,0.1042869269138896,0.0157922422308774,17.356765481494183,1.8055218400925208,0
FSCN2,1551.0,0.0,0.0,0.0,1.0,0.0,1.0,0.0,0.0,1.0,0.0,2.0,2.0,1.0,1.0,0.4476275738585497,0.8074277979619556,628464.2070903856,454.1716887539794,0.0191206869507081,0.0,0.0,0.0,0.0,0.0,0.0,0.0,0.0,0.0,0.0,0.0,0.0,0.0,0.0,2.0,0.0,0.0,0.0,0.0,0.0,0.0,0.0,0.0,0.0,0.0,0.0,2.0,0.0,2,23.85,15.125,22.487509290002507,0.3013711308299261,0.2838358333333333,0.0450798400992424,12.0,-0.26397,0.0093460503,3.0,0.2798626666666666,0.0368226789209523,15.0,2.68240132234222,0.056306105007148,0.3445786645527836,0.007087483254846,20.34292408279301,0.5862452864257927,0
LBX1,846.0,0.0,0.0,0.0,1.0,0.0,1.0,0.0,0.0,1.0,0.0,2.0,2.0,1.0,1.0,0.00807,0.0469641864993712,572648.8,418.0,0.04301197,0.0,1.0,0.0,0.0,0.0,0.0,0.0,0.0,0.0,0.0,0.0,0.0,0.0,0.0,2.0,0.0,0.0,0.0,0.0,0.0,0.0,0.0,0.0,0.0,0.0,0.0,2.0,0.0,1,34.0,0.0,22.487509290002507,0.3013711308299261,0.2819133333333333,0.0185791149461538,27.0,-0.198915,0.0132878362699999,6.0,0.2668227272727273,0.0182285480954545,33.0,0.0795462002392827,0.0883548080674689,0.1115777608505172,0.0018140943540689,20.34292408279301,0.5862452864257927,0
MBD3L3,627.0,0.0,0.3333333333333333,0.0,0.6666666666666666,0.0,1.0,0.0,0.0,1.0,0.0,2.0,3.0,0.1080030240846743,1.0,0.78125,0.9741094358840046,628464.2070903856,454.1716887539794,0.0191206869507081,0.0,0.0,0.0,0.0,0.0,0.0,0.0,0.0,0.0,0.0,0.0,0.0,0.0,0.0,2.0,1.0,0.0,0.0,0.0,0.0,0.0,0.0,0.0,0.0,0.0,0.0,3.0,0.0,3,13.762,144.079572,22.487509290002507,0.3013711308299261,0.2521597143758343,0.0288347392278441,12.438422023182298,-0.2644634616655457,0.0303176280047028,6.973492945703292,0.2695940890589254,0.0322971464262917,18.874868282402527,0.0464952588481176,0.0683388436295081,0.1188333680141596,0.0062740973822558,20.34292408279301,0.5862452864257927,0
SGCB,957.0,0.3333333333333333,0.0,0.0,0.6666666666666666,0.0,1.0,0.0,0.0,1.0,0.0,1.0,1.0,1.0,1.0,0.4616805170821791,0.8185051470816246,114534.8,815.0,0.007910815,7.375146079862391e-07,4.0,0.0,0.0,0.0,0.0,0.0,0.0,0.0,0.0,0.0,0.0,0.0,0.0,2.0,0.0,0.0,0.0,0.0,0.0,1.0,0.0,0.0,0.0,0.0,0.0,3.0,0.0,3,21.86733333333333,143.34800133333331,21.744793011382,0.1868635973807705,0.203065,0.0061558163666666,4.0,-0.2098166666666666,0.013834579260606,12.0,0.20812875,0.0113856383983333,16.0,3.5624163593208698,0.005396793039922,0.0756963531726925,0.0018396421055176,20.34292408279301,0.5862452864257927,0
IGLV10-54,1938.063189568706,0.2347823368159056,0.0588042809393831,0.0136739047332758,0.6428256089742431,0.0009967886749183,0.99921532758391,0.0449804735941721,0.0033157494150929,0.9672006894641492,0.0016176455279269,1.717432076540993,2.096642384650469,0.8335989392433482,0.997473344569529,0.4969541694496251,0.7351606138763213,628546.7170199985,454.053337718543,0.0191374513533432,0.0001285428746511,20.76342360414577,0.0,0.0,0.0,0.0,0.0,0.0,0.0,0.0,0.0,0.0,0.0,0.0,0.0,0.0,0.0,1.0,0.0,0.0,0.0,0.0,0.0,0.0,0.0,0.0,1.0,0.0,1,21.0,0.0,22.487509290002507,0.3013711308299261,0.2521597143758343,0.0288347392278441,12.438422023182298,-0.2644634616655457,0.0303176280047028,6.973492945703292,0.2695940890589254,0.0322971464262917,18.874868282402527,2.871323642994052,0.1199912938338458,0.1188333680141596,0.0062740973822558,20.34292408279301,0.5862452864257927,0
DPPA4,915.0,0.2,0.2,0.0,0.6,0.0,1.0,0.0,0.0,1.0,0.0,1.5,2.0,0.2627430373095113,1.0,0.5820721769499418,0.8970668356007356,22564.69,1096.0,-0.01946468,0.0001174397874893,30.0,0.0,0.0,0.0,0.0,0.0,0.0,0.0,0.0,0.0,0.0,0.0,1.0,3.0,1.0,0.0,0.0,0.0,0.0,1.0,0.0,0.0,0.0,0.0,0.0,6.0,0.0,5,10.364833333333332,102.21004896666666,22.487509290002507,0.3013711308299261,0.2580293333333333,0.0091429381066666,15.0,-0.16948,0.0303176280047028,1.0,0.252495,0.0090234704266666,16.0,1.5846732299516946,0.2197811946416087,0.1188333680141596,0.0062740973822558,17.63048049571869,1.479872911480991,0
HTN1,174.0,0.0,0.0,0.0,1.0,0.0,1.0,0.0,0.0,1.0,0.0,2.0,2.0,1.0,1.0,0.3935458480913026,0.7605500607390897,59679.38,975.0,0.002643214,0.0,1.0,0.0,0.0,0.0,0.0,0.0,0.0,0.0,0.0,0.0,0.0,0.0,0.0,2.0,0.0,0.0,0.0,0.0,0.0,0.0,0.0,0.0,0.0,0.0,0.0,2.0,0.0,2,9.4395,0.6171604999999978,22.487509290002507,0.3013711308299261,0.17117,0.0030085414,5.0,-0.2284454545454545,0.0162760823272727,11.0,0.210546875,0.01240477539625,16.0,0.4651510347318117,0.3920920791632765,0.1188333680141596,0.0062740973822558,20.34292408279301,0.5862452864257927,0
PALLD,3372.0,0.1666666666666666,0.1666666666666666,0.0,0.6666666666666666,0.0,1.0,0.0,0.0,1.0,0.0,2.0,2.5,0.724112961622013,1.0,0.2293052052281587,0.5670032994406395,173564.2,359.0,-0.004366871,1.178726397333532e-05,17.0,0.0,0.0,0.0,0.0,0.0,0.0,0.0,0.0,0.0,0.0,0.0,5.0,4.0,1.0,0.0,0.0,0.0,0.0,1.0,0.0,0.0,0.0,0.0,0.0,11.0,0.0,8,17.62481818181818,131.51674936363634,27.69610387241013,0.5134322983109748,0.1935724999999999,0.0039863054916666,4.0,-0.2649133333333333,0.0159349662809523,15.0,0.2498942105263158,0.0139511441923976,19.0,3.766899110779277,0.0103707401190604,0.2203844646614465,0.0509731420770442,29.479734815512824,0.6885180775051317,0
GLRA2,1359.0,0.6666666666666666,0.0,0.0,0.3333333333333333,0.0,1.0,0.0,0.0,1.0,0.0,0.3333333333333333,0.3333333333333333,1.0,1.0,0.9363295880149812,0.9979285960093662,78081.08,454.1716887539794,0.01777589,0.0001121128924044,24.0,0.0,0.0,0.0,0.0,0.0,0.0,0.0,0.0,0.0,0.0,0.0,0.0,1.0,1.0,0.0,0.0,0.0,0.0,2.0,0.0,0.0,0.0,0.0,0.0,4.0,0.0,3,23.046,362.95242400000006,22.487509290002507,0.3013711308299261,0.1712871428571428,0.0019666178571428,7.0,-0.2532681249999999,0.0265547565362499,16.0,0.2283173913043478,0.0201294920747035,23.0,1.9716495541619912,0.3423746056169814,0.1188333680141596,0.0062740973822558,20.34292408279301,0.5862452864257927,0
CACNA1E,6942.0,0.1666666666666666,0.0,0.0,0.8333333333333334,0.0,1.0,0.0,0.0,1.0,0.0,4.0,4.0,1.0,1.0,0.0712047849615494,0.2593417301556667,111355.8,832.0,0.0096536219999999,4.110081547836592e-07,2.0,0.0,0.0,0.0,0.0,0.0,0.0,0.0,0.0,0.0,0.0,0.0,1.0,20.0,0.0,0.0,0.0,0.0,0.0,4.0,0.0,0.0,0.0,0.0,0.0,25.0,0.0,13,23.5718,103.17385633333332,22.487509290002507,0.3013711308299261,0.3829355882352941,0.0418824352557041,34.0,-0.2644634616655457,0.0303176280047028,6.973492945703292,0.3829355882352941,0.0418824352557041,34.0,2.5831643985550974,0.3202187431135246,0.2982580159935682,0.0421082744853221,20.34292408279301,0.5862452864257927,0
COL11A1,5457.0,0.1,0.05,0.1,0.75,0.0,1.0,0.0,0.0,0.9449911312986874,0.0,5.0,6.0,0.3484320557491289,1.0,0.8912655971479501,0.993861681907758,37620.0,742.0,-0.01974511,0.0,1.0,0.0,0.0,0.0,0.0,0.0,0.0,0.0,0.0,0.0,0.0,0.0,3.0,16.0,1.0,0.0,0.0,0.0,0.0,4.0,2.0,0.0,0.0,0.0,0.0,26.0,0.0,10,23.856653846153847,75.5562478353846,17.031768834063524,0.8130708929713656,0.2035281818181818,0.0072707469163636,11.0,-0.188774,0.00270616018,5.0,0.1989175,0.0056186936733333,16.0,2.6759871292764217,0.233617913023011,0.1188333680141596,0.0062740973822558,20.34292408279301,0.5862452864257927,0
DST,15516.0,0.2195121951219512,0.0975609756097561,0.0,0.6097560975609756,0.0,1.0,0.073170731707317,0.0,0.9105366595649028,0.0,2.5,3.2,0.8532423208191127,1.0,0.8952551477170994,0.9943120144020264,403209.3,446.0,0.02327611,0.0003301431741445,42.0,0.0,0.0,0.0,0.0,0.0,0.0,2.0,1.0,0.0,0.0,0.0,20.0,37.0,9.0,0.0,0.0,0.0,0.0,13.0,0.0,0.0,4.0,0.0,1.0,77.0,0.0,18,17.72407792207792,89.69245502016403,25.811726125320465,0.2805534953551448,0.2939575,0.0300281980749999,12.0,-0.1507099999999999,0.0303176280047028,1.0,0.2829384615384615,0.0291042979474358,13.0,3.89807625789764,0.0126706618393922,0.0443540503766383,0.0025709270164203,21.947407011052743,0.24033742767745,0
TTN,107976.0,0.2101910828025477,0.1369426751592356,0.0031847133757961,0.643312101910828,0.0,1.0,0.0063694267515923,0.0,0.8993731036203663,0.0,3.014925373134328,3.701492537313433,0.0664584302518774,1.0,0.746268656716418,0.9646788163901642,172693.3,713.0,0.02289211,0.0004407189879804,46.0,0.0,0.0,0.0,0.0,0.0,0.0,2.0,0.0,0.0,0.0,0.0,57.0,198.0,43.0,0.0,0.0,0.0,0.0,66.0,5.0,0.0,4.0,0.0,1.0,366.0,0.0,44,21.162781420765025,227.21682706442104,24.53960893075046,0.2875561682100824,0.285619,0.0166873428322222,10.0,-0.2644634616655457,0.0303176280047028,6.973492945703292,0.285619,0.0166873428322222,10.0,3.745390533367324,0.0094273369662578,0.1188333680141596,0.0062740973822558,20.34292408279301,0.5862452864257927,0
