Hugo_Symbol,gene length,silent,nonsense,splice site,missense,recurrent missense,normalized missense position entropy,frameshift indel,inframe indel,normalized mutation entropy,lost start and stop,missense to silent,non-silent to silent,inactivating p-value,entropy p-value,vest p-value,combined p-value,expression_CCLE,replication_time,HiC_compartment,gene_betweeness,gene_degree,3'UTR,5'Flank,5'UTR,COULD_NOT_DETERMINE,DE_NOVO_START_IN_FRAME,DE_NOVO_START_OUT_FRAME,Frame_Shift_Del,Frame_Shift_Ins,IGR,In_Frame_Del,In_Frame_Ins,Intron,Missense_Mutation,Nonsense_Mutation,Nonstop_Mutation,RNA,START_CODON_SNP,Silent,Splice_Site,Translation_Start_Site,DEL,DNP,INS,SNP,TNP,pnum,cadd_mean,cadd_var,proteome_mean,proteome_var,amp_mean,amp_var,amp_freq,del_mean,del_var,del_freq,abs_mean,abs_var,abs_freq,exp_mean,exp_var,Phosphoproteome_mean_in_BRCA,Phosphoproteome_var_in_BRCA,class
AKT1,1443.0,0.0,0.0,0.0,1.0,0.8,0.3109175070825711,0.0,0.0,0.3109175070825711,0.0,5.0,5.0,1.0,0.00085,2e-05,3.211308923791329e-07,711772.2,247.0,0.03599851,0.0027718450505091,253.0,0.0,0.0,0.0,0.0,0.0,0.0,0.0,0.0,0.0,0.0,0.0,0.0,5.0,0.0,0.0,0.0,0.0,0.0,0.0,0.0,0.0,0.0,0.0,5.0,0.0,5,27.860000000000003,2.7380000000000044,26.32616836304347,0.1532327763079347,0.2402557692307692,0.0525114395053846,26.0,-0.2176230769230769,0.0063423501661538,26.0,0.228939423076923,0.0289804675624057,52.0,3.7220877276769344,0.0068382665854786,24.43239619555228,0.4129758909637951,1
ARID1A,6858.0,0.0,0.1428571428571428,0.0,0.4285714285714285,0.0,1.0,0.4285714285714285,0.0,0.592906071876546,0.0,3.0,7.0,0.2349072116513977,1.0,0.7209805335255948,0.95684437010288,975965.1,182.0,0.02749164,0.0001071527173352,52.0,0.0,0.0,0.0,0.0,0.0,0.0,2.0,1.0,0.0,0.0,0.0,2.0,5.0,1.0,0.0,0.0,0.0,0.0,0.0,0.0,2.0,2.0,1.0,6.0,0.0,6,28.94333333333333,70.96246666666669,24.40213492964438,0.0690061307414959,0.1788553846153846,0.0149821911935897,13.0,-0.2791834285714285,0.0218373636408403,35.0,0.25201125,0.0216525800324468,48.0,3.622286489582746,0.0045262288630532,24.73847554727269,0.1818729234598663,1
BRCA1,5655.0,0.5,0.5,0.0,0.0,0.0,1.0,0.0,0.0,1.0,0.0,0.0,0.5,0.1447596988998263,1.0,1.0,1.0,1466229.0,201.0,0.02652095,0.0116286426009836,560.0,1.0,0.0,0.0,0.0,0.0,0.0,0.0,0.0,0.0,0.0,0.0,0.0,0.0,1.0,0.0,0.0,0.0,1.0,0.0,0.0,0.0,0.0,0.0,3.0,0.0,2,14.270666666666664,275.97186633333337,19.1049497166216,0.5772125977680806,0.4689399999999999,0.15575871335,13.0,-0.2781304545454545,0.0257589204351748,66.0,0.3095294936708859,0.0504981537151249,79.0,3.3362956119591507,0.0171083164013813,20.615901612523864,0.7763187152099652,1
BRCA2,10257.0,0.3,0.1,0.0,0.5,0.0,1.0,0.1,0.0,0.939794000867204,0.0,1.25,1.75,0.3763643206624012,1.0,0.983284169124877,0.9998595054733757,221300.0,462.0,0.04401204,0.0003139680842848,67.0,0.0,0.0,0.0,0.0,0.0,0.0,0.0,1.0,0.0,0.0,0.0,0.0,5.0,1.0,0.0,0.0,0.0,3.0,0.0,0.0,0.0,0.0,1.0,9.0,0.0,6,13.281222222222222,132.49834369444443,19.32797833299594,0.3021793361161534,0.2448243243243243,0.0321879115752252,37.0,-0.2452870967741935,0.0182472892012903,31.0,0.2450352941176471,0.0254654791805092,68.0,3.2736147318045337,0.0189771980490193,19.60651576971435,0.4291639899875907,1
CCNE1,1233.0,0.0,0.0,0.0,1.0,0.0,1.0,0.0,0.0,1.0,0.0,1.0,1.0,1.0,1.0,0.2287805994051704,0.5662301111601871,167528.2,609.0,-0.03267048,0.000208403584023,70.0,0.0,0.0,0.0,0.0,0.0,0.0,0.0,0.0,0.0,0.0,0.0,0.0,1.0,0.0,0.0,0.0,0.0,0.0,0.0,0.0,0.0,0.0,0.0,1.0,0.0,1,25.4,0.0,18.372118052895622,0.921223001231974,0.3441316666666666,0.0862095537323529,18.0,-0.2335449999999999,0.036183080797619,22.0,0.2833089999999999,0.0601661096810256,40.0,3.003163165410942,0.0702470778236961,19.9032234692718,0.5518155002127288,1
CDK12,4473.0,0.1428571428571428,0.0,0.0,0.7142857142857143,0.0,1.0,0.1428571428571428,0.0,1.0,0.0,2.5,3.0,1.0,1.0,0.123076923076923,0.3809163973188679,1409087.0,239.0,0.02758249,0.0001488428391784,25.0,0.0,0.0,0.0,0.0,0.0,0.0,0.0,1.0,0.0,0.0,0.0,0.0,4.0,0.0,0.0,0.0,0.0,1.0,1.0,0.0,0.0,0.0,1.0,6.0,0.0,5,23.473166666666668,111.25641216666664,24.000317134977323,0.2101871871809763,0.6223076470588236,0.5050185819816175,16.0,-0.2575998461538462,0.0241488723546634,65.0,0.3332099999999999,0.1409659257185185,81.0,3.5895967139077656,0.0148526904488791,25.654588227040488,0.3254291419341905,1
CDKN2A,504.0,0.0,0.25,0.0,0.75,0.0,1.0,0.0,0.0,1.0,0.0,3.0,4.0,0.1494768310911808,1.0,0.0691419484201064,0.2538611397422107,225404.5,357.0,-0.01478296,0.0009592487914759,141.0,0.0,0.0,0.0,0.0,0.0,0.0,0.0,0.0,0.0,0.0,0.0,0.0,3.0,1.0,0.0,0.0,0.0,0.0,0.0,0.0,0.0,0.0,0.0,4.0,0.0,3,29.975,17.90916666666667,23.2649355410209,0.4744037933877408,0.1792876470588235,0.0123956150066176,17.0,-0.2733049999999999,0.05824008422,36.0,0.2431484905660377,0.0449769472053701,53.0,3.111020092091473,0.0811285085919426,20.615901612523864,0.7763187152099652,1
ERBB2,3768.0,0.1666666666666666,0.0,0.0,0.8333333333333334,0.0,1.0,0.0,0.0,1.0,0.0,2.5,2.5,1.0,1.0,0.1407459535538353,0.4167204449752377,1284992.0,226.0,0.03763767,0.0006619838994493,122.0,0.0,0.0,0.0,0.0,0.0,0.0,0.0,0.0,0.0,0.0,0.0,0.0,5.0,0.0,0.0,0.0,0.0,1.0,0.0,0.0,0.0,0.0,0.0,6.0,0.0,3,21.089,121.27254999999998,25.37006235090609,1.2484943459187534,0.4061166666666667,0.2123861736060606,12.0,-0.2616922033898305,0.0259621787243717,59.0,0.2861019718309858,0.0578578710046277,71.0,3.795337176073404,0.0274939074236,24.540309518453288,1.1137581105425878,1
ESR1,1788.0,0.3333333333333333,0.0,0.0,0.6666666666666666,0.0,1.0,0.0,0.0,1.0,0.0,1.0,1.0,1.0,1.0,0.4268032437046521,0.7901972511846601,221346.6,568.0,-0.0001700249,0.0072868559959946,630.0,0.0,0.0,0.0,0.0,0.0,0.0,0.0,0.0,0.0,0.0,0.0,0.0,2.0,0.0,0.0,0.0,0.0,1.0,0.0,0.0,0.0,0.0,0.0,3.0,0.0,2,20.19333333333333,67.50413333333334,23.692694545649942,1.216206983313691,0.3263452,0.052962446026,24.0,-0.3087653571428572,0.0221488133517195,27.0,0.3170577358490566,0.0360230474832365,51.0,3.622643320621869,0.178587463794217,18.71211350320335,1.431202894522861,1
FBXW7,2124.0,0.0,0.3333333333333333,0.0,0.6666666666666666,0.0,1.0,0.0,0.0,1.0,0.0,2.0,3.0,0.3772161448509997,1.0,0.5341880341880342,0.8691278728928421,117295.2,501.0,0.05094051,0.0008262700665131,96.0,0.0,0.0,0.0,0.0,0.0,0.0,0.0,0.0,0.0,0.0,0.0,0.0,1.0,1.0,0.0,0.0,0.0,0.0,1.0,0.0,0.0,0.0,0.0,3.0,0.0,3,30.866666666666664,55.25333333333332,16.328444093826125,0.460840369801694,0.1863256666666667,0.0120934026185057,30.0,-0.2556694736842105,0.017072682994152,19.0,0.2132140816326531,0.0148740275329931,49.0,3.3934905954722856,0.007608513543173,20.615901612523864,0.7763187152099652,1
FGFR1,2562.0,1.0,0.0,0.0,0.0,0.0,1.0,0.0,0.0,1.0,0.0,0.0,0.0,1.0,1.0,1.0,1.0,841062.1,381.0,0.04749547,0.0002704401658439,44.0,0.0,0.0,0.0,0.0,0.0,0.0,0.0,0.0,0.0,0.0,0.0,0.0,0.0,0.0,0.0,0.0,0.0,1.0,0.0,0.0,0.0,0.0,0.0,1.0,0.0,1,0.483,0.0,20.34546894445542,0.5233397628074893,0.6194842857142857,0.3861252235340658,14.0,-0.4990695833333333,0.0766316816019297,95.0,0.5143950909090906,0.1144660333554962,109.0,3.59488094045466,0.0218045543033773,17.637629353890453,0.6528386952757336,1
FGFR3,2427.0,1.0,0.0,0.0,0.0,0.0,1.0,0.0,0.0,1.0,0.0,0.0,0.0,1.0,1.0,1.0,1.0,859387.6,222.0,0.04176044,0.0003301336253256,38.0,0.0,0.0,0.0,0.0,0.0,0.0,0.0,0.0,0.0,0.0,0.0,0.0,0.0,0.0,0.0,0.0,0.0,1.0,0.0,0.0,0.0,0.0,0.0,1.0,0.0,1,5.009,0.0,22.330935529302888,0.385043639309862,0.2179427777777777,0.0199425434683006,18.0,-0.2420979411764705,0.0229983019198752,34.0,0.2337365384615383,0.0216634160387631,52.0,3.1523265884282234,0.1651513507574956,15.99478845025941,0.8349481707015008,1
KRAS,570.0,0.0,0.0,0.0,1.0,0.0,1.0,0.0,0.0,1.0,0.0,1.0,1.0,1.0,1.0,0.1427959445951735,0.420725207578664,259193.5,512.0,0.0163317999999999,0.0002688487762933,37.0,0.0,0.0,0.0,0.0,0.0,0.0,0.0,0.0,0.0,0.0,0.0,0.0,1.0,0.0,0.0,0.0,0.0,0.0,0.0,0.0,0.0,0.0,0.0,1.0,0.0,1,31.0,0.0,23.617615575529,0.1581025954957561,0.4642352,0.285115870551,25.0,-0.23506375,0.044134951465,16.0,0.3748024390243902,0.2004297763239024,41.0,3.5538672222156467,0.0060833714345425,14.892089473037018,1.08907104544974,1
MDM2,1494.0,0.0,0.0,0.0,1.0,0.0,1.0,0.0,0.0,1.0,0.0,1.0,1.0,1.0,1.0,0.5149330587023687,0.8567035890160315,541242.9,228.0,0.03186443,0.010626036146346,733.0,0.0,0.0,0.0,0.0,0.0,0.0,0.0,0.0,0.0,0.0,0.0,0.0,1.0,0.0,0.0,0.0,0.0,0.0,0.0,0.0,0.0,0.0,0.0,1.0,0.0,1,12.72,0.0,17.943356628976016,0.1891871457109159,0.2286021052631579,0.0261247539953216,19.0,-0.2014057142857142,0.0070162783357142,21.0,0.214324,0.015844848316923,40.0,3.615535119444577,0.0066061804710854,18.85671725025724,0.4537045080545671,1
MET,4227.0,0.5,0.0,0.0,0.5,0.0,1.0,0.0,0.0,1.0,0.0,0.6666666666666666,0.6666666666666666,1.0,1.0,0.7974481658692185,0.9779413414758604,558228.1,262.0,0.002308467,7.149723603019666e-05,34.0,0.0,0.0,0.0,0.0,0.0,0.0,0.0,0.0,0.0,0.0,0.0,0.0,1.0,0.0,0.0,0.0,0.0,2.0,1.0,0.0,0.0,0.0,0.0,4.0,0.0,4,15.21875,73.11591691666668,18.359449012094192,0.618964436105416,0.2812707142857143,0.0196283011148351,14.0,-0.2456406451612903,0.0165927945195699,31.0,0.2567255555555555,0.0173908043161616,45.0,3.294295223424586,0.0574956572796116,16.027497094972976,1.2464100865608576,1
MTAP,2238.68889553429,0.3208800705605375,0.0382356092640028,0.0111035463036451,0.6124532202196571,0.0001446129959885,0.9998816304170584,0.0127215066592484,0.0033226538509632,0.992896298692298,0.0012833931419457,0.9706727286646546,1.088826814245475,0.9182620032207496,0.9997044148724084,0.5394479919602778,0.7533733180500214,629583.6997373265,461.2230183563257,0.0183775185055424,0.0001252330988384,19.717603668261564,0.0,0.0,1.0,0.0,0.0,0.0,0.0,0.0,0.0,0.0,0.0,0.0,0.0,0.0,0.0,0.0,0.0,0.0,0.0,0.0,0.0,0.0,0.0,1.0,0.0,1,19.11,0.0,26.23999723953767,0.1281241294446384,0.1792876470588235,0.0123956150066176,17.0,-0.2733049999999999,0.05824008422,36.0,0.2431484905660377,0.0449769472053701,53.0,3.4736293045288136,0.0104492593770743,13.176619083614474,1.7581681393862596,1
MTOR,7650.0,0.2,0.2,0.0,0.6,0.0,1.0,0.0,0.0,1.0,0.0,1.5,2.0,0.275178866263071,1.0,0.5102040816326531,0.8535430985930744,577167.0,416.0,0.03177134,0.0011287275307097,128.0,1.0,0.0,0.0,0.0,0.0,0.0,0.0,0.0,0.0,0.0,0.0,0.0,3.0,1.0,0.0,0.0,0.0,1.0,0.0,0.0,0.0,0.0,0.0,6.0,0.0,4,21.232,164.9004976,24.476472471109314,0.0601137864870488,0.1921221428571428,0.0123902790027472,14.0,-0.257035,0.0192059034714285,36.0,0.2388594,0.017872533328204,50.0,3.598611189181862,0.0027377525078234,24.20459258416293,0.2586228560730214,1
NRG1,2238.68889553429,0.3208800705605375,0.0382356092640028,0.0111035463036451,0.6124532202196571,0.0001446129959885,0.9998816304170584,0.0127215066592484,0.0033226538509632,0.992896298692298,0.0012833931419457,0.9706727286646546,1.088826814245475,0.9182620032207496,0.9997044148724084,0.5394479919602778,0.7533733180500214,629583.6997373265,461.2230183563257,0.0183775185055424,0.0001252330988384,19.717603668261564,0.0,0.0,0.0,0.0,0.0,0.0,0.0,0.0,0.0,0.0,0.0,1.0,0.0,0.0,0.0,0.0,0.0,0.0,0.0,0.0,0.0,0.0,0.0,1.0,0.0,1,18.63,0.0,17.99378098874939,2.7145607430390606,0.3415742857142857,0.0795506419216931,28.0,-0.3119563333333332,0.0250027456710734,60.0,0.3213802272727272,0.0418365093447753,88.0,2.761245528645946,0.2055998196445772,20.615901612523864,0.7763187152099652,1
NTRK1,2391.0,0.4,0.0,0.0,0.6,0.0,1.0,0.0,0.0,1.0,0.0,1.0,1.0,1.0,1.0,0.1845699520118124,0.4964427360027508,1505782.0,208.0,0.04542559,0.0551725831502489,1945.0,0.0,0.0,0.0,0.0,0.0,0.0,0.0,0.0,0.0,0.0,0.0,0.0,3.0,0.0,0.0,0.0,0.0,2.0,0.0,0.0,0.0,0.0,0.0,5.0,0.0,2,20.0244,129.18299679999998,22.330935529302888,0.385043639309862,0.2900931506849315,0.0205007103413242,73.0,-0.1505675,0.0010360236499999,8.0,0.2763128395061728,0.0202957614080864,81.0,2.1442298207984303,0.2794198509722774,20.615901612523864,0.7763187152099652,1
NTRK3,2520.0,0.0,0.0,0.0,1.0,0.0,1.0,0.0,0.0,1.0,0.0,5.0,5.0,1.0,1.0,0.00347,0.023122694377031,124518.7,730.0,-0.05718258,1.3255979225576116e-05,11.0,0.0,0.0,0.0,0.0,0.0,0.0,0.0,0.0,0.0,0.0,0.0,0.0,5.0,0.0,0.0,0.0,0.0,0.0,0.0,0.0,0.0,0.0,0.0,5.0,0.0,2,30.12,24.072,22.330935529302888,0.385043639309862,0.2612242105263158,0.0265008207590643,18.0,-0.2677758620689655,0.0221759163251231,28.0,0.2651824999999999,0.0233709183851063,46.0,2.694882367978423,0.3370535476007417,20.615901612523864,0.7763187152099652,1
PIK3CA,3207.0,0.0208333333333333,0.0,0.0,0.8333333333333334,0.5416666666666666,0.5722478376143446,0.0208333333333333,0.125,0.5875515986901901,0.0,20.0,23.5,1.0,0.0,0.0,2.402585092994044e-09,401889.3,613.0,0.01079402,0.0002360604864787,52.0,0.0,0.0,0.0,0.0,0.0,0.0,0.0,1.0,0.0,6.0,0.0,0.0,39.0,0.0,0.0,0.0,0.0,1.0,1.0,0.0,6.0,0.0,1.0,41.0,0.0,42,23.847073170731708,20.1324012195122,24.370185320474253,0.096518128162528,0.2764542857142856,0.04081260712521,35.0,-0.178245,0.0054472464454545,12.0,0.251379574468085,0.0333421366302497,47.0,3.5353369651149604,0.0050080583151654,21.357417852858404,0.4212960156828948,1
PPP2R1A,1770.0,0.0,0.0,0.0,1.0,0.0,1.0,0.0,0.0,1.0,0.0,1.0,1.0,1.0,1.0,0.5885815185403178,0.9005531740375485,478210.6,896.0,-0.03843337,0.0021301383204943,205.0,0.0,0.0,1.0,0.0,0.0,0.0,0.0,0.0,0.0,0.0,0.0,0.0,1.0,0.0,0.0,0.0,0.0,0.0,0.0,0.0,0.0,0.0,0.0,2.0,0.0,2,25.05,0.4049999999999987,28.562514445967505,0.0444462245552323,0.4161370588235294,0.1242311798595588,17.0,-0.2393996153846154,0.0286277293638461,26.0,0.3092725581395348,0.0720112002099667,43.0,3.748061035946576,0.0034581031666299,14.610652358179763,0.8407399348312936,1
PTEN,1212.0,0.0,0.1,0.1,0.4,0.0,1.0,0.4,0.0,0.5331092497698139,0.0,4.0,10.0,0.0651678071032909,1.0,0.2763194252555954,0.6317208468034279,259677.5,300.0,0.03373138,0.0007879442241884,90.0,0.0,0.0,0.0,0.0,0.0,0.0,4.0,0.0,0.0,0.0,0.0,0.0,3.0,1.0,0.0,0.0,0.0,0.0,3.0,0.0,4.0,1.0,0.0,6.0,0.0,10,32.1,20.7,23.52905576892732,0.1567880258355391,0.1827233333333333,0.0070864540114285,36.0,-0.18078,0.0037224763647058,18.0,0.1820755555555555,0.0058745907006289,54.0,3.6660694317453535,0.0040026146317752,22.084162371866483,0.40309723121769,1
RET,3345.0,0.4,0.0,0.0,0.6,0.0,1.0,0.0,0.0,1.0,0.0,1.0,1.0,1.0,1.0,0.7142857142857143,0.9546230261580092,454068.1,563.0,-0.01916108,0.0001403082504264,30.0,0.0,0.0,0.0,0.0,0.0,0.0,0.0,0.0,0.0,0.0,0.0,0.0,4.0,0.0,0.0,0.0,0.0,2.0,0.0,0.0,0.0,1.0,0.0,5.0,0.0,5,11.6918,97.2277202,17.30807781898404,0.8838573331839473,0.2388409677419354,0.0183409147556989,31.0,-0.17109,0.0034610114428571,15.0,0.2167482608695652,0.0143351660724637,46.0,3.2322711017965124,0.1843204666409263,20.1527832228653,0.7769377709796237,1
TP53,1182.0,0.0181818181818181,0.2545454545454545,0.0181818181818181,0.509090909090909,0.109090909090909,0.9293509992314574,0.1636363636363636,0.0363636363636363,0.5925812943636338,0.0,14.0,27.0,0.0,0.0338399999999999,0.0,5.3802341915981296e-06,2069567.0,213.0,0.03424378,0.0165046193260104,833.0,0.0,0.0,0.0,0.0,0.0,0.0,9.0,0.0,0.0,2.0,0.0,0.0,30.0,14.0,0.0,0.0,0.0,0.0,4.0,0.0,13.0,2.0,0.0,44.0,0.0,56,30.785681818181818,50.60957859408031,22.63522591456265,1.0004092036686671,0.2469894117647059,0.0282628257308823,17.0,-0.2417820754716981,0.009783909782148,53.0,0.2430467142857142,0.0139321383557142,70.0,3.450291258224176,0.0127871492184129,23.17309841273945,1.772006495480296,1
YTHDF3,1757.0,0.0,0.0,0.0,1.0,0.0,1.0,0.0,0.0,1.0,0.0,1.0,1.0,1.0,1.0,1.0,1.0,137400.8,619.0,0.00683805,1.1983151054459048e-05,11.0,0.0,0.0,0.0,0.0,0.0,0.0,0.0,0.0,0.0,0.0,0.0,0.0,1.0,0.0,0.0,0.0,0.0,0.0,0.0,0.0,0.0,0.0,0.0,1.0,0.0,1,34.0,0.0,25.287225359344543,0.0874810862813115,0.4378641666666666,0.0775021857439716,48.0,-0.2290756249999999,0.0055342996795833,16.0,0.38566703125,0.0674401442339038,64.0,3.646498884722943,0.0048481217271045,21.28507056845437,0.374662049272613,0
PNPLA1,1599.0,0.0,0.0,0.0,1.0,0.0,1.0,0.0,0.0,1.0,0.0,1.0,1.0,1.0,1.0,0.2086811352253756,0.5356735936588375,839966.4,358.0,0.02957431,1.9301261767175987e-06,10.0,0.0,0.0,0.0,0.0,0.0,0.0,0.0,0.0,0.0,0.0,0.0,0.0,1.0,0.0,0.0,0.0,0.0,1.0,0.0,0.0,0.0,0.0,0.0,2.0,0.0,2,13.4005,297.65560050000005,22.330935529302888,0.385043639309862,0.2480834615384615,0.0161011302315384,26.0,-0.256212,0.0127196623171428,15.0,0.2510573170731707,0.0145308007201219,41.0,1.093499931262253,0.6060585003640626,20.615901612523864,0.7763187152099652,0
C9ORF78,870.0,1.0,0.0,0.0,0.0,0.0,1.0,0.0,0.0,1.0,0.0,0.0,0.0,1.0,1.0,1.0,1.0,600400.9,187.0,0.04391731,4.288652465697512e-05,24.0,0.0,0.0,0.0,0.0,0.0,0.0,0.0,0.0,0.0,0.0,0.0,0.0,0.0,0.0,0.0,0.0,0.0,1.0,0.0,0.0,0.0,0.0,0.0,1.0,0.0,1,12.94,0.0,24.517310588739072,0.0906703160367427,0.2124371428571428,0.0192851717142857,14.0,-0.2456367857142856,0.0262208350078042,28.0,0.234570238095238,0.0236331007194541,42.0,3.532137512926544,0.0022092430187047,25.02869788894844,0.3960234577296864,0
TSPAN5,807.0,1.0,0.0,0.0,0.0,0.0,1.0,0.0,0.0,1.0,0.0,0.0,0.0,1.0,1.0,1.0,1.0,217859.3,797.0,0.01159329,0.0006580570300225,59.0,0.0,0.0,0.0,0.0,0.0,0.0,0.0,0.0,0.0,0.0,0.0,0.0,0.0,0.0,0.0,0.0,0.0,1.0,0.0,0.0,0.0,0.0,0.0,1.0,0.0,1,4.736,0.0,22.330935529302888,0.385043639309862,0.1867290625,0.015079711260383,32.0,-0.2517238461538461,0.0190883587589743,13.0,0.2055053333333333,0.0167177923481818,45.0,3.367609736491524,0.0378249059867399,20.615901612523864,0.7763187152099652,0
IFNL1,603.0,1.0,0.0,0.0,0.0,0.0,1.0,0.0,0.0,1.0,0.0,0.0,0.0,1.0,1.0,1.0,1.0,1838894.0,286.0,0.02940816,0.0,0.0,0.0,0.0,0.0,0.0,0.0,0.0,0.0,0.0,0.0,0.0,0.0,0.0,0.0,0.0,0.0,0.0,0.0,2.0,0.0,0.0,0.0,0.0,0.0,2.0,0.0,1,3.13,7.793352000000001,22.330935529302888,0.385043639309862,0.4941617391304348,0.197115925487747,23.0,-0.2430304347826087,0.0292527401225296,23.0,0.3685960869565216,0.1267862302599033,46.0,1.0867540311768165,0.8183337261021855,20.615901612523864,0.7763187152099652,0
NR2C1,1812.0,0.0,0.0,0.0,1.0,0.0,1.0,0.0,0.0,1.0,0.0,3.0,3.0,1.0,1.0,0.180962721679334,0.4903120207204534,365825.9,544.0,0.02734335,5.294745434637847e-06,27.0,0.0,0.0,0.0,0.0,0.0,0.0,0.0,0.0,0.0,0.0,0.0,0.0,3.0,0.0,0.0,0.0,0.0,0.0,0.0,0.0,0.0,0.0,0.0,3.0,0.0,2,25.33333333333333,10.573333333333329,23.243138907227497,0.404201791169168,0.1870899999999999,0.0050679681375,17.0,-0.1971125,0.0053445898804347,24.0,0.1929568292682927,0.0051253165621951,41.0,3.351893524531593,0.0077906657942846,19.88736907321115,0.3821873803968588,0
MPDZ,6126.0,0.5,0.0,0.0,0.5,0.0,1.0,0.0,0.0,1.0,0.0,0.6666666666666666,0.6666666666666666,1.0,1.0,0.5428881650380022,0.8745124526781298,77489.62,688.0,-0.03608706,9.51319826452485e-05,20.0,0.0,0.0,0.0,0.0,0.0,0.0,0.0,0.0,0.0,0.0,0.0,0.0,2.0,0.0,0.0,0.0,0.0,2.0,0.0,0.0,0.0,0.0,0.0,4.0,0.0,3,18.71375,263.52308025,22.87680674352706,0.1077113461725804,0.2973957142857142,0.0512926459757142,21.0,-0.2190091176470587,0.012584183511319,34.0,0.2489385454545453,0.0281647633126599,55.0,3.4907644764070542,0.0128780325196354,23.04163934020952,0.2859054285397797,0
FGD3,2178.0,0.0,0.0,0.0,1.0,0.0,1.0,0.0,0.0,1.0,0.0,1.0,1.0,1.0,1.0,0.1671122994652406,0.4660911164224895,478130.0,463.0,0.04286667,1.3650949264339726e-07,2.0,0.0,0.0,0.0,0.0,0.0,0.0,0.0,0.0,0.0,0.0,0.0,0.0,1.0,0.0,0.0,0.0,0.0,0.0,0.0,0.0,0.0,0.0,0.0,1.0,0.0,1,25.1,0.0,24.292091288046542,0.640913819788313,0.1800770588235294,0.0120243607845588,17.0,-0.2563213636363635,0.0329058101647186,22.0,0.2230866666666666,0.0247147059491228,39.0,3.379208506550647,0.0491251574944193,24.11237331734108,0.766555777559166,0
AC068633.1,2238.68889553429,0.3208800705605375,0.0382356092640028,0.0111035463036451,0.6124532202196571,0.0001446129959885,0.9998816304170584,0.0127215066592484,0.0033226538509632,0.992896298692298,0.0012833931419457,0.9706727286646546,1.088826814245475,0.9182620032207496,0.9997044148724084,0.5394479919602778,0.7533733180500214,629583.6997373265,461.2230183563257,0.0183775185055424,0.0001252330988384,19.717603668261564,0.0,0.0,0.0,0.0,0.0,0.0,0.0,0.0,0.0,0.0,0.0,0.0,0.0,0.0,0.0,2.0,0.0,0.0,0.0,0.0,0.0,0.0,0.0,2.0,0.0,2,4.265000000000001,1.820232,22.330935529302888,0.385043639309862,0.2679212512171164,0.0425464906885541,25.38823976441532,-0.2401433443723266,0.0208617512055182,26.91089579177353,0.2589266131112404,0.0327545155673512,52.26674266172699,2.697213763407762,0.1832014722251919,20.615901612523864,0.7763187152099652,0
CYHR1,1089.0,1.0,0.0,0.0,0.0,0.0,1.0,0.0,0.0,1.0,0.0,0.0,0.0,1.0,1.0,1.0,1.0,2043455.0,200.0,0.03603543,1.2946162883628653e-05,19.0,0.0,0.0,0.0,0.0,0.0,0.0,0.0,0.0,0.0,0.0,0.0,0.0,0.0,0.0,0.0,0.0,0.0,1.0,0.0,0.0,0.0,0.0,0.0,1.0,0.0,1,13.49,0.0,23.60301278997238,0.1372410262787051,0.2679212512171164,0.0425464906885541,25.38823976441532,-0.2401433443723266,0.0208617512055182,26.91089579177353,0.2589266131112404,0.0327545155673512,52.26674266172699,3.491037722637508,0.0171199652208156,20.615901612523864,0.7763187152099652,0
USP51,2136.0,1.0,0.0,0.0,0.0,0.0,1.0,0.0,0.0,1.0,0.0,0.0,0.0,1.0,1.0,1.0,1.0,92249.77,461.3935969868173,0.007956133,9.059887111485272e-09,4.0,0.0,0.0,0.0,0.0,0.0,0.0,0.0,0.0,0.0,0.0,0.0,0.0,0.0,0.0,0.0,0.0,0.0,1.0,0.0,0.0,0.0,0.0,0.0,1.0,0.0,1,8.566,0.0,22.330935529302888,0.385043639309862,0.2695694999999999,0.0434835202576315,20.0,-0.2301355172413793,0.0104302514184729,29.0,0.2462310204081632,0.0236800105968537,49.0,2.9731183518127144,0.0189471072887319,16.70725131598968,0.5605173517152807,0
POLR3E,2127.0,0.5,0.0,0.0,0.5,0.0,1.0,0.0,0.0,1.0,0.0,0.5,0.5,1.0,1.0,0.6305170239596469,0.9213210108528728,483001.1,235.0,0.04996764,4.175501693384992e-06,17.0,0.0,0.0,0.0,0.0,0.0,0.0,0.0,0.0,0.0,0.0,0.0,0.0,1.0,0.0,0.0,0.0,0.0,1.0,0.0,0.0,0.0,0.0,0.0,2.0,0.0,2,16.596,95.330432,23.66311898788957,0.1085345488978318,0.3346929999999999,0.0482187552431579,20.0,-0.2416518,0.0247079415538367,50.0,0.268235,0.0326161177847826,70.0,3.5092559686252365,0.0050554359138546,22.998660583181746,0.5791328297872509,0
SLC2A9,1623.0,1.0,0.0,0.0,0.0,0.0,1.0,0.0,0.0,1.0,0.0,0.0,0.0,1.0,1.0,1.0,1.0,222992.9,916.0,0.03741961,0.0,1.0,0.0,0.0,0.0,0.0,0.0,0.0,0.0,0.0,0.0,0.0,0.0,0.0,0.0,0.0,0.0,0.0,0.0,1.0,0.0,0.0,0.0,0.0,0.0,1.0,0.0,1,5.88,0.0,22.330935529302888,0.385043639309862,0.19452,0.0122056463047619,22.0,-0.2566983870967742,0.0259438448139785,31.0,0.2308884905660377,0.0208535243592162,53.0,2.896507162312172,0.0355981267935925,20.615901612523864,0.7763187152099652,0
CCDC116,1842.0,0.5,0.5,0.0,0.0,0.0,1.0,0.0,0.0,1.0,0.0,0.0,0.5,0.0945179584120983,1.0,1.0,1.0,521772.8,194.0,0.03708826,3.4704287096041154e-06,9.0,0.0,0.0,0.0,0.0,0.0,0.0,0.0,0.0,0.0,0.0,0.0,0.0,0.0,1.0,0.0,0.0,0.0,1.0,0.0,0.0,0.0,0.0,0.0,2.0,0.0,1,19.961,452.3430419999999,22.330935529302888,0.385043639309862,0.263106,0.0215370307799999,5.0,-0.2879817647058824,0.0246984660908235,51.0,0.2857607142857143,0.024070712624935,56.0,1.793001318629806,0.2373093163975788,20.615901612523864,0.7763187152099652,0
TBRG4,1929.0,1.0,0.0,0.0,0.0,0.0,1.0,0.0,0.0,1.0,0.0,0.0,0.0,1.0,1.0,1.0,1.0,1070050.0,291.0,0.05258088,0.0001022477382279,15.0,0.0,0.0,1.0,0.0,0.0,0.0,0.0,0.0,0.0,0.0,0.0,0.0,0.0,0.0,0.0,0.0,0.0,1.0,0.0,0.0,0.0,0.0,0.0,2.0,0.0,2,15.285,52.32644999999998,25.25869355836098,0.1642085270124835,0.2027328571428571,0.0103551326514285,21.0,-0.2155210526315789,0.012785657965497,19.0,0.20880725,0.0112532253178846,40.0,3.5189394126850133,0.0069883212437855,19.75050903874516,0.8562175073400099,0
CSNK1G1,1269.0,1.0,0.0,0.0,0.0,0.0,1.0,0.0,0.0,1.0,0.0,0.0,0.0,1.0,1.0,1.0,1.0,743794.5,263.0,0.04337504,3.5015800150142625e-05,14.0,0.0,0.0,0.0,0.0,0.0,0.0,0.0,0.0,0.0,0.0,0.0,0.0,0.0,0.0,0.0,0.0,0.0,1.0,0.0,0.0,0.0,0.0,0.0,1.0,0.0,1,13.9,0.0,21.594750314142075,0.2808948256302307,0.1491322222222222,0.0024038748194444,9.0,-0.2347723529411765,0.0137938573276292,34.0,0.2168476744186046,0.0125385888563676,43.0,3.460122643740827,0.0043336741947544,20.615901612523864,0.7763187152099652,0
RPL7A,801.0,1.0,0.0,0.0,0.0,0.0,1.0,0.0,0.0,1.0,0.0,0.0,0.0,1.0,1.0,1.0,1.0,1827885.0,416.0,0.02751607,9.631096071430396e-05,146.0,0.0,0.0,0.0,0.0,0.0,0.0,0.0,0.0,0.0,0.0,0.0,0.0,0.0,0.0,0.0,0.0,0.0,1.0,0.0,0.0,0.0,0.0,0.0,1.0,0.0,1,9.83,0.0,27.951035847172925,0.1381301735268545,0.249545,0.0232486681653846,14.0,-0.2507348,0.0289241644426666,25.0,0.2503076923076922,0.0262217193971659,39.0,4.001965994370098,0.0028192411940884,20.615901612523864,0.7763187152099652,0
OR6P1,954.0,0.0,0.0,0.0,1.0,0.0,1.0,0.0,0.0,1.0,0.0,2.0,2.0,1.0,1.0,0.1277139208173691,0.3905443818649693,629341.2502462703,461.3935969868173,0.0183554222686853,0.0,0.0,0.0,0.0,0.0,0.0,0.0,0.0,0.0,0.0,0.0,0.0,0.0,0.0,2.0,0.0,0.0,0.0,0.0,0.0,0.0,0.0,0.0,0.0,0.0,2.0,0.0,2,13.921,203.172482,22.330935529302888,0.385043639309862,0.2866658666666667,0.0160896693948468,75.0,-0.156774,0.0013022147799999,5.0,0.278547625,0.0161383722993512,80.0,0.0,0.0,20.615901612523864,0.7763187152099652,0
XRCC6,1830.0,1.0,0.0,0.0,0.0,0.0,1.0,0.0,0.0,1.0,0.0,0.0,0.0,1.0,1.0,1.0,1.0,1475100.0,183.0,0.05031872,0.0028579751675925,251.0,0.0,0.0,0.0,0.0,0.0,0.0,0.0,0.0,0.0,0.0,0.0,0.0,0.0,0.0,0.0,0.0,0.0,1.0,0.0,0.0,0.0,0.0,0.0,1.0,0.0,1,9.816,0.0,29.05880667620293,0.0584902535998124,0.248545,0.01332339987,6.0,-0.3060581132075471,0.0286532669156023,53.0,0.3002093220338984,0.0271450885340152,59.0,3.835082424701007,0.0024677772016106,22.93396529271492,0.2259343479067896,0
PLXNA4,5685.0,0.4444444444444444,0.1111111111111111,0.0,0.4444444444444444,0.0,1.0,0.0,0.0,1.0,0.0,0.8,1.0,0.3743916136278547,1.0,0.7794232268121591,0.9736563411017144,314659.4,746.0,0.009095942,3.076677807687366e-07,2.0,0.0,0.0,0.0,0.0,0.0,0.0,0.0,0.0,0.0,0.0,0.0,0.0,4.0,1.0,0.0,0.0,0.0,4.0,0.0,0.0,0.0,0.0,0.0,9.0,0.0,5,19.67988888888889,96.70439761111112,14.438068549465012,0.4584291575708441,0.284055,0.0405162395911764,18.0,-0.2440826923076923,0.0183720673484615,26.0,0.2604349999999999,0.0270947065837209,44.0,3.0176016234986087,0.1108573262734611,20.615901612523864,0.7763187152099652,0
KRTAP5-10,609.0,0.0,0.5,0.0,0.5,0.0,1.0,0.0,0.0,1.0,0.0,1.0,2.0,0.2308935580697298,1.0,0.5701254275940707,0.8904782747719449,586192.8,626.0,0.04957565,0.0,0.0,0.0,0.0,0.0,0.0,0.0,0.0,0.0,0.0,0.0,0.0,0.0,0.0,1.0,1.0,0.0,0.0,0.0,0.0,0.0,0.0,0.0,0.0,0.0,2.0,0.0,2,24.36,185.8592,22.330935529302888,0.385043639309862,0.4064920512820514,0.1705548407062078,39.0,-0.1981963636363636,0.0170836401654545,11.0,0.3606670000000002,0.1433506451153061,50.0,1.6021527476484712,0.5910411584534928,20.615901612523864,0.7763187152099652,0
MYADML,2238.68889553429,0.3208800705605375,0.0382356092640028,0.0111035463036451,0.6124532202196571,0.0001446129959885,0.9998816304170584,0.0127215066592484,0.0033226538509632,0.992896298692298,0.0012833931419457,0.9706727286646546,1.088826814245475,0.9182620032207496,0.9997044148724084,0.5394479919602778,0.7533733180500214,629583.6997373265,461.2230183563257,0.0183775185055424,0.0001252330988384,19.717603668261564,0.0,0.0,0.0,0.0,0.0,0.0,0.0,0.0,0.0,0.0,0.0,0.0,0.0,0.0,0.0,1.0,0.0,0.0,0.0,0.0,0.0,0.0,0.0,1.0,0.0,1,13.21,0.0,22.330935529302888,0.385043639309862,0.2679212512171164,0.0425464906885541,25.38823976441532,-0.2401433443723266,0.0208617512055182,26.91089579177353,0.2589266131112404,0.0327545155673512,52.26674266172699,2.697213763407762,0.1832014722251919,20.615901612523864,0.7763187152099652,0
GPC5,1719.0,0.0,0.0,0.0,1.0,0.0,1.0,0.0,0.0,1.0,0.0,3.0,3.0,1.0,1.0,0.3063725490196078,0.6687970089160112,12353.15,1007.0,-0.009002408,6.863518233127304e-08,2.0,0.0,0.0,0.0,0.0,0.0,0.0,0.0,0.0,0.0,0.0,0.0,0.0,3.0,0.0,0.0,0.0,0.0,0.0,0.0,0.0,0.0,0.0,0.0,3.0,0.0,2,20.94666666666667,42.10823333333333,22.330935529302888,0.385043639309862,0.2482065,0.039405757766923,40.0,-0.2548712121212121,0.0189656855484848,33.0,0.2512193150684932,0.0297851343370243,73.0,1.0267883695453557,0.8493097979312145,20.615901612523864,0.7763187152099652,0
RBM25,2532.0,1.0,0.0,0.0,0.0,0.0,1.0,0.0,0.0,1.0,0.0,0.0,0.0,1.0,1.0,1.0,1.0,456437.1,274.0,0.04168124,8.254397723057047e-05,62.0,0.0,0.0,0.0,0.0,0.0,0.0,0.0,0.0,0.0,0.0,0.0,0.0,0.0,0.0,0.0,0.0,0.0,1.0,0.0,0.0,0.0,0.0,0.0,1.0,0.0,1,10.68,0.0,26.30120665342544,0.0557634427344645,0.1988435,0.0174784744765789,20.0,-0.2286763888888889,0.0150171232065873,36.0,0.2180217857142856,0.0158024218294805,56.0,3.738507724599885,0.0029503474079777,28.172988582571147,0.2630145353742918,0
DEGS2,972.0,0.0,0.0,0.0,1.0,0.0,1.0,0.0,0.0,1.0,0.0,1.0,1.0,1.0,1.0,0.1761804087385482,0.4820730724626139,405419.7,237.0,0.03889357,0.0,0.0,0.0,0.0,0.0,0.0,0.0,0.0,0.0,0.0,0.0,0.0,0.0,1.0,0.0,0.0,0.0,0.0,0.0,1.0,0.0,0.0,0.0,0.0,0.0,2.0,0.0,2,21.11,237.1842,19.545973623812845,1.026768567910505,0.2135431818181818,0.0246758737179653,22.0,-0.2227651724137931,0.0099735535972906,29.0,0.2187870588235293,0.0159703349291764,51.0,3.211310574617108,0.2609070070215282,20.615901612523864,0.7763187152099652,0
ETV7,2238.68889553429,0.3208800705605375,0.0382356092640028,0.0111035463036451,0.6124532202196571,0.0001446129959885,0.9998816304170584,0.0127215066592484,0.0033226538509632,0.992896298692298,0.0012833931419457,0.9706727286646546,1.088826814245475,0.9182620032207496,0.9997044148724084,0.5394479919602778,0.7533733180500214,629583.6997373265,461.2230183563257,0.0183775185055424,0.0001252330988384,19.717603668261564,0.0,0.0,0.0,0.0,0.0,0.0,0.0,0.0,0.0,0.0,0.0,0.0,1.0,0.0,0.0,0.0,0.0,0.0,0.0,0.0,0.0,0.0,0.0,1.0,0.0,1,12.55,0.0,22.330935529302888,0.385043639309862,0.2502462962962963,0.0156081580549857,27.0,-0.256212,0.0127196623171428,15.0,0.2523769047619047,0.0142495260365272,42.0,2.96547276063592,0.0905107320338004,20.615901612523864,0.7763187152099652,0
RASA1,3144.0,0.0,1.0,0.0,0.0,0.0,1.0,0.0,0.0,1.0,0.0,0.0,1.0,0.0651253663301856,1.0,1.0,1.0,154500.7,726.0,0.02413855,0.0001957619741466,54.0,0.0,0.0,0.0,0.0,0.0,0.0,0.0,0.0,0.0,0.0,0.0,0.0,0.0,1.0,0.0,0.0,0.0,0.0,0.0,0.0,0.0,0.0,0.0,1.0,0.0,1,53.0,0.0,24.291164436216363,0.1157011648160348,0.227354375,0.01507526458625,16.0,-0.2739419999999999,0.0193818560993103,30.0,0.2577376086956522,0.018018900418599,46.0,3.565918889695044,0.0065407235722654,20.615901612523864,0.7763187152099652,0
PRIM2,1530.0,0.0,0.0,0.0,1.0,0.0,1.0,0.0,0.0,1.0,0.0,1.0,1.0,1.0,1.0,0.5221932114882507,0.8614713434112843,177579.6,847.0,-0.01572685,2.303751588221612e-05,16.0,0.0,0.0,0.0,0.0,0.0,0.0,0.0,0.0,0.0,0.0,0.0,0.0,1.0,0.0,0.0,0.0,0.0,0.0,0.0,0.0,0.0,0.0,0.0,1.0,0.0,1,15.26,0.0,22.084258265630805,0.1636492565019343,0.2355721212121212,0.0146410082859848,33.0,-0.2035025,0.0066262566214285,8.0,0.2293146341463415,0.0130379586104878,41.0,3.299134199712018,0.0075885347605177,14.88624322797045,1.354033489139233,0
FOXP4,2043.0,1.0,0.0,0.0,0.0,0.0,1.0,0.0,0.0,1.0,0.0,0.0,0.0,1.0,1.0,1.0,1.0,461476.2,388.0,0.04313882,5.923312294244743e-06,7.0,0.0,0.0,0.0,0.0,0.0,0.0,0.0,0.0,0.0,0.0,0.0,0.0,0.0,0.0,0.0,0.0,0.0,1.0,0.0,0.0,0.0,0.0,0.0,1.0,0.0,1,8.463,0.0,22.77901900459383,0.1893036817027543,0.3678999999999999,0.1823164133818182,23.0,-0.267299375,0.0122854829795833,16.0,0.3266279487179487,0.1129141895956815,39.0,3.479709794616247,0.0158439886131139,23.6503838746302,0.4041545235629598,0
INPP5J,1917.0,1.0,0.0,0.0,0.0,0.0,1.0,0.0,0.0,1.0,0.0,0.0,0.0,1.0,1.0,1.0,1.0,731143.8,218.0,0.03991091,7.764784688748779e-07,6.0,0.0,0.0,0.0,0.0,0.0,0.0,0.0,0.0,0.0,0.0,0.0,2.0,0.0,0.0,0.0,0.0,0.0,1.0,0.0,0.0,0.0,0.0,0.0,3.0,0.0,2,12.456666666666669,3.1160333333333305,21.18834672520468,0.7335736418913281,0.5160233333333333,0.2185872922666666,6.0,-0.3065116666666667,0.0295929330179245,54.0,0.3274628333333334,0.0491253501528531,60.0,3.1961548109316764,0.0958846286012695,22.87140026882676,1.249657312826341,0
WRNIP1,1998.0,0.3333333333333333,0.0,0.0,0.6666666666666666,0.0,1.0,0.0,0.0,1.0,0.0,1.0,1.0,1.0,1.0,0.6671114076050699,0.937156917358546,473112.4,285.0,0.03127193,2.221999243900717e-05,26.0,0.0,0.0,0.0,0.0,0.0,0.0,0.0,0.0,0.0,0.0,0.0,0.0,2.0,0.0,0.0,0.0,0.0,1.0,0.0,0.0,0.0,0.0,0.0,3.0,0.0,3,17.786666666666665,45.68223333333333,24.6500984485398,0.1420702338357636,0.2784446428571429,0.0284045280257936,28.0,-0.2973541666666666,0.0231506017901515,12.0,0.2841174999999999,0.0262713452602564,40.0,3.5444371371326366,0.0036526195209676,27.140228422894523,0.4770834161198005,0
DLL3,1857.0,1.0,0.0,0.0,0.0,0.0,1.0,0.0,0.0,1.0,0.0,0.0,0.0,1.0,1.0,1.0,1.0,1410725.0,230.0,0.03930381,0.0,0.0,0.0,0.0,0.0,0.0,0.0,0.0,0.0,0.0,0.0,0.0,0.0,1.0,0.0,0.0,0.0,0.0,0.0,1.0,0.0,0.0,0.0,0.0,0.0,2.0,0.0,2,12.723,17.725057999999986,22.330935529302888,0.385043639309862,0.4937505263157896,0.1522044730163743,19.0,-0.2463920833333333,0.0274194898085144,24.0,0.3556899999999999,0.0956949304666666,43.0,1.4213719288117137,1.1800821385388274,20.615901612523864,0.7763187152099652,0
HOXA-AS3,2238.68889553429,0.3208800705605375,0.0382356092640028,0.0111035463036451,0.6124532202196571,0.0001446129959885,0.9998816304170584,0.0127215066592484,0.0033226538509632,0.992896298692298,0.0012833931419457,0.9706727286646546,1.088826814245475,0.9182620032207496,0.9997044148724084,0.5394479919602778,0.7533733180500214,629583.6997373265,461.2230183563257,0.0183775185055424,0.0001252330988384,19.717603668261564,0.0,0.0,0.0,0.0,0.0,0.0,0.0,0.0,0.0,0.0,0.0,0.0,0.0,0.0,0.0,1.0,0.0,0.0,0.0,0.0,0.0,0.0,0.0,1.0,0.0,1,4.478,0.0,22.330935529302888,0.385043639309862,0.2679212512171164,0.0425464906885541,25.38823976441532,-0.2401433443723266,0.0208617512055182,26.91089579177353,0.2589266131112404,0.0327545155673512,52.26674266172699,2.697213763407762,0.1832014722251919,20.615901612523864,0.7763187152099652,0
SLC9A3R2,1014.0,1.0,0.0,0.0,0.0,0.0,1.0,0.0,0.0,1.0,0.0,0.0,0.0,1.0,1.0,1.0,1.0,1747301.0,183.0,0.04588438,0.0002670206805394,46.0,0.0,0.0,0.0,0.0,0.0,0.0,0.0,0.0,0.0,0.0,0.0,0.0,0.0,0.0,0.0,0.0,0.0,1.0,0.0,0.0,0.0,0.0,0.0,1.0,0.0,1,0.098,0.0,24.99930069005442,0.2714359530782929,0.3165476,0.0376099008523333,25.0,-0.2477024390243901,0.0297531723189024,41.0,0.2737801515151514,0.0333288124630536,66.0,3.463664633525255,0.0352998950667324,23.14572908639436,0.4468543422231774,0
KIT,2931.0,0.5,0.0,0.0,0.5,0.0,1.0,0.0,0.0,1.0,0.0,0.75,0.75,1.0,1.0,0.7440476190476191,0.9640254777536889,92734.38,649.0,0.0004208712,0.0001933754910323,40.0,0.0,0.0,0.0,0.0,0.0,0.0,0.0,0.0,0.0,0.0,0.0,0.0,3.0,0.0,0.0,0.0,0.0,3.0,0.0,0.0,0.0,0.0,0.0,6.0,0.0,3,10.68,159.09182679999998,21.881356507961417,1.2030262490310408,0.2200212121212121,0.0227712617422348,33.0,-0.21199,0.0157347977571428,15.0,0.2175114583333333,0.0202049511574024,48.0,3.306105029633582,0.0536735935477042,19.729772257296933,0.4251863533721456,0
OR11H6,993.0,0.0,0.0,0.0,1.0,0.0,1.0,0.0,0.0,1.0,0.0,1.0,1.0,1.0,1.0,0.1470588235294117,0.4289592076738325,371813.2,563.0,-0.02883832,0.0,0.0,0.0,0.0,0.0,0.0,0.0,0.0,0.0,0.0,0.0,0.0,0.0,0.0,1.0,0.0,0.0,0.0,0.0,0.0,0.0,0.0,0.0,0.0,0.0,1.0,0.0,1,23.5,0.0,22.330935529302888,0.385043639309862,0.2448003571428571,0.0284552317220899,28.0,-0.1967888461538462,0.0105931701626153,26.0,0.2216837037037037,0.0200791838388539,54.0,0.0307255559532445,0.0376274168851204,20.615901612523864,0.7763187152099652,0
WDR13,1458.0,0.2,0.0,0.0,0.6,0.0,1.0,0.0,0.2,1.0,0.0,1.5,2.0,1.0,1.0,0.1409244644870349,0.4170703558352989,817501.0,461.3935969868173,0.02908206,0.0,1.0,0.0,0.0,0.0,0.0,0.0,0.0,0.0,0.0,0.0,0.0,1.0,0.0,3.0,0.0,0.0,0.0,0.0,1.0,0.0,0.0,0.0,0.0,1.0,4.0,0.0,4,22.8035,89.12644900000002,24.0239249350451,0.0904260635767083,0.2833084210526316,0.0311606601029239,19.0,-0.2640267647058824,0.061139097652852,34.0,0.2709390566037736,0.0496733392164005,53.0,3.4679291210130714,0.0129673714024081,24.21513501762328,0.4631548323949485,0
HOXC4,795.0,0.0,0.0,0.0,1.0,0.0,1.0,0.0,0.0,1.0,0.0,1.0,1.0,1.0,1.0,0.2675943270002676,0.6203594194550033,1185281.0,279.0,0.0543641999999999,9.668700218008346e-05,20.0,0.0,0.0,0.0,0.0,0.0,0.0,0.0,0.0,0.0,0.0,0.0,2.0,1.0,0.0,0.0,0.0,0.0,0.0,0.0,0.0,0.0,0.0,0.0,3.0,0.0,1,22.416666666666668,107.67923333333331,18.51127787712426,1.04255802616081,0.1650571428571428,0.002763030621978,14.0,-0.2025675,0.0061566762630434,24.0,0.1887478947368421,0.0051341630278805,38.0,3.0012732687894865,0.0642293867019153,17.286265971690906,0.7537256288487267,0
TET3,2238.68889553429,0.3208800705605375,0.0382356092640028,0.0111035463036451,0.6124532202196571,0.0001446129959885,0.9998816304170584,0.0127215066592484,0.0033226538509632,0.992896298692298,0.0012833931419457,0.9706727286646546,1.088826814245475,0.9182620032207496,0.9997044148724084,0.5394479919602778,0.7533733180500214,629583.6997373265,461.2230183563257,0.0183775185055424,0.0001252330988384,19.717603668261564,0.0,0.0,0.0,0.0,0.0,0.0,0.0,0.0,0.0,0.0,0.0,0.0,3.0,0.0,0.0,0.0,0.0,0.0,0.0,0.0,0.0,0.0,0.0,3.0,0.0,2,22.736666666666665,23.322033333333337,21.02708588773333,0.2446315820529078,0.1892749999999999,0.0069361089518518,28.0,-0.1886346153846154,0.0116251210435897,13.0,0.1890719512195121,0.0081695008760975,41.0,3.4966218697509475,0.0054528997100606,20.027289928394257,0.625159594836338,0
HACL1,1737.0,0.0,1.0,0.0,0.0,0.0,1.0,0.0,0.0,1.0,0.0,0.0,1.0,0.0843028157140448,1.0,1.0,1.0,433102.1,235.0,0.03218995,4.398129664651565e-06,10.0,0.0,0.0,0.0,0.0,0.0,0.0,0.0,0.0,0.0,0.0,0.0,0.0,0.0,1.0,0.0,0.0,0.0,0.0,0.0,0.0,0.0,0.0,0.0,1.0,0.0,1,35.0,0.0,23.518406807839654,0.2156085914887042,0.2388072972972972,0.0377588568924924,37.0,-0.1847591666666667,0.0022442548083333,12.0,0.2255710204081631,0.0293849021635203,49.0,3.326542273915248,0.0056512712856761,18.71909632437832,0.7167587127064666,0
IGHV1-14,2238.68889553429,0.3208800705605375,0.0382356092640028,0.0111035463036451,0.6124532202196571,0.0001446129959885,0.9998816304170584,0.0127215066592484,0.0033226538509632,0.992896298692298,0.0012833931419457,0.9706727286646546,1.088826814245475,0.9182620032207496,0.9997044148724084,0.5394479919602778,0.7533733180500214,629583.6997373265,461.2230183563257,0.0183775185055424,0.0001252330988384,19.717603668261564,0.0,0.0,0.0,0.0,0.0,0.0,0.0,0.0,0.0,0.0,0.0,0.0,0.0,0.0,0.0,1.0,0.0,0.0,0.0,0.0,0.0,0.0,0.0,1.0,0.0,1,10.69,0.0,22.330935529302888,0.385043639309862,0.2679212512171164,0.0425464906885541,25.38823976441532,-0.2401433443723266,0.0208617512055182,26.91089579177353,0.2589266131112404,0.0327545155673512,52.26674266172699,2.697213763407762,0.1832014722251919,20.615901612523864,0.7763187152099652,0
CACNA2D2,3453.0,0.0,0.0,0.0,1.0,0.0,1.0,0.0,0.0,1.0,0.0,1.0,1.0,1.0,1.0,0.3969829297340214,0.7637403721200767,639042.1,259.0,0.05749456,5.1784084151943474e-06,8.0,0.0,0.0,0.0,0.0,0.0,0.0,0.0,0.0,0.0,0.0,0.0,0.0,2.0,0.0,0.0,0.0,0.0,0.0,0.0,0.0,0.0,1.0,0.0,1.0,0.0,2,22.8,0.0,21.035829810600887,0.7550844164804135,0.1542641176470588,0.0039904111007352,17.0,-0.2345056756756756,0.0138037201641141,37.0,0.2092444444444444,0.0119958400742138,54.0,3.016112308029409,0.1377930424092827,15.570110436288632,0.9156946425546248,0
MARCHF3,2238.68889553429,0.3208800705605375,0.0382356092640028,0.0111035463036451,0.6124532202196571,0.0001446129959885,0.9998816304170584,0.0127215066592484,0.0033226538509632,0.992896298692298,0.0012833931419457,0.9706727286646546,1.088826814245475,0.9182620032207496,0.9997044148724084,0.5394479919602778,0.7533733180500214,629583.6997373265,461.2230183563257,0.0183775185055424,0.0001252330988384,19.717603668261564,0.0,0.0,0.0,0.0,0.0,0.0,0.0,0.0,0.0,0.0,0.0,0.0,0.0,0.0,0.0,0.0,0.0,1.0,0.0,0.0,0.0,0.0,0.0,1.0,0.0,1,11.71,0.0,22.330935529302888,0.385043639309862,0.2679212512171164,0.0425464906885541,25.38823976441532,-0.2401433443723266,0.0208617512055182,26.91089579177353,0.2589266131112404,0.0327545155673512,52.26674266172699,2.697213763407762,0.1832014722251919,20.615901612523864,0.7763187152099652,0
CSTF1,1296.0,0.0,0.0,0.0,1.0,0.0,1.0,0.0,0.0,1.0,0.0,1.0,1.0,1.0,1.0,0.5045408678102926,0.8497005226578185,254679.1,672.0,-0.04278005,1.7553491245788442e-05,28.0,0.0,0.0,0.0,0.0,0.0,0.0,0.0,0.0,0.0,0.0,0.0,0.0,1.0,0.0,0.0,0.0,0.0,0.0,0.0,0.0,0.0,0.0,0.0,1.0,0.0,1,22.4,0.0,25.50374353503541,0.0744531740354428,0.3853446875,0.0925708520708669,32.0,-0.1471283333333333,0.0041992416151515,12.0,0.320376590909091,0.0793287184043869,44.0,3.484097704432576,0.0031285531226345,20.615901612523864,0.7763187152099652,0
SMG6,4260.0,0.5,0.0,0.0,0.5,0.0,1.0,0.0,0.0,1.0,0.0,0.5,0.5,1.0,1.0,0.7390983000739099,0.962545712630193,1171119.0,368.0,0.02963094,8.306261753517314e-06,17.0,0.0,0.0,0.0,0.0,0.0,0.0,0.0,0.0,0.0,0.0,0.0,0.0,1.0,0.0,0.0,0.0,0.0,1.0,0.0,0.0,0.0,0.0,0.0,2.0,0.0,1,17.625,55.65125,22.10982740454802,0.0712688569979361,0.2915784210526316,0.0803926143584795,19.0,-0.2390598039215686,0.0090939455539607,51.0,0.2533148571428571,0.0281151561731676,69.0,3.4395293663985966,0.0051326434476555,23.01380873473156,0.2311377803106968,0
DCAF13,2238.68889553429,0.3208800705605375,0.0382356092640028,0.0111035463036451,0.6124532202196571,0.0001446129959885,0.9998816304170584,0.0127215066592484,0.0033226538509632,0.992896298692298,0.0012833931419457,0.9706727286646546,1.088826814245475,0.9182620032207496,0.9997044148724084,0.5394479919602778,0.7533733180500214,629583.6997373265,461.2230183563257,0.0183775185055424,0.0001252330988384,19.717603668261564,0.0,0.0,1.0,0.0,0.0,0.0,0.0,0.0,0.0,0.0,0.0,0.0,0.0,0.0,0.0,0.0,0.0,0.0,0.0,0.0,0.0,0.0,0.0,1.0,0.0,1,27.1,0.0,25.26786116733351,0.1316328299479914,0.4519643283582089,0.0598905998643147,67.0,-0.18907,0.0074685296,8.0,0.4239222666666665,0.0607971612096576,75.0,3.604042389618837,0.0075204443399222,20.615901612523864,0.7763187152099652,0
TMEM39A,1467.0,0.5,0.0,0.0,0.5,0.0,1.0,0.0,0.0,1.0,0.0,0.5,0.5,1.0,1.0,0.6195786864931846,0.9161806504632944,270590.8,599.0,0.02854881,4.310409884475867e-06,7.0,0.0,0.0,0.0,0.0,0.0,0.0,0.0,0.0,0.0,0.0,0.0,0.0,1.0,0.0,0.0,0.0,0.0,1.0,0.0,0.0,0.0,0.0,0.0,2.0,0.0,2,17.73,64.2978,15.814684841742055,0.4492552508290264,0.2028669387755101,0.0119032938591836,49.0,-0.1900477777777778,0.0156336771194444,9.0,0.2008777586206896,0.0122399474317301,58.0,3.5229351394677506,0.0026892812368867,15.869399203566267,1.6125907955457872,0
IL15RA,1062.0,0.0,0.0,0.0,1.0,0.0,1.0,0.0,0.0,1.0,0.0,1.0,1.0,1.0,1.0,0.0695216907675194,0.2548746160824016,650283.3,305.0,0.03167069,2.4338958723828576e-06,7.0,0.0,0.0,0.0,0.0,0.0,0.0,0.0,0.0,0.0,0.0,0.0,0.0,1.0,0.0,0.0,0.0,0.0,0.0,0.0,0.0,0.0,0.0,0.0,1.0,0.0,1,23.0,0.0,22.330935529302888,0.385043639309862,0.4432683333333334,0.1741739884542857,35.0,-0.1697425,0.0053738018386363,12.0,0.374886875,0.1452882733964096,47.0,3.103711515626963,0.0314612349160161,20.615901612523864,0.7763187152099652,0
CYP51A1,1530.0,0.0,0.0,0.0,1.0,0.0,1.0,0.0,0.0,1.0,0.0,1.0,1.0,1.0,1.0,0.6207324643078833,0.9167319082525373,691564.2,461.0,0.02600442,6.001815471891081e-05,17.0,0.0,0.0,0.0,0.0,0.0,0.0,0.0,0.0,0.0,0.0,0.0,0.0,1.0,0.0,0.0,0.0,0.0,0.0,0.0,0.0,0.0,0.0,0.0,1.0,0.0,1,17.69,0.0,22.801220278461173,0.3409817273415499,0.2333814285714285,0.0146524918028571,21.0,-0.2595861904761904,0.0196097998547619,21.0,0.2464838095238095,0.0168891725217189,42.0,3.587231141846379,0.0073002640714461,20.615901612523864,0.7763187152099652,0
AP001189.4,2238.68889553429,0.3208800705605375,0.0382356092640028,0.0111035463036451,0.6124532202196571,0.0001446129959885,0.9998816304170584,0.0127215066592484,0.0033226538509632,0.992896298692298,0.0012833931419457,0.9706727286646546,1.088826814245475,0.9182620032207496,0.9997044148724084,0.5394479919602778,0.7533733180500214,629583.6997373265,461.2230183563257,0.0183775185055424,0.0001252330988384,19.717603668261564,0.0,0.0,0.0,0.0,0.0,0.0,0.0,0.0,0.0,0.0,0.0,0.0,0.0,0.0,0.0,3.0,0.0,0.0,0.0,0.0,0.0,0.0,0.0,3.0,0.0,2,8.904333333333334,42.62364633333332,22.330935529302888,0.385043639309862,0.2679212512171164,0.0425464906885541,25.38823976441532,-0.2401433443723266,0.0208617512055182,26.91089579177353,0.2589266131112404,0.0327545155673512,52.26674266172699,2.697213763407762,0.1832014722251919,20.615901612523864,0.7763187152099652,0
IQGAP2,4728.0,0.0,0.5,0.0,0.5,0.0,1.0,0.0,0.0,1.0,0.0,1.0,2.0,0.1202645820805772,1.0,0.7974481658692185,0.9779413414758604,229166.0,675.0,0.03389469,1.6441889925096787e-05,15.0,0.0,0.0,0.0,0.0,0.0,0.0,0.0,0.0,0.0,0.0,0.0,0.0,1.0,1.0,0.0,0.0,0.0,0.0,0.0,0.0,0.0,0.0,0.0,2.0,0.0,2,31.55,310.00499999999994,26.02182827174736,0.5155112745509952,0.2488675,0.0180321303840909,12.0,-0.3263042424242424,0.0382123198939393,33.0,0.3056544444444444,0.0334981005161616,45.0,3.470395084349167,0.0402827859969786,25.35392671101276,0.5457567869885757,0
SCMH1,1983.0,0.0,0.0,0.0,1.0,0.0,1.0,0.0,0.0,1.0,0.0,1.0,1.0,1.0,1.0,0.0156907048264608,0.080880668914019,287585.4,346.0,0.02496861,2.563021125038307e-05,22.0,0.0,0.0,0.0,0.0,0.0,0.0,0.0,0.0,0.0,0.0,0.0,0.0,1.0,0.0,0.0,0.0,0.0,0.0,0.0,0.0,0.0,0.0,0.0,1.0,0.0,1,29.8,0.0,18.90285927417975,0.2378747176441857,0.3268479411764706,0.070584795138057,34.0,-0.2609707142857144,0.0237574073456044,14.0,0.3076337500000001,0.0570464037132978,48.0,3.490382476494898,0.0049744046130201,17.961223829153862,0.4680851532693444,0
ZBED9,3978.0,0.0,0.0,0.0,1.0,0.0,1.0,0.0,0.0,0.5793801642856949,0.0,3.0,3.0,1.0,1.0,0.9025270758122744,0.995087173578603,239465.2,576.0,0.02730834,6.673642325821558e-08,5.0,0.0,0.0,0.0,0.0,0.0,0.0,0.0,0.0,0.0,0.0,0.0,0.0,3.0,0.0,0.0,0.0,0.0,0.0,0.0,0.0,0.0,0.0,0.0,3.0,0.0,3,15.023333333333332,0.0225333333333333,22.330935529302888,0.385043639309862,0.2679212512171164,0.0425464906885541,25.38823976441532,-0.2401433443723266,0.0208617512055182,26.91089579177353,0.2589266131112404,0.0327545155673512,52.26674266172699,2.697213763407762,0.1832014722251919,20.615901612523864,0.7763187152099652,0
CPT1C,2412.0,0.0,0.0,0.0,1.0,0.0,1.0,0.0,0.0,1.0,0.0,1.0,1.0,1.0,1.0,0.1148237455505798,0.363343319980549,1716449.0,192.0,0.04145345,0.0,0.0,0.0,0.0,0.0,0.0,0.0,0.0,0.0,0.0,0.0,0.0,0.0,0.0,1.0,0.0,0.0,0.0,0.0,0.0,0.0,0.0,0.0,0.0,0.0,1.0,0.0,1,27.0,0.0,22.330935529302888,0.385043639309862,0.4044370588235293,0.0612455806595588,17.0,-0.2295777777777777,0.022302221725641,27.0,0.2971370454545454,0.0436918118538583,44.0,2.848210306504455,0.0457716363856669,20.615901612523864,0.7763187152099652,0
AP4M1,1362.0,0.0,0.0,0.0,1.0,0.0,1.0,0.0,0.0,1.0,0.0,2.0,2.0,1.0,1.0,0.6788866259334692,0.9418201883777958,1401098.0,205.0,0.0460792,7.019329994160777e-06,7.0,0.0,0.0,0.0,0.0,0.0,0.0,0.0,0.0,0.0,0.0,0.0,0.0,2.0,0.0,0.0,0.0,0.0,0.0,0.0,0.0,0.0,0.0,0.0,2.0,0.0,2,23.35,3.125,22.162022711447445,0.0799134607465751,0.2902482352941176,0.0257114455404411,17.0,-0.2623246874999999,0.0183171691934475,32.0,0.2720124489795918,0.0205806647313775,49.0,3.3714107192665907,0.0062818054028364,20.615901612523864,0.7763187152099652,0
COX7A2L,345.0,0.5,0.0,0.0,0.5,0.0,1.0,0.0,0.0,1.0,0.0,0.5,0.5,1.0,1.0,0.4887585532746823,0.8386542852050023,251918.7,375.0,0.01601184,2.5801351079751264e-06,4.0,0.0,0.0,0.0,0.0,0.0,0.0,0.0,0.0,0.0,0.0,0.0,0.0,1.0,0.0,0.0,0.0,0.0,1.0,0.0,0.0,0.0,0.0,0.0,2.0,0.0,2,18.1065,161.76608450000003,24.871366625025445,0.2535910008706486,0.1866744444444444,0.0040841821555555,18.0,-0.2129019047619048,0.0146281409861904,21.0,0.200796923076923,0.0097016067850202,39.0,3.61731590899821,0.0023618400442087,20.615901612523864,0.7763187152099652,0
ADCK2,1881.0,0.5,0.0,0.0,0.5,0.0,1.0,0.0,0.0,1.0,0.0,0.5,0.5,1.0,1.0,0.6020469596628537,0.9075375259669825,354697.0,567.0,0.03793257,0.0,1.0,0.0,0.0,0.0,0.0,0.0,0.0,0.0,0.0,0.0,0.0,0.0,0.0,1.0,0.0,0.0,0.0,0.0,1.0,0.0,0.0,0.0,0.0,0.0,2.0,0.0,2,12.6575,182.1186125,20.11850448252289,0.266283313837757,0.3042977777777777,0.0886676234653594,18.0,-0.2266004347826087,0.0152923553407114,23.0,0.2607114634146341,0.0476184787778048,41.0,3.4317100156658755,0.0064264182615013,20.615901612523864,0.7763187152099652,0
TRIM72,1434.0,0.2,0.0,0.0,0.8,0.0,1.0,0.0,0.0,0.8277293767706428,0.0,2.0,2.0,1.0,1.0,0.4885197850512946,0.8384832958862494,1203752.0,478.0,0.01661942,9.65923162671176e-07,7.0,0.0,0.0,0.0,0.0,0.0,0.0,0.0,0.0,0.0,0.0,0.0,0.0,4.0,0.0,0.0,0.0,0.0,1.0,0.0,0.0,0.0,0.0,0.0,5.0,0.0,4,20.246,38.65107999999999,21.910485831525733,1.517755463027208,0.3548214285714285,0.0506979151928571,21.0,-0.2253685714285714,0.0121335390418118,42.0,0.2685195238095237,0.0281620321884792,63.0,1.6637970915224345,1.0503479770698465,20.615901612523864,0.7763187152099652,0
SLC25A21,900.0,0.0,0.0,0.0,0.5,0.0,1.0,0.5,0.0,1.0,0.0,1.0,2.0,1.0,1.0,0.3040437823046518,0.6660333132280085,68925.77,481.0,-0.0444655,5.757643341329393e-06,5.0,0.0,0.0,0.0,0.0,0.0,0.0,1.0,0.0,0.0,0.0,0.0,0.0,1.0,0.0,0.0,0.0,0.0,0.0,0.0,0.0,1.0,0.0,0.0,1.0,0.0,2,24.2,0.0,21.905142872120624,0.3334297973880328,0.2181014814814814,0.0213208032054131,26.0,-0.2204296428571429,0.0156366757072751,28.0,0.2192867272727271,0.0180852894890909,54.0,2.496935933875808,0.3091179093618477,20.615901612523864,0.7763187152099652,0
MCUB,2238.68889553429,0.3208800705605375,0.0382356092640028,0.0111035463036451,0.6124532202196571,0.0001446129959885,0.9998816304170584,0.0127215066592484,0.0033226538509632,0.992896298692298,0.0012833931419457,0.9706727286646546,1.088826814245475,0.9182620032207496,0.9997044148724084,0.5394479919602778,0.7533733180500214,629583.6997373265,461.2230183563257,0.0183775185055424,0.0001252330988384,19.717603668261564,0.0,0.0,0.0,0.0,0.0,0.0,0.0,0.0,0.0,0.0,0.0,1.0,1.0,0.0,0.0,0.0,0.0,0.0,0.0,0.0,0.0,0.0,0.0,2.0,0.0,2,12.915,4.999999999998898e-05,20.18640000982176,0.2248425616012186,0.2679212512171164,0.0425464906885541,25.38823976441532,-0.2401433443723266,0.0208617512055182,26.91089579177353,0.2589266131112404,0.0327545155673512,52.26674266172699,3.352785530927032,0.0144107815163225,20.615901612523864,0.7763187152099652,0
NFAT5,4650.0,1.0,0.0,0.0,0.0,0.0,1.0,0.0,0.0,1.0,0.0,0.0,0.0,1.0,1.0,1.0,1.0,1302986.0,461.3935969868173,0.04069235,0.0,3.0,0.0,0.0,0.0,0.0,0.0,0.0,0.0,0.0,0.0,0.0,0.0,0.0,0.0,0.0,0.0,0.0,0.0,1.0,0.0,0.0,0.0,0.0,0.0,1.0,0.0,1,2.841,0.0,21.777339613051083,0.1338641463482391,0.22019,0.0145795695818181,23.0,-0.3018426785714284,0.020897374445422,56.0,0.2780703797468354,0.0202411044908795,79.0,3.549728441871346,0.0188148712132449,21.83937972322473,0.5434556360855345,0
KRT74,1590.0,0.6666666666666666,0.0,0.0,0.3333333333333333,0.0,1.0,0.0,0.0,1.0,0.0,0.3333333333333333,0.3333333333333333,1.0,1.0,0.8312551953449709,0.9848864812905584,1280474.0,464.0,0.03644207,3.2246237887435045e-08,2.0,0.0,0.0,0.0,0.0,0.0,0.0,0.0,0.0,0.0,0.0,0.0,0.0,1.0,0.0,0.0,0.0,0.0,2.0,0.0,0.0,0.0,0.0,0.0,3.0,0.0,2,13.644333333333334,57.36214633333336,14.821724777314127,0.0957671682277883,0.1802839999999999,0.0079073232542857,15.0,-0.2421444,0.0251214712673333,25.0,0.21894675,0.0192177752224999,40.0,0.3128472646731525,0.4014275385505012,20.615901612523864,0.7763187152099652,0
RIMBP2,3159.0,0.5,0.0,0.0,0.5,0.0,1.0,0.0,0.0,1.0,0.0,0.5,0.5,1.0,1.0,0.7581501137225171,0.9680620725816358,225008.9,632.0,-0.0346215,1.1584888513005962e-06,3.0,0.0,0.0,0.0,0.0,0.0,0.0,0.0,0.0,0.0,0.0,0.0,0.0,1.0,0.0,0.0,0.0,0.0,1.0,0.0,0.0,0.0,0.0,0.0,2.0,0.0,2,12.6165,69.46668450000001,22.330935529302888,0.385043639309862,0.2244514285714285,0.0211811980747252,14.0,-0.21617,0.0085199503833333,25.0,0.2191428205128205,0.0126434174786774,39.0,1.7965409955591456,0.7979698166998135,20.615901612523864,0.7763187152099652,0
CBL,2721.0,0.0,0.0,0.0,1.0,0.0,1.0,0.0,0.0,1.0,0.0,2.0,2.0,1.0,1.0,0.1510117789187556,0.4364840590644901,1172813.0,183.0,0.05260533,0.0023208892274712,227.0,0.0,0.0,0.0,0.0,0.0,0.0,0.0,0.0,0.0,0.0,0.0,0.0,2.0,0.0,0.0,0.0,0.0,0.0,0.0,0.0,0.0,0.0,0.0,2.0,0.0,2,26.2,0.0,23.824681442371297,0.0742235732968888,0.1600054545454545,0.0060620421672727,11.0,-0.2927330434782609,0.0210473367060869,46.0,0.267118947368421,0.0207881543845864,57.0,3.47138935710841,0.0044230962538674,24.182683303881856,0.1605263319768922,0
MRC2,4440.0,0.75,0.0,0.0,0.25,0.0,1.0,0.0,0.0,1.0,0.0,0.25,0.25,1.0,1.0,0.9380863039399624,0.9980425194593364,200276.4,280.0,-0.0179020999999999,3.1500856683129056e-06,5.0,0.0,0.0,0.0,0.0,0.0,0.0,0.0,0.0,0.0,0.0,0.0,0.0,1.0,0.0,0.0,0.0,0.0,3.0,0.0,0.0,0.0,0.0,0.0,4.0,0.0,4,12.08375,58.40286691666666,24.936433664537542,0.3923227065707424,0.4659309375000001,0.1844331002990927,32.0,-0.2095120512820513,0.0088823198167341,39.0,0.3250811267605634,0.1030097701901408,70.0,3.571414551903606,0.0217925814326614,22.72153050729552,1.0163794231344574,0
ASGR1,876.0,0.0,0.0,0.0,1.0,0.0,1.0,0.0,0.0,1.0,0.0,1.0,1.0,1.0,1.0,0.4273504273504273,0.7906627903288932,1682013.0,348.0,0.01452191,5.434980841448575e-05,13.0,0.0,0.0,0.0,0.0,0.0,0.0,0.0,0.0,0.0,0.0,0.0,0.0,1.0,0.0,0.0,0.0,0.0,0.0,0.0,0.0,0.0,0.0,0.0,1.0,0.0,1,19.7,0.0,22.330935529302888,0.385043639309862,0.2257843749999999,0.02199329578625,16.0,-0.2407128846153846,0.0097943393660256,52.0,0.2372002941176469,0.0124199627909569,68.0,2.3056236948745163,0.1635337720065023,20.615901612523864,0.7763187152099652,0
ARHGEF6,2331.0,0.0,0.0,0.0,1.0,0.0,1.0,0.0,0.0,1.0,0.0,1.0,1.0,1.0,1.0,0.2990430622009569,0.6600381863703515,306871.9,461.3935969868173,0.03939952,4.1480633798931546e-05,21.0,0.0,0.0,0.0,0.0,0.0,0.0,0.0,0.0,0.0,0.0,0.0,0.0,1.0,0.0,0.0,0.0,0.0,0.0,0.0,0.0,0.0,0.0,0.0,1.0,0.0,1,22.1,0.0,25.91962332070986,0.1833406218481762,0.288454375,0.0561396806129166,16.0,-0.2832851515151515,0.0242715114632575,33.0,0.2849730612244899,0.0337306563966836,49.0,3.5191639586619616,0.0141691349528776,27.133570085303944,0.3164932978006329,0
JMJD7-PLA2G4B,3039.0,0.6666666666666666,0.0,0.0,0.3333333333333333,0.0,1.0,0.0,0.0,1.0,0.0,0.3333333333333333,0.3333333333333333,1.0,1.0,0.444247001332741,0.8046977174254087,874210.9,259.0,0.0402911,2.436314272122121e-07,2.0,0.0,0.0,0.0,0.0,0.0,0.0,0.0,0.0,0.0,0.0,0.0,0.0,1.0,0.0,0.0,0.0,0.0,2.0,0.0,0.0,0.0,0.0,0.0,3.0,0.0,3,11.414,139.34746800000002,22.330935529302888,0.385043639309862,0.1412966666666666,0.0023420439466666,6.0,-0.2614869999999999,0.0174970584984615,40.0,0.2458099999999999,0.01709921012,46.0,2.0533471432270107,1.337561547245161,20.615901612523864,0.7763187152099652,0
TASOR2,2238.68889553429,0.3208800705605375,0.0382356092640028,0.0111035463036451,0.6124532202196571,0.0001446129959885,0.9998816304170584,0.0127215066592484,0.0033226538509632,0.992896298692298,0.0012833931419457,0.9706727286646546,1.088826814245475,0.9182620032207496,0.9997044148724084,0.5394479919602778,0.7533733180500214,629583.6997373265,461.2230183563257,0.0183775185055424,0.0001252330988384,19.717603668261564,0.0,0.0,0.0,0.0,0.0,0.0,0.0,0.0,0.0,0.0,0.0,0.0,2.0,1.0,0.0,0.0,0.0,0.0,0.0,0.0,0.0,0.0,0.0,3.0,0.0,2,22.296666666666667,105.23823333333333,22.330935529302888,0.385043639309862,0.2679212512171164,0.0425464906885541,25.38823976441532,-0.2401433443723266,0.0208617512055182,26.91089579177353,0.2589266131112404,0.0327545155673512,52.26674266172699,2.697213763407762,0.1832014722251919,20.615901612523864,0.7763187152099652,0
CLCN2,2697.0,0.6,0.0,0.0,0.4,0.0,1.0,0.0,0.0,1.0,0.0,0.5,0.5,1.0,1.0,0.8952551477170994,0.9943120144020264,1447013.0,268.0,0.04445132,7.23832714523295e-07,2.0,0.0,0.0,0.0,0.0,0.0,0.0,0.0,0.0,0.0,0.0,0.0,0.0,2.0,0.0,0.0,0.0,0.0,3.0,0.0,0.0,0.0,0.0,0.0,5.0,0.0,4,15.8954,35.2241858,19.820126381384743,0.2475794938827079,0.2838375757575757,0.0392335236501893,33.0,-0.2372661538461538,0.0236992663089743,13.0,0.2706760869565217,0.0346686950599033,46.0,3.121746739485733,0.0219323836484985,19.436078532608644,1.5548725049719196,0
TMEM255B,981.0,0.0,0.0,0.0,1.0,0.0,1.0,0.0,0.0,1.0,0.0,1.0,1.0,1.0,1.0,0.00499,0.0314385936524013,629341.2502462703,461.3935969868173,0.0183554222686853,2.743358982576374e-06,4.0,0.0,0.0,0.0,0.0,0.0,0.0,0.0,0.0,0.0,0.0,0.0,1.0,1.0,0.0,0.0,0.0,0.0,0.0,0.0,0.0,0.0,0.0,0.0,2.0,0.0,1,14.6595,201.6232805,22.330935529302888,0.385043639309862,0.2679212512171164,0.0425464906885541,25.38823976441532,-0.2401433443723266,0.0208617512055182,26.91089579177353,0.2589266131112404,0.0327545155673512,52.26674266172699,2.924310193917833,0.0263631689208901,20.615901612523864,0.7763187152099652,0
CTNNA3,2688.0,1.0,0.0,0.0,0.0,0.0,1.0,0.0,0.0,1.0,0.0,0.0,0.0,1.0,1.0,1.0,1.0,14522.69,1168.0,-0.04068464,1.366231504079425e-06,7.0,0.0,0.0,0.0,0.0,0.0,0.0,0.0,0.0,0.0,0.0,0.0,1.0,0.0,0.0,0.0,0.0,0.0,1.0,0.0,0.0,0.0,0.0,0.0,2.0,0.0,1,9.0915,1.0181644999999997,22.330935529302888,0.385043639309862,0.2126542857142857,0.0141983753616724,40.0,-0.2030415789473683,0.0090010741362573,19.0,0.2096601639344262,0.0124226925349726,58.0,1.954453332372916,0.4735232776508007,18.8047574802078,1.0752696659271517,0
TMEM11,2238.68889553429,0.3208800705605375,0.0382356092640028,0.0111035463036451,0.6124532202196571,0.0001446129959885,0.9998816304170584,0.0127215066592484,0.0033226538509632,0.992896298692298,0.0012833931419457,0.9706727286646546,1.088826814245475,0.9182620032207496,0.9997044148724084,0.5394479919602778,0.7533733180500214,629583.6997373265,461.2230183563257,0.0183775185055424,0.0001252330988384,19.717603668261564,0.0,0.0,0.0,0.0,0.0,0.0,0.0,0.0,0.0,0.0,0.0,1.0,0.0,0.0,0.0,0.0,0.0,0.0,0.0,0.0,0.0,0.0,0.0,1.0,0.0,1,11.42,0.0,25.66167580501386,0.1301324710493651,0.2763991304347826,0.0316672283173913,23.0,-0.2500138181818182,0.0160169614721885,55.0,0.2577941025641025,0.0204270861076257,78.0,3.321807103238604,0.0057709301382867,22.593363022202453,0.7565087003514245,0
MBD3,2238.68889553429,0.3208800705605375,0.0382356092640028,0.0111035463036451,0.6124532202196571,0.0001446129959885,0.9998816304170584,0.0127215066592484,0.0033226538509632,0.992896298692298,0.0012833931419457,0.9706727286646546,1.088826814245475,0.9182620032207496,0.9997044148724084,0.5394479919602778,0.7533733180500214,629583.6997373265,461.2230183563257,0.0183775185055424,0.0001252330988384,19.717603668261564,0.0,0.0,0.0,0.0,0.0,0.0,0.0,0.0,0.0,0.0,0.0,0.0,1.0,0.0,0.0,0.0,0.0,0.0,0.0,0.0,0.0,0.0,0.0,1.0,0.0,1,4.74,0.0,24.204083873628942,0.2367594804342827,0.2297727272727272,0.0167774593818181,11.0,-0.237320243902439,0.019312765607439,41.0,0.2357236538461538,0.0184466525491327,52.0,3.486604939949353,0.0286095229191661,14.071330305211657,1.810940592737412,0
EPPK1,7263.0,0.25,0.0,0.0,0.5,0.0,1.0,0.25,0.0,1.0,0.0,1.0,1.5,1.0,1.0,0.0459453250631748,0.187470855731875,2376841.0,247.0,0.02241808,9.561678009254296e-05,37.0,0.0,0.0,0.0,0.0,0.0,0.0,1.0,0.0,0.0,0.0,0.0,0.0,2.0,0.0,0.0,0.0,0.0,1.0,0.0,0.0,1.0,0.0,0.0,3.0,0.0,2,16.798333333333332,102.78850833333333,28.012979505932083,0.6974263951044171,0.4454271929824562,0.0801782944134085,57.0,-0.2332074999999999,0.0302304484199999,16.0,0.3989132876712329,0.0764735793834855,73.0,3.5004639289876915,0.0506211566440116,22.79004499851339,0.803528151108325,0
ZNF653,1848.0,0.0,0.0,0.0,1.0,0.0,1.0,0.0,0.0,1.0,0.0,1.0,1.0,1.0,1.0,0.4224757076468103,0.7864906339382538,1204183.0,265.0,0.03159441,0.0,1.0,0.0,0.0,0.0,0.0,0.0,0.0,0.0,0.0,0.0,0.0,0.0,0.0,1.0,0.0,0.0,0.0,0.0,0.0,0.0,0.0,0.0,0.0,0.0,1.0,0.0,1,14.43,0.0,22.330935529302888,0.385043639309862,0.3880861538461538,0.0609089221423077,13.0,-0.1886167647058823,0.0095365857377005,34.0,0.2437891489361701,0.0308650272949121,47.0,2.953450862407694,0.0333354480373849,20.615901612523864,0.7763187152099652,0
COG6,1974.0,0.0,0.0,0.0,1.0,0.0,1.0,0.0,0.0,1.0,0.0,1.0,1.0,1.0,1.0,0.687757909215956,0.9451983350146682,73269.38,761.0,0.01144118,4.890918423590784e-05,17.0,1.0,0.0,0.0,0.0,0.0,0.0,0.0,0.0,0.0,0.0,0.0,0.0,1.0,0.0,0.0,0.0,0.0,1.0,0.0,0.0,0.0,0.0,0.0,3.0,0.0,2,8.751333333333333,37.906745333333326,24.801809020148447,0.1034618950683871,0.2406912903225806,0.0432776069782795,31.0,-0.2553845714285714,0.0189625424314285,35.0,0.2484831818181818,0.0299477506774125,66.0,3.448653808544139,0.0075533209555266,20.615901612523864,0.7763187152099652,0
MROH8,3209.0,0.0,0.0,0.0,1.0,0.0,1.0,0.0,0.0,1.0,0.0,1.0,1.0,1.0,1.0,1.0,1.0,808070.6,360.0,0.04496203,0.0,1.0,0.0,0.0,0.0,0.0,0.0,0.0,0.0,0.0,0.0,0.0,0.0,0.0,1.0,0.0,0.0,0.0,0.0,0.0,0.0,0.0,0.0,0.0,0.0,1.0,0.0,1,27.1,0.0,22.330935529302888,0.385043639309862,0.2785055555555555,0.0367872693102564,26.0,-0.1984477777777777,0.0233240037477124,18.0,0.2464824444444444,0.0323226577688888,44.0,2.5322902030879875,0.0578233954963331,20.615901612523864,0.7763187152099652,0
HFM1,4308.0,0.4,0.0,0.0,0.6,0.0,1.0,0.0,0.0,1.0,0.0,1.0,1.0,1.0,1.0,0.7082152974504249,0.9525546310701488,263615.6,615.0,-0.01049121,0.0,0.0,0.0,1.0,0.0,0.0,0.0,0.0,0.0,0.0,0.0,0.0,0.0,0.0,3.0,0.0,0.0,0.0,0.0,2.0,0.0,0.0,0.0,0.0,0.0,6.0,0.0,4,14.587833333333334,66.61512816666666,22.330935529302888,0.385043639309862,0.2205393181818181,0.0152807557971987,44.0,-0.2626414285714286,0.0228927052901098,14.0,0.2307018965517242,0.017079013541954,58.0,1.7704770062338469,0.5523260172319681,20.615901612523864,0.7763187152099652,0
MARK1,2388.0,1.0,0.0,0.0,0.0,0.0,1.0,0.0,0.0,1.0,0.0,0.0,0.0,1.0,1.0,1.0,1.0,544425.9,520.0,-0.009205511,3.385824120212344e-05,13.0,0.0,0.0,0.0,0.0,0.0,0.0,0.0,0.0,0.0,0.0,0.0,0.0,0.0,0.0,0.0,0.0,0.0,1.0,0.0,0.0,0.0,0.0,0.0,1.0,0.0,1,13.33,0.0,21.64907695815776,0.4050752885040898,0.3293722058823529,0.0331882317398375,68.0,-0.2719499999999999,0.0419235064857142,8.0,0.3233277631578947,0.0338757049055964,76.0,3.0497969157472755,0.0771025168846206,22.13038306146026,0.7921470613834827,0
FCHO1,2676.0,1.0,0.0,0.0,0.0,0.0,1.0,0.0,0.0,1.0,0.0,0.0,0.0,1.0,1.0,1.0,1.0,1181745.0,246.0,0.02117858,8.961107911791124e-06,8.0,0.0,0.0,0.0,0.0,0.0,0.0,0.0,0.0,0.0,0.0,0.0,0.0,0.0,0.0,0.0,0.0,0.0,1.0,0.0,0.0,0.0,0.0,0.0,1.0,0.0,1,8.031,0.0,20.145046206963503,0.2907635746747058,0.5139900000000001,0.3797870027000001,18.0,-0.1873749999999999,0.0060886014555555,28.0,0.3194108510638297,0.178435982473173,46.0,2.861737245986412,0.1830738757785191,21.66887278134552,0.8022150254702629,0
ATP8B4,3579.0,0.6666666666666666,0.0,0.0,0.3333333333333333,0.0,1.0,0.0,0.0,1.0,0.0,0.3333333333333333,0.3333333333333333,1.0,1.0,0.7794232268121591,0.9736563411017144,278208.8,408.0,-0.02103479,0.0,0.0,0.0,0.0,0.0,0.0,0.0,0.0,0.0,0.0,0.0,0.0,0.0,1.0,1.0,0.0,0.0,0.0,0.0,2.0,0.0,0.0,0.0,0.0,0.0,4.0,0.0,2,11.86325,54.78076891666666,22.330935529302888,0.385043639309862,0.1783116666666666,0.0133735713366666,6.0,-0.2545271794871794,0.0171856192628879,39.0,0.244365111111111,0.0170483448073737,45.0,3.1110156914724483,0.0201053002922452,20.615901612523864,0.7763187152099652,0
ALS2CL,2862.0,0.3333333333333333,0.0,0.0,0.6666666666666666,0.0,1.0,0.0,0.0,1.0,0.0,1.0,1.0,1.0,1.0,0.3240440699935191,0.6892014756775661,298502.6,495.0,0.04080183,0.0,1.0,0.0,0.0,0.0,0.0,0.0,0.0,0.0,0.0,0.0,0.0,0.0,0.0,2.0,0.0,0.0,0.0,0.0,1.0,0.0,0.0,0.0,0.0,0.0,3.0,0.0,1,20.156666666666663,88.86263333333333,15.92367422501776,0.1332012761794427,0.1651114285714286,0.0047496243428571,21.0,-0.2140489999999999,0.0096482612713793,30.0,0.1938982352941176,0.0080875189668235,51.0,3.182683895046306,0.0410071853204405,17.628742071170944,0.5175311713196015,0
CLIP1,4317.0,0.6666666666666666,0.0,0.0,0.3333333333333333,0.0,1.0,0.0,0.0,1.0,0.0,0.3333333333333333,0.3333333333333333,1.0,1.0,0.6002400960384153,0.906617973436165,885125.0,222.0,0.04071097,2.7189654142923626e-05,19.0,0.0,0.0,0.0,0.0,0.0,0.0,0.0,0.0,0.0,0.0,0.0,0.0,1.0,0.0,0.0,0.0,0.0,2.0,0.0,0.0,0.0,0.0,0.0,3.0,0.0,2,14.522666666666666,167.0885813333333,25.27289647591517,0.0685036838991398,0.2276078571428571,0.0207923289412087,14.0,-0.2166159259259259,0.0094130477250712,27.0,0.2203692682926829,0.0129038360519512,41.0,3.645432186118223,0.0041613924718742,24.62387191834331,0.2153429616992177,0
ZDHHC12,2238.68889553429,0.3208800705605375,0.0382356092640028,0.0111035463036451,0.6124532202196571,0.0001446129959885,0.9998816304170584,0.0127215066592484,0.0033226538509632,0.992896298692298,0.0012833931419457,0.9706727286646546,1.088826814245475,0.9182620032207496,0.9997044148724084,0.5394479919602778,0.7533733180500214,629583.6997373265,461.2230183563257,0.0183775185055424,0.0001252330988384,19.717603668261564,0.0,0.0,0.0,0.0,0.0,0.0,0.0,0.0,0.0,0.0,0.0,0.0,1.0,0.0,0.0,0.0,0.0,0.0,0.0,0.0,0.0,0.0,0.0,1.0,0.0,1,16.91,0.0,22.330935529302888,0.385043639309862,0.2647242857142857,0.0450893593648351,14.0,-0.2489814814814814,0.0269040454207977,27.0,0.2543570731707316,0.0321987944662195,41.0,3.322304775955637,0.0484495516662864,20.615901612523864,0.7763187152099652,0
RCC1,1359.0,0.0,0.0,0.0,1.0,0.0,1.0,0.0,0.0,1.0,0.0,2.0,2.0,1.0,1.0,0.3960396039603961,0.7628677476147816,629341.2502462703,461.3935969868173,0.0183554222686853,0.0002081395519546,79.0,0.0,0.0,1.0,0.0,0.0,0.0,0.0,0.0,0.0,0.0,0.0,0.0,2.0,0.0,0.0,0.0,0.0,0.0,0.0,0.0,0.0,0.0,0.0,3.0,0.0,3,22.406666666666663,36.48813333333332,26.846673149148344,0.0976714912409956,0.1748942857142857,0.014049379210989,14.0,-0.2785760606060606,0.0237322271808712,33.0,0.2476921276595745,0.0227770115649398,47.0,3.5041345113309195,0.0071953296657817,26.53141388205484,0.4093263493360639,0
PWWP3A,2238.68889553429,0.3208800705605375,0.0382356092640028,0.0111035463036451,0.6124532202196571,0.0001446129959885,0.9998816304170584,0.0127215066592484,0.0033226538509632,0.992896298692298,0.0012833931419457,0.9706727286646546,1.088826814245475,0.9182620032207496,0.9997044148724084,0.5394479919602778,0.7533733180500214,629583.6997373265,461.2230183563257,0.0183775185055424,0.0001252330988384,19.717603668261564,0.0,0.0,0.0,0.0,0.0,0.0,0.0,0.0,0.0,0.0,0.0,0.0,1.0,0.0,0.0,0.0,0.0,0.0,0.0,0.0,0.0,0.0,0.0,1.0,0.0,1,22.7,0.0,22.330935529302888,0.385043639309862,0.2679212512171164,0.0425464906885541,25.38823976441532,-0.2401433443723266,0.0208617512055182,26.91089579177353,0.2589266131112404,0.0327545155673512,52.26674266172699,2.697213763407762,0.1832014722251919,20.615901612523864,0.7763187152099652,0
PPRC1,4995.0,1.0,0.0,0.0,0.0,0.0,1.0,0.0,0.0,1.0,0.0,0.0,0.0,1.0,1.0,1.0,1.0,1029829.0,187.0,0.04156372,2.69372048414424e-07,4.0,0.0,0.0,0.0,0.0,0.0,0.0,0.0,0.0,0.0,0.0,0.0,0.0,0.0,0.0,0.0,0.0,0.0,3.0,0.0,0.0,0.0,0.0,0.0,3.0,0.0,2,9.299,32.32027299999999,15.203024628036143,0.2982594211231154,0.1669023529411764,0.0051225523579322,34.0,-0.1956557894736842,0.0076502661146198,19.0,0.1772101886792452,0.0060928102249637,53.0,3.475183882851772,0.0057704697049736,21.35526876902516,0.942270204899256,0
UNC5D,2862.0,0.0,0.2,0.0,0.8,0.0,1.0,0.0,0.0,1.0,0.0,4.0,5.0,0.2593360995850622,1.0,0.3017501508750754,0.6632938802065091,34554.0,1152.0,-0.04462084,0.0,0.0,0.0,0.0,0.0,0.0,0.0,0.0,0.0,0.0,0.0,0.0,0.0,2.0,4.0,1.0,0.0,0.0,0.0,0.0,0.0,0.0,0.0,0.0,0.0,7.0,0.0,3,25.48314285714286,158.67909580952383,22.330935529302888,0.385043639309862,0.29206,0.0352931847166666,13.0,-0.4921307291666665,0.0940342869836732,94.0,0.4682690825688072,0.0908803806972986,106.0,0.5074594583932054,0.5643924148636139,20.615901612523864,0.7763187152099652,0
GSG1L,996.0,0.0,0.0,0.0,1.0,0.0,1.0,0.0,0.0,1.0,0.0,1.0,1.0,1.0,1.0,0.385951370127364,0.7533940183635557,592259.0,575.0,0.0099948119999999,0.0,1.0,0.0,0.0,0.0,0.0,0.0,0.0,0.0,0.0,0.0,0.0,0.0,0.0,1.0,0.0,0.0,0.0,0.0,0.0,0.0,0.0,0.0,0.0,0.0,1.0,0.0,1,24.4,0.0,22.330935529302888,0.385043639309862,0.5153855,0.1979886106365789,19.0,-0.2386539583333333,0.0243370407733599,48.0,0.3200455882352942,0.0893546092100966,67.0,0.9298220631560892,0.7411051032262091,20.615901612523864,0.7763187152099652,0
MVD,1203.0,0.5,0.0,0.0,0.5,0.0,1.0,0.0,0.0,1.0,0.0,0.5,0.5,1.0,1.0,0.4945598417408506,0.8427730566757071,802673.4,189.0,0.04071483,1.2992258542610132e-05,29.0,0.0,0.0,0.0,0.0,0.0,0.0,0.0,0.0,0.0,0.0,0.0,0.0,1.0,0.0,0.0,0.0,0.0,1.0,0.0,0.0,0.0,0.0,0.0,2.0,0.0,2,8.0245,74.55426050000001,24.800856123010348,0.2981693078614722,0.2157630434782609,0.0111841005494071,23.0,-0.2841964999999999,0.021488149514661,60.0,0.2652330120481927,0.019411161648134,83.0,3.2833316888787176,0.0349739662197079,22.404945342266736,0.5653748211469302,0
MCAT,1173.0,0.5,0.0,0.0,0.5,0.0,1.0,0.0,0.0,1.0,0.0,0.5,0.5,1.0,1.0,0.7496251874062968,0.9656536338031724,624112.2,241.0,0.04770766,8.162427305762506e-06,20.0,0.0,0.0,0.0,0.0,0.0,0.0,0.0,0.0,0.0,0.0,0.0,0.0,1.0,0.0,0.0,0.0,0.0,1.0,0.0,0.0,0.0,0.0,0.0,2.0,0.0,2,11.168,205.314848,24.36879901512478,0.1598857363335807,0.2866542857142857,0.0212690568285714,7.0,-0.3060430188679245,0.0286044922907111,53.0,0.3037810000000001,0.0274130914769491,60.0,3.25457189977152,0.0081292880365559,20.615901612523864,0.7763187152099652,0
TXK,1584.0,0.5,0.0,0.0,0.5,0.0,1.0,0.0,0.0,1.0,0.0,0.5,0.5,1.0,1.0,0.3741114852225964,0.7419384351503113,219787.4,358.0,0.03919484,3.266907458155735e-07,4.0,0.0,0.0,0.0,0.0,0.0,0.0,0.0,0.0,0.0,0.0,0.0,0.0,1.0,0.0,0.0,0.0,0.0,1.0,0.0,0.0,0.0,0.0,0.0,2.0,0.0,2,17.515,47.72644999999999,22.330935529302888,0.385043639309862,0.2757706896551724,0.1429664720923644,29.0,-0.2191222222222222,0.0161039067477124,18.0,0.2540755319148936,0.0937493164991674,47.0,2.4356513492542344,0.119304307474316,20.615901612523864,0.7763187152099652,0
CRLF3,1329.0,0.3333333333333333,0.0,0.0,0.6666666666666666,0.0,1.0,0.0,0.0,1.0,0.0,1.0,1.0,1.0,1.0,0.0760977094589452,0.2721054039769805,617388.0,264.0,0.03027566,2.179349298476877e-05,15.0,0.0,0.0,0.0,0.0,0.0,0.0,0.0,0.0,0.0,0.0,0.0,0.0,2.0,0.0,0.0,0.0,0.0,1.0,0.0,0.0,0.0,0.0,0.0,3.0,0.0,3,21.87333333333333,115.61613333333337,24.2175531015364,0.1875471535103931,0.5180355172413794,0.2258306820041872,29.0,-0.2378264444444444,0.0152073325188888,45.0,0.3476381081081081,0.1147539976374676,73.0,3.33891013118838,0.0054270918143176,17.661576005286545,1.6411223650127251,0
CFAP44,5565.0,0.5,0.0,0.0,0.0,0.0,1.0,0.5,0.0,1.0,0.0,0.0,0.5,1.0,1.0,1.0,1.0,440895.9,672.0,0.02356008,0.0,0.0,0.0,0.0,0.0,0.0,0.0,0.0,0.0,1.0,0.0,0.0,0.0,0.0,0.0,0.0,0.0,0.0,0.0,0.0,1.0,0.0,0.0,0.0,1.0,1.0,0.0,2,17.48,0.0,22.330935529302888,0.385043639309862,0.2679212512171164,0.0425464906885541,25.38823976441532,-0.2401433443723266,0.0208617512055182,26.91089579177353,0.2589266131112404,0.0327545155673512,52.26674266172699,3.4985337263206446,0.0163612543311137,20.615901612523864,0.7763187152099652,0
ACP2,2238.68889553429,0.3208800705605375,0.0382356092640028,0.0111035463036451,0.6124532202196571,0.0001446129959885,0.9998816304170584,0.0127215066592484,0.0033226538509632,0.992896298692298,0.0012833931419457,0.9706727286646546,1.088826814245475,0.9182620032207496,0.9997044148724084,0.5394479919602778,0.7533733180500214,629583.6997373265,461.2230183563257,0.0183775185055424,0.0001252330988384,19.717603668261564,0.0,0.0,0.0,0.0,0.0,0.0,0.0,0.0,0.0,0.0,0.0,1.0,0.0,0.0,0.0,0.0,0.0,0.0,0.0,0.0,0.0,0.0,0.0,1.0,0.0,1,9.794,0.0,24.965115466482818,0.131153388826256,0.1884476470588235,0.006628930945811,34.0,-0.2362693333333333,0.0107896114638095,15.0,0.2030869387755102,0.008200246930017,49.0,3.478156369891401,0.0064964649663241,20.615901612523864,0.7763187152099652,0
NFIB,1485.0,0.5,0.0,0.0,0.5,0.0,1.0,0.0,0.0,1.0,0.0,0.5,0.5,1.0,1.0,0.5934718100890207,0.903124963682092,135825.7,563.0,-0.01685645,7.5579302072494996e-06,8.0,0.0,0.0,0.0,0.0,0.0,0.0,0.0,0.0,0.0,0.0,0.0,0.0,1.0,0.0,0.0,0.0,0.0,1.0,0.0,0.0,0.0,0.0,0.0,2.0,0.0,2,23.83,206.85780000000003,23.80789878436919,0.4349267421383487,0.3193028571428571,0.1159667609314285,21.0,-0.2190091176470587,0.012584183511319,34.0,0.2573030909090908,0.053059170943973,55.0,3.53362389151222,0.0319295958492198,21.94611833043087,0.7352408771878397,0
PLBD2,1770.0,1.0,0.0,0.0,0.0,0.0,1.0,0.0,0.0,1.0,0.0,0.0,0.0,1.0,1.0,1.0,1.0,442841.5,251.0,0.03668265,9.062743856102754e-07,5.0,0.0,0.0,0.0,0.0,0.0,0.0,0.0,0.0,0.0,0.0,0.0,0.0,0.0,0.0,0.0,0.0,0.0,2.0,0.0,0.0,0.0,0.0,0.0,2.0,0.0,1,10.0365,48.481704500000006,25.77856884530766,0.1309345588035237,0.1743127272727272,0.0039234168218181,11.0,-0.220697,0.0083148053182758,30.0,0.2082524390243902,0.0074420119939024,41.0,3.5207167076530146,0.0046538595923735,20.615901612523864,0.7763187152099652,0
OIP5,690.0,0.0,0.0,0.0,1.0,0.0,1.0,0.0,0.0,1.0,0.0,1.0,1.0,1.0,1.0,0.0159152037941845,0.0818117933755526,897414.2,237.0,0.02380313,0.0002578555711143,37.0,0.0,0.0,0.0,0.0,0.0,0.0,0.0,0.0,0.0,0.0,0.0,0.0,1.0,0.0,0.0,0.0,0.0,0.0,0.0,0.0,0.0,0.0,0.0,1.0,0.0,1,29.7,0.0,17.13060582835162,0.6001683312618262,0.1230519999999999,0.0004310459699999,5.0,-0.2559359999999999,0.0173994709682051,40.0,0.2411711111111111,0.0172450966237373,45.0,2.926744469845112,0.0381317585151668,21.40400783090389,0.4689792385664009,0
ZDHHC15,2238.68889553429,0.3208800705605375,0.0382356092640028,0.0111035463036451,0.6124532202196571,0.0001446129959885,0.9998816304170584,0.0127215066592484,0.0033226538509632,0.992896298692298,0.0012833931419457,0.9706727286646546,1.088826814245475,0.9182620032207496,0.9997044148724084,0.5394479919602778,0.7533733180500214,629583.6997373265,461.2230183563257,0.0183775185055424,0.0001252330988384,19.717603668261564,0.0,0.0,0.0,0.0,0.0,0.0,0.0,0.0,0.0,0.0,0.0,1.0,0.0,0.0,0.0,0.0,0.0,0.0,0.0,0.0,0.0,0.0,0.0,1.0,0.0,1,8.602,0.0,22.330935529302888,0.385043639309862,0.17782875,0.0039045111716666,16.0,-0.2806126470588235,0.0193107275230837,34.0,0.2477218,0.016546199117102,50.0,2.675189232537846,0.125416863420724,20.615901612523864,0.7763187152099652,0
CASKIN1,4296.0,0.6,0.0,0.0,0.4,0.0,1.0,0.0,0.0,1.0,0.0,0.5,0.5,1.0,1.0,0.5364806866952789,0.8705604700983902,2179404.0,224.0,0.03908355,0.0,1.0,0.0,0.0,0.0,0.0,0.0,0.0,0.0,0.0,0.0,0.0,0.0,0.0,2.0,0.0,0.0,0.0,0.0,3.0,0.0,0.0,0.0,0.0,0.0,5.0,0.0,3,13.506800000000002,109.0715917,20.112132762716143,0.5805756313480213,0.3161299999999999,0.0377885804083333,25.0,-0.2508255,0.0300479738099999,40.0,0.2759426153846153,0.0335063646071153,65.0,2.5994971997519656,0.3338253761488087,22.72013356658202,0.9593423097872116,0
OMA1,1575.0,0.0,0.0,1.0,0.0,0.0,1.0,0.0,0.0,1.0,0.0,0.0,1.0,0.0138091029606716,1.0,1.0,1.0,301226.8,564.0,-0.003236622,8.725623814380493e-07,3.0,0.0,0.0,0.0,0.0,0.0,0.0,0.0,0.0,0.0,0.0,0.0,0.0,0.0,0.0,0.0,0.0,0.0,0.0,1.0,0.0,0.0,0.0,0.0,1.0,0.0,1,27.2,0.0,21.259942324333192,0.3300491809853034,0.2230388372093024,0.0190873770009966,43.0,-0.2563808333333333,0.0245385846992424,12.0,0.2303134545454545,0.0200374801304377,55.0,3.383047575590573,0.0052920311672195,20.615901612523864,0.7763187152099652,0
DCPS,1014.0,1.0,0.0,0.0,0.0,0.0,1.0,0.0,0.0,1.0,0.0,0.0,0.0,1.0,1.0,1.0,1.0,367696.2,426.0,0.03016554,0.0002274842835316,37.0,0.0,0.0,0.0,0.0,0.0,0.0,0.0,0.0,0.0,0.0,0.0,0.0,0.0,0.0,0.0,0.0,0.0,1.0,0.0,0.0,0.0,0.0,0.0,1.0,0.0,1,8.847,0.0,26.18351088992033,0.1145054584407401,0.1764841666666666,0.0091838200810606,12.0,-0.3016038636363636,0.0240381922986786,44.0,0.2747924999999999,0.0233139635681818,56.0,3.3399472704926008,0.0046447260391514,19.862864695853947,0.4304275438526543,0
LDHB,1005.0,0.0,0.0,0.0,1.0,0.0,1.0,0.0,0.0,1.0,0.0,1.0,1.0,1.0,1.0,0.2842524161455373,0.641811440112384,502802.7,826.0,-0.01318888,0.0002951651891466,126.0,0.0,0.0,0.0,0.0,0.0,0.0,0.0,0.0,0.0,0.0,0.0,0.0,1.0,0.0,0.0,0.0,0.0,0.0,0.0,0.0,0.0,0.0,0.0,1.0,0.0,1,26.0,0.0,28.64556194995627,0.5983865702544796,0.3527708333333334,0.0828306991905797,24.0,-0.244069375,0.04315856760625,16.0,0.30929025,0.0683568785409615,40.0,3.700545130121778,0.0265999196160403,14.787936715019953,1.661080062659655,0
SPINT2,759.0,1.0,0.0,0.0,0.0,0.0,1.0,0.0,0.0,1.0,0.0,0.0,0.0,1.0,1.0,1.0,1.0,1410213.0,301.0,-0.001485856,0.0012276853284975,99.0,0.0,0.0,0.0,0.0,0.0,0.0,0.0,0.0,0.0,0.0,0.0,1.0,0.0,0.0,0.0,0.0,0.0,1.0,0.0,0.0,0.0,0.0,0.0,2.0,0.0,2,14.38,87.6488,23.64718903275164,0.6340604339913979,0.4603016,0.1455306038806666,25.0,-0.2393861904761904,0.0336660567747619,21.0,0.3594489130434781,0.1049567432143478,46.0,3.856707595159736,0.0060304865448032,21.732224193295007,1.4239723024515385,0
ZNF76,1713.0,0.0,0.0,0.0,1.0,0.0,1.0,0.0,0.0,1.0,0.0,1.0,1.0,1.0,1.0,0.0969180073657685,0.3231139700351286,682809.2,264.0,0.03914563,1.8682354447435085e-05,11.0,0.0,0.0,0.0,0.0,0.0,0.0,0.0,0.0,0.0,0.0,0.0,0.0,1.0,0.0,0.0,0.0,0.0,0.0,0.0,0.0,0.0,0.0,0.0,1.0,0.0,1,34.0,0.0,20.191645761782613,0.1846061554569387,0.2509314814814815,0.0151350688361823,27.0,-0.2571864285714286,0.0139434153631868,14.0,0.2530673170731707,0.0143784224251219,41.0,3.439851974592295,0.0072794170759165,16.91081792014715,0.7878372221295004,0
SLCO2A1,1932.0,0.0,0.0,0.0,1.0,0.0,1.0,0.0,0.0,1.0,0.0,1.0,1.0,1.0,1.0,0.0421425260230098,0.1755951758948805,547212.8,487.0,0.0209665,0.0,0.0,1.0,0.0,0.0,0.0,0.0,0.0,0.0,0.0,0.0,0.0,0.0,1.0,1.0,0.0,0.0,0.0,0.0,0.0,0.0,0.0,0.0,1.0,0.0,2.0,0.0,1,17.7255,191.0817005,19.595227361581934,0.733131141599034,0.2185290909090908,0.0129335356147727,33.0,-0.199848,0.0137420026622222,10.0,0.2141846511627906,0.0128626049159468,43.0,3.27294655900124,0.0267496254658153,20.615901612523864,0.7763187152099652,0
DISC1,2661.0,0.2,0.0,0.0,0.8,0.0,1.0,0.0,0.0,1.0,0.0,2.0,2.0,1.0,1.0,0.3862495171881035,0.7536777523249905,236101.2,622.0,-0.002997749,0.000942189370879,117.0,0.0,0.0,0.0,0.0,0.0,0.0,0.0,0.0,0.0,0.0,0.0,1.0,4.0,0.0,0.0,0.0,0.0,1.0,0.0,0.0,0.0,0.0,0.0,6.0,0.0,1,6.124333333333333,37.847791066666666,16.221000391277038,0.2621258801053221,0.3178215492957746,0.0314355563075654,70.0,-0.2324133333333333,0.0247469262266666,6.0,0.3111663636363636,0.0311129014155502,76.0,3.114745357941314,0.0176606052275272,18.25190679993346,0.3388432208581017,0
VIT,2082.0,0.0,0.0,0.0,1.0,0.0,1.0,0.0,0.0,1.0,0.0,1.0,1.0,1.0,1.0,0.4604051565377532,0.8175176805118273,577288.5,323.0,-0.0075619369999999,0.0,0.0,0.0,0.0,0.0,0.0,0.0,0.0,0.0,0.0,0.0,0.0,0.0,1.0,1.0,0.0,0.0,0.0,0.0,0.0,0.0,0.0,0.0,0.0,0.0,2.0,0.0,1,10.753,36.58545799999999,19.948870949719566,0.9312984358773206,0.2032295454545454,0.0080164309664502,21.0,-0.1955795,0.0115809098471052,20.0,0.1995866666666665,0.0094876935983739,41.0,2.3635661819767733,0.5126526705201103,20.615901612523864,0.7763187152099652,0
CIB1,576.0,1.0,0.0,0.0,0.0,0.0,1.0,0.0,0.0,1.0,0.0,0.0,0.0,1.0,1.0,1.0,1.0,876944.6,154.0,0.05183754,1.5658755446629733e-05,17.0,0.0,0.0,0.0,0.0,0.0,0.0,0.0,0.0,0.0,0.0,0.0,0.0,0.0,0.0,0.0,0.0,0.0,1.0,0.0,0.0,0.0,0.0,0.0,1.0,0.0,1,5.295,0.0,24.98856306368704,0.367812880322981,0.242855,0.0207966343911764,18.0,-0.2589889285714286,0.0214616280247354,26.0,0.2526756521739129,0.0207968614206763,44.0,3.6041278087301776,0.0065236325913367,20.615901612523864,0.7763187152099652,0
CRISPLD1,1503.0,0.0,0.0,0.0,1.0,0.0,1.0,0.0,0.0,1.0,0.0,1.0,1.0,1.0,1.0,0.1924187030979411,0.5095404148597855,137514.8,703.0,-0.0217588,0.0,0.0,0.0,0.0,0.0,0.0,0.0,0.0,0.0,0.0,0.0,0.0,0.0,1.0,1.0,0.0,0.0,0.0,0.0,0.0,0.0,0.0,0.0,0.0,0.0,2.0,0.0,1,34.65,139.44499999999996,21.38085478887494,0.751581250626823,0.4078166037735849,0.0594824176305515,53.0,-0.2220474999999999,0.0075921390931818,12.0,0.3735207692307691,0.0549104357572115,65.0,3.2188923779504823,0.1016943847308269,20.615901612523864,0.7763187152099652,0
OR51I2,939.0,0.5,0.0,0.0,0.5,0.0,1.0,0.0,0.0,1.0,0.0,0.6666666666666666,0.6666666666666666,1.0,1.0,0.8598452278589854,0.9896843280623624,99041.69,1030.0,0.0008775713,0.0,0.0,0.0,0.0,0.0,0.0,0.0,0.0,0.0,0.0,0.0,0.0,0.0,0.0,2.0,0.0,0.0,0.0,0.0,2.0,0.0,0.0,0.0,0.0,0.0,4.0,0.0,2,11.17175,51.32942158333333,22.330935529302888,0.385043639309862,0.1668377272727272,0.0044148422183982,22.0,-0.2505527272727272,0.0162856238767045,33.0,0.2170667272727272,0.0130807390150168,55.0,0.1376942244581603,0.1872065520091902,20.615901612523864,0.7763187152099652,0
TMEM208,2238.68889553429,0.3208800705605375,0.0382356092640028,0.0111035463036451,0.6124532202196571,0.0001446129959885,0.9998816304170584,0.0127215066592484,0.0033226538509632,0.992896298692298,0.0012833931419457,0.9706727286646546,1.088826814245475,0.9182620032207496,0.9997044148724084,0.5394479919602778,0.7533733180500214,629583.6997373265,461.2230183563257,0.0183775185055424,0.0001252330988384,19.717603668261564,0.0,0.0,1.0,0.0,0.0,0.0,0.0,0.0,0.0,0.0,0.0,0.0,0.0,0.0,0.0,0.0,0.0,0.0,0.0,0.0,0.0,0.0,0.0,1.0,0.0,1,26.7,0.0,22.330935529302888,0.385043639309862,0.2094663636363636,0.0089123179480519,22.0,-0.2994193103448274,0.018883025399516,58.0,0.2746822499999999,0.0176272287341139,80.0,3.4179868836244247,0.0108031906645401,20.615901612523864,0.7763187152099652,0
CDON,3864.0,1.0,0.0,0.0,0.0,0.0,1.0,0.0,0.0,1.0,0.0,0.0,0.0,1.0,1.0,1.0,1.0,611194.5,249.0,0.00987805,8.551075471717757e-07,6.0,0.0,0.0,0.0,0.0,0.0,0.0,0.0,0.0,0.0,0.0,0.0,0.0,1.0,0.0,0.0,0.0,0.0,1.0,0.0,0.0,0.0,1.0,0.0,1.0,0.0,2,5.483,0.0,16.636982457201462,0.1506364382599311,0.1514766666666666,0.0039090790424242,12.0,-0.3016038636363636,0.0240381922986786,44.0,0.2694337499999999,0.0234389987947727,56.0,3.307098738599115,0.0630626972730181,20.615901612523864,0.7763187152099652,0
NPPC,381.0,0.0,0.0,0.0,1.0,0.0,1.0,0.0,0.0,1.0,0.0,1.0,1.0,1.0,1.0,0.4640371229698376,0.8203205213715598,893534.2,439.0,0.03288635,6.40115281799263e-07,3.0,0.0,0.0,0.0,0.0,0.0,0.0,0.0,0.0,0.0,0.0,0.0,0.0,1.0,0.0,0.0,0.0,0.0,0.0,0.0,0.0,0.0,0.0,0.0,1.0,0.0,1,20.8,0.0,22.330935529302888,0.385043639309862,0.2073953846153846,0.0146264423102564,13.0,-0.2254543999999999,0.013016070034,25.0,0.2192763157894736,0.0132619524725462,38.0,1.5390981570815416,0.8625023927677667,20.615901612523864,0.7763187152099652,0
ROBO1,4956.0,0.0,0.0,0.0,1.0,0.0,1.0,0.0,0.0,1.0,0.0,2.0,2.0,1.0,1.0,0.2195871761089152,0.5524826455075864,72748.92,790.0,-0.01943927,5.522697920891846e-07,5.0,0.0,0.0,0.0,0.0,0.0,0.0,0.0,0.0,0.0,0.0,0.0,1.0,2.0,0.0,0.0,0.0,0.0,0.0,0.0,0.0,0.0,0.0,0.0,3.0,0.0,3,21.85,33.9925,21.95840210067738,0.2220495020121771,0.1731279999999999,0.0039655350458823,35.0,-0.214967619047619,0.0071016373990476,21.0,0.1888178571428571,0.005451581038961,55.0,3.40715241869147,0.0247559983852733,22.121658235783144,0.5065987524409187,0
CTU2,1548.0,0.5,0.0,0.0,0.5,0.0,1.0,0.0,0.0,1.0,0.0,0.5,0.5,1.0,1.0,0.8532423208191127,0.9886618525211782,802673.4,189.0,0.04071483,1.1654604045979956e-05,14.0,0.0,0.0,0.0,0.0,0.0,0.0,0.0,0.0,0.0,0.0,0.0,0.0,1.0,0.0,0.0,0.0,0.0,1.0,0.0,0.0,0.0,0.0,0.0,2.0,0.0,2,2.3755,5.104012499999999,22.93430189544792,0.1150373008364838,0.2157630434782609,0.0111841005494071,23.0,-0.2841964999999999,0.021488149514661,60.0,0.2652330120481927,0.019411161648134,83.0,3.1049304089207985,0.0397180495850213,22.68563991673777,0.5872662608023406,0
RTL8B,2238.68889553429,0.3208800705605375,0.0382356092640028,0.0111035463036451,0.6124532202196571,0.0001446129959885,0.9998816304170584,0.0127215066592484,0.0033226538509632,0.992896298692298,0.0012833931419457,0.9706727286646546,1.088826814245475,0.9182620032207496,0.9997044148724084,0.5394479919602778,0.7533733180500214,629583.6997373265,461.2230183563257,0.0183775185055424,0.0001252330988384,19.717603668261564,1.0,0.0,0.0,0.0,0.0,0.0,0.0,0.0,0.0,0.0,0.0,0.0,0.0,0.0,0.0,0.0,0.0,0.0,0.0,0.0,0.0,0.0,0.0,1.0,0.0,1,4.967,0.0,22.330935529302888,0.385043639309862,0.2679212512171164,0.0425464906885541,25.38823976441532,-0.2401433443723266,0.0208617512055182,26.91089579177353,0.2589266131112404,0.0327545155673512,52.26674266172699,2.697213763407762,0.1832014722251919,20.615901612523864,0.7763187152099652,0
ABCA2,7401.0,0.6,0.0,0.0,0.4,0.0,1.0,0.0,0.0,1.0,0.0,0.5,0.5,1.0,1.0,0.1802126509280952,0.4890282449709433,1951939.0,202.0,0.03992309,5.841666709534927e-06,5.0,0.0,0.0,0.0,0.0,0.0,0.0,0.0,0.0,0.0,0.0,0.0,1.0,2.0,0.0,0.0,0.0,0.0,3.0,0.0,0.0,0.0,0.0,0.0,6.0,0.0,3,14.000166666666669,93.10872296666668,19.55945474292759,0.3275159394242093,0.2679212512171164,0.0425464906885541,25.38823976441532,-0.2401433443723266,0.0208617512055182,26.91089579177353,0.2589266131112404,0.0327545155673512,52.26674266172699,3.500788117972586,0.0292412055401056,21.246879914962875,0.4744673587774019,0
GCGR,1434.0,0.0,0.0,0.0,1.0,0.0,1.0,0.0,0.0,1.0,0.0,3.0,3.0,1.0,1.0,0.3924646781789639,0.7595403209222594,629341.2502462703,461.3935969868173,0.0183554222686853,2.3527942678083043e-06,3.0,0.0,0.0,0.0,0.0,0.0,0.0,0.0,0.0,0.0,0.0,0.0,0.0,2.0,0.0,0.0,0.0,0.0,0.0,1.0,0.0,0.0,0.0,0.0,3.0,0.0,1,13.694,163.77286800000002,22.330935529302888,0.385043639309862,0.3036871428571429,0.0395233722285714,28.0,-0.2366556097560975,0.0168441683302439,41.0,0.2638568115942027,0.0267008037073316,69.0,0.8384630436258893,0.7215841071755198,20.615901612523864,0.7763187152099652,0
RFX5,1851.0,1.0,0.0,0.0,0.0,0.0,1.0,0.0,0.0,1.0,0.0,0.0,0.0,1.0,1.0,1.0,1.0,1322568.0,174.0,0.04229072,1.5214168251438396e-05,19.0,0.0,0.0,0.0,0.0,0.0,0.0,0.0,0.0,0.0,0.0,0.0,0.0,0.0,0.0,0.0,0.0,0.0,1.0,0.0,0.0,0.0,0.0,0.0,1.0,0.0,1,9.215,0.0,23.70773796164252,0.1325727041669651,0.3187075000000001,0.0310801587964788,72.0,-0.15467875,0.0022224545839285,8.0,0.3023046250000001,0.0305818678302373,80.0,3.6144963840856335,0.0042465169378131,21.958680287895845,0.2699368763044115,0
LIPJ,1101.0,0.0,0.0,0.0,1.0,0.0,1.0,0.0,0.0,1.0,0.0,1.0,1.0,1.0,1.0,0.6738544474393531,0.9398525234132,160461.6,318.0,0.03195997,0.0,0.0,0.0,0.0,0.0,0.0,0.0,0.0,0.0,0.0,0.0,0.0,0.0,0.0,1.0,0.0,0.0,0.0,0.0,0.0,0.0,0.0,0.0,0.0,0.0,1.0,0.0,1,20.2,0.0,22.330935529302888,0.385043639309862,0.1827233333333333,0.0070864540114285,36.0,-0.18078,0.0037224763647058,18.0,0.1820755555555555,0.0058745907006289,54.0,0.7653528835542982,0.5645468096164057,20.615901612523864,0.7763187152099652,0
ATXN2L,3294.0,0.0,0.0,0.0,1.0,0.0,1.0,0.0,0.0,1.0,0.0,3.0,3.0,1.0,1.0,0.2626050420168067,0.6137353248238232,1146511.0,221.0,0.05554069,7.467792758748305e-05,32.0,0.0,0.0,0.0,0.0,0.0,0.0,0.0,0.0,0.0,0.0,0.0,0.0,3.0,0.0,0.0,0.0,0.0,0.0,0.0,0.0,0.0,0.0,0.0,3.0,0.0,2,25.83333333333333,6.723333333333335,25.973726946852544,0.0675204967791948,0.4617933333333334,0.1629657526033333,21.0,-0.237676304347826,0.0253390096771497,46.0,0.3079219402985075,0.07763272236436,67.0,3.634473143370832,0.0062089588657953,17.834114605981817,0.3405655575732293,0
SLC5A11,2028.0,0.0,0.0,0.0,1.0,0.0,1.0,0.0,0.0,1.0,0.0,1.0,1.0,1.0,1.0,0.0323718882522417,0.1434225139795643,280700.6,277.0,0.01828241,0.0,1.0,0.0,0.0,0.0,0.0,0.0,0.0,0.0,0.0,0.0,0.0,0.0,0.0,1.0,0.0,0.0,0.0,0.0,0.0,0.0,0.0,0.0,0.0,0.0,1.0,0.0,1,32.0,0.0,22.330935529302888,0.385043639309862,0.3912991304347826,0.0931285451355731,23.0,-0.24678,0.0250785036553191,48.0,0.2935960563380281,0.0507468117270824,71.0,1.9508158989488689,0.4849246793680777,20.615901612523864,0.7763187152099652,0
RAD21,2238.68889553429,0.3208800705605375,0.0382356092640028,0.0111035463036451,0.6124532202196571,0.0001446129959885,0.9998816304170584,0.0127215066592484,0.0033226538509632,0.992896298692298,0.0012833931419457,0.9706727286646546,1.088826814245475,0.9182620032207496,0.9997044148724084,0.5394479919602778,0.7533733180500214,629583.6997373265,461.2230183563257,0.0183775185055424,0.0001252330988384,19.717603668261564,0.0,1.0,0.0,0.0,0.0,0.0,0.0,0.0,0.0,0.0,0.0,0.0,0.0,0.0,0.0,0.0,0.0,0.0,0.0,0.0,0.0,0.0,0.0,1.0,0.0,1,0.525,0.0,25.67467302348554,0.0629732108256985,0.4681269565217391,0.0781809045891304,69.0,-0.18936,0.0072291872999999,9.0,0.4359615384615383,0.0778290162807192,78.0,3.839849799779485,0.0077719634227098,21.714950515201004,0.2580709605658738,0
PGAP1,2769.0,0.0,0.0,0.0,1.0,0.0,1.0,0.0,0.0,1.0,0.0,2.0,2.0,1.0,1.0,0.3937007874015748,0.7606945200907265,549385.9,370.0,0.01688567,9.94974348184616e-06,11.0,0.0,0.0,0.0,0.0,0.0,0.0,0.0,0.0,0.0,0.0,0.0,0.0,2.0,0.0,0.0,0.0,0.0,0.0,0.0,0.0,0.0,0.0,0.0,2.0,0.0,1,20.74,18.7272,16.797033393302858,0.8038540051251167,0.2623057894736842,0.0417314214812865,19.0,-0.1820741176470588,0.0039673419382352,17.0,0.2244186111111111,0.0249256668351587,36.0,3.290766791894359,0.0298996433897504,20.615901612523864,0.7763187152099652,0
GAB4,1725.0,1.0,0.0,0.0,0.0,0.0,1.0,0.0,0.0,1.0,0.0,0.0,0.0,1.0,1.0,1.0,1.0,156217.5,639.0,-0.09458479,0.0,0.0,0.0,0.0,0.0,0.0,0.0,0.0,0.0,0.0,0.0,0.0,0.0,0.0,0.0,0.0,0.0,0.0,0.0,1.0,0.0,0.0,0.0,0.0,0.0,1.0,0.0,1,0.603,0.0,22.330935529302888,0.385043639309862,0.267205,0.0305526469666666,4.0,-0.3128,0.0776258480399999,51.0,0.309484,0.0737159479059259,55.0,0.2072492222269903,0.2451842063059363,20.615901612523864,0.7763187152099652,0
LINC01517,2238.68889553429,0.3208800705605375,0.0382356092640028,0.0111035463036451,0.6124532202196571,0.0001446129959885,0.9998816304170584,0.0127215066592484,0.0033226538509632,0.992896298692298,0.0012833931419457,0.9706727286646546,1.088826814245475,0.9182620032207496,0.9997044148724084,0.5394479919602778,0.7533733180500214,629583.6997373265,461.2230183563257,0.0183775185055424,0.0001252330988384,19.717603668261564,0.0,0.0,0.0,0.0,0.0,0.0,0.0,0.0,0.0,0.0,0.0,0.0,0.0,0.0,0.0,1.0,0.0,0.0,0.0,0.0,0.0,0.0,0.0,1.0,0.0,1,15.57,0.0,22.330935529302888,0.385043639309862,0.2679212512171164,0.0425464906885541,25.38823976441532,-0.2401433443723266,0.0208617512055182,26.91089579177353,0.2589266131112404,0.0327545155673512,52.26674266172699,2.697213763407762,0.1832014722251919,20.615901612523864,0.7763187152099652,0
MAPK4,1764.0,1.0,0.0,0.0,0.0,0.0,1.0,0.0,0.0,1.0,0.0,0.0,0.0,1.0,1.0,1.0,1.0,243391.2,442.0,0.02143959,1.960667286669553e-05,15.0,0.0,0.0,0.0,0.0,0.0,0.0,0.0,0.0,0.0,0.0,0.0,0.0,0.0,0.0,0.0,0.0,0.0,1.0,0.0,0.0,0.0,0.0,0.0,1.0,0.0,1,11.01,0.0,22.330935529302888,0.385043639309862,0.3130643333333333,0.0427709983288505,30.0,-0.2341018181818182,0.0146718068590909,33.0,0.2717030158730159,0.0291586545278545,63.0,1.698270700534641,1.2092005558831205,18.31769011382822,1.5231635961501733,0
LIPG,1503.0,0.0,0.0,0.0,1.0,0.0,1.0,0.0,0.0,1.0,0.0,1.0,1.0,1.0,1.0,0.4258943781942078,0.7894224454709754,243066.6,352.0,0.05592409,2.3610710828695315e-08,4.0,0.0,0.0,0.0,0.0,0.0,0.0,0.0,0.0,0.0,0.0,0.0,0.0,1.0,0.0,0.0,0.0,0.0,0.0,0.0,0.0,0.0,0.0,0.0,1.0,0.0,1,1.041,0.0,16.822863307743404,0.5745897685596495,0.3089625806451613,0.0418668540131182,31.0,-0.232650625,0.0150733523866935,32.0,0.2702009523809525,0.0292738191894009,63.0,2.818146039766102,0.1488729718300664,20.615901612523864,0.7763187152099652,0
MYOM3,4314.0,0.5,0.0,0.0,0.5,0.0,1.0,0.0,0.0,1.0,0.0,0.6666666666666666,0.6666666666666666,1.0,1.0,0.4262574595055413,0.7897322038496519,817103.8,171.0,0.02242848,0.0,0.0,0.0,0.0,0.0,0.0,0.0,0.0,0.0,0.0,0.0,0.0,0.0,0.0,2.0,0.0,0.0,0.0,0.0,2.0,0.0,0.0,0.0,0.0,0.0,4.0,0.0,2,19.928,92.34260266666668,20.64393889970997,1.0097873744081796,0.2013192307692307,0.0277682899243589,13.0,-0.2681297222222222,0.018470345808492,36.0,0.2504044897959183,0.0212982065835884,49.0,2.3765669157573224,0.142024884481455,15.409052964931258,1.3442918257403462,0
EFHD1,720.0,0.0,0.0,0.0,1.0,0.0,1.0,0.0,0.0,1.0,0.0,1.0,1.0,1.0,1.0,0.5694760820045558,0.8901130382761531,301517.1,211.0,0.03682029,1.233869538519454e-06,7.0,0.0,0.0,0.0,0.0,0.0,0.0,0.0,0.0,0.0,0.0,0.0,0.0,1.0,0.0,0.0,0.0,0.0,0.0,0.0,0.0,0.0,0.0,0.0,1.0,0.0,1,15.73,0.0,26.76050050078232,0.6607944589549302,0.2073953846153846,0.0146264423102564,13.0,-0.2214974999999999,0.0131735411413043,24.0,0.2165427027027026,0.0133384919147147,37.0,3.671402510499994,0.0472949621419141,20.091171005478497,1.3843143129849649,0
MUC20,1617.0,0.0,0.0,0.0,1.0,0.0,1.0,0.0,0.0,1.0,0.0,1.0,1.0,1.0,1.0,0.5521811154058531,0.8801099828278721,907436.8,365.0,0.04703058,1.7037960495595604e-06,2.0,0.0,0.0,0.0,0.0,0.0,0.0,0.0,0.0,0.0,0.0,0.0,0.0,1.0,0.0,0.0,0.0,0.0,0.0,0.0,0.0,0.0,0.0,0.0,1.0,0.0,1,14.34,0.0,22.330935529302888,0.385043639309862,0.2361734374999999,0.0276047616555443,32.0,-0.2291428571428571,0.020567101898901,14.0,0.2340336956521738,0.0249689184904831,46.0,3.07923082211304,0.1652138418334494,20.615901612523864,0.7763187152099652,0
DDX47,2238.68889553429,0.3208800705605375,0.0382356092640028,0.0111035463036451,0.6124532202196571,0.0001446129959885,0.9998816304170584,0.0127215066592484,0.0033226538509632,0.992896298692298,0.0012833931419457,0.9706727286646546,1.088826814245475,0.9182620032207496,0.9997044148724084,0.5394479919602778,0.7533733180500214,629583.6997373265,461.2230183563257,0.0183775185055424,0.0001252330988384,19.717603668261564,0.0,0.0,0.0,0.0,0.0,0.0,0.0,0.0,0.0,0.0,0.0,1.0,0.0,0.0,0.0,0.0,0.0,0.0,0.0,0.0,0.0,0.0,0.0,1.0,0.0,1,3.538,0.0,24.176251042657125,0.1895803450067914,0.257588125,0.03148927401625,16.0,-0.2770391666666666,0.0473085088862318,24.0,0.2692587499999999,0.0401042796830128,40.0,3.5470257169314987,0.0034138860757552,20.615901612523864,0.7763187152099652,0
ITGA4,3099.0,0.0,0.0,0.0,1.0,0.0,1.0,0.0,0.0,1.0,0.0,3.0,3.0,1.0,1.0,0.1846381093057607,0.4965578906222259,233377.7,518.0,0.02017638,0.0035321884637009,505.0,2.0,0.0,0.0,0.0,0.0,0.0,0.0,0.0,0.0,0.0,0.0,0.0,3.0,0.0,0.0,0.0,0.0,0.0,0.0,0.0,0.0,0.0,0.0,5.0,0.0,3,16.0624,191.6839888,22.52114481819359,0.1140891154114188,0.23952125,0.0334972107766304,24.0,-0.17994625,0.0081476731583333,16.0,0.2156912499999999,0.0237621302368589,40.0,3.42744111583554,0.0144862863103373,22.695253598583104,0.6767665363987135,0
SAMD4B,2085.0,0.0,0.0,0.0,1.0,0.0,1.0,0.0,0.0,1.0,0.0,1.0,1.0,1.0,1.0,0.1019160211985324,0.3346520715854302,1748498.0,252.0,0.03192253,3.679201764289135e-06,7.0,0.0,0.0,0.0,0.0,0.0,0.0,0.0,0.0,0.0,0.0,0.0,1.0,1.0,0.0,0.0,0.0,0.0,0.0,0.0,0.0,0.0,0.0,0.0,2.0,0.0,2,25.25,0.0050000000000001,23.97553518459062,0.1100601634134167,0.5429424999999999,0.2456551710021739,23.0,-0.2430304347826087,0.0292527401225296,23.0,0.3961770212765956,0.159783280947456,46.0,3.567594864633389,0.0051423277060004,23.69692825202682,0.2118099699876798,0
FGD5,4389.0,0.5,0.0,0.0,0.5,0.0,1.0,0.0,0.0,1.0,0.0,0.5,0.5,1.0,1.0,0.3094059405940594,0.6723704024315745,489639.6,490.0,0.03904686,2.7659218089038413e-06,3.0,0.0,0.0,0.0,0.0,0.0,0.0,0.0,0.0,0.0,0.0,0.0,0.0,1.0,0.0,0.0,0.0,0.0,1.0,0.0,0.0,0.0,0.0,0.0,2.0,0.0,2,18.1465,139.5619245,22.916074879149186,0.169772558870534,0.2280007894736841,0.0245965161534139,38.0,-0.1847591666666667,0.0022442548083333,12.0,0.2176227999999999,0.0194247106654693,50.0,3.293015461727493,0.0219821104995004,24.13155912147369,0.4456614377086944,0
ATN1,3573.0,0.3333333333333333,0.0,0.0,0.3333333333333333,0.0,1.0,0.3333333333333333,0.0,1.0,0.0,0.5,1.0,1.0,1.0,0.1736412571627018,0.4776460928155125,2704950.0,211.0,0.04704784,0.0010137720263017,99.0,0.0,0.0,0.0,0.0,0.0,0.0,1.0,0.0,0.0,0.0,0.0,0.0,1.0,0.0,0.0,0.0,0.0,1.0,0.0,0.0,1.0,0.0,0.0,2.0,0.0,3,17.797,173.09161800000004,23.322570341586324,0.112159921521995,0.5017130000000001,0.1480557894536841,20.0,-0.2161461904761905,0.0102435043547619,21.0,0.3554470731707316,0.0963325992012195,41.0,3.649042318621873,0.009832283721557,25.746623133363027,0.2243799355123232,0
FUBP1,1935.0,0.0,0.0,0.0,1.0,0.0,1.0,0.0,0.0,1.0,0.0,1.0,1.0,1.0,1.0,0.4378283712784589,0.7994432100673221,373295.8,256.0,0.001174656,0.000201702617932,93.0,0.0,0.0,0.0,0.0,0.0,0.0,0.0,0.0,0.0,0.0,0.0,0.0,1.0,0.0,0.0,0.0,0.0,0.0,0.0,0.0,0.0,0.0,0.0,1.0,0.0,1,29.6,0.0,28.304179199481904,0.0666327213067802,0.212500652173913,0.0155963401840096,46.0,-0.234022,0.0169718921066666,10.0,0.21634375,0.0156070351802272,56.0,3.638036642099494,0.0032649823619041,25.519417318029816,0.4474220015825665,0
IRX4,1560.0,0.0,0.0,0.0,1.0,0.0,1.0,0.0,0.0,1.0,0.0,1.0,1.0,1.0,1.0,0.1271132579128003,0.3893068253905053,387769.7,635.0,0.01059092,0.0,1.0,0.0,0.0,0.0,0.0,0.0,0.0,0.0,0.0,0.0,0.0,0.0,0.0,1.0,0.0,0.0,0.0,0.0,0.0,0.0,0.0,0.0,0.0,0.0,1.0,0.0,1,25.7,0.0,23.009986754355403,0.9440945103902972,0.2921669696969697,0.0408649234342803,33.0,-0.1968012499999999,0.0021095910410714,8.0,0.2735590243902439,0.0345251292590243,41.0,2.1647099451829503,0.988868286177294,13.759698393291046,3.390463274829548,0
SLC7A1,1890.0,0.0,0.0,0.0,1.0,0.0,1.0,0.0,0.0,1.0,0.0,1.0,1.0,1.0,1.0,0.7251631617113851,0.9582005792684298,222765.3,467.0,0.009252094,2.761917754364671e-05,4.0,0.0,0.0,0.0,0.0,0.0,0.0,0.0,0.0,0.0,0.0,0.0,0.0,1.0,0.0,0.0,0.0,0.0,0.0,0.0,0.0,0.0,0.0,0.0,1.0,0.0,1,13.73,0.0,20.85269268273821,0.5907813044333757,0.2361495121951219,0.021930567659756,41.0,-0.2466344444444444,0.0207562304487179,27.0,0.2403126470588235,0.0211742441152765,68.0,3.5117600649876843,0.0116795901175295,20.615901612523864,0.7763187152099652,0
DIS3L,3165.0,0.0,0.0,0.0,1.0,0.0,1.0,0.0,0.0,1.0,0.0,1.0,1.0,1.0,1.0,1.0,1.0,530074.5,307.0,0.04385126,2.14123177855792e-05,20.0,0.0,0.0,0.0,0.0,0.0,0.0,0.0,0.0,0.0,0.0,0.0,0.0,1.0,0.0,0.0,0.0,0.0,0.0,0.0,0.0,0.0,0.0,0.0,1.0,0.0,1,21.0,0.0,22.28478460068907,0.0898773244832456,0.1491322222222222,0.0024038748194444,9.0,-0.2224828125,0.0103107600918346,32.0,0.2063814634146341,0.0094164488028048,41.0,3.456750913023776,0.0056849172822462,20.615901612523864,0.7763187152099652,0
FAM83F,1503.0,0.5,0.0,0.0,0.5,0.0,1.0,0.0,0.0,1.0,0.0,0.5,0.5,1.0,1.0,0.4173622704507513,0.782053706282639,712105.5,370.0,0.02795911,1.1670801020773695e-06,2.0,0.0,0.0,0.0,0.0,0.0,0.0,0.0,0.0,0.0,0.0,0.0,0.0,1.0,0.0,0.0,0.0,0.0,1.0,0.0,0.0,0.0,0.0,0.0,2.0,0.0,2,9.5985,182.0804445,22.602631650196106,0.4182235391370796,0.2768483333333333,0.0184143724566666,6.0,-0.3196923636363636,0.0312121210850504,55.0,0.3154781967213116,0.0297909459183606,61.0,3.40111785576256,0.0445730544562948,21.311707668034167,0.9922585275733844,0
ZNF532,3906.0,1.0,0.0,0.0,0.0,0.0,1.0,0.0,0.0,1.0,0.0,0.0,0.0,1.0,1.0,1.0,1.0,352047.2,299.0,0.05105724,0.0,1.0,0.0,0.0,0.0,0.0,0.0,0.0,0.0,0.0,0.0,0.0,0.0,0.0,0.0,0.0,0.0,0.0,0.0,1.0,0.0,0.0,0.0,0.0,0.0,1.0,0.0,1,9.676,0.0,21.098659662153988,0.3080150285421439,0.2984596153846153,0.0352191932038461,26.0,-0.2262517647058823,0.0096076504998217,34.0,0.2575418333333333,0.0215991781203107,60.0,3.5809333272650647,0.0100441115605697,23.248186556007106,0.4818507961480248,0
VEGFC,1263.0,0.0,0.0,0.0,1.0,0.0,1.0,0.0,0.0,1.0,0.0,1.0,1.0,1.0,1.0,0.2759381898454746,0.6312302395642202,145765.2,585.0,-0.01403158,0.0,3.0,0.0,0.0,0.0,0.0,0.0,0.0,0.0,0.0,0.0,0.0,0.0,0.0,1.0,0.0,0.0,0.0,0.0,0.0,0.0,0.0,0.0,0.0,0.0,1.0,0.0,1,25.3,0.0,18.796289071314646,0.5988208385098321,0.1769996296296296,0.0100896737729344,27.0,-0.248685652173913,0.0169627882075098,23.0,0.2099752,0.0142722004213877,50.0,3.1185244143620854,0.0252057963938163,20.615901612523864,0.7763187152099652,0
KIAA2026,6312.0,0.0,0.0,0.0,1.0,0.0,1.0,0.0,0.0,1.0,0.0,2.0,2.0,1.0,1.0,0.2044989775051124,0.5290781806721434,349734.6,317.0,0.02642,1.6740460054412416e-06,4.0,0.0,0.0,0.0,0.0,0.0,0.0,0.0,0.0,0.0,0.0,0.0,0.0,2.0,0.0,0.0,0.0,0.0,0.0,0.0,0.0,0.0,0.0,0.0,2.0,0.0,2,24.35,0.0049999999999999,22.330935529302888,0.385043639309862,0.2443123809523809,0.0281490968290476,21.0,-0.228230909090909,0.0138496819710227,33.0,0.2344848148148147,0.0190469931310971,54.0,3.4992512559200253,0.0069553087712392,18.942297104543144,0.2581401961444849,0
FGF13,768.0,0.0,1.0,0.0,0.0,0.0,1.0,0.0,0.0,1.0,0.0,0.0,1.0,0.2502502502502503,1.0,1.0,1.0,14291.58,461.3935969868173,-0.00509552,1.8837627031786824e-07,3.0,0.0,0.0,0.0,0.0,0.0,0.0,0.0,0.0,0.0,0.0,0.0,0.0,0.0,1.0,0.0,0.0,0.0,0.0,0.0,0.0,0.0,0.0,0.0,1.0,0.0,1,37.0,0.0,17.887327638686596,0.4882627908959487,0.233874,0.0272116465971428,15.0,-0.2830765625000001,0.0251747044555443,32.0,0.2673736170212767,0.025784845554024,47.0,3.1055977517340643,0.1135143465247049,16.71720233459152,1.7251493256725945,0
ZNF761,2241.0,0.0,0.0,0.0,1.0,0.0,1.0,0.0,0.0,1.0,0.0,2.0,2.0,1.0,1.0,0.6273525721455459,0.91985356359349,361546.1,876.0,-0.05841508,0.0,1.0,0.0,0.0,0.0,0.0,0.0,0.0,0.0,0.0,0.0,0.0,0.0,0.0,2.0,0.0,0.0,0.0,0.0,0.0,0.0,0.0,0.0,0.0,0.0,2.0,0.0,2,1.902,6.336799999999999,22.330935529302888,0.385043639309862,0.4151629999999999,0.14853416578,20.0,-0.23374,0.0282946184159999,26.0,0.3126195652173913,0.08670198581314,46.0,2.697213763407762,0.1832014722251919,20.615901612523864,0.7763187152099652,0
LAMC1,4830.0,0.5,0.0,0.0,0.5,0.0,1.0,0.0,0.0,1.0,0.0,0.5,0.5,1.0,1.0,0.5743825387708213,0.8928544863791223,767935.6,374.0,0.01733639,0.0002144666376408,28.0,0.0,0.0,0.0,0.0,0.0,0.0,0.0,0.0,0.0,0.0,0.0,0.0,1.0,0.0,0.0,0.0,0.0,1.0,0.0,0.0,0.0,0.0,0.0,2.0,0.0,2,19.33,38.19379999999997,26.8713824744,0.2831507994452971,0.2868551388888888,0.0205954847605438,72.0,-0.2050466666666666,0.0102837713066666,6.0,0.2805621794871795,0.0201398068432401,78.0,3.73122482658022,0.0095608068627454,18.92454269574097,0.4871010904954851,0
FAM104B,2238.68889553429,0.3208800705605375,0.0382356092640028,0.0111035463036451,0.6124532202196571,0.0001446129959885,0.9998816304170584,0.0127215066592484,0.0033226538509632,0.992896298692298,0.0012833931419457,0.9706727286646546,1.088826814245475,0.9182620032207496,0.9997044148724084,0.5394479919602778,0.7533733180500214,629583.6997373265,461.2230183563257,0.0183775185055424,0.0001252330988384,19.717603668261564,0.0,0.0,0.0,0.0,0.0,0.0,0.0,0.0,0.0,0.0,0.0,0.0,1.0,0.0,0.0,0.0,0.0,0.0,0.0,0.0,0.0,0.0,0.0,1.0,0.0,1,23.5,0.0,22.330935529302888,0.385043639309862,0.2776185714285714,0.0426698828128571,21.0,-0.2301355172413793,0.0104302514184729,29.0,0.2500784,0.023936861560653,50.0,3.282595967939872,0.0061634832226291,15.023889009151937,0.903977842239715,0
TMEM67,2988.0,0.0,0.0,0.0,1.0,0.0,1.0,0.0,0.0,1.0,0.0,1.0,1.0,1.0,1.0,0.3449465332873405,0.7120958433734108,234269.3,416.0,0.01535146,4.025103031561067e-06,6.0,0.0,0.0,0.0,0.0,0.0,0.0,0.0,0.0,0.0,0.0,0.0,0.0,1.0,0.0,0.0,0.0,0.0,0.0,0.0,0.0,0.0,0.0,0.0,1.0,0.0,1,18.4,0.0,22.330935529302888,0.385043639309862,0.4217296874999999,0.0617452230824404,63.0,-0.20201,0.0058659808571428,8.0,0.3973163888888888,0.0602015801417058,71.0,3.3006939043848043,0.0140372989322107,20.615901612523864,0.7763187152099652,0
LUZP1,3231.0,0.5,0.0,0.0,0.5,0.0,1.0,0.0,0.0,1.0,0.0,0.5,0.5,1.0,1.0,0.8271298593879239,0.9841137896051744,859704.8,169.0,0.02529097,5.580156287825718e-06,9.0,0.0,0.0,0.0,0.0,0.0,0.0,0.0,0.0,0.0,0.0,0.0,0.0,1.0,0.0,0.0,0.0,0.0,1.0,0.0,0.0,0.0,0.0,0.0,2.0,0.0,2,12.497,192.19761800000003,24.672731041549067,0.1298678254684294,0.205986923076923,0.0276204018730769,13.0,-0.2723818918918919,0.0187070552935435,37.0,0.2551192,0.0213736036932244,50.0,3.4911332700655766,0.0053174517551161,25.801573724676444,0.3233323204780571,0
GLI3,4743.0,0.0,0.0,0.0,1.0,0.0,1.0,0.0,0.0,1.0,0.0,4.0,4.0,1.0,1.0,0.5068423720223011,0.8512697552156505,41719.62,589.0,-0.01240769,8.736162610961982e-05,20.0,0.0,0.0,0.0,0.0,0.0,0.0,0.0,0.0,0.0,0.0,0.0,0.0,4.0,0.0,0.0,0.0,0.0,0.0,0.0,0.0,0.0,0.0,0.0,4.0,0.0,2,14.4705,45.854147666666655,21.42589706061958,0.3371869119981857,0.2130931578947368,0.0117755293116959,19.0,-0.203705,0.0074341390368421,20.0,0.2082787179487179,0.0093175511851552,39.0,3.438447494789884,0.0297144454523533,23.654888457714307,0.3647283020022234,0
EFCAB5,4512.0,0.4,0.0,0.0,0.6,0.0,1.0,0.0,0.0,1.0,0.0,1.0,1.0,1.0,1.0,0.2057189878625796,0.5310109397373624,652130.9,303.0,0.01543367,0.0,0.0,0.0,0.0,0.0,0.0,0.0,0.0,0.0,0.0,0.0,0.0,0.0,0.0,3.0,0.0,0.0,0.0,0.0,2.0,0.0,0.0,0.0,0.0,0.0,5.0,0.0,2,17.543,97.635718,22.330935529302888,0.385043639309862,0.5108872222222224,0.2001897011120633,32.0,-0.2471411363636363,0.0170641580382135,44.0,0.3658268750000001,0.1154142517863132,75.0,1.5731640527137063,0.4883893903166154,20.615901612523864,0.7763187152099652,0
DCAF7,1029.0,0.0,0.0,0.0,1.0,0.0,1.0,0.0,0.0,1.0,0.0,1.0,1.0,1.0,1.0,0.2154708037060978,0.5462033743286014,934619.2,247.0,-0.001468243,0.0001566262610832,53.0,0.0,0.0,0.0,0.0,0.0,0.0,0.0,0.0,0.0,0.0,0.0,0.0,1.0,0.0,0.0,0.0,0.0,0.0,0.0,0.0,0.0,0.0,0.0,1.0,0.0,1,23.9,0.0,25.286337679874563,0.1468109694265003,0.4226988888888889,0.1319609801102564,27.0,-0.213496,0.0092452898399999,40.0,0.2978016417910448,0.068136835441203,67.0,3.666038590147072,0.0044920573561612,20.615901612523864,0.7763187152099652,0
ZNF391,1077.0,0.0,0.0,0.0,1.0,0.0,1.0,0.0,0.0,1.0,0.0,1.0,1.0,1.0,1.0,0.4849660523763337,0.8359245322962018,143919.9,645.0,0.01901962,6.130307831405928e-07,5.0,0.0,0.0,0.0,0.0,0.0,0.0,0.0,0.0,0.0,0.0,0.0,0.0,1.0,0.0,0.0,0.0,0.0,0.0,0.0,0.0,0.0,0.0,0.0,1.0,0.0,1,18.13,0.0,15.7949073848166,0.1905171847868823,0.2726114814814814,0.0239702152900284,27.0,-0.2778372727272727,0.0208349615618181,11.0,0.2741242105263158,0.0224807744250355,38.0,2.97438979420997,0.0815547145102169,16.377278840058352,0.8350670132550397,0
DICER1,5769.0,0.0,0.0,0.0,1.0,0.0,1.0,0.0,0.0,1.0,0.0,1.0,1.0,1.0,1.0,0.2891844997108155,0.6479729286469343,215900.2,674.0,0.01608616,0.0003516788265422,56.0,0.0,0.0,0.0,0.0,0.0,0.0,0.0,0.0,0.0,0.0,0.0,0.0,1.0,0.0,0.0,0.0,0.0,0.0,0.0,0.0,0.0,0.0,0.0,1.0,0.0,1,23.4,0.0,25.5312471944519,0.0773176537172138,0.22963625,0.0291110938418478,24.0,-0.2249520689655172,0.0108585593455665,29.0,0.2270732075471697,0.0187285184260522,53.0,3.659610924631537,0.0069509240869662,21.920988597295,0.3581349306326962,0
TMEM125,660.0,1.0,0.0,0.0,0.0,0.0,1.0,0.0,0.0,1.0,0.0,0.0,0.0,1.0,1.0,1.0,1.0,1091212.0,264.0,0.0302937,0.0,0.0,0.0,0.0,0.0,0.0,0.0,0.0,0.0,0.0,0.0,0.0,0.0,0.0,0.0,0.0,0.0,0.0,0.0,1.0,0.0,0.0,0.0,0.0,0.0,1.0,0.0,1,0.246,0.0,22.330935529302888,0.385043639309862,0.3205652941176471,0.0648151696438502,34.0,-0.2910728571428572,0.0264965814065934,14.0,0.3119633333333334,0.0530208874737588,48.0,3.311831451686691,0.0534064623131512,20.615901612523864,0.7763187152099652,0
PIGB,1665.0,0.0,0.0,0.0,1.0,0.0,1.0,0.0,0.0,1.0,0.0,1.0,1.0,1.0,1.0,0.4058441558441558,0.7718287523016532,243816.8,487.0,0.01061962,0.0,1.0,0.0,0.0,0.0,0.0,0.0,0.0,0.0,0.0,0.0,0.0,0.0,0.0,1.0,0.0,0.0,0.0,0.0,0.0,0.0,0.0,0.0,0.0,0.0,1.0,0.0,1,12.52,0.0,15.720845532151888,0.9907555258930388,0.2191466666666667,0.0208146067066666,6.0,-0.2542941025641025,0.0168364285879892,39.0,0.2496077777777777,0.0170518431722222,45.0,3.255984223388824,0.0061618811208676,20.720644631205765,0.6376586394883037,0
PURA,2238.68889553429,0.3208800705605375,0.0382356092640028,0.0111035463036451,0.6124532202196571,0.0001446129959885,0.9998816304170584,0.0127215066592484,0.0033226538509632,0.992896298692298,0.0012833931419457,0.9706727286646546,1.088826814245475,0.9182620032207496,0.9997044148724084,0.5394479919602778,0.7533733180500214,629583.6997373265,461.2230183563257,0.0183775185055424,0.0001252330988384,19.717603668261564,1.0,0.0,0.0,0.0,0.0,0.0,0.0,0.0,0.0,0.0,0.0,0.0,0.0,0.0,0.0,0.0,0.0,0.0,0.0,0.0,0.0,0.0,0.0,1.0,0.0,1,18.47,0.0,26.640349514328268,0.1863950516408367,0.2479216666666666,0.0179598045060606,12.0,-0.2097319999999999,0.005505663457931,30.0,0.2206433333333333,0.0090176364715447,42.0,3.468104237751272,0.0102950959380132,21.91621744121532,0.8481389854619451,0
OR4D1,933.0,0.5,0.0,0.0,0.5,0.0,1.0,0.0,0.0,1.0,0.0,0.5,0.5,1.0,1.0,0.4116920543433512,0.7770603746480179,851305.8,401.0,0.01401773,0.0,0.0,0.0,0.0,0.0,0.0,0.0,0.0,0.0,0.0,0.0,0.0,0.0,0.0,2.0,0.0,0.0,0.0,0.0,1.0,0.0,0.0,0.0,1.0,0.0,2.0,0.0,3,15.043,70.97169799999999,22.330935529302888,0.385043639309862,0.3432911538461539,0.0897339999386154,26.0,-0.2351278571428571,0.015865101280662,42.0,0.2764844117647058,0.0459954645533801,68.0,0.7470162653496797,0.637307238929364,20.615901612523864,0.7763187152099652,0
HLA-E,1077.0,0.0,0.0,0.0,1.0,0.0,1.0,0.0,0.0,1.0,0.0,1.0,1.0,1.0,1.0,0.4681647940074906,0.8234714050084028,2019724.0,424.0,0.02994674,0.0002806549910577,45.0,0.0,0.0,0.0,0.0,0.0,0.0,0.0,0.0,0.0,0.0,0.0,0.0,1.0,0.0,0.0,0.0,0.0,0.0,0.0,0.0,0.0,0.0,0.0,1.0,0.0,1,19.74,0.0,23.17543731275499,0.2308838843653294,0.2732346428571429,0.024861590396164,28.0,-0.2702525,0.0135015282785714,8.0,0.2725719444444444,0.0218808278275396,36.0,3.85840068323416,0.0068423313956518,16.733981583448156,0.8526965950321355,0
AMBP,1059.0,0.5,0.0,0.0,0.5,0.0,1.0,0.0,0.0,1.0,0.0,0.6666666666666666,0.6666666666666666,1.0,1.0,0.7547169811320755,0.9671037429722156,244063.1,558.0,0.0004318633,2.0382496175670865e-05,14.0,0.0,0.0,0.0,0.0,0.0,0.0,0.0,0.0,0.0,0.0,0.0,0.0,2.0,0.0,0.0,0.0,0.0,2.0,0.0,0.0,0.0,0.0,0.0,4.0,0.0,4,11.69725,118.8144635833333,27.95049005609282,0.3125747194639531,0.1893755555555555,0.0090614208261437,18.0,-0.2390252380952381,0.0249797705761904,21.0,0.2161099999999999,0.0178297891,39.0,1.9735212601420609,0.7880008774981376,17.445699058022274,2.402722779088969,0
PLK4,2913.0,0.0,0.0,0.0,1.0,0.0,1.0,0.0,0.0,1.0,0.0,2.0,2.0,1.0,1.0,0.8920606601248885,0.9939528493220544,230665.5,331.0,0.009235009,3.5107397835417687e-06,13.0,0.0,0.0,0.0,0.0,0.0,0.0,0.0,0.0,0.0,0.0,0.0,1.0,2.0,0.0,0.0,0.0,0.0,0.0,0.0,0.0,0.0,0.0,0.0,3.0,0.0,2,9.109666666666667,46.20884233333334,22.330935529302888,0.385043639309862,0.16008,0.0055159564307692,27.0,-0.2450912499999999,0.0156518319316666,16.0,0.1917120930232558,0.0107332763788482,43.0,3.266525070399464,0.019014803507438,17.97433023365249,0.2328058937330305,0
FASTKD5,2295.0,1.0,0.0,0.0,0.0,0.0,1.0,0.0,0.0,1.0,0.0,0.0,0.0,1.0,1.0,1.0,1.0,629341.2502462703,461.3935969868173,0.0183554222686853,1.2631395211273892e-05,8.0,0.0,0.0,0.0,0.0,0.0,0.0,0.0,0.0,0.0,0.0,0.0,0.0,0.0,0.0,0.0,0.0,0.0,1.0,0.0,0.0,0.0,0.0,0.0,1.0,0.0,1,5.068,0.0,22.99512614432622,0.1298785858383633,0.213193125,0.0071738788229166,16.0,-0.23098125,0.0222085756201086,24.0,0.2238659999999999,0.0159344366297435,40.0,3.385001395159521,0.0041108474127679,20.615901612523864,0.7763187152099652,0
AL691442.2,2238.68889553429,0.3208800705605375,0.0382356092640028,0.0111035463036451,0.6124532202196571,0.0001446129959885,0.9998816304170584,0.0127215066592484,0.0033226538509632,0.992896298692298,0.0012833931419457,0.9706727286646546,1.088826814245475,0.9182620032207496,0.9997044148724084,0.5394479919602778,0.7533733180500214,629583.6997373265,461.2230183563257,0.0183775185055424,0.0001252330988384,19.717603668261564,0.0,0.0,0.0,0.0,0.0,0.0,0.0,0.0,0.0,0.0,0.0,1.0,1.0,0.0,0.0,0.0,0.0,1.0,0.0,0.0,0.0,0.0,0.0,3.0,0.0,2,15.599333333333334,163.50572133333333,22.330935529302888,0.385043639309862,0.2679212512171164,0.0425464906885541,25.38823976441532,-0.2401433443723266,0.0208617512055182,26.91089579177353,0.2589266131112404,0.0327545155673512,52.26674266172699,2.697213763407762,0.1832014722251919,20.615901612523864,0.7763187152099652,0
AKAP12,5349.0,0.2,0.0,0.0,0.8,0.0,1.0,0.0,0.0,1.0,0.0,2.6666666666666665,2.6666666666666665,1.0,1.0,0.0679717237629146,0.2507248156132421,340429.4,383.0,0.01058405,8.880731311239107e-06,17.0,0.0,0.0,0.0,0.0,0.0,0.0,0.0,0.0,0.0,0.0,0.0,0.0,8.0,0.0,0.0,0.0,0.0,2.0,0.0,0.0,0.0,0.0,0.0,10.0,0.0,2,17.1649,45.050037877777775,25.866626660402154,0.5713109318121549,0.3355666666666667,0.0530468450492753,24.0,-0.2953592592592593,0.0177748855532763,27.0,0.3142803921568627,0.0340553048478431,51.0,3.361576923221215,0.0351655545147472,27.476382722649472,0.8262764841974427,0
SPIN2B,777.0,0.0,0.0,0.0,1.0,0.0,1.0,0.0,0.0,1.0,0.0,2.0,2.0,1.0,1.0,0.0131868711510819,0.0702666854022502,145136.8,461.3935969868173,0.01819024,0.0001116718200993,22.0,0.0,0.0,0.0,0.0,0.0,0.0,0.0,0.0,0.0,0.0,0.0,0.0,2.0,0.0,0.0,0.0,0.0,0.0,0.0,0.0,0.0,0.0,0.0,2.0,0.0,1,21.6,0.1799999999999998,22.330935529302888,0.385043639309862,0.2182484210526316,0.0134445950029239,19.0,-0.2320796774193548,0.0106541388765591,31.0,0.2268238,0.0115077639464897,50.0,3.123891015961535,0.0077608667883935,20.615901612523864,0.7763187152099652,0
VSIG2,984.0,0.0,0.0,0.0,1.0,0.0,1.0,0.0,0.0,1.0,0.0,1.0,1.0,1.0,1.0,0.2053388090349076,0.5304094326682749,168651.8,622.0,0.01400047,1.71079197411443e-05,28.0,0.0,0.0,0.0,0.0,0.0,0.0,0.0,0.0,0.0,0.0,0.0,0.0,1.0,0.0,0.0,0.0,0.0,0.0,0.0,0.0,0.0,0.0,0.0,1.0,0.0,1,24.7,0.0,22.330935529302888,0.385043639309862,0.1592138461538461,0.0043615537589743,13.0,-0.3060906976744186,0.0240581743161683,43.0,0.2719942857142857,0.0232386333231168,56.0,2.3322613808056576,0.6780960590808985,18.80259240539543,1.57374773010492,0
ILF3,2697.0,0.5,0.0,0.0,0.5,0.0,1.0,0.0,0.0,1.0,0.0,0.8,0.8,1.0,1.0,0.6064281382656155,0.9097447201803892,2128709.0,224.0,0.03258958,0.0041181339628629,329.0,0.0,0.0,0.0,0.0,0.0,0.0,0.0,0.0,0.0,0.0,0.0,0.0,5.0,0.0,0.0,0.0,0.0,4.0,0.0,0.0,0.0,1.0,0.0,8.0,0.0,8,17.355625,102.76609426785711,28.6386923091104,0.0442956524635605,0.4435661538461538,0.1377202424089743,13.0,-0.1881673529411764,0.0093641736806595,34.0,0.258809574468085,0.0559801425041628,47.0,3.803295218866192,0.002607429401959,22.91985595964245,0.997257068835364,0
GTDC1,1377.0,1.0,0.0,0.0,0.0,0.0,1.0,0.0,0.0,1.0,0.0,0.0,0.0,1.0,1.0,1.0,1.0,60793.38,692.0,0.01224903,0.0,1.0,0.0,0.0,0.0,0.0,0.0,0.0,0.0,0.0,0.0,0.0,0.0,0.0,0.0,0.0,0.0,0.0,0.0,1.0,0.0,0.0,0.0,0.0,0.0,1.0,0.0,1,9.426,0.0,20.456165867325613,0.1529321887150958,0.211975,0.0127361777733333,16.0,-0.209554,0.0114531391083333,25.0,0.2104987804878048,0.0116493797009756,41.0,3.3023543699869045,0.0072047760114381,20.615901612523864,0.7763187152099652,0
ZNF638,5937.0,0.125,0.0,0.0,0.75,0.0,1.0,0.125,0.0,1.0,0.0,3.0,3.5,1.0,1.0,0.7627765064836003,0.9693289128768596,328512.9,459.0,0.01865208,5.081555182474551e-05,36.0,0.0,0.0,2.0,0.0,0.0,0.0,1.0,0.0,0.0,0.0,0.0,0.0,6.0,0.0,0.0,0.0,0.0,1.0,0.0,0.0,1.0,0.0,0.0,9.0,0.0,7,17.178555555555555,28.79108127777777,25.32357856715189,0.0540793308458023,0.1889475862068964,0.0067689459975369,29.0,-0.1886346153846154,0.0116251210435897,13.0,0.1888507142857142,0.0080251907238675,42.0,3.7400690162689134,0.0010627405385089,25.88318489531349,0.2178258362719953,0
TERT,3399.0,0.7142857142857143,0.0,0.0,0.2857142857142857,0.0,1.0,0.0,0.0,1.0,0.0,0.3333333333333333,0.3333333333333333,1.0,1.0,0.8896797153024911,0.9936777148322948,657889.9,541.0,0.02418944,0.0003168168202416,62.0,0.0,0.0,0.0,0.0,0.0,0.0,0.0,0.0,0.0,0.0,0.0,0.0,2.0,0.0,0.0,0.0,0.0,5.0,0.0,0.0,0.0,0.0,0.0,7.0,0.0,1,7.322714285714285,51.225223238095246,22.330935529302888,0.385043639309862,0.2895147058823529,0.0398657655347593,34.0,-0.1937785714285714,0.002375914747619,7.0,0.2731695121951219,0.034575745589756,41.0,1.760226307875279,0.7766122627684904,20.615901612523864,0.7763187152099652,0
RGPD2,2238.68889553429,0.3208800705605375,0.0382356092640028,0.0111035463036451,0.6124532202196571,0.0001446129959885,0.9998816304170584,0.0127215066592484,0.0033226538509632,0.992896298692298,0.0012833931419457,0.9706727286646546,1.088826814245475,0.9182620032207496,0.9997044148724084,0.5394479919602778,0.7533733180500214,629583.6997373265,461.2230183563257,0.0183775185055424,0.0001252330988384,19.717603668261564,0.0,0.0,0.0,0.0,0.0,0.0,0.0,0.0,0.0,0.0,0.0,0.0,1.0,0.0,0.0,0.0,0.0,1.0,1.0,0.0,0.0,0.0,0.0,3.0,0.0,1,12.474666666666666,20.76800533333333,22.330935529302888,0.385043639309862,0.2031584,0.0110904300223333,25.0,-0.2200614285714286,0.0180093501054945,14.0,0.2092261538461537,0.013233051508502,39.0,3.0891992311562224,0.1726948368262066,20.615901612523864,0.7763187152099652,0
MANEAL,1374.0,0.0,0.0,0.0,1.0,0.0,1.0,0.0,0.0,1.0,0.0,1.0,1.0,1.0,1.0,0.0300869512892258,0.1355015107623024,445096.4,375.0,0.03260543,3.960436274242848e-06,7.0,0.0,0.0,0.0,0.0,0.0,0.0,0.0,0.0,0.0,0.0,0.0,0.0,1.0,0.0,0.0,0.0,0.0,0.0,0.0,0.0,0.0,0.0,0.0,1.0,0.0,1,28.5,0.0,17.74507792137023,0.5816011391088334,0.3080311111111112,0.0641845389179487,27.0,-0.2762110526315789,0.0268533532321637,19.0,0.2948880434782609,0.0480766694649758,46.0,3.2559522212235383,0.0302499259990074,20.615901612523864,0.7763187152099652,0
ADIPOQ,735.0,0.0,0.0,0.0,1.0,0.0,1.0,0.0,0.0,1.0,0.0,1.0,1.0,1.0,1.0,0.7558578987150416,0.9674239494579128,449980.0,384.0,0.02513656,3.1406139370499246e-06,6.0,0.0,0.0,0.0,0.0,0.0,0.0,0.0,0.0,0.0,0.0,0.0,0.0,1.0,0.0,0.0,0.0,0.0,0.0,0.0,0.0,0.0,0.0,0.0,1.0,0.0,1,1.663,0.0,20.974873296513824,0.584568590781677,0.2513941176470587,0.0288501383158645,34.0,-0.2315638461538461,0.021558102375641,13.0,0.2459091489361701,0.0264010851992599,47.0,2.934584725235224,0.8768228146411877,20.615901612523864,0.7763187152099652,0
IDE,2238.68889553429,0.3208800705605375,0.0382356092640028,0.0111035463036451,0.6124532202196571,0.0001446129959885,0.9998816304170584,0.0127215066592484,0.0033226538509632,0.992896298692298,0.0012833931419457,0.9706727286646546,1.088826814245475,0.9182620032207496,0.9997044148724084,0.5394479919602778,0.7533733180500214,629583.6997373265,461.2230183563257,0.0183775185055424,0.0001252330988384,19.717603668261564,0.0,0.0,0.0,0.0,0.0,0.0,0.0,0.0,0.0,0.0,0.0,1.0,0.0,0.0,0.0,0.0,0.0,0.0,0.0,0.0,0.0,0.0,0.0,1.0,0.0,1,23.8,0.0,27.37727904505581,0.0901057219937867,0.1753314285714285,0.0057374474478991,35.0,-0.1822437499999999,0.0040497707316666,16.0,0.1775,0.0051268883879999,51.0,3.5665879839709,0.0033230168846294,20.615901612523864,0.7763187152099652,0
MED23,4107.0,0.3333333333333333,0.0,0.0,0.6666666666666666,0.0,1.0,0.0,0.0,1.0,0.0,1.3333333333333333,1.3333333333333333,1.0,1.0,0.4746084480303749,0.8283175770394171,147816.5,864.0,0.007314161,0.000109335637297,55.0,0.0,0.0,0.0,0.0,0.0,0.0,0.0,0.0,0.0,0.0,0.0,0.0,4.0,0.0,0.0,0.0,0.0,2.0,0.0,0.0,0.0,0.0,0.0,6.0,0.0,6,24.01333333333333,66.20106666666666,23.22392077943552,0.0730166614812792,0.3083514285714286,0.0491109748028571,21.0,-0.3186532,0.0190421571726666,25.0,0.3139502173913044,0.0320098332110628,46.0,3.562804438360662,0.0080099073685308,19.194360554304907,0.4707124894274388,0
BCLAF1,2763.0,0.0,0.0,0.0,1.0,0.0,1.0,0.0,0.0,1.0,0.0,3.0,3.0,1.0,1.0,0.2979737783075089,0.6587454674031464,286850.7,153.0,0.02113193,0.0002063201319269,55.0,0.0,0.0,0.0,0.0,0.0,0.0,0.0,0.0,0.0,0.0,0.0,0.0,3.0,0.0,0.0,0.0,0.0,0.0,0.0,0.0,0.0,0.0,0.0,3.0,0.0,2,25.61,65.64630000000002,27.109870343621115,0.0861600133073002,0.295681,0.0376906866094736,20.0,-0.3114307692307693,0.0185906295673846,26.0,0.3045830434782609,0.0263042863860869,46.0,3.772430660038927,0.0033285519836224,21.54415625166749,0.562795882891993,0
SLC25A46,1257.0,1.0,0.0,0.0,0.0,0.0,1.0,0.0,0.0,1.0,0.0,0.0,0.0,1.0,1.0,1.0,1.0,127797.6,846.0,-0.007102867,2.8190922043852568e-06,7.0,0.0,0.0,0.0,0.0,0.0,0.0,0.0,0.0,0.0,0.0,0.0,0.0,0.0,0.0,0.0,0.0,0.0,1.0,0.0,0.0,0.0,0.0,0.0,1.0,0.0,1,9.828,0.0,20.116042027641097,0.2774042709023431,0.2197588888888889,0.0138151365751634,18.0,-0.2420951851851852,0.0141692379566951,27.0,0.2331606666666666,0.0138328576836363,45.0,3.538492464641371,0.0067912633350427,21.937739746137986,0.3203154208292738,0
CLDN23,879.0,1.0,0.0,0.0,0.0,0.0,1.0,0.0,0.0,1.0,0.0,0.0,0.0,1.0,1.0,1.0,1.0,174978.6,307.0,0.03437986,0.0,0.0,0.0,0.0,0.0,0.0,0.0,0.0,0.0,0.0,0.0,0.0,0.0,0.0,0.0,0.0,0.0,0.0,0.0,1.0,0.0,0.0,0.0,0.0,0.0,1.0,0.0,1,5.371,0.0,17.665238364750365,0.9648068029024052,0.2739737499999999,0.0184411019288043,24.0,-0.3153401587301587,0.0288098326177163,63.0,0.303928735632184,0.0260476057088478,87.0,2.949303972156049,0.0638125231457914,21.64890198826428,0.8406305783330422,0
ITGB7,2397.0,1.0,0.0,0.0,0.0,0.0,1.0,0.0,0.0,1.0,0.0,0.0,0.0,1.0,1.0,1.0,1.0,1703142.0,191.0,0.05161969,0.000104255929108,4.0,0.0,0.0,0.0,0.0,0.0,0.0,0.0,0.0,0.0,0.0,0.0,0.0,0.0,0.0,0.0,0.0,0.0,1.0,0.0,0.0,0.0,0.0,0.0,1.0,0.0,1,9.931,0.0,18.689778600087216,0.2850290073565523,0.1802839999999999,0.0079073232542857,15.0,-0.2421444,0.0251214712673333,25.0,0.21894675,0.0192177752224999,40.0,3.0914090491118733,0.0467579367640577,18.94109613606092,0.5191513235677337,0
RGPD4,5277.0,0.0,0.0,0.0,1.0,0.0,1.0,0.0,0.0,1.0,0.0,3.0,3.0,1.0,1.0,0.2738975623116954,0.6285952075249248,81447.42,882.0,-0.009918835,1.237968006092607e-07,2.0,0.0,0.0,0.0,0.0,0.0,0.0,0.0,0.0,0.0,0.0,0.0,0.0,3.0,0.0,0.0,0.0,0.0,0.0,0.0,0.0,0.0,0.0,0.0,3.0,0.0,3,20.38,23.645200000000003,22.330935529302888,0.385043639309862,0.2268107692307692,0.0136849077910256,13.0,-0.1976783333333333,0.008834346167647,18.0,0.2098951612903226,0.0106936361858064,31.0,2.624092648332433,0.2322182257853033,20.615901612523864,0.7763187152099652,0
GORAB,2238.68889553429,0.3208800705605375,0.0382356092640028,0.0111035463036451,0.6124532202196571,0.0001446129959885,0.9998816304170584,0.0127215066592484,0.0033226538509632,0.992896298692298,0.0012833931419457,0.9706727286646546,1.088826814245475,0.9182620032207496,0.9997044148724084,0.5394479919602778,0.7533733180500214,629583.6997373265,461.2230183563257,0.0183775185055424,0.0001252330988384,19.717603668261564,1.0,0.0,0.0,0.0,0.0,0.0,0.0,0.0,0.0,0.0,0.0,0.0,0.0,0.0,0.0,0.0,0.0,0.0,0.0,0.0,0.0,0.0,0.0,1.0,0.0,1,0.295,0.0,23.948796022639147,0.1961060618820702,0.292570394736842,0.0239256355451754,76.0,-0.181455,0.00542610779,6.0,0.2844399999999999,0.0233359570172839,82.0,3.351926394386635,0.0068405574573445,19.59864552155169,0.6659055668920949,0
SH3BP5L,1182.0,0.0,0.0,0.0,1.0,0.0,1.0,0.0,0.0,1.0,0.0,1.0,1.0,1.0,1.0,0.0942063118228921,0.3167468766043541,629341.2502462703,461.3935969868173,0.0183554222686853,5.099302791624445e-07,4.0,0.0,0.0,0.0,0.0,0.0,0.0,0.0,0.0,0.0,0.0,0.0,0.0,1.0,0.0,0.0,0.0,0.0,0.0,0.0,0.0,0.0,0.0,0.0,1.0,0.0,1,29.0,0.0,22.047565230548752,0.1267073991329102,0.2679212512171164,0.0425464906885541,25.38823976441532,-0.2401433443723266,0.0208617512055182,26.91089579177353,0.2589266131112404,0.0327545155673512,52.26674266172699,3.4898071298859694,0.0063953233819473,24.858173461167773,0.4456984239589809,0
TGM4,2055.0,0.0,0.0,0.0,1.0,0.0,1.0,0.0,0.0,1.0,0.0,1.0,1.0,1.0,1.0,0.4091653027823241,0.7748101642018612,466410.2,380.0,0.03144987,0.0,0.0,0.0,0.0,0.0,0.0,0.0,0.0,0.0,0.0,0.0,0.0,0.0,0.0,1.0,0.0,0.0,0.0,0.0,0.0,0.0,0.0,0.0,0.0,0.0,1.0,0.0,1,3.914,0.0,22.330935529302888,0.385043639309862,0.1659436363636363,0.004538688290909,22.0,-0.2252353846153846,0.0106901090018461,26.0,0.1980599999999999,0.0086054969531914,48.0,0.7853853540551381,0.6297960257021008,20.615901612523864,0.7763187152099652,0
ESM1,555.0,0.0,0.0,0.0,1.0,0.0,1.0,0.0,0.0,1.0,0.0,1.0,1.0,1.0,1.0,0.3451846738004832,0.7123492298195421,205256.0,603.0,0.01254603,0.0,1.0,0.0,0.0,0.0,0.0,0.0,0.0,0.0,0.0,0.0,0.0,0.0,0.0,1.0,0.0,0.0,0.0,0.0,0.0,0.0,0.0,0.0,0.0,0.0,1.0,0.0,1,17.71,0.0,17.567940132086004,1.2984825684896988,0.2388142857142857,0.0157433253186813,14.0,-0.3081010344827586,0.0366880451810344,29.0,0.2855425581395348,0.0304108475052048,43.0,3.1594874670711786,0.0410326941026189,20.615901612523864,0.7763187152099652,0
PLEKHG5,2238.68889553429,0.3208800705605375,0.0382356092640028,0.0111035463036451,0.6124532202196571,0.0001446129959885,0.9998816304170584,0.0127215066592484,0.0033226538509632,0.992896298692298,0.0012833931419457,0.9706727286646546,1.088826814245475,0.9182620032207496,0.9997044148724084,0.5394479919602778,0.7533733180500214,629583.6997373265,461.2230183563257,0.0183775185055424,0.0001252330988384,19.717603668261564,0.0,0.0,0.0,0.0,0.0,0.0,0.0,0.0,0.0,0.0,0.0,1.0,0.0,0.0,0.0,0.0,0.0,0.0,0.0,0.0,0.0,0.0,0.0,1.0,0.0,1,3.51,0.0,19.45081192079115,0.5402571631458127,0.1911007142857143,0.0122708564532967,14.0,-0.2527475675675676,0.0185787173022522,37.0,0.2358249019607843,0.0173390886574902,51.0,3.2892656060042005,0.0305759319222546,21.87639215944469,0.3978278973555009,0
KLRC4,477.0,0.0,0.0,0.0,1.0,0.0,1.0,0.0,0.0,1.0,0.0,1.0,1.0,1.0,1.0,0.080450522928399,0.2831949240163007,378365.0,334.0,-0.0004198878,0.0,0.0,0.0,0.0,0.0,0.0,0.0,0.0,0.0,0.0,0.0,0.0,0.0,0.0,1.0,0.0,0.0,0.0,0.0,0.0,0.0,0.0,0.0,0.0,0.0,1.0,0.0,1,11.24,0.0,22.330935529302888,0.385043639309862,0.3627233333333333,0.0600784464933333,21.0,-0.2519476190476191,0.0227201726090476,21.0,0.3073354761904761,0.0435322097619628,42.0,1.839471791519356,0.991147776206315,20.615901612523864,0.7763187152099652,0
IFIT5,1449.0,0.0,0.0,0.0,1.0,0.0,1.0,0.0,0.0,1.0,0.0,1.0,1.0,1.0,1.0,0.2423067603586139,0.5857888904217218,253827.0,213.0,0.01716609,3.161414552038797e-05,19.0,0.0,0.0,0.0,0.0,0.0,0.0,0.0,0.0,0.0,0.0,0.0,0.0,1.0,0.0,0.0,0.0,0.0,0.0,0.0,0.0,0.0,0.0,0.0,1.0,0.0,1,22.8,0.0,24.705550930320307,0.1842488422253858,0.17423,0.0059086599515151,34.0,-0.1946859999999999,0.0076519213410526,20.0,0.1818062962962962,0.006521540155835,54.0,3.416835302619378,0.0126760700516382,19.71791940466074,0.6673497120473654,0
XKR9,1122.0,0.6,0.0,0.2,0.2,0.0,1.0,0.0,0.0,1.0,0.0,0.25,0.5,0.4258943781942078,1.0,0.7446016381236039,0.9641890674170518,241667.2,562.0,0.02185871,0.0,0.0,0.0,0.0,0.0,0.0,0.0,0.0,0.0,0.0,0.0,0.0,0.0,0.0,1.0,0.0,0.0,0.0,0.0,3.0,1.0,0.0,0.0,0.0,0.0,5.0,0.0,3,12.5752,157.06532320000002,22.330935529302888,0.385043639309862,0.4251249999999998,0.0819404746179245,54.0,-0.2119381818181818,0.0070023352563636,11.0,0.3890472307692307,0.0754406088765865,65.0,2.2751587321234887,0.5140041787782443,20.615901612523864,0.7763187152099652,0
TPRG1,828.0,1.0,0.0,0.0,0.0,0.0,1.0,0.0,0.0,1.0,0.0,0.0,0.0,1.0,1.0,1.0,1.0,131839.3,421.0,0.0005992365,0.0,0.0,0.0,0.0,0.0,0.0,0.0,0.0,0.0,0.0,0.0,0.0,0.0,0.0,0.0,0.0,0.0,0.0,0.0,2.0,0.0,0.0,0.0,0.0,0.0,2.0,0.0,2,11.9715,11.892564500000008,23.81733406132982,2.112490680086136,0.2477234285714285,0.0284731933761344,35.0,-0.2353091666666666,0.0233189954628787,12.0,0.244553829787234,0.0266516241937095,47.0,3.20072258980034,0.1738431936840028,23.392000391456868,1.1244974357135331,0
ZFP57,1611.0,0.5,0.0,0.0,0.5,0.0,1.0,0.0,0.0,1.0,0.0,0.6666666666666666,0.6666666666666666,1.0,1.0,0.8032128514056225,0.979225325234274,484408.3,755.0,0.03414728,0.0,4.0,0.0,0.0,0.0,0.0,0.0,0.0,0.0,0.0,0.0,0.0,0.0,0.0,2.0,0.0,0.0,0.0,0.0,2.0,0.0,0.0,0.0,0.0,0.0,4.0,0.0,2,7.04625,77.94320691666665,22.330935529302888,0.385043639309862,0.2942289285714285,0.0285206940247354,28.0,-0.239518,0.0134293350622222,10.0,0.2798313157894737,0.0246750957738975,38.0,1.8636611931592644,1.2274584555791757,20.615901612523864,0.7763187152099652,0
ZNF697,1638.0,1.0,0.0,0.0,0.0,0.0,1.0,0.0,0.0,1.0,0.0,0.0,0.0,1.0,1.0,1.0,1.0,421422.9,599.0,0.01325407,2.649364250746256e-06,9.0,0.0,0.0,0.0,0.0,0.0,0.0,0.0,0.0,0.0,0.0,0.0,0.0,0.0,0.0,0.0,0.0,0.0,2.0,0.0,0.0,0.0,0.0,0.0,2.0,0.0,2,2.15,2.640402,22.330935529302888,0.385043639309862,0.260654814814815,0.032054552704682,54.0,-0.247687,0.0175642699788888,10.0,0.2586285937500001,0.0294982318852926,64.0,3.174208832846984,0.0118910893273551,17.342605196064362,0.5186267539134344,0
SH3BP5,1368.0,0.0,0.0,0.0,1.0,0.0,1.0,0.0,0.0,1.0,0.0,1.0,1.0,1.0,1.0,0.4242681374628765,0.7880312362978337,516325.6,303.0,0.03178479,3.560499273627443e-05,17.0,0.0,0.0,0.0,0.0,0.0,0.0,0.0,0.0,0.0,0.0,0.0,0.0,1.0,0.0,0.0,0.0,0.0,0.0,0.0,0.0,0.0,0.0,0.0,1.0,0.0,1,21.5,0.0,22.67993402418736,0.1962070917845184,0.2365402631578946,0.0369336461107396,38.0,-0.1847591666666667,0.0022442548083333,12.0,0.2241127999999999,0.0288915306205714,50.0,3.506372698605925,0.0166771867827963,20.584591014797493,0.8208991497407678,0
TRAF2,2238.68889553429,0.3208800705605375,0.0382356092640028,0.0111035463036451,0.6124532202196571,0.0001446129959885,0.9998816304170584,0.0127215066592484,0.0033226538509632,0.992896298692298,0.0012833931419457,0.9706727286646546,1.088826814245475,0.9182620032207496,0.9997044148724084,0.5394479919602778,0.7533733180500214,629583.6997373265,461.2230183563257,0.0183775185055424,0.0001252330988384,19.717603668261564,0.0,0.0,0.0,0.0,0.0,0.0,0.0,0.0,0.0,0.0,0.0,1.0,0.0,0.0,0.0,0.0,0.0,0.0,0.0,0.0,0.0,0.0,0.0,1.0,0.0,1,0.002,0.0,24.1802394740329,0.1019621595439241,0.2679212512171164,0.0425464906885541,25.38823976441532,-0.2401433443723266,0.0208617512055182,26.91089579177353,0.2589266131112404,0.0327545155673512,52.26674266172699,3.379415885138241,0.0217040451554707,19.23416329116279,1.000029390091738,0
NRDC,2238.68889553429,0.3208800705605375,0.0382356092640028,0.0111035463036451,0.6124532202196571,0.0001446129959885,0.9998816304170584,0.0127215066592484,0.0033226538509632,0.992896298692298,0.0012833931419457,0.9706727286646546,1.088826814245475,0.9182620032207496,0.9997044148724084,0.5394479919602778,0.7533733180500214,629583.6997373265,461.2230183563257,0.0183775185055424,0.0001252330988384,19.717603668261564,0.0,0.0,0.0,0.0,0.0,0.0,0.0,0.0,0.0,0.0,0.0,0.0,0.0,0.0,0.0,0.0,0.0,2.0,0.0,0.0,0.0,0.0,0.0,2.0,0.0,2,14.59,16.245,22.330935529302888,0.385043639309862,0.2679212512171164,0.0425464906885541,25.38823976441532,-0.2401433443723266,0.0208617512055182,26.91089579177353,0.2589266131112404,0.0327545155673512,52.26674266172699,2.697213763407762,0.1832014722251919,20.615901612523864,0.7763187152099652,0
E2F6,846.0,0.0,0.0,0.0,1.0,0.0,1.0,0.0,0.0,1.0,0.0,3.0,3.0,1.0,1.0,0.3193867773874161,0.6839196558110088,342110.1,196.0,0.02615006,0.0002404015091716,35.0,0.0,0.0,0.0,0.0,0.0,0.0,0.0,0.0,0.0,0.0,0.0,0.0,3.0,0.0,0.0,0.0,0.0,0.0,0.0,0.0,0.0,0.0,0.0,3.0,0.0,3,23.9,10.830000000000007,17.81471642641574,0.1867802243575483,0.2271621739130434,0.0096841241268774,23.0,-0.194815,0.0072884417441176,18.0,0.212960975609756,0.0086879929740243,41.0,3.3767388991588243,0.0028365528981207,20.615901612523864,0.7763187152099652,0
TSPAN1,726.0,0.0,0.0,0.0,1.0,0.0,1.0,0.0,0.0,1.0,0.0,1.0,1.0,1.0,1.0,0.1261670451678021,0.3873515638112847,908944.8,190.0,0.02858846,0.0,1.0,0.0,0.0,0.0,0.0,0.0,0.0,0.0,0.0,0.0,0.0,0.0,0.0,1.0,0.0,0.0,0.0,0.0,0.0,0.0,0.0,0.0,0.0,0.0,1.0,0.0,1,26.1,0.0,21.675802947877344,1.6936151697035269,0.2903760606060607,0.0429457767433712,33.0,-0.250284375,0.02488775666625,16.0,0.2772848979591837,0.0367687739463435,49.0,3.365983539964253,0.167829140354114,20.615901612523864,0.7763187152099652,0
SPICE1,2568.0,0.3333333333333333,0.0,0.0,0.6666666666666666,0.0,1.0,0.0,0.0,1.0,0.0,1.0,1.0,1.0,1.0,0.2030044660982541,0.526700629252608,458321.4,566.0,0.02170212,8.277743677582106e-05,8.0,0.0,0.0,0.0,0.0,0.0,0.0,0.0,0.0,0.0,0.0,0.0,1.0,2.0,0.0,0.0,0.0,0.0,1.0,0.0,0.0,0.0,0.0,0.0,4.0,0.0,2,14.98275,88.97443825,22.330935529302888,0.385043639309862,0.2022037999999999,0.0114553051464898,50.0,-0.2131157142857143,0.018032968595238,7.0,0.2035438596491227,0.0119685516884085,57.0,3.405433400161588,0.0082477084982415,20.615901612523864,0.7763187152099652,0
OR4S1,930.0,0.0,0.0,0.0,1.0,0.0,1.0,0.0,0.0,1.0,0.0,1.0,1.0,1.0,1.0,0.0937207122774133,0.3155985065898464,278637.8,642.0,-0.03996037,0.0,0.0,0.0,0.0,0.0,0.0,0.0,0.0,0.0,0.0,0.0,0.0,0.0,0.0,1.0,0.0,0.0,0.0,0.0,0.0,0.0,0.0,0.0,0.0,0.0,1.0,0.0,1,23.3,0.0,22.330935529302888,0.385043639309862,0.1968006249999999,0.0106028158641129,32.0,-0.2595888235294117,0.0237501874610294,17.0,0.2185842857142857,0.0156762189416666,49.0,0.0104987564358107,0.0133370902905158,20.615901612523864,0.7763187152099652,0
SLC36A3,1536.0,0.5,0.0,0.0,0.5,0.0,1.0,0.0,0.0,1.0,0.0,0.5,0.5,1.0,1.0,0.9487666034155596,0.9986645636804276,871795.5,530.0,0.05666794,0.0,0.0,0.0,0.0,0.0,0.0,0.0,0.0,0.0,0.0,0.0,0.0,0.0,0.0,1.0,0.0,0.0,0.0,0.0,1.0,0.0,0.0,0.0,0.0,0.0,2.0,0.0,1,13.3825,52.7878125,22.330935529302888,0.385043639309862,0.2641328571428571,0.0149254753450549,14.0,-0.2169291999999999,0.009573239491,25.0,0.2338741025641026,0.0116785647774628,38.0,0.0590123673518101,0.0673405715141058,20.615901612523864,0.7763187152099652,0
SLC35B1,1080.0,0.5,0.0,0.0,0.5,0.0,1.0,0.0,0.0,1.0,0.0,0.5,0.5,1.0,1.0,1.0,1.0,880183.4,361.0,0.02951938,0.0,1.0,0.0,0.0,0.0,0.0,0.0,0.0,0.0,0.0,0.0,0.0,0.0,0.0,1.0,0.0,0.0,0.0,0.0,1.0,0.0,0.0,0.0,0.0,0.0,2.0,0.0,1,20.895,95.35805,16.049685505957644,0.6545732165223401,0.283836,0.01917830264,15.0,-0.24529,0.0196115113094339,54.0,0.2536695652173913,0.0194904156953964,69.0,3.509785387774352,0.007158968167724,19.70057629334091,0.9426442057508452,0
ZNF585A,2145.0,0.0,0.0,0.0,1.0,0.0,1.0,0.0,0.0,1.0,0.0,4.0,4.0,1.0,1.0,0.4796163069544365,0.8320234317749471,268806.4,1018.0,-0.05965606,0.0,1.0,0.0,0.0,0.0,0.0,0.0,0.0,0.0,0.0,0.0,0.0,0.0,0.0,4.0,0.0,0.0,0.0,0.0,1.0,0.0,0.0,0.0,0.0,0.0,5.0,0.0,4,16.1262,35.12973219999998,22.330935529302888,0.385043639309862,0.4533517391304348,0.1507070597695651,23.0,-0.2592268181818182,0.0392967381941558,22.0,0.3584462222222221,0.1037392707785858,45.0,3.3116621772791843,0.0073997119636888,20.615901612523864,0.7763187152099652,0
RPLP0P2,2238.68889553429,0.3208800705605375,0.0382356092640028,0.0111035463036451,0.6124532202196571,0.0001446129959885,0.9998816304170584,0.0127215066592484,0.0033226538509632,0.992896298692298,0.0012833931419457,0.9706727286646546,1.088826814245475,0.9182620032207496,0.9997044148724084,0.5394479919602778,0.7533733180500214,629583.6997373265,461.2230183563257,0.0183775185055424,0.0001252330988384,19.717603668261564,0.0,0.0,0.0,0.0,0.0,0.0,0.0,0.0,0.0,0.0,0.0,0.0,0.0,0.0,0.0,1.0,0.0,0.0,0.0,0.0,0.0,0.0,0.0,1.0,0.0,1,5.786,0.0,22.330935529302888,0.385043639309862,0.2454585185185185,0.0314122881977207,27.0,-0.3181684210526315,0.0261164353584795,19.0,0.2754908695652175,0.0299060858036714,46.0,2.697213763407762,0.1832014722251919,20.615901612523864,0.7763187152099652,0
AMOT,3255.0,0.5,0.0,0.0,0.5,0.0,1.0,0.0,0.0,1.0,0.0,0.5,0.5,1.0,1.0,0.8071025020177562,0.9800682830080754,25416.69,461.3935969868173,0.01029887,0.0006336372434741,94.0,0.0,0.0,0.0,0.0,0.0,0.0,0.0,0.0,0.0,0.0,0.0,2.0,1.0,0.0,0.0,0.0,0.0,1.0,0.0,0.0,0.0,0.0,0.0,4.0,0.0,2,20.02475,124.20213691666665,22.31871256316692,0.1555111380642665,0.196503125,0.0080497838229166,16.0,-0.2863574193548387,0.0196380238731182,31.0,0.2557687234042553,0.017284603693987,47.0,3.410773886285291,0.026526396103398,20.04051520844096,0.6149292462485936,0
MTO1,2199.0,0.0,0.0,0.0,1.0,0.0,1.0,0.0,0.0,1.0,0.0,2.0,2.0,1.0,1.0,0.4240882103477524,0.7878769304983797,720190.0,139.0,0.02932627,7.664926928473123e-06,8.0,0.0,0.0,0.0,0.0,0.0,0.0,0.0,0.0,0.0,0.0,0.0,0.0,3.0,0.0,0.0,0.0,0.0,0.0,0.0,0.0,0.0,1.0,0.0,2.0,0.0,2,24.4,50.0,22.303856658382493,0.1147325505999,0.2566778947368421,0.016655654339766,19.0,-0.3336041379310344,0.0377935191179803,29.0,0.3031541666666668,0.030339361029078,48.0,3.391587568663896,0.0033314401220395,20.615901612523864,0.7763187152099652,0
OVCH1,3405.0,0.5,0.0,0.0,0.5,0.0,1.0,0.0,0.0,1.0,0.0,0.6666666666666666,0.6666666666666666,1.0,1.0,0.6784260515603799,0.9416416511310344,100194.5,539.0,-0.005158658,0.0,0.0,0.0,0.0,0.0,0.0,0.0,0.0,0.0,0.0,0.0,0.0,0.0,0.0,2.0,0.0,0.0,0.0,0.0,2.0,0.0,0.0,0.0,0.0,0.0,4.0,0.0,2,7.258500000000001,53.77620566666667,22.330935529302888,0.385043639309862,0.3582073076923077,0.1849901204524615,26.0,-0.2341158823529411,0.0413917907007353,17.0,0.3091479069767441,0.1296501377978959,43.0,0.6940515110608662,0.6097316822245696,20.615901612523864,0.7763187152099652,0
NAP1L2,1383.0,0.5,0.0,0.0,0.5,0.0,1.0,0.0,0.0,1.0,0.0,0.6666666666666666,0.6666666666666666,1.0,1.0,0.8110300081103001,0.9809004251274998,196409.6,461.3935969868173,-0.002809781,7.594616800939044e-07,4.0,0.0,0.0,0.0,0.0,0.0,0.0,0.0,0.0,0.0,0.0,0.0,0.0,2.0,0.0,0.0,0.0,0.0,2.0,0.0,0.0,0.0,0.0,0.0,4.0,0.0,4,12.8395,136.49794699999998,22.330935529302888,0.385043639309862,0.1653173333333333,0.0014999383066666,15.0,-0.2770462857142857,0.0191879276122689,35.0,0.2435276,0.0164176314798367,50.0,2.54474396801929,0.2104691335003755,20.615901612523864,0.7763187152099652,0
SEMA3A,2316.0,0.6666666666666666,0.0,0.0,0.3333333333333333,0.0,1.0,0.0,0.0,1.0,0.0,0.3333333333333333,0.3333333333333333,1.0,1.0,0.9345794392523364,0.9978118210035652,61349.73,601.0,-0.02719038,0.0,0.0,0.0,0.0,0.0,0.0,0.0,0.0,0.0,0.0,0.0,0.0,0.0,0.0,1.0,0.0,0.0,0.0,0.0,2.0,0.0,0.0,0.0,0.0,0.0,3.0,0.0,1,13.63,18.16090000000001,22.330935529302888,0.385043639309862,0.2465639999999999,0.0159842640673684,20.0,-0.249028,0.0179919416378947,20.0,0.2477959999999999,0.0165540672143589,40.0,2.847811342435788,0.0540664080182711,20.615901612523864,0.7763187152099652,0
TMEM140,558.0,1.0,0.0,0.0,0.0,0.0,1.0,0.0,0.0,1.0,0.0,0.0,0.0,1.0,1.0,1.0,1.0,464513.2,594.0,0.02049429,0.0,1.0,0.0,0.0,0.0,0.0,0.0,0.0,0.0,0.0,0.0,0.0,0.0,0.0,0.0,0.0,0.0,0.0,0.0,1.0,0.0,0.0,0.0,0.0,0.0,1.0,0.0,1,3.471,0.0,22.330935529302888,0.385043639309862,0.3049310526315789,0.0837492640877192,19.0,-0.2336204166666666,0.0157950871085144,24.0,0.2651297674418604,0.0458262047928017,43.0,3.3939952555490027,0.0051723289277301,20.615901612523864,0.7763187152099652,0
CBX5,576.0,0.0,0.0,0.0,1.0,0.0,1.0,0.0,0.0,1.0,0.0,1.0,1.0,1.0,1.0,0.5083884087442806,0.8523180169836919,753625.1,205.0,0.0587856,0.0020439901649828,155.0,0.0,0.0,0.0,0.0,0.0,0.0,0.0,0.0,0.0,0.0,0.0,0.0,1.0,0.0,0.0,0.0,0.0,0.0,0.0,0.0,0.0,0.0,0.0,1.0,0.0,1,25.9,0.0,27.05619412885425,0.097702781262871,0.1996533333333333,0.0205191172238095,15.0,-0.2055741666666667,0.0068608271384057,24.0,0.203296923076923,0.0117207963587044,39.0,3.6788029143923646,0.0028886046191609,22.454937095779226,0.5373248903865134,0
TMEFF2,1125.0,0.5,0.0,0.0,0.5,0.0,1.0,0.0,0.0,1.0,0.0,0.5,0.5,1.0,1.0,0.3155569580309246,0.6795254278033398,69320.23,677.0,-3.980122e-05,0.0,1.0,0.0,0.0,0.0,0.0,0.0,0.0,0.0,0.0,0.0,0.0,0.0,0.0,1.0,0.0,0.0,0.0,0.0,1.0,0.0,0.0,0.0,0.0,0.0,2.0,0.0,2,22.62,140.4488,22.330935529302888,0.385043639309862,0.2248794444444444,0.0188770260879084,18.0,-0.1969541176470588,0.0106805310507352,17.0,0.2113157142857142,0.0146651714428571,35.0,0.3282525127874692,0.4079465803479536,20.615901612523864,0.7763187152099652,0
ARHGAP12,2541.0,0.0,0.0,0.0,1.0,0.0,1.0,0.0,0.0,1.0,0.0,3.0,3.0,1.0,1.0,0.0114008185787739,0.0624088803370531,359237.4,346.0,0.02523136,1.0636051608784023e-06,5.0,0.0,0.0,0.0,0.0,0.0,0.0,0.0,0.0,0.0,0.0,0.0,0.0,3.0,0.0,0.0,0.0,0.0,0.0,0.0,0.0,0.0,0.0,0.0,3.0,0.0,3,27.5,24.25,24.53809602535848,0.1064055467507114,0.2644833333333333,0.0223467362144927,24.0,-0.2214023529411764,0.0169976810316176,17.0,0.2466204878048781,0.020110175074756,41.0,3.5568561675825285,0.0054266634458064,16.55960265415233,1.1014574260860897,0
TPRG1L,819.0,0.5,0.0,0.0,0.5,0.0,1.0,0.0,0.0,1.0,0.0,0.5,0.5,1.0,1.0,0.2338634237605238,0.5736711864272215,250026.8,288.0,0.01576167,0.0,0.0,0.0,0.0,0.0,0.0,0.0,0.0,0.0,0.0,0.0,0.0,0.0,0.0,1.0,0.0,0.0,0.0,0.0,1.0,0.0,0.0,0.0,0.0,0.0,2.0,0.0,2,18.925,83.85124999999996,23.912080491770062,0.1623726721263377,0.1806313333333333,0.0121066623266666,15.0,-0.2554702702702703,0.0190333986193693,37.0,0.2338821153846154,0.0179308647385746,52.0,3.489451569406193,0.0035600859517352,18.40723090574207,0.463290904406929,0
IL12RB2,2589.0,0.0,0.0,0.0,1.0,0.0,1.0,0.0,0.0,1.0,0.0,3.0,3.0,1.0,1.0,0.0515357658214801,0.2043640089869599,454381.4,466.0,-0.004277581,4.494355601655251e-07,4.0,0.0,0.0,0.0,0.0,0.0,0.0,0.0,0.0,0.0,0.0,0.0,0.0,3.0,0.0,0.0,0.0,0.0,0.0,0.0,0.0,0.0,0.0,0.0,3.0,0.0,2,18.332,105.44939200000002,22.330935529302888,0.385043639309862,0.2063431914893616,0.0150150911917668,47.0,-0.2553772727272727,0.0240684262818181,11.0,0.2156427586206896,0.0167159694203266,58.0,2.685732637343852,0.1681730782594707,20.615901612523864,0.7763187152099652,0
LAGE3,432.0,0.0,0.0,0.0,1.0,0.0,1.0,0.0,0.0,1.0,0.0,1.0,1.0,1.0,1.0,0.4750593824228028,0.8286534285673848,2163759.0,461.3935969868173,0.04195871,0.000141741965403,44.0,0.0,0.0,0.0,0.0,0.0,0.0,0.0,0.0,0.0,0.0,0.0,0.0,1.0,0.0,0.0,0.0,0.0,0.0,0.0,0.0,0.0,0.0,0.0,1.0,0.0,1,5.935,0.0,24.272503171684576,0.1463142096396129,0.257871875,0.0298454540429166,16.0,-0.2826729411764707,0.0248862421729055,34.0,0.2747366,0.026033061488204,50.0,3.3198595842029808,0.0233099452885754,20.615901612523864,0.7763187152099652,0
ARHGAP39,3345.0,0.3,0.1,0.0,0.5,0.0,1.0,0.0,0.1,1.0,0.0,1.25,1.75,0.357398141529664,1.0,0.6618133686300464,0.9349911868236944,1706542.0,291.0,0.01161611,0.0,1.0,0.0,0.0,0.0,0.0,0.0,0.0,0.0,0.0,0.0,1.0,0.0,0.0,6.0,1.0,0.0,0.0,0.0,3.0,0.0,0.0,1.0,1.0,0.0,9.0,0.0,5,18.259444444444444,131.90858327777778,20.72346380411357,0.1511251145930086,0.2679212512171164,0.0425464906885541,25.38823976441532,-0.2401433443723266,0.0208617512055182,26.91089579177353,0.2589266131112404,0.0327545155673512,52.26674266172699,3.314530631697704,0.0208271715763349,23.18435229986165,0.2581647998232142,0
TRIR,2238.68889553429,0.3208800705605375,0.0382356092640028,0.0111035463036451,0.6124532202196571,0.0001446129959885,0.9998816304170584,0.0127215066592484,0.0033226538509632,0.992896298692298,0.0012833931419457,0.9706727286646546,1.088826814245475,0.9182620032207496,0.9997044148724084,0.5394479919602778,0.7533733180500214,629583.6997373265,461.2230183563257,0.0183775185055424,0.0001252330988384,19.717603668261564,0.0,0.0,0.0,0.0,0.0,0.0,0.0,0.0,0.0,0.0,0.0,0.0,0.0,0.0,0.0,0.0,0.0,0.0,1.0,0.0,0.0,0.0,0.0,1.0,0.0,1,23.6,0.0,22.330935529302888,0.385043639309862,0.2679212512171164,0.0425464906885541,25.38823976441532,-0.2401433443723266,0.0208617512055182,26.91089579177353,0.2589266131112404,0.0327545155673512,52.26674266172699,2.697213763407762,0.1832014722251919,20.615901612523864,0.7763187152099652,0
RIPK3,2238.68889553429,0.3208800705605375,0.0382356092640028,0.0111035463036451,0.6124532202196571,0.0001446129959885,0.9998816304170584,0.0127215066592484,0.0033226538509632,0.992896298692298,0.0012833931419457,0.9706727286646546,1.088826814245475,0.9182620032207496,0.9997044148724084,0.5394479919602778,0.7533733180500214,629583.6997373265,461.2230183563257,0.0183775185055424,0.0001252330988384,19.717603668261564,0.0,0.0,0.0,0.0,0.0,0.0,0.0,0.0,0.0,0.0,0.0,1.0,0.0,0.0,0.0,0.0,0.0,0.0,0.0,0.0,0.0,0.0,0.0,1.0,0.0,1,5.07,0.0,22.805287403932404,0.2585798887943695,0.2539024137931034,0.0324954357618226,29.0,-0.1983821739130435,0.0123762019450592,23.0,0.2293453846153845,0.0239546587547511,52.0,3.10098312776331,0.0577579972185516,23.92196413174021,0.3650831830058132,0
IGLV5-48,2238.68889553429,0.3208800705605375,0.0382356092640028,0.0111035463036451,0.6124532202196571,0.0001446129959885,0.9998816304170584,0.0127215066592484,0.0033226538509632,0.992896298692298,0.0012833931419457,0.9706727286646546,1.088826814245475,0.9182620032207496,0.9997044148724084,0.5394479919602778,0.7533733180500214,629583.6997373265,461.2230183563257,0.0183775185055424,0.0001252330988384,19.717603668261564,0.0,0.0,0.0,0.0,0.0,0.0,0.0,0.0,0.0,0.0,0.0,0.0,0.0,0.0,0.0,3.0,0.0,0.0,0.0,0.0,0.0,0.0,0.0,3.0,0.0,2,10.248666666666669,46.17896533333334,22.330935529302888,0.385043639309862,0.2679212512171164,0.0425464906885541,25.38823976441532,-0.2401433443723266,0.0208617512055182,26.91089579177353,0.2589266131112404,0.0327545155673512,52.26674266172699,2.697213763407762,0.1832014722251919,20.615901612523864,0.7763187152099652,0
TMEM187,786.0,1.0,0.0,0.0,0.0,0.0,1.0,0.0,0.0,1.0,0.0,0.0,0.0,1.0,1.0,1.0,1.0,2355024.0,461.3935969868173,0.02519528,0.0,0.0,0.0,0.0,0.0,0.0,0.0,0.0,0.0,0.0,0.0,0.0,0.0,0.0,0.0,0.0,0.0,0.0,0.0,1.0,0.0,0.0,0.0,0.0,0.0,1.0,0.0,1,1.949,0.0,22.330935529302888,0.385043639309862,0.257871875,0.0298454540429166,16.0,-0.2826729411764707,0.0248862421729055,34.0,0.2747366,0.026033061488204,50.0,3.1689930209731587,0.0150280962924565,20.615901612523864,0.7763187152099652,0
CCDC33,2268.0,0.3333333333333333,0.0,0.0,0.6666666666666666,0.0,1.0,0.0,0.0,1.0,0.0,1.0,1.0,1.0,1.0,0.2360160490913382,0.5767891129677655,604483.4,222.0,0.04536706,0.0004639839289297,93.0,0.0,0.0,0.0,0.0,0.0,0.0,0.0,0.0,0.0,0.0,0.0,0.0,2.0,0.0,0.0,0.0,0.0,1.0,0.0,0.0,0.0,0.0,0.0,3.0,0.0,1,17.456333333333333,173.5538203333333,22.330935529302888,0.385043639309862,0.2355858333333332,0.0280646188446969,12.0,-0.2334575757575757,0.0157235560751893,33.0,0.234025111111111,0.0184523741164646,45.0,0.618234656352074,0.6188954779836375,20.615901612523864,0.7763187152099652,0
ARHGEF38,2334.0,0.25,0.0,0.0,0.5,0.0,1.0,0.25,0.0,1.0,0.0,1.0,1.5,1.0,1.0,0.6381620931716656,0.9248008700535314,233591.5,486.0,0.01462434,0.0,0.0,0.0,0.0,0.0,0.0,0.0,0.0,1.0,0.0,0.0,0.0,0.0,0.0,2.0,0.0,0.0,0.0,0.0,1.0,0.0,0.0,1.0,0.0,0.0,3.0,0.0,4,17.536333333333335,86.07322033333335,20.478949319523952,0.5104219159464377,0.1985396428571429,0.0414983135072751,28.0,-0.2687673333333333,0.0245510424638095,15.0,0.2230376744186046,0.0360081281944629,43.0,3.18523153560519,0.2796521438025391,19.52900304677843,1.7124573681152018,0
CTBP1,2238.68889553429,0.3208800705605375,0.0382356092640028,0.0111035463036451,0.6124532202196571,0.0001446129959885,0.9998816304170584,0.0127215066592484,0.0033226538509632,0.992896298692298,0.0012833931419457,0.9706727286646546,1.088826814245475,0.9182620032207496,0.9997044148724084,0.5394479919602778,0.7533733180500214,629583.6997373265,461.2230183563257,0.0183775185055424,0.0001252330988384,19.717603668261564,0.0,0.0,0.0,0.0,0.0,0.0,0.0,0.0,0.0,0.0,0.0,1.0,0.0,0.0,0.0,0.0,0.0,0.0,0.0,0.0,0.0,0.0,0.0,1.0,0.0,1,0.456,0.0,26.134150162929043,0.0585975545825103,0.2179427777777777,0.0199425434683006,18.0,-0.2374420588235294,0.0222303611501782,34.0,0.2306923076923076,0.0211196093514328,52.0,3.5790724559125624,0.0053275157231821,20.615901612523864,0.7763187152099652,0
MOB3A,654.0,1.0,0.0,0.0,0.0,0.0,1.0,0.0,0.0,1.0,0.0,0.0,0.0,1.0,1.0,1.0,1.0,1853815.0,239.0,0.0371077,8.289344552445004e-06,7.0,0.0,0.0,0.0,0.0,0.0,0.0,0.0,0.0,0.0,0.0,0.0,0.0,0.0,0.0,0.0,0.0,0.0,1.0,0.0,0.0,0.0,0.0,0.0,1.0,0.0,1,0.339,0.0,22.3780044658039,0.1901550582404221,0.2001872727272727,0.0172176172218181,11.0,-0.2348141463414634,0.018193932134878,41.0,0.2274892307692308,0.0178496598739064,52.0,3.45626678660612,0.0045839980245846,18.274343072028792,0.5025711453706548,0
SETX,8034.0,0.25,0.0,0.0,0.75,0.0,1.0,0.0,0.0,1.0,0.0,1.5,1.5,1.0,1.0,0.2931691586045148,0.652889329650105,888857.5,429.0,0.03573706,5.119862142228924e-05,13.0,0.0,0.0,0.0,0.0,0.0,0.0,0.0,0.0,0.0,0.0,0.0,0.0,3.0,0.0,0.0,0.0,0.0,1.0,1.0,0.0,0.0,1.0,0.0,4.0,0.0,4,18.325,180.3049,23.283452348029883,0.0530857382329141,0.26025,0.0290815509230769,14.0,-0.2486051851851851,0.026802389102849,27.0,0.252581463414634,0.0269043115078048,41.0,3.664004505903652,0.0024150271480145,24.2720521144281,0.3529890853159562,0
BFSP2,1248.0,0.0,0.0,0.0,1.0,0.0,1.0,0.0,0.0,1.0,0.0,1.0,1.0,1.0,1.0,0.0682360968952575,0.2514351125324363,342401.5,497.0,0.01436848,1.788564306575606e-07,3.0,0.0,0.0,0.0,0.0,0.0,0.0,0.0,0.0,0.0,0.0,0.0,0.0,1.0,0.0,0.0,0.0,0.0,0.0,0.0,0.0,0.0,0.0,0.0,1.0,0.0,1,23.0,0.0,22.330935529302888,0.385043639309862,0.2101269696969696,0.0120482303592803,33.0,-0.200365,0.0137777773388888,10.0,0.2078567441860465,0.0121493978415282,43.0,1.6256348964060832,0.7313211819590608,20.615901612523864,0.7763187152099652,0
RAI1,5721.0,0.3,0.1,0.0,0.6,0.0,1.0,0.0,0.0,1.0,0.0,1.5,1.75,0.462962962962963,1.0,0.167000668002672,0.4658913604805249,1199281.0,260.0,0.01623834,2.523403958423929e-05,17.0,0.0,0.0,0.0,0.0,0.0,0.0,0.0,0.0,0.0,0.0,0.0,1.0,6.0,1.0,0.0,0.0,0.0,3.0,0.0,0.0,0.0,0.0,0.0,11.0,0.0,3,15.652454545454544,141.85854347272726,22.92581093542609,0.1243719605003186,0.3139554166666667,0.0664650153302536,24.0,-0.2329667391304347,0.0096106118802415,46.0,0.2607342857142856,0.029922033384265,70.0,3.4879184204791533,0.016496986148145,23.141398572599293,0.3022025241904495,0
YIPF7,843.0,0.0,0.0,0.0,1.0,0.0,1.0,0.0,0.0,1.0,0.0,1.0,1.0,1.0,1.0,0.081526169900538,0.2858985168110053,62950.46,1034.0,-0.0059869919999999,0.0,0.0,0.0,0.0,0.0,0.0,0.0,0.0,0.0,0.0,0.0,0.0,0.0,0.0,1.0,0.0,0.0,0.0,0.0,0.0,0.0,0.0,0.0,0.0,0.0,1.0,0.0,1,32.0,0.0,22.330935529302888,0.385043639309862,0.1772820833333334,0.0066880760259057,24.0,-0.2464858333333333,0.0177592642340579,24.0,0.2118839583333334,0.0131863560457003,48.0,0.4459224318841917,0.4237025929484256,20.615901612523864,0.7763187152099652,0
B3GAT3,1008.0,0.0,0.0,0.0,1.0,0.0,1.0,0.0,0.0,1.0,0.0,2.0,2.0,1.0,1.0,0.7052186177715092,0.9515144062834524,2695768.0,217.0,0.04235029,0.0001106006930307,20.0,0.0,0.0,0.0,0.0,0.0,0.0,0.0,0.0,0.0,0.0,0.0,0.0,2.0,0.0,0.0,0.0,0.0,0.0,0.0,0.0,0.0,0.0,0.0,2.0,0.0,2,17.71,40.32019999999999,22.14591860919009,0.195093749194424,0.2275688461538461,0.0280823311306153,26.0,-0.2883622222222222,0.0254399524300653,18.0,0.2524388636363637,0.0272987839544926,44.0,3.4243769259455665,0.0199117764775881,20.615901612523864,0.7763187152099652,0
MBOAT2,1563.0,0.0,0.0,0.0,1.0,0.0,1.0,0.0,0.0,1.0,0.0,1.0,1.0,1.0,1.0,0.0952653138992093,0.3192425933174868,438336.4,469.0,0.02503872,0.0,0.0,0.0,0.0,0.0,0.0,0.0,0.0,0.0,0.0,0.0,0.0,0.0,0.0,1.0,0.0,0.0,0.0,0.0,0.0,0.0,0.0,0.0,0.0,0.0,1.0,0.0,1,31.0,0.0,22.550156463239272,0.979400851992388,0.2243483333333333,0.0094531000231884,24.0,-0.194815,0.0072884417441176,18.0,0.2116911904761904,0.008543809586353,42.0,3.589893591888371,0.0141928591804103,21.643644451726328,1.704888859623323,0
RXFP1,2355.0,0.0,0.0,0.0,1.0,0.0,1.0,0.0,0.0,1.0,0.0,1.0,1.0,1.0,1.0,0.2994908655286014,0.6605784249660129,151975.7,534.0,-0.009605049,0.0,1.0,0.0,0.0,0.0,0.0,0.0,0.0,0.0,0.0,0.0,0.0,0.0,0.0,1.0,0.0,0.0,0.0,0.0,0.0,0.0,0.0,0.0,0.0,0.0,1.0,0.0,1,22.2,0.0,22.330935529302888,0.385043639309862,0.182203,0.0101150713596551,30.0,-0.2535531578947368,0.015856654722807,19.0,0.209869387755102,0.0132911851767006,49.0,1.7698945582994328,0.5484345107754235,20.615901612523864,0.7763187152099652,0
C10ORF88,1338.0,0.0,0.0,0.0,1.0,0.0,1.0,0.0,0.0,1.0,0.0,3.0,3.0,1.0,1.0,0.2201188641866608,0.5532880446351015,282373.8,619.0,0.0128408999999999,3.2968612169571223e-06,6.0,0.0,0.0,0.0,0.0,0.0,0.0,0.0,0.0,0.0,0.0,0.0,0.0,3.0,0.0,0.0,0.0,0.0,0.0,0.0,0.0,0.0,0.0,0.0,3.0,0.0,3,15.298000000000002,165.534292,19.5294774759885,0.1927123458489031,0.1860166666666667,0.0108278440604166,33.0,-0.2138525,0.0108202694513157,20.0,0.1965207547169811,0.010802403864804,53.0,3.2374234958276875,0.002765901858885,18.84494226630577,0.5225398562135897,0
TOP1,2238.68889553429,0.3208800705605375,0.0382356092640028,0.0111035463036451,0.6124532202196571,0.0001446129959885,0.9998816304170584,0.0127215066592484,0.0033226538509632,0.992896298692298,0.0012833931419457,0.9706727286646546,1.088826814245475,0.9182620032207496,0.9997044148724084,0.5394479919602778,0.7533733180500214,629583.6997373265,461.2230183563257,0.0183775185055424,0.0001252330988384,19.717603668261564,0.0,0.0,0.0,0.0,0.0,0.0,0.0,0.0,0.0,0.0,0.0,1.0,0.0,0.0,0.0,0.0,0.0,0.0,0.0,0.0,0.0,0.0,0.0,1.0,0.0,1,13.52,0.0,26.70633160230189,0.1279860958308563,0.2312333333333333,0.0101248162533333,21.0,-0.2145721052631578,0.0303824322286549,19.0,0.22331925,0.0192858751404487,40.0,3.674011091982194,0.003177949070815,21.517171750175343,0.6713673801123169,0
MYRFL,2697.0,0.5,0.0,0.0,0.5,0.0,1.0,0.0,0.0,1.0,0.0,0.5,0.5,1.0,1.0,0.6711409395973155,0.938775919434475,629341.2502462703,461.3935969868173,0.0183554222686853,0.0,0.0,0.0,0.0,0.0,0.0,0.0,0.0,0.0,0.0,0.0,0.0,0.0,0.0,1.0,0.0,0.0,0.0,0.0,1.0,0.0,0.0,0.0,0.0,0.0,2.0,0.0,2,4.2765,20.7690125,22.330935529302888,0.385043639309862,0.232665,0.0251521139736842,20.0,-0.2014057142857142,0.0070162783357142,21.0,0.2166541463414634,0.015705637229878,41.0,2.4217178572206124,0.3381623345847463,20.615901612523864,0.7763187152099652,0
ADAL,987.0,0.0,0.0,0.0,1.0,0.0,1.0,0.0,0.0,1.0,0.0,1.0,1.0,1.0,1.0,0.4178854993731717,0.7825105762332787,823005.6,415.0,0.04997467,3.137483154601817e-07,3.0,0.0,0.0,0.0,0.0,0.0,0.0,0.0,0.0,0.0,0.0,0.0,0.0,1.0,0.0,0.0,0.0,0.0,0.0,0.0,0.0,0.0,0.0,0.0,1.0,0.0,1,20.1,0.0,21.90225481725504,0.1593328605730553,0.18724,0.0167272324333333,7.0,-0.2780249999999999,0.0256210459589743,40.0,0.264503829787234,0.0249714122719703,47.0,3.170974187464556,0.0094678557639359,20.615901612523864,0.7763187152099652,0
USP53,3222.0,0.0,0.0,0.0,1.0,0.0,1.0,0.0,0.0,1.0,0.0,2.0,2.0,1.0,1.0,0.00555,0.034376463299292,227904.8,753.0,0.002425971,1.915172840858904e-05,24.0,0.0,2.0,0.0,0.0,0.0,0.0,0.0,0.0,0.0,0.0,0.0,0.0,2.0,0.0,0.0,0.0,0.0,0.0,0.0,0.0,0.0,0.0,0.0,4.0,0.0,4,21.66475,127.62230358333332,19.64984340549397,0.2208975900634734,0.1639803448275862,0.0053491801891625,29.0,-0.2437568749999999,0.0157790183295833,16.0,0.1923453333333333,0.0102746652436363,45.0,3.505739811401921,0.0184620087439579,15.776856829138737,0.6424681969884796,0
NLRP6,2679.0,0.3333333333333333,0.0,0.0,0.6666666666666666,0.0,1.0,0.0,0.0,1.0,0.0,1.0,1.0,1.0,1.0,0.6049606775559588,0.9090089648148136,1463610.0,437.0,0.02358343,0.0,0.0,0.0,0.0,0.0,0.0,0.0,0.0,0.0,0.0,0.0,0.0,0.0,0.0,2.0,0.0,0.0,0.0,0.0,1.0,0.0,0.0,0.0,0.0,0.0,3.0,0.0,3,12.277333333333331,165.97290133333334,22.330935529302888,0.385043639309862,0.1784686363636364,0.0046734130313852,22.0,-0.2693432352941177,0.0169842705013369,34.0,0.2336424999999999,0.0139805174590909,56.0,1.5511759305400714,0.6733986029298804,20.615901612523864,0.7763187152099652,0
RASL12,801.0,0.5,0.0,0.0,0.5,0.0,1.0,0.0,0.0,1.0,0.0,0.5,0.5,1.0,1.0,0.5995203836930456,0.9062501822161602,688371.5,189.0,0.04449525,4.020531334089463e-06,3.0,0.0,0.0,0.0,0.0,0.0,0.0,0.0,0.0,0.0,0.0,0.0,0.0,1.0,0.0,0.0,0.0,0.0,1.0,0.0,0.0,0.0,0.0,0.0,2.0,0.0,1,12.3335,12.465024499999997,19.03287492975488,0.1663956022327503,0.1491322222222222,0.0024038748194444,9.0,-0.2341021212121212,0.0143653747734848,33.0,0.2158942857142856,0.0129262898397212,42.0,3.0273484413935283,0.0195781828443591,18.09963935153021,0.4555221126928757,0
ESPL1,6363.0,1.0,0.0,0.0,0.0,0.0,1.0,0.0,0.0,1.0,0.0,0.0,0.0,1.0,1.0,1.0,1.0,1677275.0,191.0,0.04860288,2.0386402405814143e-05,16.0,0.0,0.0,0.0,0.0,0.0,0.0,0.0,0.0,0.0,0.0,0.0,0.0,0.0,0.0,0.0,0.0,0.0,1.0,0.0,0.0,0.0,0.0,0.0,1.0,0.0,1,9.156,0.0,17.52589949500144,0.5729419464975612,0.1781499999999999,0.0074530316666666,16.0,-0.2192765217391304,0.0113860811509881,23.0,0.2024041025641025,0.0099539223774628,39.0,3.2598619909464737,0.0338980356495879,22.39507430884177,1.807573193330441,0
FAM160A2,2961.0,0.5,0.0,0.0,0.5,0.0,1.0,0.0,0.0,1.0,0.0,0.6666666666666666,0.6666666666666666,1.0,1.0,0.3834355828220859,0.7509906610676406,466635.9,728.0,0.003972145,2.549780144747889e-06,9.0,0.0,0.0,0.0,0.0,0.0,0.0,0.0,0.0,0.0,0.0,0.0,0.0,2.0,0.0,0.0,0.0,0.0,2.0,0.0,0.0,0.0,0.0,0.0,4.0,0.0,2,16.32775,116.54102825,21.910595278300978,0.0617182802837713,0.1668377272727272,0.0044148422183982,22.0,-0.2481672727272728,0.0155092344267045,33.0,0.2156354545454545,0.0125244170696969,55.0,3.468928201661788,0.0067077486159369,22.14614621218341,0.270788640026666,0
TGFBR3,2556.0,0.0,0.0,0.0,1.0,0.0,1.0,0.0,0.0,1.0,0.0,3.0,3.0,1.0,1.0,0.039396446440531,0.1668076924953896,284037.2,252.0,0.0006636017,3.6755713332425534e-05,13.0,0.0,0.0,0.0,0.0,0.0,0.0,0.0,0.0,0.0,0.0,0.0,0.0,3.0,0.0,0.0,0.0,0.0,0.0,0.0,0.0,0.0,0.0,0.0,3.0,0.0,3,25.53333333333333,18.50333333333332,20.91775898674512,0.5260073425867519,0.2338220454545455,0.0220254466957188,43.0,-0.254014,0.0223739999114285,15.0,0.238955593220339,0.0218084670112799,58.0,3.3633847025294097,0.05412066095601,20.615901612523864,0.7763187152099652,0
TF,2097.0,0.3333333333333333,0.3333333333333333,0.0,0.3333333333333333,0.0,1.0,0.0,0.0,1.0,0.0,0.5,1.0,0.230361667818475,1.0,0.4420866489832007,0.8029396011025326,489558.5,523.0,0.02611152,0.0001965507924614,34.0,0.0,0.0,0.0,0.0,0.0,0.0,0.0,0.0,0.0,0.0,0.0,0.0,1.0,1.0,0.0,0.0,0.0,1.0,0.0,0.0,0.0,0.0,0.0,3.0,0.0,3,26.513,287.23190700000004,22.330935529302888,0.385043639309862,0.2158305882352941,0.0127891954602495,34.0,-0.1966466666666667,0.0153444569749999,9.0,0.2118153488372093,0.0130337633159468,43.0,2.955004392583963,0.1186135229235708,20.615901612523864,0.7763187152099652,0
OR4P4,939.0,0.0,0.0,0.0,1.0,0.0,1.0,0.0,0.0,1.0,0.0,1.0,1.0,1.0,1.0,0.7485029940119761,0.965329397540759,1295.231,1091.0,-0.02045164,0.0,0.0,0.0,0.0,0.0,0.0,0.0,0.0,0.0,0.0,0.0,0.0,0.0,0.0,1.0,0.0,0.0,0.0,0.0,0.0,0.0,0.0,0.0,0.0,0.0,1.0,0.0,1,1.949,0.0,22.330935529302888,0.385043639309862,0.1958070967741935,0.0329924189279569,31.0,-0.3218364705882353,0.0338366661617647,17.0,0.2404425,0.0362882075723404,48.0,0.0,0.0,20.615901612523864,0.7763187152099652,0
APOC3,300.0,0.3333333333333333,0.0,0.0,0.6666666666666666,0.0,1.0,0.0,0.0,1.0,0.0,1.0,1.0,1.0,1.0,0.343878954607978,0.7109578953477556,421374.5,323.0,0.03901529,3.438053277702424e-06,5.0,0.0,0.0,0.0,0.0,0.0,0.0,0.0,0.0,0.0,0.0,0.0,0.0,2.0,0.0,0.0,0.0,0.0,1.0,0.0,0.0,0.0,0.0,0.0,3.0,0.0,2,12.350333333333332,52.17760033333333,28.152369701530525,0.6139134305239922,0.2077612499999999,0.0256080859839285,8.0,-0.3124727083333333,0.0256448010627216,48.0,0.2975139285714285,0.0265408604133766,56.0,0.1540559133236699,0.2084728621439938,20.615901612523864,0.7763187152099652,0
CACNA1E,6942.0,0.3529411764705882,0.0,0.0,0.6470588235294118,0.0,1.0,0.0,0.0,0.9712175832802088,0.0,1.5714285714285714,1.5714285714285714,1.0,1.0,0.1273723092599668,0.3898409008044985,111355.8,832.0,0.0096536219999999,4.110081547836592e-07,2.0,0.0,0.0,0.0,0.0,0.0,0.0,0.0,0.0,0.0,0.0,0.0,0.0,11.0,0.0,0.0,0.0,0.0,6.0,0.0,0.0,0.0,0.0,0.0,17.0,0.0,8,20.62517647058824,104.59021315441176,22.330935529302888,0.385043639309862,0.2824808333333333,0.0207827956049295,72.0,-0.189602,0.0110656811699999,5.0,0.2764497402597403,0.020528589428879,77.0,2.038191761163436,0.4745285037456408,20.615901612523864,0.7763187152099652,0
COL11A1,5457.0,0.2666666666666666,0.0666666666666666,0.0,0.6666666666666666,0.0,1.0,0.0,0.0,1.0,0.0,2.0,2.2,0.7861635220125787,1.0,0.7347538574577517,0.9612194883683536,37620.0,742.0,-0.01974511,0.0,1.0,0.0,0.0,0.0,0.0,0.0,0.0,0.0,0.0,0.0,0.0,0.0,0.0,11.0,1.0,0.0,0.0,0.0,3.0,1.0,0.0,0.0,0.0,0.0,16.0,0.0,3,23.9571875,103.44485136250002,24.672394784771985,1.1688517416632442,0.201928947368421,0.0119685006096728,38.0,-0.2576935294117646,0.0220332596492647,17.0,0.2191652727272727,0.0154053959846464,55.0,3.6559852884838726,0.0740903509059411,16.661219934060608,0.904610042601317,0
DST,15516.0,0.125,0.125,0.0,0.625,0.0,1.0,0.125,0.0,0.9166666666666666,0.0,2.5,3.5,0.432338953739732,1.0,0.4416961130742049,0.8026206538608376,403209.3,446.0,0.02327611,0.0003301431741445,42.0,0.0,0.0,0.0,0.0,0.0,0.0,0.0,1.0,0.0,0.0,0.0,3.0,10.0,1.0,0.0,0.0,0.0,2.0,0.0,0.0,0.0,1.0,1.0,15.0,0.0,8,16.9106,132.6781021142857,23.672546815798007,0.3151215162945219,0.2378997142857143,0.0140082563322689,34.0,-0.2035025,0.0066262566214285,8.0,0.2315002325581396,0.0126278300880398,42.0,3.743301393905029,0.0138484774605649,21.81501782451498,0.420700708787063,0
TTN,107976.0,0.2395833333333333,0.03125,0.0,0.7291666666666666,0.0,1.0,0.0,0.0,0.9924783052079476,0.0,2.9166666666666665,3.0416666666666665,0.8952551477170994,1.0,0.0487044613286577,0.1958885955921516,172693.3,713.0,0.02289211,0.0004407189879804,46.0,0.0,0.0,0.0,0.0,0.0,0.0,0.0,0.0,0.0,0.0,0.0,9.0,71.0,3.0,0.0,0.0,0.0,23.0,0.0,0.0,0.0,1.0,0.0,105.0,0.0,37,18.36972380952381,145.32390189413923,25.228279837594503,1.108534358375426,0.2435730434782608,0.0346078930494071,23.0,-0.1826741176470588,0.0077649450382353,17.0,0.2176909999999999,0.0236375668348717,40.0,3.2701941717473586,0.026619213299643,18.86122876147837,1.736670332254784,0
