Hugo_Symbol,gene length,silent,nonsense,splice site,missense,recurrent missense,normalized missense position entropy,frameshift indel,inframe indel,normalized mutation entropy,lost start and stop,missense to silent,non-silent to silent,inactivating p-value,entropy p-value,vest p-value,combined p-value,expression_CCLE,replication_time,HiC_compartment,gene_betweeness,gene_degree,3'UTR,5'Flank,5'UTR,COULD_NOT_DETERMINE,DE_NOVO_START_IN_FRAME,DE_NOVO_START_OUT_FRAME,Frame_Shift_Del,Frame_Shift_Ins,IGR,In_Frame_Del,In_Frame_Ins,Intron,Missense_Mutation,Nonsense_Mutation,Nonstop_Mutation,RNA,START_CODON_INS,START_CODON_SNP,Silent,Splice_Site,Translation_Start_Site,DEL,DNP,INS,ONP,SNP,TNP,pnum,cadd_mean,cadd_var,proteome_mean,proteome_var,amp_mean,amp_var,amp_freq,del_mean,del_var,del_freq,abs_mean,abs_var,abs_freq,exp_mean,exp_var,methy_mean,methy_var,Phosphoproteome_mean,Phosphoproteome_var,gene_desc,class
PARP1,3045,0.1666666666666666,0.0555555555555555,0.0,0.7777777777777778,0.0,1.0,0.0,0.0,1.0,0.0,3.5,3.75,0.8257638315441783,1.0,0.0647291086801734,0.2419279096595192,805195.2,409.0,0.0093386359999999,0.002283730945466,213.0,0.0,0.0,0.0,0.0,0.0,0.0,0.0,0.0,0.0,0.0,0.0,1.0,13.0,1.0,0.0,0.0,0.0,0.0,3.0,0.0,0.0,0.0,0.0,0.0,0.0,18.0,0.0,17.0,22.19688889,110.3684541,27.928362961625503,0.6050640521816668,0.2870185054347826,0.026405097886316,368.0,-0.2381015217391304,0.021468008119855,46.0,0.2815832850241545,0.0260401286637587,414.0,3.7327049880752106,0.0042804734183739,0.0328020563699224,0.0075852403991502,23.39539970195024,0.4648410121293552,"Yes, there is a relationship between the PARP1 gene and cancer. PARP1 (Poly(ADP-ribose) polymerase 1) plays a crucial role in DNA repair mechanisms, particularly in the recognition and repair of single-strand DNA breaks via the base excision repair pathway. When PARP1 is hyperactivated due to the presence of DNA damage, it can lead to cellular stress and altered genomic stability. In cancer cells, particularly those with defects in homologous recombination repair (e.g., BRCA1/2 mutations), the reliance on PARP1 for DNA repair processes can create a vulnerability that leads to synthetic lethality, wherein inhibition of PARP1 results in increased tumor cell death. Moreover, aberrant expression or mutations in the PARP1 gene itself can also contribute to tumorigenesis by promoting survival and proliferation of cancer cells through enhanced DNA repair capabilities, thereby facilitating genomic instability and tumor progression.",1
TACSTD2,972,0.1666666666666666,0.0,0.0,0.6666666666666666,0.0,1.0,0.0,0.1666666666666666,1.0,0.0,2.0,2.5,1.0,1.0,0.5973715651135006,0.9051469367188074,301268.9,564.0,-0.004524627,4.4993499195976426e-08,2.0,0.0,0.0,0.0,0.0,0.0,0.0,0.0,0.0,0.0,1.0,0.0,0.0,4.0,0.0,0.0,0.0,0.0,0.0,1.0,0.0,0.0,1.0,0.0,0.0,0.0,5.0,0.0,6.0,16.9138,63.9050132,25.353013099159146,2.6343514759145816,0.2195980991735536,0.0173531293838567,121.0,-0.227431052631579,0.0137849526941241,190.0,0.2243835048231511,0.0151363455879991,311.0,3.47208242987578,0.2722058916761273,0.3830335200374883,0.0338635114227879,19.30763268934855,2.842021977179783,"Yes, there is a relationship between the TACSTD2 gene and cancer. TACSTD2, also known as tumor-associated calcium signal transducer 2, has been implicated in various malignancies through its role in cellular processes such as cell adhesion, signaling, and differentiation. Overexpression of TACSTD2 has been observed in certain cancers, suggesting a potential contribution to tumor progression and metastasis. The gene may influence tumor microenvironment interactions and promote survival signaling pathways, thereby supporting cancer cell proliferation and resistance to apoptosis. Additionally, TACSTD2's involvement in epithelial-mesenchymal transition (EMT) could facilitate the invasive characteristics of cancer cells, allowing for enhanced metastatic capabilities.",1
TNFRSF8,1788,0.3636363636363636,0.0,0.0,0.6363636363636364,0.0,1.0,0.0,0.0,1.0000000000000002,0.0,1.4,1.4,1.0,1.0,0.2865329512893982,0.6446709845886349,517022.3,191.0,0.03518933,0.0001111894655261,12.0,0.0,0.0,0.0,0.0,0.0,0.0,0.0,0.0,0.0,0.0,0.0,0.0,7.0,0.0,0.0,0.0,0.0,0.0,4.0,0.0,0.0,0.0,0.0,0.0,0.0,11.0,0.0,11.0,10.02336364,109.2132993,14.972722574603106,1.054146492404464,0.2307295833333332,0.0173328036650877,96.0,-0.2583604330708662,0.0175291292705627,254.0,0.2507816857142858,0.0175778667332533,350.0,2.555112760591753,0.1173550423358906,0.2163788600820115,0.0315163536634424,15.903564364047751,1.3482483559529608,"Yes, there is a relationship between the TNFRSF8 gene, which encodes the protein CD30, and cancer. CD30 is a member of the tumor necrosis factor receptor superfamily and is involved in several key immune processes, such as lymphocyte activation and differentiation. Abnormal expression of CD30 has been associated with various hematological malignancies, particularly Hodgkin lymphoma and anaplastic large cell lymphoma. The interaction of CD30 with its ligand, CD153, can promote cell survival, proliferation, and further immune evasion, potentially facilitating tumor growth. Additionally, the signaling pathways activated by CD30 can influence the tumor microenvironment, affecting immune cell infiltration and contributing to tumorigenesis. Thus, altered CD30 signaling may play a significant role in the pathogenesis of certain cancers.",1
AXL,2685,0.1538461538461538,0.1153846153846153,0.0,0.6538461538461539,0.0,1.0,0.0384615384615384,0.0384615384615384,0.9345396758297344,0.0,3.4,4.4,0.2456398919184476,1.0,0.2320724065908563,0.5710619305253427,1180169.0,214.0,0.01469951,5.215080999939152e-05,17.0,0.0,0.0,3.0,0.0,0.0,1.0,0.0,1.0,0.0,0.0,1.0,0.0,16.0,3.0,0.0,0.0,0.0,0.0,4.0,2.0,0.0,1.0,0.0,2.0,0.0,28.0,0.0,27.0,22.40267857,125.8315463,20.33993727516188,1.6648322482999227,0.2709261000000002,0.0259911787083316,200.0,-0.2456709803921569,0.0169046819246903,152.0,0.2599798300283287,0.0221506991107664,352.0,3.52039138390798,0.0235935028483495,0.1236395655866867,0.0094793608061652,19.121462912543755,2.0590142600941577,"Yes, there is a recognized relationship between the AXL gene and cancer. AXL encodes a receptor tyrosine kinase that is involved in several cellular processes, including proliferation, migration, and survival. In many cancers, AXL is found to be overexpressed or constitutively activated, leading to enhanced tumor growth and metastasis. Mechanistically, AXL activation can promote epithelial-to-mesenchymal transition (EMT), a process that facilitates invasion and dissemination of cancer cells. Additionally, AXL interacts with various signaling pathways, including those mediated by phosphatidylinositol 3-kinase (PI3K) and mitogen-activated protein kinase (MAPK), further supporting oncogenic processes. Overall, AXL's role in modulating immune responses and promoting resistance to therapies has also made it a significant focus in cancer research.",1
CD33,1095,0.4347826086956521,0.0,0.0434782608695652,0.5217391304347826,0.0,1.0,0.0,0.0,0.9999999999999998,0.0,1.0909090909090908,1.181818181818182,0.8818342151675485,1.0,0.9337068160597572,0.9977523729837644,352763.4,629.0,0.0006801719,1.3832637731750557e-05,10.0,0.0,0.0,0.0,0.0,0.0,0.0,0.0,0.0,0.0,0.0,0.0,2.0,11.0,0.0,0.0,0.0,0.0,0.0,9.0,2.0,0.0,0.0,0.0,0.0,0.0,24.0,0.0,21.0,6.491708333,48.38449909,20.26013516700216,1.5498204815682175,0.2731564480874318,0.038920402676875,183.0,-0.2596664912280703,0.0222257020076161,171.0,0.2666401129943502,0.0308157769348313,354.0,2.962736640035086,0.0365370137332385,0.111514500398345,0.0145173604745375,21.31550994447253,3.1288091172577164,"Yes, there is a relationship between the CD33 gene and cancer, particularly in the context of acute myeloid leukemia (AML). CD33 is a cell surface receptor that plays a role in myeloid cell differentiation and function. Its expression can influence tumor immune evasion and the tumor microenvironment. Increased CD33 expression on leukemic blasts is associated with poor prognosis, as it can modulate immune responses by dampening the activation of immune cells such as T cells and natural killer cells. Additionally, CD33 is involved in signaling pathways that promote cell survival and proliferation, potentially contributing to leukemogenesis. The understanding of its role in cancer emphasizes the complex interplay between immune modulation and cancer biology.",1
CEBPA,1077,0.2727272727272727,0.0,0.0,0.7272727272727273,0.0,1.0,0.0,0.0,1.0000000000000002,0.0,2.0,2.0,1.0,1.0,0.0347584289190128,0.1515235723866338,355217.2,510.0,-0.0094706269999999,0.0006817883818713,94.0,0.0,0.0,0.0,0.0,0.0,0.0,0.0,0.0,0.0,0.0,0.0,0.0,8.0,0.0,0.0,0.0,0.0,0.0,3.0,0.0,0.0,0.0,0.0,0.0,0.0,11.0,0.0,11.0,21.637,91.526397,20.75244608183587,2.5278479143354065,0.3277723555555557,0.073786742644873,225.0,-0.3009048701298701,0.0560559874238392,154.0,0.3168552242744062,0.0665893981430051,379.0,3.30940156998415,0.0385424993912879,0.111514500398345,0.0145173604745375,15.86455993744548,4.465912619195087,"Yes, there is a relationship between the CEBPA gene and cancer, particularly acute myeloid leukemia (AML). CEBPA encodes a transcription factor that plays a critical role in regulating myeloid differentiation and proliferation. Mutations in CEBPA can lead to the loss of function or the production of truncated proteins, which disrupt normal hematopoiesis and enable the proliferation of immature myeloid cells. These alterations can contribute to the leukemogenic process by impairing differentiation and promoting the survival of malignant cells. Additionally, aberrant expression of CEBPA may influence the expression of other genes involved in cell cycle regulation and apoptosis, further facilitating tumorigenesis. The dysregulation of CEBPA is therefore implicated in the pathogenesis of certain leukemias, reflecting its potential as a critical regulator of cell fate in hematopoietic cells.",1
KEAP1,1875,0.1176470588235294,0.0392156862745098,0.0,0.7647058823529411,0.0,1.0,0.0588235294117647,0.0196078431372549,0.9391288474840984,0.0,5.571428571428571,6.428571428571429,0.5288207297726071,1.0,0.0063799999999999,0.0386282662187702,1996822.0,207.0,0.0303180999999999,0.0006135660927849,90.0,0.0,0.0,0.0,0.0,0.0,0.0,3.0,0.0,0.0,1.0,0.0,0.0,38.0,2.0,0.0,0.0,0.0,0.0,6.0,1.0,0.0,4.0,0.0,0.0,0.0,47.0,0.0,43.0,24.38012766,61.21831951,23.323038065315693,0.4868830897310828,0.334574588235294,0.0811068480084093,170.0,-0.2207648543689319,0.0131400284182713,206.0,0.2722213829787232,0.0469524038066156,376.0,3.5523121435913114,0.0041279063980856,0.0489862349614228,0.012442072681936,15.71650152776039,1.5636369047412582,"Yes, there is a relationship between the KEAP1 gene and cancer. KEAP1 (Kelch-like ECH-associated protein 1) serves as a critical regulator of the Nrf2 (nuclear factor erythroid 2-related factor 2) pathway, which plays a vital role in cellular antioxidant defense and oxidative stress response. In many cancers, mutations or loss of function in the KEAP1 gene can lead to the stabilization and constitutive activation of Nrf2. This aberrant activation promotes tumorigenesis by enhancing cell survival, proliferation, and resistance to chemotherapeutic agents, while simultaneously reducing apoptosis. Furthermore, altered KEAP1-Nrf2 interactions may contribute to metabolic reprogramming and the inflammatory microenvironment characteristic of various malignancies, underscoring its potential role in cancer progression and development.",1
CCND1,888,0.0,0.2307692307692307,0.0,0.6923076923076923,0.0,1.0,0.0,0.0769230769230769,0.8180073353228107,0.0,9.0,13.0,0.0783208020050125,1.0,0.4426737494466578,0.8034184318219858,441430.8,536.0,0.04094218,0.0003046664827035,78.0,2.0,0.0,0.0,0.0,0.0,0.0,0.0,0.0,0.0,1.0,0.0,6.0,9.0,3.0,0.0,0.0,0.0,0.0,0.0,0.0,0.0,3.0,0.0,0.0,0.0,18.0,0.0,21.0,22.03627778,152.695051,20.79079934992069,2.1841942325172723,0.5608373662551445,0.4941682507145225,243.0,-0.2180182051282052,0.0167280911395937,78.0,0.4775355140186921,0.399425766152938,321.0,3.728439785845513,0.0228967187943182,0.1156929804221034,0.0142302050740811,18.69219580585901,1.3808359130453665,"Yes, there is a relationship between the CCND1 gene and cancer, particularly in various types of tumors, including breast and colorectal cancers. CCND1 encodes cyclin D1, a protein that plays a crucial role in regulating the cell cycle by promoting the transition from the G1 phase to the S phase. Overexpression or amplification of the CCND1 gene can lead to dysregulation of this cell cycle checkpoint, contributing to uncontrolled cell proliferation. This aberration can also result in genomic instability and increased tumorigenesis, as cyclin D1 interacts with cyclin-dependent kinases (CDKs) to modulate cell cycle progression and can influence pathways related to apoptosis and cellular differentiation. Additionally, cyclin D1 has been implicated in various signaling pathways, including those involving growth factors, further enhancing its role in cancer development and progression.",1
CD5,1488,0.375,0.0,0.0,0.625,0.0,1.0,0.0,0.0,1.0,0.0,1.25,1.25,1.0,1.0,0.8136696501220505,0.9814490077981268,805103.2,546.0,0.03716901,2.2469296669582327e-05,14.0,0.0,0.0,0.0,0.0,0.0,0.0,0.0,0.0,0.0,0.0,0.0,0.0,5.0,0.0,0.0,0.0,0.0,0.0,3.0,0.0,0.0,0.0,0.0,0.0,0.0,8.0,0.0,7.0,4.103875,47.42970041,21.26202676339088,1.1912013512626536,0.2194170212765956,0.0178846651182066,141.0,-0.2592100000000001,0.0235744539677419,125.0,0.2381167293233082,0.0208754940281302,265.0,2.954021546921875,0.0682144614216688,0.111514500398345,0.0145173604745375,21.45810308758888,1.5965327894962964,"Yes, there is a relationship between the CD5 gene and cancer. CD5 encodes a cell surface protein primarily expressed on T lymphocytes and some B cells, playing a critical role in regulating immune responses. Aberrant expression or function of CD5 has been implicated in various malignancies, including leukemias and lymphomas. In the context of cancer, altered CD5 signaling can influence T cell activation, leading to immune evasion by tumor cells, promoting tumor growth and metastasis. Additionally, CD5 can modulate the apoptotic pathways, affecting cell survival and proliferation. The dysregulation of CD5 may contribute to the sustained survival of cancerous cells, highlighting its potential role in tumorigenesis and the immune landscape of cancers.",1
FOLH1,2253,0.0,0.0571428571428571,0.0,0.8857142857142857,0.0,1.0,0.0571428571428571,0.0,0.9554379378528488,0.0,31.0,35.0,0.8802816901408451,1.0,0.0013,0.009939008318869,11046.46,1009.0,-0.01860155,5.092889825474118e-06,5.0,0.0,0.0,0.0,0.0,0.0,0.0,1.0,1.0,0.0,0.0,0.0,1.0,30.0,2.0,0.0,0.0,0.0,0.0,0.0,2.0,0.0,2.0,0.0,1.0,0.0,34.0,0.0,33.0,22.75817647,57.15866385,21.553835053231392,3.450090400195274,0.2113791428571428,0.0204443290035765,140.0,-0.2560938405797102,0.0235324194282079,136.0,0.2335756474820143,0.0223994750629366,274.0,3.14280319137872,0.0673354624987459,0.2074494351957714,0.0382963383217139,20.060674391099585,2.322449260305919,"Yes, there is a relationship between the FOLH1 gene and cancer. FOLH1 encodes the enzyme prostate-specific membrane antigen (PSMA), which is significantly overexpressed in various cancers, particularly prostate cancer. The increased expression of FOLH1 can promote tumor growth and metastasis by facilitating the uptake of folate, which is crucial for DNA synthesis and repair, thus supporting rapid cell proliferation. Moreover, PSMA has been implicated in the regulation of immune responses within the tumor microenvironment, potentially allowing cancer cells to evade immune detection. Additional mechanisms include its enzymatic activity, which may contribute to the alteration of local tissue microenvironments favoring tumor progression.",1
FOLR1,774,0.25,0.125,0.0,0.625,0.0,1.0,0.0,0.0,1.0,0.0,1.6666666666666667,2.0,0.3783579265985623,1.0,0.8818342151675485,0.9927259306045504,744547.5,182.0,0.05758644,7.3836782851689086e-06,13.0,0.0,0.0,0.0,0.0,0.0,0.0,0.0,0.0,0.0,0.0,0.0,0.0,5.0,0.0,0.0,0.0,0.0,0.0,2.0,0.0,0.0,0.0,0.0,0.0,0.0,7.0,0.0,7.0,10.66571429,162.4082902,23.448919440000616,8.308149209005288,0.36425288372093,0.1357679101131406,215.0,-0.2530022123893806,0.0605525527370259,113.0,0.3259256707317073,0.1123943829616281,328.0,2.906465573574337,0.5339006073280735,0.111514500398345,0.0145173604745375,17.021312884847326,7.744199089715377,"Yes, there is a relationship between the FOLR1 gene and cancer. FOLR1 encodes the folate receptor alpha, which plays a crucial role in cellular uptake of folate, a vital nutrient necessary for DNA synthesis and repair. Alterations in FOLR1 expression can lead to dysregulated folate metabolism, contributing to genomic instability and tumor progression. Overexpression of FOLR1 is observed in various cancers, including ovarian, breast, and lung cancers, where it may promote tumor growth and metastasis by enhancing the availability of folate for rapidly dividing cells. Additionally, FOLR1 can influence the tumor microenvironment and immune response, further implicating it in oncogenic processes. Overall, its role in folate transport and metabolism connects FOLR1 to cancer biology, highlighting its potential as a biomarker and therapeutic target.",1
HRAS,570,0.0,0.0,0.0,1.0,0.5384615384615384,0.5914937776373005,0.0,0.0,0.5499186769561745,0.0,13.0,13.0,1.0,0.00014,0.0,2.994151104045527e-08,1970020.0,236.0,0.0415969,0.0002641874316532,65.0,0.0,0.0,0.0,0.0,0.0,0.0,0.0,0.0,0.0,0.0,0.0,0.0,13.0,0.0,0.0,0.0,0.0,0.0,0.0,0.0,0.0,0.0,0.0,0.0,0.0,13.0,0.0,13.0,22.91461538,4.27644359,21.88701420269522,1.8204614569819408,0.2077229032258063,0.0197143791931287,124.0,-0.2629128205128203,0.0189384109842852,233.0,0.2437967597765363,0.0198442342628609,357.0,3.3112214269022435,0.010141856703948,0.0983650816899209,0.0073661008545425,20.060674391099585,2.322449260305919,"Yes, there is a well-established relationship between the HRAS gene and cancer. HRAS encodes a GTPase involved in cell signaling pathways that regulate proliferation, differentiation, and survival. When mutated, HRAS can lead to continuous activation of downstream signaling pathways such as the MAPK and PI3K-AKT pathways, promoting uncontrolled cell growth and division. These mutations are frequently found in various cancers, including head and neck squamous cell carcinoma, bladder cancer, and certain types of leukemia. The altered signaling due to HRAS mutations can disrupt normal cellular homeostasis and contribute to the oncogenic transformation of cells.",1
KMT2A,11919,0.1891891891891892,0.027027027027027,0.0,0.7297297297297297,0.0,1.0,0.0405405405405405,0.0135135135135135,0.9616764793119092,0.0,3.6,4.0,0.9823182711198428,1.0,0.3347840642785403,0.7011280680394953,1338034.0,192.0,0.04876435,0.0002295260094954,76.0,0.0,0.0,0.0,0.0,0.0,0.0,3.0,0.0,0.0,1.0,0.0,0.0,53.0,2.0,0.0,0.0,0.0,0.0,13.0,1.0,0.0,4.0,0.0,0.0,0.0,69.0,0.0,55.0,20.19076812,83.53983059,22.201237856611566,1.232844917151116,0.2110454128440366,0.012642272667652,109.0,-0.2777071111111111,0.020704398888492,225.0,0.2559522455089822,0.0190073557465941,333.0,3.701890558162461,0.0177635897988257,0.0656139801735225,0.0057576384318581,24.4323689359078,0.7496571097803476,"Yes, there is a relationship between the KMT2A gene (also known as MLL) and cancer, particularly in hematological malignancies such as acute lymphoblastic leukemia (ALL) and acute myeloid leukemia (AML). KMT2A encodes a lysine methyltransferase that is critical for regulating gene expression during development and differentiation. Mutations, translocations, and overexpression of KMT2A can lead to the aberrant activation of oncogenic pathways, as well as the dysregulation of target genes involved in cell cycle progression and apoptosis. These genetic alterations often result in a gain-of-function effect that drives the proliferation and survival of malignant cells, contributing to leukemogenesis. Additionally, KMT2A's role in epigenetic regulation highlights its potential impact on the chromatin landscape, further influencing tumor behavior and therapeutic responses.",1
MS4A1,894,0.2272727272727272,0.0454545454545454,0.0454545454545454,0.6363636363636364,0.0,1.0,0.0454545454545454,0.0,0.9311480997434252,0.0,2.333333333333333,2.833333333333333,0.5347593582887701,1.0,0.8368200836820083,0.9858963894422376,333231.9,899.0,0.01294892,1.1451162908437063e-05,12.0,0.0,0.0,0.0,0.0,0.0,0.0,0.0,1.0,0.0,0.0,0.0,0.0,15.0,1.0,0.0,0.0,0.0,0.0,4.0,2.0,0.0,0.0,0.0,1.0,0.0,21.0,1.0,19.0,16.20857143,110.2445331,19.746672942077705,3.329587597655482,0.2124305035971223,0.0156421976613387,139.0,-0.2532458536585367,0.0201362839031587,123.0,0.2315919083969465,0.0180994596024743,262.0,2.736877647753908,0.4930701862650312,0.111514500398345,0.0145173604745375,21.19011806234061,1.4445795701786297,"Yes, there is a relationship between the MS4A1 gene and cancer. MS4A1, which encodes the CD20 protein, is primarily involved in B-cell activation and regulation. Dysregulation of MS4A1 expression can lead to abnormal B-cell proliferation and differentiation, contributing to the pathogenesis of various hematological malignancies, including non-Hodgkin lymphoma and chronic lymphocytic leukemia (CLL). The aberrant signaling pathways activated by overexpression of CD20 can promote cell survival and resistance to apoptosis, further supporting tumorigenesis. Additionally, CD20's role as a surface marker on B cells makes it a target for therapeutic monoclonal antibodies, linking the gene to both cancer biology and potential treatment strategies.",1
MYOD1,963,0.4,0.0,0.05,0.5,0.0,1.0,0.05,0.0,0.9537243573680482,0.0,1.1111111111111112,1.3333333333333333,0.4608294930875576,1.0,0.8230452674897121,0.9833284582654418,391397.6,626.0,0.01695203,0.0002431683146758,69.0,0.0,0.0,0.0,0.0,0.0,0.0,0.0,1.0,0.0,0.0,0.0,0.0,10.0,0.0,0.0,0.0,0.0,0.0,8.0,1.0,0.0,0.0,0.0,1.0,0.0,19.0,0.0,20.0,19.38152632,79.1067956,21.88701420269522,1.8204614569819408,0.2407184374999999,0.0346615283881092,160.0,-0.2455495428571428,0.0164089772492151,175.0,0.243242149253731,0.0250547779217142,335.0,0.4230304998550671,0.5871770333606767,0.1464854600581101,0.0181674819783437,13.33843659747203,0.3055525704807605,"Yes, there is a relationship between the MYOD1 gene and cancer, particularly in certain types of soft tissue sarcomas, such as pleomorphic rhabdomyosarcoma. MYOD1 encodes a muscle-specific transcription factor that plays a crucial role in myogenic differentiation and muscle development. Dysregulation or mutations in MYOD1 can lead to aberrant cell proliferation and altered differentiation pathways, contributing to tumorigenesis. Mechanistically, these alterations may disrupt normal myogenic lineage commitment, favoring an undifferentiated state conducive to oncogenesis, and potentially influencing pathways associated with proliferation, apoptosis, and cell cycle regulation. This inappropriate expression or mutation of MYOD1 can result in evasion of normal growth control, thereby facilitating the development and progression of specific cancer types.",1
CXCR4,1071,0.1428571428571428,0.1428571428571428,0.0,0.7142857142857143,0.0,1.0,0.0,0.0,1.0,0.0,2.5,3.0,0.3195909236177692,1.0,0.8340283569641368,0.9853943920311736,431865.9,406.0,0.04163398,2.9901735599974542e-05,24.0,0.0,0.0,0.0,0.0,0.0,0.0,0.0,0.0,0.0,0.0,0.0,0.0,5.0,1.0,0.0,0.0,0.0,0.0,1.0,0.0,0.0,0.0,0.0,0.0,0.0,7.0,0.0,7.0,22.12628571,94.8852699,20.197516943094744,4.585705011980034,0.2067613714285713,0.0120117293245451,175.0,-0.2316310714285714,0.0180886508554647,84.0,0.2148272200772201,0.0140562135263506,259.0,3.631318055621042,0.0153661957889365,0.0936890911549204,0.0187416618294779,20.0372093021573,4.792238033927757,"Yes, there is a relationship between the CXCR4 gene and cancer. CXCR4 encodes a chemokine receptor that plays a critical role in cell migration, survival, and proliferation. Its expression is often upregulated in various cancers, including breast, prostate, and hematologic malignancies. The interaction of CXCR4 with its ligand CXCL12 promotes tumor cell invasion and metastasis by enhancing the cells' migratory abilities towards tissue microenvironments rich in CXCL12, such as lymph nodes and bone marrow. Additionally, CXCR4 signaling can activate pathways associated with tumor growth and angiogenesis. Furthermore, CXCR4 has been implicated in immune evasion by modulating the tumor microenvironment, thus facilitating cancer progression and resistance to therapies.",1
DNMT3A,2739,0.2105263157894736,0.1052631578947368,0.0526315789473684,0.631578947368421,0.0,1.0,0.0,0.0,0.9410872157860573,0.0,2.4,3.0,0.0491642084562438,1.0,0.0963483957992099,0.3217828821642886,330147.4,286.0,0.04312737,0.0003154641560737,52.0,0.0,0.0,0.0,0.0,0.0,0.0,0.0,0.0,0.0,0.0,0.0,2.0,12.0,2.0,0.0,0.0,0.0,0.0,4.0,2.0,0.0,1.0,0.0,0.0,0.0,21.0,0.0,20.0,24.40914286,118.0375153,22.99805396229804,0.6909876091871411,0.2383350684931505,0.0173840708205228,219.0,-0.2289287999999999,0.0203021974269189,75.0,0.2359355102040813,0.0180786111715818,294.0,3.527296771277036,0.009354327352402,0.094771591240109,0.0123951639037592,23.64805596331854,0.4913835181003437,"Yes, there is a relationship between the DNMT3A gene and cancer. DNMT3A encodes a DNA methyltransferase involved in establishing and maintaining DNA methylation patterns, which are crucial for regulating gene expression and genomic stability. Mutations in DNMT3A, particularly in hematological malignancies such as acute myeloid leukemia (AML), can lead to altered methylation landscapes, resulting in the dysregulation of tumor suppressor genes and activation of oncogenes. This aberrant methylation can promote cancer development by contributing to cellular proliferation and survival, undermining normal differentiation processes, and facilitating genomic instability. Additionally, DNMT3A mutations can disrupt the normal progression of hematopoietic stem cells, influencing the clonal evolution of cancer.",1
MSH2,2805,0.12,0.08,0.04,0.72,0.0,1.0,0.04,0.0,0.9138646883853212,0.0,4.5,5.5,0.5512679162072768,1.0,0.3163555836760519,0.6804455657176465,793002.1,406.0,0.02839946,0.0001850346599705,113.0,0.0,0.0,0.0,0.0,0.0,0.0,1.0,0.0,0.0,0.0,0.0,0.0,17.0,2.0,0.0,0.0,0.0,0.0,3.0,2.0,0.0,1.0,0.0,0.0,0.0,24.0,0.0,17.0,24.81758333,78.35276095,25.27944772588579,0.3638340015931853,0.2463639055793989,0.0249569288351117,233.0,-0.2192204999999999,0.019180283513305,60.0,0.2408055290102385,0.0238246496193253,293.0,3.536715085887399,0.0060227236548203,0.0308369610053241,0.0032337644970759,16.490075329450228,1.414207662824549,"Yes, there is a relationship between the MSH2 gene and cancer. MSH2 is a critical component of the DNA mismatch repair (MMR) system, which is responsible for correcting errors that occur during DNA replication. MSH2 forms heterodimers with MSH6 or MSH3 to recognize and initiate repair of mispaired nucleotides. Defects in the MSH2 gene can lead to impaired mismatch repair functionality, resulting in microsatellite instability (MSI), a condition characterized by the accumulation of mutations in repetitive DNA sequences. This loss of genomic stability contributes to the development of various malignancies, most notably Lynch syndrome (hereditary non-polyposis colorectal cancer), where mutations in MSH2 significantly increase the risk of colorectal and other cancers due to the uncorrected DNA errors that promote tumorigenesis.",1
MSH6,4083,0.1162790697674418,0.1860465116279069,0.0,0.4651162790697674,0.0,1.0,0.2093023255813953,0.0232558139534883,0.6936225222164266,0.0,3.333333333333333,6.333333333333333,0.0547225566378461,1.0,0.8169934640522876,0.9821276013808288,488224.5,587.0,0.03151994,6.256442715146958e-05,64.0,0.0,0.0,0.0,0.0,1.0,0.0,7.0,2.0,0.0,1.0,0.0,0.0,18.0,8.0,0.0,0.0,0.0,0.0,5.0,2.0,0.0,8.0,0.0,3.0,0.0,33.0,0.0,29.0,24.90445455,136.3379598,24.77915712860573,0.6547526967574739,0.2424371861471859,0.0221437835376999,231.0,-0.2124259649122807,0.0166855968887844,57.0,0.2364974652777775,0.0211450916426817,288.0,3.6411282296892873,0.0040737178774954,0.0615837046829498,0.0115507566904496,24.08952275745367,0.7307016306677848,"Yes, there is a relationship between the MSH6 gene and cancer, particularly in the context of Lynch syndrome, also known as hereditary non-polyposis colorectal cancer (HNPCC). MSH6 encodes a protein that is part of the mismatch repair (MMR) system, which is crucial for correcting DNA replication errors. When MSH6 is mutated or deficient, it can lead to the accumulation of uncorrected errors in the DNA, resulting in microsatellite instability (MSI). This genomic instability contributes to the development of various cancers, including colorectal, endometrial, and ovarian cancer. The impaired MMR pathway not only facilitates tumorigenesis but also influences the tumor's response to certain therapies, making MSH6 a key player in cancer development and progression.",1
MYCN,1395,0.238095238095238,0.0,0.0,0.6666666666666666,0.1428571428571428,0.9107950720287572,0.0952380952380952,0.0,0.9267672896410716,0.0,2.333333333333333,2.6666666666666665,1.0,0.0067,0.57734,0.0253557972580359,169652.9,1491.0,-0.01162264,1.0670483525811153e-05,19.0,0.0,0.0,1.0,0.0,0.0,0.0,1.0,0.0,0.0,0.0,0.0,0.0,13.0,0.0,0.0,0.0,0.0,0.0,5.0,1.0,0.0,1.0,0.0,0.0,0.0,20.0,0.0,20.0,17.2118,108.9621481,23.104365535147984,9.546214153324245,0.254375981308411,0.076792383904901,214.0,-0.2256995714285714,0.0184133163259006,70.0,0.2473078521126757,0.0624405369335328,284.0,2.5860346382686363,0.261679420826942,0.0855172916555358,0.0099401358208397,17.209453895606444,3.8104831784333775,"Yes, there is a significant relationship between the MYCN gene and cancer, particularly neuroblastoma. MYCN is a member of the MYC family of transcription factors and plays a crucial role in regulating cellular growth and proliferation. Amplification of the MYCN gene is associated with aggressive tumor behavior and poor prognosis in neuroblastoma, as it leads to overexpression of the MYCN protein. This overexpression promotes oncogenesis by driving cell cycle progression, inhibiting apoptosis, and enhancing metabolic pathways that support rapid cell division. MYCN also influences the expression of various genes involved in differentiation and development, disrupting normal cellular processes and contributing to tumorigenesis. Such dysregulation of MYCN signaling can create a microenvironment favorable to cancer cell survival and proliferation, underscoring its importance in cancer biology.",1
RNF43,2352,0.1132075471698113,0.0754716981132075,0.0188679245283018,0.2452830188679245,0.0,1.0,0.5471698113207547,0.0,0.4302198444472921,0.0,1.8571428571428568,6.714285714285714,0.0327407261893068,1.0,0.585480093676815,0.8989011096992846,782135.2,399.0,0.02221837,9.465701879501354e-06,17.0,0.0,0.0,0.0,0.0,0.0,0.0,26.0,2.0,0.0,0.0,0.0,1.0,13.0,4.0,0.0,0.0,0.0,0.0,6.0,2.0,0.0,26.0,1.0,2.0,0.0,25.0,0.0,50.0,20.09196,127.7884885,21.88701420269522,1.8204614569819408,0.2624147058823531,0.0269647554668449,221.0,-0.2412846979865771,0.0165761942291311,149.0,0.2539055945945948,0.0228326780913798,370.0,3.3144102224443963,0.1324769483234254,0.111514500398345,0.0145173604745375,20.060674391099585,2.322449260305919,"Yes, the RNF43 gene has been implicated in cancer, particularly in colorectal and pancreatic cancers. RNF43 encodes a E3 ubiquitin ligase that plays a critical role in regulating the Wnt signaling pathway, which is essential for cell proliferation and differentiation. Mutations or alterations in RNF43 can lead to the aberrant activation of Wnt signaling, promoting oncogenic processes such as cell growth, survival, and metastatic potential. Additionally, RNF43 mutations have been associated with specific tumor microenvironments, influencing immune evasion and shaping tumor-associated stromal interactions. Thus, RNF43 disruption may contribute to tumorigenesis through both direct oncogenic signaling and modulation of the tumor microenvironment.",1
STAT3,2313,0.3529411764705882,0.0,0.0588235294117647,0.5294117647058824,0.0,1.0,0.0,0.0588235294117647,1.0,0.0,1.2857142857142858,1.5714285714285714,0.7278020378457059,1.0,0.5296610169491526,0.8662701629890408,2140948.0,160.0,0.03204235,0.0018674267702047,175.0,0.0,0.0,0.0,0.0,0.0,0.0,0.0,0.0,0.0,1.0,0.0,1.0,9.0,0.0,0.0,0.0,0.0,0.0,6.0,1.0,0.0,1.0,0.0,0.0,0.0,17.0,0.0,16.0,21.18782353,104.3102744,26.89798573216548,0.4876795273521718,0.2800563684210529,0.0695933087713979,190.0,-0.2680732967032968,0.0207983612056462,181.0,0.2741936827956989,0.045636083026023,371.0,3.790744572830673,0.0061620612025702,0.0739840972360681,0.0092831997187073,25.44525999084342,0.8452757524376808,"Yes, there is a relationship between the STAT3 gene and cancer. STAT3 is a transcription factor that is often constitutively activated in various malignancies, leading to enhanced cell proliferation, survival, and immune evasion. This activation can occur through mutations in the STAT3 gene itself or through upstream signaling pathways, such as those involving cytokines and growth factors (e.g., IL-6, IL-10). Once activated, STAT3 translocates to the nucleus where it induces the expression of target genes that promote oncogenic processes, including anti-apoptotic proteins, angiogenic factors, and immunosuppressive cytokines. Consequently, overactive STAT3 signaling contributes to tumor growth, metastasis, and resistance to therapies, making it a critical player in the tumor microenvironment and cancer progression.",1
TP53,1182,0.0225225225225225,0.1516516516516516,0.0585585585585585,0.6141141141141141,0.2567567567567567,0.7950330684421565,0.1291291291291291,0.024024024024024,0.5200642373039033,0.0,25.5625,40.6875,0.0,0.0,0.0,2.402585092994044e-09,2069567.0,213.0,0.03424378,0.0165046193260104,833.0,0.0,0.0,0.0,0.0,0.0,0.0,68.0,17.0,0.0,13.0,3.0,2.0,404.0,94.0,0.0,0.0,0.0,0.0,3.0,60.0,0.0,88.0,10.0,20.0,0.0,545.0,1.0,613.0,28.72004954,35.6138824,21.82997231154564,2.074418764692423,0.241509012345679,0.0210128714240123,81.0,-0.2764461574074074,0.0194051108413487,432.0,0.2709297660818713,0.019781036201117,512.0,3.4451618722356283,0.0131789727144481,0.0701744850802314,0.012170353604693,22.373781988821765,2.0978343366678547,"Yes, there is a well-established relationship between the TP53 gene and cancer. TP53 encodes the p53 protein, which acts as a crucial tumor suppressor by regulating the cell cycle, promoting DNA repair, and inducing apoptosis in response to cellular stress or DNA damage. Mutations in the TP53 gene can lead to the production of a malfunctioning p53 protein, compromising its ability to control cell proliferation and maintain genomic integrity. This dysregulation can result in unchecked cell growth, increased genomic instability, and ultimately contribute to the development and progression of various cancers, often correlating with poor prognosis and resistance to therapy.",1
CTNNB1,2346,0.064516129032258,0.032258064516129,0.032258064516129,0.8225806451612904,0.4354838709677419,0.739710104596826,0.0,0.0483870967741935,0.7506363914121441,0.0,10.2,11.6,0.8539709649871904,0.0,5e-05,1.1208206508753152e-08,305811.2,448.0,0.007941789,0.0051646339980255,276.0,0.0,0.0,0.0,0.0,0.0,0.0,0.0,0.0,0.0,3.0,0.0,0.0,50.0,2.0,0.0,0.0,0.0,0.0,3.0,3.0,0.0,3.0,1.0,0.0,0.0,57.0,0.0,57.0,28.91949123,58.45039311,27.21832978921276,0.3243448842332228,0.2297129999999999,0.0196972637388235,120.0,-0.273690856423174,0.0179219435704768,397.0,0.2634832301740812,0.0186420176722976,517.0,3.916940513607973,0.002799497389632,0.0568109410112214,0.0113143773942219,27.594381744763087,0.7609401421157994,"Yes, there is a relationship between the CTNNB1 gene and cancer. CTNNB1 encodes β-catenin, a key component of the Wnt signaling pathway, which is crucial for cell proliferation, differentiation, and adhesion. Mutations or dysregulation of CTNNB1 can lead to abnormal accumulation of β-catenin in the cytoplasm and its subsequent translocation to the nucleus, where it activates target genes that drive oncogenic processes. This aberrant signaling can contribute to various cancers, including colorectal cancer and hepatocellular carcinoma, by promoting cellular transformation, evading apoptosis, and enhancing tumorigenic properties. Furthermore, interactions with other oncogenic pathways and the tumor microenvironment may exacerbate the malignant phenotype, underscoring the gene's relevance in tumor biology.",1
RARB,1347,0.1818181818181818,0.1818181818181818,0.0,0.6363636363636364,0.0,1.0,0.0,0.0,0.9474427588512933,0.0,2.333333333333333,3.0,0.4302925989672977,1.0,0.4249893752656184,0.7886490054165853,216661.7,812.0,-0.01400637,6.838749379249117e-05,22.0,0.0,0.0,0.0,0.0,0.0,0.0,0.0,0.0,0.0,0.0,0.0,0.0,8.0,2.0,0.0,0.0,0.0,1.0,2.0,1.0,0.0,1.0,1.0,0.0,0.0,12.0,0.0,13.0,28.7375,123.8738568,14.90012663830494,0.0369421699166022,0.2396905384615384,0.0264062347028085,130.0,-0.2740351025641028,0.0192098071093724,389.0,0.2654489615384615,0.0211830930208848,519.0,3.2021707117342326,0.0308144638442068,0.111514500398345,0.0145173604745375,14.697012033538998,2.037862489121208,"The RARB gene, which encodes the retinoic acid receptor beta, has been implicated in various cancer types through its role in regulating cell differentiation, proliferation, and apoptosis. Disruption of RARB function can lead to aberrant retinoic acid signaling, which is crucial for maintaining normal cellular homeostasis. Furthermore, alterations in RARB expression or mutations in its regulatory pathways may contribute to tumorigenesis by promoting uncontrolled cell growth or impairing normal differentiation processes. In some cancers, such as breast and prostate cancer, RARB expression levels have been shown to correlate with disease progression, suggesting that its roles in transcriptional regulation are pivotal in maintaining tumor suppressive functions. Overall, the potential mechanisms linking RARB to cancer involve dysregulation of retinoic acid-mediated signaling pathways that influence cellular behavior and tumor biology.",1
CDK4,912,0.25,0.0,0.0,0.625,0.0,1.0,0.125,0.0,1.0,0.0,1.6666666666666667,2.0,1.0,1.0,0.1332090049287332,0.4017365017438211,1160849.0,344.0,0.03909095,0.0011042910290928,138.0,0.0,0.0,0.0,0.0,0.0,0.0,0.0,1.0,0.0,0.0,0.0,0.0,5.0,0.0,0.0,0.0,0.0,0.0,2.0,1.0,0.0,0.0,1.0,1.0,0.0,7.0,0.0,8.0,25.75,45.56083333,23.93065354588433,0.8578096344367281,0.2672232738095238,0.07574960528323,168.0,-0.2208111458333332,0.0176372427660416,96.0,0.2503461363636363,0.0549707878101105,264.0,3.640561018194153,0.0082491435435549,0.0534521512965311,0.0143158656826393,16.11429168208898,2.677568712300136,"Yes, there is a relationship between the CDK4 gene and cancer. CDK4 (Cyclin-Dependent Kinase 4) is involved in the regulation of the cell cycle, specifically the transition from the G1 phase to the S phase. Alterations in CDK4, such as mutations or overexpression, can disrupt this regulatory process, leading to unrestrained cell proliferation. This dysregulation is often associated with various types of cancer, including melanoma and glioblastoma. Mechanistically, aberrant activation of CDK4 can result in the phosphorylation of the retinoblastoma protein (Rb), leading to the release of E2F transcription factors that promote the expression of genes essential for DNA synthesis and cell division. Consequently, the unchecked activity of CDK4 contributes to oncogenesis and tumor progression.",1
ERBB3,4029,0.1944444444444444,0.0277777777777777,0.0277777777777777,0.6666666666666666,0.0833333333333333,0.9567891094945744,0.0555555555555555,0.0277777777777777,0.9099767324290156,0.0,3.0,3.625,0.75642965204236,0.00805,0.12929,0.0081886640180185,2693176.0,215.0,0.03766619,0.0002591412138657,73.0,0.0,0.0,0.0,0.0,0.0,0.0,2.0,0.0,0.0,1.0,0.0,1.0,23.0,1.0,0.0,0.0,0.0,0.0,6.0,3.0,0.0,3.0,0.0,0.0,0.0,34.0,0.0,32.0,21.48770588,86.92512906,20.94601121958785,0.8253392174893313,0.2450564670658683,0.0283558709506961,167.0,-0.2279126168224299,0.0189058491761065,107.0,0.2383616058394159,0.024652974842833,273.0,3.674172753890913,0.0416572953412731,0.0687505484489279,0.011682705464862,22.26757008363647,1.9613592207181088,"Yes, there is a relationship between the ERBB3 gene and cancer. ERBB3, a member of the epidermal growth factor receptor (EGFR) family, plays a crucial role in cell signaling pathways that regulate cell proliferation, differentiation, and survival. Its activation, often through heterodimerization with other receptors like ERBB2, can lead to enhanced signaling through the PI3K/AKT pathway, promoting oncogenic processes. Additionally, mutations and alterations in ERBB3 expression have been observed in various malignancies, contributing to tumorigenesis and metastasis. The gene's involvement in cancer is also linked to its ability to mediate resistance to targeted therapies, highlighting its significance in tumor dynamics and treatment response.",1
MDM2,1494,0.25,0.0,0.125,0.375,0.0,1.0,0.125,0.0,0.8018796874098554,0.125,1.0,2.0,0.0237129781129212,1.0,0.8960573476702509,0.9944004157339776,541242.9,228.0,0.03186443,0.010626036146346,733.0,0.0,0.0,0.0,0.0,0.0,0.0,1.0,0.0,0.0,0.0,0.0,1.0,3.0,0.0,1.0,0.0,0.0,0.0,2.0,1.0,0.0,1.0,0.0,0.0,0.0,8.0,0.0,9.0,17.361625,44.03559827,16.856679877426572,1.2923776712702817,0.4104543684210525,0.4104843455072711,190.0,-0.2004085869565217,0.0130771478650143,92.0,0.341928794326241,0.2900581075843061,282.0,3.7190667244299247,0.0132793880108048,0.0571896140971116,0.0113703152749001,19.23498035750981,0.9683585535012484,"Yes, there is a significant relationship between the MDM2 gene and cancer. MDM2 encodes an E3 ubiquitin ligase that predominantly regulates the p53 tumor suppressor protein by promoting its ubiquitination and subsequent proteasomal degradation. In many types of tumors, MDM2 is often overexpressed or amplified, leading to decreased levels of functional p53. This disruption can compromise the cell's ability to undergo apoptosis and regulate the cell cycle, contributing to unchecked cellular proliferation and genomic instability. Additionally, MDM2 can interact with other signaling pathways, further influencing cancer development and progression. Therefore, altered MDM2 function plays a critical role in various malignancies by modulating key processes involved in tumorigenesis.",1
POLE,6861,0.2075471698113207,0.0,0.0188679245283018,0.7547169811320755,0.0943396226415094,0.9454631842659154,0.0188679245283018,0.0,0.9419933691332064,0.0,3.333333333333333,3.5,0.8857395925597874,7e-05,0.00025,3.300686367302965e-07,649122.9543319192,444.4009897808343,0.0198885680771551,7.874354022246159e-05,33.0,0.0,0.0,0.0,0.0,0.0,0.0,1.0,0.0,0.0,0.0,0.0,2.0,39.0,0.0,0.0,0.0,0.0,0.0,11.0,2.0,0.0,1.0,0.0,0.0,0.0,54.0,0.0,39.0,20.49201852,105.5254247,21.36823531958916,1.135557258075886,0.2286061267605633,0.0170373988068774,142.0,-0.2320042767295597,0.0158368705689355,159.0,0.2304011627906975,0.0163512165116434,301.0,3.503417847992276,0.011261211611181,0.0375237548560561,0.0064420978005182,19.388976936329705,1.324157561646233,"Yes, there is a relationship between the POLE gene and cancer, particularly in contexts like colorectal and endometrial tumors. POLE encodes the catalytic subunit of DNA polymerase epsilon, which is critical for DNA replication and repair. Mutations in the POLE gene can lead to increased mutational burden and the production of a hypermutation phenotype. This is often characterized by an accumulation of point mutations, which can activate oncogenes or inactivate tumor suppressor genes, thereby contributing to tumorigenesis. Additionally, the dysfunctional DNA repair capacity associated with POLE mutations can compromise genomic stability, further promoting the development of various cancers. The presence of POLE mutations has been linked to specific tumor characteristics, such as enhanced immune response and distinct molecular profiles, influencing prognosis and potential treatment strategies.",1
PTPN11,1782,0.1538461538461538,0.0769230769230769,0.0,0.7692307692307693,0.0,1.0,0.0,0.0,0.958424899318874,0.0,3.333333333333333,3.6666666666666665,0.8643042350907519,1.0,0.1075962986873251,0.3474681547947908,704590.3,167.0,0.04306151,0.0013369690164258,109.0,0.0,0.0,0.0,0.0,0.0,0.0,0.0,0.0,0.0,0.0,0.0,0.0,10.0,1.0,0.0,0.0,0.0,0.0,2.0,0.0,0.0,0.0,0.0,0.0,0.0,13.0,0.0,13.0,26.30923077,68.20577436,26.162993957868583,0.3418284115739752,0.2198153191489362,0.0116077125836474,141.0,-0.2191249668874172,0.0147092123784989,151.0,0.2194583219178081,0.0131666541872087,292.0,3.753803242024961,0.0025510388385606,0.0341789749028974,0.0042525069469748,23.025962330645783,1.18911101269423,"Yes, there is a relationship between the PTPN11 gene and cancer. PTPN11 encodes the protein SHP-2, a phosphatase that plays a crucial role in signaling pathways that regulate cell proliferation, differentiation, and survival. Mutations in PTPN11 are commonly associated with several types of leukemia, particularly juvenile myelomonocytic leukemia (JMML) and acute myeloid leukemia (AML), as well as solid tumors. These mutations often lead to constitutive activation of the Ras-MAPK pathway, promoting oncogenic signaling and evasion of apoptosis. Additionally, aberrant SHP-2 activity can disrupt normal hematopoietic development and immune responses, further contributing to tumorigenesis. Thus, the dysregulation of PTPN11 signaling can facilitate cancer progression through enhanced cell growth and survival mechanisms.",1
CDK6,981,0.1428571428571428,0.0,0.0,0.8571428571428571,0.0,1.0,0.0,0.0,1.0,0.0,3.0,3.0,1.0,1.0,0.0941619585687382,0.3166420918845377,697669.3,464.0,0.02622337,0.0006240965834425,113.0,0.0,0.0,0.0,0.0,0.0,0.0,0.0,0.0,0.0,0.0,0.0,0.0,6.0,0.0,0.0,0.0,0.0,0.0,1.0,0.0,0.0,0.0,0.0,0.0,0.0,7.0,0.0,7.0,25.51428571,53.87809524,23.852827202241947,0.7425616249791298,0.3244092048192772,0.046818212064342,413.0,-0.2485508823529411,0.014792842766374,68.0,0.313729358178054,0.0429669599354793,481.0,3.6284668877759785,0.0314069491688654,0.0639891730448471,0.0174815709125188,16.975268303546574,1.9974388901645657,"Yes, there is a relationship between the CDK6 gene and cancer. CDK6 (Cyclin-Dependent Kinase 6) plays a crucial role in cell cycle regulation, particularly in the transition from G1 to S phase, by phosphorylating key substrates that promote cell cycle progression. Dysregulation of CDK6 has been associated with various cancers, as its overexpression can lead to uncontrolled cellular proliferation. Additionally, CDK6 is often found to be co-amplified with oncogenes in certain tumors, contributing to oncogenic signaling pathways. The aberrant activity of CDK6 can also disrupt normal cellular mechanisms, such as apoptosis and differentiation, further contributing to tumorigenesis. Overall, the involvement of CDK6 in cell cycle regulation and its association with oncogenic pathways make it a significant factor in cancer biology.",1
IKZF1,1560,0.3448275862068966,0.0689655172413793,0.0,0.5517241379310345,0.0,1.0,0.0344827586206896,0.0,0.9662490161715152,0.0,1.4545454545454546,1.7272727272727273,0.3880481179666279,1.0,0.1630257580697749,0.4587295509768601,160478.0,444.4009897808343,0.03730312,0.0003429998674251,94.0,0.0,0.0,0.0,0.0,0.0,0.0,1.0,0.0,0.0,0.0,0.0,9.0,16.0,2.0,0.0,0.0,0.0,0.0,10.0,1.0,0.0,2.0,0.0,0.0,0.0,37.0,0.0,35.0,17.61816216,121.7454012,22.479675663698497,1.155756396709846,0.3113613216957606,0.0451447883474987,401.0,-0.2427026086956522,0.0150148945548593,69.0,0.3012816382978724,0.0412717344619158,470.0,3.35328613462731,0.0279106302603789,0.1882720580821031,0.043061544438908,23.642050073546805,2.3264132226627043,"The IKZF1 gene, which encodes the transcription factor Ikaros, has been implicated in various types of cancer, particularly hematological malignancies such as acute lymphoblastic leukemia (ALL). Mutations or deletions of IKZF1 can lead to loss of function or altered activity, disrupting the normal regulation of hematopoietic cell development and differentiation. This dysregulation may contribute to oncogenesis by promoting the survival and proliferation of malignant cells, as IKZF1 is crucial for maintaining the balance between cell proliferation and apoptosis. Additionally, aberrant IKZF1 expression is associated with poor prognosis, suggesting that it plays a vital role in tumor progression and response to therapy. Overall, the mechanisms by which IKZF1 influences cancer development are linked to its essential role in immune cell function and genome stability.",1
PMS2,2589,0.1428571428571428,0.0,0.0714285714285714,0.7142857142857143,0.0,1.0,0.0714285714285714,0.0,0.9624786378518296,0.0,3.333333333333333,4.0,0.4780114722753346,1.0,0.8488964346349746,0.9879610231149364,649122.9543319192,444.4009897808343,0.0198885680771551,0.0001205642466184,46.0,0.0,0.0,0.0,0.0,0.0,0.0,1.0,0.0,0.0,0.0,0.0,0.0,8.0,0.0,0.0,0.0,0.0,0.0,2.0,3.0,0.0,1.0,0.0,0.0,0.0,13.0,0.0,14.0,18.07138462,109.9322668,23.35327719015912,1.025607783136936,0.2983050738916257,0.0238729573860439,405.0,-0.3306484033613446,0.0505968225779376,119.0,0.3056362285714284,0.03002908601094,524.0,3.472419578781711,0.003773659160372,0.0171484716560625,0.0014561747670759,22.815807337859813,1.1308536334079715,"Yes, there is a relationship between the PMS2 gene and cancer, particularly in the context of hereditary non-polyposis colorectal cancer (HNPCC), also known as Lynch syndrome. PMS2 is involved in the DNA mismatch repair (MMR) system, which corrects errors that occur during DNA replication. Deficiencies or mutations in the PMS2 gene can lead to the accumulation of uncorrected DNA mismatches, resulting in genomic instability. This genomic instability is a hallmark of cancer development, as it can promote mutations in oncogenes and tumor suppressor genes, facilitating tumorigenesis. Consequently, individuals with PMS2 mutations have an increased risk for colorectal, endometrial, and other cancers associated with Lynch syndrome due to the impaired ability to maintain genomic integrity.",1
PTPRZ1,6948,0.1538461538461538,0.0769230769230769,0.0192307692307692,0.6730769230769231,0.0,1.0,0.0769230769230769,0.0,0.903754641262454,0.0,3.888888888888889,4.888888888888889,0.3102699348433137,1.0,0.0431276146116358,0.1787032292574651,64760.0,971.0,-0.01534734,6.397028629333894e-06,9.0,0.0,0.0,0.0,0.0,0.0,0.0,3.0,1.0,0.0,0.0,0.0,36.0,35.0,4.0,0.0,0.0,0.0,0.0,8.0,1.0,0.0,3.0,0.0,1.0,0.0,84.0,0.0,57.0,20.06436905,103.0103114,21.47241421248636,7.481294026462141,0.3000886033519553,0.0250675524551867,358.0,-0.2469991743119265,0.0173206732057934,109.0,0.2876972805139185,0.0237237309181249,467.0,2.7507465034563072,1.0802318477431274,0.111514500398345,0.0145173604745375,20.54183279046349,12.276346889436718,"Yes, there is a relationship between the PTPRZ1 gene and cancer. PTPRZ1 encodes a receptor-type protein tyrosine phosphatase that is involved in various cellular processes, including cell adhesion, migration, and proliferation. Dysregulation of PTPRZ1 has been implicated in several cancers, where it may promote tumor growth and metastasis. Mechanistically, PTPRZ1 can influence signaling pathways such as the ERK/MAPK pathway, thereby affecting cell survival and proliferation. Additionally, its role in the regulation of cell-extracellular matrix interactions may contribute to the invasive properties of cancer cells. The alteration of PTPRZ1 expression or activity has been associated with changes in tumor microenvironment interactions, further emphasizing its potential impact on cancer progression.",1
SMO,2364,0.3846153846153846,0.0384615384615384,0.0,0.5,0.0,1.0,0.0384615384615384,0.0384615384615384,0.9836349189574336,0.0,1.181818181818182,1.4545454545454546,0.777000777000777,1.0,0.7616146230007617,0.9690134008535104,811173.7,420.0,0.05388738,3.305017522470022e-06,4.0,0.0,0.0,0.0,0.0,0.0,0.0,1.0,0.0,0.0,1.0,0.0,2.0,13.0,1.0,0.0,0.0,0.0,0.0,10.0,0.0,0.0,3.0,0.0,0.0,0.0,25.0,0.0,25.0,18.38204,127.9611815,17.923173486174655,1.9098803529602275,0.2922888990825689,0.0222105867521584,326.0,-0.2862747101449273,0.0275722410396963,135.0,0.2905040430107524,0.0237533587771533,461.0,3.3117660824911743,0.0331322172131356,0.0834729335961537,0.016488938822739,19.78572363737337,3.064637853106849,"Yes, there is a relationship between the SMO gene (Smoothened) and cancer. The SMO gene encodes a protein that is a critical component of the Hedgehog signaling pathway, which plays a vital role in cell differentiation, proliferation, and tissue patterning during embryonic development. Dysregulation of the Hedgehog pathway, often due to mutations or aberrant expression of SMO, has been implicated in various cancers, including basal cell carcinoma and medulloblastoma. In cancer, the activation of the SMO protein can lead to upregulation of downstream target genes that promote cell growth, survival, and invasion, contributing to tumorigenesis and cancer progression. Additionally, the interaction of SMO with other signaling cascades can further enhance oncogenic properties, making it a focus of research in understanding tumor biology and therapeutic targeting.",1
CD180,1986,0.3333333333333333,0.0666666666666666,0.0,0.6,0.0,1.0,0.0,0.0,1.0,0.0,1.5,1.6666666666666667,0.6635700066357001,1.0,0.5763688760806917,0.8939523996534999,36320.31,392.0,0.01413153,0.0,1.0,0.0,0.0,0.0,0.0,0.0,0.0,0.0,0.0,0.0,0.0,0.0,0.0,9.0,1.0,0.0,0.0,0.0,0.0,5.0,0.0,0.0,0.0,0.0,0.0,0.0,15.0,0.0,14.0,14.82253333,96.16778055,22.223630856853926,3.491153643885836,0.2267153278688525,0.0104135197573296,122.0,-0.2689374368231046,0.0224284103473918,277.0,0.2560274185463662,0.0190986597423143,399.0,3.394139716920988,0.0361168249717215,0.111514500398345,0.0145173604745375,20.060674391099585,2.322449260305919,"The CD180 gene, also known as the lymphocyte antigen 86 (Ly86), encodes a protein that functions as a co-receptor involved in the activation of B cells and the innate immune response. Dysregulation of CD180 expression or function may influence tumor immunity and tumor microenvironment dynamics. For instance, aberrant signaling through CD180 can lead to altered activation of Toll-like receptors, affecting the immune system's ability to recognize and eliminate malignant cells. Additionally, changes in CD180 expression could impact the polarization of immune cells, contributing to an immunosuppressive environment that favors cancer progression. Thus, the relationship between CD180 and cancer may involve its role in modulating immune responses, which can either promote or inhibit tumor growth depending on the context.",1
CSF1R,2919,0.1923076923076923,0.0384615384615384,0.0,0.7307692307692307,0.0,1.0,0.0384615384615384,0.0,0.9836349189574336,0.0,3.1666666666666665,3.5,0.8453085376162299,1.0,0.0854846982390152,0.2957272941546277,1127889.0,228.0,0.04952843,7.347187808066476e-06,17.0,0.0,0.0,0.0,0.0,0.0,0.0,1.0,0.0,0.0,0.0,0.0,1.0,18.0,1.0,0.0,0.0,0.0,0.0,4.0,1.0,0.0,1.0,0.0,0.0,0.0,25.0,0.0,24.0,16.12096,117.413632,21.9932878452434,0.99082889198158,0.2767934054054052,0.0152465219954053,185.0,-0.2422618981481481,0.0140832043763802,216.0,0.2581928927680798,0.0148801879486109,401.0,3.5726261612286336,0.017474525595261,0.111514500398345,0.0145173604745375,19.28354575942601,2.193530421395576,"Yes, there is a relationship between the CSF1R gene and cancer. CSF1R encodes the Colony Stimulating Factor 1 Receptor, which is critical for the differentiation and survival of macrophages and plays a significant role in the tumor microenvironment. Elevated expression of CSF1R has been observed in various cancers, where it can promote tumor progression by facilitating immune evasion, enhancing angiogenesis, and supporting the recruitment of tumor-associated macrophages (TAMs) that release pro-tumorigenic cytokines. Additionally, CSF1R activation can lead to the suppression of anti-tumor immune responses, enabling cancer cells to thrive and metastasize. Thus, dysregulation of CSF1R signaling pathways is implicated in the pathogenesis of multiple malignancies.",1
FGF1,468,0.0,0.3333333333333333,0.0,0.6666666666666666,0.0,1.0,0.0,0.0,1.0,0.0,2.0,3.0,0.510986203372509,1.0,0.1813236627379873,0.4909286768278269,293119.1,481.0,0.02796307,8.659119780225691e-05,26.0,2.0,0.0,0.0,0.0,0.0,0.0,0.0,0.0,0.0,0.0,0.0,0.0,3.0,0.0,0.0,0.0,0.0,0.0,0.0,0.0,0.0,0.0,0.0,0.0,0.0,5.0,0.0,5.0,29.08,98.807,21.92075789819435,4.264156089968011,0.2618732812499999,0.0137455862954597,192.0,-0.2507572522522521,0.0180116947313297,222.0,0.2559125120772948,0.0160259405665555,414.0,3.123484457473369,0.086274386535633,0.111514500398345,0.0145173604745375,18.62179859274831,12.496531887113004,"Yes, there is a relationship between the FGF1 gene and cancer. FGF1 (Fibroblast Growth Factor 1) is involved in various cellular processes such as proliferation, migration, and survival, which are critical for tumor development and progression. It acts through the FGF signaling pathway, promoting endothelial cell proliferation and angiogenesis, thereby facilitating tumor vascularization. Elevated FGF1 expression has been associated with poor prognosis in several cancers, suggesting it may contribute to tumor growth and metastasis. Additionally, FGF1 can influence the tumor microenvironment by modulating immune responses and stromal interactions, further supporting malignant transformation and tumor sustainability. These mechanisms collectively underscore the potential role of FGF1 in oncogenesis and cancer progression.",1
FGFR4,2409,0.0416666666666666,0.1666666666666666,0.0,0.7083333333333334,0.0,1.0,0.0833333333333333,0.0,0.8590521459927658,0.0,8.5,11.5,0.023995200959808,1.0,0.017086715079026,0.0866203163327975,1070874.0,201.0,0.04604354,0.0001043090191527,5.0,0.0,0.0,0.0,0.0,0.0,0.0,2.0,0.0,0.0,0.0,0.0,8.0,16.0,4.0,0.0,0.0,0.0,0.0,1.0,1.0,0.0,4.0,0.0,0.0,0.0,28.0,0.0,30.0,22.86696429,190.109103,16.325575422947676,0.9961102396341214,0.2810070283018867,0.01894237995653,212.0,-0.245811690140845,0.0153925408744884,213.0,0.2633679529411764,0.0174331916021675,425.0,3.022856497824796,0.1416174092068407,0.0860847504491303,0.0096218735240663,20.188886441965963,2.868369966838832,"Yes, there is a relationship between the FGFR4 gene and cancer. FGFR4 is a member of the fibroblast growth factor receptor family and plays a critical role in cell growth, differentiation, and survival. Aberrant expression or mutations in FGFR4 can lead to enhanced signaling pathways that promote tumorigenesis. For instance, FGFR4 overexpression has been associated with various cancers, including breast, liver, and colorectal cancers, where it can activate downstream signaling cascades such as the MAPK and PI3K/Akt pathways. These pathways contribute to increased cellular proliferation, invasion, and resistance to apoptosis, thereby facilitating cancer progression and metastasis. Additionally, FGFR4 variants may confer altered ligand-binding properties, further influencing tumor behavior and microenvironment interactions.",1
FLT4,4092,0.2857142857142857,0.0204081632653061,0.0204081632653061,0.5918367346938775,0.0,1.0,0.0408163265306122,0.0408163265306122,0.96365232784612,0.0,1.933333333333333,2.333333333333333,0.5724098454493417,1.0,0.1676445934618608,0.4670425910393764,855370.0,515.0,0.01347333,0.000262109479081,18.0,0.0,0.0,0.0,0.0,0.0,0.0,2.0,0.0,0.0,2.0,0.0,2.0,29.0,1.0,0.0,0.0,0.0,0.0,14.0,2.0,0.0,5.0,0.0,0.0,0.0,47.0,0.0,45.0,17.81193617,114.6539375,19.96355370611758,2.1590857808365773,0.2923178971962617,0.0256146803772475,214.0,-0.2519030331753554,0.0167345760612322,211.0,0.2722531058823531,0.0215653865025948,425.0,3.189786895706909,0.0488785609385707,0.0787403403818169,0.0074986718552546,18.27836618846892,5.562780756549183,"The FLT4 gene, which encodes the vascular endothelial growth factor receptor 3 (VEGFR-3), is implicated in lymphangiogenesis and the development of the lymphatic system. Abnormalities in FLT4 expression or signaling have been associated with several types of cancer. Excessive FLT4 activity can promote tumor progression and metastasis by enhancing lymphatic vessel formation, thereby facilitating tumor cell dissemination through lymphatics. Moreover, FLT4 may influence the tumor microenvironment by regulating immune cell trafficking and promoting tumor-associated inflammation. These mechanisms contribute to a more favorable environment for tumor growth and spread, linking FLT4 to cancer pathogenesis and progression.",1
ITK,1863,0.0571428571428571,0.0285714285714285,0.0571428571428571,0.8285714285714286,0.0,1.0,0.0285714285714285,0.0,0.9442974223160612,0.0,9.666666666666666,11.0,0.4798464491362764,1.0,0.14830194275545,0.4313369315960914,266925.3,1180.0,0.03006901,2.4796528772000728e-05,29.0,0.0,0.0,0.0,0.0,0.0,0.0,1.0,0.0,0.0,0.0,0.0,0.0,27.0,1.0,0.0,0.0,0.0,0.0,2.0,4.0,0.0,1.0,0.0,0.0,0.0,34.0,0.0,26.0,24.9015,50.42027892,19.11243712271029,2.7362122607216497,0.2766550537634408,0.0156969457267538,186.0,-0.2422178181818181,0.0141563251020672,220.0,0.2579944827586208,0.0151202399852873,406.0,3.1380580983897293,0.09528891478078,0.111514500398345,0.0145173604745375,20.060674391099585,2.322449260305919,"The ITK gene (IL2-inducible T-cell kinase) is associated with T-cell signaling and plays a critical role in immune response regulation. Alterations in ITK expression or function may influence cancer development and progression by affecting immune cell activation and proliferation. Specifically, dysregulated ITK activity can impair T-cell responses against tumor cells, potentially facilitating tumor escape from immune surveillance and promoting tumorigenesis. Additionally, ITK has been implicated in the development and differentiation of T-cell subtypes, which can further impact the tumor microenvironment and the efficacy of immune responses in cancer contexts. Therefore, the relationship between ITK and cancer may be mediated through its effects on T-cell function and immune evasion mechanisms.",1
NPM1,885,0.3333333333333333,0.0,0.0,0.6666666666666666,0.0,1.0,0.0,0.0,1.0,0.0,1.0,1.0,1.0,1.0,0.6414368184733804,0.9262633675918148,300839.8,347.0,0.03023782,0.0055166453956542,451.0,0.0,0.0,0.0,0.0,0.0,0.0,0.0,0.0,0.0,0.0,0.0,1.0,2.0,0.0,0.0,0.0,0.0,0.0,1.0,0.0,0.0,0.0,0.0,0.0,0.0,4.0,0.0,4.0,18.21,74.28006667,29.862089405467707,0.4587427887354196,0.2866298076923076,0.0198691479574507,208.0,-0.2408396698113207,0.0139468827283264,212.0,0.2635166904761904,0.0173647810747011,420.0,3.917840399197551,0.0049051897818081,0.0426263410509271,0.0075262699139303,26.58945961298932,0.6864573508466941,"Yes, there is a relationship between the NPM1 gene and cancer, particularly in acute myeloid leukemia (AML). NPM1 encodes nucleophosmin, a nucleolar protein that plays a crucial role in ribosome biogenesis, cellular stress response, and regulation of chromatin dynamics. Mutations in NPM1, frequently resulting in a cytoplasmic localization of the protein, can disrupt these processes, leading to alterations in cellular proliferation and genomic stability. The aberrant localization may interfere with the p53 signaling pathway and disrupt normal apoptosis, allowing for the survival of mutated cells. Additionally, the mutated NPM1 can affect the function of various regulatory proteins involved in cell cycle and differentiation, contributing to the pathogenesis of leukemia and the promotion of an oncogenic environment.",1
ESR2,1593,0.0833333333333333,0.0,0.0,0.8333333333333334,0.0,1.0,0.0,0.0833333333333333,1.0,0.0,5.0,5.5,1.0,1.0,0.0186126156308746,0.0927637066736038,528073.8,387.0,0.0455547,0.0002531822381789,90.0,0.0,0.0,0.0,0.0,0.0,0.0,0.0,0.0,0.0,1.0,0.0,2.0,9.0,0.0,0.0,0.0,0.0,0.0,1.0,1.0,0.0,1.0,0.0,0.0,0.0,13.0,0.0,12.0,22.86915385,82.04161264,21.88701420269522,1.8204614569819408,0.2327473026315789,0.0261643424608879,152.0,-0.2913379166666665,0.0237005886945992,283.0,0.2710975227272726,0.0252720342469243,433.0,2.8879708926457,0.1269743044413328,0.1048202620152023,0.0135947402748097,14.69448249863536,0.7182680394335005,"Yes, there is a relationship between the ESR2 gene, which encodes the estrogen receptor beta (ERβ), and cancer. Altered expression of ESR2 has been implicated in various malignancies, including breast, prostate, and endometrial cancers. ERβ expression can influence cell proliferation, apoptosis, and differentiation, thereby affecting tumor growth and progression. Mechanistically, ERβ can modulate gene expression through binding to estrogen response elements and can also interact with other signaling pathways, such as the MAPK and PI3K pathways, which are crucial for cancer development. Additionally, the receptor may have a role in mediating anti-proliferative effects through the activation of genes involved in cell cycle regulation. The balance between ERα and ERβ in tissues can therefore impact tumor behavior, suggesting a complex interplay that may influence cancer susceptibility and outcomes.",1
CBFB,564,0.0,0.1111111111111111,0.0,0.6666666666666666,0.0,1.0,0.2222222222222222,0.0,0.7632300273809492,0.0,6.0,9.0,0.4777830864787386,1.0,0.2670226969292389,0.6196052381760169,1068656.0,125.0,0.04752437,4.212966233520406e-05,25.0,0.0,0.0,0.0,0.0,0.0,0.0,2.0,0.0,0.0,0.0,0.0,0.0,6.0,1.0,0.0,0.0,0.0,0.0,0.0,2.0,0.0,4.0,0.0,0.0,0.0,7.0,0.0,11.0,30.37142857,28.18904762,25.11869792361349,0.3811635093011133,0.2365818064516127,0.0204088024265856,155.0,-0.3082958293838862,0.0331524146482374,211.0,0.2779251366120218,0.0289438948261456,366.0,3.5412015450633056,0.0038008747291285,0.0705379263037423,0.0132149222167052,22.707107803917456,0.8561736749154503,"Yes, there is a relationship between the CBFB gene and cancer. CBFB encodes a transcription factor that forms heterodimers with RUNX proteins, playing a crucial role in hematopoiesis and the regulation of gene expression associated with cell differentiation and proliferation. Aberrant expression or mutations in CBFB can disrupt normal hematopoietic development and lead to myeloid malignancies, such as acute myeloid leukemia (AML). In particular, the CBFB-MYH11 fusion protein, resulting from a chromosomal translocation, can drive leukemogenesis by altering transcriptional programs essential for cell growth and survival, contributing to oncogenic transformation. Additionally, dysregulation of CBFB may influence pathways related to cell cycle control and apoptosis, further implicating it in tumorigenesis.",1
CD19,1674,0.1111111111111111,0.1111111111111111,0.0,0.6666666666666666,0.0,1.0,0.1111111111111111,0.0,0.9298966940476158,0.0,3.0,4.0,0.5586592178770949,1.0,0.0947238798901203,0.3179680919776033,1189140.0,257.0,0.05450103,2.1470107852735423e-05,15.0,0.0,0.0,0.0,0.0,0.0,0.0,1.0,0.0,0.0,0.0,0.0,0.0,6.0,1.0,0.0,0.0,0.0,0.0,1.0,0.0,0.0,1.0,0.0,0.0,0.0,8.0,0.0,8.0,21.23425,98.52369307,18.29800748905004,2.194974839712615,0.2626049760765549,0.0472519335664657,209.0,-0.2478859349593495,0.0254174175735039,123.0,0.2571518373493974,0.0391120921606622,332.0,2.3481422401520424,0.4005427750671737,0.111514500398345,0.0145173604745375,18.170233084683616,0.9062881413448824,"Yes, there is a relationship between the CD19 gene and cancer, particularly in the context of B-cell malignancies such as leukemia and lymphoma. CD19 is a B-cell specific surface protein that plays a vital role in B cell development, activation, and signaling. Abnormalities in the CD19 gene, including genetic alterations and loss of expression, can lead to dysregulated B-cell function and contribute to tumorigenesis. In many cases of B-cell malignancies, CD19 serves as a biomarker for diagnosis and is implicated in the pathogenesis of the disease. Mechanistically, CD19 loss can disrupt normal B-cell signaling pathways, impairing immune responses and enabling malignant B cells to evade apoptosis and proliferate uncontrollably. Furthermore, the engagement of CD19 by specific therapeutic agents has been leveraged in immunotherapy approaches, further underscoring its role in cancer biology.",1
CD274,873,0.0,0.0,0.0,1.0,0.0,1.0,0.0,0.0,1.0,0.0,1.0,1.0,1.0,1.0,0.4701457451810061,0.8249706329187119,348920.5,629.0,0.02349574,0.0001946891257312,46.0,0.0,0.0,0.0,0.0,0.0,0.0,0.0,0.0,0.0,0.0,0.0,0.0,1.0,0.0,0.0,0.0,0.0,0.0,0.0,0.0,0.0,0.0,0.0,0.0,0.0,1.0,0.0,1.0,13.15,0.0,21.175481307004063,3.5264626506920167,0.2704225000000002,0.0270004318751496,168.0,-0.2944849589041092,0.0347249932651768,365.0,0.286900544090056,0.0323601166374853,533.0,3.176047719072695,0.0444013838847355,0.0640455062199918,0.0041147563742688,22.070442113478112,1.6962208189006882,"Yes, there is a significant relationship between the CD274 gene, commonly known as PD-L1, and cancer. PD-L1 is a key immune checkpoint molecule that, when expressed on tumor cells, binds to the PD-1 receptor on T cells, leading to T cell inhibition and immune evasion. This interaction promotes an immunosuppressive tumor microenvironment, facilitating tumor growth and progression by preventing the activation and proliferation of cytotoxic T lymphocytes. Elevated PD-L1 expression in various cancers is associated with poorer clinical outcomes, as it enables tumors to escape immune surveillance. Moreover, the regulation of PD-L1 can involve several mechanisms, including gene amplification, transcriptional regulation by oncogenic pathways, and post-translational modifications, further contributing to tumor immune evasion and the complexity of the tumor-immune interaction.",1
CDKN2A,504,0.034090909090909,0.3181818181818182,0.0795454545454545,0.2727272727272727,0.0454545454545454,0.927298569338156,0.2386363636363636,0.0454545454545454,0.3763968443646351,0.0113636363636363,6.0,21.25,0.0,0.1224589762429586,0.1719324026451139,0.1023390061050189,225404.5,357.0,-0.01478296,0.0009592487914759,141.0,0.0,0.0,1.0,0.0,0.0,0.0,14.0,7.0,0.0,4.0,0.0,2.0,25.0,27.0,0.0,0.0,1.0,0.0,2.0,9.0,0.0,18.0,1.0,8.0,0.0,65.0,0.0,86.0,30.62349231,73.15670213,22.507503401043184,2.680267702935351,0.247288656716418,0.0196072649771294,134.0,-0.5817203325415674,0.598623972497032,420.0,0.500974666666667,0.4790586283534531,553.0,2.9695256944448243,0.1945283957256551,0.1089530019516307,0.0141511778652847,16.6125076946022,12.479976410598226,"Yes, there is a strong relationship between the CDKN2A gene and cancer. The CDKN2A gene encodes two key tumor suppressor proteins, p16^INK4a and p14^ARF, which play critical roles in regulating the cell cycle and preventing uncontrolled cellular proliferation. p16^INK4a inhibits cyclin-dependent kinases 4 and 6 (CDK4/6), preventing the phosphorylation of retinoblastoma (Rb) protein and thereby blocking the progression from the G1 to the S phase of the cell cycle. Loss of CDKN2A function, often due to mutations, deletions, or epigenetic silencing, can lead to dysregulation of this pathway, resulting in unrestrained cell cycle progression, genomic instability, and ultimately contributing to the development of various cancers, particularly melanoma, pancreatic cancer, and head and neck cancers. Moreover, p14^ARF stabilizes the p53 tumor suppressor, adding an additional layer of tumor suppression through the induction of cellular senescence or apoptosis in response to oncogenic stress, which further underscores the gene's critical role in cancer prevention.",1
JAK2,3399,0.0869565217391304,0.0434782608695652,0.0434782608695652,0.8260869565217391,0.0,1.0,0.0,0.0,0.9807769800471736,0.0,6.333333333333333,7.0,0.7132667617689016,1.0,0.0593225366316663,0.2268948211899016,255684.9,634.0,0.02805088,0.000521799820988,96.0,0.0,0.0,0.0,0.0,0.0,0.0,0.0,0.0,0.0,0.0,0.0,0.0,18.0,1.0,0.0,0.0,0.0,0.0,2.0,2.0,0.0,0.0,0.0,0.0,0.0,23.0,0.0,21.0,23.46073913,78.93711257,21.1579497211086,0.7865947686790327,0.2710057988165682,0.0268972151578402,169.0,-0.297101835616438,0.0377585184161267,365.0,0.2888429775280895,0.0344118178509675,533.0,3.4922678764342425,0.0113531014819385,0.0467599844131094,0.0129439849651635,20.76028148413677,1.572151107050843,"Yes, there is a relationship between the JAK2 gene and cancer, particularly hematological malignancies. Mutations in the JAK2 gene, especially the JAK2 V617F mutation, lead to constitutive activation of the JAK-STAT signaling pathway, which is critical in regulating hematopoiesis and immune responses. This aberrant signaling can promote cell proliferation and survival, contributing to the pathogenesis of diseases like polycythemia vera, essential thrombocythemia, and primary myelofibrosis. Additionally, unregulated activation of downstream pathways can result in further genetic alterations, enhancing oncogenic transformations and supporting the development of malignancies. This dysregulation of signaling pathways exemplifies how genetic mutations can have profound effects on cellular behavior and lead to cancer development.",1
NOTCH1,7668,0.2866666666666667,0.06,0.0466666666666666,0.4666666666666667,0.0,1.0,0.1133333333333333,0.0266666666666666,0.8354133977902766,0.0,1.5909090909090908,2.4318181818181817,7e-05,1.0,0.4662004662004662,0.8219764812960281,1489379.0,212.0,0.04344674,0.0015373854190108,179.0,0.0,0.0,0.0,0.0,0.0,0.0,14.0,3.0,0.0,3.0,1.0,3.0,69.0,10.0,0.0,0.0,0.0,0.0,40.0,10.0,0.0,17.0,1.0,4.0,0.0,131.0,0.0,114.0,19.49558015,150.2267515,21.768635067371346,1.5017947127661109,0.2638164016874681,0.0370683991865753,190.13201675643327,-0.2623792743604192,0.0349935889004216,187.6534410532616,0.2724842722630945,0.0397860230283488,377.6466786355476,3.5079579508083345,0.0388549447478706,0.0895420017779354,0.0068530524907583,19.403139767582232,1.862939451500451,"Yes, there is a relationship between the NOTCH1 gene and cancer. NOTCH1 is a critical regulator of cell fate determination, proliferation, and differentiation, and its dysregulation has been implicated in various malignancies, particularly in hematological cancers like acute lymphoblastic leukemia (ALL) and chronic lymphocytic leukemia (CLL). Mutations and dysregulation of NOTCH1 signaling can lead to aberrant activation of the pathway, resulting in increased cell survival and proliferation. This inappropriate activation often occurs through mutations that disrupt the negative regulatory mechanisms of the pathway, facilitating oncogenesis through enhanced transcriptional activation of target genes associated with growth and survival, ultimately contributing to tumor development and progression.",1
AR,2763,0.1702127659574468,0.0425531914893617,0.0212765957446808,0.5957446808510638,0.0,1.0,0.1276595744680851,0.0425531914893617,0.8753979247375816,0.0,3.111111111111111,4.333333333333333,0.2787068004459309,1.0,0.3454231433506045,0.712602801735737,106188.5,444.4009897808343,-0.007090065,0.0016758639986555,226.0,0.0,0.0,0.0,0.0,0.0,0.0,5.0,1.0,0.0,0.0,2.0,3.0,28.0,2.0,0.0,0.0,0.0,0.0,8.0,1.0,0.0,5.0,0.0,3.0,0.0,42.0,0.0,41.0,20.40033333,95.75686969,21.388626993755533,8.226294364457384,0.2075185714285714,0.0106389502768253,91.0,-0.2788059398496241,0.0299036537955115,133.0,0.2498454464285714,0.0232258683199791,224.0,3.25040508239748,0.1417653092340805,0.199485135338052,0.0369406541563578,21.42761519595591,4.256941824836469,"Yes, there is a relationship between the androgen receptor (AR) gene and cancer, particularly in the context of prostate cancer. The AR gene encodes a nuclear transcription factor that mediates the effects of androgens, promoting cell growth and survival. Dysregulation of AR can occur through mutations, amplifications, or overexpression, leading to aberrant activation of AR signaling pathways. This can stimulate tumorigenesis by enhancing cellular proliferation, inhibiting apoptosis, and promoting metastasis. Additionally, AR may also interact with other signaling pathways, such as those involving growth factors and cytokines, further contributing to an aggressive cancer phenotype. The role of AR in cancer progression underscores its importance as a focus of research in oncological studies.",1
AFP,1830,0.1333333333333333,0.0,0.0,0.6666666666666666,0.0,1.0,0.2,0.0,0.9188632257835572,0.0,3.333333333333333,4.333333333333333,1.0,1.0,0.3546099290780142,0.7222471223227029,331899.7,594.0,0.003248168,4.4088073424474974e-06,11.0,0.0,0.0,0.0,0.0,0.0,0.0,2.0,0.0,0.0,0.0,0.0,0.0,10.0,0.0,0.0,0.0,0.0,0.0,1.0,1.0,0.0,2.0,0.0,0.0,0.0,12.0,0.0,12.0,14.33083333,70.7054987,18.215045938594983,0.4403758780007206,0.2625813846153844,0.0337381187562075,130.0,-0.2378405365853658,0.0167711836903969,205.0,0.2474414626865672,0.0234198607137223,335.0,1.0532883675100315,0.8223187439014656,0.111514500398345,0.0145173604745375,20.060674391099585,2.322449260305919,"Yes, there is a relationship between the AFP (alpha-fetoprotein) gene and cancer, particularly hepatocellular carcinoma (HCC) and some germ cell tumors. AFP is produced primarily in the fetal liver, but elevated levels of AFP in adults often indicate malignant processes. The mechanisms involved include the potential role of AFP as a tumor marker, reflecting tumor burden, and its implication in the regulation of cell proliferation and apoptosis. Increased AFP expression is associated with tumor aggressiveness and can influence the tumor microenvironment by modulating immune responses and promoting angiogenesis. Additionally, aberrations in AFP-associated signaling pathways may contribute to oncogenic processes, leading to the malignant transformation of cells.",1
KDR,4071,0.0784313725490196,0.0784313725490196,0.0,0.803921568627451,0.0,1.0,0.0392156862745098,0.0,0.9394740519345218,0.0,8.2,9.4,0.6506180871828237,1.0,0.0043799999999999,0.0281664947091207,175189.0,706.0,0.002962429,4.5018335536130295e-05,31.0,0.0,0.0,0.0,0.0,0.0,0.0,1.0,1.0,0.0,0.0,0.0,1.0,41.0,4.0,0.0,0.0,0.0,0.0,4.0,2.0,0.0,2.0,1.0,1.0,0.0,50.0,0.0,40.0,23.43704,75.06630163,18.4530325040559,2.883127090895765,0.3567449305555555,0.1842376770279672,144.0,-0.2273593989071037,0.0139888805738125,183.0,0.284336513761468,0.0927639346497719,327.0,3.485474979533088,0.02931834879516,0.099890608525797,0.0203425781242054,18.84709601836241,4.468611696168861,"Yes, there is a relationship between the KDR gene and cancer. KDR, also known as VEGFR2, encodes a receptor tyrosine kinase that plays a crucial role in angiogenesis, the formation of new blood vessels from existing ones. Aberrant expression or activation of KDR can lead to increased tumor vascularization, promoting tumor growth and metastasis. In various cancers, elevated levels of KDR and its ligands, primarily VEGF, are associated with poor prognosis, as they facilitate tumor survival in hypoxic conditions and enhance nutrient delivery. Moreover, KDR signaling pathways can influence cellular processes such as proliferation, migration, and survival, further contributing to the malignancy of neoplastic cells. Thus, KDR's role in angiogenesis and its impact on the tumor microenvironment underscore its significance in cancer biology.",1
MYC,1365,0.1666666666666666,0.0,0.0,0.8333333333333334,0.0,1.0,0.0,0.0,1.0,0.0,3.333333333333333,3.333333333333333,1.0,1.0,0.1348799568384138,0.405094430095568,406323.4,204.0,0.02340164,0.0089505277209934,569.0,0.0,0.0,1.0,0.0,0.0,0.0,0.0,0.0,0.0,0.0,0.0,0.0,10.0,0.0,0.0,0.0,0.0,0.0,2.0,0.0,0.0,0.0,0.0,0.0,0.0,13.0,0.0,13.0,21.27007692,50.81425774,19.01849066037001,2.3773679484307224,0.3849032000000003,0.0803436892973332,475.0,-0.2496821153846154,0.0235512591385746,52.0,0.3715607020872865,0.0763137106209889,527.0,3.5753775702197204,0.0193772480723916,0.0913596772757305,0.012490001875399,21.22020513991305,1.3001402609837325,"Yes, there is a well-established relationship between the MYC gene and cancer. The MYC proto-oncogene encodes a transcription factor that regulates a wide array of genes involved in cell growth, proliferation, and metabolism. Dysregulation of MYC, often through amplification or translocation, leads to its overexpression, which promotes oncogenic processes such as enhanced cell cycle progression, evasion of apoptosis, and increased metabolic activity. MYC also interacts with various signaling pathways, influencing the expression of genes involved in cell differentiation and stem cell maintenance, contributing to tumorigenesis. Additionally, MYC's role in the regulation of genomic stability can result in increased mutation rates, further driving cancer progression. The convergence of these mechanisms underscores MYC's pivotal role in the initiation and maintenance of various malignancies.",1
B2M,360,0.0,0.2105263157894736,0.0,0.0526315789473684,0.0,1.0,0.7368421052631579,0.0,0.07002761887482,0.0,1.0,19.0,0.00528,1.0,0.7092198581560284,0.9529004995674304,673122.0,428.0,0.03622573,3.998140923543063e-05,21.0,0.0,0.0,0.0,0.0,0.0,0.0,12.0,2.0,0.0,0.0,0.0,2.0,1.0,4.0,0.0,0.0,0.0,3.0,0.0,0.0,0.0,12.0,0.0,2.0,0.0,10.0,0.0,19.0,23.398,61.45672889,21.88701420269522,1.8204614569819408,0.2002593846153845,0.0122313750933653,65.0,-0.2810954966887418,0.0255123650454335,302.0,0.2667784741144412,0.0240752576009439,367.0,4.087100768018692,0.0060753897908817,0.0637227795729091,0.0078312240186298,20.060674391099585,2.322449260305919,"Yes, there is a relationship between the B2M gene and cancer. B2M encodes beta-2-microglobulin, a component of major histocompatibility complex (MHC) class I molecules, which are crucial for the immune recognition of cancer cells. Alterations or mutations in the B2M gene can lead to reduced expression or dysfunction of MHC class I molecules, allowing tumor cells to evade immune detection. This immune evasion may contribute to tumor progression and metastasis. Additionally, elevated levels of beta-2-microglobulin in serum have been associated with various hematologic malignancies, suggesting its potential role as a biomarker and its involvement in tumorigenic processes through mechanisms such as immune modulation and alterations in cell signaling pathways.",1
MAP2K1,1182,0.1538461538461538,0.0,0.0,0.7692307692307693,0.0,1.0,0.0769230769230769,0.0,0.958424899318874,0.0,3.333333333333333,3.6666666666666665,1.0,1.0,0.3518648838845883,0.7193905804626702,506284.5,172.0,0.04311826,0.0001696932650654,53.0,0.0,0.0,0.0,0.0,0.0,0.0,0.0,1.0,0.0,0.0,0.0,1.0,11.0,0.0,0.0,0.0,0.0,0.0,2.0,0.0,0.0,1.0,0.0,1.0,0.0,12.0,1.0,14.0,23.21541667,84.45145317,25.99816597970145,0.317807767195966,0.2113474999999999,0.0141220834840361,84.0,-0.2489110655737705,0.0183993248877487,244.0,0.2392911280487806,0.0175270352002526,328.0,3.5239390113337854,0.0027164990140677,0.0580692211302467,0.0009142910022914,21.07329934284468,4.392607796809603,"Yes, there is a relationship between the MAP2K1 gene and cancer. The MAP2K1 gene encodes for mitogen-activated protein kinase kinase 1, which plays a crucial role in the MAPK/ERK signaling pathway, a key regulator of cell proliferation, differentiation, and survival. Aberrations in this pathway, often due to mutations in MAP2K1 or other components, can lead to uncontrolled cell growth and tumorigenesis. Specifically, mutations in MAP2K1 have been associated with various cancer types, contributing to oncogenic signaling that promotes tumor cell proliferation and resistance to apoptosis. These mutations often result in constitutive activation of the pathway, facilitating oncogenic processes such as increased cellular proliferation, enhanced migration, and survival under stress conditions, thereby playing a significant role in cancer progression and metastasis.",1
PML,2649,0.1739130434782608,0.0,0.0,0.6521739130434783,0.0,1.0,0.1739130434782608,0.0,0.903884900235868,0.0,3.0,3.8,1.0,1.0,0.0157027778213966,0.080930823783101,375210.8,344.0,0.04149266,0.0016092311791873,190.0,0.0,0.0,0.0,0.0,0.0,0.0,3.0,1.0,0.0,0.0,0.0,10.0,15.0,0.0,0.0,0.0,0.0,0.0,4.0,0.0,0.0,5.0,1.0,1.0,0.0,26.0,0.0,27.0,13.34461538,67.15909377,27.3800831948238,0.7371106337606144,0.2328565217391303,0.0202315429657907,92.0,-0.2570073170731709,0.0230275878401194,246.0,0.250433727810651,0.0223201298317595,338.0,3.512429046671996,0.0113264376688099,0.111514500398345,0.0145173604745375,27.617086731924985,6.200058806012723,"Yes, there is a relationship between the promyelocytic leukemia (PML) gene and cancer. The PML gene encodes for a protein that is a critical component of the PML nuclear bodies, which play a role in regulating various cellular processes, including apoptosis, DNA repair, and gene expression. Dysregulation or loss of PML function has been implicated in several malignancies, most notably acute promyelocytic leukemia (APL), where a fusion between the PML gene and the retinoic acid receptor alpha (RARA) gene leads to the formation of an oncogenic fusion protein that interferes with normal hematopoiesis. Additionally, PML has been shown to possess tumor suppressor properties, as its expression can inhibit the growth of various tumor types by triggering senescence and apoptosis in response to cellular stress and DNA damage. Hence, the disruption of PML function can contribute to the development and progression of cancer through the evasion of these regulatory mechanisms.",1
BCR,3816,0.3235294117647059,0.0294117647058823,0.0,0.5882352941176471,0.0,1.0,0.0588235294117647,0.0,0.9725109279850382,0.0,1.6666666666666667,1.9166666666666667,0.8703220191470844,1.0,0.9699321047526672,0.9995433608485188,384444.3,575.0,0.04320038,0.000458527152764,57.0,0.0,0.0,0.0,0.0,0.0,0.0,1.0,1.0,0.0,0.0,0.0,4.0,20.0,1.0,0.0,0.0,0.0,0.0,11.0,1.0,0.0,1.0,0.0,1.0,0.0,36.0,1.0,34.0,15.73177778,117.0514299,23.681777463744822,0.4808182047885309,0.2584144666666668,0.0310927321255525,150.0,-0.2844813043478261,0.0252749457669427,251.0,0.2747790074441689,0.0275275850602064,401.0,3.5831871174818724,0.0090726934298632,0.0497994642493359,0.005462021043961,24.431250367439,0.6600699126033694,"Yes, there is a relationship between the BCR gene and cancer, particularly in the context of certain leukemias and lymphomas. The BCR gene, located on chromosome 22, can undergo chromosomal translocations, most notably the BCR-ABL fusion gene produced from a translocation between chromosomes 9 and 22 (t(9;22)), which is characteristic of chronic myeloid leukemia (CML) and a subset of acute lymphoblastic leukemia (ALL). This fusion oncogene encodes a hybrid protein with constitutive tyrosine kinase activity, leading to uncontrolled cellular proliferation and resistance to apoptosis. The aberrant signaling pathways activated by BCR-ABL include those involved in cell survival, proliferation, and differentiation, thereby contributing to the oncogenic process. In addition to BCR-ABL, other BCR-related mechanisms, such as alterations in normal BCR gene function, may also play roles in the development and progression of malignancies.",1
NF2,1788,0.0,0.0,0.0,0.8888888888888888,0.0,1.0,0.1111111111111111,0.0,1.0,0.0,8.0,9.0,1.0,1.0,0.0847744998304509,0.2939776611523422,734741.6,149.0,0.03782316,0.0002140150050606,43.0,0.0,0.0,0.0,0.0,0.0,0.0,1.0,0.0,0.0,0.0,0.0,0.0,7.0,0.0,0.0,0.0,0.0,0.0,0.0,1.0,0.0,1.0,0.0,0.0,0.0,8.0,0.0,8.0,25.56375,16.27565536,23.162460452820348,1.1890891877806715,0.2714486111111113,0.0440072310120435,144.0,-0.2861936328125,0.0241490876491038,256.0,0.2808854250000002,0.0312558606840294,399.0,3.531881510856992,0.0135436742376143,0.0635323648910351,0.0108896733390189,23.32884220975037,3.722278397266274,"Yes, there is a relationship between the NF2 gene and cancer. The NF2 gene encodes the neurofibromin 2 protein, also known as merlin, which functions as a tumor suppressor. Its main role is to regulate cell signaling pathways that control cell growth, adhesion, and migration. Inactivation or loss of function mutations in the NF2 gene can lead to dysregulation of these pathways, promoting uncontrolled cellular proliferation and tumor formation. This is notably observed in the development of schwannomas, particularly vestibular schwannomas, and meningiomas, which commonly arise in individuals with neurofibromatosis type 2 (NF2). Additionally, merlin interacts with several key signaling molecules, including members of the Hippo pathway, affecting cell density and tissue growth, further underscoring its pivotal role in tumor suppression.",1
FLT1,4017,0.2105263157894736,0.0526315789473684,0.0,0.6578947368421053,0.0,1.0,0.0789473684210526,0.0,0.931754310130934,0.0,2.7777777777777777,3.333333333333333,0.5611672278338945,1.0,0.8237232289950577,0.983460208103218,198131.4,693.0,0.0410272,2.267814086120588e-05,11.0,0.0,0.0,0.0,0.0,0.0,0.0,2.0,1.0,0.0,0.0,0.0,5.0,25.0,1.0,0.0,0.0,0.0,0.0,8.0,1.0,0.0,2.0,0.0,1.0,0.0,40.0,0.0,32.0,16.02185,146.9817186,24.14105753106909,2.087760125751484,0.3065192187500001,0.0409400069339414,192.0,-0.278550412371134,0.0232408773908638,291.0,0.2896684472049688,0.0303939514384551,483.0,3.577543321492412,0.029408413435658,0.1890433916770044,0.0193912860551046,19.883377322760342,6.366107717521714,"The FLT1 gene, which encodes the Fms-like tyrosine kinase 1 (VEGFR-1), is involved in angiogenesis and plays a critical role in the development and maintenance of blood vessels. Dysregulation of FLT1 has been implicated in several cancer types, where it may contribute to tumor growth and metastasis by promoting vascular permeability and endothelial cell proliferation. Increased FLT1 expression can enhance the availability of vascular endothelial growth factor (VEGF), leading to an angiogenic switch that supports tumor expansion. Moreover, FLT1's role in the suppression of other receptors, such as VEGFR-2, may influence the balance of pro-angiogenic and anti-angiogenic signals in the tumor microenvironment, further complicating its contribution to cancer pathophysiology. Overall, the involvement of FLT1 in cancer highlights its potential impact on tumor vascularization and progression.",1
BCL2,720,0.0,0.0,0.0,1.0,0.0,1.0,0.0,0.0,1.0,0.0,3.0,3.0,1.0,1.0,0.126151129052605,0.3873186140854066,207116.5,522.0,0.06028997,0.0007526383285131,96.0,0.0,0.0,0.0,0.0,0.0,0.0,0.0,0.0,0.0,0.0,0.0,0.0,3.0,0.0,0.0,0.0,0.0,0.0,0.0,0.0,0.0,0.0,0.0,0.0,0.0,3.0,0.0,3.0,20.45333333,40.38453333,20.867890800130777,1.442165013008311,0.2618102803738318,0.0278612998933168,107.0,-0.278648902743142,0.021821457471293,401.0,0.27510218503937,0.0230884205820011,508.0,3.49381307371208,0.0331731420373017,0.0949799555816735,0.0154394438539414,14.203509643302343,2.50326829345219,"Yes, there is a significant relationship between the BCL2 gene and cancer. The BCL2 (B-cell lymphoma 2) gene encodes an anti-apoptotic protein that plays a critical role in regulating the apoptotic process, thereby influencing cell survival. Dysregulation or overexpression of BCL2 can inhibit programmed cell death, allowing cells with DNA damage or oncogenic mutations to survive and proliferate. This evasion of apoptosis is a hallmark of cancer progression, contributing to tumorigenesis and the resistance of cancer cells to therapies. In various hematological malignancies, such as follicular lymphoma and chronic lymphocytic leukemia, BCL2 overexpression is often associated with poor prognosis, highlighting its critical role in the survival and persistence of cancer cells.",1
RUNX1,1443,0.2142857142857142,0.0,0.0,0.5714285714285714,0.0,1.0,0.1428571428571428,0.0714285714285714,0.9108508867100676,0.0,2.2857142857142856,3.142857142857143,1.0,1.0,0.181257930034439,0.4908164281838488,164915.0,429.0,0.04466899,0.000228236935643,70.0,2.0,0.0,0.0,0.0,0.0,0.0,2.0,1.0,0.0,2.0,0.0,8.0,18.0,0.0,0.0,0.0,0.0,0.0,6.0,0.0,0.0,5.0,1.0,1.0,0.0,32.0,0.0,37.0,17.045625,130.4552474,22.5591227718474,1.2465830368645066,0.2590238888888889,0.0344269888083021,90.0,-0.2668705533596838,0.024394980575883,252.0,0.2648116618075803,0.0269462702723765,340.0,3.594286821951936,0.0173779935012253,0.0544701399114144,0.0134169502618771,23.267872901160704,0.6433230326038675,"Yes, there is a relationship between the RUNX1 gene and cancer. RUNX1 is a key transcription factor involved in hematopoiesis and is essential for the regulation of various genes during blood cell development. Mutations or alterations in RUNX1 can lead to disrupted hematopoietic differentiation and contribute to the development of hematological malignancies, such as acute myeloid leukemia (AML) and leukemia linked to myeloproliferative disorders. Mechanistically, RUNX1 mutations can result in the loss of its regulatory functions, leading to aberrant expression of target genes that promote cell proliferation and survival, as well as genomic instability. Additionally, RUNX1 loss-of-function mutations can allow for the improper activation of pathways that drive oncogenesis, further facilitating tumorigenesis in hematopoietic cells. Thus, RUNX1 plays a critical role in maintaining normal cellular homeostasis, and its dysregulation is implicated in the pathogenesis of various cancers, particularly those of the blood.",1
BARX1,765,0.1428571428571428,0.0,0.0,0.8571428571428571,0.0,1.0,0.0,0.0,1.0,0.0,4.0,4.0,1.0,1.0,0.0894454382826475,0.3053780382582247,448425.1,479.0,0.02468942,1.5001733807370685e-05,5.0,0.0,0.0,0.0,0.0,0.0,0.0,0.0,0.0,0.0,0.0,0.0,0.0,12.0,0.0,0.0,0.0,0.0,0.0,2.0,0.0,0.0,0.0,0.0,0.0,0.0,14.0,0.0,14.0,21.90735714,60.07457932,15.015365659163589,0.0711057701501838,0.2241871532846715,0.0124618210425719,137.0,-0.2426046743295019,0.0166381686649896,261.0,0.2362649748743718,0.0152423331958432,398.0,1.919344744820152,1.0238686434926405,0.3492218013324715,0.0278169969819001,15.870469335029991,1.57933537814007,"The BARX1 gene has been implicated in several developmental processes and its dysregulation may be relevant in cancer biology. Specifically, BARX1 is involved in the regulation of cell adhesion and migration, processes that are crucial for tumor progression and metastasis. Abnormal expression of BARX1 has been associated with altered cellular behavior in various cancers, potentially due to its role in epithelial-mesenchymal transition (EMT) and the modulation of signaling pathways that influence tumor microenvironments. Moreover, BARX1 may interact with transcription factors and other signaling molecules, further impacting cell proliferation and survival. Thus, its aberrant expression could contribute to cancer development and progression through multiple mechanisms related to cellular dynamics and microenvironmental interactions.",0
WWC2,3579,0.3235294117647059,0.0294117647058823,0.0294117647058823,0.4411764705882353,0.0,1.0,0.1470588235294117,0.0294117647058823,0.8863903570542518,0.0,1.25,1.9166666666666667,0.851063829787234,1.0,0.657030223390276,0.9329995134293654,244213.5,295.0,-0.00305588,1.432583123143559e-06,12.0,0.0,3.0,0.0,0.0,0.0,0.0,4.0,1.0,0.0,1.0,0.0,1.0,14.0,1.0,0.0,0.0,0.0,0.0,10.0,2.0,0.0,6.0,0.0,1.0,0.0,30.0,0.0,29.0,15.98243333,116.9977107,21.15799352100336,2.163410801580553,0.2050590410958903,0.0195587008865677,73.0,-0.293192376237624,0.0308641877724804,303.0,0.2760813829787235,0.0298297333036822,376.0,3.486364111799768,0.0201832690764481,0.0415549839784647,0.0045913724528561,23.515693737745472,3.609546547973951,"The WWC2 gene, which encodes a protein involved in cellular signaling and cytoskeletal organization, has been implicated in various cancer-related pathways. It may play a role in the regulation of cell adhesion and migration, which are critical processes in tumor progression and metastasis. Dysregulation of WWC2 expression could affect the Hippo signaling pathway, potentially leading to aberrant cell proliferation and survival. Furthermore, alterations in WWC2 may disrupt interactions with components of the extracellular matrix, influencing tumor microenvironment interactions. As such, changes in WWC2 expression or function could contribute to the hallmarks of cancer, including sustained proliferation, invasion, and evasion of apoptosis. However, further research is needed to clarify its precise roles and mechanisms in specific cancer types.",0
TMEM235,672,0.25,0.0,0.0,0.75,0.0,1.0,0.0,0.0,1.0,0.0,1.5,1.5,1.0,1.0,0.8271298593879239,0.9841137896051744,649122.9543319192,444.4009897808343,0.0198885680771551,0.0,0.0,1.0,0.0,3.0,0.0,1.0,0.0,0.0,0.0,0.0,0.0,0.0,0.0,3.0,0.0,0.0,0.0,0.0,0.0,1.0,0.0,0.0,0.0,0.0,0.0,0.0,9.0,0.0,9.0,5.437444444,41.07332953,14.869881326958746,0.1809205789259534,0.2749836032388666,0.0281759285394029,247.0,-0.2235966423357664,0.0125454785209961,137.0,0.2566502343750003,0.0231596899176994,384.0,0.4495276341276901,0.646322205720586,0.111514500398345,0.0145173604745375,20.060674391099585,2.322449260305919,"The relationship between the TMEM235 gene and cancer is currently not well-established in the scientific literature. However, emerging studies suggest that variations in TMEM235 expression could influence cellular processes such as proliferation, apoptosis, and metabolic regulation, which are critical in oncogenesis. Potential mechanisms may involve the modulation of cellular signaling pathways or the regulation of ion channels that contribute to the tumor microenvironment, thereby impacting cancer cell viability and migration. Further research is necessary to elucidate the exact roles and mechanisms by which TMEM235 may be implicated in cancer progression or suppression.",0
FOXP4,2043,0.4,0.1,0.0,0.4,0.0,1.0,0.1,0.0,0.939794000867204,0.0,0.8,1.2,0.4897159647404506,1.0,0.6697923643670463,0.9382367840301764,461476.2,388.0,0.04313882,5.923312294244743e-06,7.0,0.0,0.0,0.0,0.0,0.0,0.0,0.0,1.0,0.0,0.0,0.0,2.0,4.0,1.0,0.0,0.0,0.0,0.0,4.0,0.0,0.0,0.0,0.0,1.0,0.0,11.0,0.0,12.0,18.49654545,250.5835099,21.939292018688345,1.4324186272067816,0.3162235483870966,0.083704308922476,186.0,-0.2485779527559055,0.0188796700894263,127.0,0.2887762939297124,0.0583637152400672,312.0,3.2837935191506387,0.0368786773536532,0.0515184470259129,0.0065626243861059,22.499201471113548,1.1947393779819535,"Yes, there is a relationship between the FOXP4 gene and cancer. FOXP4 has been implicated in various malignancies, where its expression levels can be dysregulated. The gene encodes a forkhead box transcription factor that plays a role in cellular processes such as differentiation, proliferation, and apoptosis. Its aberrant expression has been associated with tumorigenesis through mechanisms including alterations in cell cycle regulation, epithelial-mesenchymal transition, and modulation of immune responses. Furthermore, FOXP4 may interact with other oncogenic pathways, contributing to the aggressive phenotype of certain cancers. These interactions indicate that FOXP4 may influence the tumor microenvironment and impact cancer progression.",0
DDX53,1896,0.2142857142857142,0.0714285714285714,0.0,0.6785714285714286,0.0,1.0,0.0357142857142857,0.0,0.964675499615729,0.0,2.7142857142857144,3.142857142857143,0.4468275245755137,1.0,0.6353240152477764,0.9235197903400328,86946.77,444.4009897808343,0.005687223,4.858523133523004e-08,3.0,0.0,0.0,0.0,0.0,0.0,0.0,0.0,1.0,0.0,0.0,0.0,0.0,19.0,2.0,0.0,0.0,0.0,0.0,6.0,0.0,0.0,0.0,0.0,1.0,0.0,27.0,0.0,21.0,10.49174074,101.0413385,21.88701420269522,1.8204614569819408,0.2066855263157895,0.0162215781663859,76.0,-0.297831347150259,0.0448404373492173,193.0,0.2720801115241635,0.038354388107077,269.0,1.4567790420617202,1.226163525516457,0.111514500398345,0.0145173604745375,20.060674391099585,2.322449260305919,"The DDX53 gene, encoding a member of the DEAD-box RNA helicase family, is implicated in various cellular processes, including RNA metabolism and gene expression regulation. Its potential relationship with cancer may arise from its role in modulating the transcriptional activity of oncogenes and tumor suppressor genes, as well as influencing the splicing and stability of mRNAs critical for cell proliferation and survival. Dysregulation of DDX53 could lead to altered cellular responses to stress, modifications in the tumor microenvironment, or disruption of signaling pathways involved in oncogenesis. Additionally, aberrant expression levels of helicases have been correlated with poor prognosis in certain cancers, suggesting that DDX53 might contribute to malignant transformation and tumor progression through mechanisms related to RNA processing and cellular homeostasis.",0
SLC25A43,1026,0.1538461538461538,0.0,0.0769230769230769,0.6923076923076923,0.0,1.0,0.0769230769230769,0.0,0.958424899318874,0.0,3.0,3.6666666666666665,0.6090133982947625,1.0,0.7501875468867217,0.9658154847686208,655774.7,444.4009897808343,0.03415753,0.0,3.0,0.0,0.0,0.0,0.0,0.0,0.0,0.0,1.0,0.0,0.0,0.0,0.0,10.0,0.0,0.0,0.0,0.0,0.0,2.0,1.0,0.0,0.0,1.0,1.0,0.0,12.0,0.0,13.0,19.357,28.06839527,13.6627980344183,0.033994610298887,0.2484683606557375,0.0333107708964638,122.0,-0.2819446017699115,0.0259606115768489,113.0,0.2645654468085107,0.0299313414847353,234.0,3.349912192236131,0.0160482495947026,0.2010623505148792,0.0552863720319077,20.060674391099585,2.322449260305919,"The SLC25A43 gene encodes a mitochondrial transporter involved in the exchange of metabolites across the mitochondrial membrane. Emerging evidence suggests a potential link between SLC25A43 expression and cancer, particularly in the context of altered metabolic pathways that favor tumor growth and survival. Dysregulation of SLC25A43 may influence cellular respiration, fatty acid metabolism, and the production of reactive oxygen species, creating an environment conducive to oncogenic transformation. Additionally, aberrant expression of this gene could affect the mitochondrial dynamics and bioenergetics of cancer cells, leading to enhanced proliferation and resistance to apoptosis, thereby contributing to cancer progression. Nonetheless, the precise mechanisms through which SLC25A43 may facilitate cancer development remain an active area of research.",0
NBPF3,1902,0.1428571428571428,0.0714285714285714,0.0,0.7857142857142857,0.0,1.0,0.0,0.0,1.0000000000000004,0.0,3.6666666666666665,4.0,0.8920606601248885,1.0,0.2297266253158741,0.5676235383804643,563177.7,283.0,0.03702769,1.26371283600988e-05,6.0,0.0,0.0,0.0,0.0,0.0,0.0,0.0,0.0,0.0,0.0,0.0,0.0,11.0,1.0,0.0,0.0,0.0,0.0,2.0,0.0,0.0,0.0,0.0,0.0,0.0,14.0,0.0,10.0,8.120857143,79.48492552,21.88701420269522,1.8204614569819408,0.2014148863636363,0.0115178189402168,88.0,-0.2553109056603772,0.0167519324241766,265.0,0.2418750708215297,0.0159558436972251,353.0,3.279649455113172,0.0124137303246173,0.027602227116716,0.0017598202210502,20.060674391099585,2.322449260305919,"The relationship between the NBPF3 gene and cancer is not fully characterized, but there are indications that it may play a role in tumor biology. NBPF3 is involved in the regulation of gene expression and has been linked to the modulation of cellular signaling pathways. Aberrant expression of NBPF3 could disrupt normal cellular functions, potentially leading to uncontrolled cell proliferation and tumorigenesis. Additionally, its interactions with chromatin remodeling complexes might influence genomic stability, a critical factor in cancer development. Further research is necessary to elucidate the precise mechanisms by which NBPF3 may contribute to cancer progression.",0
KRTAP25-1,309,0.2857142857142857,0.0,0.0,0.7142857142857143,0.0,1.0,0.0,0.0,0.8982265179691364,0.0,1.6666666666666667,1.6666666666666667,1.0,1.0,0.8561643835616438,0.9891206202106466,649122.9543319192,444.4009897808343,0.0198885680771551,0.0,0.0,0.0,0.0,0.0,0.0,0.0,0.0,0.0,0.0,0.0,0.0,0.0,0.0,5.0,0.0,0.0,0.0,0.0,0.0,2.0,0.0,0.0,0.0,0.0,0.0,0.0,7.0,0.0,7.0,5.950142857,42.48540981,21.88701420269522,1.8204614569819408,0.2420543678160918,0.0174452080341887,87.0,-0.2636422357723578,0.0206759999945727,246.0,0.2580021621621622,0.0198670486507326,333.0,0.0010108269676127,0.0010554896066822,0.111514500398345,0.0145173604745375,20.060674391099585,2.322449260305919,"The relationship between the KRTAP25-1 gene and cancer is currently unknown. While KRTAP25-1 is primarily involved in the structural composition of hair and the outer layer of skin through its encoding of keratin-associated proteins, any potential link to cancer is speculative. Some studies suggest that keratin and its associated proteins may play roles in cellular processes such as differentiation, proliferation, and migration, which could impact tumorigenesis if dysregulated. However, systematic investigation into the specific contributions of KRTAP25-1 to oncogenic pathways or tumor suppression has yet to be extensively explored or established in the scientific literature.",0
ZNF180,2079,0.1,0.1,0.0,0.7,0.0,1.0,0.1,0.0,0.8810531526149674,0.0,5.25,6.75,0.931098696461825,1.0,0.0118183752097761,0.0642695031266064,743732.8,511.0,-0.05495586,2.599860741226513e-07,3.0,0.0,0.0,0.0,0.0,0.0,0.0,3.0,0.0,0.0,0.0,0.0,0.0,21.0,3.0,0.0,0.0,0.0,0.0,3.0,0.0,0.0,3.0,0.0,0.0,0.0,27.0,0.0,21.0,20.00507407,70.7679753,16.924363659527142,1.9014991903329608,0.2669894240837698,0.038500604953877,191.0,-0.2560305128205128,0.0208223841726385,156.0,0.26206265129683,0.0304997022328346,347.0,3.287292102254765,0.0050377491683527,0.0455400511618251,0.00656218917781,20.060674391099585,2.322449260305919,"The ZNF180 gene, a member of the zinc finger protein family, has been implicated in various biological processes, including transcriptional regulation and cell differentiation. Dysregulation of ZNF180 has been observed in certain cancer types, suggesting a potential role in tumorigenesis. Possible mechanisms involve altered expression levels affecting oncogenic pathways, influencing cell cycle progression, apoptosis, or epithelial-mesenchymal transition. Furthermore, ZNF180 may interact with other transcription factors or chromatin remodeling complexes, potentially leading to changes in gene expression profiles conducive to cancer development. However, the detailed effects and specific pathways remain a subject of ongoing research.",0
PURB,939,0.4166666666666667,0.0,0.0,0.5833333333333334,0.0,1.0,0.0,0.0,1.0,0.0,1.1666666666666667,1.1666666666666667,1.0,1.0,0.564652738565782,0.8873768259744192,1107527.0,219.0,0.05379395,1.7728337987400488e-05,22.0,0.0,0.0,0.0,0.0,0.0,0.0,0.0,0.0,0.0,0.0,0.0,0.0,7.0,0.0,0.0,0.0,0.0,0.0,5.0,0.0,0.0,0.0,0.0,0.0,0.0,12.0,0.0,12.0,20.06666667,65.84415152,26.80550279469375,0.4343083871498893,0.2978568058968059,0.02520851590061,407.0,-0.2473916923076922,0.0160753844799038,65.0,0.2909071610169492,0.0242170337834304,472.0,3.657441877292952,0.0028806596362772,0.0919923141114869,0.0068747709343975,23.786787389411653,0.8378852787542405,"The PURB gene, which encodes a member of the PUR (pyrimidine-rich) family of RNA-binding proteins, has been implicated in various cellular processes including mRNA stabilization and the regulation of gene expression. Dysregulation of PURB may influence cancer development through mechanisms such as altered expression of target genes involved in cell proliferation, apoptosis, and DNA damage response. Additionally, PURB can affect cellular pathways relevant to tumorigenesis, including those regulating the cell cycle and epithelial-mesenchymal transition. Although the precise relationship between PURB and specific cancer types remains under investigation, its role in modulating key oncogenic pathways suggests that it could contribute to cancer biology.",0
GP5,1683,0.3,0.0,0.0,0.7,0.0,1.0,0.0,0.0,1.0,0.0,2.0,2.0,1.0,1.0,0.1471886959081542,0.429208105642978,324325.2,269.0,0.02665309,0.0,1.0,0.0,0.0,0.0,0.0,0.0,0.0,0.0,0.0,0.0,0.0,0.0,0.0,15.0,0.0,0.0,0.0,0.0,0.0,6.0,0.0,0.0,0.0,1.0,0.0,0.0,20.0,0.0,20.0,12.0084,61.02059931,20.05393024033524,1.7558929895914417,0.3719204683195594,0.079683598890664,363.0,-0.2929186075949366,0.0324738576249594,79.0,0.3578002262443439,0.0720711097790871,442.0,1.7641091384839336,0.4034295527350848,0.111514500398345,0.0145173604745375,20.060674391099585,2.322449260305919,"The GP5 gene encodes a glycoprotein that is part of the platelet surface receptor complex involved in blood clotting and platelet aggregation. Although direct associations between GP5 and cancer are not well established, dysregulation of platelet function has been implicated in cancer progression and metastasis. Mechanistically, aberrant GP5 expression may influence thrombus formation and the tumor microenvironment, potentially facilitating tumor cell survival, immune evasion, and vascularization. Moreover, the interactions between platelets and tumor cells could promote a pro-tumorigenic milieu, suggesting that GP5 may play a role in the interplay between hemostasis and cancer biology, although further research is needed to elucidate these connections comprehensively.",0
NCSTN,2130,0.1875,0.0,0.0,0.6875,0.0,1.0,0.0625,0.0625,1.0,0.0,2.75,3.25,1.0,1.0,0.0386892095794482,0.1645140457330067,987854.8,526.0,0.02785902,0.0002200743762733,80.0,0.0,0.0,0.0,0.0,0.0,0.0,1.0,0.0,0.0,1.0,0.0,0.0,10.0,0.0,0.0,0.0,0.0,0.0,3.0,1.0,0.0,2.0,0.0,0.0,0.0,14.0,0.0,15.0,23.03764286,94.32769163,23.30305081701721,0.450573345664553,0.2917982957393484,0.030812518312666,399.0,-0.1847921875,0.0072953456498991,32.0,0.2838535266821347,0.0298342869577661,431.0,3.626679270166028,0.003649829834169,0.0409146159489187,0.0077198347316252,18.743789922974685,0.9504728480948222,"The NCSTN gene encodes a protein that plays a role in the Notch signaling pathway, which is crucial for cell differentiation, proliferation, and apoptosis. Dysregulation of Notch signaling has been implicated in various cancers, as aberrations can lead to altered cellular communication and increased cell survival, contributing to tumorigenesis. Additionally, mutations or abnormal expression levels of NCSTN may influence these processes, thereby impacting cancer progression and metastasis. Research suggests that changes in NCSTN function could potentially affect the balance between stem cell maintenance and differentiation, factors that are often disrupted in cancerous tissues.",0
IFNAR2,1548,0.2,0.1,0.1,0.5,0.0,1.0,0.1,0.0,0.8568636235841013,0.0,1.6666666666666667,2.6666666666666665,0.1037882719252724,1.0,0.8298755186721992,0.9846303460104716,861799.8,317.0,0.08691223,5.3094557097748055e-06,12.0,0.0,0.0,0.0,0.0,0.0,0.0,1.0,0.0,0.0,0.0,0.0,2.0,5.0,1.0,0.0,0.0,0.0,0.0,2.0,1.0,0.0,1.0,0.0,0.0,0.0,11.0,0.0,10.0,12.53345455,73.83009387,14.94905415268588,0.2220506936304138,0.2450751063829787,0.0177120047628917,94.0,-0.2630195867768595,0.0225630388039779,242.0,0.2579994047619048,0.0212140574856147,336.0,3.439401306665378,0.0074126273824489,0.0216970013894958,0.0018077467512529,16.518744127848734,0.6014001248733924,"The IFNAR2 gene encodes a subunit of the interferon alpha/beta receptor, which plays a crucial role in mediating the effects of type I interferons, important cytokines in the immune response. There is emerging evidence suggesting that alterations in the expression or function of IFNAR2 may influence cancer progression. Specifically, downregulation of IFNAR2 can lead to impaired interferon signaling, which may enhance tumor cell survival and proliferation due to reduced apoptosis and altered immune surveillance. Additionally, changes in the interferon signaling pathway can facilitate an immunosuppressive tumor microenvironment, potentially contributing to tumor growth and metastasis. These mechanisms highlight the potential relevance of IFNAR2 in cancer biology, although the exact nature and implications of this relationship continue to be an area of active research.",0
SCYL1,2427,0.2941176470588235,0.0,0.0588235294117647,0.4705882352941176,0.0,1.0,0.1176470588235294,0.0588235294117647,0.9315714232285018,0.0,1.3333333333333333,2.0,0.554016620498615,1.0,0.5830903790087464,0.8976169566285149,3988328.0,197.0,0.04558013,3.0654029091055934e-05,16.0,0.0,0.0,0.0,0.0,0.0,0.0,2.0,0.0,0.0,1.0,0.0,0.0,8.0,0.0,0.0,0.0,0.0,0.0,5.0,1.0,0.0,3.0,0.0,0.0,0.0,14.0,0.0,17.0,18.48407143,86.56949269,25.267404826963304,0.2359688261748214,0.2398695833333331,0.0360127642758732,168.0,-0.2339762280701754,0.0194525521900714,114.0,0.2374871631205672,0.0292335545442366,282.0,3.5715283447679624,0.0027823807071217,0.056765094301138,0.0072953054507302,22.46100973850016,1.2217818869795942,"The SCYL1 gene, which encodes a protein involved in intracellular transport and signaling, has been implicated in several cellular processes that can influence cancer progression. Alterations in SCYL1 expression can affect endosomal trafficking and the regulation of receptor signaling, potentially leading to dysregulated cell proliferation and survival pathways commonly associated with tumorigenesis. Additionally, SCYL1 has been linked to the modulation of the immune response, which can impact tumor microenvironment dynamics. Consequently, its dysfunction might contribute to altered cellular behaviors typical of cancer cells, such as enhanced migration, invasion, and evasion of apoptosis, highlighting a possible relationship between SCYL1 and cancer.",0
SYT15,1266,0.5,0.0,0.0,0.3333333333333333,0.0,1.0,0.1666666666666666,0.0,1.0,0.0,0.5,0.75,1.0,1.0,0.8912655971479501,0.993861681907758,165244.6,269.0,0.02003194,0.0,1.0,0.0,0.0,0.0,0.0,0.0,0.0,1.0,0.0,0.0,0.0,0.0,0.0,4.0,0.0,0.0,0.0,0.0,0.0,1.0,0.0,0.0,1.0,0.0,0.0,0.0,5.0,0.0,6.0,17.1965,112.6050245,21.88701420269522,1.8204614569819408,0.2309630894308943,0.0143112080592296,123.0,-0.3319998841698842,0.0522890510786687,259.0,0.2994670942408377,0.0422254011692246,382.0,3.0492492350640577,0.0967651812996301,0.0,0.0,20.060674391099585,2.322449260305919,"Yes, there is a relationship between the SYT15 gene and cancer. SYT15 is associated with cell signaling pathways that regulate processes such as vesicle trafficking and neurotransmitter release, which can influence tumor microenvironment interactions and promote cancer cell proliferation and metastasis. Dysregulation or mutations in SYT15 may mislead these signaling pathways, contributing to oncogenic processes. For instance, altered expression of SYT15 can affect the modulation of synaptic activity and cellular communication, which may facilitate the survival of malignant cells and enhance their invasive capabilities. Additionally, the gene's involvement in endocytosis can impact the uptake of growth factors and receptors critical for tumor growth, further implicating it in cancer biology.",0
DEFB112,342,0.2857142857142857,0.1428571428571428,0.0,0.5714285714285714,0.0,1.0,0.0,0.0,1.0,0.0,1.3333333333333333,1.6666666666666667,0.7800312012480499,1.0,0.7751937984496124,0.9725908669562642,65301.15,1242.0,-0.003058263,0.0,0.0,0.0,0.0,0.0,0.0,0.0,0.0,0.0,0.0,0.0,0.0,0.0,1.0,4.0,1.0,0.0,0.0,0.0,0.0,2.0,0.0,0.0,0.0,0.0,0.0,0.0,8.0,0.0,8.0,9.354875,137.3178653,21.77200187289526,2.0964837029113044,0.2602390322580644,0.0279503165514908,186.0,-0.2447102419354839,0.021778672901567,124.0,0.2540275161290321,0.0254612504614479,310.0,0.0131500720081697,0.0168433982991422,0.111514500398345,0.0145173604745375,20.060674391099585,2.322449260305919,"The DEFB112 gene encodes a member of the defensin family, which are antimicrobial peptides involved in innate immunity. There is emerging evidence suggesting that defensins, including DEFB112, may play a role in cancer biology. Specific mechanisms include their potential to modulate immune responses within the tumor microenvironment, influencing tumor growth and metastasis. By attracting immune cells or exerting cytotoxic effects on cancer cells, DEFB112 could alter tumor dynamics. Additionally, aberrant expression of defensins has been linked to inflammatory processes, which are known to contribute to cancer development and progression. However, the exact relationship and functional implications of DEFB112 in cancer remain to be fully elucidated.",0
RSPH1,930,0.4,0.1,0.0,0.5,0.0,1.0,0.0,0.0,1.0,0.0,1.0,1.2,0.4557885141294439,1.0,0.6365372374283895,0.9240689747125932,411865.1,374.0,0.06741254,0.0,1.0,0.0,0.0,0.0,0.0,0.0,0.0,0.0,0.0,0.0,0.0,0.0,0.0,4.0,1.0,0.0,0.0,0.0,0.0,4.0,1.0,0.0,0.0,0.0,0.0,0.0,10.0,0.0,10.0,15.1771,207.2787419,20.73889261978048,2.6151509995724704,0.2461544444444443,0.0175137542474407,90.0,-0.2625618352059924,0.0195183140120328,267.0,0.2584255182072829,0.0190132469731155,357.0,2.699727399070416,0.2667845783901,0.0691480773443355,0.0097672008318342,19.929396649313738,3.9700957688648257,"The RSPH1 gene encodes a protein that is involved in the structure and function of cilia, which are hair-like organelles that play critical roles in cellular signaling, motility, and the maintenance of tissue homeostasis. Dysfunction or aberrant regulation of cilia has been implicated in various cancer types, as cilia are involved in pathways that regulate cell proliferation, differentiation, and survival. Specifically, the RSPH1 protein may influence the primary cilium's ability to modulate Hedgehog signaling and other key pathways associated with oncogenesis. Thus, alterations in RSPH1 expression or function could theoretically impact tumorigenesis or cancer progression through disruption of ciliary functions and downstream signaling cascades, although direct evidence linking RSPH1 to specific cancers remains to be fully elucidated.",0
CDC37,1137,0.375,0.0,0.0,0.625,0.0,1.0,0.0,0.0,1.0,0.0,1.25,1.25,1.0,1.0,0.2120441051738761,0.5409162389048185,1956832.0,207.0,0.03754683,0.0013196540513216,175.0,0.0,0.0,0.0,0.0,0.0,0.0,0.0,0.0,0.0,0.0,0.0,0.0,5.0,0.0,0.0,0.0,0.0,0.0,3.0,0.0,0.0,0.0,0.0,0.0,0.0,8.0,0.0,8.0,21.29125,77.78049821,27.617556480328865,0.1875497065112149,0.3351783333333333,0.0784985290918163,168.0,-0.2182150961538461,0.0116789554482998,208.0,0.2704752659574465,0.044795205366329,376.0,3.685149775744765,0.0025874202138477,0.0812229384711225,0.0125759351422732,20.802336475298656,2.001713320716738,"Yes, there is a relationship between the CDC37 gene and cancer. CDC37 encodes a co-chaperone protein that is involved in the stabilization and proper functioning of various protein kinases, including several known to be oncogenic, such as Src and Akt. Dysregulation of CDC37 can lead to the accumulation of these oncoproteins, promoting tumorigenesis through mechanisms such as enhanced cell proliferation, survival, and resistance to apoptosis. Additionally, CDC37 can facilitate the assembly and activity of protein complexes that drive abnormal signaling pathways, further contributing to cancer development and progression. The dysregulation of CDC37 itself has been implicated in various malignancies, highlighting its role as a potential contributor to tumor biology.",0
SHISA8,1194,0.5555555555555556,0.0,0.0,0.4444444444444444,0.0,1.0,0.0,0.0,1.0,0.0,0.6666666666666666,0.6666666666666666,1.0,1.0,0.8517887563884157,0.9884299160186582,649122.9543319192,444.4009897808343,0.0198885680771551,0.0,0.0,0.0,0.0,0.0,0.0,0.0,0.0,0.0,0.0,0.0,0.0,0.0,0.0,4.0,0.0,0.0,0.0,0.0,0.0,5.0,0.0,0.0,0.0,0.0,0.0,0.0,9.0,0.0,9.0,15.25111111,23.00213611,21.88701420269522,1.8204614569819408,0.2638164016874681,0.0370683991865753,190.13201675643327,-0.2623792743604192,0.0349935889004216,187.6534410532616,0.2724842722630945,0.0397860230283488,377.6466786355476,1.1261869389563408,0.7455871521779349,0.1924350924978712,0.0197703225438105,17.655626137333776,1.2338017007563484,"The SHISA8 gene has been implicated in various cellular processes, including neuronal differentiation and synaptic signaling, but its direct association with cancer is not well-established. However, emerging research suggests that SHISA8 may influence oncogenic pathways through its role in modulating the activity of the Wnt signaling pathway, which is critical for cell proliferation, migration, and differentiation. Dysregulation of Wnt signaling can lead to tumorigenesis, and variations in SHISA8 expression may alter the balance of this pathway, potentially contributing to cancer development. Further studies are needed to elucidate the precise mechanisms by which SHISA8 may be related to cancer pathology.",0
NR2C1,1812,0.1176470588235294,0.0588235294117647,0.0,0.8235294117647058,0.0,1.0,0.0,0.0,1.0,0.0,4.666666666666667,5.0,0.7745933384972892,1.0,0.0600024000960038,0.2288113954134174,365825.9,544.0,0.02734335,5.294745434637847e-06,27.0,0.0,0.0,0.0,0.0,0.0,0.0,0.0,0.0,0.0,0.0,0.0,2.0,14.0,1.0,0.0,0.0,0.0,0.0,2.0,0.0,0.0,0.0,0.0,1.0,0.0,18.0,0.0,14.0,22.52161111,83.7035599,21.87926422644784,2.3519096588681143,0.2178796296296297,0.0112189849095632,135.0,-0.2166013286713286,0.0149907428116024,143.0,0.2172220863309351,0.0131124293494221,278.0,3.409197095732684,0.0038209770677712,0.0605751091279649,0.0031205241712916,20.851128017137373,1.4458463062718034,"The NR2C1 gene, encoding the nuclear receptor subfamily 2 group C member 1, has been implicated in various cancer types through its role in regulating gene expression and cellular signaling pathways. aberrant expression or function of NR2C1 may influence processes such as cell proliferation, differentiation, and apoptosis, thereby contributing to tumorigenesis. Specifically, NR2C1 can interact with co-regulators and other transcription factors, potentially leading to altered transcriptional programs that promote oncogenesis or tumor suppression. Additionally, its involvement in the regulation of hormone signaling pathways may further suggest a link between NR2C1 activity and hormone-dependent cancers. Overall, the mechanisms by which NR2C1 may contribute to cancer remain an area of active investigation.",0
CEP89,2352,0.1875,0.0,0.0625,0.6875,0.0,1.0,0.0625,0.0,0.90625,0.0,2.75,3.25,0.5347593582887701,1.0,0.4029008863819501,0.7691638544651149,478721.0,448.0,-0.01989291,2.273375711277503e-07,2.0,0.0,0.0,0.0,0.0,0.0,0.0,1.0,0.0,0.0,0.0,0.0,1.0,11.0,0.0,0.0,0.0,0.0,0.0,3.0,1.0,0.0,2.0,0.0,0.0,0.0,15.0,0.0,16.0,14.69046667,89.42312212,20.30759617818715,2.0567878192058227,0.3328422123893806,0.0882773570448614,226.0,-0.3099467948717949,0.0594254173857898,155.0,0.3234922513089004,0.0764349741083041,379.0,3.480081889220948,0.0043096009440221,0.079015697052793,0.0085706865193671,22.13722843337913,1.0969426927678618,"The role of the CEP89 gene in cancer is not well-defined, but it may be implicated in tumorigenesis through its association with centrosome function and stability. CEP89 is involved in the maintenance of centrosome integrity, which is crucial for proper cell division. Dysregulation of centrosome dynamics can lead to aneuploidy and genomic instability, both of which are hallmarks of many cancers. Furthermore, CEP89 has been shown to interact with other centrosomal proteins, suggesting that alterations in its expression or function could affect the cell cycle and contribute to cancer progression. However, direct links between CEP89 and specific cancer types remain to be fully elucidated.",0
SH3KBP1,1998,0.2333333333333333,0.0666666666666666,0.0,0.5333333333333333,0.0,1.0,0.1666666666666666,0.0,0.8529178235345176,0.0,2.0,2.875,0.6406149903907752,1.0,0.5995203836930456,0.9062501822161602,340334.2,444.4009897808343,0.05816163,0.006903557462767,259.0,0.0,0.0,0.0,0.0,0.0,0.0,3.0,2.0,0.0,0.0,0.0,5.0,15.0,1.0,0.0,0.0,0.0,0.0,7.0,1.0,0.0,3.0,0.0,2.0,0.0,29.0,0.0,29.0,18.14117241,146.7534863,25.36256450226002,0.3397859272013588,0.225413086419753,0.0240655785466049,81.0,-0.2920501047120418,0.0442005988757784,191.0,0.2722059926470588,0.039025569703808,272.0,3.496794910527876,0.0091876639575918,0.189374579088137,0.0488656849234693,25.353918418686792,0.9910074426681128,"The SH3KBP1 gene, which encodes the SH3-domain containing kinase-binding protein 1, has been implicated in cancer through its role in regulating various signaling pathways. It functions as a negative regulator of the EGF receptor and modulates the activities of several kinases, including those involved in cell proliferation and migration. Dysregulation of SH3KBP1 can lead to altered signaling cascades that contribute to tumorigenesis, including enhanced cell survival and proliferation, as well as alterations in the epithelial-mesenchymal transition (EMT). Furthermore, its interactions with other proteins involved in intracellular signaling may affect angiogenesis and metastasis, highlighting the potential significance of SH3KBP1 in the cancer phenotype.",0
RNFT2,1335,0.6,0.0,0.0,0.4,0.0,1.0,0.0,0.0,1.0,0.0,0.5714285714285714,0.5714285714285714,1.0,1.0,0.9363295880149812,0.9979285960093662,225255.2,411.0,0.0037288079999999,0.0,0.0,1.0,0.0,0.0,0.0,0.0,0.0,0.0,0.0,0.0,0.0,0.0,0.0,6.0,0.0,0.0,0.0,0.0,0.0,6.0,1.0,0.0,0.0,0.0,1.0,0.0,13.0,0.0,13.0,12.26446154,52.86753594,18.128813800367965,3.810953828177407,0.2218046043165468,0.0131735819366176,139.0,-0.2176164429530202,0.0140982751636132,149.0,0.2196378124999999,0.0136089213899716,288.0,3.0497962207516505,0.0591483399765024,0.0590810925186336,0.0108642440739997,18.800006897411773,2.879626824672264,"The relationship between the RNFT2 gene and cancer is not extensively characterized, but some studies suggest a potential involvement in oncogenic processes. RNFT2, which plays a role in RNA processing and transport, may influence the regulation of gene expression and cellular stress responses. Alterations in the expression or function of RNFT2 could impact oncogenic signaling pathways or promote tumorigenesis by affecting the stability of mRNA or influencing the splicing of key regulatory proteins. Additionally, aberrant regulation of RNFT2 may contribute to the dysregulation of cellular proliferation and apoptosis, both of which are critical in cancer development. Further research is needed to elucidate the specific mechanisms by which RNFT2 may be implicated in cancer.",0
EML4,2946,0.0833333333333333,0.1666666666666666,0.0833333333333333,0.5,0.0,1.0,0.1666666666666666,0.0,0.7301310573425013,0.0,3.0,5.5,0.2168256721595837,1.0,0.2654632333421821,0.6175415260711186,251362.8,292.0,0.01711884,8.807396642197659e-06,12.0,0.0,0.0,0.0,0.0,0.0,0.0,1.0,1.0,0.0,0.0,0.0,1.0,6.0,2.0,0.0,0.0,0.0,0.0,1.0,1.0,0.0,1.0,0.0,1.0,0.0,11.0,0.0,13.0,25.55981818,156.09315,26.63515168144849,0.5960150663498934,0.2412416228070173,0.0180553697519804,228.0,-0.2293433846153845,0.0190298588508653,65.0,0.2386020819112624,0.0182316453501028,293.0,3.718723860523578,0.0059239943030054,0.0454091857527405,0.008793531301733,26.193797713353792,0.5967686032104318,"Yes, there is a relationship between the EML4 gene and cancer, particularly in the context of non-small cell lung cancer (NSCLC). The EML4 gene can undergo a chromosomal rearrangement, leading to the formation of EML4-ALK fusion oncogenes. This fusion results in the constitutive activation of the ALK (anaplastic lymphoma kinase) signaling pathway, which promotes cell proliferation, survival, and metastasis. The EML4-ALK fusion protein can also disrupt normal cellular signaling and lead to the activation of downstream pathways such as the RAS/RAF/ERK and PI3K/AKT pathways, contributing to tumorigenesis. Aberrant expression of EML4 and its fusion products has been implicated in the pathogenesis of various cancers, making it a significant target for understanding cancer biology and progression.",0
SH3RF2,2190,0.4736842105263157,0.0526315789473684,0.0526315789473684,0.4210526315789473,0.0,1.0,0.0,0.0,0.975220114382459,0.0,0.8,1.0,0.2340276152586005,1.0,0.6978367062107467,0.9488975218744136,396248.3,406.0,-0.00677675,0.0001207573320434,31.0,0.0,0.0,0.0,0.0,0.0,0.0,0.0,0.0,0.0,0.0,0.0,0.0,9.0,1.0,0.0,0.0,0.0,0.0,7.0,2.0,0.0,0.0,1.0,0.0,0.0,18.0,0.0,16.0,18.39516667,151.3109583,19.618351210991083,5.879070533769614,0.2659137037037036,0.0145076331170606,189.0,-0.2495481531531531,0.0174180323879764,222.0,0.2570739172749393,0.0161077132448614,411.0,3.209553576400383,0.1289611336830734,0.0901331272455623,0.0059322386828785,19.990602549995053,2.303488515666982,"The SH3RF2 gene, which encodes a protein belonging to the SH3 domain-containing family, has been implicated in various cellular processes that may influence cancer pathogenesis. The protein is involved in regulating signal transduction pathways, including those related to cell proliferation and apoptosis. Dysregulation of SH3RF2 has been observed in certain cancer types, suggesting that alterations in its expression or function could impact tumorigenesis. Mechanistically, SH3RF2 may interact with key signaling molecules, affecting pathways such as the ubiquitin-proteasome system and influencing oncogenic or tumor-suppressive signaling cascades. These interactions can lead to alterations in cellular homeostasis, contributing to the malignant phenotype of tumor cells. However, the specific roles and mechanisms of SH3RF2 in cancer are still under investigation, warranting further research to clarify its contributions to oncogenesis.",0
LPAR5,1119,0.3846153846153846,0.0,0.0,0.6153846153846154,0.0,1.0,0.0,0.0,1.0000000000000002,0.0,1.3333333333333333,1.3333333333333333,1.0,1.0,0.1982553528945281,0.5190720495841938,2816983.0,210.0,0.06072098,0.0,0.0,2.0,0.0,0.0,0.0,0.0,0.0,0.0,0.0,0.0,0.0,0.0,0.0,9.0,0.0,0.0,0.0,0.0,0.0,5.0,0.0,0.0,0.0,1.0,0.0,0.0,15.0,0.0,15.0,14.81486667,69.4299147,20.64170421648957,1.3628727362472124,0.3432933198380568,0.0733939029125111,247.0,-0.2591044715447155,0.0253586701249233,123.0,0.3153062162162163,0.0588906226853731,370.0,3.004207364020213,0.0429852606719627,0.111514500398345,0.0145173604745375,20.11701114142719,3.206260055081704,"The LPAR5 gene, which encodes a receptor for lysophosphatidic acid (LPA), may have a relationship with cancer development and progression through its role in promoting cell proliferation, survival, and migration. LPA signaling via the LPAR5 receptor can activate pro-oncogenic pathways, such as the Rho family of GTPases and the phosphatidylinositol 3-kinase (PI3K)/Akt pathway, which are crucial for cellular processes associated with tumor growth and metastasis. Additionally, the expression levels of LPAR5 may be altered in various cancer types, suggesting a potential contribution to the tumor microenvironment and cancer cell behavior. Further studies are needed to elucidate the precise mechanisms through which LPAR5 influences cancer biology.",0
ZNF662,1359,0.0,0.0,0.0,1.0,0.0,1.0,0.0,0.0,0.939794000867204,0.0,10.0,10.0,1.0,1.0,0.1237776952593142,0.3823824857652645,301212.3,447.0,0.02137093,2.778256135019172e-07,3.0,0.0,0.0,0.0,0.0,0.0,0.0,0.0,0.0,0.0,0.0,0.0,0.0,10.0,0.0,0.0,0.0,0.0,0.0,0.0,0.0,0.0,0.0,0.0,0.0,0.0,10.0,0.0,10.0,17.1405,56.42282472,21.88701420269522,1.8204614569819408,0.2224540833333332,0.0160898727689005,120.0,-0.2743701745635912,0.0181817217367194,401.0,0.2624125335892515,0.0181467729616454,521.0,3.181710927607564,0.0461930950240577,0.2380861080375022,0.0461350058560552,20.060674391099585,2.322449260305919,"The relationship between the ZNF662 gene and cancer is currently not well-established in the literature; however, studies suggest that ZNF662 may play a role in regulating cellular processes that can be implicated in tumorigenesis. ZNF662 is a member of the zinc finger protein family, which is often involved in transcriptional regulation and chromatin remodeling. Alterations in the expression of zinc finger proteins have been associated with various cancers, potentially affecting cell proliferation, differentiation, and apoptosis. Moreover, aberrant gene regulation by ZNF662 may impact pathways related to tumor suppressor functions or oncogenesis. Further research is needed to clarify its specific roles and the mechanisms through which it may influence cancer development.",0
KCNA6,1590,0.2702702702702703,0.0,0.0,0.7297297297297297,0.0,1.0,0.0,0.0,0.9896238529726188,0.0,2.4545454545454546,2.4545454545454546,1.0,1.0,0.6325110689437066,0.9222375447358222,277088.5,903.0,0.01604414,3.004639535371897e-05,11.0,0.0,0.0,0.0,0.0,0.0,0.0,0.0,0.0,0.0,0.0,0.0,0.0,27.0,0.0,0.0,0.0,0.0,0.0,10.0,0.0,0.0,0.0,0.0,0.0,0.0,37.0,0.0,34.0,19.15835135,92.39624423,21.88701420269522,1.8204614569819408,0.3361913253012049,0.0706409074470267,249.0,-0.2573073770491804,0.0260183595633112,122.0,0.310251051212938,0.0572342921418649,371.0,0.525096261148833,0.7089175797774917,0.40761540792983,0.0325094451986201,20.060674391099585,2.322449260305919,"The KCNA6 gene encodes a potassium voltage-gated channel, specifically the Kv6.4 protein, which is involved in regulating membrane potential and neuronal excitability. Alterations in potassium channel expression and activity can influence various cellular processes, including proliferation, apoptosis, and invasion—factors that are crucial in cancer biology. Dysregulation of ion channels, including KCNA6, has been implicated in driving tumorigenesis by modifying the electrical properties of cancer cells, potentially leading to enhanced invasive characteristics and altered signaling pathways. Furthermore, changes in potassium ion homeostasis may affect cellular metabolism and the tumor microenvironment, contributing to cancer progression. However, the direct role of KCNA6 in specific cancer types requires further investigation to clarify its mechanisms and relevance in oncogenesis.",0
ZNF556,1371,0.25,0.1,0.0,0.6,0.0,1.0,0.05,0.0,0.9449911312986874,0.0,2.0,2.5,0.2426595486532395,1.0,0.4524886877828054,0.8113088305564079,1287128.0,291.0,0.02716941,0.0,2.0,0.0,0.0,0.0,0.0,0.0,0.0,1.0,0.0,0.0,0.0,0.0,0.0,13.0,2.0,0.0,0.0,0.0,0.0,5.0,0.0,0.0,1.0,1.0,0.0,0.0,19.0,0.0,18.0,10.16736842,123.404952,21.88701420269522,1.8204614569819408,0.2414331092436976,0.0146712800165218,119.0,-0.2658938768115942,0.0256949426332793,276.0,0.2585246835443035,0.0224544948127802,395.0,2.8428355236976803,0.8605408229813356,0.111514500398345,0.0145173604745375,19.20479609688348,0.784232644073937,"The relationship between the ZNF556 gene and cancer remains currently unknown. However, ZNF556, a member of the zinc finger protein family, may be implicated in cancer through mechanisms related to gene regulation, chromatin modification, and cellular signaling pathways. Zinc finger proteins typically act as transcription factors, influencing the expression of genes involved in cell proliferation, differentiation, and apoptosis. Aberrations in such regulatory networks could contribute to oncogenic processes if ZNF556 is involved in the dysregulation of tumor suppressor genes or oncogenes. Further investigation into its expression patterns, mutations, or interactions with other cellular components in various cancer types is needed to elucidate any potential roles.",0
CEMIP,4086,0.3421052631578947,0.0,0.0263157894736842,0.5789473684210527,0.0,1.0,0.0526315789473684,0.0,0.966127543307337,0.0,1.5714285714285714,1.7857142857142858,0.8992805755395683,1.0,0.222667557336896,0.5571310162782457,265840.5,460.0,0.002078198,4.861743606525569e-07,2.0,0.0,0.0,0.0,0.0,0.0,0.0,1.0,1.0,0.0,0.0,0.0,2.0,22.0,0.0,0.0,0.0,0.0,0.0,13.0,1.0,0.0,1.0,0.0,1.0,0.0,38.0,0.0,27.0,15.85028947,110.0179316,21.07553305304385,1.7784364223390383,0.2638164016874681,0.0370683991865753,190.13201675643327,-0.2623792743604192,0.0349935889004216,187.6534410532616,0.2724842722630945,0.0397860230283488,377.6466786355476,3.4510087505901,0.071811749718526,0.0920569237981805,0.0046798971098653,20.060674391099585,2.322449260305919,"Yes, there is emerging evidence suggesting a relationship between the CEMIP gene and cancer. CEMIP (Cell Migration Inducing Hyaluronan-binding Protein) is implicated in various tumorigenic processes, including promoting cell migration, invasion, and metastasis. This gene encodes a protein that enhances the degradation of the extracellular matrix and is associated with the modulation of the immune response within the tumor microenvironment. Elevated expression levels of CEMIP have been observed in several cancers, where it may facilitate tumor progression by promoting angiogenesis and enhancing cellular proliferation. Additionally, aberrant glycosylation and interactions with hyaluronic acid have been linked to poor prognosis, underscoring the potential role of CEMIP in modifying tumor biology and contributing to cancer aggressiveness.",0
NLGN3,2547,0.4137931034482758,0.0,0.0344827586206896,0.5172413793103449,0.0,1.0,0.0344827586206896,0.0,0.9858036667268664,0.0,1.1538461538461535,1.3076923076923077,0.6868131868131868,1.0,0.9000900090009001,0.9948339429860422,759088.4,444.4009897808343,0.02731504,1.245128222242943e-05,7.0,0.0,0.0,0.0,0.0,0.0,0.0,1.0,0.0,0.0,0.0,0.0,0.0,15.0,0.0,0.0,0.0,0.0,0.0,11.0,1.0,0.0,1.0,0.0,0.0,0.0,27.0,0.0,26.0,18.78974074,96.66562012,23.54549835730535,7.963362534470644,0.2056330107526882,0.0095890259495324,93.0,-0.279297205882353,0.0276510884588017,136.0,0.2493811790393013,0.0215561226955335,229.0,2.676010416453237,0.178480525894045,0.111514500398345,0.0145173604745375,24.948550005927697,0.6306918536898233,"The NLGN3 gene, which encodes a neuronal cell adhesion protein involved in synapse formation, has been implicated in various neurological disorders but its direct relationship with cancer is not well established. Nevertheless, some studies suggest that alterations in cell adhesion molecules, including those associated with NLGN3, could influence tumor progression and metastasis. Changes in the expression or functionality of cell adhesion proteins can affect cellular interactions, potentially promoting a more invasive phenotype in cancer cells. Additionally, the modulation of synaptic components like NLGN3 may indirectly influence the tumor microenvironment, impacting inflammation and neuronal signaling pathways that can create supportive niches for cancer development. However, comprehensive research is needed to elucidate the specific mechanisms linking NLGN3 to cancer biology.",0
RAB29,612,0.2,0.0,0.0,0.8,0.0,1.0,0.0,0.0,1.0,0.0,2.0,2.0,1.0,1.0,0.1848428835489833,0.4969037140218838,717622.2,377.0,0.03693295,9.69364377239321e-07,5.0,0.0,0.0,0.0,0.0,0.0,0.0,0.0,0.0,0.0,0.0,0.0,0.0,4.0,0.0,0.0,0.0,0.0,0.0,1.0,0.0,0.0,0.0,0.0,0.0,0.0,5.0,0.0,5.0,23.6934,74.0328678,21.88701420269522,1.8204614569819408,0.2638164016874681,0.0370683991865753,190.13201675643327,-0.2623792743604192,0.0349935889004216,187.6534410532616,0.2724842722630945,0.0397860230283488,377.6466786355476,2.842285090327978,0.2097717354995392,0.111514500398345,0.0145173604745375,20.060674391099585,2.322449260305919,"The RAB29 gene encodes a member of the RAB family of GTPases, which are involved in intracellular membrane trafficking. Emerging evidence suggests a potential relationship between RAB29 and cancer, particularly in terms of its role in modulating cellular pathways that affect proliferation and survival. RAB29 may influence the autophagy process, which has been implicated in cancer progression and therapy resistance. By regulating the maturation and trafficking of autophagosomes, RAB29 may contribute to the tumor microenvironment's dynamics, potentially promoting tumor cell growth or survival under stress conditions. Additionally, alterations in RAB29 expression have been observed in certain malignancies, hinting at a possible regulatory role in oncogenic signaling pathways. However, further studies are needed to elucidate the precise mechanisms and implications of RAB29 in cancer biology.",0
TMEM64,1143,0.3333333333333333,0.0,0.0,0.5833333333333334,0.0,1.0,0.0833333333333333,0.0,1.0,0.0,1.4,1.6,1.0,1.0,0.5005005005005005,0.8469202603735544,184764.5,746.0,0.00786114,0.0,1.0,0.0,0.0,0.0,0.0,0.0,0.0,0.0,1.0,0.0,0.0,0.0,0.0,8.0,0.0,0.0,0.0,0.0,0.0,4.0,0.0,0.0,0.0,0.0,1.0,0.0,12.0,0.0,13.0,16.78008333,73.39083645,16.780685010424133,3.618652905373816,0.3397521276595743,0.0532211657182111,423.0,-0.2550237704918033,0.0287010844738798,61.0,0.3290735537190081,0.0508573873848604,484.0,3.3976825996062634,0.0158109519766187,0.1949192666856426,0.0157528241316946,18.09757089289669,5.401012959907043,"The TMEM64 gene has been implicated in various cellular processes, and emerging studies suggest a potential relationship between TMEM64 expression and cancer. It has been observed that aberrant expression of TMEM64 may influence cell proliferation and apoptosis, possibly by modulating cellular signaling pathways involved in cancer progression, such as the PI3K/Akt and MAPK pathways. Additionally, TMEM64 may be linked to the regulation of endoplasmic reticulum stress responses, which can affect tumor microenvironments and cancer cell survival. However, the specific mechanisms underlying the relationship between TMEM64 and cancer remain to be fully elucidated and warrant further investigation.",0
SSC5D,4722,0.2758620689655172,0.0172413793103448,0.0,0.6206896551724138,0.0,1.0,0.0862068965517241,0.0,0.954351181048534,0.0,2.117647058823529,2.4705882352941178,0.9049773755656108,1.0,0.6968641114982579,0.9485469332484908,649122.9543319192,444.4009897808343,0.0198885680771551,1.925738609911731e-06,8.0,0.0,0.0,0.0,0.0,0.0,0.0,2.0,3.0,0.0,0.0,0.0,0.0,37.0,1.0,0.0,0.0,0.0,0.0,16.0,0.0,0.0,2.0,1.0,3.0,0.0,53.0,0.0,47.0,13.27981132,96.15279069,23.891419929018834,1.761497086057631,0.2824168341708543,0.0340906377964925,199.0,-0.2605013043478261,0.023781887840163,161.0,0.2726157222222223,0.0295203143560228,360.0,2.853515503525172,0.1194579915064571,0.111514500398345,0.0145173604745375,16.986013290483832,0.3461863307803445,"The SSC5D gene has been implicated in cancer through its potential role in regulating cellular processes such as proliferation, apoptosis, and differentiation. Alterations in SSC5D expression may influence tumor microenvironment interactions and affect immune responses. Additionally, its involvement in cell signaling pathways could contribute to malignant transformation by disrupting normal cellular homeostasis. The mechanisms by which SSC5D may influence cancer progression remain an area of active research, highlighting the need for further studies to elucidate its precise role in oncogenesis and tumor behavior.",0
STOX2,2781,0.0,0.0,0.0,1.0,0.0,1.0,0.0,0.0,1.0,0.0,2.0,2.0,1.0,1.0,0.2566735112936345,0.6057367519969941,169044.5,458.0,-0.01350897,0.0,2.0,1.0,0.0,0.0,0.0,0.0,0.0,0.0,0.0,0.0,0.0,0.0,17.0,1.0,0.0,0.0,0.0,0.0,0.0,1.0,0.0,0.0,0.0,0.0,0.0,0.0,20.0,0.0,19.0,20.89505,61.14471237,17.804350446628494,3.5734147296678715,0.2045536986301369,0.0195984876986301,73.0,-0.2899011784511787,0.0289948036631336,297.0,0.2730623513513515,0.0282395311139683,370.0,3.2504661789306946,0.1049862148767593,0.1235183094543438,0.0148344673399723,18.99876402626809,2.3980232488139537,"The STOX2 gene has been implicated in various cancers, particularly through its role in cellular processes such as proliferation, apoptosis, and epithelial-mesenchymal transition (EMT). Dysregulation of STOX2 may contribute to tumor progression and metastasis by influencing pathways related to oxidative stress and maintaining cellular homeostasis. Elevated expression of STOX2 has been associated with enhanced migratory capabilities of cancer cells, suggesting a potential link to aggressive tumor phenotypes. Additionally, STOX2 may interact with transcription factors and signaling pathways that modulate the tumor microenvironment, further implicating it in oncogenic processes. However, the precise mechanisms underlying its role in cancer remain an active area of research, requiring further elucidation to comprehend its full impact.",0
PAPPA,4884,0.28,0.0133333333333333,0.0,0.7066666666666667,0.0,1.0,0.0,0.0,0.9871564731652784,0.0,2.409090909090909,2.4545454545454546,0.9615384615384616,1.0,0.2530364372469636,0.6007646204164023,69252.69,553.0,-0.01935633,8.291273825434511e-06,10.0,2.0,0.0,0.0,0.0,0.0,0.0,0.0,0.0,0.0,0.0,0.0,0.0,52.0,1.0,0.0,0.0,0.0,0.0,20.0,2.0,0.0,0.0,1.0,0.0,0.0,76.0,0.0,55.0,18.97326316,101.3179771,21.58400472073684,1.8002812081233683,0.238264347826087,0.0179086409357029,138.0,-0.23973036,0.0170989684508739,250.0,0.2392089432989691,0.0173419071143843,388.0,3.193689685526669,0.1559416284426681,0.111514500398345,0.0145173604745375,16.52901638007424,1.91375783334832,"The PAPPA gene, which encodes the enzyme pappalysin-1, is involved in the regulation of insulin-like growth factor (IGF) bioavailability by cleaving IGF-binding proteins. Alterations in the IGF signaling pathway are known to influence cell proliferation, survival, and apoptosis, factors that can contribute to malignant transformation and tumor progression. Elevated levels of PAPP-A have been observed in various cancers, suggesting a potential role in enhancing tumor growth and metastasis through increased local IGF activity. This mechanism may also involve promoting an environment conducive to angiogenesis and immune evasion, further linking PAPPA to cancerous processes.",0
DUSP23,453,0.0,0.0,0.0,1.0,0.0,1.0,0.0,0.0,1.0,0.0,2.0,2.0,1.0,1.0,0.0235310727816081,0.1117592650117328,801452.9,497.0,0.005723398,2.5100985365697505e-05,24.0,1.0,0.0,0.0,0.0,0.0,0.0,0.0,0.0,0.0,0.0,0.0,0.0,2.0,0.0,0.0,0.0,0.0,0.0,0.0,0.0,0.0,0.0,0.0,0.0,0.0,3.0,0.0,3.0,20.33266667,193.5248013,25.19023134019824,0.4700624686494827,0.2895377694235591,0.028331613465615,399.0,-0.1884624242424242,0.0075118971439393,33.0,0.2818167361111113,0.0274425635839858,432.0,3.3418669155122567,0.0222181087412293,0.0469144992978105,0.0098177536032761,15.617925237400554,2.131700196283684,"The DUSP23 gene, which encodes a dual specificity phosphatase, has been implicated in cancer through its role in regulating MAPK signaling pathways, including ERK and JNK. Dysregulation of these pathways can lead to altered cell proliferation, survival, and differentiation, all of which are critical in cancer progression. Additionally, DUSP23 may influence the tumor microenvironment and the response to stress signals, contributing to the malignant phenotype. While the direct association between DUSP23 and specific cancer types may still be under investigation, the gene’s involvement in critical cellular signaling mechanisms positions it as a potential factor in tumorigenesis.",0
GMPPB,1164,0.2,0.2,0.0,0.6,0.0,1.0,0.0,0.0,1.0,0.0,1.5,2.0,0.1900779319521003,1.0,0.4743833017077799,0.8281497299236792,1551582.0,271.0,0.04756102,2.4594923478552108e-05,35.0,0.0,0.0,0.0,0.0,0.0,0.0,0.0,0.0,0.0,0.0,0.0,0.0,3.0,1.0,0.0,0.0,0.0,0.0,1.0,0.0,0.0,0.0,0.0,0.0,0.0,5.0,0.0,5.0,26.11,47.4905,25.95766123677525,0.2924159072098495,0.2286438679245283,0.021306230753468,106.0,-0.278022604651163,0.0214809125139459,430.0,0.2682574067164178,0.0217940350409258,536.0,3.456668795780751,0.0050586366291699,0.0443766134880643,0.0090891518615936,13.725058116927418,0.8856560264501908,"The GMPPB gene encodes a protein involved in glycogenesis and the regulation of glycosylation processes, which are essential for normal cellular functions and viability. Dysregulation of glycosylation pathways has been implicated in cancer progression, as altered glycosylation can affect cell signaling, adhesion, and immune evasion. Certain cancer types have shown changes in the expression of GMPPB and related glycosylation genes, suggesting a potential link between these pathways and tumorigenesis. For instance, aberrant glycosylation may facilitate cancer cell metastasis and promote a microenvironment conducive to tumor growth. Further research is needed to fully elucidate the mechanisms by which GMPPB may contribute to cancer biology.",0
TMEM129,1089,0.4285714285714285,0.0,0.0,0.5714285714285714,0.0,1.0,0.0,0.0,1.0,0.0,1.0,1.0,1.0,1.0,0.4110152075626798,0.7764591302101873,867402.2,350.0,0.03923551,3.612230127097848e-06,13.0,1.0,0.0,0.0,0.0,0.0,0.0,0.0,0.0,0.0,0.0,0.0,1.0,4.0,0.0,0.0,0.0,0.0,0.0,3.0,0.0,0.0,0.0,0.0,0.0,0.0,9.0,0.0,9.0,12.69877778,98.23979994,18.41011810460994,1.5934954725783697,0.2993005042016806,0.0600850028099131,119.0,-0.2585881200000001,0.0206714712691421,250.0,0.2717175880758812,0.0336164664803081,369.0,3.445893734390037,0.0066665055127821,0.0919490694241298,0.0059519340919548,20.060674391099585,2.322449260305919,"The relationship between the TMEM129 gene and cancer remains an area of ongoing research, but emerging evidence suggests that TMEM129 may play a role in cellular processes relevant to oncogenesis. TMEM129 is implicated in the regulation of endoplasmic reticulum (ER) stress response and protein homeostasis, which are critical for maintaining cellular integrity. Dysregulation of these processes can lead to tumorigenesis by promoting survival pathways in cancer cells under stressful conditions, such as hypoxia or nutrient deprivation. Additionally, alterations in TMEM129 expression have been observed in various cancer types, potentially influencing cell proliferation and apoptosis. Further studies are necessary to elucidate the precise mechanisms and functional consequences of TMEM129 in the context of cancer biology.",0
GLRX,321,1.0,0.0,0.0,0.0,0.0,1.0,0.0,0.0,1.0,0.0,0.0,0.0,1.0,1.0,1.0,1.0,315155.9,242.0,0.05244325,0.0001111262779636,19.0,0.0,2.0,0.0,0.0,0.0,0.0,0.0,0.0,0.0,0.0,0.0,0.0,0.0,0.0,0.0,0.0,0.0,0.0,1.0,0.0,0.0,0.0,0.0,0.0,0.0,3.0,0.0,3.0,6.602333333,28.27049033,26.72838626286577,0.8283419257468088,0.2502741085271318,0.0147084588306443,129.0,-0.2708738111888112,0.0215820498755993,286.0,0.2644705301204821,0.0194958743262883,415.0,3.3740787286176,0.0243201758323588,0.111514500398345,0.0145173604745375,18.379104534666418,2.927473273046968,"The GLRX gene encodes glutaredoxin, a redox-active protein involved in maintaining cellular redox homeostasis and regulating oxidative stress. There is emerging evidence suggesting that alterations in GLRX expression or activity can influence cancer progression. Dysregulated redox status may lead to enhanced cell proliferation, survival, and metastasis. For instance, overexpression of GLRX has been linked to the promotion of tumor growth and resistance to chemotherapy in various cancers, possibly through the modulation of apoptosis pathways and the detoxification of reactive oxygen species. Furthermore, GLRX's role in protein S-glutathionylation can affect key signaling pathways involved in cell cycle regulation and apoptosis, potentially contributing to oncogenic processes. Understanding these mechanisms may offer insights into the complex interplay between redox biology and cancer.",0
MPHOSPH8,2583,0.2666666666666666,0.0666666666666666,0.0,0.5333333333333333,0.0,1.0,0.1333333333333333,0.0,0.8847354891422486,0.0,1.6,2.2,0.6430868167202572,1.0,0.9699321047526672,0.9995433608485188,306203.1,602.0,0.0178810999999999,1.3030135563011075e-05,12.0,1.0,0.0,0.0,0.0,0.0,0.0,1.0,1.0,0.0,0.0,0.0,2.0,8.0,1.0,0.0,0.0,0.0,0.0,4.0,0.0,0.0,1.0,0.0,1.0,0.0,16.0,0.0,15.0,10.801875,117.5707649,23.971873496857963,0.1984531637502162,0.2909827374301676,0.0403953872143744,179.0,-0.2829274750830564,0.0237142267869368,301.0,0.2859314166666666,0.0298787691420389,480.0,3.5666445123155754,0.0029749461276555,0.0804141344836413,0.005499355567074,26.275626367638285,0.5710888051783183,"The MPHOSPH8 gene, involved in cellular processes such as RNA metabolism and ribosome biogenesis, has been implicated in cancer through its role in the regulation of cellular growth and stress responses. Dysregulation of MPHOSPH8 can lead to alterations in protein synthesis and cell cycle control, creating an environment conducive to tumorigenesis. Additionally, the gene's potential involvement in maintaining genomic stability suggests that mutations or aberrant expression levels may contribute to the accumulation of genetic alterations characteristic of cancer cells. The relationship is further supported by observations of altered MPHOSPH8 expression in various malignancies, indicating its possible role in cancer progression and behavior.",0
BEND5,1266,0.2142857142857142,0.0,0.0,0.4285714285714285,0.0,1.0,0.2857142857142857,0.0714285714285714,0.849914551407318,0.0,1.5,2.75,1.0,1.0,0.3646973012399709,0.7325629398760476,25249.77,886.0,-0.007849039,2.7953893138559084e-05,19.0,0.0,0.0,0.0,0.0,0.0,0.0,3.0,1.0,0.0,1.0,0.0,0.0,6.0,0.0,0.0,0.0,0.0,0.0,3.0,0.0,0.0,4.0,0.0,1.0,0.0,9.0,0.0,12.0,21.96222222,52.02206944,18.510376366731965,2.7573977163099785,0.2307092499999999,0.0182334023464915,120.0,-0.2350043181818182,0.0158827040978182,176.0,0.2332630743243241,0.0167815740959402,296.0,2.739977607936336,0.1474680471617502,0.0602784422475905,0.0156875940281807,20.31933603313504,2.4082740582787108,"The relationship between the BEND5 gene and cancer is currently not well established in the scientific literature. However, BEND5 is thought to be involved in regulatory processes related to chromatin organization and gene expression. Dysregulation of such processes can lead to alterations in cellular behavior, including uncontrolled proliferation, evasion of apoptosis, and other hallmarks of cancer. Potential mechanisms could involve the interaction of BEND5 with transcription factors or chromatin-modifying proteins, influencing the expression of oncogenes or tumor suppressor genes. Further investigations are needed to elucidate any direct connections between BEND5 and specific cancer types.",0
ZSCAN5A,1491,0.35,0.05,0.0,0.55,0.0,1.0,0.05,0.0,0.976862178684024,0.0,1.375,1.625,0.7278020378457059,1.0,0.4016064257028112,0.7679850242877977,486579.5,522.0,-0.03162898,0.0,1.0,0.0,0.0,0.0,0.0,0.0,0.0,1.0,0.0,0.0,0.0,0.0,0.0,11.0,1.0,0.0,0.0,0.0,0.0,7.0,0.0,0.0,1.0,0.0,0.0,0.0,19.0,0.0,19.0,6.977894737,82.1332741,16.149158755603576,0.5373938981318032,0.28865345,0.0474790558418065,200.0,-0.265678695652174,0.026464792596413,161.0,0.2784070914127424,0.0381382790062388,360.0,2.98010168650486,0.0134816540312485,0.1062855612907893,0.016371280161416,18.11229780674137,1.597241379487398,"The ZSCAN5A gene has been suggested to play a role in cancer through its involvement in regulating cell proliferation and differentiation. It encodes a zinc-finger transcription factor that may act as a tumor suppressor in certain contexts. Research indicates that ZSCAN5A might influence the cellular response to DNA damage and the maintenance of genomic stability. Aberrant expression or loss of ZSCAN5A has been associated with various malignancies, potentially leading to enhanced tumorigenic processes, including increased cell growth and survival. Additionally, its interaction with other key regulatory pathways involved in cell cycle control and apoptosis may contribute to the oncogenic transformation of cells. However, the specific mechanisms by which ZSCAN5A influences cancer development remain an area of active research.",0
ZNF419,1536,0.1111111111111111,0.2222222222222222,0.0,0.6666666666666666,0.0,1.0,0.0,0.0,0.9298966940476158,0.0,3.0,4.0,0.3244646333549643,1.0,0.3891050583657588,0.7563836182518009,455230.5,801.0,-0.02762948,1.3119327680088491e-06,3.0,0.0,0.0,0.0,0.0,0.0,0.0,0.0,0.0,0.0,0.0,0.0,7.0,6.0,3.0,0.0,0.0,0.0,0.0,1.0,0.0,0.0,0.0,2.0,0.0,0.0,15.0,0.0,14.0,12.1348,134.3158362,21.88701420269522,1.8204614569819408,0.283067336683417,0.0363597819075173,199.0,-0.2592225903614458,0.023828796740522,165.0,0.2722228767123287,0.0307210065271413,364.0,3.257863203572976,0.0121986944076108,0.0528597994998576,0.0081466416630894,20.060674391099585,2.322449260305919,"The ZNF419 gene, a member of the zinc finger protein family, has been implicated in various cellular processes, including regulation of gene expression and cellular differentiation. Some studies suggest that alterations in ZNF419 expression may be correlated with certain types of cancer, potentially through mechanisms involving disruption of normal transcriptional regulation. For instance, aberrant expression of ZNF419 could lead to altered signaling pathways that promote tumorigenesis, affect cell cycle regulation, or enhance the invasive properties of cancer cells. Additionally, its interactions with other proteins and involvement in chromatin remodeling processes may further link ZNF419 to cancer-related pathways. However, the precise mechanisms and the extent of its involvement in cancer remain areas of ongoing investigation.",0
PCDH7,3768,0.2727272727272727,0.0303030303030303,0.0,0.6363636363636364,0.0,1.0,0.0606060606060606,0.0,0.9714361137024156,0.0,2.1,2.4,0.7112375533428165,1.0,0.1550628004341758,0.4440882431428501,28649.62,682.0,0.006331301,8.699805006730163e-06,12.0,0.0,0.0,0.0,0.0,0.0,0.0,1.0,1.0,0.0,0.0,0.0,0.0,22.0,1.0,0.0,0.0,0.0,0.0,9.0,0.0,0.0,1.0,1.0,1.0,0.0,31.0,0.0,32.0,21.17767742,70.87429996,21.65859743533694,1.8602673313833007,0.2321089719626168,0.0134037077847822,107.0,-0.2624095762711865,0.0191229994432239,236.0,0.2529572011661808,0.0174920797845412,343.0,3.30658865847741,0.1211170608412699,0.1258673416945945,0.0123871840504967,22.91623628099526,2.199266092083588,"Yes, there is a potential relationship between the PCDH7 gene and cancer. PCDH7 (protocadherin 7) is involved in cell-cell adhesion and signaling, which are critical processes in maintaining tissue architecture and regulating cellular behavior. Dysregulation of PCDH7 has been implicated in promoting tumorigenesis through mechanisms such as the disruption of normal adhesion signaling, leading to enhanced cell proliferation, invasion, and metastasis. Altered expression levels of PCDH7 have been observed in various malignancies, suggesting that it may play a role in cancer progression and that its functional alterations could contribute to the hallmarks of cancer, such as evasion of growth suppressors and increased migratory capacity. Further investigations are required to fully elucidate its specific roles and pathways involved in different cancer types.",0
DHX57,4161,0.1538461538461538,0.1153846153846153,0.0,0.6923076923076923,0.0,1.0,0.0384615384615384,0.0,0.9345396758297344,0.0,3.6,4.4,0.4434589800443459,1.0,0.7374631268436578,0.9620495497921856,850009.8,297.0,0.02526731,5.601103933926634e-05,26.0,0.0,0.0,0.0,0.0,0.0,0.0,1.0,0.0,0.0,0.0,0.0,2.0,17.0,3.0,0.0,0.0,0.0,0.0,4.0,0.0,0.0,1.0,0.0,0.0,0.0,26.0,0.0,20.0,19.73161538,135.0331423,23.35868493394286,0.7298679823033736,0.2374518421052629,0.0166991115199397,227.0,-0.2365251428571428,0.0192916971586749,70.0,0.2372341610738251,0.0172453582903712,297.0,3.466403892650316,0.0037564825609875,0.0702181294711351,0.0076648451270361,23.30046222912926,0.768884001033425,"The DHX57 gene, which encodes a member of the DEAH-box family of RNA helicases, has been implicated in various cellular processes, including RNA metabolism, splicing, and the regulation of gene expression. Dysregulation of RNA helicases can potentially lead to abnormal splicing variants or altered expression of oncogenes and tumor suppressors, contributing to carcinogenesis. In particular, aberrant function of DHX57 may impact pathways involved in the DNA damage response or the regulation of cell proliferation, thus possibly enhancing tumorigenic processes. Furthermore, its role in immune response mechanisms may influence tumor microenvironment interactions, potentially facilitating immune evasion in cancers. However, specific studies directly linking DHX57 to cancer pathogenesis are limited, necessitating further investigation to clarify its role in malignancies.",0
CDHR1,2580,0.2058823529411764,0.0,0.0294117647058823,0.7647058823529411,0.0,1.0,0.0,0.0,0.988437551045128,0.0,3.25,3.375,0.8517887563884157,1.0,0.4901960784313725,0.8396812783608456,216191.2,860.0,-0.01668107,3.625984003283314e-07,2.0,0.0,0.0,0.0,0.0,0.0,0.0,0.0,0.0,0.0,0.0,0.0,0.0,28.0,2.0,0.0,0.0,0.0,0.0,7.0,2.0,0.0,0.0,2.0,0.0,0.0,37.0,0.0,33.0,16.65827027,124.8234972,18.27156345264772,1.431549557093826,0.2296209433962263,0.0317316235514824,106.0,-0.3297848172757477,0.0474616595070498,301.0,0.3036979115479115,0.045213844707204,407.0,2.8087584110510786,0.4229957516720297,0.0640381670354861,0.0172114490755208,16.386723645237378,2.1480841030372315,"The CDHR1 gene, which encodes a member of the cadherin superfamily of adhesion molecules, has been implicated in various cellular processes, including cell-cell adhesion and tissue integrity. Alterations in CDHR1 expression or function can impact cellular signaling pathways that are crucial for maintaining normal cellular homeostasis. In certain cancers, aberrant expression of cadherins has been associated with enhanced migratory and invasive capabilities of tumor cells, contributing to metastasis. Additionally, CDHR1 may play a role in the modulation of the tumor microenvironment and immune evasion. Although specific mechanisms linking CDHR1 directly to cancer remain under investigation, its functional role in adhesion and signaling suggests potential involvement in tumorigenesis and cancer progression.",0
GXYLT1,1323,0.0,0.0,0.0,0.7777777777777778,0.0,1.0,0.2222222222222222,0.0,0.9298966940476158,0.0,7.0,9.0,1.0,1.0,0.5681818181818182,0.8893828460511707,172470.9,684.0,-0.008739437,0.0,0.0,0.0,0.0,0.0,0.0,0.0,0.0,1.0,1.0,0.0,0.0,0.0,0.0,7.0,0.0,0.0,0.0,0.0,0.0,0.0,0.0,0.0,1.0,0.0,1.0,0.0,7.0,0.0,8.0,19.39285714,25.57415714,22.184829753876453,0.394992154856888,0.2287245762711863,0.0155799129249614,177.0,-0.2292322,0.0234364329466262,100.0,0.2289078339350178,0.0183416231960158,277.0,3.4536365290348825,0.0040195623708957,0.0345664977945192,0.0086514557305728,20.060674391099585,2.322449260305919,"The GXYLT1 gene encodes an enzyme involved in the glycosylation of proteins, specifically in the synthesis of O-linkages to glycosaminoglycans, which play critical roles in cell signaling, proliferation, and migration. Alterations in glycosylation patterns have been increasingly recognized in various cancer types, contributing to tumor progression, metastasis, and immune evasion. Dysregulation of GXYLT1 could influence the glycosylation of cell surface proteins and extracellular matrix components, thereby affecting cancer cell interaction with their microenvironment and promoting oncogenic signaling pathways. Furthermore, aberrant glycosylation has been implicated in fostering a tumor-promoting inflammatory environment, which can facilitate cancer development and progression. Thus, while a direct relationship between GXYLT1 and specific cancers may not be fully established, it is plausible that alterations in GXYLT1 activity contribute to cancer biology through its impact on glycosylation processes.",0
DVL2,2211,0.2352941176470588,0.0,0.0,0.5882352941176471,0.0,1.0,0.1764705882352941,0.0,0.9315714232285016,0.0,2.0,2.6,1.0,1.0,0.7012622720897616,0.950121544173986,1782958.0,316.0,0.02089463,0.0003193087787624,75.0,0.0,0.0,0.0,0.0,0.0,0.0,3.0,0.0,0.0,0.0,0.0,1.0,9.0,0.0,0.0,0.0,0.0,0.0,4.0,1.0,0.0,4.0,0.0,0.0,0.0,14.0,0.0,16.0,21.82785714,98.37784521,23.657356363015143,1.179685294314866,0.2507787654320987,0.0251345459284567,81.0,-0.2766018457943925,0.0198380431771471,428.0,0.2724924754420432,0.0207224921576396,509.0,3.397273066440426,0.0063291868831686,0.0418190644621145,0.0071337595588611,21.01221735598109,1.307740970107513,"Yes, there is a relationship between the DVL2 gene and cancer. DVL2, or Dishevelled Segment Polarity Protein 2, plays a critical role in the Wnt signaling pathway, which is heavily involved in cell proliferation, differentiation, and survival. Aberrant activation of Wnt signaling, often due to mutations or dysregulation of components like DVL2, can lead to uncontrolled cell growth and has been implicated in various cancers, including colorectal and breast cancer. Mechanistically, altered DVL2 activity can influence β-catenin stability and localization, promoting transcription of oncogenes and contributing to tumorigenesis. Additionally, DVL2 may interact with other signaling pathways, such as the mTOR pathway, enhancing the malignant phenotype. Thus, the function and regulation of DVL2 are of significant interest in understanding tumor biology and potential therapeutic approaches.",0
PTPRF,5724,0.3793103448275862,0.0172413793103448,0.0172413793103448,0.5862068965517241,0.0,1.0,0.0,0.0,0.9941135420805612,0.0,1.4782608695652173,1.565217391304348,0.7710100231303006,1.0,0.7262164124909223,0.9585382859451836,996816.2,182.0,0.03297995,8.373430589765093e-05,37.0,0.0,0.0,0.0,0.0,0.0,0.0,0.0,0.0,0.0,0.0,0.0,1.0,33.0,1.0,0.0,0.0,0.0,0.0,20.0,3.0,0.0,0.0,0.0,0.0,0.0,58.0,0.0,45.0,19.79863793,128.4133994,24.73428872747838,0.6869875853984744,0.2827780985915492,0.0433954978750823,142.0,-0.2293726797385621,0.0130942818131664,153.0,0.255079694915254,0.0282964245056889,294.0,3.8140767219211615,0.0087622888019984,0.0937237745797247,0.0095191042101113,19.180204230560065,3.615884846210777,"Yes, there is a relationship between the PTPRF gene and cancer. PTPRF encodes a receptor-type protein tyrosine phosphatase that plays a crucial role in various cellular processes, including cell adhesion, growth, and differentiation. Alterations in PTPRF expression or function can disrupt these processes, leading to enhanced cell proliferation and survival, which are hallmarks of cancer. Additionally, PTPRF is implicated in the regulation of several signaling pathways, such as those involving growth factors and oncogenic signals. Its potential role as a tumor suppressor has been suggested, with loss of function associated with increased tumorigenesis in certain contexts. Thus, dysregulation of PTPRF might contribute to the malignant phenotype through mechanisms involving altered cell signaling, invasion, and metastasis.",0
NOVA1,1524,0.2916666666666667,0.0,0.0,0.7083333333333334,0.0,1.0,0.0,0.0,1.0,0.0,2.125,2.125,1.0,1.0,0.1594896331738437,0.4522769305653637,15854.0,883.0,-0.04085233,8.321133494073931e-06,5.0,0.0,0.0,0.0,0.0,0.0,0.0,0.0,0.0,0.0,0.0,0.0,4.0,17.0,0.0,0.0,0.0,0.0,0.0,7.0,0.0,0.0,1.0,0.0,1.0,0.0,26.0,0.0,25.0,23.43511538,85.70888803,21.05125351947004,10.397320471037563,0.2412799408284022,0.0270871278874964,169.0,-0.285869649122807,0.0224695060368807,228.0,0.266888136020151,0.0248590657212642,397.0,2.810741357714676,0.2685958242681789,0.111514500398345,0.0145173604745375,21.24298198444016,4.39205465621995,"The NOVA1 gene has been implicated in several cancer-related processes, primarily through its role as an RNA-binding protein that regulates alternative splicing of pre-mRNAs. Dysregulation of NOVA1 can lead to the aberrant splicing of genes involved in cell proliferation, apoptosis, and cellular differentiation, potentially contributing to tumorigenesis. Additionally, expression levels of NOVA1 have been shown to vary in different cancer types, suggesting that it may influence specific oncogenic pathways or tumor microenvironments. The interplay between NOVA1-mediated splicing and oncogenesis highlights its potential significance in cancer development and progression, warranting further investigation to elucidate the precise molecular mechanisms involved.",0
BCAS4,636,0.0,0.0,0.0,1.0,0.0,1.0,0.0,0.0,1.0,0.0,1.0,1.0,1.0,1.0,0.5030181086519114,0.8486564930756451,421782.8,191.0,0.03621417,3.346136826917115e-06,11.0,0.0,0.0,0.0,0.0,0.0,0.0,0.0,0.0,0.0,0.0,0.0,1.0,0.0,0.0,0.0,0.0,0.0,0.0,1.0,0.0,0.0,0.0,0.0,0.0,0.0,2.0,0.0,2.0,0.0475,0.0005445,18.48822612535358,2.032894532249923,0.3426227397260275,0.0517968035996161,365.0,-0.2142214545454546,0.0154397764756229,55.0,0.3258082857142858,0.0488683019789158,420.0,3.250532537182264,0.0186878798145408,0.0306163746137572,0.0072162453727497,14.680850489117503,2.139700766473079,"Yes, there is a relationship between the BCAS4 gene and cancer. BCAS4, or Breast Cancer Amplified Sequence 4, is known to be overexpressed in various breast cancer types and has been associated with poor prognosis. The gene is thought to play a role in tumorigenesis through mechanisms such as promoting cell proliferation, survival, and migration. Additionally, BCAS4 may influence the epithelial-mesenchymal transition (EMT), a process that enhances the invasiveness of cancer cells. The interaction of BCAS4 with signaling pathways, including those related to estrogen receptors and growth factors, suggests it may modulate key cellular processes involved in cancer development and progression. As such, BCAS4's dysregulation could contribute to the aggressiveness of certain tumors and their metastatic potential.",0
GBX1,1092,0.3076923076923077,0.0,0.0,0.6923076923076923,0.0,1.0,0.0,0.0,0.958424899318874,0.0,1.8,1.8,1.0,1.0,0.7692307692307693,0.9710494342057624,611046.5,337.0,0.03750969,0.0,0.0,0.0,0.0,0.0,0.0,0.0,0.0,0.0,0.0,0.0,0.0,0.0,0.0,9.0,0.0,0.0,0.0,0.0,0.0,4.0,0.0,0.0,0.0,0.0,0.0,0.0,13.0,0.0,13.0,18.25692308,54.76350641,21.88701420269522,1.8204614569819408,0.2965656231884059,0.0245007214223576,345.0,-0.2742697560975609,0.0268769831351859,123.0,0.290705811965812,0.0251655550625084,468.0,0.3900103489283125,0.4007444012868957,0.0883238455267745,0.0127287078867465,20.060674391099585,2.322449260305919,"Research suggests that the GBX1 gene may play a role in cancer, particularly through its involvement in developmental pathways and regulatory networks. GBX1, a homeobox gene, is implicated in processes related to cell proliferation, differentiation, and patterning during embryogenesis. Abnormal expression or dysregulation of GBX1 has been observed in various malignancies, which could contribute to tumorigenesis by disrupting normal cellular signaling pathways, enhancing oncogenic activity, or altering cellular interactions within the tumor microenvironment. Furthermore, GBX1 may interact with other oncogenes and tumor suppressor genes, thereby influencing pathways such as the Wnt or Hedgehog signaling cascades, which are known to be pivotal in cancer progression and metastasis.",0
SEZ6L2,2772,0.3333333333333333,0.0,0.0303030303030303,0.5757575757575758,0.0,1.0,0.0606060606060606,0.0,0.9714361137024156,0.0,1.5833333333333333,1.8333333333333333,0.7490636704119851,1.0,0.8576329331046312,0.9893474167481138,649122.9543319192,444.4009897808343,0.0198885680771551,1.623735570442231e-05,8.0,0.0,0.0,0.0,0.0,0.0,0.0,2.0,0.0,0.0,0.0,0.0,1.0,18.0,0.0,0.0,0.0,0.0,0.0,10.0,3.0,0.0,2.0,0.0,0.0,0.0,32.0,0.0,29.0,20.45965625,87.85504759,21.32517115952057,1.2175865049176584,0.2625939999999999,0.0451678864035294,205.0,-0.24334536,0.0226946048895871,125.0,0.2553028484848483,0.0366478738800074,330.0,3.2900804782662547,0.0596064144766956,0.0,0.0,15.92635954838188,1.8795079308307496,"The relationship between the SEZ6L2 gene and cancer is currently not well established; however, emerging evidence suggests potential involvement in tumor biology. SEZ6L2, a member of the SEZ6 family, may play a role in cellular signaling pathways that influence growth and differentiation. Alterations in the expression or function of genes within this family could affect processes such as apoptosis, cell adhesion, and migration, which are critical in cancer progression. Additionally, its involvement in neurodevelopmental and synaptic processes may suggest links to tumors of the nervous system. Further investigation is needed to clarify its specific role and mechanisms in various cancer types.",0
MPV17L2,621,0.5,0.0,0.0,0.5,0.0,1.0,0.0,0.0,1.0,0.0,0.5,0.5,1.0,1.0,0.6345177664974619,0.923153547865284,1178047.0,210.0,0.04286559,0.0,0.0,2.0,0.0,1.0,0.0,0.0,0.0,0.0,0.0,0.0,0.0,0.0,0.0,1.0,0.0,0.0,0.0,0.0,0.0,1.0,0.0,0.0,0.0,0.0,0.0,0.0,5.0,0.0,5.0,9.0814,56.7914098,18.01615033206166,5.393026881909276,0.303252375,0.0563537213540723,160.0,-0.2298507177033492,0.0178788398009247,209.0,0.2616779945799456,0.0357807090264021,369.0,3.134349742431216,0.0149372750713731,0.0766732563788799,0.0126426033882895,20.060674391099585,2.322449260305919,"The relationship between the MPV17L2 gene and cancer is currently not well established, and research on this gene remains limited. However, some studies suggest that MPV17L2 may play a role in cellular processes such as mitochondrial function and apoptosis, which are crucial in cancer biology. Alterations in mitochondrial dynamics and energy metabolism can lead to increased oxidative stress and cell survival advantages, potentially contributing to tumorigenesis. Moreover, genes involved in mitochondrial integrity and function can influence the apoptotic response of cells to various stimuli, thereby impacting cancer development and progression. However, further research is necessary to clarify and confirm any direct associations between MPV17L2 and cancer.",0
C2ORF68,501,0.5,0.0,0.0,0.5,0.0,1.0,0.0,0.0,1.0,0.0,0.5,0.5,1.0,1.0,0.3570153516601214,0.7247327726804611,1158965.0,170.0,0.04277874,8.239716346845317e-06,8.0,0.0,0.0,0.0,0.0,0.0,0.0,0.0,0.0,0.0,0.0,0.0,2.0,2.0,0.0,0.0,0.0,0.0,0.0,1.0,0.0,0.0,0.0,1.0,0.0,0.0,4.0,0.0,5.0,14.55,29.2076,17.727502311585337,1.235538927567717,0.2444731249999999,0.02455712646463,224.0,-0.2044983720930233,0.0146336576282392,43.0,0.2380352434456929,0.0231146610235307,267.0,3.5442497868843565,0.0033261150516101,0.0359172740368113,0.0085363468819981,20.060674391099585,2.322449260305919,"There is emerging evidence suggesting a potential relationship between the C2ORF68 gene and cancer, although the exact mechanisms remain to be fully elucidated. C2ORF68 has been implicated in various cellular processes such as cell proliferation, apoptosis, and the regulation of cell signaling pathways. Dysregulation or aberrant expression of C2ORF68 may contribute to oncogenic transformations by disrupting normal cellular homeostasis, promoting tumor cell survival, and influencing the tumor microenvironment. Additionally, potential interactions with other oncogenes or tumor suppressor genes, along with epigenetic modifications, may play a role in its involvement in cancer pathogenesis. However, further research is necessary to clarify these associations and their biological implications.",0
PSMD6,1329,0.1666666666666666,0.0,0.0,0.8333333333333334,0.0,1.0,0.0,0.0,1.0,0.0,2.5,2.5,1.0,1.0,0.1361099768613039,0.4075530239061035,161890.5,582.0,0.01922156,0.00012735346197,83.0,0.0,0.0,0.0,0.0,0.0,0.0,0.0,0.0,0.0,0.0,0.0,1.0,5.0,0.0,0.0,0.0,0.0,0.0,1.0,0.0,0.0,0.0,0.0,0.0,0.0,7.0,0.0,6.0,21.72971429,129.2266002,26.764287203956687,0.2731419207906305,0.2524194964028778,0.0254453914120633,139.0,-0.2800371890547265,0.020161728885595,402.0,0.2729413308687616,0.021620551356744,541.0,3.5208873592705,0.003935887687132,0.0364351638705791,0.0074696569752931,15.11154958240014,1.193474092514189,"The PSMD6 gene encodes a protein that is a component of the 26S proteasome, which is involved in the degradation of ubiquitinated proteins. This process is crucial for maintaining cellular homeostasis and regulating various cellular pathways, including those controlling the cell cycle, apoptosis, and DNA repair. Dysregulation of the proteasome, including aberrations in PSMD6 expression or function, can lead to the accumulation of oncoproteins and the loss of tumor suppressor proteins, potentially contributing to oncogenesis. Furthermore, altered PSMD6 expression has been implicated in modulating responses to stress signals and enhancing survival of cancer cells, thereby promoting tumorigenesis. These mechanisms suggest that PSMD6 may play a role in the development and progression of various cancers, although the extent and specificity of its involvement remain to be fully elucidated.",0
FGB,1476,0.2857142857142857,0.0,0.0,0.5714285714285714,0.0,1.0,0.1428571428571428,0.0,1.0,0.0,1.3333333333333333,1.6666666666666667,1.0,1.0,0.1923446816695518,0.5094184072709327,59882.62,1034.0,0.01982099,3.733515843447459e-05,23.0,0.0,0.0,1.0,0.0,0.0,0.0,1.0,0.0,0.0,0.0,0.0,4.0,4.0,0.0,0.0,0.0,0.0,0.0,2.0,0.0,0.0,1.0,0.0,0.0,0.0,11.0,0.0,12.0,16.97245455,144.6904035,29.752878152324527,0.763562940143639,0.1975635616438355,0.0171306891621385,73.0,-0.2778148226950357,0.024782846387335,282.0,0.2613124507042256,0.0242114470405872,355.0,1.394659157798373,1.7620103403496463,0.111514500398345,0.0145173604745375,26.759890163503368,2.400803146383921,"Yes, there is a potential relationship between the FGB gene and cancer. The FGB gene encodes the beta chain of fibrinogen, a glycoprotein involved in blood coagulation and wound healing. Alterations in fibrinogen levels and functionality have been implicated in tumor progression and metastasis, as cancer cells can exploit the coagulation cascade to promote an environment conducive to tumor growth and dissemination. Elevated fibrinogen levels have been associated with various malignancies, potentially facilitating angiogenesis, immune evasion, and the formation of a pro-inflammatory microenvironment. Furthermore, fibrinogen degradation products may influence cancer cell behavior and survival, leading to enhanced tumor aggressiveness. These mechanisms suggest that FGB may play a role in cancer biology, although further research is needed to elucidate the precise pathways involved.",0
MAT1A,1188,0.1666666666666666,0.0,0.0,0.8333333333333334,0.0,1.0,0.0,0.0,0.953509509058145,0.0,3.333333333333333,3.333333333333333,1.0,1.0,0.4125412541254125,0.7778131469501106,365794.5,598.0,0.04356445,4.187949242757045e-06,13.0,0.0,0.0,0.0,0.0,0.0,0.0,0.0,0.0,0.0,0.0,0.0,0.0,10.0,0.0,0.0,0.0,0.0,0.0,2.0,0.0,0.0,0.0,0.0,0.0,0.0,12.0,0.0,11.0,21.66908333,116.704465,20.948016524246228,2.7284138112368024,0.2313353913043477,0.0176256965724332,115.0,-0.3262284827586207,0.047937513464818,290.0,0.2992835308641975,0.0411009129654724,405.0,2.273139880692235,0.7125881964876979,0.111514500398345,0.0145173604745375,20.060674391099585,2.322449260305919,"Yes, there is a relationship between the MAT1A gene and cancer. MAT1A encodes the enzyme methionine adenosyltransferase, which plays a crucial role in the synthesis of S-adenosylmethionine (SAM), a key methyl donor in cellular processes, including DNA methylation. Alterations in MAT1A expression have been associated with dysregulated methylation patterns that can lead to genomic instability, promoting tumorigenesis. Additionally, decreased expression of MAT1A has been observed in various cancer types, suggesting that reduced SAM levels may contribute to alterations in gene expression and epigenetic changes that facilitate cancer progression. This gene's involvement in interconnected metabolic pathways further highlights its potential impact on cellular homeostasis and cancer development.",0
RPL38,213,0.0,0.0,0.0,1.0,0.0,1.0,0.0,0.0,1.0,0.0,1.0,1.0,1.0,1.0,0.1974333662388944,0.5177402048767319,297366.8,535.0,-0.007812103,8.224244866491275e-05,120.0,0.0,0.0,0.0,0.0,0.0,0.0,0.0,0.0,0.0,0.0,0.0,0.0,1.0,0.0,0.0,0.0,0.0,0.0,0.0,0.0,0.0,0.0,0.0,0.0,0.0,1.0,0.0,1.0,24.5,0.0,27.066658114140765,0.462722063604553,0.268615593220339,0.0243557420690083,236.0,-0.2233054074074074,0.0136104660623327,135.0,0.2521280592991917,0.0208748821616289,371.0,3.7925537820527495,0.0044300652032549,0.0545237080914914,0.0019304127443527,14.699877947813576,2.0141385354106545,"The RPL38 gene, which encodes a ribosomal protein, has been implicated in the regulation of gene expression and cellular growth. Alterations in ribosomal proteins can affect ribosome biogenesis and protein synthesis, processes that are critical in maintaining cellular homeostasis. Dysregulation of RPL38 may lead to aberrant protein translation and disrupted cellular signaling pathways, which can contribute to oncogenesis. Furthermore, studies have identified associations between ribosomal protein genes and p53 pathway dysfunction, suggesting that RPL38 could play a role in tumor suppressor mechanisms by influencing stress responses and apoptosis in cancer cells. However, specific mechanisms linking RPL38 to cancer pathology remain to be fully elucidated and require further investigation.",0
SLC28A1,1950,0.4545454545454545,0.0,0.0,0.5454545454545454,0.0,1.0,0.0,0.0,0.979614197798402,0.0,1.0909090909090908,1.0909090909090908,1.0,1.0,0.7320644216691069,0.9603856230956064,355336.5,291.0,0.02531507,0.0,0.0,0.0,0.0,0.0,0.0,0.0,0.0,0.0,0.0,0.0,0.0,0.0,1.0,12.0,0.0,0.0,0.0,0.0,0.0,10.0,0.0,0.0,0.0,0.0,0.0,0.0,23.0,0.0,19.0,10.21330435,91.4129764,24.542799973416816,0.3632996092890095,0.2667721052631578,0.0310590127583605,114.0,-0.2602856465517242,0.0236881096636494,232.0,0.2624228034682082,0.0260430083842916,346.0,1.667611061640348,1.0714548699487316,0.111514500398345,0.0145173604745375,25.25804445156664,14.721050440544118,"There is emerging evidence suggesting a potential relationship between the SLC28A1 gene, which encodes a sodium-dependent nucleoside transporter, and cancer. The expression levels of SLC28A1 can influence the intracellular concentration of nucleosides, thereby affecting nucleotide synthesis and cellular proliferation. Dysregulation of this gene may alter the tumor microenvironment or contribute to resistance mechanisms against nucleoside analogs used in chemotherapeutic treatments. Furthermore, variations in SLC28A1 may impact cellular metabolism and energy homeostasis, which are critical factors in tumor growth and metabolism. While more research is needed to elucidate the exact mechanisms and clinical relevance, the gene's role in cellular transport processes positions it as a potential player in cancer biology.",0
DNAJC28,1167,0.0,0.0,0.0,0.875,0.0,1.0,0.0,0.125,1.0,0.0,7.0,8.0,1.0,1.0,0.1180219520830874,0.3702212483437185,884787.8,182.0,0.0626708,1.7198439096648255e-06,4.0,0.0,0.0,0.0,0.0,0.0,0.0,0.0,0.0,0.0,1.0,0.0,0.0,7.0,0.0,0.0,0.0,0.0,0.0,0.0,0.0,0.0,1.0,0.0,0.0,0.0,7.0,0.0,7.0,21.597,44.948963,17.24166829293311,1.6522977310138995,0.2440201052631578,0.017629316779776,95.0,-0.2636342083333334,0.0226987984972786,240.0,0.2580720000000001,0.0212824912358083,335.0,2.7439167768493733,0.025602743593979,0.0616533193797482,0.0149033017140805,20.060674391099585,2.322449260305919,"The relationship between the DNAJC28 gene and cancer is not extensively characterized, but emerging data suggest potential involvement in tumor biology. DNAJC28 is implicated in the regulation of protein folding and stress responses within the endoplasmic reticulum. Dysregulation of these pathways can lead to the accumulation of misfolded proteins, contributing to cellular stress and, potentially, oncogenic transformations. Additionally, DNAJC28 may interact with various signaling pathways that are crucial for cell survival, proliferation, and apoptosis, all of which can influence cancer progression. However, the specific mechanisms linking DNAJC28 to cancer remain to be fully elucidated.",0
GHRH,327,0.0,0.0,0.0,1.0,0.0,1.0,0.0,0.0,1.0,0.0,1.0,1.0,1.0,1.0,0.6711409395973155,0.938775919434475,787991.5,404.0,0.04449565,0.0,1.0,0.0,0.0,0.0,0.0,0.0,0.0,0.0,0.0,0.0,0.0,0.0,0.0,1.0,0.0,0.0,0.0,0.0,0.0,0.0,0.0,0.0,0.0,0.0,0.0,0.0,1.0,0.0,1.0,16.93,0.0,21.88701420269522,1.8204614569819408,0.3454732584269664,0.0680015644980851,356.0,-0.2235954545454546,0.0226933355289562,55.0,0.3291635766423358,0.0635942636922984,411.0,0.1924647513658144,0.2750884167334579,0.111514500398345,0.0145173604745375,20.060674391099585,2.322449260305919,"Yes, there is evidence to suggest a relationship between the GHRH (Growth Hormone-Releasing Hormone) gene and cancer. GHRH is involved in the regulation of growth hormone, which influences cell proliferation and metabolism. Dysregulation of GHRH expression has been implicated in several types of malignancies, where elevated levels may promote tumor growth through paracrine and autocrine signaling mechanisms. This can lead to increased secretion of insulin-like growth factor 1 (IGF-1), stimulating cell proliferation and inhibiting apoptosis, thus contributing to tumorigenesis. Additionally, GHRH receptors have been found in various cancer tissues, suggesting that GHRH signaling may directly impact tumor behavior and the microenvironment, further influencing cancer progression and metastasis.",0
PLEKHH1,4095,0.3636363636363636,0.0454545454545454,0.0,0.5454545454545454,0.0,1.0,0.0454545454545454,0.0,0.979614197798402,0.0,1.3333333333333333,1.5555555555555556,0.8481764206955047,1.0,0.4833252779120348,0.8347343638295823,483892.1,311.0,0.04560725,0.0,1.0,0.0,0.0,0.0,0.0,0.0,0.0,1.0,0.0,0.0,0.0,0.0,6.0,12.0,1.0,0.0,0.0,0.0,0.0,8.0,0.0,0.0,1.0,2.0,0.0,0.0,25.0,0.0,25.0,14.8088,119.5690483,16.55281583397228,0.3287857804142812,0.2325308333333332,0.0247659597363636,144.0,-0.2885649822064055,0.0262886751650889,281.0,0.269579294117647,0.0264181657070477,425.0,3.362755491457845,0.0276026918640682,0.0450551857068037,0.012352990623932,19.837103067465584,6.925265445370581,"The relationship between the PLEKHH1 gene and cancer is an area of ongoing research, with some studies suggesting that it may play a role in tumorigenesis and progression. PLEKHH1 is involved in cellular processes such as cell signaling, cytoskeletal dynamics, and membrane trafficking, which are critical for maintaining normal cellular function. Dysregulation of these processes can lead to altered cell proliferation, survival, and migration, contributing to cancer development. Moreover, aberrant expression levels of PLEKHH1 have been observed in various cancer types, potentially affecting the tumor microenvironment and the interaction between cancer cells and immune responses. Further investigation is needed to fully elucidate its role and mechanisms in cancer biology.",0
PRPF40B,2679,0.1818181818181818,0.0,0.0,0.6363636363636364,0.0,1.0,0.1818181818181818,0.0,0.9474427588512933,0.0,2.333333333333333,3.0,1.0,1.0,0.3498950314905528,0.717327529568816,2010227.0,265.0,0.0531401999999999,1.796304051360421e-06,7.0,0.0,0.0,0.0,0.0,0.0,0.0,2.0,0.0,0.0,0.0,0.0,0.0,5.0,0.0,0.0,0.0,0.0,0.0,2.0,2.0,0.0,2.0,0.0,0.0,0.0,9.0,0.0,11.0,23.24888889,99.29891111,21.807080986763328,1.3324402668247803,0.228632077922078,0.0147738256008827,154.0,-0.24954968,0.0279060246482838,125.0,0.23800376344086,0.0206868039005337,279.0,3.3035820727060186,0.0090413451107216,0.0455889130667532,0.0072957451562089,23.35127356942032,0.885215095089123,"The PRPF40B gene is implicated in several cellular processes, including pre-mRNA splicing and the regulation of gene expression, both of which are critical for maintaining normal cellular function. Dysregulation of splicing factors and associated pathways has been associated with various cancers, as they can lead to abnormal gene expression patterns, contributing to tumorigenesis. Specifically, alterations in PRPF40B may impact spliceosome activity and the stability of mRNA transcripts, which can further influence oncogenic signaling pathways and the cellular response to stress. There is growing evidence that aberrations in splicing regulation can promote genomic instability and support cancer cell proliferation, suggesting a potential link between PRPF40B expression levels and cancer development.",0
CYP4B1,1539,0.3333333333333333,0.0666666666666666,0.0,0.6,0.0,1.0,0.0,0.0,1.0,0.0,1.5,1.6666666666666667,0.6309148264984227,1.0,0.5058168942842691,0.8505718483502681,658239.5,475.0,0.007970094,0.0,0.0,0.0,0.0,0.0,0.0,0.0,0.0,0.0,0.0,0.0,0.0,0.0,2.0,8.0,1.0,0.0,0.0,0.0,0.0,5.0,1.0,0.0,0.0,0.0,0.0,0.0,17.0,0.0,16.0,15.70017647,104.9298637,20.623693668326485,7.203439663315328,0.2427577868852458,0.0268554241496071,122.0,-0.230409421965318,0.0138159842485011,173.0,0.2355162033898302,0.0191726702794142,295.0,2.5366661590421584,0.8927751407096527,0.111514500398345,0.0145173604745375,15.87170359155274,1.9749989424027463,"The CYP4B1 gene encodes an enzyme that is part of the cytochrome P450 family, which plays a crucial role in the metabolism of various endogenous and exogenous compounds, including drugs and carcinogens. Alterations in CYP4B1 expression or activity may influence the bioactivation of procarcinogens or the detoxification of reactive metabolites, potentially contributing to cancer susceptibility. Some studies suggest that polymorphisms or aberrant regulation of CYP4B1 could lead to an accumulation of harmful metabolites, promoting genotoxicity and tumorigenesis. Furthermore, the involvement of CYP4B1 in the metabolism of specific substrates associated with tumor development underscores its potential relevance in cancer biology, although the exact mechanisms and relationships remain an area of ongoing research.",0
SPRY4,969,0.0,0.0,0.0,1.0,0.0,1.0,0.0,0.0,1.0,0.0,4.0,4.0,1.0,1.0,0.6426735218508998,0.9268113276068124,394296.3,573.0,0.02778772,4.443070502579802e-06,6.0,0.0,0.0,2.0,0.0,0.0,0.0,0.0,0.0,0.0,0.0,0.0,0.0,4.0,0.0,0.0,0.0,0.0,0.0,0.0,0.0,0.0,0.0,0.0,0.0,0.0,6.0,0.0,6.0,15.37833333,131.7021191,20.923800826715063,4.122239860517009,0.2617498958333332,0.0137355413853294,192.0,-0.2508961990950225,0.0179261839245783,221.0,0.2559419854721551,0.0159693010416793,413.0,3.4253918561941705,0.0259265735399593,0.063489998412077,0.009640193764357,21.35139303216103,2.188317705248597,"Yes, there is a relationship between the SPRY4 gene and cancer. SPRY4 is involved in the regulation of receptor tyrosine kinase (RTK) signaling pathways, which are critical for cell proliferation, differentiation, and survival. Dysregulation of SPRY4 has been observed in various cancers, where altered SPRY4 expression may lead to enhanced RTK activation, contributing to tumorigenesis and metastasis. Additionally, SPRY4's role in modulating the epithelial-mesenchymal transition (EMT) further implicates it in cancer progression, as EMT is associated with increased migratory and invasive capabilities of cancer cells. Moreover, the gene may interact with other oncogenic pathways, influencing cellular responses to growth factors and contributing to the aberrant signaling commonly observed in malignancies.",0
SFRP5,954,0.1666666666666666,0.0,0.0,0.8333333333333334,0.0,1.0,0.0,0.0,1.0,0.0,2.5,2.5,1.0,1.0,0.0108674389793301,0.0600098264479293,555866.5,209.0,0.03345717,0.0,0.0,0.0,0.0,0.0,0.0,0.0,0.0,0.0,0.0,0.0,0.0,0.0,0.0,5.0,0.0,0.0,0.0,0.0,0.0,1.0,0.0,0.0,0.0,0.0,0.0,0.0,6.0,0.0,5.0,25.03,54.3838,18.85818578615737,2.7640434504386806,0.2143015151515151,0.0137617608578849,99.0,-0.33631214057508,0.0452659830091853,313.0,0.3069940533980584,0.0403680711550628,412.0,1.8243354225902408,0.9351771655329584,0.1114602303372708,0.0314618456862254,20.060674391099585,2.322449260305919,"The SFRP5 gene, which encodes a member of the secreted frizzled-related protein family, has been implicated in various cancer-related processes. It is thought to play a role in modulating the Wnt signaling pathway, which is crucial for cell proliferation, differentiation, and apoptosis. Dysregulation of SFRP5 can lead to altered Wnt signaling, potentially contributing to tumorigenesis by promoting cellular proliferation and survival or by inhibiting apoptotic pathways. Additionally, SFRP5 has been associated with inflammatory responses and the tumor microenvironment, where it may influence cancer progression and metastasis through mechanisms involving cell signaling and interactions with extracellular matrix components. The precise role of SFRP5 in specific cancers and the underlying mechanisms remain subjects of active research.",0
MSLN,1893,0.0769230769230769,0.0769230769230769,0.0,0.8461538461538461,0.0,1.0,0.0,0.0,0.958424899318874,0.0,5.5,6.0,0.5461496450027308,1.0,0.287852619458837,0.6463174058200674,1187310.0,273.0,0.03873047,2.315844333884056e-06,12.0,1.0,0.0,0.0,0.0,0.0,0.0,0.0,0.0,0.0,0.0,0.0,0.0,11.0,1.0,0.0,0.0,0.0,0.0,1.0,0.0,0.0,0.0,0.0,0.0,0.0,14.0,0.0,14.0,13.39,72.20139985,23.318731916627723,5.740534972489531,0.2437004901960784,0.0179288523436008,204.0,-0.2416445161290321,0.0187031371547968,155.0,0.2428128133704735,0.018212883954912,359.0,2.9396134387243635,0.5708631140415147,0.111514500398345,0.0145173604745375,19.073988622016003,2.870996000652001,"Yes, there is a relationship between the MSLN gene and cancer, particularly in mesotheliomas and some other carcinomas. MSLN encodes mesothelin, a glycoprotein that is overexpressed in various tumors, serving as a potential marker for cancer diagnosis and prognosis. The upregulation of mesothelin is thought to contribute to tumor progression through several mechanisms, including promoting cell adhesion, enhancing tumor cell proliferation, and facilitating immune evasion. Mesothelin can interact with receptors such as CA125 and potentially activate signaling pathways that lead to increased malignancy. Additionally, its expression may be involved in the modulation of the tumor microenvironment, affecting interactions with immune cells, thus influencing the immune response against the tumor.",0
EXPH5,5970,0.225,0.1,0.0,0.575,0.0,1.0,0.1,0.0,0.8778638139390802,0.0,2.3,3.1,0.2828854314002829,1.0,0.7082152974504249,0.9525546310701488,369515.0,500.0,0.01310469,7.066203214327562e-06,5.0,1.0,0.0,0.0,0.0,0.0,0.0,3.0,1.0,0.0,0.0,0.0,0.0,23.0,4.0,0.0,0.0,0.0,0.0,9.0,0.0,0.0,3.0,0.0,1.0,0.0,37.0,0.0,33.0,12.96113514,115.809885,21.88244505615234,1.91338732676564,0.2138284684684684,0.0184914025912694,111.0,-0.2763400900900901,0.0193221653782723,222.0,0.255502882882883,0.0198597073603386,333.0,3.483436664990125,0.0331482737570934,0.111514500398345,0.0145173604745375,22.788276290808053,1.715981852093818,"There is currently limited direct evidence linking the EXPH5 gene to cancer. However, its role in cellular processes such as membrane trafficking and cytoskeletal organization could indirectly influence cancer progression. Dysregulation of membrane dynamics is known to play a role in tumorigenesis, including effects on cell adhesion, migration, and invasion, which are critical for metastasis. Additionally, alterations in the expression of genes involved in these processes can contribute to the malignant phenotype of tumors. Further investigation is required to determine any specific relationships or mechanisms connecting EXPH5 to cancer pathology.",0
UBALD1,534,0.75,0.0,0.0,0.25,0.0,1.0,0.0,0.0,1.0,0.0,0.25,0.25,1.0,1.0,0.9784735812133072,0.999766626009308,742112.0,160.0,0.04602842,0.0,0.0,0.0,0.0,0.0,0.0,0.0,0.0,0.0,0.0,0.0,0.0,0.0,2.0,1.0,0.0,0.0,0.0,0.0,0.0,3.0,0.0,0.0,0.0,0.0,0.0,0.0,6.0,0.0,6.0,10.69983333,40.63348177,20.985350607941548,0.8691844158670208,0.2446207142857144,0.0194850261758974,196.0,-0.2563247142857142,0.0221776292653854,140.0,0.2494973809523809,0.0205774852761051,336.0,3.1411882461616645,0.0135855918555146,0.1780827746480967,0.0095603367443701,20.060674391099585,2.322449260305919,"The UBALD1 gene has been implicated in various cellular processes, including protein degradation and cellular stress response, which can influence oncogenic pathways. Dysregulation of UBALD1 may affect the stability of specific oncoproteins or tumor suppressors, thereby impacting cell proliferation and apoptosis. Moreover, its involvement in the regulation of the Unfolded Protein Response (UPR) suggests a potential role in maintaining cellular homeostasis under stress conditions, which is critical in cancer biology. Aberrant activation of the UPR can lead to adaptations that support tumor growth and survival, further linking UBALD1 to cancer development and progression. However, specific mechanisms and the extent of its involvement in various cancer types remain subjects of ongoing research.",0
CYP11A1,1566,0.1176470588235294,0.0588235294117647,0.1176470588235294,0.7058823529411765,0.0,1.0,0.0,0.0,0.9027890065087104,0.0,4.0,5.0,0.050436273768094,1.0,0.4737091425864519,0.8276465034894285,641003.6,222.0,0.04632301,1.9233456579401094e-06,4.0,0.0,0.0,1.0,0.0,0.0,0.0,0.0,0.0,0.0,0.0,0.0,2.0,12.0,1.0,0.0,0.0,0.0,0.0,2.0,2.0,0.0,1.0,0.0,0.0,0.0,19.0,0.0,18.0,19.099,112.6595997,19.43970207405352,3.572053916601248,0.2348413186813186,0.0219944214871306,91.0,-0.2595643089430897,0.0234812097348266,246.0,0.2528883679525223,0.0231339179404832,337.0,2.00145917204878,0.5890252415073439,0.2172753032208682,0.0424009978918244,20.060674391099585,2.322449260305919,"Yes, there is a relationship between the CYP11A1 gene and cancer. CYP11A1 encodes a critical enzyme involved in the biosynthesis of steroid hormones, particularly the first step in converting cholesterol to pregnenolone. Dysregulation of steroid hormone production can lead to altered signaling pathways that promote tumor proliferation, survival, and metastasis. For example, increased levels of steroid hormones, such as estrogen and androgens, may facilitate the development and progression of hormone-sensitive cancers, including breast and prostate cancer. Additionally, CYP11A1 expression may be associated with tumor microenvironment alterations, influencing angiogenesis and immune responses that can further impact cancer progression. Thus, the pathways regulated by CYP11A1 highlight its potential role in cancer biology through hormonal and non-hormonal mechanisms.",0
CACNG6,783,0.1333333333333333,0.0666666666666666,0.0,0.6,0.0,1.0,0.2,0.0,0.863489053434765,0.0,3.0,4.333333333333333,0.6234413965087282,1.0,0.5837711617046117,0.8979837824529964,806175.1,338.0,-0.03952464,0.0,0.0,0.0,0.0,0.0,0.0,0.0,0.0,2.0,0.0,0.0,0.0,0.0,0.0,9.0,1.0,0.0,0.0,0.0,0.0,2.0,0.0,0.0,2.0,0.0,0.0,0.0,12.0,0.0,14.0,19.09183333,77.43479306,25.83438332576328,0.4465069563175574,0.2810803381642512,0.0447592705799821,207.0,-0.2613256774193549,0.0245839133623628,155.0,0.2726218508287292,0.0361244348162325,362.0,1.2589639366480851,1.1102028856872264,0.0718191532305211,0.0074437457472019,20.060674391099585,2.322449260305919,"The CACNG6 gene encodes a subunit of voltage-dependent calcium channels, which play a pivotal role in calcium homeostasis and signaling within cells. Dysregulation of calcium signaling is a well-established contributor to tumorigenesis and cancer progression. Altered expression or mutations in CACNG6 could potentially affect calcium influx, leading to changes in cell proliferation, apoptosis, and other critical processes associated with cancer development. Moreover, calcium signaling influences various pathways such as the PI3K/Akt and MAPK pathways, which are implicated in cell survival and growth. Therefore, any perturbation in CACNG6 function could have downstream effects that promote oncogenic transformations or affect the tumor microenvironment, although more specific studies are needed to fully elucidate these mechanisms.",0
GTF3C5,1581,0.0769230769230769,0.0,0.0,0.8461538461538461,0.0,1.0,0.0769230769230769,0.0,1.0000000000000002,0.0,5.5,6.0,1.0,1.0,0.2740476842970677,0.6287895745284491,1828532.0,402.0,0.04965113,9.013795327286908e-05,31.0,0.0,0.0,0.0,0.0,0.0,0.0,1.0,0.0,0.0,0.0,0.0,3.0,11.0,0.0,0.0,0.0,0.0,0.0,1.0,0.0,0.0,1.0,0.0,0.0,0.0,15.0,0.0,15.0,15.1104,119.7134874,23.99071899100835,0.285336955507734,0.2495076056338029,0.0161701268311057,142.0,-0.2440803787878788,0.0166154421184871,264.0,0.2459785714285715,0.016426095969806,406.0,3.484422445176479,0.0054233531574454,0.0716375279974276,0.0107045059259051,16.361770421428673,3.173837736200261,"The relationship between the GTF3C5 gene and cancer is not well-established in current scientific literature, but some emerging studies suggest it may have implications in tumorigenesis. GTF3C5 is involved in the regulation of RNA polymerase III transcription, which is crucial for synthesizing small non-coding RNAs and other critical components for protein synthesis and cell growth. Dysregulation of RNA polymerase III activity can lead to aberrant expression of oncogenic or tumor-suppressive factors, potentially contributing to uncontrolled cell proliferation and reduced apoptosis, which are hallmarks of cancer. Furthermore, alterations in the expression levels of genes regulated by RNA polymerase III have been observed in various malignancies, indicating a potential link between GTF3C5 function and cancer pathophysiology, though direct associations require further investigation.",0
NLRP14,3282,0.2777777777777778,0.0833333333333333,0.0,0.5833333333333334,0.0,1.0,0.0555555555555555,0.0,0.9376219165483384,0.0,1.9090909090909087,2.363636363636364,0.5154639175257731,1.0,0.5178663904712584,0.8586421561089475,418263.3,881.0,-0.003969854,0.0,1.0,0.0,0.0,0.0,0.0,0.0,0.0,1.0,1.0,0.0,0.0,0.0,0.0,20.0,3.0,0.0,0.0,0.0,0.0,10.0,1.0,0.0,1.0,0.0,1.0,0.0,34.0,0.0,27.0,13.62176471,98.71637946,21.88701420269522,1.8204614569819408,0.1992841666666666,0.013753460403117,132.0,-0.2547274429223742,0.0203635227062754,218.0,0.2338769800569798,0.0185546262822824,350.0,2.010282714737596,0.6199223231827775,0.1621103033874373,0.0223432946245856,20.060674391099585,2.322449260305919,"The NLRP14 gene, part of the NLR (nucleotide-binding oligomerization domain-like receptor) family, has been implicated in various cellular processes, including innate immune responses and inflammation, both of which can influence cancer development. The activation of NLRP14 may modulate inflammatory cytokine secretion, potentially affecting tumor microenvironments and cancer progression. Dysregulation of NLRP14 and its associated pathways could lead to altered immune surveillance, allowing cancerous cells to evade detection, or to enhance carcinogenic processes through persistent inflammation. Furthermore, interactions between NLRP14 and other signaling pathways may provide insights into tumorigenesis mechanisms, though further research is necessary to elucidate its precise role in cancer biology.",0
ATP6V1C1,1149,0.0,0.0,0.0,0.8,0.0,1.0,0.0,0.0,1.0,0.2,4.0,5.0,0.5767012687427913,1.0,0.1781578478531979,0.4854953386709538,470948.5,438.0,0.04674208,5.117698299150941e-05,55.0,0.0,0.0,1.0,0.0,0.0,0.0,0.0,0.0,0.0,0.0,0.0,2.0,4.0,0.0,1.0,0.0,0.0,0.0,0.0,0.0,0.0,1.0,0.0,1.0,0.0,6.0,0.0,7.0,28.55166667,138.7808167,26.41195869380073,0.3063935603657017,0.3631468973214286,0.0602252072053406,448.0,-0.2595436842105263,0.028005809380827,57.0,0.3514530693069307,0.0576026846824257,505.0,3.6478209201864495,0.0027413949427013,0.111514500398345,0.0145173604745375,19.00687201326575,5.872448222420171,"The ATP6V1C1 gene encodes a subunit of the lysosomal V-ATPase, a complex responsible for acidifying intracellular organelles, which is crucial for various cellular processes, including protein sorting, degradation, and maintaining cellular homeostasis. Dysregulation of this gene has been implicated in various cancers, as altered lysosomal function can lead to enhanced autophagic flux, the evasion of apoptosis, and the promotion of tumorigenesis. Increased expression or mutations in ATP6V1C1 may promote a more acidic tumor microenvironment, facilitating cancer cell invasion and metastasis. Moreover, the gene's role in maintaining pH homeostasis and regulating metabolic pathways can affect cancer cell proliferation and resistance to therapies, making it a potential player in cancer progression and treatment response.",0
SDF2L1,666,0.3333333333333333,0.0,0.0,0.6666666666666666,0.0,1.0,0.0,0.0,1.0,0.0,1.0,1.0,1.0,1.0,0.8271298593879239,0.9841137896051744,521772.8,194.0,0.03708826,2.4091736094602345e-05,15.0,0.0,0.0,0.0,0.0,0.0,0.0,0.0,0.0,0.0,0.0,0.0,0.0,3.0,0.0,0.0,0.0,0.0,0.0,1.0,0.0,0.0,0.0,1.0,0.0,0.0,3.0,0.0,4.0,17.66,54.4756,25.630013372888893,0.757445256002543,0.2737130769230769,0.0465424552859553,156.0,-0.2841814574898785,0.0297956866523386,247.0,0.2801291811414393,0.03620471994087,403.0,3.2635806341646583,0.0167304890286611,0.0540567844326539,0.007305746055699,20.060674391099585,2.322449260305919,"The SDF2L1 gene, which encodes a protein implicated in cellular stress responses and survival, has been observed in various studies to exhibit altered expression in certain cancer types. Increased expression of SDF2L1 may enhance cell proliferation and survival by modulating apoptotic pathways and promoting resistance to oxidative stress, which are critical features of cancer cell biology. Additionally, SDF2L1 may contribute to the tumor microenvironment through its role in cellular signaling, potentially influencing angiogenesis and immune evasion. However, the precise mechanisms linking SDF2L1 to carcinogenesis and tumor progression remains an area of ongoing investigation, necessitating further research to elucidate its exact role in different cancers.",0
PDCD4,1410,0.0,0.0,0.0,1.0,0.0,1.0,0.0,0.0,1.0,0.0,3.0,3.0,1.0,1.0,0.0851208716377255,0.2948317171719759,340524.4,254.0,0.009197824,4.3904328321661327e-05,45.0,0.0,0.0,0.0,0.0,0.0,0.0,0.0,0.0,0.0,0.0,0.0,0.0,3.0,0.0,0.0,0.0,0.0,0.0,0.0,0.0,0.0,0.0,0.0,0.0,0.0,3.0,0.0,3.0,26.43333333,4.643333333,26.09960042985006,1.0093685400001515,0.2084667307692307,0.013194842061053,104.0,-0.3268309836065576,0.0442878678036346,305.0,0.2967334718826409,0.0389929748487008,409.0,3.647774650973959,0.0094446263615818,0.0672366911103934,0.0141068206426889,28.17919533977157,1.1248639174684605,"Yes, there is a relationship between the PDCD4 gene and cancer. PDCD4 (Programmed Cell Death 4) is a tumor suppressor gene that is often downregulated in various types of cancers, including breast, lung, and colorectal tumors. Its loss of function is associated with increased cell proliferation, invasion, and metastasis. Mechanistically, PDCD4 inhibits the activity of pro-oncogenic factors, such as AP-1 (activator protein-1), by disrupting their signaling pathways. Additionally, PDCD4 can regulate the translation of oncogenic mRNAs by interacting with translation initiation factors, thereby limiting the expression of proteins that promote cellular growth and survival. The dysregulation of PDCD4 contributes to the oncogenic landscape, facilitating tumor progression and poor prognosis in cancer patients.",0
FAM20C,1755,0.1875,0.0625,0.0,0.5625,0.0,1.0,0.1875,0.0,0.875,0.0,2.25,3.25,0.3485535029627048,1.0,0.4329004329004329,0.7953452487158884,195067.0,593.0,-0.004003385,1.1926191301597336e-06,7.0,0.0,0.0,0.0,0.0,0.0,0.0,2.0,1.0,0.0,0.0,0.0,5.0,9.0,0.0,0.0,0.0,0.0,0.0,3.0,1.0,0.0,2.0,0.0,1.0,0.0,18.0,0.0,21.0,16.60905556,273.2417253,19.495923187102985,3.0119666287513285,0.3034670761670761,0.0250931414044843,407.0,-0.3169793333333334,0.0526880397592157,120.0,0.3065438709677418,0.0313205569195879,527.0,3.3987400985127896,0.024133884823047,0.1349702682555097,0.0080409552745437,16.339182267536895,4.975530941671248,"Yes, there is a relationship between the FAM20C gene and cancer. FAM20C is implicated in the regulation of extracellular matrix components and phosphorylation of proteins, influencing cellular processes such as growth and differentiation. Dysregulation of FAM20C expression has been observed in various cancers, including breast and ovarian cancers, where it may contribute to tumor progression through mechanisms such as enhanced cellular proliferation, altered cell adhesion, and evasion of apoptosis. The gene's role in modulating the tumor microenvironment and potential effects on signaling pathways associated with cancer metastasis further underscore its relevance in oncogenesis. Additionally, FAM20C may interact with pathways linked to the epithelial-mesenchymal transition (EMT), a critical process in cancer metastasis, thereby enhancing the invasive potential of tumor cells.",0
KCNT1,3708,0.4782608695652174,0.0869565217391304,0.0217391304347826,0.391304347826087,0.0,1.0,0.0217391304347826,0.0,0.9310866274822264,0.0,0.782608695652174,1.0434782608695652,0.0225073148773351,1.0,0.942507068803016,0.9983146650630028,404991.2,494.0,0.03808101,0.0,0.0,0.0,0.0,0.0,0.0,0.0,0.0,1.0,0.0,0.0,0.0,0.0,1.0,18.0,4.0,0.0,0.0,0.0,0.0,22.0,2.0,0.0,2.0,0.0,0.0,0.0,46.0,0.0,40.0,17.45791304,195.6920595,17.50273431409004,4.169404508167819,0.2638164016874681,0.0370683991865753,190.13201675643327,-0.2623792743604192,0.0349935889004216,187.6534410532616,0.2724842722630945,0.0397860230283488,377.6466786355476,1.874552103558829,0.6527045323678072,0.2424377166449795,0.0184203399428984,18.332744756656545,0.4030266465688235,"The KCNT1 gene encodes a potassium ion channel that plays a pivotal role in regulating neuronal excitability. While its primary association is with epilepsy and developmental disorders, emerging research suggests a potential link to cancer through mechanisms related to cellular proliferation and apoptosis. Abnormal expression or mutations in KCNT1 may disrupt ion homeostasis, influencing signaling pathways that regulate cell cycle progression and survival. Additionally, potassium channels are involved in mediating membrane potential changes, which can affect the tumor microenvironment and promote malignancy by enhancing cell migration and invasiveness. However, the precise role of KCNT1 in cancer biology remains an area of ongoing investigation.",0
TRIM26,1620,0.0833333333333333,0.0,0.0,0.9166666666666666,0.0,1.0,0.0,0.0,1.0,0.0,5.5,5.5,1.0,1.0,0.0744546199091653,0.2678553695128388,1932849.0,486.0,0.04832948,4.467105241186012e-05,34.0,0.0,0.0,0.0,0.0,0.0,0.0,0.0,0.0,0.0,0.0,0.0,1.0,11.0,0.0,0.0,0.0,0.0,0.0,1.0,0.0,0.0,1.0,0.0,0.0,0.0,12.0,0.0,12.0,18.1405,51.57466118,23.96996102961147,0.2436031216745347,0.2530966666666666,0.0191681898597069,183.0,-0.2450710000000001,0.0163330873439534,129.0,0.249763322683706,0.0179502387632833,312.0,3.533032998959368,0.0031113654473703,0.0804394353406014,0.0149171133943391,16.72899736398062,0.7198207836884237,"The TRIM26 gene is implicated in various regulatory processes, including immune response and apoptosis, which can influence cancer development. It encodes a protein that functions as an E3 ubiquitin ligase, facilitating the ubiquitination and subsequent degradation of target proteins involved in cell signaling pathways. Dysregulation of TRIM26 has been associated with altered expression of oncogenes and tumor suppressors, potentially leading to increased cell proliferation and survival. Additionally, TRIM26's role in modulating inflammatory responses may also affect tumor microenvironment dynamics, contributing to tumor progression. Therefore, the relationship between TRIM26 and cancer appears to involve mechanisms related to immune evasion, cell survival, and alterations in signaling networks associated with tumorigenesis.",0
FNTA,1140,0.0,0.125,0.0,0.75,0.0,1.0,0.125,0.0,0.9166666666666666,0.0,6.0,8.0,0.6720430107526881,1.0,0.413564929693962,0.7787182597984288,304257.7,559.0,0.0123927,3.103115702518594e-05,18.0,0.0,0.0,1.0,0.0,0.0,0.0,1.0,0.0,0.0,0.0,0.0,0.0,6.0,1.0,0.0,0.0,0.0,0.0,0.0,0.0,0.0,1.0,0.0,0.0,0.0,8.0,0.0,9.0,23.888625,113.0846666,25.65303399964386,0.1770989582417362,0.3182487636363638,0.0668579532072249,275.0,-0.302917819148936,0.035601869787197,188.0,0.3120236717062636,0.0541187746258833,463.0,3.570783026099069,0.0044140522951944,0.0507177398025783,0.0082144143769881,21.918985059495903,1.033773874879461,"The FNTA gene, which encodes the enzyme farnesyltransferase, is involved in the post-translational modification of proteins through farnesylation, a process crucial for the membrane localization and function of various signaling proteins, including some oncogenes. Aberrant farnesylation can lead to dysregulation of cell signaling pathways, promoting uncontrolled cell proliferation and survival, both of which are hallmarks of cancer. Additionally, the alteration in FNTA expression levels may influence the activity of tumor suppressors and oncogenes, further contributing to tumorigenesis and cancer progression. Thus, FNTA could play a significant role in the molecular mechanisms underlying various cancer types through its impact on protein localization and signaling pathways.",0
TTLL7,2664,0.2,0.1,0.0333333333333333,0.6333333333333333,0.0,1.0,0.0333333333333333,0.0,0.9075474226209096,0.0,2.7142857142857144,3.4285714285714284,0.2458814851241701,1.0,0.4100041000410004,0.7755588844746959,157541.9,957.0,-0.01397406,5.256373878509917e-06,3.0,0.0,0.0,4.0,0.0,0.0,0.0,1.0,0.0,0.0,0.0,0.0,0.0,18.0,3.0,0.0,0.0,0.0,0.0,6.0,2.0,0.0,1.0,0.0,0.0,0.0,33.0,0.0,29.0,22.82439394,110.4895629,18.056316602248906,0.354522343394034,0.2089070588235293,0.0144493485904287,119.0,-0.2332793719806764,0.012601665807856,207.0,0.2243827300613496,0.0133718475719084,326.0,3.2109895549691188,0.0748671271494497,0.0322328112212927,0.0030839294562677,17.708709975444403,0.4495886644654372,"The TTLL7 gene encodes a protein involved in the post-translational modification of tubulin, specifically through the addition of glutamate chains, a process that is crucial for microtubule stability and organization. Dysregulation of TTLL7 has been implicated in various cancers, potentially through mechanisms such as altered cell proliferation, migration, and invasion due to impaired microtubule dynamics. Changes in microtubule organization can affect cellular processes like mitosis, enabling genome instability and the acquisition of oncogenic traits. Additionally, aberrant expression of TTLL7 may influence signaling pathways related to cancer progression, contributing to the aggressive behavior of tumor cells. Thus, while direct evidence linking TTLL7 to specific cancer types is still emerging, its role in microtubule regulation suggests a plausible connection to tumorigenesis.",0
GADD45GIP1,669,0.3333333333333333,0.0,0.0,0.3333333333333333,0.0,1.0,0.3333333333333333,0.0,1.0,0.0,0.5,1.0,1.0,1.0,0.8703220191470844,0.9912027840440544,1886809.0,335.0,0.03995114,0.0001446057821211,35.0,0.0,0.0,0.0,0.0,0.0,0.0,1.0,0.0,0.0,0.0,0.0,0.0,1.0,0.0,0.0,0.0,0.0,0.0,1.0,0.0,0.0,1.0,0.0,0.0,0.0,2.0,0.0,3.0,8.9365,0.3144245,23.84032024520316,0.3154865586684233,0.3330567027027027,0.0623990649298295,185.0,-0.2169554081632652,0.0116493280003453,196.0,0.2733300524934381,0.0395681580726288,381.0,3.4360066279458,0.0088105191448843,0.0496061563929902,0.0012848866067908,16.619097015429915,2.91589288669873,"The GADD45GIP1 gene, also known as GADD45 gamma-interacting protein 1, has been implicated in various cellular processes such as cell cycle regulation, stress response, and apoptosis, all of which are critical in the context of cancer biology. Dysregulation of GADD45GIP1 can lead to aberrant cell proliferation and survival, contributing to tumorigenesis. Specifically, it may interact with pathways involving DNA repair and genomic stability, where its loss or altered expression could promote oncogenic transformations. Additionally, GADD45GIP1 may influence the tumor microenvironment and immune responses, further impacting cancer progression. However, the precise mechanisms linking GADD45GIP1 to different cancer types require further investigation to elucidate its role in oncogenesis definitively.",0
NXT1,423,0.0,0.0,0.0,1.0,0.0,1.0,0.0,0.0,1.0,0.0,2.0,2.0,1.0,1.0,0.0514694528797158,0.2041673166535064,188823.4,688.0,-0.02165926,1.009152837564025e-06,7.0,0.0,0.0,0.0,0.0,0.0,0.0,0.0,0.0,0.0,0.0,0.0,0.0,2.0,0.0,0.0,0.0,0.0,0.0,0.0,0.0,0.0,0.0,0.0,0.0,0.0,2.0,0.0,2.0,26.75,9.245,21.47597931848418,0.7714434520384703,0.3245656441717791,0.0728604102677375,326.0,-0.259255393258427,0.0340921376546731,89.0,0.3105593493975905,0.0651641339582713,415.0,3.269674070300811,0.0084817968110566,0.0506976964643856,0.007125632426095,15.44257899282002,0.8657070336120243,"The NXT1 gene encodes a protein involved in the nuclear export of proteins and RNA, facilitating the transport of these molecules from the nucleus to the cytoplasm. Dysregulation of NXT1 has been implicated in various cancer types due to its role in the expression and localization of oncogenes and tumor suppressor genes. Abnormal expression levels of NXT1 may lead to the accumulation or loss of critical regulatory factors, potentially disrupting normal cellular homeostasis, contributing to enhanced proliferation, evasion of apoptosis, and alterations in cellular signaling pathways. Furthermore, the involvement of NXT1 in typical nucleocytoplasmic transport processes positions it as a potential mediator in the interplay between nuclear signaling and tumorigenesis.",0
ZMYND8,3567,0.2083333333333333,0.0833333333333333,0.0,0.7083333333333334,0.0,1.0,0.0,0.0,0.9454739270036172,0.0,2.833333333333333,3.1666666666666665,0.2820874471086037,1.0,0.1210653753026634,0.3766857854156036,303060.4,186.0,0.04406187,1.4704153735734245e-05,21.0,0.0,0.0,0.0,0.0,0.0,0.0,0.0,0.0,0.0,0.0,0.0,18.0,16.0,2.0,0.0,0.0,0.0,0.0,5.0,1.0,0.0,2.0,0.0,1.0,0.0,39.0,0.0,31.0,19.11876923,125.0640522,24.521233347160344,0.3580231424504353,0.3419896121883657,0.0524601128426269,358.0,-0.2301247540983607,0.0216442293820218,61.0,0.3258195734597156,0.0494947565722641,418.0,3.599713048480681,0.0071541076636489,0.111514500398345,0.0145173604745375,25.88586951511834,0.4119080900717688,"Yes, there appears to be a relationship between the ZMYND8 gene and cancer. ZMYND8 has been implicated in various tumorigenic processes, primarily through its role in chromatin remodeling and regulation of gene expression. It functions as a co-regulator of transcription, often interacting with specific transcription factors to modulate the expression of genes involved in cell proliferation and differentiation. Dysregulation of ZMYND8 has been observed in multiple cancer types, potentially leading to altered gene expression patterns that promote neoplastic transformation. Moreover, ZMYND8 may influence DNA repair mechanisms and the cellular response to stress, which are critical determinants of cancer development and progression. Through these pathways, ZMYND8 may contribute to tumorigenesis and the maintenance of cancer cell phenotypes.",0
SLC5A8,1833,0.1304347826086956,0.0869565217391304,0.0,0.782608695652174,0.0,1.0,0.0,0.0,0.9615539600943472,0.0,4.5,5.0,0.4428697962798937,1.0,0.2191060473269062,0.551752723926343,261778.3,828.0,-0.0154898,0.0,0.0,0.0,0.0,0.0,0.0,0.0,0.0,0.0,0.0,0.0,0.0,0.0,0.0,16.0,2.0,0.0,0.0,0.0,0.0,3.0,2.0,0.0,0.0,0.0,0.0,0.0,23.0,0.0,21.0,23.21265217,109.4016781,19.612694269347585,2.9197011334716234,0.2189519708029197,0.0116291047247638,137.0,-0.223154,0.0172034811547222,145.0,0.2211125886524822,0.0144487663665846,282.0,1.629330453516448,1.6682851527559908,0.2775121170694177,0.0274375088562355,19.51237515686777,7.780914991473628,"Yes, there is evidence suggesting a relationship between the SLC5A8 gene and cancer. SLC5A8 encodes a sodium-coupled transporter for short-chain fatty acids and other metabolites, which are crucial for cellular energy metabolism and signaling. Dysregulation of SLC5A8 has been associated with altered cellular homeostasis, leading to changes in apoptosis, proliferation, and inflammation — all of which are processes relevant to cancer initiation and progression. Furthermore, SLC5A8 has been shown to have tumor suppressor functions in certain contexts, where its downregulation or loss is linked to the promotion of malignant phenotypes. For instance, decreased expression of SLC5A8 in colorectal and breast cancers has been correlated with worse patient outcomes, suggesting that its loss may contribute to tumor development through metabolic reprogramming and altered cell survival pathways.",0
HHATL,1515,0.25,0.1666666666666666,0.0833333333333333,0.5,0.0,1.0,0.0,0.0,0.8894714728255649,0.0,1.5,2.25,0.075013127297277,1.0,0.777000777000777,0.9730488955819656,369022.3,329.0,0.0344656,0.0,1.0,0.0,0.0,0.0,0.0,0.0,0.0,0.0,0.0,0.0,0.0,0.0,0.0,5.0,2.0,0.0,0.0,0.0,0.0,3.0,2.0,0.0,0.0,0.0,0.0,0.0,12.0,0.0,10.0,23.00766667,78.70001079,21.356908743413985,2.734268886816421,0.221778429752066,0.0160110279350137,121.0,-0.2745566000000002,0.018228312144802,400.0,0.2622990978886756,0.0181792140601461,521.0,1.131439163415585,1.1855507141856654,0.111514500398345,0.0145173604745375,18.644109105800627,2.160768421999008,"The HHATL gene (Hedgehog acyltransferase-like) has been implicated in cancer primarily through its role in modulating hedgehog signaling pathways, which are crucial for cell differentiation, proliferation, and tissue patterning. Dysregulation of these pathways can lead to oncogenesis. HHATL may influence the acylation of Hedgehog proteins, thereby affecting their signaling capacity and stability. In some contexts, altered expression or function of HHATL has been associated with tumoral growth and metastasis, suggesting that it may play a role in the tumor microenvironment and cellular communication. Additionally, aberrations in HHATL-related signaling may contribute to the epithelial-mesenchymal transition (EMT), a process that enhances migratory and invasive properties of cancer cells. Overall, the interplay between HHATL expression and hedgehog signaling pathways warrants further investigation to elucidate its full implications in cancer biology.",0
PKM,1818,0.5,0.0,0.0,0.5,0.0,1.0,0.0,0.0,1.0,0.0,0.8,0.8,1.0,1.0,0.6195786864931846,0.9161806504632944,1130931.0,192.0,0.03641176,0.0007984869849719,156.0,0.0,0.0,2.0,0.0,0.0,0.0,0.0,0.0,0.0,0.0,0.0,1.0,4.0,0.0,0.0,0.0,0.0,0.0,4.0,0.0,0.0,0.0,0.0,0.0,0.0,11.0,0.0,11.0,14.98272727,96.70999042,31.0149197923061,0.2684695565012538,0.2428933333333333,0.0329558829977528,90.0,-0.2560419918699188,0.0223499392813223,246.0,0.2525200297619049,0.0251349275931334,336.0,3.971162035302497,0.0037897165380103,0.1060964706462119,0.0135247688619716,24.71838685862883,4.249706201092319,"Yes, there is a relationship between the PKM gene, which encodes the pyruvate kinase muscle isoform, and cancer. PKM plays a crucial role in cellular metabolism by catalyzing the conversion of phosphoenolpyruvate to pyruvate, a key step in glycolysis. In many cancers, there is a switch from the PKM1 isoform to the PKM2 isoform, which is less efficient at promoting pyruvate production and can lead to the accumulation of metabolic intermediates that support anabolic processes and tumor growth. This switch, often referred to as the Warburg effect, enhances the biosynthesis of macromolecules necessary for rapid cell proliferation while allowing for the diversion of glycolytic intermediates into pathways that generate nucleotides and lipids. Additionally, PKM2 is implicated in regulating cellular signaling pathways that influence cell proliferation and survival, thereby contributing to oncogenesis. изменения in PKM expression and activity can, therefore, promote tumorigenesis and influence cancer progression.",0
SLC36A2,1452,0.4615384615384615,0.0,0.1538461538461538,0.3846153846153846,0.0,1.0,0.0,0.0,0.958424899318874,0.0,0.7142857142857143,1.0,0.1309071868045555,1.0,0.8210180623973727,0.9829311734710224,821078.0,530.0,0.04774257,0.0,0.0,0.0,0.0,0.0,0.0,0.0,0.0,0.0,0.0,0.0,0.0,0.0,1.0,5.0,0.0,0.0,0.0,0.0,0.0,6.0,2.0,0.0,0.0,0.0,0.0,0.0,14.0,0.0,13.0,16.23921429,153.971986,22.154612061892028,1.4620402755300683,0.2796006451612902,0.0188831006266085,186.0,-0.2419772685185185,0.0139808235408763,216.0,0.2593850995024876,0.01656039405398,402.0,1.9302324062269536,1.3747319606480113,0.111514500398345,0.0145173604745375,22.81462999833219,2.054065986372503,"The relationship between the SLC36A2 gene and cancer is not definitively established, but emerging evidence suggests potential mechanisms by which it could influence tumor biology. SLC36A2 encodes a proton-coupled amino acid transporter primarily involved in the cellular uptake of specific amino acids, particularly proline and leucine. Dysregulation of amino acid transporters is increasingly recognized as a factor in cancer metabolism, contributing to altered cellular growth, proliferation, and survival. In tumor microenvironments, changes in amino acid availability can impact the mTOR signaling pathway, which is crucial in cancer progression. Additionally, the interplay between SLC36A2-mediated transport and metabolic reprogramming could affect cellular behaviors such as angiogenesis and oxidative stress response, further linking this gene to cancerous transformations. However, direct evidence connecting SLC36A2 to specific cancer types or mechanisms requires further investigation.",0
MAGI3,4446,0.1785714285714285,0.0357142857142857,0.0357142857142857,0.6428571428571429,0.0,1.0,0.0714285714285714,0.0357142857142857,0.940567257806712,0.0,3.0,3.8333333333333335,0.5790387955993052,1.0,0.3017501508750754,0.6632938802065091,369997.4,623.0,0.002244127,6.230849580951916e-05,17.0,0.0,0.0,0.0,0.0,0.0,0.0,2.0,0.0,0.0,1.0,0.0,0.0,17.0,1.0,0.0,0.0,0.0,0.0,5.0,1.0,0.0,3.0,0.0,0.0,0.0,24.0,0.0,25.0,20.58108333,128.7758734,22.35463237508841,1.853192165836398,0.2078904166666667,0.0157511557636904,120.0,-0.2396769026548675,0.0161218823121415,226.0,0.2286526878612715,0.0161768296034791,345.0,3.485686050476988,0.0144347523783755,0.0878487654019188,0.013207130129195,23.944108683164583,0.8640739949136572,"Yes, there is a relationship between the MAGI3 gene and cancer. MAGI3 (Membrane Associated Guanylate Kinase Inverted 3) is involved in various cellular processes, including cell adhesion, signaling, and the regulation of gene expression. Alterations in MAGI3 expression or function have been implicated in the progression of certain cancers, potentially through mechanisms such as disruption of epithelial-mesenchymal transition (EMT), which is crucial for cancer metastasis. Additionally, MAGI3 may interact with tumor suppressors and contribute to the architecture of cell junctions, influencing signaling pathways that regulate cell growth and apoptosis. These changes can lead to increased cell proliferation and survival, thus promoting tumorigenesis.",0
METTL6,855,0.0,0.0,0.0,0.3333333333333333,0.0,1.0,0.6666666666666666,0.0,0.4841962570206112,0.0,2.0,6.0,1.0,1.0,0.0876193814071672,0.3009509381031685,507425.8,256.0,0.0486406,4.409887541451963e-06,8.0,1.0,0.0,0.0,0.0,0.0,0.0,4.0,0.0,0.0,0.0,0.0,1.0,2.0,0.0,0.0,0.0,0.0,0.0,0.0,0.0,0.0,4.0,0.0,0.0,0.0,4.0,0.0,8.0,15.0875,249.626459,16.92925941269146,0.5935503925313793,0.2386194117647059,0.023682120829281,136.0,-0.2698567810026386,0.0171968189562773,379.0,0.2616076893203884,0.0190567014944557,515.0,3.2401865341901765,0.0044070625479412,0.0405429371734511,0.0101185609830904,16.740985809466128,1.6511536072269437,"The relationship between the METTL6 gene and cancer is an area of ongoing research. METTL6 is known to be involved in the methylation of RNA, a post-transcriptional modification that can influence gene expression and cellular processes. Dysregulation of RNA methylation pathways has been implicated in various forms of cancer, potentially affecting tumorigenesis, cell proliferation, and the response to stressors. For instance, altered expression of METTL6 might disrupt RNA stability, splicing, or translation, thereby impacting oncogenic or tumor-suppressive pathways. Furthermore, the interplay between METTL6 and other RNA-modifying enzymes may contribute to the complexity of the cancer epigenome, affecting the overall landscape of gene expression in malignancies. However, further studies are necessary to elucidate the specific mechanisms and the extent of METTL6's role in cancer progression.",0
SYCE1L,729,0.3333333333333333,0.0,0.0,0.6666666666666666,0.0,1.0,0.0,0.0,1.0,0.0,1.5,1.5,1.0,1.0,0.2817695125387433,0.6386773383106112,649122.9543319192,444.4009897808343,0.0198885680771551,0.0,0.0,0.0,0.0,0.0,0.0,0.0,0.0,0.0,0.0,0.0,0.0,0.0,0.0,6.0,0.0,0.0,0.0,0.0,0.0,3.0,0.0,0.0,0.0,0.0,0.0,0.0,9.0,0.0,9.0,15.05455556,49.27252478,21.88701420269522,1.8204614569819408,0.2376813461538461,0.0232820051033374,156.0,-0.3021746982758622,0.0314745423981769,232.0,0.276244381443299,0.0291144996215802,388.0,2.351279254986152,0.2155277340798007,0.111514500398345,0.0145173604745375,20.060674391099585,2.322449260305919,"The SYCE1L gene, which is involved in meiosis and gametogenesis, has not been extensively studied in the context of cancer. However, its potential relationship to cancer may be hypothesized through its role in cellular processes such as meiosis and DNA repair, which are crucial for maintaining genomic stability. Abnormalities in these processes can lead to an accumulation of mutations and chromosomal aberrations, often seen in cancerous cells. Additionally, given the involvement of other meiosis-related genes in tumorigenesis, there may be indirect pathways through which dysregulation of SYCE1L could influence cancer development. Nevertheless, specific mechanisms linking SYCE1L directly to cancer remain to be elucidated.",0
APOA5,1101,0.375,0.0,0.0,0.625,0.0,1.0,0.0,0.0,1.0,0.0,1.4285714285714286,1.4285714285714286,1.0,1.0,0.1771793054571226,0.483804577248506,419339.5,326.0,0.03573379,1.578414215774771e-07,3.0,0.0,0.0,0.0,0.0,0.0,0.0,0.0,0.0,0.0,0.0,0.0,4.0,10.0,0.0,0.0,0.0,0.0,0.0,6.0,0.0,0.0,0.0,0.0,0.0,0.0,20.0,0.0,19.0,14.8562,83.76186343,19.01512071226987,5.623319822829077,0.2039895238095238,0.0122532057334249,105.0,-0.2774896396396396,0.0203105792360686,222.0,0.2538886850152906,0.0188591067206581,327.0,0.5190754463038428,0.4302181693837517,0.111514500398345,0.0145173604745375,18.77831343732109,5.542635224547373,"The relationship between the APOA5 gene and cancer is not fully elucidated, but several studies suggest potential associations. APOA5 is primarily involved in lipid metabolism, and dysregulation of lipid homeostasis has been implicated in cancer progression and metastasis. Elevated levels of apolipoproteins, including APOA5, may influence tumor growth by altering the tumor microenvironment, promoting inflammation, and affecting cell proliferation and apoptosis. Additionally, variations in the APOA5 gene have been linked to metabolic syndrome, which is a known risk factor for certain cancers. While the exact mechanisms remain to be clarified, the interplay between lipid metabolism and cancer biology indicates a potentially significant role for APOA5 in cancer pathogenesis.",0
CLDND2,504,0.0,0.0,0.0,1.0,0.0,1.0,0.0,0.0,0.8277293767706428,0.0,5.0,5.0,1.0,1.0,0.4403346543372964,0.8015060603801943,368509.5,610.0,-0.009432051,0.0,0.0,0.0,0.0,0.0,0.0,0.0,0.0,0.0,0.0,0.0,0.0,0.0,0.0,5.0,0.0,0.0,0.0,0.0,0.0,0.0,0.0,0.0,0.0,0.0,0.0,0.0,5.0,0.0,5.0,12.63,127.3600875,21.88701420269522,1.8204614569819408,0.2731564480874318,0.038920402676875,183.0,-0.2596664912280703,0.0222257020076161,171.0,0.2666401129943502,0.0308157769348313,354.0,1.7948923430424673,0.2932317764992908,0.111514500398345,0.0145173604745375,20.060674391099585,2.322449260305919,"The CLDND2 gene, which encodes a member of the fungal lipid transport protein family, may play a role in cancer mechanisms primarily through its involvement in cellular membrane dynamics and lipid homeostasis. Disruption of lipid metabolism is a hallmark of cancer, and any aberrations in the function of CLDND2 could potentially alter membrane composition, affecting signaling pathways related to growth and survival. Additionally, its influence on cellular stress responses and the regulation of apoptotic pathways could also contribute to tumorigenesis. While the exact relationship between CLDND2 and cancer remains to be fully elucidated, evidence suggests that variations in lipid transport and metabolism can impact tumor biology. Further research is needed to clarify the specific roles and mechanisms of CLDND2 in cancer development and progression.",0
UGT3A2,1572,0.1052631578947368,0.0526315789473684,0.0,0.7894736842105263,0.0,1.0,0.0526315789473684,0.0,0.9256603431473772,0.0,5.0,5.666666666666667,0.8143322475570033,1.0,0.5141388174807198,0.8561758236865858,173489.8,614.0,-0.0089891119999999,4.582067649858408e-07,3.0,0.0,0.0,0.0,0.0,0.0,0.0,1.0,0.0,0.0,0.0,0.0,1.0,15.0,2.0,0.0,0.0,0.0,0.0,2.0,0.0,0.0,1.0,1.0,0.0,0.0,19.0,0.0,20.0,16.41747368,74.82262782,16.090052742894326,0.7716491259500207,0.3404588538681948,0.06316803778374,349.0,-0.2641008620689655,0.0312751295273139,58.0,0.329577371007371,0.0592491120844507,407.0,1.456497288719082,0.7824555257850156,0.111514500398345,0.0145173604745375,20.060674391099585,2.322449260305919,"The UGT3A2 gene encodes a member of the UDP-glucuronosyltransferase (UGT) family, which is involved in the metabolic detoxification of various endogenous and exogenous compounds, including drugs and hormones. Alterations in UGT enzyme activity can impact the bioavailability and clearance of carcinogens and endocrine disruptors, potentially influencing cancer risk. For instance, reduced expression or functional polymorphisms in UGT3A2 may lead to decreased glucuronidation of toxic metabolites, resulting in enhanced cellular exposure to genotoxic agents. Additionally, aberrant regulation of UGT enzymes could affect levels of estrogens and other hormones, potentially modulating tumorigenic pathways. Therefore, while direct links between UGT3A2 and specific cancer types remain to be fully elucidated, its role in metabolic processes suggests plausible mechanisms by which it may contribute to cancer susceptibility.",0
FITM2,789,0.2222222222222222,0.0,0.0,0.7777777777777778,0.0,1.0,0.0,0.0,1.0,0.0,2.333333333333333,2.333333333333333,1.0,1.0,0.3041362530413625,0.6661433933071574,813167.7,376.0,0.009577634,3.753495857626359e-07,3.0,0.0,0.0,0.0,0.0,0.0,0.0,0.0,0.0,0.0,0.0,0.0,0.0,7.0,0.0,0.0,0.0,0.0,0.0,2.0,0.0,0.0,0.0,0.0,0.0,0.0,9.0,0.0,9.0,19.67533333,95.393251,20.407601115955327,0.988382681561872,0.330908,0.0487199931793696,350.0,-0.2282296774193548,0.0202544216195663,62.0,0.3154564077669904,0.0457277070279403,412.0,3.35922239151714,0.0091417213227972,0.0401063788885491,0.0081133881405145,14.95668488507337,0.584181265994765,"The FITM2 gene has been implicated in various cellular processes, and there is emerging evidence suggesting a potential relationship between FITM2 and cancer. It is involved in lipid metabolism and the regulation of lipid droplet dynamics, both of which can influence tumor cell proliferation and survival. Alterations in lipid metabolism are frequently observed in cancer cells, allowing them to adapt to the energetic and biosynthetic demands of uncontrolled growth. Additionally, FITM2 may play a role in cellular signaling pathways that are dysregulated in cancer, potentially affecting processes such as apoptosis, migration, and invasion. Further research is necessary to elucidate the specific mechanisms by which FITM2 may contribute to cancer pathogenesis.",0
CRIM1,3111,0.2592592592592592,0.074074074074074,0.037037037037037,0.5555555555555556,0.0,1.0,0.037037037037037,0.037037037037037,0.9376859502645476,0.0,1.875,2.5,0.1749475157452764,1.0,0.202020202020202,0.5251288033496162,267484.0,414.0,-0.001354496,8.024955694194505e-08,2.0,0.0,0.0,0.0,0.0,0.0,0.0,1.0,0.0,0.0,1.0,0.0,0.0,15.0,2.0,0.0,0.0,0.0,1.0,7.0,1.0,0.0,2.0,0.0,0.0,0.0,26.0,0.0,27.0,23.82188462,106.9166195,20.661969024073738,0.9856390900678752,0.2346884210526313,0.0165022708133549,228.0,-0.2250722222222221,0.016879021628795,71.0,0.2323805333333329,0.0165534650124236,299.0,3.64818569227857,0.0135541622952282,0.1566959875055397,0.0099055861838612,19.878458918553264,3.110912091983326,"Yes, there is a relationship between the CRIM1 gene and cancer. CRIM1 (cysteine-rich motor neuron 1) has been implicated in various tumorigenic processes, particularly through its roles in cell signaling and extracellular matrix interactions. It is involved in the regulation of the Wnt signaling pathway, which is crucial for cell proliferation, differentiation, and stem cell maintenance. Dysregulation of Wnt signaling has been linked to many types of cancers, including colorectal and breast cancer. Additionally, CRIM1 may influence tumor microenvironment interactions and angiogenesis, further contributing to cancer progression. Studies have indicated that altered expression levels of CRIM1 can affect tumor cell behavior, promoting oncogenic characteristics such as increased invasiveness and metastasis.",0
NMS,462,0.1666666666666666,0.0,0.0,0.8333333333333334,0.0,1.0,0.0,0.0,1.0,0.0,2.5,2.5,1.0,1.0,0.0202318570821615,0.0991461515687685,226557.5,642.0,0.008960883,0.0,0.0,0.0,0.0,0.0,0.0,0.0,0.0,0.0,0.0,0.0,0.0,0.0,0.0,5.0,0.0,0.0,0.0,0.0,0.0,1.0,0.0,0.0,0.0,0.0,0.0,0.0,6.0,0.0,6.0,14.184,108.5733884,21.88701420269522,1.8204614569819408,0.2076965363128491,0.0098856633429916,179.0,-0.2564616363636364,0.0351661282028282,55.0,0.2191584188034188,0.0161316275987766,234.0,0.0133336831902557,0.0145009530682296,0.111514500398345,0.0145173604745375,20.060674391099585,2.322449260305919,"The NMS (Neurotensin and Neuromedin S) gene has been implicated in various cancers through its encoding of neuropeptides that can modulate cell signaling pathways. In particular, neurotensin has been shown to influence tumor growth, angiogenesis, and metastasis by engaging with neurotensin receptors, which are often overexpressed in certain malignancies. These neuropeptides may promote cancer cell proliferation and survival by activating downstream signaling cascades, such as the PI3K/Akt and MAPK pathways, fostering an inflammatory microenvironment that supports tumor progression. Additionally, the expression levels of NMS could be associated with the modulation of epithelial-to-mesenchymal transition (EMT), a key process in cancer metastasis. Thus, the relationship between NMS and cancer is suggested through its involvement in several mechanisms that contribute to tumor biology.",0
ERV3-1,1815,0.1818181818181818,0.1363636363636363,0.0,0.6818181818181818,0.0,1.0,0.0,0.0,0.9311480997434252,0.0,3.0,3.6,0.3976143141153082,1.0,0.7955449482895783,0.9775082972220448,216422.4,994.0,-0.009194884,0.0,1.0,0.0,0.0,0.0,0.0,0.0,0.0,0.0,0.0,0.0,0.0,0.0,0.0,15.0,3.0,0.0,0.0,0.0,0.0,4.0,0.0,0.0,0.0,0.0,0.0,0.0,22.0,0.0,18.0,14.71213636,91.27075908,14.094295096413475,3.246741467179337,0.2998373280423283,0.0264949621092873,378.0,-0.2428650495049504,0.0233947756392475,101.0,0.2878243841336119,0.0263321826117015,479.0,3.501955898462437,0.0205339995329032,0.111514500398345,0.0145173604745375,20.060674391099585,2.322449260305919,"ERV3-1, a gene belonging to the class of endogenous retroviruses, has been implicated in various aspects of cancer biology. Its expression is often upregulated in certain malignancies, and this can influence tumorigenesis through several mechanisms. For instance, ERV3-1 may contribute to genomic instability by integrating retroviral sequences into host genomes, potentially leading to the disruption of essential genes or regulatory regions. Additionally, the proteins encoded by ERV3-1 can elicit immune responses, creating a pro-inflammatory tumor microenvironment that may promote tumor progression. Furthermore, the expression of retroviral elements has been associated with altered cell signaling pathways, influencing cell proliferation, differentiation, and apoptosis. Collectively, these mechanisms suggest that ERV3-1 may play a multifaceted role in cancer development and progression.",0
ZNF563,1431,0.2666666666666666,0.0,0.0,0.6,0.0,1.0,0.1333333333333333,0.0,0.9658722633586913,0.0,1.8,2.2,1.0,1.0,0.5497526113249038,0.8786623966662921,1744621.0,671.0,-0.007611919,0.0,0.0,0.0,0.0,0.0,0.0,0.0,0.0,2.0,0.0,0.0,0.0,0.0,0.0,9.0,0.0,0.0,0.0,0.0,0.0,4.0,0.0,0.0,2.0,0.0,0.0,0.0,13.0,0.0,13.0,10.52430769,52.28781706,21.88701420269522,1.8204614569819408,0.3253130232558139,0.0578868223475315,172.0,-0.2265268292682926,0.0150729504541128,205.0,0.2715963925729441,0.0369314890741858,377.0,3.037995637783627,0.0151656693878402,0.0748218514098284,0.0076443630766728,20.060674391099585,2.322449260305919,"The ZNF563 gene, a member of the zinc finger protein family, has been implicated in cancer through various mechanisms, including its role in gene regulation and transcriptional control. It is believed to influence cell proliferation and survival pathways, often through interactions with other transcription factors and the modulation of target gene expression linked to tumor progression. Additionally, aberrations in ZNF563 expression or function may contribute to altered cellular signaling networks, genomic stability, and epigenetic modifications, which can facilitate malignant transformation and tumor development. Evidence for its specific role in different cancer types is still emerging and warrants further investigation to elucidate its precise contributions to oncogenesis.",0
MAS1L,1137,0.2962962962962963,0.0,0.0,0.7037037037037037,0.0,1.0,0.0,0.0,1.0000000000000002,0.0,2.111111111111111,2.111111111111111,1.0,1.0,0.0408463360836533,0.1714703926825145,404210.2,854.0,0.02122693,0.0,0.0,0.0,0.0,0.0,0.0,0.0,0.0,0.0,0.0,0.0,0.0,0.0,0.0,20.0,0.0,0.0,0.0,0.0,0.0,8.0,0.0,0.0,0.0,1.0,0.0,0.0,27.0,0.0,20.0,7.556222222,61.66763756,21.88701420269522,1.8204614569819408,0.2521540109890109,0.0178254788782982,182.0,-0.2524597761194032,0.0527244663691224,134.0,0.252283670886076,0.0325040410144183,316.0,0.6796528038974529,0.6054738774604425,0.111514500398345,0.0145173604745375,20.060674391099585,2.322449260305919,"The MAS1L gene, part of the MAS receptor family, has been implicated in various cellular processes that may relate to cancer, although direct associations are still being explored. It is thought to play a role in modulating cell proliferation, apoptosis, and the tumor microenvironment. Dysregulation of MAS1L can potentially disrupt these processes, contributing to oncogenesis through mechanisms such as altered growth factor signaling, changes in cellular differentiation, or modulation of inflammatory responses. Additionally, its interaction with the angiotensin II pathway might influence angiogenesis and metastatic potential, highlighting its possible role in cancer biology. However, further research is needed to clarify the specific mechanisms and impact of MAS1L in different cancer types.",0
AFF3,3756,0.2040816326530612,0.0612244897959183,0.0204081632653061,0.7142857142857143,0.0,1.0,0.0,0.0,0.9491132589845684,0.0,3.1818181818181817,3.5454545454545454,0.449438202247191,1.0,0.1386577925679423,0.4126104139408029,353071.0,868.0,0.0117744,0.0,2.0,0.0,0.0,2.0,0.0,0.0,0.0,0.0,0.0,0.0,0.0,0.0,4.0,34.0,3.0,0.0,0.0,0.0,0.0,9.0,2.0,0.0,0.0,0.0,0.0,0.0,54.0,0.0,41.0,19.23325926,110.2938167,19.46825474617432,9.275159836386177,0.2126041758241758,0.0111670590863335,182.0,-0.2570438888888889,0.0358106422544025,54.0,0.2227725847457627,0.0170274217358438,236.0,3.1107266541669167,0.161725566801324,0.1464922994217627,0.0368100126981302,18.82477676888677,3.644890161145802,"Yes, there is a relationship between the AFF3 gene and cancer. The AFF3 gene encodes for a member of the AF4/FLI1/Energy (AFE) family of proteins, which are involved in transcriptional regulation and cellular signaling pathways. Alterations in AFF3 expression or function can lead to dysregulation of gene expression, contributing to processes such as cell proliferation, differentiation, and apoptosis. In certain cancers, including leukemias and lymphomas, aberrant expression of AFF3 may be associated with oncogenic transformations and tumorigenesis. The gene can interact with various transcription factors and cofactors, influencing pathways that are critical for cell cycle regulation and survival, suggesting that it may play a role in the development and progression of malignancies.",0
HSPA6,1932,0.4666666666666667,0.0,0.0,0.4666666666666667,0.0,1.0,0.0666666666666666,0.0,1.0,0.0,0.875,1.0,1.0,1.0,0.8726003490401396,0.9915162463285756,741254.3,448.0,0.04103131,0.0002827654951591,57.0,0.0,0.0,0.0,0.0,0.0,0.0,1.0,0.0,0.0,0.0,0.0,0.0,7.0,0.0,0.0,0.0,0.0,0.0,7.0,0.0,0.0,1.0,0.0,0.0,0.0,14.0,0.0,14.0,11.1415,83.2331795,21.224086809731933,1.1568533729315431,0.2902670149253732,0.0315231733012915,402.0,-0.1806874193548387,0.0062405150997849,31.0,0.2824218244803697,0.0304944361362469,433.0,3.2659305894258828,0.0438540908553417,0.0252646565877927,0.0040023416845888,20.060674391099585,2.322449260305919,"The HSPA6 gene, part of the heat shock protein (HSP) family, has been implicated in cancer through its role in cellular stress responses and protein homeostasis. Overexpression of HSPA6 can enhance cell survival under stress conditions, such as elevated temperatures and oxidative stress, which are commonly associated with tumorigenesis. Additionally, HSPA6 may modulate the activity of oncogenic pathways and assist in the folding and stabilization of mutated proteins commonly found in cancer cells. By protecting cancer cells from apoptosis and supporting cellular resilience, HSPA6 can contribute to tumor progression and resistance to therapies, potentially influencing cancer prognosis and treatment outcomes.",0
IMPDH1,1800,0.2666666666666666,0.1333333333333333,0.0666666666666666,0.4666666666666667,0.0,1.0,0.0666666666666666,0.0,0.863489053434765,0.0,1.4,2.2,0.0546209307406598,1.0,0.8445945945945946,0.9872453855251808,902782.1,246.0,0.03420053,9.227175373605538e-05,25.0,0.0,0.0,0.0,0.0,0.0,0.0,0.0,1.0,0.0,0.0,0.0,0.0,6.0,2.0,0.0,0.0,0.0,0.0,4.0,1.0,0.0,0.0,0.0,1.0,0.0,13.0,0.0,13.0,23.68046154,198.6634894,24.200665799119363,0.4785046985733447,0.2943361318051577,0.0228885661421779,349.0,-0.2559367857142857,0.0191632013337194,112.0,0.285007006507592,0.0222116509610195,461.0,3.4774429538553364,0.0102828620257111,0.0551976842527855,0.013996246753033,19.79988182576334,1.4878803483620642,"Yes, there is a relationship between the IMPDH1 gene and cancer. IMPDH1 encodes inosine monophosphate dehydrogenase, an enzyme involved in the de novo synthesis of purine nucleotides. Alterations in purine metabolism can influence cell proliferation and apoptosis, both of which are critical in cancer development and progression. Elevated expression of IMPDH1 has been observed in various cancers, potentially contributing to enhanced nucleotide availability, supporting rapid cell division and tumor growth. Additionally, the enzyme's role in regulating intracellular signaling pathways and immunomodulation may further impact tumor microenvironment dynamics and immune evasion mechanisms, highlighting its significance in oncogenesis.",0
FBXO15,1533,0.2352941176470588,0.1176470588235294,0.0588235294117647,0.4705882352941176,0.0,1.0,0.1176470588235294,0.0,0.8329232449489022,0.0,1.6,2.6,0.1392369813422445,1.0,0.5797101449275363,0.8957837973816366,149668.7,952.0,-0.005512649,0.0001062639894875,6.0,0.0,0.0,0.0,0.0,0.0,0.0,1.0,1.0,0.0,0.0,0.0,0.0,8.0,1.0,0.0,0.0,0.0,0.0,3.0,3.0,0.0,1.0,0.0,1.0,0.0,15.0,0.0,13.0,20.25746667,213.7503607,21.88701420269522,1.8204614569819408,0.2553999999999999,0.024456711247619,106.0,-0.2854526368159203,0.024827716101758,402.0,0.279181811023622,0.0248513366618024,508.0,2.3972028607317246,0.2663126259677913,0.0652445056070658,0.0105629056234984,20.060674391099585,2.322449260305919,"The FBXO15 gene, a member of the F-box protein family, plays a crucial role in the ubiquitin-proteasome system, which is responsible for protein degradation and regulation of various cellular processes, including cell cycle progression and apoptosis. Dysregulation of FBXO15 has been implicated in cancer through its potential effects on the degradation of key regulatory proteins involved in tumorigenesis. Specifically, altered expression levels of FBXO15 may affect the stability of oncogenes or tumor suppressor proteins, thereby promoting an environment conducive to uncontrolled cell proliferation and survival. Additionally, FBXO15's interaction with various signaling pathways could influence cellular responses to stress and contribute to the invasive properties of cancer cells. While there is growing interest in the relationship between FBXO15 and cancer, further research is needed to elucidate the precise molecular mechanisms involved.",0
PRTFDC1,678,0.2,0.4,0.0,0.4,0.0,1.0,0.0,0.0,0.8277293767706428,0.0,1.0,2.0,0.2364066193853428,1.0,0.9250693802035151,0.9971198322452092,164254.7,142.0,0.01840388,0.0001262672587208,19.0,0.0,0.0,0.0,0.0,0.0,0.0,0.0,0.0,0.0,0.0,0.0,0.0,2.0,2.0,0.0,0.0,0.0,0.0,1.0,0.0,0.0,0.0,0.0,0.0,0.0,5.0,0.0,5.0,23.8538,125.4261122,23.58536207544926,1.0987765127267666,0.2509683823529411,0.0196543762032897,136.0,-0.3363815000000002,0.0611225110805857,240.0,0.3054873936170213,0.0477197968054552,376.0,3.179943842839623,0.0316531079402713,0.111514500398345,0.0145173604745375,12.969866013020772,0.7058451341995194,"The PRTFDC1 gene, which encodes a protein implicated in RNA binding and regulatory functions, has been suggested to have a potential role in cancer through its involvement in cellular processes such as proliferation, differentiation, and apoptosis. Aberrant expression of PRTFDC1 may disrupt normal regulatory pathways, leading to oncogenic transformations. Additionally, its interaction with various molecular pathways involved in cellular stress responses and the modulation of transcriptional activities could affect tumor microenvironment dynamics, influencing cancer progression and metastasis. While a definitive causal relationship has yet to be firmly established, these mechanisms warrant further exploration to elucidate the gene's role in tumorigenesis.",0
PYHIN1,1479,0.037037037037037,0.1111111111111111,0.037037037037037,0.7777777777777778,0.1111111111111111,0.9484501704693528,0.037037037037037,0.0,0.8725324987211157,0.0,10.5,13.0,0.3918495297805642,0.2051282051282051,0.5478974358974359,0.3580481393153122,97254.38,914.0,0.005533521,3.6871041613213614e-05,17.0,0.0,0.0,0.0,0.0,0.0,0.0,0.0,1.0,0.0,0.0,0.0,2.0,21.0,3.0,0.0,0.0,0.0,0.0,1.0,1.0,0.0,0.0,0.0,1.0,0.0,28.0,0.0,23.0,11.79625,103.1387587,20.00787889762841,2.0671969895926816,0.2902253750000002,0.0284200420559993,400.0,-0.1950467647058823,0.0078828927377005,34.0,0.2827689861751153,0.027444821550009,434.0,2.917453280243912,0.0875480845207612,0.111514500398345,0.0145173604745375,14.183278102615736,0.9474305354484288,"The PYHIN1 gene encodes a protein that plays a role in the immune response and has been implicated in cancer through its influence on inflammatory processes and cell death. As a member of the PYHIN gene family, PYHIN1 is involved in the regulation of the inflammasome pathway, which can impact tumor microenvironments and cancer progression. Additionally, PYHIN1 has been shown to exert anti-proliferative effects on cells, suggesting that its expression may inhibit tumor growth. Dysregulation of PYHIN1 may therefore contribute to tumorigenesis by altering immune surveillance and promoting an environment conducive to cancer development. Overall, the relationship between PYHIN1 and cancer is potentially mediated through immune modulation and cellular proliferation pathways.",0
KRTAP19-1,273,0.4,0.0,0.0,0.6,0.0,1.0,0.0,0.0,1.0,0.0,1.0,1.0,1.0,1.0,0.4053506282934738,0.771383395844029,14979.15,1035.0,-0.06834511,0.0,0.0,0.0,0.0,0.0,0.0,0.0,0.0,0.0,0.0,0.0,0.0,0.0,0.0,4.0,0.0,0.0,0.0,0.0,0.0,2.0,0.0,0.0,0.0,1.0,0.0,0.0,5.0,0.0,6.0,4.7536,20.9453713,21.88701420269522,1.8204614569819408,0.2423140229885056,0.0175865798289762,87.0,-0.2617301632653062,0.0204997946581699,245.0,0.2566421987951808,0.0197540754582926,332.0,0.2500279434626942,0.4454566975656923,0.111514500398345,0.0145173604745375,20.060674391099585,2.322449260305919,"The relationship between the KRTAP19-1 gene and cancer is currently unknown. KRTAP19-1 is part of the keratin-associated protein gene family, primarily involved in hair follicle differentiation and formation of the cuticle layer in the skin. While alterations in keratin and associated proteins can influence cellular processes such as proliferation, differentiation, and apoptosis, specific evidence linking KRTAP19-1 to oncogenic mechanisms or cancer progression remains insufficiently characterized in the literature. Further research is needed to elucidate any potential connections between KRTAP19-1 and cancer biology.",0
PLIN4,4074,0.28,0.04,0.0,0.64,0.0,1.0,0.04,0.0,0.9655458753541288,0.0,2.0,2.25,0.351123595505618,1.0,0.4750593824228028,0.8286534285673848,2111443.0,278.0,0.04312425,3.991517919877672e-08,2.0,0.0,0.0,0.0,0.0,0.0,0.0,1.0,0.0,0.0,0.0,0.0,0.0,16.0,1.0,0.0,0.0,0.0,0.0,7.0,0.0,0.0,1.0,0.0,0.0,0.0,24.0,0.0,19.0,8.726791667,87.31637852,25.2088671091752,5.263682192817982,0.2546723200000001,0.0278333847953806,125.0,-0.2527509505703423,0.0197843103979479,263.0,0.253369948453608,0.0223130279870774,386.0,2.961271573358569,0.1262445052800327,0.111514500398345,0.0145173604745375,20.693410006766577,6.813105231667234,"The relationship between the PLIN4 gene and cancer is not extensively characterized but may involve mechanisms related to lipid metabolism and cellular stress responses. PLIN4, part of the perilipin family of proteins, is primarily involved in lipid droplet formation and fat storage within cells. Alterations in lipid metabolism have been implicated in tumorigenesis and cancer progression, suggesting that dysregulation of PLIN4 could influence cancer cell proliferation and survival. Additionally, lipid droplets can serve as signaling hubs that affect inflammatory processes and metabolic adaptations in the tumor microenvironment. Thus, while direct links between PLIN4 and cancer remain to be fully elucidated, its role in metabolic regulation positions it as a potential factor in cancer biology.",0
MS4A10,804,0.25,0.0,0.125,0.625,0.0,1.0,0.0,0.0,1.0,0.0,1.6666666666666667,2.0,0.5268703898840885,1.0,0.5595970900951315,0.8844645977489037,744778.9,621.0,0.02268635,0.0,0.0,0.0,0.0,0.0,0.0,0.0,0.0,0.0,0.0,0.0,0.0,0.0,0.0,5.0,0.0,0.0,0.0,0.0,0.0,2.0,1.0,0.0,0.0,0.0,0.0,0.0,8.0,0.0,8.0,10.903,49.24527343,11.98808123733346,0.7538935386951697,0.2118512230215826,0.0155238166137107,139.0,-0.2612012903225807,0.0237639055690532,124.0,0.2351189353612167,0.0199421971690912,263.0,1.967653310613673,1.3723146180643702,0.111514500398345,0.0145173604745375,17.096825622132332,1.0652777062451038,"The MS4A10 gene has been implicated in various processes that could relate to cancer, although the exact mechanisms remain under investigation. It is part of the membrane-spanning 4-domains, subfamily A (MS4A) family, which is known to play roles in immune responses and cell signaling. Alterations in the expression of MS4A10 can influence immune cell function and may contribute to tumor microenvironment modulation. Furthermore, dysregulation of immune pathways can affect tumor progression and metastasis, possibly allowing tumors to evade immune surveillance. While the precise connections between MS4A10 and specific cancer types are still being elucidated, its role in immune modulation highlights its potential relevance in oncogenic processes.",0
OR11G2,1038,0.2352941176470588,0.0,0.0,0.7647058823529411,0.0,1.0,0.0,0.0,1.0,0.0,2.6,2.6,1.0,1.0,0.8849557522123894,0.9931129493134948,371813.2,563.0,-0.02883832,0.0,0.0,0.0,0.0,0.0,0.0,0.0,0.0,0.0,0.0,0.0,0.0,0.0,0.0,13.0,0.0,0.0,0.0,0.0,0.0,4.0,0.0,0.0,0.0,0.0,0.0,0.0,17.0,0.0,17.0,12.92594118,99.28490281,21.88701420269522,1.8204614569819408,0.2510108522727272,0.0338989210272694,176.0,-0.2813188311688311,0.0235957576521061,231.0,0.2682126781326782,0.0282046637758148,407.0,2.136125355239958,1.9053779650134333,0.111514500398345,0.0145173604745375,20.060674391099585,2.322449260305919,"The relationship between the OR11G2 gene and cancer is currently not well-established in the scientific literature. However, as an olfactory receptor, OR11G2 may play a role in cellular signaling and communication, which can influence various biological processes, including those related to tumorigenesis. One potential mechanism could involve alterations in the expression or function of olfactory receptors, which have been implicated in modulating cell proliferation, migration, and apoptosis. Dysregulation of such signaling pathways may contribute to the malignancy and progression of certain cancers. Nevertheless, comprehensive studies are required to clarify the specific role of OR11G2 in cancer biology.",0
CYB5R2,831,0.0,0.2,0.0,0.8,0.0,1.0,0.0,0.0,1.0,0.0,4.0,5.0,0.4670714619336759,1.0,0.851063829787234,0.9883133171030828,100503.2,853.0,0.01298568,1.299113280825716e-05,8.0,0.0,0.0,0.0,0.0,0.0,0.0,0.0,0.0,0.0,0.0,0.0,0.0,4.0,1.0,0.0,0.0,0.0,0.0,0.0,0.0,0.0,0.0,0.0,0.0,0.0,5.0,0.0,5.0,22.2844,267.8472168,24.34030763716893,1.0843396139853023,0.2003433834586466,0.0136657602967988,132.0,-0.254120596330275,0.0172016022535598,217.0,0.2337434757834756,0.0165014795530272,349.0,3.0883573789370367,0.0839544768791594,0.1885823319565,0.0314044545035128,20.060674391099585,2.322449260305919,"The CYB5R2 gene encodes a member of the cytochrome b5 reductase family, which is involved in electron transfer processes and plays a role in various biochemical pathways, including metabolism and cellular respiration. There is emerging evidence suggesting that alterations in CYB5R2 expression may influence tumorigenesis through mechanisms such as modulation of reactive oxygen species (ROS) levels and cellular redox states, potentially affecting cell proliferation and apoptosis. In addition, CYB5R2 may be implicated in the regulation of metabolic pathways that support cancer cell survival and growth. Disruption of its normal function could, therefore, contribute to the pathophysiology of certain cancers, although specific mechanisms and pathways require further investigation.",0
HS3ST5,1041,0.238095238095238,0.0476190476190476,0.0,0.6666666666666666,0.0,1.0,0.0476190476190476,0.0,0.9783171191717186,0.0,2.333333333333333,2.6666666666666665,0.8136696501220505,1.0,0.3453038674033149,0.7124759925840711,217497.7,675.0,-0.0080208969999999,0.0,0.0,0.0,0.0,0.0,0.0,0.0,0.0,1.0,0.0,0.0,0.0,0.0,0.0,15.0,1.0,0.0,0.0,0.0,0.0,5.0,0.0,0.0,1.0,1.0,0.0,0.0,20.0,0.0,18.0,21.56595,88.6905271,21.88701420269522,1.8204614569819408,0.229269108910891,0.016786174192198,101.0,-0.2742329454545454,0.0245209308719495,275.0,0.2621548936170212,0.0227911953439886,376.0,1.9066715790787887,0.7355144684506322,0.0893171897258283,0.011963485158264,20.060674391099585,2.322449260305919,"The HS3ST5 gene encodes an enzyme involved in the biosynthesis of heparan sulfate proteoglycans, which play critical roles in various cellular processes, including cell signaling, proliferation, and differentiation. Dysregulation of these proteoglycans has been implicated in cancer progression, as they can influence the activity of growth factors, modulate cell adhesion, and affect cellular communication within the tumor microenvironment. Increased or altered expression of HS3ST5 may lead to changes in heparan sulfate structure, promoting oncogenic signaling pathways and facilitating tumor cell migration and invasion. Additionally, such modifications could impact interactions with extracellular matrix components and immune cells, further fostering a supportive niche for cancer cells.",0
C2ORF49,699,0.2,0.0,0.0,0.8,0.0,1.0,0.0,0.0,1.0,0.0,2.0,2.0,1.0,1.0,0.1710863986313088,0.4731542506285769,198222.5,381.0,0.00799007,3.2971581668647627e-06,9.0,0.0,0.0,1.0,0.0,1.0,0.0,0.0,0.0,0.0,0.0,0.0,0.0,4.0,0.0,0.0,0.0,0.0,0.0,1.0,0.0,0.0,0.0,0.0,0.0,0.0,7.0,0.0,7.0,19.96728571,41.4359249,23.50566129781778,0.5419121908327196,0.2080764971751412,0.0109789134115241,177.0,-0.2543818965517242,0.0327871611489715,58.0,0.2195050638297872,0.0166445560456155,235.0,3.430703897194205,0.0019600847060784,0.0248020468169038,0.001888233310761,20.060674391099585,2.322449260305919,"The relationship between the C2ORF49 gene and cancer remains largely unexplored, and current research does not definitively establish a connection. However, it has been suggested that genes within the C2ORF family may have roles in cellular processes such as proliferation and differentiation, which could theoretically influence tumorigenesis. Potential mechanisms might involve alterations in gene expression patterns or interactions with signaling pathways that regulate cell cycle progression and apoptosis. Further investigation is needed to clarify any potential associations and elucidate the biological functions of C2ORF49 in cancer biology.",0
ADCY1,3360,0.22,0.04,0.0,0.68,0.0,1.0,0.06,0.0,0.9375971325905113,0.0,2.833333333333333,3.25,0.6993006993006993,1.0,0.00161,0.011964748970977,287930.6,686.0,0.01139992,0.0,0.0,0.0,0.0,5.0,0.0,1.0,0.0,2.0,1.0,0.0,0.0,0.0,2.0,34.0,2.0,0.0,0.0,0.0,0.0,10.0,0.0,0.0,2.0,1.0,1.0,0.0,53.0,0.0,47.0,20.76556604,107.5143923,21.856657003451367,0.0949434621296894,0.3077774137931035,0.0552608775999616,404.0,-0.2450116666666666,0.0152738272417948,66.0,0.2990008474576272,0.0501000138056497,470.0,3.1090152815979666,0.1059829136090912,0.2022422256849366,0.022758615581429,19.88893670880058,0.9334837116628604,"The ADCY1 gene encodes adenylate cyclase 1, an enzyme that catalyzes the conversion of ATP to cyclic AMP (cAMP), a crucial secondary messenger in various signaling pathways. Altered levels of cAMP have been implicated in tumorigenesis, as cAMP is involved in regulating cell proliferation, apoptosis, and differentiation. Dysregulation of ADCY1 expression or its enzymatic activity could disrupt these processes, potentially leading to uncontrolled cell growth and cancer progression. Furthermore, cAMP signaling is known to interact with various oncogenic pathways and tumor suppressor mechanisms, suggesting that changes in ADCY1 function might influence cancer development, tumor microenvironment interactions, and metastasis. Therefore, while direct evidence linking ADCY1 to specific cancer types remains limited, its role in cAMP signaling positions it as a potential player in the complex network of molecular changes associated with cancer biology.",0
TBCA,327,0.0,0.5,0.0,0.5,0.0,1.0,0.0,0.0,1.0,0.0,1.0,2.0,0.4863813229571984,1.0,0.2820078962210942,0.6389791899751878,251028.8,581.0,0.03993668,7.628488469538186e-06,13.0,0.0,0.0,0.0,0.0,0.0,0.0,0.0,0.0,0.0,0.0,0.0,5.0,1.0,1.0,0.0,0.0,0.0,0.0,0.0,0.0,0.0,2.0,1.0,0.0,0.0,4.0,0.0,7.0,21.6905,246.3818277,27.74545744230234,0.5114024677417056,0.2292434513274336,0.0107018174192319,113.0,-0.270164006849315,0.0210366458749552,292.0,0.2587466666666668,0.018457156040099,405.0,3.5530574960148376,0.0063911862461176,0.089623568680914,0.002336916293901,13.272891446187648,1.1921741291338763,"The TBCA gene encodes a protein involved in the tubulin heterodimer assembly, which is critical for microtubule formation and stability. Dysregulation of microtubule dynamics can lead to aberrant cell division and contribute to tumorigenesis. In cancer cells, altered expression or function of TBCA may affect the cell cycle, promote aneuploidy, and influence cellular responses to stress, thereby enhancing tumor survival and proliferation. Additionally, interactions between TBCA and other proteins involved in mitotic spindle formation and cell signaling pathways could further implicate its role in cancer progression and metastasis.",0
PCDH12,3555,0.3333333333333333,0.1,0.0333333333333333,0.5333333333333333,0.0,1.0,0.0,0.0,0.9456546541091984,0.0,1.4545454545454546,1.818181818181818,0.0534359303195468,1.0,0.8183306055646481,0.982396776390674,696238.9,321.0,0.0481186999999999,0.0,0.0,0.0,0.0,0.0,0.0,0.0,0.0,0.0,0.0,0.0,0.0,0.0,0.0,15.0,3.0,0.0,0.0,0.0,0.0,10.0,1.0,0.0,0.0,0.0,0.0,0.0,29.0,0.0,26.0,17.40810345,123.8152116,20.16156258225629,3.8476695080926735,0.2691523529411764,0.0150856462524984,187.0,-0.2525485777777777,0.0172268226881468,225.0,0.2600847572815535,0.0162844100167292,412.0,3.3106210249897496,0.0269540731628852,0.111514500398345,0.0145173604745375,21.34450385691406,3.3345806368438407,"The PCDH12 gene, part of the protocadherin family, encodes a protein involved in cell adhesion and signaling, which are critical processes in maintaining tissue architecture and regulating cellular behavior. Aberrant expression or mutations in PCDH12 have been implicated in cancer progression; for instance, reduced expression may contribute to increased cell motility and invasion, facilitating metastasis. Additionally, alterations in cell-cell adhesion mediated by PCDH12 can disrupt normal signaling pathways that regulate cell growth, potentially leading to uncontrolled proliferation and tumorigenesis. Overall, the relationship between PCDH12 and cancer is likely intertwined with its roles in cellular adhesion dynamics and the maintenance of tissue homeostasis.",0
RAB3B,660,0.3333333333333333,0.0,0.1111111111111111,0.5555555555555556,0.0,1.0,0.0,0.0,1.0,0.0,1.25,1.5,0.2234137622877568,1.0,0.7843137254901961,0.9748597479297172,701660.3,353.0,0.02212364,5.990791894451917e-06,11.0,0.0,0.0,0.0,0.0,0.0,0.0,0.0,0.0,0.0,0.0,0.0,0.0,4.0,0.0,0.0,0.0,0.0,0.0,3.0,1.0,0.0,0.0,0.0,0.0,0.0,8.0,0.0,8.0,18.127,100.2322537,20.6897001552868,3.3493488861074474,0.226282222222222,0.0158335857389408,108.0,-0.2354052331606219,0.0168693612854922,192.0,0.232131860465116,0.0164629153425271,300.0,3.1229486478538977,0.1193742674280507,0.0563040432425635,0.0064061081375705,18.507109207922923,4.757982448054108,"The RAB3B gene encodes a member of the RAB family of small GTPases, which are involved in vesicular trafficking and exocytosis. Dysregulation of vesicular transport processes is increasingly recognized as a contributing factor in cancer progression. Overexpression or mutation of RAB3B may influence tumorigenic processes by altering the secretion of signaling molecules, growth factors, or neurotransmitters that can promote cell proliferation and survival. Furthermore, RAB3B's role in the modulation of cellular communication pathways may facilitate cancer cell migration and metastasis by affecting the release of matrix metalloproteinases or other factors involved in the tumor microenvironment. While specific links between RAB3B and particular cancer types remain to be fully elucidated, its functional roles suggest potential implications in oncogenesis.",0
DNAJB13,951,0.1428571428571428,0.0,0.0,0.8571428571428571,0.0,1.0,0.0,0.0,1.0,0.0,3.0,3.0,1.0,1.0,0.0180131495992074,0.0903657255607714,533575.5,196.0,0.0411248,0.0,0.0,0.0,0.0,0.0,0.0,0.0,0.0,0.0,0.0,0.0,0.0,0.0,0.0,6.0,0.0,0.0,0.0,0.0,0.0,1.0,0.0,0.0,0.0,0.0,0.0,0.0,7.0,0.0,7.0,24.28857143,24.35224762,20.08732782217249,2.5872219874346967,0.3469153694581279,0.1343400920873627,202.0,-0.2538429365079365,0.0201325157217079,126.0,0.3112706079027355,0.0924595263319463,328.0,2.3473739297546143,0.69375919286595,0.111514500398345,0.0145173604745375,20.060674391099585,2.322449260305919,"Yes, there is a relationship between the DNAJB13 gene and cancer. DNAJB13 is a member of the DnaJ heat shock protein family, which plays a crucial role in protein folding, assembly, and degradation, processes that are vital for maintaining cellular homeostasis. Dysregulation of chaperone proteins, such as DNAJB13, can lead to the accumulation of misfolded proteins and subsequent cellular stress, contributing to oncogenesis. Additionally, DNAJB13 has been implicated in the regulation of key signaling pathways, such as those involving p53 and HSF1, which are critical for cell survival, proliferation, and apoptosis. Alterations in the expression or function of DNAJB13 may, therefore, influence tumor progression and the response to stressors, facilitating cancer development and potentially affecting therapeutic outcomes.",0
STK32B,1245,0.2,0.1,0.0,0.7,0.0,1.0,0.0,0.0,1.0,0.0,2.333333333333333,2.6666666666666665,0.7390983000739099,1.0,0.3658982802780827,0.7337723772213431,66594.5,613.0,0.0123686,0.0,1.0,0.0,0.0,0.0,0.0,0.0,0.0,0.0,0.0,0.0,0.0,0.0,3.0,7.0,1.0,0.0,0.0,0.0,0.0,2.0,0.0,0.0,0.0,0.0,0.0,0.0,13.0,0.0,13.0,19.77215385,165.8588918,17.249790237023824,4.366711687315001,0.2635952173913042,0.0286244435356979,113.0,-0.2562439130434782,0.0204083470961352,253.0,0.258541195652174,0.0229165196219997,365.0,2.9349854481306537,0.1314514445514282,0.1533108154641947,0.0331098211537817,19.534427197090512,2.934046075328544,"The STK32B gene, encoding a serine/threonine kinase, may play a role in cancer through mechanisms related to cellular signaling pathways that regulate cell proliferation, apoptosis, and response to stress. Alterations in the expression or activity of STK32B could disrupt normal cell cycle regulation, contributing to tumorigenesis. Additionally, aberrant kinase activity may influence downstream effectors involved in pathways such as the PI3K-AKT or MAPK pathways, which are often implicated in cancer progression. Furthermore, STK32B may be involved in the regulation of cytoskeletal dynamics, affecting cell migration and invasion, which are key processes in metastatic disease. However, the specific contributions of STK32B to cancer biology remain an area of ongoing investigation.",0
UTS2B,399,0.3333333333333333,0.0,0.1666666666666666,0.3333333333333333,0.0,1.0,0.1666666666666666,0.0,0.8710490642551527,0.0,0.6666666666666666,1.3333333333333333,0.2237637055269635,1.0,0.7418397626112759,0.9633694454674446,112668.8,773.0,0.00912321,0.0,1.0,0.0,0.0,0.0,0.0,0.0,0.0,0.0,1.0,0.0,0.0,0.0,0.0,2.0,0.0,0.0,0.0,0.0,0.0,2.0,1.0,0.0,0.0,0.0,1.0,0.0,5.0,0.0,6.0,9.4908,117.9104267,21.88701420269522,1.8204614569819408,0.3696495867768598,0.0799617521327017,363.0,-0.2808307894736843,0.029737241394035,76.0,0.3542732118451026,0.0723109600825828,439.0,2.544155786193293,0.6564574883386946,0.111514500398345,0.0145173604745375,20.060674391099585,2.322449260305919,"The UTS2B gene, which encodes a protein related to the urotensin II signaling pathway, has been implicated in various physiological processes, including vasoregulation and cellular signaling. Some studies suggest that UTS2B may play a role in cancer biology through its involvement in angiogenesis, tumor growth, and metastasis. Mechanistically, UTS2B may affect the tumor microenvironment by modulating endothelial cell function and promoting inflammatory pathways, which can contribute to the progression of tumors. Furthermore, alterations in the expression or activity of this gene may influence cell proliferation and survival, factors critical in cancer development. However, further research is necessary to elucidate the precise role of UTS2B in specific cancer types and the underlying molecular mechanisms involved.",0
FADS6,1053,0.2727272727272727,0.0909090909090909,0.0,0.5454545454545454,0.0,1.0,0.0909090909090909,0.0,0.9474427588512933,0.0,1.5,2.0,0.2270663033605813,1.0,0.8984725965858041,0.9946622392573296,1027517.0,320.0,0.02014327,0.0,1.0,0.0,0.0,0.0,0.0,0.0,0.0,1.0,0.0,0.0,0.0,0.0,0.0,6.0,1.0,0.0,0.0,0.0,0.0,3.0,0.0,0.0,1.0,0.0,0.0,0.0,10.0,0.0,11.0,15.3332,115.8440844,22.2191449135093,2.2597008943033416,0.2713658227848103,0.025559496694765,237.0,-0.2248274814814814,0.0140979552652515,135.0,0.2544769086021509,0.0218529514068595,372.0,1.6453371621292698,0.8896212786880269,0.1066934860889095,0.0188434529662104,20.060674391099585,2.322449260305919,"The relationship between the FADS6 gene and cancer is not fully established, but some studies suggest potential connections through its role in lipid metabolism and fatty acid desaturation. FADS6 encodes a desaturase enzyme involved in the conversion of polyunsaturated fatty acids, which can influence cell membrane composition and signaling pathways. Alterations in lipid metabolism are known to affect cancer cell proliferation, survival, and metastasis. Additionally, the production of specific lipid mediators from fatty acids can modulate inflammatory processes and tumor microenvironments, potentially impacting tumorigenesis. However, more research is needed to clarify these associations and elucidate the underlying mechanisms linking FADS6 to cancer development or progression.",0
ZNF749,2337,0.15,0.1,0.0,0.6,0.0,1.0,0.15,0.0,0.8656891065798795,0.0,3.0,4.25,0.6265664160401002,1.0,0.3216468317787069,0.6864911968725046,451095.5,869.0,-0.02426816,0.0,0.0,0.0,0.0,0.0,0.0,0.0,0.0,3.0,0.0,0.0,0.0,0.0,0.0,12.0,2.0,0.0,0.0,0.0,0.0,3.0,0.0,0.0,3.0,0.0,0.0,0.0,17.0,0.0,14.0,13.55270588,78.06916497,16.3051591843635,6.395104690826568,0.283067336683417,0.0363597819075173,199.0,-0.2582744848484849,0.0238239663407391,165.0,0.2718288186813187,0.03074880342973,364.0,3.2375738072749423,0.0150877509522299,0.0888869009275232,0.006090736934047,20.060674391099585,2.322449260305919,"The ZNF749 gene, which encodes a zinc finger protein, has been implicated in various cellular processes including regulation of gene expression and cellular differentiation. Recent studies have suggested a potential role for ZNF749 in cancer biology, particularly through mechanisms related to transcriptional regulation and chromatin remodeling. Abnormal expression or mutations in ZNF749 may influence cancer cell proliferation and survival by modulating pathways related to cell cycle control, apoptosis, and genomic stability. Furthermore, the gene may interact with other oncogenic or tumor suppressor pathways, potentially contributing to tumorigenesis or cancer progression. However, the precise mechanisms by which ZNF749 influences cancer remain to be fully elucidated and require further investigation.",0
ELF2,1746,0.0,0.25,0.0,0.75,0.0,1.0,0.0,0.0,1.0,0.0,3.0,4.0,0.2782415136338341,1.0,0.4403346543372964,0.8015060603801943,358887.0,261.0,0.0298912,2.299060155077427e-05,10.0,0.0,0.0,0.0,0.0,0.0,0.0,0.0,0.0,0.0,0.0,0.0,2.0,2.0,1.0,0.0,0.0,0.0,0.0,0.0,0.0,0.0,0.0,0.0,0.0,0.0,5.0,0.0,5.0,23.49,76.3372,22.222934871244576,1.1396818060683596,0.2129592771084336,0.0175923959141052,83.0,-0.2665103125,0.0218653010014705,256.0,0.2533989970501475,0.021295775434494,339.0,3.547172981655534,0.002096391534182,0.0651588788461513,0.0108401634099055,22.346610597025776,0.7358407174982549,"The ELF2 gene has been implicated in various biological processes that may relate to cancer development. Emerging evidence suggests that ELF2 plays a role in regulating gene expression and cell differentiation, which are critical for maintaining normal cellular functions and preventing oncogenic transformations. Dysregulation of ELF2 could impact pathways such as proliferation and apoptosis, leading to unchecked cell growth and survival. Additionally, ELF2's involvement in inflammatory responses and immune modulation may influence tumor microenvironments, potentially facilitating tumor progression and metastasis. While direct links between ELF2 mutations or expression levels and specific cancer types are still being investigated, its foundational roles in cellular mechanisms suggest that alterations in ELF2 may contribute to oncogenic processes.",0
SNAP29,777,0.3333333333333333,0.0,0.0,0.6666666666666666,0.0,1.0,0.0,0.0,1.0,0.0,1.0,1.0,1.0,1.0,0.8183306055646481,0.982396776390674,470051.0,216.0,0.03940834,0.0002294258544644,62.0,0.0,0.0,0.0,0.0,0.0,0.0,0.0,0.0,0.0,0.0,0.0,0.0,2.0,0.0,0.0,0.0,0.0,0.0,1.0,0.0,0.0,0.0,0.0,0.0,0.0,3.0,0.0,3.0,12.83766667,53.08611633,25.12018299394304,0.275578957466107,0.283484746835443,0.0541490405091711,158.0,-0.2699272727272726,0.0219341320427563,220.0,0.2755941534391535,0.0353365426174512,378.0,3.470385970397837,0.0029138220272553,0.0505233033144949,0.0097421849653072,21.976836731186427,1.351391908817375,"The SNAP29 gene has been implicated in various cellular processes, including autophagy and vesicular trafficking, both of which play crucial roles in maintaining cellular homeostasis and responding to stress. Dysregulation of these processes can contribute to tumorigenesis. For instance, impaired autophagy may enable the accumulation of damaged organelles and proteins, promoting cellular transformation and tumor growth. Moreover, SNAP29's involvement in the regulation of immune responses and inflammation could influence the tumor microenvironment, potentially affecting cancer progression. Although more research is needed to clarify the specific mechanisms and any direct links to cancer, the alteration of SNAP29's function may have implications in cancer biology.",0
PRKCE,2214,0.2727272727272727,0.0,0.0454545454545454,0.6818181818181818,0.0,1.0,0.0,0.0,0.9999999999999998,0.0,2.142857142857143,2.2857142857142856,0.7598784194528876,1.0,0.2733734281027884,0.6279159513309662,172587.6,465.0,0.03173083,0.0001528871954524,53.0,0.0,0.0,0.0,0.0,0.0,0.0,0.0,0.0,0.0,0.0,0.0,0.0,16.0,0.0,1.0,0.0,0.0,0.0,5.0,2.0,0.0,0.0,1.0,0.0,0.0,23.0,0.0,22.0,21.91656522,87.62941989,21.964836848224373,1.9776342372225773,0.2468490128755363,0.0248065712779006,233.0,-0.2293540983606556,0.0259684378479235,61.0,0.2432191156462582,0.0250103324647442,292.0,3.3212211490404053,0.0158653613996974,0.0439768249663375,0.0057600728833423,22.84272885520146,1.3682494014325437,"Yes, there is a relationship between the PRKCE gene and cancer. PRKCE, which encodes protein kinase C epsilon (PKCε), plays a significant role in various cellular processes, including cell growth, differentiation, and survival. Dysregulation of PKCε has been implicated in oncogenic signaling pathways, where it can contribute to tumorigenesis by promoting cell proliferation and inhibiting apoptosis. Additionally, PKCε can modulate the activity of several transcription factors and signaling cascades, such as the MAPK and PI3K/Akt pathways, which are often aberrantly activated in cancer. The overexpression or altered activity of PKCε has been observed in various cancer types, suggesting that it may influence tumor progression and metastasis. Thus, PRKCE may serve as a critical mediator in the molecular mechanisms underlying cancer development and progression.",0
TRIM41,1893,0.2307692307692307,0.0,0.0,0.6153846153846154,0.0,1.0,0.1538461538461538,0.0,0.958424899318874,0.0,2.0,2.5,1.0,1.0,0.2861230329041488,0.6441583335295491,1034999.0,415.0,0.03475504,0.0002950309567229,67.0,1.0,0.0,0.0,0.0,0.0,0.0,1.0,1.0,0.0,0.0,0.0,3.0,8.0,0.0,0.0,0.0,0.0,0.0,3.0,0.0,0.0,2.0,0.0,1.0,0.0,14.0,0.0,16.0,15.9475,87.37032212,20.55397423161269,0.3785547973704393,0.2940966509433962,0.0282442124271192,212.0,-0.252778537735849,0.0167112255367142,212.0,0.2734375943396228,0.0228523857615749,424.0,3.413011782934703,0.0040325934197337,0.0382765501299003,0.0092266077999132,18.4117876075727,0.7029070604725954,"Yes, there is evidence to suggest a relationship between the TRIM41 gene and cancer. TRIM41 encodes a protein that is part of the TRIM (tripartite motif) protein family, which is involved in various cellular processes, including ubiquitination, protein degradation, and immune response modulation. Dysregulation of TRIM41 has been associated with oncogenic processes, as it can influence cell survival, proliferation, and apoptosis. One proposed mechanism is its role in modulating the activity of tumor suppressors and oncogenes through post-translational modifications, which can lead to altered cellular pathways and contribute to tumorigenesis. Additionally, TRIM41's involvement in the regulation of immune responses may affect the tumor microenvironment and influence cancer progression and metastasis.",0
RAP1A,555,0.0,0.0,0.0,1.0,0.0,1.0,0.0,0.0,1.0,0.0,2.0,2.0,1.0,1.0,0.5260389268805892,0.8639558461369239,348519.4,394.0,0.02905313,0.0001982747724076,51.0,0.0,0.0,0.0,0.0,0.0,0.0,0.0,0.0,0.0,0.0,0.0,4.0,2.0,0.0,0.0,0.0,0.0,0.0,0.0,0.0,0.0,0.0,0.0,1.0,0.0,5.0,0.0,5.0,15.6144,141.5989093,24.8425855707256,0.513749388059885,0.2018284033613446,0.0116967633508189,119.0,-0.2397758407079648,0.0160766535604011,226.0,0.226686724637681,0.0148538342081361,345.0,3.5041894380222165,0.00716465384621,0.0340725184848984,0.0062630774081508,20.060674391099585,2.322449260305919,"The RAP1A gene, which encodes a member of the RAS superfamily of GTPases, has been implicated in various cellular processes such as cell adhesion, migration, and proliferation. Dysregulation of RAP1A has been observed in several types of cancer, where it may contribute to tumorigenesis by promoting changes in cell signaling pathways that enhance cell survival, growth, and metastatic potential. In particular, aberrant activation of RAP1A can lead to the stimulation of pathways that favor epithelial-mesenchymal transition (EMT), a critical process in cancer metastasis. Additionally, its role in integrin signaling can influence cell- extracellular matrix interactions, further perpetuating cancer cell invasiveness. These mechanisms suggest that alterations in RAP1A function may play a significant role in cancer progression and metastasis.",0
PATE1,381,0.3333333333333333,0.0,0.0,0.6666666666666666,0.0,1.0,0.0,0.0,1.0,0.0,1.0,1.0,1.0,1.0,0.4380201489268506,0.7996015626577567,607531.5,493.0,0.002588937,2.534945092831016e-07,4.0,0.0,0.0,0.0,0.0,0.0,0.0,0.0,0.0,0.0,0.0,0.0,0.0,2.0,0.0,0.0,0.0,0.0,0.0,1.0,0.0,0.0,0.0,0.0,0.0,0.0,3.0,0.0,3.0,15.94333333,37.09143333,21.88701420269522,1.8204614569819408,0.2086974561403508,0.0206775504492237,114.0,-0.2849960730593606,0.0263561405780863,219.0,0.2588758258258258,0.0256586006936683,333.0,0.6730172746319419,0.6592099689306902,0.111514500398345,0.0145173604745375,20.060674391099585,2.322449260305919,"The relationship between the PATE1 gene and cancer has been explored, particularly in the context of testicular and other malignancies. PATE1 encodes a protein that is part of the PATE (prostate and testis-specific antigen) family, which is thought to play a role in germ cell development and may be involved in immune modulation. Aberrant expression of PATE1 has been associated with oncogenic processes, possibly through altering cell proliferation, apoptosis, and immune evasion. In some studies, heightened expression levels of PATE1 have been observed in tumor tissues compared to normal counterparts, suggesting a potential role in tumorigenesis or progression. The exact mechanisms, however, remain an area of active investigation, necessitating further research to elucidate its precise contributions to cancer biology.",0
TSPY8,927,0.0,0.0,0.0,1.0,0.0,1.0,0.0,0.0,1.0,0.0,3.0,3.0,1.0,1.0,0.5760368663594471,0.8937693641924875,649122.9543319192,444.4009897808343,0.0198885680771551,0.0,0.0,0.0,0.0,0.0,0.0,0.0,0.0,0.0,0.0,0.0,0.0,0.0,0.0,3.0,0.0,0.0,0.0,0.0,0.0,0.0,0.0,0.0,0.0,0.0,0.0,0.0,3.0,0.0,3.0,8.996333333,2.553002333,21.88701420269522,1.8204614569819408,0.2209126315789474,0.0258961287649122,19.0,-2.0489433333333347,8.421690347757744,72.0,1.6672665934065944,7.207130605747154,91.0,0.0083412776998272,0.0124033633403792,0.0,0.0,20.060674391099585,2.322449260305919,"The TSPY8 gene, located on the Y chromosome, has been implicated in various cancers, particularly in germ cell tumors and some forms of testicular cancer. Its involvement may be linked to its role in the regulation of cell proliferation and apoptosis, suggesting that aberrations in its expression could contribute to tumorigenesis. The gene has been found to influence mechanisms such as chromosomal stability and gene expression regulation, potentially promoting malignant transformation when dysregulated. Furthermore, its protein product may interact with key cellular pathways that govern cell cycle progress and stress response, thereby influencing cancer development and progression. However, the precise mechanisms and the broader implications of TSPY8 in different cancer types are still under investigation.",0
SLC27A2,1863,0.25,0.0833333333333333,0.0,0.6666666666666666,0.0,1.0,0.0,0.0,1.0,0.0,2.0,2.25,0.4060089321965083,1.0,0.3178639542275906,0.6821779417152212,308505.6,282.0,0.0006148992,3.4471755332065404e-05,18.0,0.0,0.0,1.0,0.0,0.0,0.0,0.0,0.0,0.0,0.0,0.0,0.0,8.0,1.0,0.0,0.0,0.0,0.0,2.0,0.0,0.0,0.0,0.0,0.0,0.0,12.0,0.0,12.0,22.63041667,81.86022936,23.11043891717907,2.1650155291704247,0.2161789855072463,0.0309679343651321,69.0,-0.2675630281690142,0.0201825442438013,284.0,0.2575191218130311,0.0226251447938288,352.0,2.9980834959202536,0.241713919459153,0.0493945732361185,0.0126945924002422,19.99050333279036,4.804824588637129,"The SLC27A2 gene encodes a member of the solute carrier family of transporters, specifically involved in the uptake of long-chain fatty acids into cells. Dysregulation of fatty acid metabolism is increasingly recognized as a contributing factor to cancer development and progression. Altered expression of SLC27A2 has been linked to changes in lipid accumulation, which may promote tumor growth, enhance cell proliferation, and influence apoptosis. Additionally, fatty acids can serve as signaling molecules that modulate pathways related to inflammation, oxidative stress, and energy metabolism, all of which are implicated in tumorigenesis. Thus, the relationship between SLC27A2 and cancer may be mediated through its role in metabolic reprogramming and cellular signaling within the tumor microenvironment.",0
TMPRSS9,3180,0.3125,0.0625,0.0,0.625,0.09375,0.9449911312986872,0.0,0.0,0.9577819531114784,0.0,1.818181818181818,2.0,0.325626831650928,0.00612,0.92151,0.0348413358123785,1553941.0,267.0,0.03311067,0.0,0.0,0.0,0.0,0.0,0.0,0.0,0.0,0.0,0.0,0.0,0.0,0.0,2.0,20.0,2.0,0.0,0.0,0.0,0.0,10.0,1.0,0.0,2.0,0.0,0.0,0.0,33.0,0.0,28.0,12.16239394,130.390093,21.88701420269522,1.8204614569819408,0.2450957627118645,0.0149760890246269,118.0,-0.2701587586206896,0.0284490427167927,284.0,0.2629101470588234,0.0246355297749169,402.0,1.9977726060538072,0.3732657008032365,0.111514500398345,0.0145173604745375,20.060674391099585,2.322449260305919,"The TMPRSS9 gene encodes a membrane-bound serine protease that has been implicated in various physiological processes, including the regulation of extracellular matrix proteins and immune responses. Dysregulation or overexpression of TMPRSS9 may influence tumorigenesis by modulating cell adhesion, migration, and invasion—key hallmarks of cancer. Additionally, proteases like TMPRSS9 can activate or inactivate various signaling cascades, including those involved in angiogenesis and metastasis, thereby potentially contributing to a more aggressive cancer phenotype. Overall, while the precise role of TMPRSS9 in cancer remains to be fully elucidated, its involvement in critical cellular processes suggests a plausible relationship that warrants further investigation.",0
TKT,1896,0.0769230769230769,0.0,0.0769230769230769,0.8461538461538461,0.0,1.0,0.0,0.0,1.0000000000000002,0.0,5.5,6.0,0.6896551724137931,1.0,0.3343363423604146,0.7006378400694787,782559.1,192.0,0.05365683,0.0005355040423851,127.0,0.0,0.0,0.0,0.0,0.0,0.0,0.0,0.0,0.0,0.0,0.0,0.0,11.0,0.0,0.0,0.0,0.0,0.0,1.0,1.0,0.0,0.0,0.0,0.0,0.0,13.0,0.0,12.0,24.96476923,83.25960236,29.61692813316494,0.5876555611046758,0.2310199074074075,0.026499847238309,108.0,-0.2811482943925236,0.0228427113486063,428.0,0.2710477985074627,0.0239364991229948,536.0,3.733372038723348,0.0087791920320913,0.0749182966785865,0.0012770433859018,21.69586628119289,1.4572050025729877,"Yes, there is a relationship between the TKT gene and cancer. TKT, or transketolase, is involved in the pentose phosphate pathway, which plays a critical role in maintaining cellular redox balance and providing precursors for nucleic acid synthesis. Alterations in TKT expression can impact metabolic reprogramming in cancer cells, facilitating their proliferation and survival under oxidative stress. Elevated levels of TKT have been observed in various types of tumors, suggesting its involvement in enhanced glycolytic activity and biosynthetic processes that support tumor growth. Additionally, dysregulation of TKT may contribute to metabolic vulnerabilities that can be exploited in cancer therapies, highlighting its potential significance in tumor metabolism and progression.",0
MYZAP,1401,0.1666666666666666,0.0833333333333333,0.0,0.75,0.0,1.0,0.0,0.0,1.0,0.0,3.0,3.333333333333333,0.7843137254901961,1.0,0.0257771820384595,0.1200769602385961,649122.9543319192,444.4009897808343,0.0198885680771551,0.0,0.0,0.0,0.0,0.0,0.0,0.0,0.0,0.0,0.0,0.0,0.0,0.0,1.0,8.0,1.0,0.0,0.0,0.0,0.0,2.0,1.0,0.0,0.0,0.0,0.0,0.0,13.0,0.0,12.0,22.94576923,73.46862436,19.651442241591948,0.9604495317826738,0.2001328787878787,0.0115644143777389,66.0,-0.2634289781021898,0.0202855930619555,274.0,0.2511420882352941,0.0191821444944464,340.0,2.874521334929669,0.1031393800251789,0.0274702959584328,0.0033431327179694,20.060674391099585,2.322449260305919,"The MYZAP gene, which encodes a protein involved in cardiac muscle structure and function, has been implicated in various cellular processes, including the regulation of calcium signaling and cardiac contractility. While its direct relationship with cancer is not well-established, alterations in genes associated with calcium handling and muscle contraction can influence tumor microenvironments and cell signaling pathways. Dysregulation of MYZAP could potentially affect cell proliferation, apoptosis, and differentiation—key processes in cancer development. Moreover, aberrant expression or mutations in MYZAP might intersect with pathways commonly altered in cancer, suggesting a need for further exploration into its potential role in oncogenesis or tumor progression. However, concrete evidence linking MYZAP specifically to cancer remains to be elucidated.",0
CDH4,2751,0.3148148148148148,0.0185185185185185,0.037037037037037,0.5370370370370371,0.0,1.0,0.0925925925925925,0.0,0.9034636984047556,0.0,1.6111111111111112,2.055555555555556,0.201816347124117,1.0,0.628140703517588,0.9202205323003714,437973.2,867.0,-0.06121979,5.172178548233806e-06,5.0,0.0,0.0,0.0,0.0,0.0,0.0,4.0,1.0,0.0,0.0,0.0,6.0,29.0,2.0,0.0,0.0,0.0,0.0,17.0,2.0,0.0,4.0,1.0,1.0,0.0,55.0,0.0,56.0,16.07207273,132.7124321,21.62595589483215,7.086937846377647,0.3501406382978723,0.0518501960865248,376.0,-0.2088821428571428,0.0095206612644155,56.0,0.3318293518518518,0.048584758275217,432.0,2.423812750731738,0.4672164905317947,0.2200286149120228,0.0528313541088543,20.060674391099585,2.322449260305919,"The CDH4 gene, which encodes a member of the cadherin family of proteins involved in cell adhesion, has been implicated in some cancer types, primarily through its role in maintaining epithelial integrity and influencing cell signaling pathways. Aberrant expression of CDH4 may disrupt normal cell adhesion mechanisms, leading to increased cellular motility and invasion, which are hallmarks of cancer metastasis. Furthermore, the dysregulation of cadherin-mediated signaling can affect tumor microenvironment interactions, promoting tumorigenesis and contributing to the epithelial-to-mesenchymal transition (EMT), a critical process in cancer progression. Given these functions, alterations in CDH4 expression or function may create an oncogenic environment conducive to cancer development.",0
IGSF5,1224,0.4375,0.0,0.0,0.5625,0.0,1.0,0.0,0.0,0.96875,0.0,1.125,1.125,1.0,1.0,0.9199632014719412,0.9967080111675,285788.0,762.0,-0.0701271999999999,4.420910728485807e-07,3.0,0.0,0.0,0.0,0.0,0.0,0.0,0.0,0.0,0.0,0.0,0.0,0.0,10.0,0.0,0.0,0.0,0.0,0.0,7.0,0.0,0.0,0.0,1.0,0.0,0.0,16.0,0.0,15.0,5.972625,41.37969092,21.88701420269522,1.8204614569819408,0.2417428571428571,0.0177065866110154,84.0,-0.2734835741444866,0.0265133069810698,263.0,0.2657999423631124,0.0245094641762972,347.0,1.7166219554999873,0.7909919663039126,0.111514500398345,0.0145173604745375,20.060674391099585,2.322449260305919,"The IGSF5 gene, which encodes an immunoglobulin superfamily member, has been implicated in various cellular processes, including cell adhesion and communication. Dysregulation of IGSF5 has been observed in some cancer types, suggesting a potential role in tumorigenesis. Mechanistically, alterations in IGSF5 expression may influence the tumor microenvironment by modulating immune cell interactions or impacting signaling pathways that regulate cell proliferation, apoptosis, and migration. Additionally, changes in its expression or function could affect the epithelial-to-mesenchymal transition (EMT), a process critical for cancer metastasis. However, the precise relationship between IGSF5 and specific cancer types remains an area of ongoing research.",0
LONRF2,2265,0.2692307692307692,0.0384615384615384,0.0,0.6923076923076923,0.0,1.0,0.0,0.0,1.0,0.0,2.25,2.375,0.8032128514056225,1.0,0.2148227712137486,0.5452077144423269,94009.46,703.0,0.005401815,2.38099374294738e-08,2.0,0.0,0.0,0.0,0.0,0.0,0.0,0.0,0.0,0.0,0.0,0.0,0.0,18.0,1.0,0.0,0.0,0.0,0.0,7.0,0.0,0.0,0.0,0.0,0.0,0.0,26.0,0.0,24.0,13.96623077,86.5469405,20.738796809798654,4.550780949484501,0.2108947222222222,0.0110207271077436,180.0,-0.2564616363636364,0.0351661282028282,55.0,0.2215593191489362,0.0169194554456883,234.0,3.197660463311071,0.3284890245343292,0.0652214020267577,0.0169782475588161,11.978449964633162,0.9314597866652268,"The LONRF2 gene has been implicated in cancer through its role in cellular stress responses and mitochondrial function. It encodes a protein that is believed to have a role in the regulation of mitochondrial quality control and may influence apoptosis and oxidative stress management. Dysregulation of LONRF2 could potentially lead to altered energy metabolism and increased survival of cancer cells under stressful conditions, contributing to tumor progression. Furthermore, LONRF2's involvement in the modulation of the immune response may also play a role in the tumor microenvironment, affecting cancer immunity and the ability of tumors to evade immune surveillance. However, the precise mechanisms linking LONRF2 to specific cancer types are still under investigation.",0
LENG9,1506,0.4285714285714285,0.0,0.0,0.1428571428571428,0.0,1.0,0.4285714285714285,0.0,0.7580392711198943,0.0,0.25,1.0,1.0,1.0,0.8291873963515755,0.9845017398880545,807047.8,535.0,-0.0067325119999999,0.0,1.0,0.0,0.0,0.0,0.0,0.0,0.0,3.0,0.0,0.0,0.0,0.0,0.0,1.0,0.0,0.0,0.0,0.0,0.0,3.0,0.0,0.0,3.0,0.0,0.0,0.0,4.0,0.0,7.0,6.191,134.727942,24.04697794610616,2.5046768215825006,0.2765247761194029,0.0329406899880746,201.0,-0.2664941772151899,0.0255873468932677,158.0,0.2721101949860724,0.0296487483778948,359.0,2.983913259592132,0.0291753629969849,0.08452147757179,0.0126342605428811,17.49146884462673,2.675394873149795,"The LENG9 gene, which encodes a member of the LEN gene family, has been implicated in various biological processes, some of which may relate to cancer development and progression. While specific direct evidence linking LENG9 to cancer is limited, its involvement in immune response regulation and cell signaling could suggest potential mechanisms whereby it influences tumor microenvironments or immune evasion. For instance, alterations in LENG9 expression might affect the activation of immune cells or the modulation of inflammatory pathways, both of which can play crucial roles in tumorigenesis. Further research is required to elucidate the specific contributions of LENG9 to cancer biology and to establish a clearer connection.",0
STAR,858,0.0,0.0,0.0,0.75,0.0,1.0,0.25,0.0,1.0,0.0,3.0,4.0,1.0,1.0,0.3472222222222222,0.7145105188013384,705836.6,277.0,0.0463026999999999,7.200628177622457e-07,5.0,0.0,0.0,0.0,0.0,0.0,0.0,1.0,0.0,0.0,0.0,0.0,0.0,3.0,0.0,0.0,0.0,0.0,0.0,0.0,0.0,0.0,1.0,0.0,0.0,0.0,3.0,0.0,4.0,23.67666667,40.69263333,18.080848655323344,1.03511327389059,0.4355123728813558,0.1967979076786007,236.0,-0.354936138613861,0.0540273577966297,303.0,0.3902162708719853,0.1178905588107889,539.0,2.5412274330425566,0.2721462762796533,0.111514500398345,0.0145173604745375,20.060674391099585,2.322449260305919,"Yes, there is a relationship between the STAR gene (steroidogenic acute regulatory protein) and cancer. The STAR gene plays a critical role in steroidogenesis by facilitating the transport of cholesterol into mitochondria, which is a precursor for steroid hormone synthesis. Dysregulation of steroid hormones, influenced by alterations in STAR expression or function, can impact cellular proliferation, apoptosis, and differentiation, thus contributing to tumorigenesis. In particular, abnormal STAR expression has been associated with the progression of certain cancers, as it may lead to enhanced local steroid hormone production, promoting an environment conducive to cancer cell growth and survival. Additionally, the interaction between STAR and signaling pathways involved in cell growth and metabolism may further complicate cancer pathophysiology, linking altered steroidogenesis to oncogenic processes.",0
HOMEZ,1653,0.2,0.1,0.0,0.3,0.0,1.0,0.4,0.0,0.6505149978319906,0.0,1.0,2.6666666666666665,0.5672149744753261,1.0,0.8467400508044031,0.9876050272779214,1171456.0,330.0,0.02018836,5.617279216041463e-05,32.0,0.0,0.0,0.0,0.0,0.0,0.0,4.0,0.0,0.0,0.0,0.0,0.0,4.0,1.0,0.0,0.0,0.0,0.0,2.0,0.0,0.0,4.0,0.0,0.0,0.0,7.0,0.0,9.0,19.52314286,127.8361941,20.012610016854467,2.7437886208314093,0.247573625730994,0.0248494084656002,171.0,-0.2856797499999998,0.0226956421321548,240.0,0.2698253771289537,0.0238869599936988,411.0,3.33173595625334,0.006704243866835,0.0377626877895556,0.0085478318622293,21.839033911334216,1.110346961404481,"The relationship between the HOMEZ gene and cancer is not well established in the scientific literature. However, HOMEZ, being a member of the homeobox gene family, may play roles in developmental processes and cell differentiation. Aberrant regulation or expression of homeobox genes can contribute to oncogenesis through mechanisms such as dysregulation of signaling pathways, alterations in cell cycle control, and impacts on apoptosis. Additionally, homeobox genes can influence embryonic development and tissue patterning, and their misexpression has been implicated in tumor progression and metastasis. Further research is needed to elucidate any specific connections between HOMEZ and cancer pathogenesis.",0
FOXO6,1680,0.0,0.0,0.0,1.0,0.0,1.0,0.0,0.0,1.0,0.0,8.0,8.0,1.0,1.0,0.2944640753828033,0.6544753440662842,649122.9543319192,444.4009897808343,0.0198885680771551,0.0,0.0,0.0,0.0,0.0,0.0,0.0,0.0,0.0,0.0,0.0,0.0,0.0,0.0,6.0,0.0,0.0,0.0,0.0,0.0,2.0,0.0,0.0,0.0,0.0,0.0,0.0,8.0,0.0,8.0,24.505,42.23188571,15.925550541715603,0.628853432512689,0.2638164016874681,0.0370683991865753,190.13201675643327,-0.2623792743604192,0.0349935889004216,187.6534410532616,0.2724842722630945,0.0397860230283488,377.6466786355476,2.0538212608212256,0.3745810924390098,0.0379646850286387,0.0061386177052974,18.580438796373667,2.377649826008404,"The FOXO6 gene is part of the Forkhead box O (FOXO) transcription factor family, which is involved in various cellular processes, including apoptosis, cell cycle regulation, and oxidative stress response. Dysregulation of FOXO6 has been implicated in cancer development, as it can influence tumor progression and metastasis. Potential mechanisms include the transcriptional regulation of genes that govern cell survival and proliferation, allowing cancer cells to evade apoptosis and persist in unfavorable conditions. Additionally, FOXO6 may interact with signaling pathways such as PI3K/AKT, which are frequently altered in various cancers, potentially leading to enhanced survival of malignant cells and contributing to tumorigenesis. Overall, while the precise roles of FOXO6 in different cancer types are still being characterized, its involvement in key regulatory networks suggests a relevant relationship to cancer biology.",0
KIF3B,2244,0.1052631578947368,0.1052631578947368,0.0,0.7368421052631579,0.0,1.0,0.0526315789473684,0.0,0.9410872157860573,0.0,4.666666666666667,5.666666666666667,0.4688232536333802,1.0,0.2270147559591373,0.5636186740949247,920220.6,146.0,0.0580093,1.7992336204437178e-05,13.0,0.0,0.0,0.0,0.0,0.0,0.0,1.0,0.0,0.0,0.0,0.0,0.0,14.0,2.0,0.0,0.0,0.0,0.0,2.0,0.0,0.0,1.0,0.0,0.0,0.0,18.0,0.0,18.0,25.91461111,118.2144573,23.998832723839943,0.4525886723540834,0.3295703389830507,0.0465032053658904,354.0,-0.1858309090909091,0.0116600278875264,44.0,0.3136795477386934,0.0446488561015581,398.0,3.649790137359687,0.0033730665962599,0.111514500398345,0.0145173604745375,18.099392509025645,1.92718661428426,"The KIF3B gene encodes a kinesin motor protein that is involved in intracellular transport and ciliogenesis. Emerging evidence suggests a potential relationship between KIF3B and cancer, as altered expression of kinesins, including KIF3B, can influence cellular processes such as mitosis, cell migration, and invasion—all of which are critical in tumorigenesis. Dysregulation of KIF3B may impact the functionality of primary cilia, structures that play a key role in cell signaling pathways, including those associated with cancer progression. Additionally, KIF3B's involvement in the transport of signaling molecules may further affect pathways like Hedgehog and Wnt, which are frequently implicated in various cancers. Thus, the aberration of KIF3B may contribute to the malignant phenotype through these mechanisms.",0
HOXA3,1332,0.5,0.0,0.0,0.5,0.0,1.0,0.0,0.0,1.0,0.0,0.8571428571428571,0.8571428571428571,1.0,1.0,0.9727626459143968,0.99962564886476,356045.0,385.0,0.02835226,8.99547404093655e-06,8.0,0.0,0.0,1.0,0.0,0.0,0.0,0.0,0.0,0.0,0.0,0.0,0.0,7.0,0.0,0.0,0.0,0.0,0.0,5.0,0.0,0.0,0.0,1.0,0.0,0.0,12.0,0.0,13.0,16.92333333,39.34541315,21.88701420269522,1.8204614569819408,0.3087242380952382,0.0414975433901102,420.0,-0.2578325333333333,0.0218775290975495,75.0,0.3010133737373737,0.0388081453993235,495.0,2.7272917948231026,0.2282397535314774,0.5861318559235086,0.0359613799893237,18.964683217178752,2.185323478651384,"The HOXA3 gene, part of the homeobox gene family, plays a crucial role in developmental processes, including the regulation of cellular differentiation and proliferation. Dysregulation of HOXA3 has been implicated in various cancers, where it can function as an oncogene or tumor suppressor depending on the context. Mechanistically, altered expression of HOXA3 may influence pathways related to cell cycle regulation, apoptosis, and epithelial-mesenchymal transition (EMT), promoting tumorigenesis and metastatic potential. Furthermore, its interaction with signaling pathways such as Wnt and Notch can contribute to altered cellular behaviors associated with cancer progression. The specifics of these relationships, including the prevalence and functional consequences of HOXA3 dysregulation, remain areas of ongoing research in cancer biology.",0
ZSCAN31,1221,0.375,0.375,0.0,0.25,0.0,1.0,0.0,0.0,0.8018796874098554,0.0,0.5,1.25,0.208420175072947,1.0,0.99601593625498,0.9999920530573082,273498.3,502.0,0.03290703,0.0,1.0,0.0,0.0,0.0,0.0,0.0,0.0,0.0,0.0,0.0,0.0,0.0,0.0,2.0,3.0,0.0,0.0,0.0,0.0,3.0,0.0,0.0,0.0,0.0,0.0,0.0,8.0,0.0,7.0,17.376875,182.1699176,19.46995739556028,1.5703902465010948,0.2605062295081967,0.02315968406098,183.0,-0.2362999264705883,0.0154619889622167,136.0,0.2501863009404389,0.0199627224787267,319.0,3.266269227075935,0.0222906962694721,0.111514500398345,0.0145173604745375,18.71739257602385,3.913533127600565,"The ZSCAN31 gene has been implicated in various cellular processes, including regulation of gene expression and modulation of stem cell properties. While direct links between ZSCAN31 and cancer are not extensively characterized, its role in pluripotency and differentiation suggests that dysregulation of ZSCAN31 expression could influence oncogenic pathways. For instance, aberrant expression may affect the balance between stemness and differentiation in cancer cells, potentially leading to enhanced tumorigenicity or metastasis. Additionally, ZSCAN31 might interact with epigenetic regulators, thereby impacting chromatin remodeling and gene expression profiles that are crucial in cancer progression. Overall, while there is some interest in the gene's potential role in cancer, more research is needed to clarify these relationships and mechanisms.",0
CBFA2T2,1815,0.2631578947368421,0.0,0.0,0.6842105263157895,0.0,1.0,0.0526315789473684,0.0,0.975220114382459,0.0,2.1666666666666665,2.333333333333333,1.0,1.0,0.2052966536645452,0.5303426924295639,613808.0,148.0,0.05151998,0.0001072647422792,26.0,0.0,0.0,0.0,0.0,0.0,0.0,1.0,0.0,0.0,0.0,0.0,1.0,13.0,0.0,0.0,0.0,0.0,0.0,5.0,0.0,0.0,1.0,0.0,0.0,0.0,19.0,0.0,18.0,20.10678947,135.086924,22.57662680040316,3.5290626965615592,0.3506979674796749,0.0586297401031946,369.0,-0.1943483333333333,0.0151036556971544,42.0,0.3347206326034063,0.0563823777127695,410.0,3.534604521525299,0.0063107856465339,0.0482181312100817,0.0067765976105094,22.443828272410897,0.4512579223215782,"The CBFA2T2 gene, part of the transcription factor family, has been implicated in several cancers, particularly due to its role in hematopoietic development and differentiation. Aberrations in CBFA2T2, such as mutations, fusions, or altered expression levels, can disrupt normal gene regulatory networks, potentially leading to oncogenic transformations. For example, its involvement in the disruption of normal myeloid differentiation may contribute to hematological malignancies. Additionally, CBFA2T2's interaction with other transcription factors and signaling pathways can influence processes like cell proliferation, apoptosis, and the maintenance of stemness, further linking it to cancer progression and malignancy.",0
PNPLA2,1515,0.1818181818181818,0.0,0.0,0.6363636363636364,0.0,1.0,0.1818181818181818,0.0,0.8948855177025862,0.0,2.333333333333333,3.0,1.0,1.0,0.1061120543293718,0.3441489417348504,1799017.0,232.0,0.05136765,0.0001181423747499,12.0,1.0,0.0,0.0,0.0,0.0,0.0,1.0,1.0,0.0,0.0,0.0,1.0,7.0,0.0,0.0,0.0,0.0,0.0,2.0,0.0,0.0,1.0,0.0,1.0,0.0,11.0,0.0,12.0,17.32927273,134.444545,21.48216941268653,1.103454359891177,0.1976475206611569,0.0099436619338016,121.0,-0.259418675213675,0.0172499734106837,234.0,0.2383642816901408,0.0155842172844402,355.0,3.3738572422447635,0.0148568661204651,0.111514500398345,0.0145173604745375,23.824306880781,1.500202314143357,"Yes, there is a relationship between the PNPLA2 gene and cancer. PNPLA2, also known as adipose triglyceride lipase (ATGL), plays a critical role in lipid metabolism by promoting the hydrolysis of triacylglycerol to fatty acids. Dysregulation of lipid metabolism has been implicated in various cancer types, as altered lipid profiles can influence tumor growth, metastasis, and cell signaling pathways. Specifically, aberrant expression of PNPLA2 has been associated with increased lipotoxicity and oxidative stress in tumor cells, which can promote cancer progression. Furthermore, PNPLA2 may interact with signaling pathways related to cell proliferation and survival, such as the AKT/mTOR pathway, potentially affecting tumorigenesis and adaptation of cancer cells to metabolic stress. Thus, the role of PNPLA2 in cancer underscores the complex interplay between metabolism and oncogenesis.",0
ADIG,243,0.0,0.0,0.0,0.5,0.0,1.0,0.5,0.0,1.0,0.0,1.0,2.0,1.0,1.0,0.746268656716418,0.9646788163901642,525954.8,539.0,0.03949126,0.0,0.0,0.0,0.0,0.0,0.0,0.0,0.0,1.0,0.0,0.0,0.0,0.0,0.0,4.0,0.0,0.0,0.0,0.0,0.0,0.0,0.0,0.0,1.0,0.0,0.0,0.0,4.0,0.0,5.0,5.17425,18.41636958,21.88701420269522,1.8204614569819408,0.327936705202312,0.0478730301844751,346.0,-0.2286060655737705,0.0226996524609289,61.0,0.3130493120393119,0.0452951489261265,407.0,0.3049942317148729,0.3561665337800475,0.111514500398345,0.0145173604745375,20.060674391099585,2.322449260305919,"The ADIG gene, which encodes a protein involved in mitochondrial dynamics and metabolism, has been implicated in cancer through its potential role in oxidative stress regulation and metabolic reprogramming. Abnormalities in mitochondrial function can lead to altered energy production and the accumulation of reactive oxygen species, both of which are known to contribute to tumorigenesis. Furthermore, the dysregulation of metabolic pathways essential for cell proliferation and survival may support the oncogenic process, making the ADIG gene a candidate for investigation in the context of various cancer types. However, the precise mechanisms by which ADIG influences cancer development and progression remain to be elucidated through further research.",0
IL17B,543,0.0,0.0,0.0,1.0,0.0,1.0,0.0,0.0,1.0,0.0,4.0,4.0,1.0,1.0,0.4266211604095563,0.7900421807656852,422726.6,380.0,0.02754847,8.929302590828951e-07,3.0,0.0,0.0,0.0,0.0,0.0,0.0,0.0,0.0,0.0,0.0,0.0,0.0,4.0,0.0,0.0,0.0,0.0,0.0,0.0,0.0,0.0,0.0,0.0,0.0,0.0,4.0,0.0,4.0,21.99,48.9284,19.50269815991618,2.9528487490724284,0.2776808021390373,0.014887261128923,187.0,-0.2434502283105022,0.0149259845591219,219.0,0.2592165270935961,0.0151631782577856,406.0,1.4396972330531477,0.4528715568793359,0.111514500398345,0.0145173604745375,20.060674391099585,2.322449260305919,"The IL17B gene is involved in the regulation of inflammatory responses, and its expression has been implicated in various cancers. Elevated levels of IL-17B have been associated with tumor progression, potentially through the modulation of the tumor microenvironment by promoting angiogenesis, enhancing immune evasion, and facilitating the migration and invasion of cancer cells. IL-17B may influence the activation of NF-κB and MAPK signaling pathways, leading to increased expression of pro-inflammatory cytokines and growth factors that support tumor growth and metastasis. Additionally, the interaction of IL-17B with immune cells can alter the immune landscape, potentially contributing to a tumor-promoting environment. However, the exact mechanisms linking IL17B to specific cancer types continue to be an active area of research.",0
ANKRD1,960,0.1666666666666666,0.0,0.0,0.75,0.0,1.0,0.0833333333333333,0.0,1.0,0.0,3.0,3.333333333333333,1.0,1.0,0.4053506282934738,0.771383395844029,103854.4,510.0,0.00449117,3.650134612781671e-07,5.0,0.0,0.0,0.0,0.0,0.0,0.0,1.0,0.0,0.0,0.0,0.0,0.0,9.0,0.0,0.0,0.0,0.0,0.0,2.0,0.0,0.0,1.0,0.0,0.0,0.0,11.0,0.0,11.0,19.37918182,93.46509976,19.56122900821493,4.638334758002379,0.2090968367346938,0.0131158087331895,98.0,-0.3344264077669905,0.0458724714224435,309.0,0.3042487714987716,0.0408119188659747,407.0,2.332060826184331,0.5515736830401082,0.111514500398345,0.0145173604745375,20.060674391099585,2.322449260305919,"Yes, there is evidence suggesting a relationship between the ANKRD1 gene and cancer. ANKRD1 encodes a protein involved in various cellular processes, including muscle development and response to stress. In the context of cancer, ANKRD1 has been implicated in pathways related to cell survival, proliferation, and apoptosis. Alterations in its expression levels may contribute to tumorigenesis by influencing pathways such as the Hippo-YAP signaling, which plays a critical role in cell growth and differentiation. Additionally, deregulation of ANKRD1 may also affect the epithelial-mesenchymal transition (EMT), a process associated with increased metastatic potential in cancer cells. As such, ANKRD1 could function as a potential biomarker or a modulator of cancer progression in various malignancies.",0
CCL14,330,0.5,0.0,0.0,0.5,0.0,1.0,0.0,0.0,1.0,0.0,0.5,0.5,1.0,1.0,0.8438818565400844,0.9871247042929068,779228.0,525.0,0.01922532,3.094785101569193e-06,5.0,0.0,0.0,0.0,0.0,0.0,0.0,0.0,0.0,0.0,0.0,0.0,0.0,1.0,0.0,0.0,0.0,0.0,0.0,1.0,0.0,0.0,0.0,0.0,0.0,0.0,2.0,0.0,2.0,0.5375,0.0836405,21.99577606167255,1.3803014092805626,0.2453557317073173,0.0280426307117312,164.0,-0.2705586387434556,0.0202493035686635,191.0,0.2589156056338028,0.0239388790840248,355.0,2.736493749643889,0.2827904368229382,0.111514500398345,0.0145173604745375,17.74910038727208,0.5679155872051811,"The CCL14 gene, which encodes for a member of the chemokine family, has been implicated in cancer through its role in immune cell signaling and inflammation. Elevated expression of CCL14 has been associated with tumor progression and metastasis in various cancers. The gene may influence tumor microenvironment by recruiting immune cells, such as macrophages, that can either promote or inhibit tumor growth depending on the context. Additionally, CCL14 can affect the migration of both cancer cells and immune cells, potentially facilitating metastatic spread. Its interactions with specific chemokine receptors on tumor cells may also contribute to altered cellular behaviors, including proliferation and survival, highlighting the complexity of its role in cancer biology.",0
LIME1,888,0.0,0.0,0.0,0.75,0.0,1.0,0.25,0.0,1.0,0.0,3.0,4.0,1.0,1.0,0.1420656343230572,0.4193019057573512,1126597.0,202.0,0.03590936,1.878231120281921e-07,2.0,0.0,0.0,0.0,0.0,0.0,0.0,0.0,1.0,0.0,0.0,0.0,0.0,4.0,0.0,0.0,0.0,0.0,0.0,0.0,0.0,0.0,0.0,1.0,1.0,0.0,3.0,0.0,5.0,16.26,29.8857,21.543724345644232,1.5800680196520969,0.3573512266666668,0.0555270432808442,375.0,-0.2193823076923077,0.0121329532524038,65.0,0.3369694545454545,0.0514764062530048,440.0,2.919937090571396,0.1743110172959254,0.111514500398345,0.0145173604745375,22.51937506314891,4.702110782869265,"The relationship between the LIME1 gene and cancer is currently not well established in the scientific literature. While some evidence suggests potential involvement in tumorigenesis or cancer progression through pathways related to cell adhesion and signaling, definitive mechanisms or direct correlations remain unclear. Research might indicate that LIME1 could play a role in mediating immune responses or modulating cellular interactions, which are vital in the tumor microenvironment. However, further investigation is necessary to elucidate the specific roles and implications of LIME1 in various cancer types.",0
SPATA12,573,0.6666666666666666,0.0,0.0,0.3333333333333333,0.0,1.0,0.0,0.0,1.0,0.0,0.3333333333333333,0.3333333333333333,1.0,1.0,0.7326007326007326,0.9605526949721048,418332.2,332.0,0.04633519,0.0,0.0,0.0,0.0,0.0,0.0,0.0,0.0,0.0,0.0,0.0,0.0,0.0,0.0,1.0,0.0,0.0,0.0,0.0,0.0,2.0,0.0,0.0,0.0,0.0,0.0,0.0,3.0,0.0,3.0,5.746,62.819508,21.88701420269522,1.8204614569819408,0.2225222608695653,0.017290537287826,115.0,-0.2813037320574164,0.0226069445217697,418.0,0.2686210506566604,0.0220109753853602,533.0,2.656197764531917,0.139563648316684,0.111514500398345,0.0145173604745375,20.060674391099585,2.322449260305919,"The SPATA12 gene has been implicated in cancer through its potential role in cellular processes that can influence tumor progression. It is suggested that SPATA12 may be involved in regulating apoptosis and cell proliferation, both of which are critical for maintaining normal cellular homeostasis. Dysregulation of these processes can contribute to oncogenesis. Additionally, SPATA12 may be associated with specific signaling pathways that, when altered, could promote metastasis or resistance to apoptosis in cancerous cells. However, further research is needed to elucidate the precise mechanisms and contexts in which SPATA12 may exert its influence on cancer biology.",0
GEN1,2727,0.0833333333333333,0.0833333333333333,0.0833333333333333,0.5,0.0,1.0,0.25,0.0,0.7301310573425013,0.0,3.0,5.5,0.1664724488097219,1.0,0.8203445447087777,0.982798072599782,135007.5,1245.0,0.01040551,0.0,1.0,0.0,0.0,0.0,0.0,0.0,0.0,2.0,1.0,0.0,0.0,0.0,0.0,7.0,1.0,0.0,0.0,0.0,0.0,1.0,1.0,0.0,2.0,1.0,1.0,0.0,9.0,0.0,12.0,18.09877778,128.1173549,19.89998332556313,2.723863195197932,0.2369774537037035,0.0175852283753466,216.0,-0.2293471428571428,0.018291498484472,70.0,0.2351098951048947,0.0177053175701643,286.0,3.45898748792716,0.0088569188741015,0.0409680640855723,0.0085491388978674,18.04163619423836,1.9114855440760483,"The relationship between the GEN1 gene and cancer is currently not well-established or fully understood. However, GEN1 has been implicated in the resolution of DNA structures during replication and repair processes, including the processing of Holliday junctions. These structures can form during homologous recombination, a crucial mechanism for maintaining genomic stability. Deficiencies in DNA repair pathways, such as those involving GEN1, can lead to the accumulation of genetic mutations and chromosomal instability, both of which are hallmarks of cancer. Further research is needed to clarify the specific roles and mechanisms by which GEN1 may influence tumorigenesis and cancer progression.",0
ILKAP,1179,0.25,0.5,0.0,0.25,0.0,1.0,0.0,0.0,0.75,0.0,0.5,1.5,0.1330317945989091,1.0,0.8944543828264758,0.9942230543228152,388990.5,248.0,0.02866457,6.188176143871001e-06,14.0,0.0,0.0,0.0,0.0,0.0,0.0,0.0,0.0,0.0,0.0,0.0,1.0,1.0,2.0,0.0,0.0,0.0,0.0,0.0,1.0,0.0,0.0,0.0,0.0,0.0,5.0,0.0,5.0,27.7198,428.8473252,24.985200690180147,0.228537140264704,0.2141695419847328,0.0179123964951732,131.0,-0.269338164556962,0.0208957082010682,157.0,0.2443309342560555,0.0202333917189157,288.0,3.2935686531518145,0.0044059117872537,0.0362396842631814,0.0048081647235076,17.61831312177977,5.34739304239989,"The ILKAP gene, which encodes an ILK-associated protein, has been implicated in cellular processes such as apoptosis, cell adhesion, and migration, all of which are critical in cancer development and progression. Alterations in ILKAP expression or function may disrupt these processes, potentially leading to enhanced tumor cell survival and aggressive behaviors. ILKAP's involvement in regulating integrin signaling and the subsequent activation of downstream pathways, including those associated with cell growth and the epithelial-mesenchymal transition, suggests that dysregulation of this gene could contribute to the metastatic potential of cancer cells. Furthermore, its role in the modulation of specific tumor suppressor pathways could have downstream effects on oncogenesis. However, the precise nature of its relationship with cancer remains an area of ongoing research and exploration.",0
NRIP2,846,0.25,0.0,0.0,0.75,0.0,1.0,0.0,0.0,1.0,0.0,1.5,1.5,1.0,1.0,0.5393743257820928,0.8723546208973373,495532.1,443.0,0.0281197999999999,7.941715366554109e-07,4.0,0.0,0.0,0.0,0.0,0.0,0.0,0.0,0.0,0.0,0.0,0.0,0.0,3.0,0.0,0.0,0.0,0.0,0.0,1.0,0.0,0.0,0.0,0.0,0.0,0.0,4.0,0.0,4.0,11.171,59.27901133,21.805111641225803,2.2130968571294165,0.3468620703125001,0.0766065271474617,256.0,-0.246457043478261,0.0245581873543401,115.0,0.3157392183288411,0.0625250535753332,371.0,3.0092496952478665,0.0272877670022754,0.111514500398345,0.0145173604745375,22.634617214675423,4.594526090637622,"The NRIP2 gene, also known as nuclear receptor interacting protein 2, has been implicated in several cellular processes that can influence cancer biology. It encodes a protein that interacts with nuclear receptors and transcription factors, potentially modulating gene expression related to proliferation, differentiation, and apoptosis. Dysregulation of NRIP2 may contribute to oncogenic pathways by altering the expression of target genes that are critical for maintaining cellular homeostasis, thereby promoting tumorigenesis. Additionally, NRIP2's involvement in the regulation of metabolic pathways and responses to cellular stress may further link it to cancer development and progression. However, the specific mechanisms underlying its relationship with cancer remain an area of ongoing research.",0
HRH4,1173,0.1666666666666666,0.0,0.0,0.5,0.25,0.6934264036172708,0.3333333333333333,0.0,0.703509509058145,0.0,2.0,3.333333333333333,1.0,0.0324496219619041,0.5241262939286757,0.0862985855234782,144714.1,390.0,0.01560621,0.0,0.0,1.0,0.0,1.0,0.0,0.0,0.0,2.0,2.0,0.0,0.0,0.0,0.0,6.0,0.0,0.0,0.0,0.0,0.0,2.0,0.0,0.0,2.0,0.0,2.0,0.0,10.0,0.0,14.0,14.4892,58.13867196,21.88701420269522,1.8204614569819408,0.2799775773195876,0.0388353431158618,194.0,-0.2712578508771929,0.0196751504927177,228.0,0.2752664454976303,0.0284309972937487,422.0,2.143365712634681,0.3728185593914906,0.111514500398345,0.0145173604745375,20.060674391099585,2.322449260305919,"The HRH4 gene, which encodes the histamine H4 receptor, has been implicated in various biological processes, including immune response and inflammation. Emerging research suggests a potential relationship between HRH4 and cancer progression. The receptor may influence the tumor microenvironment by regulating immune cell infiltration and cytokine release, which can affect tumor growth and metastasis. Additionally, HRH4 has been linked to modulation of angiogenesis and cell proliferation, potentially impacting cancer cell behavior. These mechanisms highlight the importance of HRH4 in tumor biology, though further studies are necessary to fully elucidate its role in specific cancer types and contexts.",0
SAMSN1,1326,0.1428571428571428,0.1428571428571428,0.0,0.6666666666666666,0.0,1.0,0.0476190476190476,0.0,0.9132684766868748,0.0,3.5,4.5,0.2833663927458204,1.0,0.8718395815170009,0.9914122390124096,157936.8,898.0,0.05622714,0.0001095621640822,12.0,0.0,0.0,0.0,0.0,0.0,0.0,1.0,0.0,0.0,0.0,0.0,0.0,22.0,3.0,0.0,0.0,0.0,0.0,8.0,3.0,0.0,1.0,0.0,0.0,0.0,36.0,0.0,27.0,16.79566667,113.2919161,22.698260966974008,1.518549493012427,0.301066936936937,0.0657452995887141,110.0,-0.27105991902834,0.0301134756569039,247.0,0.2803637709497207,0.041201276293023,357.0,3.3168923078007944,0.0236849639843961,0.111514500398345,0.0145173604745375,24.47335810672616,0.6223027922042682,"The SAMSN1 gene, known for its role in immune regulation and cell signaling, has been implicated in cancer through several potential mechanisms. SAMSN1 is involved in the modulation of T cell responses, and its dysregulation may alter immune surveillance, allowing tumor cells to evade detection and destruction. Additionally, SAMSN1 participates in the regulation of apoptosis and cell proliferation; aberrant expression or mutations could contribute to uncontrolled cell growth and resistance to programmed cell death, hallmark features of cancer. Furthermore, SAMSN1 has been shown to influence the NF-κB signaling pathway, which is often activated in various cancers, thereby potentially promoting inflammation and tumorigenesis. Overall, the relationship between SAMSN1 and cancer appears to be multifaceted, warranting further investigation to elucidate its precise role in oncogenesis.",0
CCDC170,2148,0.24,0.08,0.0,0.56,0.0,1.0,0.12,0.0,0.8999999999999999,0.0,2.0,2.7142857142857144,0.3601008282319049,1.0,0.4847309743092584,0.8357543548662698,301604.8,535.0,0.006937005,2.5863874083421402e-08,2.0,0.0,0.0,0.0,0.0,0.0,0.0,2.0,1.0,0.0,0.0,0.0,0.0,13.0,2.0,0.0,0.0,0.0,0.0,6.0,1.0,0.0,2.0,0.0,1.0,0.0,22.0,0.0,24.0,16.22536364,120.5662632,22.019732024690303,5.969715141444125,0.2562689814814815,0.0418673767980183,108.0,-0.2866732129963898,0.026839639137103,277.0,0.2781442337662335,0.0311442201682264,385.0,3.1020275606778807,0.0644038572613612,0.1569097514814798,0.0141349277312471,17.458219196492685,1.000546420140042,"Yes, there is a relationship between the CCDC170 gene and cancer, particularly in breast cancer. CCDC170 has been implicated in the regulation of cell proliferation and differentiation, potentially influencing tumorigenesis. One proposed mechanism involves its role in the modulation of estrogen receptor signaling pathways, thereby affecting the growth and survival of estrogen-dependent breast cancer cells. Additionally, aberrant expression of CCDC170 has been observed in various cancers, suggesting it may function as an oncogene or tumor suppressor depending on the context. Alterations in its expression can lead to dysregulation of cell cycle progression and promote invasive characteristics in cancer cells, highlighting its potential importance in cancer pathology.",0
ITSN2,5094,0.1666666666666666,0.1111111111111111,0.0277777777777777,0.6666666666666666,0.0,1.0,0.0277777777777777,0.0,0.9166666666666664,0.0,3.4285714285714284,4.285714285714286,0.3943217665615142,1.0,0.6600660066006601,0.9342676164761272,380538.0,378.0,0.03709677,0.0003530106819487,81.0,0.0,0.0,0.0,0.0,0.0,0.0,0.0,0.0,0.0,0.0,0.0,3.0,24.0,4.0,0.0,0.0,0.0,0.0,6.0,1.0,0.0,0.0,0.0,0.0,0.0,38.0,0.0,29.0,22.73686842,116.3792112,24.624896892445104,0.3739265614729952,0.238002420091324,0.0174450267175107,219.0,-0.2279066666666666,0.0201992865144144,75.0,0.2354269727891153,0.0181005367344907,294.0,3.588809699261128,0.0082551039847092,0.0562744572739594,0.0103685977271069,24.47674230022644,0.7146270911491548,"The ITSN2 gene, encoding the intersectin-2 protein, plays a role in endocytosis and the regulation of receptor signaling pathways. Emerging evidence suggests that dysregulation of ITSN2 may contribute to cancer progression through various mechanisms. For instance, ITSN2 may influence cell proliferation, migration, and invasion by modulating receptor internalization and signaling cascades, including those related to growth factors and adhesion molecules. Additionally, altered expression levels or mutations in ITSN2 could affect the dynamics of cell-cell interactions and tumor microenvironment, potentially leading to enhanced metastatic potential. Thus, while the direct relationship between ITSN2 and specific cancer types requires further clarification, its involvement in critical cellular processes positions it as a potentially relevant player in cancer biology.",0
ARHGAP20,3576,0.2272727272727272,0.0,0.0454545454545454,0.6818181818181818,0.0,1.0,0.0454545454545454,0.0,0.979614197798402,0.0,2.5,2.833333333333333,0.7961783439490446,1.0,0.25,0.5965735902799727,146681.0,501.0,-0.004718473,0.0,1.0,0.0,0.0,2.0,0.0,0.0,0.0,1.0,0.0,0.0,0.0,0.0,2.0,14.0,0.0,0.0,0.0,0.0,0.0,6.0,2.0,0.0,1.0,0.0,0.0,0.0,26.0,0.0,20.0,16.27911538,79.33724691,16.763015245034936,2.080931162537435,0.2040064814814814,0.0138750898417099,108.0,-0.2780617488789237,0.0196605256685492,223.0,0.2538987009063445,0.0189342658477011,331.0,3.0061379803927326,0.0882399279976624,0.1461834009555744,0.0234318863038589,21.0195791736649,2.4273092733540143,"The ARHGAP20 gene encodes a member of the Rho GTPase-activating protein family, which plays a critical role in cellular signaling, including processes related to cell migration, proliferation, and apoptosis. Dysregulation of Rho GTPases and their regulators, such as ARHGAP20, can contribute to oncogenic transformations by altering the dynamics of the cytoskeleton and affecting cell-cell adhesion. This can facilitate the invasive and metastatic potential of cancer cells. Additionally, aberrant expression of ARHGAP20 may influence pathways involved in tumor microenvironment interactions and immune evasion, further linking it to cancer progression. However, the specific relationships between ARHGAP20 and various cancer types remain an active area of research, warranting further investigation to delineate its precise roles and mechanisms in tumorigenesis.",0
IFNA21,570,0.0,0.0,0.0,1.0,0.0,1.0,0.0,0.0,1.0,0.0,7.0,7.0,1.0,1.0,0.6920415224913494,0.9467884578300314,137739.2,498.0,0.0007987971,0.0,0.0,0.0,0.0,0.0,0.0,0.0,0.0,0.0,0.0,0.0,0.0,0.0,0.0,7.0,0.0,0.0,0.0,0.0,0.0,0.0,0.0,0.0,0.0,0.0,0.0,0.0,7.0,0.0,6.0,8.185142857,42.14745848,21.88701420269522,1.8204614569819408,0.2568326241134752,0.0198944227337791,141.0,-0.4482760097323602,0.3623676556537941,411.0,0.3993747101449275,0.2816763525886636,552.0,0.418171887011078,0.3715490179594155,0.111514500398345,0.0145173604745375,20.060674391099585,2.322449260305919,"The IFNA21 gene encodes a type I interferon, specifically interferon-alpha 21, which plays a critical role in the immune response against viral infections and potentially in tumor immunity. There is accumulating evidence suggesting that type I interferons can influence tumor development and progression by modulating immune cell activity, promoting apoptosis in transformed cells, and enhancing the anti-tumor effects of cytotoxic T lymphocytes. Dysregulation or altered expression of interferon-related genes, including IFNA21, may impair the immune system's ability to detect and eliminate cancer cells, thereby contributing to tumorigenesis. Moreover, these genes are implicated in the interferon signaling pathway, which, when aberrant, can lead to altered responses to oncogenic stress and changes in the tumor microenvironment that favor malignancy. Thus, while a direct relationship between IFNA21 and specific cancers requires further investigation, its involvement in immune modulation presents potential implications for cancer biology.",0
RHOB,591,0.0,0.0,0.0,1.0,0.0,1.0,0.0,0.0,0.8710490642551527,0.0,6.0,6.0,1.0,1.0,0.0331268426806241,0.1460036230207911,621277.0,189.0,0.01919032,4.48040415239808e-05,14.0,0.0,0.0,0.0,0.0,0.0,0.0,0.0,0.0,0.0,0.0,0.0,0.0,6.0,0.0,0.0,0.0,0.0,0.0,0.0,0.0,0.0,0.0,0.0,0.0,0.0,6.0,0.0,6.0,31.5,11.244,24.156095011509493,1.1725461208423311,0.2437021363636362,0.0208416882205292,220.0,-0.2241955072463768,0.0176925454633418,69.0,0.239044844290657,0.0200951714827013,289.0,3.724048777920012,0.0187190952194923,0.0919989510027916,0.0108351620147775,20.025832199262304,1.5959551033886277,"The RHOB gene, which encodes a member of the Rho family of GTPases, has been implicated in various cancer-related processes. Its regulatory role in cell morphology and motility can influence tumor progression and metastasis. RHOB is known to interact with signaling pathways that modulate cell adhesion, cytoskeletal dynamics, and apoptosis, suggesting that aberrations in its expression or function may contribute to malignant transformation. Furthermore, alterations in RHOB expression have been associated with the modulation of the tumor microenvironment and the response to stress signals, highlighting its potential involvement in cancer cell proliferation and survival. Thus, the relationship between RHOB and cancer may be intricately linked to its roles in key cellular mechanisms that govern tumorigenesis.",0
CCSER2,3144,0.2222222222222222,0.0,0.0,0.7777777777777778,0.0,1.0,0.0,0.0,1.0,0.0,2.333333333333333,2.333333333333333,1.0,1.0,0.0715461114688416,0.2602427646492644,215927.0,942.0,0.0005908008999999,1.958203096962056e-05,13.0,14.0,0.0,0.0,0.0,0.0,0.0,0.0,0.0,0.0,0.0,0.0,1.0,9.0,0.0,0.0,0.0,0.0,0.0,2.0,0.0,0.0,2.0,0.0,1.0,0.0,23.0,0.0,21.0,17.98326087,64.79530984,20.87782884688601,1.6691976560450756,0.2296209433962263,0.0317316235514824,106.0,-0.3303083774834439,0.0473867623930398,302.0,0.304149387254902,0.0451859169477809,408.0,3.594680657571609,0.004622487670558,0.053632164049264,0.0116555937796222,21.31518604850724,1.1981496753680363,"The CCSER2 gene has been implicated in various cancer types, although the exact mechanisms of its involvement remain under investigation. Potential relationships may arise from its role in cellular stress responses, apoptosis, and regulation of protein degradation pathways. Dysregulation of CCSER2 could lead to aberrant cellular proliferation and survival, contributing to tumorigenesis. Additionally, alterations in CCSER2 expression might influence the tumor microenvironment and immune evasion, further facilitating cancer progression. However, more research is necessary to clarify its precise functions and interactions within cancer biology.",0
ZNF512B,2679,0.3,0.05,0.0,0.6,0.0,1.0,0.05,0.0,0.9537243573680482,0.0,1.7142857142857142,2.0,0.6626905235255136,1.0,0.4128819157720892,0.7781146346535508,649122.9543319192,444.4009897808343,0.0198885680771551,0.0001827370258338,65.0,0.0,0.0,0.0,0.0,0.0,0.0,1.0,0.0,0.0,0.0,0.0,0.0,12.0,1.0,0.0,0.0,0.0,0.0,5.0,1.0,0.0,1.0,1.0,0.0,0.0,18.0,0.0,19.0,18.7935,179.878807,22.55376917505729,0.9076243372434776,0.3554610455764076,0.0553276254782049,373.0,-0.2185639393939394,0.0119904943934731,66.0,0.3348797038724374,0.0511693973891815,439.0,3.415657797938428,0.0358562991466871,0.1211712424878764,0.0060659430030876,21.65540283503957,1.683274558727725,"The ZNF512B gene, a member of the zinc finger protein family, has been implicated in various cancer-related processes, particularly through its involvement in transcriptional regulation and cellular differentiation. Abnormal expression of ZNF512B may influence tumorigenesis by modulating the expression of target genes related to cell cycle regulation, apoptosis, and epithelial-mesenchymal transition (EMT). Dysregulation of ZNF512B can contribute to oncogenic signaling pathways, thereby promoting tumor cell proliferation, metastasis, and resistance to apoptosis. Furthermore, its interactions with other transcription factors and epigenetic modifiers can create a complex network that supports cancer progression, although the extent and specificity of its role in different cancer types require further investigation.",0
HBD,444,0.0,0.0,0.0,1.0,0.0,1.0,0.0,0.0,1.0,0.0,4.0,4.0,1.0,1.0,0.1617599482368165,0.4564286385813532,109544.6,1056.0,-0.001160496,0.0003234711385769,17.0,0.0,0.0,0.0,0.0,0.0,0.0,0.0,0.0,0.0,0.0,0.0,4.0,5.0,0.0,0.0,0.0,0.0,0.0,1.0,0.0,0.0,0.0,0.0,0.0,0.0,10.0,0.0,8.0,13.3887,92.37957201,29.33656546978856,1.3047990978856208,0.1912441269841269,0.0060537827620317,126.0,-0.251243274336283,0.0164193825670088,226.0,0.2297663068181816,0.0135108474752104,352.0,0.9120682338551848,0.6841937945823915,0.111514500398345,0.0145173604745375,21.739648930239888,3.219927872564954,"The HBD gene, which encodes human beta-defensin 1, has been implicated in immune responses and antimicrobial activities. Research suggests that beta-defensins may play a role in modulating inflammation and the immune environment, both of which are critical in tumorigenesis and cancer progression. Elevated levels of beta-defensins have been observed in various cancers, potentially contributing to tumor growth by promoting angiogenesis or influencing immune evasion mechanisms. Additionally, the interaction of beta-defensins with immune cells might alter tumor cell recognition by the immune system, affecting cancer surveillance. However, the precise relationship between HBD gene expression and specific cancer types remains an area of ongoing investigation.",0
PRCC,1476,0.1111111111111111,0.0,0.1111111111111111,0.5555555555555556,0.0,1.0,0.2222222222222222,0.0,0.8333333333333335,0.0,2.5,4.0,0.4192872117400419,1.0,0.8,0.9785148410513678,1649536.0,208.0,0.05292156,2.3405569906273564e-06,11.0,0.0,0.0,0.0,0.0,0.0,0.0,1.0,0.0,0.0,0.0,0.0,0.0,5.0,0.0,0.0,0.0,0.0,0.0,1.0,1.0,0.0,1.0,0.0,0.0,0.0,7.0,0.0,8.0,24.37285714,37.47082381,24.430395914371463,0.6820544703164005,0.2926895618556702,0.0272352456812028,388.0,-0.1789879487179486,0.006008794679892,39.0,0.2823046370023421,0.0263533285615463,427.0,3.4270316450182703,0.0069767549370447,0.0925582503943261,0.0106475051370891,25.34595987534951,2.434116904425472,"The PRCC gene has been implicated in various cancers, notably renal cell carcinoma. Mutations and alterations in the PRCC gene can influence key cellular processes such as apoptosis, proliferation, and response to stress. One potential mechanism involves the gene's role in regulating the expression of downstream targets that modulate the hypoxia response, an important factor in cancer development and progression. Additionally, PRCC may participate in molecular pathways that govern the epithelial-to-mesenchymal transition (EMT), a critical process in metastasis and tumor invasion. These interactions highlight the importance of PRCC in maintaining cellular homeostasis, and its dysregulation can contribute to tumorigenic processes.",0
RILPL2,636,0.0,0.0,0.0,1.0,0.0,1.0,0.0,0.0,1.0,0.0,3.0,3.0,1.0,1.0,0.351000351000351,0.7184865059725417,1129277.0,177.0,0.0471748,4.965626266637527e-06,6.0,0.0,0.0,0.0,0.0,0.0,0.0,0.0,0.0,0.0,0.0,0.0,0.0,3.0,0.0,0.0,0.0,0.0,0.0,0.0,0.0,0.0,0.0,0.0,0.0,0.0,3.0,0.0,3.0,15.96433333,151.0425163,22.660044675670324,2.669344792425503,0.2226315714285714,0.0147586317183761,140.0,-0.2306095424836601,0.0176126233425524,153.0,0.2267975426621158,0.0162096630021599,293.0,3.4880780400564406,0.0130871797528799,0.0745628744941151,0.0128854260058683,20.993245964671456,1.768873204571487,"The RILPL2 gene has been implicated in various cellular processes that could be relevant to cancer biology, although direct evidence linking it specifically to cancer is currently limited. RILPL2 is associated with microtubule organization and has roles in cilia function, both of which are critical for maintaining cellular homeostasis. Dysregulation of ciliary function and microtubule dynamics can lead to abnormal cell signaling, cellular proliferation, and migration—all of which are hallmarks of cancer. Moreover, studies have suggested that alterations in genes related to cilia can contribute to tumorigenesis and metastatic behavior, indicating that RILPL2 may play a role in underlying pathways that facilitate cancer development or progression. However, further investigations are needed to clarify its exact role in this context.",0
ACSL6,2169,0.2352941176470588,0.0588235294117647,0.0,0.7058823529411765,0.0,1.0,0.0,0.0,1.0,0.0,2.4,2.6,0.8333333333333334,1.0,0.5216484089723527,0.8611170913216001,331470.7,484.0,0.02475284,0.0,2.0,0.0,0.0,0.0,0.0,0.0,0.0,0.0,0.0,0.0,0.0,0.0,0.0,13.0,2.0,0.0,0.0,0.0,0.0,3.0,1.0,0.0,0.0,1.0,0.0,0.0,18.0,0.0,18.0,22.3625,56.84795956,22.668845018134512,6.404671017909025,0.262630946745562,0.014432165211003,169.0,-0.2484495510204081,0.0152237484092238,245.0,0.2542385748792271,0.0149135883647922,414.0,2.9579783544704554,0.1757823428243906,0.0605101317147392,0.017077962144083,16.14022888436311,1.5169394293231335,"The ACSL6 gene, which encodes a long-chain fatty acyl-CoA synthetase, has been implicated in several cancer-related processes, particularly through its role in lipid metabolism. Alterations in fatty acid metabolism are increasingly recognized as important contributors to cancer progression and cellular signaling. Elevated expression of ACSL6 may promote enhanced proliferation and survival of cancer cells by facilitating the synthesis of saturated fatty acids, which can affect membrane fluidity and signaling pathways related to growth and replication. Additionally, ACSL6 may influence the tumor microenvironment by modulating lipid-derived signals and inflammation, potentially impacting tumorigenesis and metastasis. Thus, while direct links between ACSL6 and specific cancer types continue to be explored, its involvement in lipid metabolism suggests a relevant role in cancer biology.",0
ZNF224,2124,0.1428571428571428,0.1428571428571428,0.0,0.7142857142857143,0.0,1.0,0.0,0.0,0.9267672896410716,0.0,3.75,4.5,0.1880052641473961,1.0,0.6811989100817438,0.9427118053081224,544061.0,558.0,-0.03108707,9.648590375181252e-07,4.0,1.0,0.0,0.0,0.0,0.0,0.0,0.0,0.0,0.0,0.0,0.0,0.0,15.0,3.0,0.0,0.0,0.0,0.0,3.0,0.0,0.0,0.0,0.0,0.0,0.0,22.0,0.0,16.0,14.70172727,99.80095249,17.071460872314812,0.7782371036142314,0.258806898395722,0.0261933778311885,187.0,-0.2607862345679012,0.0239832643664788,162.0,0.2597256733524355,0.025096591698755,349.0,3.4630481534880864,0.0048214191084066,0.0704818175492991,0.0031259127817674,16.995882507039727,1.455923292606785,"Yes, there is a relationship between the ZNF224 gene and cancer. ZNF224, a member of the zinc finger protein family, has been implicated in transcriptional regulation, cellular proliferation, and differentiation processes. Its expression levels can be altered in various cancers, suggesting a role in tumorigenesis. Mechanistically, ZNF224 may influence the expression of genes involved in key pathways such as cell cycle regulation and apoptosis, thereby contributing to the aberrant growth and survival of cancer cells. Additionally, ZNF224 has been shown to interact with oncogenic and tumor suppressor pathways, potentially leading to altered cellular signaling in tumor contexts. Further studies are needed to elucidate the precise mechanisms and functional consequences of ZNF224 dysregulation in specific cancers.",0
PDPR,2640,0.2083333333333333,0.0833333333333333,0.0,0.7083333333333334,0.0,1.0,0.0,0.0,0.9818246423345388,0.0,2.833333333333333,3.1666666666666665,0.5390835579514824,1.0,0.2077274615704196,0.534177054291832,1339196.0,137.0,0.01884037,6.635977268969728e-05,16.0,1.0,0.0,0.0,0.0,0.0,0.0,0.0,0.0,0.0,0.0,0.0,0.0,16.0,2.0,0.0,0.0,0.0,0.0,5.0,1.0,0.0,0.0,0.0,0.0,0.0,25.0,0.0,21.0,22.3494,126.5204988,24.776469518911806,0.1774956016230651,0.2891220555555556,0.0553881405359745,173.0,-0.3741708870967741,0.0766473266064972,227.0,0.3384026869158876,0.0693227017527167,395.0,3.586362578274295,0.007583854578014,0.0,0.0,14.05989248114722,1.6127372172021368,"The PDPR gene, which encodes the enzyme pyruvate dehydrogenase phosphatase regulatory subunit, plays a role in the regulation of pyruvate dehydrogenase activity, thereby influencing cellular metabolism, particularly the transition between aerobic glycolysis and oxidative phosphorylation. Dysregulation of metabolic pathways is a hallmark of cancer, as tumor cells often exploit altered metabolism to support rapid proliferation and survival in hostile environments. Potential mechanisms linking PDPR to cancer could involve abnormalities in energy metabolism that promote the Warburg effect, where cancer cells favor glycolysis even in the presence of oxygen. Additionally, alterations in PDPR may affect the balance of reactive oxygen species and metabolic signaling pathways, further contributing to tumorigenesis and cancer progression. However, the specific relationship between PDPR and various cancer types remains to be fully elucidated.",0
PSRC1,1002,0.25,0.25,0.0,0.5,0.0,1.0,0.0,0.0,1.0,0.0,1.0,1.5,0.334001336005344,1.0,0.3756574004507889,0.7434551915751013,988224.3,302.0,0.02881949,1.3527683897989526e-05,10.0,0.0,0.0,0.0,0.0,0.0,0.0,0.0,0.0,0.0,0.0,0.0,1.0,2.0,1.0,0.0,0.0,0.0,0.0,1.0,0.0,0.0,0.0,0.0,0.0,0.0,5.0,0.0,5.0,20.2856,202.8325468,19.34521936611869,7.54377318595101,0.20065625,0.0106926336874999,120.0,-0.2378111304347828,0.0153015388249174,230.0,0.2250723142857141,0.0139981000390413,350.0,3.1498094295450314,0.0472950001073149,0.0430689530699636,0.0129390383656763,19.87876266280417,3.016710430635001,"Yes, there is a relationship between the PSRC1 gene and cancer. PSRC1 (proline and serine-rich co-regulator 1) has been implicated in various cancer types, where its expression levels may influence tumor progression and metastasis. The gene is thought to modulate key signaling pathways, including those related to cell cycle regulation and apoptosis. Dysregulation of PSRC1 could lead to aberrant cell proliferation and survival, contributing to oncogenesis. Additionally, studies suggest that PSRC1 may interact with other proteins involved in cancer signaling networks, potentially affecting processes such as epithelial-mesenchymal transition (EMT), which is critical in the metastatic spread of cancer cells. Overall, PSRC1’s role in modulating these pathways highlights its potential significance in cancer biology.",0
LCN10,603,0.0,0.0,0.0,1.0,0.0,1.0,0.0,0.0,1.0,0.0,2.0,2.0,1.0,1.0,0.2529724260055654,0.6006766466770932,1898901.0,190.0,0.03875934,0.0,0.0,0.0,0.0,0.0,0.0,0.0,0.0,0.0,0.0,0.0,0.0,0.0,2.0,1.0,0.0,0.0,0.0,0.0,0.0,1.0,1.0,0.0,0.0,0.0,0.0,0.0,5.0,0.0,5.0,10.8892,88.7637277,18.82753218005488,0.1483782156955744,0.2638164016874681,0.0370683991865753,190.13201675643327,-0.2623792743604192,0.0349935889004216,187.6534410532616,0.2724842722630945,0.0397860230283488,377.6466786355476,1.7915220337207889,0.6755008565588889,0.111514500398345,0.0145173604745375,20.060674391099585,2.322449260305919,"The LCN10 gene encodes a member of the lipocalin family, which is involved in the binding and transport of small hydrophobic molecules, including fatty acids. Alterations in the expression or function of LCN10 have been implicated in cancer. For instance, it has been observed that LCN10 may influence cell proliferation, apoptosis, and invasion, potentially through its role in modulating lipid metabolism and inflammatory responses. Additionally, its expression levels can be altered in various tumors, indicating that it may serve as a biomarker or exhibit oncogenic properties in specific cancer types. The mechanism may involve the regulation of signaling pathways linked to cancer cell growth and survival, although more research is needed to fully elucidate its roles in oncogenesis and tumor progression.",0
HHIPL1,2349,0.4193548387096774,0.0967741935483871,0.0,0.4838709677419355,0.0,1.0,0.0,0.0,0.9560171654104344,0.0,1.0714285714285714,1.2857142857142858,0.0642137032042637,1.0,0.8703220191470844,0.9912027840440544,375738.3,250.0,0.02077176,0.0,0.0,0.0,0.0,0.0,0.0,0.0,0.0,0.0,0.0,0.0,0.0,0.0,2.0,14.0,3.0,0.0,0.0,0.0,0.0,13.0,1.0,0.0,0.0,0.0,0.0,0.0,33.0,0.0,27.0,16.56590909,155.0062813,18.149953083964625,2.6211101856574253,0.2480545731707316,0.0327342903476694,164.0,-0.2780585271317829,0.0192361351340089,257.0,0.2663982227488153,0.0246309708003968,421.0,2.990880468062516,0.0480882178036106,0.2570322987770144,0.0281122282004378,20.060674391099585,2.322449260305919,"The relationship between HHIPL1 (Hedgehog Interacting Protein Like 1) and cancer is still an area of ongoing research, but there is evidence suggesting that HHIPL1 may play a role in tumorigenesis. This gene has been implicated in modulating the Hedgehog signaling pathway, which is crucial for cell differentiation, proliferation, and tissue morphogenesis. Dysregulation of this pathway is often associated with various cancers. Additionally, HHIPL1 may influence cellular pathways related to apoptosis and cell cycle regulation, potentially contributing to uncontrolled cell growth. Some studies have indicated differential expression of HHIPL1 in specific tumors, hinting at its potential role as a tumor suppressor or oncogene in certain contexts. Overall, the precise mechanisms remain to be fully elucidated, warranting further investigation into its functional roles in cancer biology.",0
AP4B1,2220,0.1052631578947368,0.0526315789473684,0.0,0.7894736842105263,0.0,1.0,0.0,0.0526315789473684,1.0,0.0,5.0,5.666666666666667,0.7917656373713381,1.0,0.0799616184231568,0.2819613408879823,335230.6,545.0,0.01264193,4.619835438584507e-07,4.0,0.0,0.0,0.0,0.0,0.0,0.0,0.0,0.0,0.0,1.0,0.0,1.0,15.0,1.0,0.0,0.0,0.0,0.0,2.0,0.0,0.0,1.0,0.0,0.0,0.0,19.0,0.0,18.0,23.08621053,108.2974678,21.84360574012214,1.1730603189366082,0.2044630833333334,0.0148116177089005,120.0,-0.2381490666666669,0.0156639519620714,225.0,0.2264322028985506,0.0155817264951331,345.0,3.347695429489882,0.0053807966573064,0.0415132398780561,0.0071010380281399,21.579400233300028,1.2432198745736789,"Yes, there is a relationship between the AP4B1 gene and cancer. AP4B1 encodes a subunit of the adaptor protein complex AP-4, which is involved in intracellular trafficking processes, particularly in the sorting and delivery of proteins to specific cellular compartments. Dysregulation of AP4B1 may interfere with the transport of tumor suppressor proteins and other key regulatory factors, potentially leading to altered cell signaling pathways that promote tumorigenesis. Additionally, its involvement in endocytic pathways can affect cell adhesion and migration, contributing to cancer metastasis. Changes in the expression or function of AP4B1 can, therefore, influence cancer progression by disrupting normal cellular homeostasis.",0
HEATR5A,6141,0.2432432432432432,0.081081081081081,0.0,0.6486486486486487,0.0,1.0,0.027027027027027,0.0,0.9584954118904736,0.0,2.4,2.8,0.6013229104028863,1.0,0.1387539891771888,0.4128004406746645,375543.5,154.0,0.02017452,2.695541996923315e-06,4.0,0.0,0.0,0.0,0.0,0.0,0.0,1.0,0.0,0.0,0.0,0.0,1.0,22.0,3.0,0.0,0.0,0.0,0.0,9.0,2.0,0.0,1.0,0.0,0.0,0.0,37.0,0.0,25.0,22.65905405,85.22689222,23.09876156063191,0.4667365664848273,0.2736421621621621,0.0452073126137779,185.0,-0.2892557142857142,0.0235948560094032,238.0,0.2824270921985816,0.0330225159438943,423.0,3.5840175826341523,0.009286113354248,0.0668325088993396,0.0067492089928176,20.402663143750782,1.0275987522898766,"The HEATR5A gene has been implicated in various cellular processes, including protein folding and response to stress, which can impact carcinogenesis. Abnormalities in HEATR5A expression or function could potentially disrupt the proteostasis network, leading to the accumulation of misfolded proteins and increased cellular stress. This dysregulation may promote tumorigenesis by facilitating the survival of cells with oncogenic mutations. Additionally, alterations in HEATR5A might influence cell cycle progression and apoptosis, further contributing to cancer development and progression. However, the specific pathways and mechanisms connecting HEATR5A to cancer remain an area of ongoing research and require further elucidation.",0
TBC1D9,3801,0.3225806451612903,0.032258064516129,0.0,0.6129032258064516,0.0,1.0,0.032258064516129,0.0,0.9869774782850258,0.0,1.7272727272727273,1.9090909090909087,0.8488964346349746,1.0,0.8650519031141869,0.990454818555524,146109.9,621.0,0.00799448,1.9167344604438133e-07,5.0,0.0,0.0,0.0,0.0,0.0,0.0,0.0,1.0,0.0,0.0,0.0,0.0,19.0,1.0,0.0,0.0,0.0,0.0,10.0,0.0,0.0,0.0,0.0,1.0,0.0,30.0,0.0,28.0,18.09486667,114.383376,20.95429337834951,2.124294834429555,0.2220069318181817,0.0185129486927769,88.0,-0.2716826771653543,0.0241978104971522,254.0,0.2589006140350879,0.0231494195142846,342.0,3.549812114350225,0.0200105304672971,0.0426619166331144,0.0062651432931006,22.164729012643573,1.6657099032666791,"The TBC1D9 gene has been implicated in various cancer-related processes, primarily through its role in regulating cellular signaling pathways that control growth and metabolism. TBC1D9 encodes a protein that functions as a GTPase-activating protein, which interacts with RAB GTPases involved in vesicular trafficking and intracellular signaling. Dysregulation of this gene may lead to altered endosomal dynamics and PI3K/Akt signaling, potentially promoting tumorigenesis and metastasis. Furthermore, its involvement in autophagy and nutrient sensing pathways could influence cancer cell survival and proliferation under metabolic stress. Thus, aberrations in TBC1D9 function may contribute to the cancer phenotype through several interlinked mechanisms.",0
OR52I1,975,0.3333333333333333,0.0,0.0,0.5,0.0,1.0,0.1666666666666666,0.0,1.0,0.0,1.0,1.3333333333333333,1.0,1.0,0.777000777000777,0.9730488955819656,212266.8,935.0,-0.0031415329999999,0.0,0.0,0.0,0.0,0.0,0.0,0.0,0.0,0.0,1.0,0.0,0.0,0.0,0.0,3.0,0.0,0.0,0.0,0.0,0.0,2.0,0.0,0.0,0.0,0.0,1.0,0.0,5.0,0.0,6.0,12.4788,124.5267432,21.88701420269522,1.8204614569819408,0.1970565599999999,0.0123432919985548,125.0,-0.2503182969432312,0.0163375220615605,229.0,0.2315111864406778,0.015537995450713,354.0,2.4313413631414287,1.7400757890052163,0.111514500398345,0.0145173604745375,20.060674391099585,2.322449260305919,"The OR52I1 gene, part of the olfactory receptor family, has been implicated in various biological processes, including cellular signaling. While direct evidence linking OR52I1 to specific cancer types is limited, research suggests that olfactory receptors can play roles in tumor biology, potentially influencing pathways such as cell proliferation, migration, and apoptosis. Additionally, aberrant expression of olfactory receptors, including OR52I1, has been observed in some tumors, which may impact the tumor microenvironment or contribute to intercellular communication. Further studies are necessary to elucidate the exact relationship between OR52I1 and cancer, including its potential mechanisms in oncogenesis.",0
DDIT4,699,1.0,0.0,0.0,0.0,0.0,1.0,0.0,0.0,1.0,0.0,0.0,0.0,1.0,1.0,1.0,1.0,808654.8,145.0,0.03950597,2.9238162089943207e-06,12.0,0.0,0.0,0.0,0.0,0.0,0.0,0.0,0.0,0.0,0.0,0.0,0.0,0.0,0.0,0.0,0.0,0.0,0.0,1.0,0.0,0.0,0.0,0.0,0.0,0.0,1.0,0.0,1.0,10.21,0.0,16.095629813458547,0.7156697620663719,0.2518756666666665,0.0509673931524929,120.0,-0.3281411151079137,0.0471207804965859,278.0,0.3051465075376884,0.0493831308081749,398.0,3.703522341241225,0.0204517956659153,0.0452490095955858,0.0144173531622006,17.847041353314786,3.260619879855802,"Yes, there is a relationship between the DDIT4 gene and cancer. DDIT4 (DNA Damage Inducible Transcript 4) functions as a negative regulator of the mTOR pathway, which is crucial for cellular growth and metabolism. Dysregulation of DDIT4 can lead to aberrant activation of mTOR signaling, contributing to tumorigenesis by promoting cell proliferation and survival. Furthermore, DDIT4 is involved in cellular responses to stress and hypoxia, which can create a tumor microenvironment conducive to cancer progression. Altered expression levels of DDIT4 have been observed in various cancers, suggesting its potential role in tumor development and progression through pathways related to cellular homeostasis, metabolic adaptation, and the response to oxidative stress.",0
ADAM20,2331,0.1111111111111111,0.1111111111111111,0.0,0.7222222222222222,0.0,1.0,0.0555555555555555,0.0,0.9366510388806776,0.0,4.333333333333333,5.333333333333333,0.4863813229571984,1.0,0.3026634382566586,0.6643867601872675,333836.3,706.0,0.02551989,0.0,1.0,0.0,0.0,1.0,0.0,0.0,0.0,0.0,1.0,0.0,0.0,0.0,0.0,13.0,2.0,0.0,0.0,0.0,0.0,2.0,0.0,0.0,0.0,0.0,1.0,0.0,18.0,0.0,17.0,13.7405,140.7649493,21.88701420269522,1.8204614569819408,0.2303989130434781,0.0249243143586639,138.0,-0.2840431707317072,0.0221660637818693,287.0,0.2666245647058823,0.0236375010833595,425.0,2.511529154893185,0.8286449492740505,0.111514500398345,0.0145173604745375,20.060674391099585,2.322449260305919,"The ADAM20 gene is implicated in cancer through its role in cell adhesion, migration, and extracellular matrix remodeling. As a member of the ADAM (A Disintegrin and Metalloproteinase) family, ADAM20 is involved in the shedding of membrane proteins, which can influence tumor progression by modulating signaling pathways and promoting epithelial-mesenchymal transition (EMT). This process enhances the invasive potential of cancer cells. Additionally, altered expression of ADAM20 may affect the tumor microenvironment by regulating growth factor availability and immune cell interactions, potentially contributing to tumorigenesis and metastasis. While the precise mechanisms remain to be fully elucidated, evidence suggests that ADAM20 may play a significant role in various cancer types.",0
PFDN4,405,0.0,0.3333333333333333,0.3333333333333333,0.3333333333333333,0.0,1.0,0.0,0.0,0.5793801642856949,0.0,1.0,3.0,0.0357961053837342,1.0,0.7102272727272727,0.953245921687394,78451.08,492.0,-0.02779461,1.572293636510141e-05,31.0,0.0,0.0,0.0,0.0,0.0,0.0,0.0,0.0,0.0,0.0,0.0,0.0,1.0,1.0,0.0,0.0,0.0,0.0,0.0,1.0,0.0,0.0,0.0,0.0,0.0,3.0,0.0,3.0,32.86666667,84.65333333,25.045852120968977,0.4237610240144942,0.3483493922651935,0.0543043426871642,362.0,-0.2133890566037735,0.0127578884856313,53.0,0.3311134939759036,0.0509887651672312,415.0,3.319005078599796,0.0155434831843931,0.0567046831147033,0.007375520865471,22.55331677041124,0.9846951160614258,"The PFDN4 gene, which encodes a protein involved in molecular chaperoning and the regulation of protein folding, may have implications in cancer biology. Dysregulation of chaperone proteins can lead to altered protein homeostasis, contributing to oncogenesis through mechanisms such as promoting the survival of cancer cells under stress, facilitating the assembly of protein complexes involved in cell proliferation, and influencing apoptosis pathways. Additionally, abnormal expression of PFDN4 has been associated with changes in oncogenic signaling pathways, suggesting that it could play a role in tumor progression and metastasis. While the exact relationship between PFDN4 and specific cancer types warrants further investigation, its functional connections to cellular stress responses and protein dynamics indicate a potential relevance in cancer development and progression.",0
TPSB2,828,0.0,0.0,0.0,1.0,0.0,1.0,0.0,0.0,1.0,0.0,2.0,2.0,1.0,1.0,0.7604562737642585,0.9686970841290706,1275017.0,294.0,0.02125794,0.0,2.0,0.0,0.0,0.0,0.0,0.0,0.0,0.0,0.0,0.0,0.0,0.0,0.0,2.0,0.0,0.0,0.0,0.0,0.0,0.0,0.0,0.0,0.0,0.0,0.0,0.0,2.0,0.0,2.0,5.536,61.029152,21.88701420269522,1.8204614569819408,0.2434139195979899,0.0163175196552662,199.0,-0.2382074193548385,0.0178050293348554,155.0,0.2411342372881355,0.0169269274035242,354.0,2.842285090327978,0.2097717354995392,0.111514500398345,0.0145173604745375,20.060674391099585,2.322449260305919,"The TPSB2 gene encodes mast cell tryptase β2, which plays a crucial role in various immune responses and inflammation. Dysregulation of mast cell activity and tryptase expression has been implicated in tumor progression and the tumor microenvironment. Elevated levels of tryptase have been associated with promoting angiogenesis, enhancing tumor cell migration, and modulating immune responses that favor tumor development. Moreover, the interaction of tryptase with various cell types in the tumor microenvironment may contribute to immune evasion and changes in extracellular matrix dynamics, further facilitating cancer progression. However, the direct relationship between TPSB2 and specific cancer types remains an area of ongoing research.",0
KRTAP13-4,483,0.4166666666666667,0.0833333333333333,0.0,0.5,0.0,1.0,0.0,0.0,1.0,0.0,1.0,1.1666666666666667,0.7880220646178093,1.0,0.8291873963515755,0.9845017398880545,14979.15,1035.0,-0.06834511,0.0,0.0,0.0,0.0,0.0,0.0,0.0,0.0,0.0,0.0,0.0,0.0,0.0,0.0,6.0,1.0,0.0,0.0,0.0,0.0,5.0,0.0,0.0,0.0,0.0,0.0,0.0,12.0,0.0,11.0,10.95066667,81.74947933,21.88701420269522,1.8204614569819408,0.2423140229885056,0.0175865798289762,87.0,-0.2617301632653062,0.0204997946581699,245.0,0.2566421987951808,0.0197540754582926,332.0,0.0216272065969725,0.025083355406755,0.111514500398345,0.0145173604745375,20.060674391099585,2.322449260305919,"The KRTAP13-4 gene encodes keratin-associated proteins that are primarily involved in hair follicle biology and the structure of the hair shaft. While direct evidence linking KRTAP13-4 to cancer specifically is limited, alterations in keratin gene expression and structure have been associated with various tumors, influencing tumor microenvironment, cell adhesion, and signaling pathways. Keratins are known to play roles in regulating cell proliferation and apoptosis; thus, dysregulation of keratin-associated proteins could potentially contribute to tumorigenesis by affecting these cellular processes. However, any direct relationship between KRTAP13-4 and cancer remains to be fully elucidated in the current scientific literature.",0
CDX1,798,0.2222222222222222,0.0,0.0,0.7777777777777778,0.0,1.0,0.0,0.0,1.0,0.0,2.333333333333333,2.333333333333333,1.0,1.0,0.0189128872413662,0.093957554273519,1002307.0,228.0,0.04858657,1.3224714493758316e-06,4.0,0.0,0.0,0.0,0.0,0.0,0.0,0.0,0.0,0.0,0.0,0.0,0.0,7.0,0.0,0.0,0.0,0.0,0.0,2.0,0.0,0.0,0.0,0.0,0.0,0.0,9.0,0.0,8.0,20.73944444,102.6394838,21.44977556087268,2.570353560915314,0.27630871657754,0.0148602633037203,187.0,-0.2428272558139535,0.0140796511994435,215.0,0.2584019651741294,0.0146862072208167,402.0,2.0130687493854853,0.7770071671660527,0.8017993083628386,0.0495213345606606,20.060674391099585,2.322449260305919,"Yes, there is a relationship between the CDX1 gene and cancer. CDX1, a homeobox gene crucial for intestinal development and differentiation, has been implicated in various malignancies, particularly colorectal cancer. Mechanistically, aberrant expression or mutations in CDX1 can disrupt normal epithelial homeostasis, leading to altered cell proliferation and apoptosis. Dysregulation of CDX1 may result in the activation of oncogenic pathways or the inactivation of tumor suppressor mechanisms, contributing to tumorigenesis. Additionally, CDX1's role in regulating specific target genes involved in cellular adhesion and signaling can further enhance the invasive potential of cancer cells, promoting metastasis. These findings suggest that CDX1 may serve both as a marker for tumor progression and a potential contributor to cancer pathophysiology.",0
MIER3,1650,0.3571428571428571,0.0714285714285714,0.0,0.5,0.0,1.0,0.0714285714285714,0.0,0.9624786378518296,0.0,1.1666666666666667,1.5,0.8156606851549756,1.0,0.7304601899196493,0.9598835254246252,201203.5,393.0,0.04067002,0.0,3.0,0.0,0.0,0.0,0.0,0.0,0.0,1.0,0.0,0.0,0.0,0.0,0.0,7.0,1.0,0.0,0.0,0.0,0.0,5.0,0.0,0.0,1.0,0.0,0.0,0.0,13.0,0.0,12.0,20.09676923,98.57025453,19.66768307674344,2.9001725967973297,0.2355711594202899,0.014496987277478,138.0,-0.2685336821705426,0.022011101564988,258.0,0.2570467424242426,0.0195965293556904,396.0,3.484396717632496,0.004821437201771,0.0826044809889592,0.0047316623706274,20.195219595379346,1.64511152259398,"The MIER3 gene has been implicated in various cancer-related processes, although the specific mechanisms remain under investigation. MIER3 encodes a protein that may play a role in chromatin remodeling and transcriptional regulation, which are essential for maintaining normal cellular functions. Dysregulation of these processes can lead to aberrant gene expression and contribute to oncogenesis. Additionally, there is some evidence suggesting that MIER3 may interact with other oncogenic pathways, influencing cell proliferation, apoptosis, and differentiation. Further studies are needed to elucidate the exact contributions of MIER3 to cancer biology and its potential interactions with other genetic and epigenetic factors.",0
PPP1R26,3630,0.2083333333333333,0.0208333333333333,0.0,0.5625,0.0,1.0,0.2083333333333333,0.0,0.8580498235212839,0.0,2.4545454545454546,3.4545454545454546,0.8547008547008547,1.0,0.400320256204964,0.7668096123712513,298554.2,539.0,0.01406298,7.022097524718964e-07,2.0,0.0,0.0,0.0,0.0,0.0,0.0,7.0,3.0,0.0,0.0,0.0,0.0,29.0,1.0,0.0,0.0,0.0,0.0,10.0,0.0,0.0,7.0,2.0,3.0,0.0,38.0,0.0,42.0,9.734736842,95.88834987,17.97082105339429,9.702092323704695,0.2638164016874681,0.0370683991865753,190.13201675643327,-0.2623792743604192,0.0349935889004216,187.6534410532616,0.2724842722630945,0.0397860230283488,377.6466786355476,3.408603420788035,0.0109525346685913,0.0378738565024339,0.0087436862541038,16.29630041237172,2.046448716360355,"The PPP1R26 gene encodes a regulatory subunit of protein phosphatase 1 (PP1), which plays a critical role in various cellular processes, including cell division, differentiation, and apoptosis. Alterations in the expression or function of PPP1R26 may influence the phosphorylation status of key substrates involved in these pathways, potentially impacting cancer cell proliferation and survival. Evidence suggests that dysregulation of PPP1R26 can affect the tumor microenvironment and modulate signaling pathways such as the cell cycle and apoptosis, thereby contributing to oncogenesis. However, the precise mechanisms linking PPP1R26 and specific cancer types remain an area of ongoing research.",0
GZMM,774,0.25,0.0,0.0,0.625,0.0,1.0,0.0,0.0,1.0,0.125,1.6666666666666667,2.0,0.2712232167073501,1.0,0.8097165991902834,0.9806242672712068,1647685.0,255.0,-0.008297563,2.999719984296769e-07,5.0,0.0,0.0,0.0,0.0,0.0,0.0,0.0,0.0,0.0,0.0,0.0,0.0,4.0,0.0,1.0,0.0,0.0,0.0,2.0,1.0,0.0,0.0,0.0,0.0,0.0,8.0,0.0,8.0,6.058875,70.41717641,19.63301730051929,1.571520678761332,0.2446437931034484,0.0197978506272263,116.0,-0.2912542372881355,0.0384220925217802,294.0,0.2780989781021897,0.0335456924472458,410.0,2.360610849774564,0.2740158135764539,0.111514500398345,0.0145173604745375,20.060674391099585,2.322449260305919,"The GZMM gene encodes granzyme M, a serine protease involved in the immune response, particularly in cytotoxic T cells and natural killer cells. Its role in cancer is linked to the regulation of apoptosis in tumor cells. Elevated expression of GZMM has been associated with enhanced cytotoxicity against cancer cells, potentially facilitating tumor surveillance and elimination. Conversely, some studies suggest that GZMM may contribute to a pro-tumor environment by promoting inflammation or assisting in tumor cell survival under certain conditions. The balance between its protective and potentially detrimental effects in the tumor microenvironment underscores the complexity of its relationship with cancer, requiring further investigation to elucidate its precise role and mechanisms.",0
ZIC1,1344,0.3529411764705882,0.0,0.0,0.6470588235294118,0.0,1.0,0.0,0.0,1.0,0.0,1.736842105263158,1.736842105263158,1.0,1.0,0.2254791431792559,0.5613365537230086,20724.62,1070.0,-0.02958069,2.8017048636775723e-08,3.0,0.0,0.0,0.0,0.0,0.0,0.0,0.0,0.0,0.0,0.0,0.0,0.0,34.0,0.0,0.0,0.0,0.0,0.0,18.0,0.0,0.0,0.0,1.0,0.0,0.0,51.0,0.0,47.0,23.56709804,73.90875909,14.865822958582225,1.7443368390766216,0.341969885714286,0.0599792115541416,350.0,-0.2484979104477611,0.0211851184046585,67.0,0.3269516067146286,0.0548612704764988,417.0,1.5339615494215293,1.8552689005441407,0.4246609747672486,0.0429501747519304,19.85869393562255,0.8474236754163059,"Yes, there is evidence suggesting a relationship between the ZIC1 gene and cancer. ZIC1 (Zinc Finger Protein of the Cerebellum 1) is involved in the regulation of gene expression and plays a role in developmental processes. Dysregulation of ZIC1 has been implicated in the pathogenesis of several cancers, including breast and colorectal cancer. Possible mechanisms include alterations in cell proliferation, differentiation, and apoptosis, as ZIC1 can influence signaling pathways that control these processes. Moreover, ZIC1 may participate in the epithelial-mesenchymal transition (EMT), a critical event in cancer metastasis, by modulating the expression of key transcription factors and genes associated with cellular identity and invasive behavior.",0
GLRX2,498,0.0,0.5,0.0,0.5,0.0,1.0,0.0,0.0,1.0,0.0,1.0,2.0,0.2785515320334262,1.0,0.4327131112072696,0.7951883735578726,288840.1,433.0,-0.01340749,1.0142810505680487e-06,6.0,0.0,0.0,0.0,0.0,0.0,0.0,0.0,0.0,0.0,0.0,0.0,1.0,1.0,1.0,0.0,0.0,0.0,0.0,0.0,0.0,0.0,0.0,0.0,0.0,0.0,3.0,0.0,3.0,22.389,178.822363,20.28832647999744,1.7175161706009163,0.2824076227390181,0.0280995366829349,387.0,-0.2192744444444444,0.0151386410616161,45.0,0.27583125,0.0270839880657192,432.0,3.0676783809388724,0.0114727838450078,0.03505621316804,0.0044836116053124,20.060674391099585,2.322449260305919,"The GLRX2 gene encodes a member of the glutaredoxin family, which plays a crucial role in regulating oxidative stress and cellular redox homeostasis. In the context of cancer, altered expression of GLRX2 has been implicated in tumorigenesis and cancer progression. Potential mechanisms include its involvement in maintaining the balance of reactive oxygen species (ROS), which can influence apoptosis and proliferation of cancer cells. Additionally, GLRX2 may modulate signaling pathways related to cell survival, such as those associated with hypoxia and inflammation. Dysregulation of GLRX2 could thus contribute to enhanced cell proliferation, migration, and resistance to therapies, making it a subject of interest in cancer biology.",0
RBKS,969,0.5,0.0,0.0,0.3333333333333333,0.0,1.0,0.1666666666666666,0.0,1.0,0.0,0.5,0.75,1.0,1.0,0.4995004995004995,0.8462271133331813,933934.1,279.0,0.03187212,9.871175605241683e-07,6.0,0.0,0.0,0.0,0.0,0.0,0.0,1.0,0.0,0.0,0.0,0.0,4.0,2.0,0.0,0.0,0.0,0.0,0.0,3.0,0.0,0.0,1.0,0.0,0.0,0.0,9.0,0.0,8.0,9.967444444,76.06298678,24.491998050392223,1.2360752663848174,0.2586927510917027,0.0348444717533632,229.0,-0.2122422727272727,0.0164148384116783,66.0,0.2483004406779657,0.0310273766001452,294.0,2.95390791279768,0.040344715213296,0.0588538281157442,0.0149403621925272,20.060674391099585,2.322449260305919,"The RBKS gene, which encodes ribokinase, plays a role in nucleotide metabolism by participating in the phosphorylation of ribose. Disruptions in nucleotide metabolism have been implicated in various cancers, as altered metabolic pathways can enable tumor growth and survival. One potential mechanism is that dysregulation of ribokinase's enzymatic activity may lead to imbalances in nucleotide pools, affecting DNA synthesis and repair, thereby promoting genomic instability and tumor progression. Additionally, ribokinase may influence cellular signaling pathways that are critical for cell proliferation and apoptosis, further contributing to oncogenic processes. However, the specific relationship between RBKS and cancer remains an area of ongoing research and is not fully elucidated at this time.",0
PAG1,1299,0.2727272727272727,0.0,0.0,0.7272727272727273,0.0,1.0,0.0,0.0,1.0000000000000002,0.0,2.0,2.0,1.0,1.0,0.332667997338656,0.6988058188059822,185952.3,441.0,0.01806928,1.2766751949279974e-05,19.0,0.0,0.0,0.0,0.0,0.0,0.0,0.0,0.0,0.0,0.0,0.0,0.0,8.0,0.0,0.0,0.0,0.0,0.0,3.0,0.0,0.0,0.0,0.0,0.0,0.0,11.0,0.0,11.0,15.91345455,100.6546437,22.67759003565845,1.7305632121706849,0.3309117603911978,0.051745593495913,409.0,-0.2646441176470588,0.0227282657439859,68.0,0.3214648008385742,0.04809042289308,477.0,3.5239362891426507,0.0282588405350837,0.0213481733883801,0.0015800891643909,23.10576143687325,1.003553774668314,"Yes, there is a relationship between the PAG1 gene and cancer. PAG1, or Phosphoprotein Associated with Glycosphingolipid-enriched microdomains 1, plays a role in regulating various signaling pathways, including those related to cell growth, differentiation, and apoptosis. Dysregulation or altered expression of PAG1 has been implicated in various cancer types, where it may influence tumorigenesis through mechanisms such as modulation of immune responses, affecting the microenvironment, and interfering with apoptotic signaling cascades. Additionally, aberrant PAG1 expression can disrupt normal cell signaling, contributing to enhanced proliferative capabilities and decreased sensitivity to apoptosis, thereby promoting tumor progression and metastasis.",0
AK5,1689,0.2083333333333333,0.1666666666666666,0.1666666666666666,0.4583333333333333,0.0,1.0,0.0,0.0,0.7818957080144684,0.0,1.8333333333333333,3.1666666666666665,0.00725,1.0,0.7102272727272727,0.953245921687394,484699.3,536.0,-0.008071406,1.8151959906919063e-06,8.0,0.0,0.0,0.0,0.0,0.0,0.0,0.0,0.0,0.0,0.0,0.0,0.0,10.0,4.0,0.0,0.0,0.0,0.0,5.0,5.0,0.0,0.0,0.0,0.0,0.0,24.0,0.0,19.0,25.1265,115.1255914,21.426154105208624,6.694507428341765,0.2105499999999999,0.0140018051766666,119.0,-0.2299609313725491,0.0116028115119361,204.0,0.2227340923076922,0.0125438407785716,323.0,2.75663757536597,0.1108512545757239,0.1143010304243638,0.0171835017179982,19.652846659037827,3.094510203732367,"Yes, there is a potential relationship between the AK5 gene and cancer. The AK5 gene encodes adenylate kinase 5, an enzyme involved in the regulation of cellular energy homeostasis and nucleotide metabolism. Dysregulation of energy metabolism is a hallmark of cancer, where altered ATP production can affect cell proliferation and survival. Additionally, variations in the AK5 gene may influence the tumor microenvironment and the response to cellular stress, contributing to cancer progression. Changes in adenylate kinase activity can also impact signaling pathways, including those involved in apoptosis and cell cycle regulation, further linking AK5 to oncogenic processes.",0
POLDIP2,1106,0.2,0.0,0.0,0.8,0.0,1.0,0.0,0.0,1.0,0.0,2.6666666666666665,2.6666666666666665,1.0,1.0,0.580046403712297,0.8959670372630518,1405196.0,214.0,0.01015912,6.870002698323391e-05,22.0,0.0,0.0,0.0,0.0,0.0,0.0,0.0,0.0,0.0,0.0,0.0,0.0,6.0,1.0,0.0,0.0,0.0,0.0,3.0,0.0,0.0,0.0,0.0,0.0,0.0,10.0,0.0,9.0,21.5296,104.8962505,24.38360026821672,0.1403595536315262,0.2321618604651161,0.0118087466668241,129.0,-0.2623990476190477,0.0161505180820668,189.0,0.2501330188679244,0.0145675559050532,318.0,3.5931543367804264,0.003176325580565,0.0509301729035995,0.0137129137714786,19.00767623577336,1.7419908137576072,"Yes, there is a relationship between the POLDIP2 gene and cancer. POLDIP2 encodes a protein that is implicated in DNA replication and repair processes. Its expression levels have been shown to be altered in various cancers, suggesting a role in tumorigenesis. Mechanistically, POLDIP2 may influence genomic stability by interacting with DNA polymerases and other proteins involved in the replication fork dynamics, potentially leading to increased mutation rates when dysregulated. Additionally, its involvement in the response to cellular stress and maintenance of telomere integrity may further contribute to cancer progression by facilitating uncontrolled cell proliferation and enhancing survival of malignant cells under adverse conditions.",0
PDGFD,1113,0.4166666666666667,0.0,0.0,0.4166666666666667,0.0,1.0,0.1666666666666666,0.0,0.953509509058145,0.0,0.8333333333333334,1.1666666666666667,1.0,1.0,0.5324813631522897,0.8680550483418911,19575.77,992.0,-0.01037454,0.0,0.0,0.0,0.0,0.0,0.0,0.0,0.0,0.0,2.0,0.0,0.0,0.0,0.0,5.0,0.0,0.0,0.0,0.0,0.0,5.0,0.0,0.0,0.0,0.0,2.0,0.0,10.0,0.0,11.0,17.7476,69.83281204,18.65725399018171,1.9317340465929231,0.2535588148148147,0.0817342497135102,135.0,-0.2761731428571429,0.0190028423833766,210.0,0.2673240579710144,0.0435058369259268,345.0,3.291643613182836,0.0517203875806635,0.154679742403835,0.0255247525672976,20.060674391099585,2.322449260305919,"The PDGFD gene encodes a member of the platelet-derived growth factor (PDGF) family, which plays a crucial role in cell proliferation, migration, and survival. Alterations in PDGFD expression or activity can influence tumorigenesis and cancer progression by promoting angiogenesis, stromal remodeling, and the activation of signaling pathways involved in cell growth and metastasis. High levels of PDGFD have been associated with various cancers, where it may contribute to the tumor microenvironment by enhancing recruitment of fibroblasts and immune cells, thereby facilitating local tumor growth and metastasis. Additionally, PDGFD can interact with receptors that stimulate downstream pathways like PI3K/AKT and Ras/MAPK, which are often dysregulated in cancerous tissues, underscoring its potential involvement in oncogenic processes.",0
CGRRF1,999,0.1666666666666666,0.0,0.0,0.6666666666666666,0.0,1.0,0.1666666666666666,0.0,1.0,0.0,2.0,2.5,1.0,1.0,0.0233672157962378,0.1111443223118021,559595.7,348.0,0.03362173,0.0001508178174082,21.0,0.0,0.0,0.0,0.0,0.0,0.0,0.0,1.0,0.0,0.0,0.0,0.0,4.0,0.0,0.0,0.0,0.0,0.0,1.0,0.0,0.0,0.0,0.0,1.0,0.0,5.0,0.0,6.0,21.2886,90.0615998,18.76886586415084,0.9233583517973784,0.2368317751479289,0.0204334217694491,169.0,-0.2936474609374998,0.0232230431845082,256.0,0.2710548705882352,0.0228379620967402,425.0,3.190960843272956,0.0088537921691352,0.0872181680153473,0.0108411762400914,20.060674391099585,2.322449260305919,"The CGRRF1 gene, while not as extensively studied as some other cancer-related genes, has been implicated in various cellular processes that may influence cancer development. It encodes a protein that has been associated with stress responses and cellular signaling pathways, which can affect cell proliferation, apoptosis, and differentiation. Dysregulation of CGRRF1 could potentially lead to altered cellular homeostasis, contributing to tumorigenesis. For instance, if CGRRF1 interacts with pathways involved in the cell cycle or DNA damage response, its aberrant expression could result in increased susceptibility to genomic instability, a hallmark of cancer. Moreover, any disturbance in its role in cellular stress responses might enhance the survival of cancer cells under conditions that would otherwise induce apoptosis, thereby promoting malignancy. Further research is necessary to elucidate the exact mechanisms and clinical relevance of CGRRF1 in cancer.",0
AVPR1A,1257,0.3333333333333333,0.0555555555555555,0.0,0.5,0.0,1.0,0.1111111111111111,0.0,0.9059207553545958,0.0,1.3846153846153846,1.8461538461538465,0.3134796238244514,1.0,0.8136696501220505,0.9814490077981268,250995.1,521.0,-0.03160193,3.653012153219386e-08,2.0,0.0,0.0,0.0,0.0,0.0,0.0,4.0,0.0,0.0,0.0,0.0,0.0,18.0,2.0,0.0,0.0,0.0,0.0,12.0,0.0,0.0,4.0,0.0,0.0,0.0,32.0,0.0,32.0,18.4495,73.95713329,21.88701420269522,1.8204614569819408,0.2681632183908046,0.0561018529514317,174.0,-0.2130680999999999,0.0137320568135252,100.0,0.248055510948905,0.0412375741391152,274.0,3.0068209597735978,0.0720812235780941,0.3536968214770964,0.0446994414198411,16.954899020115548,2.9103872090757834,"The AVPR1A gene, which encodes the vasopressin 1A receptor, has been implicated in various physiological processes, including vasodilation and social behavior. Emerging research suggests a potential link between AVPR1A expression and cancer progression, particularly in terms of its role in modulating tumor microenvironments and influencing cellular signaling pathways. For instance, AVPR1A may affect cell proliferation, apoptosis, and migration through its involvement in the G-protein-coupled receptor signaling cascade, which can impact pathways such as MAPK and PI3K-Akt cascades. Additionally, altered AVPR1A expression has been observed in certain cancer types, potentially affecting angiogenesis and immune modulation within the tumor. However, while these mechanisms present an avenue for understanding the role of AVPR1A in cancer biology, further investigations are necessary to establish definitive relationships and causal pathways.",0
CSRNP2,1632,0.2,0.2,0.0,0.6,0.0,1.0,0.0,0.0,0.939794000867204,0.0,2.0,2.6666666666666665,0.2136752136752136,1.0,0.6613756613756614,0.9348103688871304,564606.5,155.0,0.04026531,0.0,3.0,0.0,0.0,0.0,0.0,0.0,0.0,0.0,0.0,0.0,0.0,0.0,0.0,6.0,2.0,0.0,0.0,0.0,0.0,2.0,0.0,0.0,0.0,0.0,0.0,0.0,10.0,0.0,9.0,24.0156,127.2908283,15.55564095926164,1.4382549869424506,0.2228077564102564,0.0147757184600951,156.0,-0.2746366153846153,0.0352496571295408,130.0,0.2463663286713284,0.0246593694822635,286.0,3.496071383755076,0.0037650994691154,0.0470761756072056,0.011000261523749,15.082364248642072,1.2418564713439035,"The CSRNP2 gene (Cysteine-rich,wwwww motif 2) has been implicated in various cellular processes, including proliferation and differentiation, which are critical in the context of cancer biology. Alterations in CSRNP2 expression have been observed in certain cancer types, potentially contributing to tumorigenesis through mechanisms such as modulation of the epithelial-mesenchymal transition (EMT) and influencing the tumor microenvironment. For example, CSRNP2 may regulate signaling pathways involved in cell growth and metastasis, suggesting a role in promoting cancer cell invasiveness or resistance to apoptosis. Furthermore, its interaction with transcription factors may also elucidate its involvement in altering gene expression patterns associated with cancer progression. While the precise mechanisms remain to be fully elucidated, the association of CSRNP2 with key oncogenic pathways highlights its potential relevance in cancer biology.",0
API5,1575,0.3636363636363636,0.0909090909090909,0.0,0.3636363636363636,0.0,1.0,0.0909090909090909,0.0909090909090909,0.9474427588512933,0.0,0.8,1.4,0.6600660066006601,1.0,0.9354536950420954,0.9978705631832632,349378.2,924.0,-0.02318333,7.96564589215106e-05,33.0,1.0,0.0,0.0,0.0,0.0,0.0,1.0,0.0,0.0,1.0,0.0,1.0,4.0,1.0,0.0,0.0,0.0,0.0,4.0,0.0,0.0,2.0,0.0,1.0,0.0,10.0,0.0,13.0,17.6162,115.2358624,26.5777968793622,0.2066660066151467,0.2252750349650349,0.0280712839237663,143.0,-0.2688432692307693,0.0241857495537593,156.0,0.2480062876254177,0.0264313256891921,298.0,3.680599983187068,0.0023813183525516,0.0628005639560313,0.0049101578689292,25.54853472653838,0.9859184800259964,"Yes, there is a relationship between the API5 gene and cancer. API5, or apoptosis inhibitor 5, is known to play a role in the regulation of apoptosis, thereby influencing cell survival and proliferation. Its overexpression has been observed in various cancer types, where it can contribute to tumorigenesis by inhibiting programmed cell death, allowing cancer cells to evade the normal apoptotic signals. Additionally, API5 may be involved in promoting cell cycle progression and enhancing cellular resistance to chemotherapy, potentially through interactions with pathways such as the PI3K/Akt signaling cascade. These mechanisms collectively support the notion that API5 acts as an oncogene, facilitating tumor growth and metastasis.",0
MMAA,1257,0.1428571428571428,0.0,0.0,0.8571428571428571,0.0,1.0,0.0,0.0,1.0,0.0,3.0,3.0,1.0,1.0,0.0826514587982477,0.2887116955582561,224882.3,1168.0,0.01917011,0.0,3.0,1.0,0.0,0.0,0.0,0.0,0.0,0.0,0.0,0.0,0.0,0.0,0.0,5.0,0.0,0.0,0.0,0.0,0.0,1.0,0.0,0.0,0.0,0.0,0.0,0.0,7.0,0.0,6.0,20.37485714,122.6195451,23.867030062756896,0.3206634113136014,0.2131923529411764,0.0171842499063025,85.0,-0.2712557198443579,0.0251984949995774,257.0,0.2568247660818716,0.0237819194168072,342.0,3.283691239331022,0.0072719790582009,0.0430218207679247,0.0127394690914598,16.08140023787006,2.554616862472985,"The MMAA gene is implicated in the metabolism of vitamin B12 and its associated pathways, which play crucial roles in cellular functions such as DNA synthesis and repair. Alterations in MMAA could potentially lead to disrupted nucleotide metabolism and accumulation of genomic instability, factors that are known to contribute to carcinogenesis. Additionally, disturbances in vitamin B12 processing have been linked to changes in methylation patterns of oncogenes and tumor suppressor genes, thus influencing tumorigenesis and cancer progression. While the direct association between MMAA and cancer requires further investigation, its involvement in critical metabolic and epigenetic processes positions it as a candidate for understanding cancer biology.",0
B3GALT1,981,0.15,0.1,0.0,0.75,0.0,1.0,0.0,0.0,0.9537243573680482,0.0,3.75,4.25,0.3191828917969997,1.0,0.2835270768358378,0.640898114900458,67288.73,1010.0,-0.01352942,0.0,1.0,0.0,0.0,0.0,0.0,0.0,0.0,0.0,0.0,0.0,0.0,0.0,0.0,15.0,2.0,0.0,0.0,0.0,0.0,3.0,0.0,0.0,0.0,0.0,0.0,0.0,20.0,0.0,18.0,25.0887,69.66494748,21.88701420269522,1.8204614569819408,0.2318872850678733,0.0195456909244138,221.0,-0.209907794117647,0.0110281176711808,68.0,0.2267156401384084,0.0175835311962033,288.0,2.7530341976601345,0.5654083708759248,0.111514500398345,0.0145173604745375,20.060674391099585,2.322449260305919,"The B3GALT1 gene encodes an enzyme involved in the biosynthesis of glycosaminoglycans, specifically in the formation of the carbohydrate chains that contribute to proteoglycans and glycoproteins. Alterations in glycosylation processes, including those mediated by B3GALT1, have been implicated in cancer progression and metastasis. Aberrant expression or activity of B3GALT1 may affect cell adhesion, migration, and signaling pathways, thereby contributing to tumorigenesis and the aggressive behavior of certain cancers. Furthermore, glycosylation changes can influence immune evasion and alter the tumor microenvironment, potentially facilitating cancer development and progression. These mechanisms highlight the significance of B3GALT1 in cancer biology, although more research is needed to fully elucidate its role across different cancer types.",0
LRRC34,1395,0.1,0.0,0.0,0.9,0.0,1.0,0.0,0.0,1.0,0.0,4.5,4.5,1.0,1.0,0.2135383301302584,0.5432284711085639,404284.6,689.0,0.0131907,0.0,0.0,0.0,0.0,0.0,0.0,0.0,0.0,0.0,0.0,0.0,0.0,0.0,0.0,8.0,0.0,0.0,0.0,0.0,0.0,1.0,0.0,0.0,0.0,0.0,0.0,0.0,9.0,0.0,8.0,17.45844444,69.49379678,14.49624428921802,0.2341169889355925,0.4221053196930948,0.122373282753167,391.0,-0.2382750909090908,0.0211444210773063,55.0,0.3994356726457399,0.1134759983720183,446.0,2.7485146821202955,0.0745516471235845,0.1589192852706089,0.0184979308562414,17.840053178460206,1.466377348845836,"The relationship between the LRRC34 gene and cancer is not yet well-established, but emerging studies suggest potential links through its role in cellular processes such as proliferation and apoptosis. LRRC34 encodes a protein that may interact with signaling pathways involved in tumorigenesis, including those governing cell cycle regulation and apoptosis. Dysregulation of LRRC34 expression could impact these pathways, possibly contributing to cancer progression. Additionally, variations or mutations in the LRRC34 gene may influence tumor susceptibility or response to environmental factors, highlighting its potential relevance in oncogenic processes. However, further research is needed to elucidate the specific mechanisms by which LRRC34 may be implicated in different cancer types.",0
TMEM184A,1242,0.375,0.0,0.0,0.375,0.0,1.0,0.25,0.0,0.9166666666666666,0.0,0.75,1.25,1.0,1.0,0.4203446826397646,0.7846491094244727,595898.9,243.0,0.0383376999999999,6.807890716405715e-07,2.0,0.0,0.0,0.0,0.0,0.0,0.0,1.0,1.0,0.0,0.0,0.0,7.0,3.0,0.0,0.0,0.0,0.0,0.0,2.0,1.0,0.0,3.0,0.0,1.0,0.0,11.0,0.0,14.0,9.559545455,106.6786819,17.30746769456892,1.439191596355578,0.3067754074074074,0.0293176446516281,405.0,-0.3097358196721312,0.0491662668344465,122.0,0.3074607400379505,0.0338294076376642,527.0,3.260098597685162,0.1107228175923162,0.111514500398345,0.0145173604745375,16.802464594340176,1.1116158820569717,"The TMEM184A gene has been implicated in various cancer types, although the exact nature of its involvement remains an area of ongoing research. One proposed mechanism is that TMEM184A may play a role in cellular processes such as cell proliferation, apoptosis, and immune response modulation, which are critical for tumor development and progression. Alterations in the expression or function of TMEM184A can potentially influence signaling pathways that regulate these processes, thereby contributing to the oncogenic phenotype. Additionally, its involvement in the endosomal trafficking pathway may affect the processing of growth factor receptors or tumor suppressors, further impacting cancer cell behavior. As such, while there is a growing body of evidence linking TMEM184A to cancer, further investigations are needed to elucidate the precise mechanisms and clinical implications.",0
AMZ1,1497,0.238095238095238,0.0476190476190476,0.0,0.7142857142857143,0.0,1.0,0.0,0.0,0.9783171191717188,0.0,2.5,2.6666666666666665,0.4142502071251036,1.0,0.3810975609756097,0.7487423289183851,767439.8,392.0,0.029588,0.0,0.0,0.0,0.0,0.0,0.0,0.0,0.0,0.0,0.0,0.0,0.0,0.0,0.0,16.0,1.0,0.0,0.0,0.0,0.0,4.0,1.0,0.0,0.0,1.0,0.0,0.0,21.0,0.0,21.0,15.36209524,115.9900946,21.88701420269522,1.8204614569819408,0.2997623383084576,0.024629560494768,402.0,-0.3143254838709678,0.0485409602038289,124.0,0.303195475285171,0.0302230300332022,526.0,2.7350276140488416,0.2331027154637853,0.0657029648184148,0.0167850163996993,20.060674391099585,2.322449260305919,"As of my last knowledge update, there is no well-established relationship between the AMZ1 gene and cancer. Current understanding lacks conclusive evidence linking AMZ1 to tumorigenesis or cancer progression. If future research uncovers potential associations, it may involve mechanisms such as altered expression affecting cellular pathways related to growth, apoptosis, or DNA repair; however, such connections remain speculative at this time. Further investigation is needed to clarify the role of AMZ1 in oncogenesis and its biological implications in cancer biology.",0
C12ORF49,618,0.1666666666666666,0.0,0.0,0.6666666666666666,0.0,1.0,0.1666666666666666,0.0,1.0,0.0,2.0,2.5,1.0,1.0,0.0636334712058542,0.2389192281418728,228971.9,411.0,-0.001631874,2.728567835771992e-06,3.0,0.0,0.0,0.0,0.0,0.0,0.0,0.0,1.0,0.0,0.0,0.0,0.0,4.0,0.0,0.0,0.0,0.0,0.0,1.0,0.0,0.0,0.0,0.0,1.0,0.0,5.0,0.0,6.0,21.872,44.02892,16.269472669623337,1.6707571180981022,0.2638164016874681,0.0370683991865753,190.13201675643327,-0.2623792743604192,0.0349935889004216,187.6534410532616,0.2724842722630945,0.0397860230283488,377.6466786355476,3.570594654098838,0.0044307507292976,0.072091661701377,0.0116747778449454,20.060674391099585,2.322449260305919,"The relationship between the C12ORF49 gene and cancer is not well-established, but emerging studies suggest potential involvement in tumor biology. C12ORF49 is located on chromosome 12 and has been implicated in various cellular processes, including regulation of apoptosis and cell proliferation. Aberrations in genes like C12ORF49 can disrupt normal cellular signaling pathways, contributing to oncogenesis. For instance, altered expression of C12ORF49 may affect the balance between cell growth and death, leading to increased survival of malignant cells. Additionally, it may interact with other oncogenes or tumor suppressor genes, further influencing cancer progression. However, definitive evidence linking C12ORF49 directly to specific cancer types remains limited, warranting further research to elucidate its role in cancer biology.",0
IL1RAP,2064,0.0909090909090909,0.0454545454545454,0.0454545454545454,0.7727272727272727,0.0,1.0,0.0454545454545454,0.0,0.9311480997434252,0.0,5.666666666666667,6.666666666666667,0.4859086491739553,1.0,0.4597701149425287,0.8170246733520218,139315.9,398.0,0.0003077316,0.0002089604837631,16.0,0.0,0.0,0.0,0.0,0.0,0.0,0.0,1.0,0.0,0.0,0.0,1.0,18.0,1.0,0.0,0.0,0.0,0.0,3.0,1.0,0.0,0.0,0.0,1.0,0.0,24.0,0.0,22.0,22.75816667,64.68690641,22.87168728960149,2.334299328967654,0.3726835068493153,0.0818855190530528,364.0,-0.27873,0.0297991513648648,75.0,0.3566687045454546,0.0741700734217803,439.0,3.4804355564329086,0.0386506180597755,0.0420661923831896,0.0100903374443043,23.279655600669763,1.662172774060275,"Yes, there is a relationship between the IL1RAP gene and cancer. IL1RAP encodes the interleukin-1 receptor accessory protein, which plays a crucial role in modulating inflammatory responses and cytokine signaling. Dysregulation of IL1RAP has been implicated in various malignancies, where it may influence tumor microenvironments by promoting inflammation, immune evasion, and cell proliferation. For instance, high levels of IL1RAP expression can enhance the signaling pathways of pro-inflammatory cytokines like IL-1, leading to an immunosuppressive milieu that facilitates tumor growth and metastasis. Additionally, the interaction of IL1RAP with immune cells may affect their function, potentially allowing tumors to escape detection by the immune system. Thus, IL1RAP may contribute to both the initiation and progression of cancer through these mechanisms.",0
RFXAP,819,0.25,0.0833333333333333,0.0,0.4166666666666667,0.0,1.0,0.25,0.0,0.8140380362325801,0.0,1.25,2.25,0.2917152858809801,1.0,0.4125412541254125,0.7778131469501106,191525.2,731.0,-0.01501774,6.1129097126742e-07,7.0,0.0,0.0,0.0,0.0,0.0,0.0,3.0,0.0,0.0,0.0,0.0,0.0,5.0,1.0,0.0,0.0,0.0,0.0,3.0,0.0,0.0,3.0,0.0,0.0,0.0,9.0,0.0,12.0,19.01588889,89.40162561,20.7754708483022,1.2407788153811017,0.2967996022727272,0.0329590190884123,176.0,-0.280876270096463,0.0243528854008816,311.0,0.2866309034907596,0.0274603305736676,487.0,3.012652631122588,0.0171612892398577,0.038128408275736,0.0072087714942262,18.82755194343792,1.1718801989080831,"There is emerging evidence suggesting a potential relationship between the RFXAP gene and cancer, primarily through its role in immune responses and regulation of major histocompatibility complex (MHC) class II expression. RFXAP is part of the regulatory factor X (RFX) complex, which is crucial for MHC class II gene transcription. Dysregulation of MHC class II expression can lead to impaired antigen presentation, potentially allowing tumor cells to evade immune surveillance. Additionally, variations in the RFXAP gene may influence the tumor microenvironment and the immune landscape within tumors, potentially affecting cancer progression and patient outcomes. Further research is needed to clarify these associations and elucidate the underlying mechanisms involved.",0
COA6,378,1.0,0.0,0.0,0.0,0.0,1.0,0.0,0.0,1.0,0.0,0.0,0.0,1.0,1.0,1.0,1.0,247580.5,299.0,0.009583179,6.04043756534563e-08,2.0,0.0,0.0,1.0,0.0,0.0,0.0,0.0,0.0,0.0,0.0,0.0,0.0,1.0,0.0,0.0,0.0,0.0,0.0,1.0,0.0,0.0,0.0,0.0,0.0,0.0,3.0,0.0,3.0,7.298,4.824931,24.7621367691513,0.3205943870064721,0.2948711351351351,0.0328717862946429,370.0,-0.2443053999999999,0.0231148561314693,50.0,0.2888514047619048,0.0319211030240362,420.0,3.282713217728761,0.013999703207861,0.0519432067329321,0.0141063446550119,19.153419569466728,2.181880558092544,"The COA6 gene is involved in the assembly of mitochondrial cytochrome c oxidase, a crucial enzyme in cellular respiration. While direct links between COA6 and cancer are not extensively established, disruptions in mitochondrial function and energy metabolism are recognized hallmarks of cancer. Alterations in COA6 expression could potentially affect oxidative phosphorylation and reactive oxygen species (ROS) production, which may contribute to the oncogenic process by promoting genomic instability, altering cell signaling pathways, and enabling metabolic adaptations necessary for tumor growth and survival. Consequently, while data is limited, the role of COA6 in mitochondrial integrity may intersect with mechanisms commonly associated with cancer biology.",0
TSGA10,2097,0.1764705882352941,0.0588235294117647,0.0,0.6470588235294118,0.0,1.0,0.1176470588235294,0.0,0.9315714232285016,0.0,2.75,3.5,0.8936550491510277,1.0,0.3982477100756671,0.7649068419655309,504326.7,770.0,0.01866784,6.077393337007603e-05,48.0,0.0,0.0,3.0,0.0,0.0,0.0,1.0,1.0,0.0,0.0,0.0,2.0,11.0,1.0,0.0,0.0,0.0,0.0,2.0,1.0,0.0,1.0,0.0,1.0,0.0,20.0,0.0,16.0,20.918,55.56643789,23.00627055749712,1.9507545018639527,0.211952,0.0111473078084782,185.0,-0.2298752000000001,0.0267978897724081,50.0,0.2157654468085106,0.0144309650941371,235.0,3.0388116158404497,0.0359061378916471,0.0529304300163925,0.013470787354613,19.08775927337967,1.60604433012225,"The TSGA10 gene, which is expressed in testicular tissue, has been implicated in various cancers due to its overexpression patterns. Research suggests that TSGA10 may play a role in cellular proliferation and survival, potentially contributing to tumorigenesis when dysregulated. One proposed mechanism involves its potential interaction with signaling pathways related to cell cycle regulation and apoptosis, which may promote an environment conducive to cancer progression. Additionally, its expression in certain tumors could suggest a role in tumor immune evasion or the modulation of the tumor microenvironment, although specific pathways and interactions remain to be clearly elucidated. Overall, while there is a suggestion of a relationship between TSGA10 and cancer, detailed mechanisms require further investigation to establish a definitive link.",0
OR11H12,981,0.2222222222222222,0.1111111111111111,0.0,0.5555555555555556,0.0,1.0,0.1111111111111111,0.0,0.8667708519065936,0.0,2.0,2.8,0.1898253606681852,1.0,0.6540222367560498,0.9317291870156476,141957.2,747.0,-0.01091003,0.0,0.0,0.0,0.0,0.0,0.0,0.0,0.0,2.0,0.0,0.0,0.0,0.0,0.0,10.0,2.0,0.0,0.0,0.0,0.0,4.0,0.0,0.0,2.0,0.0,0.0,0.0,16.0,0.0,18.0,13.292375,107.0011908,21.88701420269522,1.8204614569819408,0.3979180500000002,0.1387641724167814,200.0,-0.3281071300448426,0.0733458594520866,223.0,0.361114657210402,0.1052386418268372,423.0,0.3747263840431012,0.4461257482334381,0.111514500398345,0.0145173604745375,20.060674391099585,2.322449260305919,"The relationship between the OR11H12 gene and cancer remains currently unknown. While some olfactory receptor genes have been implicated in various physiological processes and may play roles in cellular signaling, the specific mechanisms linking OR11H12 to cancer pathogenesis or tumor biology have not been extensively studied or established in the scientific literature. Further research is needed to elucidate any potential associations or functional roles that OR11H12 might have within the context of cancer.",0
PBX1,1293,0.4285714285714285,0.0714285714285714,0.0,0.5,0.0,1.0,0.0,0.0,1.0000000000000004,0.0,1.0,1.1428571428571428,0.7541478129713424,1.0,0.7267441860465116,0.9587069327842672,61566.58,624.0,-0.02418369,0.0002178498409322,33.0,2.0,0.0,0.0,0.0,0.0,0.0,0.0,0.0,0.0,0.0,0.0,2.0,7.0,1.0,0.0,0.0,0.0,0.0,6.0,0.0,0.0,0.0,0.0,0.0,0.0,18.0,0.0,18.0,18.0075,191.1609531,21.91864300216176,3.747393961215092,0.2806388664987405,0.0256612986560351,396.0,-0.1991878787878787,0.0089130007484848,33.0,0.2743879767441861,0.0248233550725868,429.0,3.5902282373738714,0.0234848902616368,0.111514500398345,0.0145173604745375,18.562959669849523,3.394533440712991,"Yes, there is a relationship between the PBX1 gene and cancer. PBX1 (Pre-B-cell leukemia homeobox 1) is a transcription factor that plays a crucial role in regulating gene expression during development and differentiation. Its aberrant expression or dysregulation has been implicated in several types of malignancies, including acute lymphoblastic leukemia and solid tumors such as breast cancer. Mechanistically, PBX1 can influence oncogenic pathways by interacting with various transcriptional co-factors and regulating target genes involved in cell proliferation, survival, and apoptosis. Additionally, PBX1 may participate in chromosomal rearrangements, contributing to oncogene activation or tumor suppressor gene silencing, thus promoting tumorigenesis. The interplay between PBX1 and other signaling pathways further underscores its potential role as a key player in cancer biology.",0
DPY19L4,2172,0.2142857142857142,0.0,0.0714285714285714,0.7142857142857143,0.0,1.0,0.0,0.0,0.9624786378518296,0.0,2.5,2.75,0.702247191011236,1.0,0.1691188905800778,0.469669087914543,449157.5,380.0,0.03199702,2.2826003589286208e-05,6.0,0.0,0.0,0.0,0.0,0.0,0.0,0.0,0.0,0.0,0.0,0.0,1.0,10.0,0.0,0.0,0.0,0.0,0.0,3.0,1.0,0.0,0.0,0.0,1.0,0.0,14.0,0.0,13.0,21.18707143,54.29144623,20.53970108541021,3.06217570162498,0.3395755847255369,0.0509169628625161,419.0,-0.2695369841269842,0.036240972737532,63.0,0.3304211618257261,0.0494779169861733,482.0,3.551817673576208,0.0039012750415931,0.0498759062777396,0.0080700127873618,20.060674391099585,2.322449260305919,"The relationship between the DPY19L4 gene and cancer is currently a subject of investigation, though specific mechanisms remain to be fully elucidated. DPY19L4 is implicated in the regulation of cellular processes such as protein glycosylation and intracellular transport, which are critical for maintaining cellular homeostasis and function. Abnormalities in these processes can lead to dysregulated cell signaling, altered cell adhesion, and enhanced proliferation—factors that contribute to tumorigenesis. Additionally, variations in DPY19L4 expression or mutations may influence the tumor microenvironment and immune responses, potentially affecting cancer progression and metastasis. However, definitive links between DPY19L4 and specific cancer types require further research to elucidate its role and potential contributions toward oncogenic pathways.",0
ZSCAN5C,1491,0.2105263157894736,0.0,0.0,0.7894736842105263,0.0,1.0,0.0,0.0,0.975220114382459,0.0,3.0,3.0,1.0,1.0,0.0354433968951584,0.1538179027664389,649122.9543319192,444.4009897808343,0.0198885680771551,0.0,0.0,0.0,0.0,0.0,0.0,0.0,0.0,0.0,0.0,0.0,0.0,0.0,0.0,15.0,0.0,0.0,0.0,0.0,0.0,4.0,0.0,0.0,0.0,0.0,0.0,0.0,19.0,0.0,19.0,9.744736842,61.05254943,21.88701420269522,1.8204614569819408,0.2638164016874681,0.0370683991865753,190.13201675643327,-0.2623792743604192,0.0349935889004216,187.6534410532616,0.2724842722630945,0.0397860230283488,377.6466786355476,0.2964613205712436,0.2654220761323857,0.111514500398345,0.0145173604745375,20.060674391099585,2.322449260305919,"The ZSCAN5C gene has been implicated in cancer through its role in the regulation of cellular proliferation and differentiation. Studies suggest that ZSCAN5C may function as a tumor suppressor, with its expression levels inversely correlated with tumorigenesis in several cancer types. Mechanistically, ZSCAN5C has been shown to interact with transcriptional regulatory networks, influencing the expression of genes involved in cell cycle progression and apoptosis. Its downregulation in cancer cells could lead to enhanced cellular proliferation and survival, contributing to tumor development. Additionally, ZSCAN5C may impact genomic stability, with mutations or aberrations in its expression potentially leading to increased susceptibility to genomic instability and oncogenic transformation.",0
TMEM263,351,0.0,0.0,0.0,0.3333333333333333,0.0,1.0,0.6666666666666666,0.0,0.5793801642856949,0.0,1.0,3.0,1.0,1.0,0.0494731113639736,0.1982054104667718,156111.7,473.0,0.02057976,0.0,1.0,0.0,0.0,0.0,0.0,0.0,0.0,1.0,0.0,0.0,0.0,0.0,1.0,1.0,0.0,0.0,0.0,0.0,0.0,0.0,0.0,0.0,1.0,0.0,0.0,0.0,2.0,0.0,3.0,16.6885,354.3920645,21.88701420269522,1.8204614569819408,0.2638164016874681,0.0370683991865753,190.13201675643327,-0.2623792743604192,0.0349935889004216,187.6534410532616,0.2724842722630945,0.0397860230283488,377.6466786355476,2.842285090327978,0.2097717354995392,0.111514500398345,0.0145173604745375,20.060674391099585,2.322449260305919,"The relationship between the TMEM263 gene and cancer is currently not well established, but emerging evidence suggests possible involvement in tumor biology. TMEM263 is implicated in cellular processes such as endoplasmic reticulum function and autophagy, both of which can influence cancer cell survival and proliferation. Alterations in the expression levels of TMEM263 have been observed in various cancer types, potentially affecting pathways related to apoptosis and cellular stress responses. Additionally, the interaction of TMEM263 with other cancer-related signaling pathways may contribute to a complex interplay that influences tumorigenesis and tumor progression, although further research is needed to clarify these associations and underlying mechanisms.",0
TUBB6,1341,0.6,0.0,0.0,0.4,0.0,1.0,0.0,0.0,1.0,0.0,0.5,0.5,1.0,1.0,0.7457121551081283,0.9645157377326932,492344.1,214.0,0.02642569,5.5407210573624e-05,53.0,5.0,0.0,0.0,0.0,0.0,0.0,0.0,0.0,0.0,0.0,0.0,7.0,2.0,0.0,0.0,0.0,0.0,0.0,3.0,0.0,0.0,0.0,0.0,0.0,0.0,17.0,0.0,15.0,19.41111765,119.2026362,26.308429251856044,0.2937643278475422,0.2580808133971293,0.0251583065248159,208.0,-0.2954372222222222,0.0263786905792247,216.0,0.2770666588235296,0.0260674009892818,424.0,3.55708926770366,0.0180811532412535,0.3806554026372218,0.053390753447923,16.960953993611504,3.026480404768289,"The TUBB6 gene, which encodes a beta-tubulin protein, has been implicated in cancer through its role in microtubule dynamics, which are crucial for cell division and stability. Aberrant expression or mutations in TUBB6 can disrupt normal microtubule function, potentially leading to altered mitotic spindle formation and chromosome segregation, thereby promoting aneuploidy and tumorigenesis. Additionally, changes in TUBB6 expression may influence the sensitivity of cancer cells to chemotherapeutic agents that target microtubules, further complicating the relationship between this gene and cancer development. Thus, TUBB6 may play a multifaceted role in cancer biology, affecting both cancer progression and treatment response.",0
MADD,4944,0.3888888888888889,0.0555555555555555,0.0555555555555555,0.4722222222222222,0.0,1.0,0.0277777777777777,0.0,0.9268760052362678,0.0,1.1333333333333333,1.4666666666666666,0.2519526329050138,1.0,0.968054211035818,0.9994842111689268,1231960.0,198.0,0.0414878,2.9867963391687565e-05,14.0,0.0,0.0,0.0,0.0,0.0,0.0,1.0,0.0,0.0,0.0,0.0,0.0,15.0,2.0,0.0,0.0,0.0,0.0,14.0,3.0,0.0,1.0,0.0,0.0,0.0,34.0,0.0,32.0,20.39091176,133.02448,23.017396652685573,0.8219130782404441,0.209035704225352,0.0159691149807062,141.0,-0.2590241333333333,0.0219857433868277,150.0,0.2347146917808218,0.0196213044545438,290.0,3.544659720452037,0.0045419960229169,0.0473344956124018,0.0091870044645526,23.58624282585926,0.8695890258875948,"The MADD gene, which encodes the protein MAP-kinase-activating death domain, has been implicated in several cellular processes, including apoptosis and MAPK signaling pathways. Dysregulation of these pathways can contribute to oncogenic processes. Specifically, MADD has been linked to the regulation of apoptosis, where its altered expression may promote cell survival in the context of oncogenesis. Furthermore, its involvement in the modulation of mitogen-activated protein kinase (MAPK) signaling can affect cellular proliferation and differentiation, processes that are frequently hijacked in cancer. Therefore, disruptions in MADD function may contribute to tumorigenesis by promoting survival signals and aberrant growth signaling in cancer cells.",0
OR51S1,972,0.25,0.05,0.0,0.7,0.0,1.0,0.0,0.0,1.0,0.0,2.333333333333333,2.5,0.6090133982947625,1.0,0.7824726134585289,0.9744102941747598,66542.54,987.0,-0.002709034,0.0,0.0,0.0,0.0,0.0,0.0,0.0,0.0,0.0,0.0,0.0,0.0,0.0,0.0,14.0,1.0,0.0,0.0,0.0,0.0,5.0,0.0,0.0,0.0,0.0,0.0,0.0,20.0,0.0,18.0,16.38855,75.08664226,21.88701420269522,1.8204614569819408,0.1878092741935483,0.0059041192214201,124.0,-0.2500845374449337,0.0163847112567541,227.0,0.2280841595441594,0.0135433126146487,351.0,0.1616106906703098,0.205843350395935,0.111514500398345,0.0145173604745375,20.060674391099585,2.322449260305919,"The OR51S1 gene, a member of the olfactory receptor gene family, has been implicated in various biological processes, including modulation of cellular signaling pathways that could influence cancer progression. Studies suggest that OR51S1 may have a role in tumor microenvironment interactions and could impact pathways related to cell proliferation and migration. Additionally, the expression of OR51S1 in certain cancer types may correlate with the activation of G protein-coupled receptor signaling, which can lead to changes in tumor cell behavior. Furthermore, its potential involvement in immune response modulation within tumors presents another intriguing avenue for understanding its relationship with cancer. However, the exact mechanisms and consequences of OR51S1 activity in cancer biology remain an area of ongoing investigation.",0
DSTYK,2790,0.2692307692307692,0.0384615384615384,0.0769230769230769,0.5384615384615384,0.0,1.0,0.0384615384615384,0.0384615384615384,0.9345396758297344,0.0,1.75,2.375,0.1216397031991242,1.0,1.0,1.0,715889.2,277.0,0.03876847,1.9520374033340016e-05,19.0,0.0,0.0,0.0,0.0,0.0,0.0,1.0,0.0,0.0,1.0,0.0,1.0,14.0,1.0,0.0,0.0,0.0,0.0,7.0,2.0,0.0,2.0,0.0,0.0,0.0,25.0,0.0,24.0,18.19608,116.922201,20.672126349157608,1.5783273740902697,0.2935884432717678,0.0357396967290516,379.0,-0.2205074285714286,0.0155149152373109,35.0,0.2874100966183575,0.0344025145326782,414.0,3.496141064330226,0.0085838665065744,0.0390121514970932,0.0048687443898561,19.683191177966805,2.849596889642161,"The DSTYK gene encodes a dual specificity protein kinase involved in various signaling pathways that regulate cell proliferation and apoptosis. Alterations in the expression or function of DSTYK have been implicated in cancer biology, potentially influencing tumorigenesis through mechanisms such as modulation of the cell cycle, apoptosis, and the response to external stress signals. Dysregulation may affect key signaling pathways, including those related to growth factors and hormonal signaling, thereby contributing to oncogenic transformation. Additionally, aberrant enzymatic activity of DSTYK could lead to altered phosphorylation states of target proteins, further affecting cellular processes pivotal in cancer progression. While the direct involvement of DSTYK in specific cancer types remains an area of ongoing research, its role in cellular signaling suggests a potential link to cancer outcomes.",0
HNRNPA0,918,0.2857142857142857,0.0,0.0,0.5714285714285714,0.0,1.0,0.0,0.1428571428571428,1.0,0.0,1.3333333333333333,1.6666666666666667,1.0,1.0,0.5205622071837585,0.8604091013984485,427109.5,409.0,0.0283387999999999,0.0001419910908719,94.0,0.0,0.0,0.0,0.0,0.0,0.0,0.0,0.0,0.0,1.0,0.0,0.0,4.0,0.0,0.0,0.0,0.0,0.0,2.0,0.0,0.0,1.0,0.0,0.0,0.0,6.0,0.0,7.0,20.21333333,35.66158667,28.06321268918544,0.4037670512609763,0.2668373563218389,0.0153398247640688,174.0,-0.2462324999999999,0.0154017586962766,236.0,0.254977,0.0154418710538141,410.0,3.617140422946507,0.0035720303504583,0.0517673433104052,0.0141075468909565,23.93379201899711,1.962210138377242,"The HNRNPA0 gene encodes a heterogeneous nuclear ribonucleoprotein that plays a critical role in pre-mRNA processing and regulation of gene expression. Alterations in the expression or function of HNRNPA0 have been implicated in several malignancies. Its involvement in cancer may be linked to its role in alternative splicing, which can lead to the production of oncogenic isoforms or the dysregulation of tumor suppressors. Additionally, HNRNPA0 may influence RNA stability and translation, thereby affecting cellular proliferation and apoptosis pathways. The gene's interaction with other RNA-binding proteins can also contribute to altered signaling cascades that promote tumorigenesis, indicating a potential mechanism by which HNRNPA0 may be relevant in cancer biology.",0
TMED2,606,0.0,0.0,0.0,1.0,0.0,1.0,0.0,0.0,1.0,0.0,3.0,3.0,1.0,1.0,0.0639140994503387,0.2396916332137855,987941.2,424.0,0.04739446,2.682671941478575e-05,28.0,0.0,0.0,0.0,0.0,0.0,0.0,0.0,0.0,0.0,0.0,0.0,0.0,3.0,0.0,0.0,0.0,0.0,0.0,0.0,0.0,0.0,0.0,0.0,0.0,0.0,3.0,0.0,3.0,25.46666667,2.203333333,27.33093957448585,0.4182405315836133,0.2236490780141843,0.0153759878198581,141.0,-0.2308506622516557,0.0177748653808918,151.0,0.2273731849315066,0.0165726791997869,292.0,3.8058161296336697,0.0041998056768374,0.0259003622988382,0.0045475259331978,20.060674391099585,2.322449260305919,"The TMED2 gene encodes a protein that is involved in the transport and sorting of proteins within the endoplasmic reticulum and the Golgi apparatus, playing a critical role in the trafficking of glycoproteins. Dysregulation of TMED2 expression can impact the cellular processes of protein folding and quality control, potentially leading to the accumulation of misfolded proteins and subsequent endoplasmic reticulum stress. This stress can activate various signaling pathways, including the unfolded protein response (UPR), which is linked to cellular survival and apoptosis. Consequently, alterations in TMED2 expression or function may contribute to oncogenic processes by promoting tumor cell survival under stress, influencing metastasis, or affecting immunogenic properties of cancer cells. Further studies are needed to elucidate the precise role of TMED2 in different cancer types and its potential implications in tumor biology.",0
CYP3A4,1512,0.1764705882352941,0.1176470588235294,0.0588235294117647,0.5882352941176471,0.0,1.0,0.0588235294117647,0.0,0.884870333120835,0.0,2.5,3.5,0.2133560913164071,1.0,0.5927682276229994,0.9027574413537828,1430454.0,438.0,0.04193401,1.8297422101895745e-05,13.0,0.0,0.0,0.0,0.0,0.0,0.0,1.0,0.0,0.0,0.0,0.0,0.0,10.0,2.0,0.0,0.0,0.0,0.0,3.0,2.0,0.0,1.0,0.0,0.0,0.0,16.0,1.0,18.0,16.152125,153.885648,18.422219046731,0.7710601245652852,0.3315160519480522,0.0491440165567681,385.0,-0.2395344086021505,0.0167211884662225,93.0,0.3136200418410042,0.0441161465366858,478.0,1.9150985942993388,0.537145523581578,0.111514500398345,0.0145173604745375,20.060674391099585,2.322449260305919,"The CYP3A4 gene encodes a major enzyme involved in the metabolism of various endogenous and exogenous compounds, including hormones and pharmaceuticals. Variations in CYP3A4 activity can influence the bioavailability of carcinogens and alter the metabolism of cancer-related drugs, potentially affecting cancer susceptibility and treatment outcomes. For instance, altered CYP3A4 expression or polymorphisms may lead to differences in the metabolic activation of pro-carcinogens or the detoxification of carcinogenic agents. Additionally, CYP3A4 can participate in steroid hormone metabolism, which may impact hormone-driven cancers. Thus, dysregulation of CYP3A4 may contribute to carcinogenesis through both pharmacologic and hormonal pathways.",0
THAP1,642,0.3333333333333333,0.0,0.0,0.6666666666666666,0.0,1.0,0.0,0.0,1.0,0.0,1.3333333333333333,1.3333333333333333,1.0,1.0,0.2591344908007256,0.6090718016469248,594392.7,454.0,0.03393152,0.0001312812584327,64.0,0.0,0.0,0.0,0.0,0.0,0.0,0.0,0.0,0.0,0.0,0.0,0.0,4.0,0.0,0.0,0.0,0.0,0.0,2.0,0.0,0.0,0.0,0.0,0.0,0.0,6.0,0.0,5.0,18.816,75.650554,17.057368530183524,1.7875518149104512,0.3218675655430714,0.0654386060944271,267.0,-0.300686205128205,0.0347210093040814,195.0,0.3129273809523811,0.0524796215916072,462.0,3.203743984500542,0.0067080478653055,0.0726684734657059,0.0089105523565926,20.060674391099585,2.322449260305919,"The THAP1 gene has been implicated in various cellular processes, including cell proliferation and apoptosis, which are crucial in cancer development. Alterations or mutations in THAP1 can lead to dysregulation of these processes, potentially contributing to tumorigenesis. Its association with certain types of cancer, particularly through mechanisms such as disruptions in transcriptional regulation and interactions with other oncogenic pathways, further underscores its potential relevance in cancer biology. Additionally, THAP1 may influence gene expression patterns that are pivotal in maintaining cellular homeostasis, and aberrations can result in the development or progression of malignant phenotypes. However, the full extent of its role in cancer remains an area of active research.",0
ZNF233,2013,0.5,0.0,0.0,0.5,0.0,1.0,0.0,0.0,1.0,0.0,0.5,0.5,1.0,1.0,0.9199632014719412,0.9967080111675,618476.7,671.0,-0.03051356,0.0,1.0,13.0,0.0,0.0,0.0,0.0,0.0,0.0,0.0,0.0,0.0,0.0,1.0,1.0,0.0,0.0,0.0,0.0,0.0,1.0,0.0,0.0,0.0,0.0,0.0,0.0,16.0,0.0,14.0,11.9726875,85.4746505,21.88701420269522,1.8204614569819408,0.2585078723404256,0.0260866314446467,188.0,-0.2592535220125785,0.0244093371875169,159.0,0.2588495389048991,0.0252454429229081,347.0,2.977877313609288,0.0348533672894738,0.2918335151018826,0.0460428093197258,20.060674391099585,2.322449260305919,"The ZNF233 gene encodes a zinc finger protein that has been implicated in various cellular processes, including transcriptional regulation and nucleotide binding. Emerging studies suggest a relationship between ZNF233 and cancer, particularly through mechanisms involving the modulation of gene expression related to cellular proliferation, differentiation, and apoptosis. Dysregulation of ZNF233 may contribute to oncogenic pathways by altering the expression of target genes that promote tumorigenesis or by interfering with normal signaling cascades that maintain cellular homeostasis. Additionally, ZNF233's role in chromatin remodeling may influence genomic stability, further linking it to the progression of cancer. However, more research is needed to fully understand its precise role and the context-dependent effects it may have across different cancer types.",0
HIC2,1848,0.35,0.0,0.0,0.65,0.0,1.0,0.0,0.0,1.0,0.0,1.625,1.625,1.0,1.0,0.5512679162072768,0.8795668972948979,649122.9543319192,444.4009897808343,0.0198885680771551,4.129422862210101e-06,7.0,0.0,0.0,0.0,0.0,0.0,0.0,0.0,0.0,0.0,0.0,0.0,0.0,13.0,0.0,0.0,0.0,0.0,0.0,7.0,0.0,0.0,0.0,0.0,0.0,0.0,20.0,0.0,15.0,17.0881,75.90604367,11.727568043110116,0.2179157792854648,0.27135025477707,0.0452748725319859,157.0,-0.2730604897959183,0.021532354889923,245.0,0.2723925621890549,0.0307158468201021,402.0,3.1636513739596355,0.0163356209810864,0.0,0.0,17.599315491332845,1.6798863667637234,"Yes, there is a relationship between the HIC2 gene and cancer. HIC2 (Hypermethylated in Cancer 2) functions as a transcriptional repressor and is involved in the regulation of several cellular processes, including cell proliferation and apoptosis. Dysregulation of HIC2 can lead to altered expression of genes involved in these pathways, contributing to tumorigenesis. Specifically, HIC2 has been implicated in the epigenetic silencing of tumor-suppressor genes, and its downregulation is often associated with various cancers, suggesting that loss of HIC2 expression may enhance malignancy through the promotion of unchecked cell division and survival. Additionally, HIC2 may interact with other signaling pathways, further modulating cellular responses relevant to cancer development and progression.",0
ALDH1L1,2739,0.2758620689655172,0.0,0.0344827586206896,0.6551724137931034,0.0,1.0,0.0344827586206896,0.0,0.9858036667268664,0.0,2.111111111111111,2.333333333333333,0.7358351729212657,1.0,0.2975304968759298,0.6582084346155813,203026.5,610.0,0.02967166,0.0,0.0,0.0,0.0,0.0,0.0,0.0,0.0,1.0,0.0,0.0,0.0,0.0,20.0,17.0,0.0,0.0,0.0,0.0,0.0,8.0,2.0,0.0,3.0,0.0,1.0,0.0,44.0,0.0,42.0,13.20313636,94.83544235,23.90584346761127,3.652245542908191,0.2686438851351351,0.0268952584462105,296.0,-0.2465994000000001,0.0173079994804444,100.0,0.2630770959595958,0.0245162466393932,396.0,2.93221595940572,0.3218641105570184,0.1497089608850656,0.0175804762701594,20.76346649143656,5.419387004833671,"The ALDH1L1 gene encodes an enzyme involved in folate metabolism, specifically in the conversion of 10-formyltetrahydrofolate to tetrahydrofolate. Alterations in folate metabolism have been implicated in carcinogenesis, as folate is crucial for DNA synthesis and repair. Dysregulation of ALDH1L1 may lead to imbalances in nucleotide synthesis, promoting genomic instability. Additionally, emerging evidence suggests that aberrant expression of ALDH1L1 may influence tumor microenvironments and cellular proliferation, potentially contributing to tumorigenesis in various cancers. Although the exact mechanisms linking ALDH1L1 to cancer progression remain to be fully elucidated, its role in metabolic pathways highlights its potential significance in cancer biology.",0
ANXA9,1038,0.2857142857142857,0.0,0.0714285714285714,0.6428571428571429,0.0,1.0,0.0,0.0,0.9624786378518296,0.0,1.8,2.0,0.7107320540156361,1.0,0.4065040650406504,0.7724233129854762,1621279.0,172.0,0.03036572,3.4993985973177528e-06,4.0,0.0,0.0,0.0,0.0,0.0,0.0,0.0,0.0,0.0,0.0,0.0,0.0,8.0,0.0,0.0,0.0,0.0,0.0,3.0,3.0,0.0,0.0,0.0,0.0,0.0,14.0,0.0,13.0,18.02878571,78.33233234,22.664580611648503,1.772895663402799,0.3163195641025643,0.0439640295188326,390.0,-0.1738643902439024,0.0061903014952439,41.0,0.3027681438515081,0.0420988437546862,431.0,2.9465124155282343,0.074583002448466,0.111514500398345,0.0145173604745375,13.33104131737611,1.6255959610132948,"Yes, there is evidence suggesting a relationship between the ANXA9 gene and cancer. ANXA9, which encodes Annexin A9, is implicated in various cellular processes, including apoptosis, cell proliferation, and migration. Dysregulation of ANXA9 expression has been observed in several cancer types, potentially contributing to tumor progression and metastasis. The overexpression of ANXA9 may facilitate cancer cell survival by inhibiting apoptotic pathways, while also promoting angiogenesis and extracellular matrix remodeling. Moreover, ANXA9's interaction with other signaling molecules could influence pathways such as PI3K/AKT and MAPK, further impacting tumorigenesis. Overall, ANXA9 appears to play a multifaceted role in cancer biology, making it a gene of interest in understanding tumor dynamics.",0
TMEM256,342,0.3333333333333333,0.0,0.0,0.6666666666666666,0.0,1.0,0.0,0.0,1.0,0.0,1.0,1.0,1.0,1.0,0.4805382027871216,0.8326999266753952,1906324.0,206.0,0.03311038,1.920776108143173e-06,6.0,0.0,0.0,0.0,0.0,0.0,0.0,0.0,0.0,0.0,0.0,0.0,0.0,2.0,0.0,0.0,0.0,0.0,0.0,1.0,0.0,0.0,0.0,0.0,0.0,0.0,3.0,0.0,3.0,18.37333333,76.03563333,21.88701420269522,1.8204614569819408,0.2425296385542168,0.0206516054693799,83.0,-0.27566279342723,0.0196306132799431,426.0,0.2702599410609038,0.0199068938234217,509.0,3.24622830412287,0.0139820551427248,0.0491678932272627,0.012123866578662,20.060674391099585,2.322449260305919,"The relationship between the TMEM256 gene and cancer is currently not well established; however, some studies suggest it may play a role in cellular stress response and apoptosis, which are critical processes in cancer biology. TMEM256 is thought to be involved in endoplasmic reticulum (ER) function and may contribute to the regulation of protein folding and cellular homeostasis. Dysregulation of ER stress responses is implicated in various cancers, potentially influencing tumor progression, survival, and resistance to therapy. Additionally, alterations in TMEM256 expression could affect pathways associated with immune response and inflammation, known factors in the tumor microenvironment, possibly impacting cancer development and metastasis. Further research is needed to clarify the precise mechanisms and their relevance in specific cancer types.",0
RAB20,705,0.25,0.0,0.0,0.75,0.0,1.0,0.0,0.0,1.0,0.0,1.5,1.5,1.0,1.0,0.1540832049306625,0.4422592497251152,495660.3,278.0,0.0393709999999999,0.0,1.0,0.0,0.0,0.0,0.0,0.0,0.0,0.0,0.0,0.0,0.0,0.0,0.0,3.0,0.0,0.0,0.0,0.0,0.0,1.0,0.0,0.0,0.0,0.0,0.0,0.0,4.0,0.0,4.0,18.71975,158.4366936,21.49134812489208,0.7656190794789315,0.3385769506726458,0.0668456533537227,223.0,-0.3002713278008298,0.0327603004590629,241.0,0.3186811422413792,0.0493999140654311,464.0,3.343177840025376,0.017768524361893,0.0423573307414843,0.0076663867624361,17.089208615017448,1.2605573529391574,"Yes, there is emerging evidence suggesting a relationship between the RAB20 gene and cancer. RAB20 is a member of the RAS (RAB) family of small GTPases, which are involved in regulating intracellular transport and membrane dynamics. Alterations in RAB protein expression and function can impact various cellular processes, including proliferation, apoptosis, and autophagy—all of which are critical in tumor biology. In particular, RAB20 has been implicated in endocytic trafficking and the regulation of growth factor signaling pathways. Dysregulation of these processes can promote cancer cell proliferation and metastasis. Additionally, RAB20 may play a role in the modulation of the immune response within the tumor microenvironment, potentially influencing cancer progression and response to therapies. Further research is needed to elucidate the specific mechanisms by which RAB20 contributes to oncogenesis and tumor dynamics.",0
NKX6-2,834,0.375,0.0,0.0,0.5,0.0,1.0,0.125,0.0,1.0,0.0,1.0,1.25,1.0,1.0,0.3695491500369549,0.7374248077415361,278505.5,581.0,-0.01182117,0.0,0.0,0.0,0.0,0.0,0.0,0.0,0.0,1.0,0.0,0.0,0.0,0.0,0.0,4.0,0.0,0.0,0.0,0.0,0.0,3.0,0.0,0.0,1.0,0.0,0.0,0.0,7.0,0.0,8.0,17.75085714,55.36635181,21.88701420269522,1.8204614569819408,0.2638164016874681,0.0370683991865753,190.13201675643327,-0.2623792743604192,0.0349935889004216,187.6534410532616,0.2724842722630945,0.0397860230283488,377.6466786355476,1.378809093103811,0.8207699183448978,0.2597937831857118,0.0409305896952032,20.060674391099585,2.322449260305919,"The NKX6-2 gene, a member of the NKX family of homeobox genes, plays a role in developmental processes and tissue differentiation. There is emerging evidence suggesting a potential relationship between NKX6-2 and cancer, particularly in the context of dysregulated gene expression and altered cellular pathways. For instance, aberrations in homeobox genes like NKX6-2 may contribute to tumorigenesis by disrupting normal cell identity and differentiation, leading to the activation of oncogenic pathways or the repression of tumor suppressor functions. Additionally, NKX6-2's involvement in transcriptional regulation may affect downstream targets that are critical for cell cycle control, apoptosis, and signaling pathways related to cancer progression. However, more studies are needed to clarify its specific roles and mechanisms in various cancer types.",0
SLC3A2,1896,0.1363636363636363,0.0454545454545454,0.0,0.3181818181818182,0.0,1.0,0.5,0.0,0.5615059813609192,0.0,1.75,4.75,0.6697923643670463,1.0,0.8920606601248885,0.9939528493220544,2342595.0,181.0,0.07051182,0.0003600377881888,40.0,0.0,0.0,0.0,0.0,0.0,0.0,10.0,1.0,0.0,0.0,0.0,0.0,6.0,1.0,0.0,0.0,0.0,0.0,3.0,0.0,0.0,10.0,0.0,1.0,0.0,10.0,0.0,21.0,10.4237,79.88237246,26.177147361755107,0.9447846463728404,0.2055966197183098,0.0116268202140245,142.0,-0.2553374603174603,0.0224608315086984,126.0,0.2289822388059701,0.0172740182721225,268.0,3.68141695329185,0.0052966575561351,0.0516709720732947,0.0130483612748509,19.2870124596881,5.438042047282225,"The SLC3A2 gene, which encodes a protein involved in amino acid transport, has been implicated in various cancer types through its role in cellular metabolism and nutrient uptake. Dysregulation of SLC3A2 expression can lead to altered amino acid availability, influencing tumor growth and proliferation. Additionally, SLC3A2 may contribute to the tumor microenvironment by affecting the metabolic demands of cancer cells, thereby facilitating their adaptation to hypoxic conditions. Furthermore, interactions between SLC3A2 and other signaling pathways related to cell survival and proliferation suggest a complex involvement in oncogenesis. Overall, while the precise mechanisms linking SLC3A2 to cancer progression require further investigation, its role in nutrient transport and metabolic regulation positions it as a potential player in cancer biology.",0
CYP4X1,1530,0.0625,0.125,0.0,0.75,0.1875,0.8894714728255649,0.0625,0.0,0.8514097655573916,0.0,6.0,7.5,0.3454231433506045,0.0158594220826593,0.6425444856789418,0.0569266526114904,388889.3,479.0,0.003634433,0.0,1.0,0.0,0.0,0.0,0.0,0.0,0.0,1.0,0.0,0.0,0.0,0.0,0.0,11.0,2.0,0.0,0.0,0.0,0.0,1.0,1.0,0.0,1.0,0.0,0.0,0.0,15.0,0.0,14.0,17.99333333,73.25882438,22.089284662734936,2.5585546063128146,0.2469573387096773,0.0294422651416404,124.0,-0.2309881502890174,0.0137781050384191,173.0,0.2376554208754205,0.0203028788674742,297.0,2.9918840859872224,0.1685749429517403,0.1450040920756391,0.0236631263939369,19.360478053136045,2.464571792051561,"The relationship between the CYP4X1 gene and cancer is currently under investigation, but emerging evidence suggests that CYP4X1 may play a role in tumor biology. CYP4X1 encodes an enzyme involved in the metabolism of fatty acids and xenobiotics, which may influence inflammation and oxidative stress—both of which are important factors in cancer development and progression. Additionally, altered expression of CYP450 enzymes, including CYP4X1, has been associated with the modulation of various signaling pathways that can affect cell proliferation, apoptosis, and angiogenesis in cancer cells. Therefore, dysregulation of CYP4X1 could potentially contribute to tumorigenesis and the metastatic process by altering metabolic profiles and signaling cascades. However, more research is needed to clarify the specific mechanisms and implications of CYP4X1 in cancer.",0
TCF4,2322,0.3333333333333333,0.0,0.0,0.5714285714285714,0.0,1.0,0.0952380952380952,0.0,0.9783171191717186,0.0,1.5,1.75,1.0,1.0,0.9823182711198428,0.9998427486525844,92113.77,936.0,0.01197469,0.002036804483466,180.0,0.0,0.0,0.0,0.0,0.0,0.0,2.0,0.0,0.0,0.0,0.0,4.0,12.0,0.0,0.0,0.0,0.0,0.0,7.0,0.0,0.0,2.0,0.0,0.0,0.0,23.0,0.0,21.0,15.8843913,111.6899445,21.74690973994393,0.7571019381032295,0.2619908256880734,0.0285755079909786,107.0,-0.2755631829573934,0.0214544163368282,399.0,0.2726510039370077,0.0229601244449467,506.0,3.686588011889448,0.0137707336520174,0.1051063965062407,0.0148842741772108,23.59580008350488,0.896241913446791,"Yes, there is a relationship between the TCF4 gene and cancer. TCF4, a transcription factor involved in the Wnt signaling pathway, has been implicated in various malignancies, including colorectal cancer and neuroblastoma. Its dysregulation can lead to aberrant cellular proliferation and differentiation. Mechanistically, TCF4 can act by promoting the expression of target genes that drive the epithelial-mesenchymal transition (EMT), a process associated with increased metastatic potential. Additionally, TCF4 may influence cancer stem cell properties, contributing to tumor heterogeneity and resistance to conventional therapies. Therefore, alterations in TCF4 expression or activity can have significant implications for tumorigenesis and cancer progression.",0
RNF208,786,0.5,0.0,0.0,0.25,0.0,1.0,0.25,0.0,1.0,0.0,0.3333333333333333,0.6666666666666666,1.0,1.0,0.51440329218107,0.8563517006369585,1724821.0,399.0,0.04273411,5.128325258261642e-07,4.0,0.0,0.0,0.0,0.0,0.0,0.0,1.0,0.0,0.0,0.0,0.0,0.0,2.0,0.0,0.0,0.0,0.0,0.0,2.0,0.0,0.0,1.0,1.0,0.0,0.0,3.0,0.0,5.0,15.99666667,73.32203333,21.88701420269522,1.8204614569819408,0.2638164016874681,0.0370683991865753,190.13201675643327,-0.2623792743604192,0.0349935889004216,187.6534410532616,0.2724842722630945,0.0397860230283488,377.6466786355476,2.5097960621327,0.1365108590230172,0.3433143165105031,0.0124092928541714,19.68673682284849,3.992317864210705,"Yes, there is a relationship between the RNF208 gene and cancer. RNF208 encodes a protein that functions as an E3 ubiquitin ligase, which plays a role in protein degradation and cellular signaling pathways. Dysregulation of RNF208 can lead to altered ubiquitination patterns, affecting the stability and function of various oncoproteins and tumor suppressors. This can contribute to processes such as cell proliferation, survival, and metastatic potential. For instance, RNF208 has been implicated in the modulation of the EGFR signaling pathway, and its overexpression has been associated with increased tumor growth in certain cancers, highlighting its potential role in oncogenesis. Additionally, RNF208's involvement in the regulation of immune responses may impact tumor immune evasion, further linking it to cancer progression.",0
PADI3,1995,0.2352941176470588,0.0,0.1176470588235294,0.5882352941176471,0.0,1.0,0.0588235294117647,0.0,0.9315714232285016,0.0,2.0,2.6,0.1778093883357041,1.0,0.7513148009015778,0.9661386471923176,490966.9,168.0,0.03792016,8.270622459639558e-07,8.0,0.0,0.0,1.0,0.0,0.0,0.0,1.0,0.0,0.0,0.0,0.0,0.0,10.0,0.0,0.0,0.0,0.0,0.0,4.0,2.0,0.0,1.0,0.0,0.0,0.0,17.0,0.0,16.0,18.15211765,89.94679886,21.747702705728045,4.555850754965312,0.251368387096774,0.1356174484419355,93.0,-0.2626263358778625,0.0247864446447603,261.0,0.2596770704225353,0.0535445378840486,354.0,1.847089030260897,1.3246062328831794,0.111514500398345,0.0145173604745375,20.060674391099585,2.322449260305919,"The PADI3 gene, encoding an enzyme involved in the citrullination of proteins, has emerged as a candidate of interest in cancer research due to its potential role in modulating immune responses and cellular processes associated with malignancy. Citrullination, a post-translational modification, can affect protein function, stability, and interactions, thereby influencing pathways related to inflammation, apoptosis, and cell proliferation. Aberrant expression or activity of PADI3 might contribute to tumorigenesis by altering the tumor microenvironment, promoting immune evasion, or facilitating metastasis. Additionally, changes in PADI3 expression have been observed in certain cancer types, suggesting a possible link between its activity and cancer progression. However, the precise mechanisms and the significance of PADI3 in cancer biology are still being elucidated, warranting further investigation for a clearer understanding of its role.",0
MXD3,621,0.2857142857142857,0.0,0.0,0.2857142857142857,0.0,1.0,0.2857142857142857,0.1428571428571428,0.8982265179691364,0.0,0.6666666666666666,1.6666666666666667,1.0,1.0,0.2547121752419766,0.6030619194738334,942016.6,227.0,0.0534099,3.688759365023413e-06,7.0,0.0,0.0,0.0,0.0,0.0,0.0,1.0,1.0,0.0,1.0,0.0,0.0,2.0,0.0,0.0,0.0,0.0,0.0,2.0,0.0,0.0,2.0,0.0,1.0,0.0,4.0,0.0,7.0,14.71075,135.1507916,19.01776565717892,0.0772893482191534,0.2827962616822429,0.0193162326939405,214.0,-0.2446379047619047,0.0148229063094645,210.0,0.263897075471698,0.0174153040840982,424.0,3.134385200322257,0.012612595875932,0.0891625711858033,0.0124323463186037,20.060674391099585,2.322449260305919,"The MXD3 gene has been implicated in cancer studies, particularly regarding its role in the regulation of cellular growth and apoptosis. As a member of the Max dimerization protein family, MXD3 acts as a transcriptional repressor that can inhibit the activity of MYC, a well-known oncogene. Dysregulation of MYC and its regulatory pathways is often associated with various cancers. Therefore, alterations in MXD3 expression or function may contribute to the oncogenic processes by affecting cell cycle progression and promoting a proliferative phenotype. Additionally, MXD3 has been shown to influence signaling pathways and interactions with other proteins involved in tumorigenesis, suggesting that its modulation could have relevant implications in the development and progression of certain malignancies. Further research is needed to elucidate the precise mechanisms and the extent of its involvement in cancer biology.",0
ABCB10,2217,0.25,0.0,0.0,0.6875,0.0,1.0,0.0625,0.0,1.0,0.0,2.2,2.4,1.0,1.0,0.0239894446443564,0.1134734641204888,255826.4,277.0,0.02002447,2.798207415238828e-05,12.0,0.0,0.0,0.0,0.0,0.0,0.0,1.0,0.0,0.0,0.0,0.0,0.0,11.0,0.0,0.0,0.0,0.0,0.0,4.0,0.0,0.0,1.0,0.0,0.0,0.0,15.0,0.0,16.0,18.9972,118.6451205,22.421936624154743,0.3917449356336452,0.288898981233244,0.0273991113290668,373.0,-0.2464358695652174,0.026578856229227,46.0,0.2842371599045346,0.027421902688326,419.0,3.411206968007964,0.0040551915864559,0.0519541804688752,0.0068841371553583,17.057720429296346,0.9781465578890532,"The ABCB10 gene encodes a member of the ATP-binding cassette (ABC) transporter family, which plays a critical role in transporting various molecules across cellular membranes. There is emerging evidence suggesting a potential relationship between ABCB10 and cancer, primarily through its involvement in mitochondrial function and the regulation of oxidative stress. Dysregulation of ABCB10 may affect the cellular response to reactive oxygen species, contributing to the survival and proliferation of cancer cells. Additionally, studies have indicated that ABCB10 may influence drug resistance mechanisms by modulating the intracellular levels of chemotherapeutic agents, thereby impacting tumorigenesis and treatment outcomes. However, the precise role of ABCB10 in specific cancer types and the underlying mechanisms remain an area of ongoing research.",0
SELL,1158,0.1111111111111111,0.2222222222222222,0.0,0.6666666666666666,0.0,1.0,0.0,0.0,0.9298966940476158,0.0,3.0,4.0,0.303951367781155,1.0,0.1979805979014056,0.518627250739639,293592.1,597.0,0.01285582,4.488354993343001e-05,13.0,0.0,0.0,0.0,0.0,0.0,0.0,0.0,0.0,0.0,0.0,0.0,0.0,6.0,2.0,0.0,0.0,0.0,0.0,1.0,0.0,0.0,0.0,0.0,0.0,0.0,9.0,0.0,9.0,25.14244444,94.30738378,22.811625754636744,0.7872086439527228,0.2791880352644836,0.025561140906231,397.0,-0.2360959459459459,0.0200293482803303,37.0,0.2755142857142858,0.025187337703992,434.0,3.224975867770909,0.0441217130583928,0.111514500398345,0.0145173604745375,20.060674391099585,2.322449260305919,"The SELL gene, which encodes the E-selectin ligand, has been implicated in various aspects of cancer biology, particularly in tumor metastasis and immune response. E-selectin, a cell adhesion molecule, plays a crucial role in the trafficking of leukocytes to sites of inflammation and tumor microenvironments. The expression of SELL may facilitate the adhesion of cancer cells to endothelial cells, promoting intravasation and subsequent metastatic spread. Additionally, the interaction between SELL and E-selectin can modulate the immune landscape of tumors, influencing not only the tumor's ability to evade immune surveillance but also its overall aggressiveness. Therefore, the regulation of SELL and its associated pathways may impact tumor progression and metastatic potential in various cancer types.",0
VSNL1,576,0.2,0.0,0.0,0.8,0.0,1.0,0.0,0.0,0.8277293767706428,0.0,2.0,2.0,1.0,1.0,0.3176620076238882,0.6819464201255263,135360.7,1255.0,-0.00201102,5.100655639513891e-06,11.0,0.0,0.0,0.0,0.0,0.0,0.0,0.0,0.0,0.0,0.0,0.0,0.0,4.0,0.0,0.0,0.0,0.0,0.0,1.0,0.0,0.0,0.0,0.0,0.0,0.0,5.0,0.0,5.0,20.1252,48.7969552,23.74089730506356,4.838195651971139,0.241026621004566,0.0197471140894474,218.0,-0.2277233802816901,0.0182173903112676,71.0,0.2377696206896548,0.019341097472866,288.0,2.895784337504957,0.3812842242522908,0.1042493806777639,0.0138056506779921,19.38957509989857,6.833379241775107,"The VSNL1 gene (Vesicle-Associated Membrane Protein, Associated Protein A) has been implicated in various cellular processes that could relate to cancer development and progression. Although direct associations are still under investigation, some studies suggest that VSNL1 may influence cell adhesion, migration, and signaling pathways relevant to tumorigenesis. For instance, its role in vesicular transport could impact the secretion of factors involved in the tumor microenvironment, potentially facilitating metastasis. Additionally, aberrations in cellular signaling pathways, such as those governing apoptosis and cell proliferation, may be modulated by VSNL1, linking it to oncogenic processes. However, the precise mechanisms through which VSNL1 may contribute to cancer remain to be fully elucidated and warrant further investigation.",0
HNRNPH3,1041,0.2,0.0,0.0,0.6,0.0,1.0,0.0,0.2,1.0,0.0,1.5,2.0,1.0,1.0,0.3885003885003885,0.7558123967264705,615189.0,250.0,0.01963968,8.964571314645313e-05,85.0,0.0,0.0,0.0,0.0,0.0,0.0,0.0,0.0,0.0,1.0,0.0,0.0,3.0,0.0,0.0,0.0,0.0,0.0,1.0,0.0,0.0,1.0,0.0,0.0,0.0,4.0,0.0,5.0,22.16825,95.14056558,27.711257830323103,1.0467209902139354,0.2269479130434782,0.0160987376271853,115.0,-0.3269941025641024,0.0470080281441365,273.0,0.2973412371134021,0.0398742555204293,388.0,3.5613397423533235,0.0108092427092221,0.0908167908311182,0.0099787085790744,22.14011654399953,0.8813876966104008,"Yes, there is a relationship between the HNRNPH3 gene and cancer. HNRNPH3 encodes a protein that is involved in pre-mRNA splicing and has been implicated in the regulation of gene expression and RNA processing. Alterations in the expression or function of HNRNPH3 can lead to dysregulated splicing of oncogenes and tumor suppressor genes, contributing to malignant transformation and tumor progression. Additionally, aberrant expression of HNRNPH3 has been observed in various cancers, indicating its potential role in tumorigenesis, possibly through mechanisms such as influencing the cellular stress response, modulating the splicing of critical genes associated with proliferation and apoptosis, and impacting cell cycle regulation. These functions suggest that HNRNPH3 may play a significant role in the cancer biology landscape by affecting cellular pathways that promote oncogenic processes.",0
ASCL1,711,0.2,0.0,0.0,0.8,0.0,1.0,0.0,0.0,0.9317445267173824,0.0,3.0,3.0,1.0,1.0,0.0101619819929679,0.0567963516229602,21203.38,964.0,0.002756085,1.8062547017256965e-07,5.0,0.0,0.0,0.0,0.0,0.0,0.0,0.0,0.0,0.0,0.0,0.0,0.0,12.0,0.0,0.0,0.0,0.0,0.0,3.0,0.0,0.0,0.0,0.0,0.0,0.0,15.0,0.0,13.0,26.796,79.59216857,18.304632762156604,0.5175645553555359,0.2158635294117648,0.0115247278852287,136.0,-0.2296408219178082,0.0193355821772508,146.0,0.2229964539007091,0.0155617890564195,282.0,1.3849238584202137,1.304713386626752,0.1507523470306327,0.0312250802528744,18.90566296298789,3.05649520893291,"Yes, there is a relationship between the ASCL1 gene and cancer. ASCL1 (Achaete-Scute Family BHLH Transcription Factor 1) is a transcription factor that plays a crucial role in the regulation of neurogenesis and is involved in the development of neural and neuroendocrine tumors. Studies have shown that ASCL1 can influence cellular differentiation, cell cycle regulation, and apoptosis, which are critical processes in cancer development. Its expression has been associated with neuroblastoma and small cell lung cancers, where it may contribute to tumor growth and metastasis by promoting a neuroendocrine phenotype and maintaining stem cell-like properties. Additionally, ASCL1 can interact with various signaling pathways, such as the Notch and Wnt pathways, further influencing tumor progression and response to therapies.",0
CST4,426,0.0,0.0,0.0,0.6666666666666666,0.0,1.0,0.3333333333333333,0.0,0.8710490642551527,0.0,4.0,6.0,1.0,1.0,0.0635687496026953,0.2387409120742717,189027.8,819.0,-0.02080122,2.8821051849919795e-05,14.0,0.0,0.0,0.0,0.0,0.0,0.0,0.0,2.0,0.0,0.0,0.0,0.0,4.0,0.0,0.0,0.0,0.0,0.0,0.0,0.0,0.0,0.0,0.0,2.0,0.0,4.0,0.0,5.0,7.97525,68.79298358,18.24048806211876,2.1418521649056825,0.3130703363914373,0.042028668054181,327.0,-0.2581114772727272,0.0331012443598615,88.0,0.3014164096385543,0.040556988252537,415.0,1.0225800252204331,1.1351652016231648,0.111514500398345,0.0145173604745375,20.060674391099585,2.322449260305919,"The CST4 gene, which encodes cystatin D, has been implicated in various cancer types through its role in regulating protease activity and modulating the tumor microenvironment. Dysregulation of cystatin D has been associated with alterations in extracellular matrix remodeling, which can influence tumor invasion and metastasis. Additionally, cystatin D may affect immune cell infiltration and function within tumors, potentially impacting tumor growth and response to therapy. The gene's expression levels and functional alterations in cancer cells suggest that it may play a role in cancer progression and metastasis, although the specific mechanisms and pathways involved are still under investigation.",0
CCDC68,1008,0.0,0.0,0.0,1.0,0.0,1.0,0.0,0.0,1.0,0.0,5.0,5.0,1.0,1.0,0.3738317757009345,0.7416633197562505,89155.12,373.0,-0.004966204,2.6400683334450003e-06,12.0,0.0,0.0,0.0,0.0,0.0,0.0,0.0,0.0,0.0,0.0,0.0,0.0,5.0,0.0,0.0,0.0,0.0,0.0,0.0,0.0,0.0,0.0,0.0,0.0,0.0,5.0,0.0,5.0,22.116,48.96443,19.73678412748525,0.9585024814784564,0.2560067289719627,0.0270846259259918,107.0,-0.2755631829573934,0.0214544163368282,399.0,0.2714277272727272,0.0226576180492799,506.0,2.9752743279032274,0.1648166134636599,0.2422306017967891,0.0503085246606278,15.44784908182296,2.57281792939386,"The CCDC68 gene has been implicated in various cancer-related pathways, particularly through its role in the centrosome and ciliary function. Abnormalities in centrosome function can lead to disrupted cell cycle regulation and chromosome segregation, promoting genomic instability—an underlying factor in cancer development. Additionally, CCDC68 has been associated with the regulation of cell proliferation and differentiation, suggesting that its dysregulation could contribute to oncogenic processes. Furthermore, studies have indicated potential interactions between CCDC68 and signaling pathways involved in cellular responses to stress, which may also influence tumorigenesis. While direct evidence linking CCDC68 mutations to specific cancer types is still under investigation, its involvement in critical cellular mechanisms positions it as a gene of interest in cancer research.",0
SNRPB2,678,0.0,0.0,0.3333333333333333,0.6666666666666666,0.0,1.0,0.0,0.0,1.0,0.0,2.0,3.0,0.2339181286549707,1.0,0.6131207847946045,0.9130553793003536,76239.85,856.0,-0.0213473,9.08531985802945e-05,55.0,0.0,0.0,0.0,0.0,0.0,0.0,0.0,0.0,0.0,0.0,0.0,0.0,2.0,0.0,0.0,0.0,0.0,0.0,0.0,2.0,0.0,0.0,1.0,0.0,0.0,3.0,0.0,4.0,29.4,64.48,26.487969468196862,0.2358756462661472,0.3061127424749164,0.0432809229347354,299.0,-0.266337731092437,0.0334962247566728,119.0,0.2947892344497608,0.040731263696295,418.0,3.489294878406848,0.0080026928327957,0.0412500306389831,0.0113674895862047,12.427188222743114,0.089653742591217,"The SNRPB2 gene, which encodes a component of the spliceosome, has been implicated in various forms of cancer due to its role in pre-mRNA splicing and gene expression regulation. Abnormalities in spliceosomal components, including SNRPB2, can lead to improper splicing of oncogenes and tumor suppressor genes, potentially promoting tumorigenesis. Dysregulated splicing may result in the production of aberrant protein isoforms that contribute to cellular transformation, increased proliferation, and resistance to apoptosis. Additionally, altered expression levels of SNRPB2 have been observed in several cancer types, suggesting its potential involvement in the phenotype of malignant cells through mechanisms such as enhanced cellular plasticity and altered response to external stressors. Nonetheless, further studies are needed to fully elucidate the exact pathways and interactions involving SNRPB2 in cancer biology.",0
GLYCTK,1572,0.3333333333333333,0.0,0.0,0.6666666666666666,0.0,1.0,0.0,0.0,1.0,0.0,1.0,1.0,1.0,1.0,0.5773672055427251,0.8945016224828195,1113485.0,229.0,0.04872414,7.331831501595641e-06,14.0,7.0,0.0,0.0,0.0,0.0,0.0,0.0,0.0,0.0,0.0,0.0,9.0,2.0,0.0,0.0,0.0,0.0,0.0,2.0,0.0,0.0,1.0,0.0,0.0,0.0,19.0,0.0,18.0,10.62805263,74.10543572,19.846266776464727,5.477763012113591,0.2478290909090909,0.036754143865221,110.0,-0.2805520000000002,0.0228188687987878,430.0,0.2738862222222222,0.0257686262732714,540.0,3.166735231274856,0.0330404788250187,0.0357015522551292,0.003040318002795,19.94642146061838,1.9002152184216925,"The GLYCTK gene encodes the enzyme glycine C-acyltransferase, which is involved in amino acid metabolism and the regulation of cellular energy homeostasis. Alterations in amino acid metabolism are increasingly recognized for their role in cancer biology, as cancer cells often exhibit reprogrammed metabolism to support rapid growth and proliferation. Dysregulation of GLYCTK could impact the synthesis of important metabolites and the redox balance within cells, potentially influencing processes like cell survival, proliferation, and apoptosis. Furthermore, metabolic pathways linked to GLYCTK may interact with oncogenic signaling cascades or influence the tumor microenvironment, suggesting a potential link between GLYCTK activity and cancer progression. However, direct mechanisms connecting GLYCTK to specific cancer types remain to be fully elucidated.",0
SATB1,2388,0.4782608695652174,0.0434782608695652,0.0,0.391304347826087,0.0,1.0,0.0869565217391304,0.0,0.9542983513362336,0.0,0.75,1.0,0.8771929824561403,1.0,0.7680491551459293,0.9707385128927628,67460.23,883.0,-0.005638178,1.519712806689252e-05,29.0,0.0,0.0,0.0,0.0,0.0,0.0,0.0,2.0,0.0,0.0,0.0,0.0,9.0,1.0,0.0,0.0,0.0,0.0,11.0,0.0,0.0,0.0,0.0,2.0,0.0,21.0,0.0,20.0,19.21166667,121.4078777,19.276571647028547,1.4796315473323027,0.2400191240875912,0.0278537182242271,136.0,-0.2759217277486913,0.0207752807334899,381.0,0.2664445472061656,0.022844527456503,517.0,3.417396631131306,0.0198606287550468,0.0681104439628897,0.0110045007100186,20.806378519883324,1.3963460826624403,"Yes, there is a relationship between the SATB1 gene and cancer. SATB1 (Special AT-rich sequence-binding protein 1) is a nuclear matrix protein that plays a critical role in regulating gene expression and chromatin organization. Its expression has been observed to be upregulated in various cancers, including breast, colorectal, and gastric cancers. This overexpression may promote tumorigenesis by altering the transcriptional landscape, facilitating the epithelial-to-mesenchymal transition (EMT), and enhancing migratory and invasive capabilities of cancer cells. SATB1 is thought to interact with different signaling pathways and transcription factors, leading to the dysregulation of genes involved in cell proliferation, apoptosis, and metastasis, thereby contributing to cancer progression and chemoresistance.",0
RNF31,3219,0.3684210526315789,0.0,0.0,0.5263157894736842,0.0,1.0,0.1052631578947368,0.0,0.975220114382459,0.0,1.25,1.5,1.0,1.0,0.7836990595611285,0.9747101762716286,974558.8,220.0,0.04112072,0.0002273798553594,60.0,0.0,0.0,0.0,0.0,0.0,0.0,1.0,1.0,0.0,0.0,0.0,1.0,8.0,0.0,0.0,0.0,0.0,0.0,7.0,2.0,0.0,1.0,0.0,1.0,0.0,18.0,0.0,19.0,19.10027778,115.9586503,21.88701420269522,1.8204614569819408,0.2546290532544377,0.0330946169014792,169.0,-0.2849828389830507,0.0230327886765867,236.0,0.2723166913580246,0.0273844921875406,405.0,3.4386648725866227,0.0044126561856734,0.0921505200511911,0.0095176831838555,20.060674391099585,2.322449260305919,"Yes, there is a relationship between the RNF31 gene and cancer. RNF31, also known as the Ring Finger Protein 31, is involved in various cellular processes, including protein ubiquitination and the regulation of cellular signaling pathways that are critical for maintaining genomic integrity. Dysregulation of RNF31 has been implicated in cancer through its role in the modulation of the NF-κB signaling pathway, which is frequently activated in tumors and promotes cell proliferation and survival. Furthermore, alterations in RNF31 expression can lead to abnormal protein turnover, contributing to the accumulation of oncogenic proteins or the loss of tumor suppressors, thereby facilitating tumorigenesis. Additionally, RNF31 may influence the response to DNA damage, which, if disrupted, could lead to genomic instability—a hallmark of cancer.",0
PPM1H,1545,0.1333333333333333,0.1333333333333333,0.0,0.6,0.0,1.0,0.0666666666666666,0.0666666666666666,0.8847354891422486,0.0,3.0,4.333333333333333,0.2398081534772182,1.0,0.3898635477582846,0.7570988220751396,298535.7,426.0,-0.0003375186,4.708461028195543e-07,3.0,0.0,0.0,0.0,0.0,0.0,0.0,1.0,0.0,0.0,1.0,0.0,0.0,8.0,2.0,0.0,0.0,0.0,0.0,2.0,1.0,0.0,2.0,0.0,0.0,0.0,13.0,0.0,14.0,27.50846154,95.28563077,23.518450758915314,2.232111163910581,0.2674504000000001,0.0558683477693792,175.0,-0.2118016666666666,0.0135530271051155,102.0,0.2469588086642598,0.0409040079431408,277.0,3.403256163432606,0.0339104180718583,0.0691341011551536,0.0106419683172839,24.394197222510783,1.512756396782874,"The PPM1H gene, which encodes for a phosphatase, has been implicated in various cellular processes, including regulation of the cell cycle and response to stress. Altered expression or mutation of PPM1H may contribute to cancer development by disrupting these regulatory pathways. Specifically, its role in dephosphorylating proteins involved in tumor suppression or cell proliferation can lead to uncontrolled cell growth when dysregulated. Additionally, PPM1H's involvement in pathways that govern apoptosis and DNA damage response suggests that aberrations in its function could result in enhanced survival of cancer cells under stress conditions, promoting tumor progression. Further research is required to elucidate the precise mechanisms by which PPM1H contributes to oncogenesis and its potential implications in specific cancer types.",0
WFDC9,270,0.0,0.0,0.0,1.0,0.0,1.0,0.0,0.0,1.0,0.0,4.0,4.0,1.0,1.0,0.7955449482895783,0.9775082972220448,736164.8,438.0,0.01814057,0.0,1.0,0.0,0.0,0.0,0.0,0.0,0.0,0.0,0.0,0.0,0.0,0.0,0.0,4.0,0.0,0.0,0.0,0.0,0.0,0.0,0.0,0.0,0.0,0.0,0.0,0.0,4.0,0.0,4.0,4.27275,29.72837758,21.88701420269522,1.8204614569819408,0.3349677337110482,0.0502408912528039,353.0,-0.2305974603174603,0.0202653231321556,63.0,0.3191616586538462,0.0470447767218205,416.0,0.0512772711628505,0.0637948048457766,0.111514500398345,0.0145173604745375,20.060674391099585,2.322449260305919,"Yes, there is emerging evidence suggesting a relationship between the WFDC9 gene and cancer. The WFDC9 gene, which encodes a protein involved in various physiological processes, has been implicated in the modulation of tumorigenesis through its potential role in regulating cellular proliferation, apoptosis, and invasion. Alterations in the expression of WFDC9 have been observed in certain cancer types, indicating a possible involvement in the epithelial-mesenchymal transition (EMT), a critical process for metastasis. Additionally, WFDC9 may influence the tumor microenvironment, potentially affecting immune cell interactions and extracellular matrix remodeling, thereby impacting tumor progression and response to therapy. Further studies are necessary to elucidate the precise mechanisms underlying its involvement in cancer.",0
ZNF71,1470,0.5217391304347826,0.0,0.0,0.4347826086956521,0.0,1.0,0.0434782608695652,0.0,0.9999999999999998,0.0,0.7692307692307693,0.8461538461538461,1.0,1.0,0.9852216748768472,0.9998902586145326,174439.4,849.0,-0.06841658,4.450300694648912e-07,4.0,1.0,0.0,0.0,0.0,0.0,0.0,1.0,0.0,0.0,0.0,0.0,0.0,10.0,0.0,0.0,0.0,0.0,0.0,12.0,0.0,0.0,1.0,0.0,0.0,0.0,23.0,0.0,21.0,10.18730435,40.87068113,16.112425714695693,2.0445599434725508,0.2707173195876289,0.0301459129378558,194.0,-0.2636841463414635,0.0257528284084692,164.0,0.2674954189944135,0.0280679784411404,358.0,3.201785336695057,0.0184039597031599,0.111514500398345,0.0145173604745375,20.060674391099585,2.322449260305919,"Yes, there is a relationship between the ZNF71 gene and cancer. ZNF71 encodes a zinc-finger protein that is involved in transcriptional regulation. Alterations in the expression or function of ZNF71 may lead to dysregulation of genes critical for cellular processes such as proliferation, apoptosis, and DNA repair, contributing to tumorigenesis. Specifically, aberrant expression of ZNF71 has been associated with alterations in chromatin structure and gene expression profiles in various malignancies. Additionally, ZNF71 may interact with oncogenic pathways or tumor suppressor networks, further implicating it in the complexity of cancer development. Exploring these mechanisms provides insights into the role of ZNF71 in the molecular landscape of cancer.",0
NUP54,1524,0.0,0.0,0.1428571428571428,0.8571428571428571,0.0,1.0,0.0,0.0,1.0,0.0,6.0,7.0,0.6345177664974619,1.0,0.0964692263168049,0.322065523805471,525211.5,403.0,0.03840043,1.784017973995659e-05,23.0,0.0,0.0,0.0,0.0,0.0,0.0,0.0,0.0,0.0,0.0,0.0,2.0,6.0,0.0,0.0,0.0,0.0,0.0,0.0,1.0,0.0,0.0,0.0,0.0,0.0,9.0,0.0,9.0,26.85444444,24.09167778,25.48551679806976,0.4570631503890092,0.246113813559322,0.0296004966887512,118.0,-0.2408632075471698,0.0176595965034069,212.0,0.242740696969697,0.0218587321025522,330.0,3.48168849393554,0.0039438891151064,0.028859871523527,0.0052753366013349,19.188228270189743,0.9202260739769984,"NUP54, a component of the nuclear pore complex, has been implicated in various cellular processes, including nucleocytoplasmic transport, gene expression regulation, and maintenance of genome stability. Alterations in NUP54 expression or function can disrupt these processes, potentially leading to oncogenic transformations. For instance, aberrant nucleocytoplasmic transport may result in the mislocalization of proteins involved in cell cycle regulation and apoptosis, promoting tumorigenesis. Additionally, there is evidence that hyperactive or dysregulated nuclear pore complexes can facilitate the accumulation of mutational burden and genomic instability, common hallmarks of cancer. Thus, while direct associations between NUP54 and specific cancer types are still under investigation, its role in critical cellular pathways suggests potential relevance in cancer biology.",0
DAAM2,3207,0.25,0.0416666666666666,0.0,0.7083333333333334,0.0,1.0,0.0,0.0,0.9850789806874132,0.0,2.6153846153846154,2.769230769230769,0.8841732979664014,1.0,0.235072872590503,0.5754254153215904,53427.96,914.0,0.02639932,3.926722311548727e-06,9.0,0.0,0.0,0.0,0.0,0.0,0.0,0.0,0.0,0.0,0.0,0.0,5.0,33.0,2.0,0.0,0.0,0.0,0.0,12.0,1.0,0.0,1.0,0.0,0.0,0.0,52.0,0.0,42.0,20.17336538,125.3430396,20.31272384582297,3.012688946390148,0.2581285875706213,0.0212135326826528,177.0,-0.248670895522388,0.0177902265465604,134.0,0.2540535691318327,0.0196983984210911,311.0,3.348760065735994,0.0302805552320424,0.1345489449393743,0.0116566536686664,22.23424117678168,1.9290254173944348,"The DAAM2 gene (Dishevelled Associated Activator of Morphogenesis 2) has been implicated in various cellular processes, including Wnt signaling, which is known to play a crucial role in cell proliferation, differentiation, and migration. Aberrations in Wnt signaling are frequently associated with the development and progression of several cancers. Studies have suggested that DAAM2 may influence the epithelial-to-mesenchymal transition (EMT), a process that enables cancer cells to acquire migratory and invasive properties. Additionally, DAAM2 has been linked to actin cytoskeletal dynamics, which can affect tumor cell motility and metastasis. Thus, the potential mechanisms by which DAAM2 may contribute to cancer involve its role in Wnt signaling modulation, promotion of EMT, and regulation of cytoskeletal architecture, indicating that DAAM2 could be a relevant factor in tumorigenesis and cancer progression.",0
C1ORF174,732,0.3333333333333333,0.0,0.0,0.5555555555555556,0.0,1.0,0.1111111111111111,0.0,1.0,0.0,1.25,1.5,1.0,1.0,0.0687663320038509,0.25285662317617,248975.3,412.0,0.02028935,2.4449924518719223e-05,9.0,0.0,0.0,0.0,0.0,0.0,0.0,0.0,1.0,0.0,0.0,0.0,0.0,5.0,0.0,0.0,0.0,0.0,1.0,3.0,0.0,0.0,0.0,0.0,1.0,0.0,9.0,0.0,9.0,13.73022222,152.8587277,22.729421733822896,0.5340899715109196,0.2449080555555554,0.0280594918382398,108.0,-0.2537347177419355,0.0181606623926325,248.0,0.2510569662921348,0.0211096080797847,356.0,3.3714498669878514,0.00306287617353,0.0646087475060038,0.0050044378909936,20.060674391099585,2.322449260305919,"The relationship between C1ORF174 and cancer is currently not well-established, but emerging evidence suggests a potential association. C1ORF174 may be involved in cellular processes such as cell cycle regulation, apoptosis, and immune response, which are key pathways often dysregulated in cancer. Alterations in expression levels or mutations in C1ORF174 could potentially influence tumorigenesis by affecting these pathways. For instance, dysregulation may lead to enhanced cell survival or impaired immune surveillance, contributing to uncontrolled cellular proliferation and tumor growth. However, further research is necessary to elucidate the specific mechanisms and the significance of C1ORF174 in different cancer types.",0
FOSL2,981,0.1,0.2,0.1,0.4,0.0,1.0,0.2,0.0,0.6505149978319906,0.0,2.0,4.5,0.00735,1.0,0.8319467554076541,0.9850140067495972,465927.2,197.0,0.02990076,8.775546583220666e-05,44.0,0.0,0.0,0.0,0.0,0.0,0.0,2.0,0.0,0.0,0.0,0.0,1.0,4.0,1.0,0.0,0.0,0.0,0.0,2.0,1.0,0.0,2.0,0.0,0.0,0.0,9.0,0.0,11.0,22.38777778,115.4052444,22.5934088709098,0.7843646456765863,0.2511834061135369,0.0305287404778212,229.0,-0.2029571875,0.0114446140840277,64.0,0.2406493515358358,0.0267051354485506,292.0,3.7372126464820346,0.0098098826077753,0.0750376471751396,0.014654279500925,24.8035985406987,0.6616660314003914,"Yes, there is a relationship between the FOSL2 gene and cancer. FOSL2 encodes a member of the Fos family of proteins, which are involved in regulating gene expression and cellular processes such as proliferation and differentiation. Increased expression of FOSL2 has been implicated in various types of cancers, where it may promote tumorigenesis by enhancing transcriptional activity of oncogenic targets and modulating key signaling pathways, such as those related to the epithelial-mesenchymal transition (EMT). The protein can also interact with other transcription factors and co-regulators, contributing to the tumor microenvironment and influencing processes like invasion and metastasis. This suggests that FOSL2 may play a significant role in cancer progression through its regulatory effects on cellular behavior and gene expression networks.",0
DRICH1,690,0.25,0.0,0.0,0.75,0.0,1.0,0.0,0.0,1.0,0.0,1.5,1.5,1.0,1.0,0.3863987635239568,0.7538196973101446,604420.2,399.0,0.03111243,1.3362255693014212e-06,7.0,0.0,0.0,0.0,0.0,0.0,0.0,0.0,0.0,0.0,0.0,0.0,0.0,3.0,0.0,0.0,0.0,0.0,0.0,1.0,1.0,0.0,1.0,0.0,0.0,0.0,4.0,0.0,5.0,5.0225,44.767171,21.88701420269522,1.8204614569819408,0.2638164016874681,0.0370683991865753,190.13201675643327,-0.2623792743604192,0.0349935889004216,187.6534410532616,0.2724842722630945,0.0397860230283488,377.6466786355476,2.842285090327978,0.2097717354995392,0.111514500398345,0.0145173604745375,20.060674391099585,2.322449260305919,"The relationship between the DRICH1 gene and cancer is not well-established in the scientific literature. However, some studies suggest that DRICH1 may be involved in cellular processes such as cell proliferation, apoptosis, and signaling pathways that can influence tumorigenesis. Variations in the expression or function of DRICH1 could potentially impact these critical pathways, thus contributing to oncogenic processes. For example, aberrant splicing or regulatory mechanisms affecting DRICH1 may alter the cellular response to stress or promote a lineage-specific differentiation state conducive to cancer development. Further research is needed to clarify these relationships and mechanisms in various cancer contexts.",0
CHGB,2034,0.1538461538461538,0.2692307692307692,0.0,0.4615384615384615,0.0,1.0,0.1153846153846153,0.0,0.7281818875479507,0.0,2.4,4.4,0.0570841420253453,1.0,0.5633802816901409,0.8866481255928896,310620.2,346.0,0.01290432,9.539900723908044e-05,29.0,0.0,0.0,0.0,0.0,0.0,0.0,3.0,0.0,0.0,0.0,0.0,0.0,11.0,7.0,0.0,0.0,0.0,0.0,4.0,0.0,0.0,3.0,0.0,0.0,0.0,22.0,0.0,18.0,18.40931818,203.7216827,22.39392060450191,10.756516945041817,0.303686936026936,0.0497811224490262,297.0,-0.2651558267716536,0.0249405668880015,127.0,0.2921457783018867,0.0425763538410003,424.0,2.4163015653918456,0.8266870087122425,0.1508092309950274,0.025967804403833,23.869489913682028,10.527399421501071,"The CHGB gene, which encodes chromogranin B, has been implicated in various physiological processes, including neuroendocrine signaling and regulation of secretory granule biogenesis. While direct evidence linking CHGB to cancer remains limited, alterations in neuroendocrine signaling and granule release mechanisms may contribute to tumorigenesis. For instance, aberrant expression of chromogranins is observed in certain tumors, suggesting a potential role in tumor growth, metastasis, or altered cellular microenvironments. Additionally, CHGB has been associated with hormonal regulation, which can influence cancer pathways through interactions with growth factors and signaling cascades. Further investigation into CHGB's role could provide insights into its potential involvement in cancer biology.",0
SOWAHB,2382,0.2666666666666666,0.0666666666666666,0.0,0.6,0.0,1.0,0.0666666666666666,0.0,0.9658722633586913,0.0,1.8,2.2,0.5216484089723527,1.0,0.2263980076975323,0.5627033580743468,411278.5,462.0,0.02552086,0.0,0.0,1.0,0.0,0.0,0.0,0.0,0.0,1.0,0.0,0.0,0.0,0.0,0.0,9.0,1.0,0.0,0.0,0.0,0.0,4.0,0.0,0.0,1.0,0.0,0.0,0.0,15.0,0.0,15.0,14.31966667,111.3877094,18.58167510645819,2.621030415010213,0.2443605128205128,0.0290965421738726,117.0,-0.2416429577464789,0.017705802729418,213.0,0.2426064545454546,0.0216698686338961,330.0,3.051555948234426,0.1756596286520078,0.1451613383132254,0.0095816675698585,22.43506659784484,2.0061404166274777,"The SOWAHB gene, involved in cellular processes related to protein synthesis and signal transduction, has shown potential associations with cancer in various studies. Its expression levels may alter cellular responses to stress and apoptosis, suggesting a role in tumorigenesis through modulation of these pathways. Additionally, SOWAHB may interact with other oncogenic signals, influencing cell proliferation and survival. Dysregulation of this gene could impact the cellular microenvironment, thereby promoting cancer progression and metastasis. However, a comprehensive understanding of its specific mechanisms in oncogenesis remains to be fully elucidated.",0
LRRC52,942,0.3571428571428571,0.0714285714285714,0.0,0.5714285714285714,0.0,1.0,0.0,0.0,1.0000000000000004,0.0,1.3333333333333333,1.5,0.5571030640668524,1.0,0.8826125330979699,0.9928234616468395,262571.8,574.0,-0.0221827,0.0,0.0,0.0,0.0,0.0,0.0,0.0,0.0,0.0,0.0,0.0,0.0,0.0,0.0,8.0,1.0,0.0,0.0,0.0,0.0,5.0,0.0,0.0,0.0,0.0,0.0,0.0,14.0,0.0,13.0,14.29342857,114.6690953,21.88701420269522,1.8204614569819408,0.2830622110552764,0.0270394982505145,398.0,-0.2056255882352941,0.0100520093163101,34.0,0.2769676620370371,0.026111901966911,432.0,0.5355461358567014,0.6333325352356306,0.111514500398345,0.0145173604745375,20.060674391099585,2.322449260305919,"The relationship between the LRRC52 gene and cancer is not fully understood, but emerging evidence suggests it may play a role in tumorigenesis. LRRC52 is involved in the assembly and stability of the nuclear envelope, which is crucial for maintaining genomic integrity. Dysregulation of genes like LRRC52 can lead to chromosomal instability, a hallmark of cancer. Additionally, altered expression of LRRC52 has been observed in certain cancer types, indicating a potential role in cancer progression. The mechanisms may involve the disruption of cellular signaling pathways or the modulation of cellular adhesion properties, which could contribute to tumor growth and metastasis. However, further studies are required to elucidate the precise relationship and functional implications of LRRC52 in cancer biology.",0
CLUH,3930,0.3448275862068966,0.1034482758620689,0.0,0.3793103448275862,0.0,1.0,0.1724137931034483,0.0,0.8296440007223991,0.0,1.0,1.7272727272727273,0.1851508979818552,1.0,0.9124087591240876,0.9960467048593282,561251.8,218.0,0.01797817,2.8049408742276867e-05,27.0,0.0,0.0,0.0,0.0,0.0,0.0,4.0,1.0,0.0,0.0,0.0,0.0,11.0,3.0,0.0,0.0,0.0,0.0,10.0,0.0,0.0,4.0,0.0,1.0,0.0,24.0,0.0,25.0,19.3025,155.8101259,24.73224683954103,0.2193213628455838,0.2383318181818181,0.0321268945092998,88.0,-0.275879131455399,0.0199526837834791,426.0,0.2694507976653696,0.022178855026458,514.0,3.5211152582763168,0.0098671317891463,0.0922987027720872,0.0193250320454376,21.89128827250371,1.1782791091280025,"The CLUH gene has been implicated in various cellular processes including mitochondrial function and metabolism, which can influence cancer development. It is known to regulate the expression of genes involved in mitochondrial biogenesis and energy metabolism, thereby affecting tumor cell proliferation and survival. Additionally, CLUH may play a role in the response to oxidative stress, a common feature in the tumor microenvironment. Dysregulation of CLUH has been suggested to impact metabolic pathways associated with cancer cell growth and tumorigenesis, potentially linking altered cellular energy dynamics to oncogenic processes. However, further research is needed to elucidate the specific relationship and mechanisms by which CLUH might contribute to cancer.",0
TUSC1,639,0.1666666666666666,0.0,0.0,0.8333333333333334,0.0,1.0,0.0,0.0,1.0,0.0,2.5,2.5,1.0,1.0,0.5701254275940707,0.8904782747719449,15781.0,975.0,-0.03998026,1.9613831676923846e-06,2.0,0.0,0.0,0.0,0.0,0.0,0.0,0.0,0.0,0.0,0.0,0.0,0.0,5.0,0.0,0.0,0.0,0.0,0.0,1.0,0.0,0.0,0.0,0.0,0.0,0.0,6.0,0.0,6.0,16.73216667,37.05888417,21.81950382542345,4.128624681977339,0.2594789333333334,0.0294629532793914,150.0,-0.4092301315789471,0.2591678206704311,380.0,0.366847716981132,0.1985375702713376,530.0,3.1093399453506576,0.038453377107566,0.1188682836014784,0.00889390800916,21.296572084924826,2.7272207465685114,"The TUSC1 gene has been implicated in the context of cancer, particularly in relation to tumor suppressive functions. It is located in a region commonly associated with loss of heterozygosity in various cancer types, suggesting a potential role in tumorigenesis. Mechanistically, TUSC1 may contribute to cell cycle regulation, apoptosis, and cellular stress response pathways. Dysregulation of TUSC1 expression can lead to altered cellular homeostasis, potentially promoting cancer cell proliferation and survival. Furthermore, its involvement in signaling pathways associated with the epithelial-to-mesenchymal transition (EMT) could elucidate its role in metastatic processes. However, further studies are necessary to fully elucidate its precise contributions and the molecular pathways involved in cancer biology.",0
REG1A,501,0.2307692307692307,0.0,0.0769230769230769,0.6923076923076923,0.0,1.0,0.0,0.0,1.0000000000000002,0.0,2.25,2.5,0.7633587786259542,1.0,0.3051571559353067,0.6673568415369783,10957.69,1389.0,-0.02211101,1.1044098525541304e-05,3.0,0.0,0.0,0.0,0.0,0.0,0.0,0.0,0.0,0.0,0.0,0.0,1.0,9.0,0.0,0.0,0.0,0.0,0.0,3.0,2.0,0.0,1.0,1.0,0.0,0.0,13.0,0.0,14.0,15.66153846,92.86377977,23.00432251663725,16.452303338867033,0.2284038248847926,0.0158023088802099,217.0,-0.2258266666666667,0.0329535134136363,45.0,0.2279611832061068,0.0186341028840352,262.0,1.667657169139383,2.1517494785149904,0.111514500398345,0.0145173604745375,20.060674391099585,2.322449260305919,"Yes, there is a relationship between the REG1A gene and cancer. REG1A, also known as regenerating islet-derived protein 1 alpha, is implicated in various tumorigenic processes. It is often overexpressed in several types of cancer, such as pancreatic and gastric cancers, which suggests a role in promoting cell proliferation and survival. Possible mechanisms include the activation of signaling pathways associated with cell growth and resistance to apoptosis, as well as the modulation of the tumor microenvironment. REG1A may influence inflammatory responses and angiogenesis, contributing further to tumor progression and metastasis. Its expression levels have also been correlated with poor prognosis in cancer patients, indicating its potential role as a biomarker in oncological settings.",0
ABTB2,3078,0.1764705882352941,0.0588235294117647,0.1176470588235294,0.6470588235294118,0.0,1.0,0.0,0.0,0.9315714232285016,0.0,2.75,3.5,0.0389271672700377,1.0,0.5524861878453039,0.8802910747390797,769732.6,368.0,0.03210051,3.326302149805385e-07,5.0,0.0,0.0,0.0,0.0,0.0,0.0,0.0,0.0,0.0,0.0,0.0,0.0,10.0,1.0,0.0,0.0,0.0,0.0,3.0,3.0,0.0,0.0,0.0,0.0,0.0,17.0,0.0,15.0,24.89105882,65.65616906,19.841695887994742,1.208152078499173,0.2711489102564102,0.0495176778497725,155.0,-0.2517859748427673,0.0166848365406575,159.0,0.2613752380952377,0.0329330151893539,313.0,3.1604638164364687,0.0296343900014501,0.0887149855941248,0.0048677422960606,19.627045508576845,2.363873154341491,"The ABTB2 gene, part of the BTB/POZ protein family, has been implicated in various cellular processes, including transcription regulation and protein-protein interactions, which may relate to oncogenesis. Alterations in ABTB2 expression have been observed in several cancer types, suggesting that it may play a role in tumorigenesis. Potential mechanisms that link ABTB2 to cancer could involve its influence on cell cycle regulation, apoptosis, or the modulation of signaling pathways associated with proliferation and survival. Moreover, the protein's involvement in the ubiquitin-proteasome system might affect the degradation of tumor suppressors or oncogenes, further contributing to cancer development. However, the exact mechanisms and clinical implications remain to be fully elucidated.",0
CXORF58,999,0.3333333333333333,0.0,0.1666666666666666,0.5,0.0,1.0,0.0,0.0,1.0,0.0,1.0,1.3333333333333333,0.5488474204171241,1.0,0.5813953488372093,0.8967001690845127,528623.6,444.4009897808343,0.03695012,0.0,1.0,0.0,0.0,0.0,0.0,0.0,0.0,0.0,0.0,0.0,0.0,0.0,1.0,3.0,0.0,0.0,0.0,0.0,0.0,2.0,1.0,0.0,0.0,0.0,0.0,0.0,7.0,0.0,6.0,10.54471429,105.4036176,21.88701420269522,1.8204614569819408,0.2075374324324324,0.0166026504686597,74.0,-0.298324693877551,0.0444255077440083,196.0,0.2734422592592592,0.038355885060676,270.0,1.358950698156247,0.4085377071639242,0.2129780345744027,0.0497820756809661,20.060674391099585,2.322449260305919,"The relationship between the CXORF58 gene and cancer is currently not well-established and remains an area of ongoing research. However, emerging studies suggest potential links through mechanisms such as its involvement in cellular processes like apoptosis, proliferation, and immune response modulation, which are critical in tumorigenesis. Abnormal expression or mutations in CXORF58 could hypothetically influence oncogenic pathways or tumor suppressor functions. Further investigation is needed to elucidate the specific mechanisms by which CXORF58 might contribute to cancer development or progression.",0
OPHN1,2409,0.1052631578947368,0.0789473684210526,0.0789473684210526,0.6578947368421053,0.0,1.0,0.0526315789473684,0.0263157894736842,0.8595936961065883,0.0,5.0,6.8,0.2653927813163482,1.0,0.1134044000907235,0.360262541045106,186481.2,444.4009897808343,-0.01292004,1.8668767720366565e-06,4.0,0.0,0.0,0.0,0.0,0.0,0.0,1.0,1.0,0.0,1.0,0.0,1.0,25.0,3.0,0.0,0.0,0.0,0.0,3.0,3.0,0.0,2.0,0.0,1.0,0.0,35.0,0.0,25.0,23.42191429,87.39018061,22.131100323706256,0.8389493707755413,0.2099776344086021,0.0111436510595605,93.0,-0.298562,0.0865244146176119,134.0,0.262428903508772,0.05749603153844,226.0,3.577598322061977,0.0624948310015767,0.2171994413514489,0.0398339730418827,22.437536528155363,1.405256746170145,"Yes, there is emerging evidence suggesting a relationship between the OPHN1 gene and cancer. OPHN1 encodes a Rho GTPase-activating protein that is involved in regulating actin dynamics and cellular signaling pathways, which are crucial for processes such as cell proliferation, migration, and invasion. Dysregulation of OPHN1 has been linked to altered signaling pathways associated with cancer progression, particularly in brain tumors and other malignancies. Additionally, mutations or changes in the expression levels of OPHN1 may affect cellular communication and contribute to the establishment of a tumor microenvironment conducive to cancer development and metastasis. Further studies are needed to elucidate the precise molecular mechanisms by which OPHN1 contributes to tumorigenesis.",0
OLFM1,1404,0.25,0.0625,0.0,0.5625,0.0,1.0,0.125,0.0,0.9257048827786958,0.0,1.8,2.4,0.5347593582887701,1.0,0.3450655624568668,0.7122225134225295,199862.2,446.0,0.02771747,3.6708807505619e-05,11.0,0.0,0.0,0.0,0.0,0.0,0.0,2.0,0.0,0.0,0.0,0.0,2.0,12.0,3.0,0.0,0.0,0.0,0.0,8.0,0.0,0.0,2.0,0.0,0.0,0.0,25.0,0.0,25.0,17.46744,138.5133939,20.193785257941872,4.980862439506551,0.25780625,0.0173128619984265,144.0,-0.2437754054054053,0.0169651961683427,259.0,0.2487889081885856,0.0170919872883572,403.0,3.038790975493863,0.1424677753811498,0.1718914374175558,0.0221293587434934,20.060674391099585,2.322449260305919,"The OLFM1 gene, which encodes the olfactomedin 1 protein, has been implicated in various biological processes, including cell adhesion and neuronal differentiation. Emerging evidence suggests that OLFM1 may play a role in cancer biology, particularly in tumor progression and metastasis. It has been observed that OLFM1 expression can be altered in various malignancies, potentially influencing cancer cell proliferation and invasion. Mechanistically, OLFM1 may interact with signaling pathways involved in cell growth and migration, such as the Wnt or TGF-β pathways. Additionally, its expression might be linked to the regulation of the tumor microenvironment, affecting immune response and angiogenesis. Further research is needed to clarify its precise role and the underlying mechanisms in different types of cancer.",0
TRPC5,2922,0.2745098039215686,0.0196078431372549,0.0,0.6666666666666666,0.0,1.0,0.0392156862745098,0.0,0.9835638051350164,0.0,2.2666666666666666,2.466666666666667,0.9541984732824428,1.0,0.572737686139748,0.8919401245231445,113544.4,444.4009897808343,0.009854033,2.8173234613974084e-05,16.0,0.0,0.0,0.0,0.0,0.0,0.0,1.0,1.0,0.0,0.0,0.0,1.0,34.0,1.0,0.0,0.0,0.0,0.0,14.0,0.0,0.0,1.0,0.0,1.0,0.0,50.0,0.0,41.0,19.9289,83.89543879,21.88701420269522,1.8204614569819408,0.2483803333333331,0.0300981074755182,120.0,-0.2788753571428571,0.0261554136737451,112.0,0.2631020689655173,0.0283064868779519,231.0,1.8387472301539949,1.0710733874757703,0.111514500398345,0.0145173604745375,20.060674391099585,2.322449260305919,"The TRPC5 gene, which encodes a member of the transient receptor potential (TRP) channel family, has garnered interest in cancer research due to its potential roles in cellular calcium signaling and proliferation. Dysregulation of calcium homeostasis is a well-known contributor to various malignancies, and aberrant TRPC5 expression has been implicated in processes such as cell migration, invasion, and tumor growth. Mechanistically, TRPC5 can influence oncogenic signaling pathways by modulating intracellular calcium levels, thereby affecting downstream effectors involved in cell cycle progression and apoptosis. Furthermore, TRPC5's interactions with other signaling molecules could enhance tumor microenvironment adaptability, promoting tumor survival and metastasis. However, the specific relationship between TRPC5 expression and cancer types remains an area of ongoing investigation.",0
KDF1,1197,0.0,0.0,0.1,0.6,0.0,1.0,0.3,0.0,0.7591760034688151,0.0,6.0,10.0,0.281214848143982,1.0,0.1962708537782139,0.5158507687290852,1025094.0,188.0,0.03420872,0.0,0.0,0.0,0.0,0.0,0.0,0.0,0.0,3.0,0.0,0.0,0.0,0.0,0.0,6.0,0.0,0.0,0.0,0.0,0.0,0.0,1.0,0.0,3.0,0.0,0.0,0.0,7.0,0.0,9.0,25.09857143,37.59668095,21.88701420269522,1.8204614569819408,0.2638164016874681,0.0370683991865753,190.13201675643327,-0.2623792743604192,0.0349935889004216,187.6534410532616,0.2724842722630945,0.0397860230283488,377.6466786355476,2.842285090327978,0.2097717354995392,0.111514500398345,0.0145173604745375,20.060674391099585,2.322449260305919,"The KDF1 gene, which is involved in cellular processes, has been studied in the context of cancer, although its specific relationship remains unclear. Potential mechanisms could include its role in regulating cell proliferation, apoptosis, and DNA repair pathways. Alterations in KDF1 expression or function may affect the cellular response to stressors, leading to oncogenic transformations. Additionally, its interactions with other signaling pathways could influence tumorigenesis and metastasis. Further research is necessary to elucidate its exact role and relevance in various cancer types.",0
PNP,870,0.4444444444444444,0.0,0.0,0.4444444444444444,0.0,1.0,0.1111111111111111,0.0,1.0,0.0,0.8,1.0,1.0,1.0,0.8071025020177562,0.9800682830080754,464497.4,395.0,0.01736308,5.598911443169881e-05,34.0,0.0,0.0,0.0,0.0,0.0,0.0,1.0,0.0,0.0,0.0,0.0,0.0,4.0,0.0,0.0,0.0,0.0,0.0,4.0,0.0,0.0,1.0,0.0,0.0,0.0,8.0,0.0,8.0,14.0495,73.07343514,27.80578136318719,0.2785522781631036,0.2533765317919074,0.0344616482809248,173.0,-0.2817561702127659,0.0234300930485179,235.0,0.2697226470588236,0.0282316939340078,408.0,3.550554902462526,0.0106258269885671,0.111514500398345,0.0145173604745375,21.01130793232457,3.4350599052581727,"Yes, there is a relationship between the PNP gene and cancer. The PNP gene encodes purine nucleoside phosphorylase, an enzyme involved in the purine salvage pathway, which is critical for maintaining nucleotide pool homeostasis and cellular metabolism. Dysregulation of purine metabolism can lead to imbalances in nucleotide levels, influencing cell proliferation, apoptosis, and immune responses, all of which are relevant to cancer development. Additionally, PNP mutations have been associated with immunodeficiency, which may affect tumor surveillance mechanisms. Alterations in purine metabolism can also impact the tumor microenvironment, potentially promoting malignancy through enhanced cell growth and survival signals. Overall, the connection between PNP and cancer may arise through its role in nucleic acid metabolism and immune modulation.",0
SEMA6C,2889,0.0833333333333333,0.0416666666666666,0.0416666666666666,0.7916666666666666,0.0,1.0,0.0416666666666666,0.0,0.9567891094945744,0.0,6.333333333333333,7.333333333333333,0.235072872590503,1.0,0.00806,0.0469159842830566,1562281.0,184.0,0.03337602,0.0,0.0,9.0,0.0,0.0,0.0,0.0,0.0,0.0,1.0,0.0,0.0,0.0,0.0,19.0,1.0,0.0,0.0,0.0,0.0,2.0,1.0,0.0,0.0,0.0,1.0,0.0,32.0,0.0,29.0,20.258125,87.04537579,18.451007037854254,5.163345392407443,0.317553401534527,0.0463995964783998,391.0,-0.1758385714285714,0.0060804107735191,42.0,0.303807390300231,0.0442287333429422,433.0,2.975444755225343,0.0488578472988997,0.0405904254942373,0.0102044627991368,17.024093080134868,2.3359519246374374,"Yes, there is a relationship between the SEMA6C gene and cancer. SEMA6C encodes a member of the semaphorin family, which are involved in cell signaling and guidance. Dysregulation of SEMA6C has been implicated in tumor progression and metastasis, potentially through mechanisms such as modulation of the tumor microenvironment, alteration of cell adhesion properties, and interference with angiogenesis. Aberrant expression of SEMA6C may influence the behavior of cancer cells, promoting cellular invasiveness and migration, thereby facilitating the spread of tumors. Additionally, its interaction with neuropilins and plexins can affect pathways related to cell proliferation and survival, contributing to oncogenic processes. Further research is warranted to delineate the precise roles and regulatory networks of SEMA6C in specific cancer types.",0
VILL,2571,0.4285714285714285,0.0,0.0,0.3571428571428571,0.0,1.0,0.1428571428571428,0.0714285714285714,0.9624786378518296,0.0,0.7142857142857143,1.1428571428571428,1.0,1.0,0.764525993883792,0.9698006521674364,318741.6,457.0,0.02415458,0.0,0.0,0.0,0.0,0.0,0.0,0.0,0.0,2.0,0.0,0.0,1.0,0.0,1.0,5.0,0.0,0.0,0.0,0.0,0.0,6.0,0.0,0.0,3.0,0.0,0.0,0.0,12.0,0.0,14.0,11.90466667,50.98957661,22.699954675061065,4.763460781630402,0.2292354471544715,0.019682508680741,123.0,-0.2732526395939088,0.017818147505483,394.0,0.2627804642166345,0.0185763848792414,517.0,3.2167763232909787,0.0456248623668258,0.111514500398345,0.0145173604745375,21.82887937838754,4.176386943679826,"The VILL (VILLIN-like protein) gene has been implicated in various cellular processes, including actin filament dynamics and cell signaling, which could affect tumorigenesis and cancer progression. Its protein product plays a role in maintaining cytoskeletal integrity and cell morphology, which are critical for processes such as cell migration and invasion. Aberrant expression or mutations in the VILL gene may disrupt these functions, potentially contributing to the altered cellular behaviors commonly observed in cancer. Moreover, the modulation of signaling pathways associated with VILL could influence cellular responses to external stimuli, including those related to growth and apoptosis, thereby facilitating cancer development and metastasis. However, the direct relationship between VILL and specific cancer types remains to be fully elucidated, necessitating further investigation.",0
SLC25A21,900,0.2857142857142857,0.0,0.0,0.5714285714285714,0.0,1.0,0.1428571428571428,0.0,1.0,0.0,1.3333333333333333,1.6666666666666667,1.0,1.0,0.4805382027871216,0.8326999266753952,68925.77,481.0,-0.0444655,5.757643341329393e-06,5.0,0.0,0.0,4.0,0.0,0.0,0.0,1.0,0.0,0.0,0.0,0.0,0.0,4.0,0.0,0.0,0.0,0.0,0.0,2.0,0.0,0.0,1.0,0.0,0.0,0.0,10.0,0.0,11.0,13.9091,70.33572854,19.76896874727197,3.4792049038884856,0.3586995566502466,0.2535118741389113,201.0,-0.2924609401709401,0.0244327565227174,234.0,0.3232308237986271,0.1316035756965674,434.0,2.33040320541875,0.4250372155204939,0.0640113497468714,0.0133701620064012,20.060674391099585,2.322449260305919,"The SLC25A21 gene encodes a mitochondrial transporter involved in the translocation of fatty acids and acylcarnitines. While direct evidence linking SLC25A21 to cancer is limited, alterations in mitochondrial function and metabolic pathways, including fatty acid metabolism, have been implicated in tumorigenesis. Dysregulation of metabolic processes within cancer cells can lead to the Warburg effect, where cells favor glycolysis over oxidative phosphorylation, promoting growth and survival in hypoxic conditions. Additionally, disturbances in fatty acid metabolism can influence lipid signaling pathways and impact cellular proliferation and apoptosis. Thus, while the relationship between SLC25A21 and cancer is not thoroughly established, potential mechanisms may involve its role in metabolic reprogramming and mitochondrial dynamics in cancer cells.",0
ITGA5,3150,0.35,0.05,0.05,0.5,0.0,1.0,0.05,0.0,0.9449911312986874,0.0,1.25,1.625,0.5213764337851929,1.0,0.3627130939426913,0.7305560870662531,653662.9,190.0,0.04177493,6.962589225393297e-05,27.0,0.0,0.0,0.0,0.0,0.0,0.0,1.0,0.0,0.0,0.0,0.0,0.0,10.0,1.0,0.0,0.0,0.0,0.0,7.0,1.0,0.0,1.0,0.0,0.0,0.0,19.0,0.0,19.0,20.56915789,113.9326863,24.34422681011995,1.04918384433881,0.2225455414012739,0.0144951216261473,157.0,-0.2367646017699115,0.0187932514411346,113.0,0.2284964814814814,0.0162801783232617,270.0,3.609500114959272,0.0231624428968889,0.1255288678195334,0.006055568625428,23.53405536135242,2.170118804028097,"Yes, there is a relationship between the ITGA5 gene and cancer. ITGA5 encodes the alpha 5 subunit of integrin receptors, which are integral to cell adhesion, migration, and signaling. Aberrant expression of ITGA5 has been implicated in several cancer types, where it can influence the tumor microenvironment and metastatic potential of tumors. ITGA5 interacts with extracellular matrix components, facilitating cell adhesion and migration, processes that are critical for cancer invasion and metastasis. Additionally, alterations in integrin signaling pathways can lead to enhanced survival, proliferation, and resistance to apoptosis in cancer cells. By modulating these pathways, ITGA5 may promote the development and progression of tumors, highlighting its potential role as a contributor to cancer biology.",0
GOLGA8B,1812,0.4,0.0,0.0,0.6,0.0,1.0,0.0,0.0,1.0,0.0,1.0,1.0,1.0,1.0,0.5820721769499418,0.8970668356007356,532848.4,422.0,0.004550024,0.0,0.0,0.0,0.0,0.0,0.0,0.0,0.0,0.0,0.0,0.0,0.0,0.0,0.0,2.0,0.0,0.0,0.0,0.0,0.0,2.0,1.0,0.0,0.0,0.0,0.0,0.0,5.0,0.0,5.0,10.9292,53.8022632,21.88701420269522,1.8204614569819408,0.1958305084745762,0.0121449418428404,59.0,-0.2841786868686866,0.0279316636546888,297.0,0.2695367134831458,0.0263559881595909,356.0,3.516934502713475,0.0437718877815376,0.111514500398345,0.0145173604745375,20.060674391099585,2.322449260305919,"The GOLGA8B gene, which encodes a member of the Golgin family of proteins, has been implicated in various cellular processes such as intracellular transport and Golgi organization. Although direct evidence linking GOLGA8B to cancer is limited, alterations in Golgi apparatus function have been associated with tumorigenesis. Dysregulation of Golgins, including those encoded by the GOLGA8 family, may influence protein glycosylation, impacting cell signaling, adhesion, and immune evasion—all critical processes in cancer development and progression. Furthermore, aberrant expression of genes involved in Golgi dynamics can contribute to cellular transformation, potentially creating a microenvironment conducive to tumor growth. Therefore, while a definitive relationship remains to be fully elucidated, there are plausible mechanisms through which GOLGA8B could play a role in cancer biology.",0
AJAP1,1236,0.4333333333333333,0.0333333333333333,0.0,0.5,0.0,1.0,0.0333333333333333,0.0,0.9864136635272996,0.0,1.0714285714285714,1.2142857142857142,0.6882312456985548,1.0,0.8873114463176575,0.993397724097284,5695.346,921.0,0.003660757,1.965776407963247e-06,3.0,0.0,0.0,1.0,0.0,0.0,0.0,1.0,0.0,0.0,0.0,0.0,0.0,16.0,0.0,0.0,0.0,0.0,0.0,13.0,2.0,0.0,1.0,2.0,0.0,0.0,30.0,0.0,29.0,14.08043333,90.5409737,18.544075766204067,3.5290593558428904,0.2440513592233008,0.0274211796138206,103.0,-0.2627290625000001,0.0205794668822549,256.0,0.2573702785515321,0.0225428697161233,359.0,2.642598410577625,0.3265472577653426,0.3166497982820685,0.0372521326398547,18.28746791368285,3.5548648447027023,"The AJAP1 gene (AJM1, Atypical Junctional Proteins 1) encodes a protein involved in cell adhesion and the maintenance of tight junctions in epithelial cells. Some studies have reported alterations in AJAP1 expression in various cancers, suggesting a potential role in tumorigenesis and metastasis. The loss or downregulation of AJAP1 can disrupt cell junction integrity, promoting increased cellular migration and invasion, which may facilitate cancer progression. Additionally, aberrant signaling pathways linked to AJAP1 might influence cellular proliferation and apoptosis, contributing to the cancerous phenotype. However, the specific mechanisms and the extent of AJAP1's involvement in cancer pathophysiology are still areas of active research, and further investigation is necessary to clarify its role.",0
FABP6,534,0.375,0.0,0.0,0.625,0.0,1.0,0.0,0.0,1.0,0.0,1.25,1.25,1.0,1.0,0.4618937644341801,0.8186699129119874,198270.1,448.0,0.03805225,0.0,0.0,0.0,0.0,0.0,0.0,0.0,0.0,0.0,0.0,0.0,0.0,0.0,0.0,5.0,0.0,0.0,0.0,0.0,0.0,3.0,0.0,0.0,0.0,0.0,0.0,0.0,8.0,0.0,7.0,14.203375,90.72738227,21.875873077074505,1.966779488270049,0.2761669743589743,0.0154233541428601,195.0,-0.2414030875576036,0.0142041919436635,217.0,0.2578568689320389,0.0150471036444304,412.0,2.377953455889552,0.7896106156133124,0.111514500398345,0.0145173604745375,15.3051923429504,2.324230962558419,"The FABP6 gene, which encodes a fatty acid-binding protein predominantly involved in fatty acid transport and metabolism in the intestines, has been implicated in various cancer-related processes. Alterations in lipid metabolism are a hallmark of many cancers, influencing tumor growth, progression, and metastasis. FABP6 may play a role in regulating the availability of fatty acids in the tumor microenvironment, thus affecting energy metabolism and signaling pathways related to cell proliferation and survival. Additionally, the modulation of inflammatory responses and oxidative stress by FABP6 might contribute to the tumorigenic environment. Ongoing research is exploring the precise mechanisms by which FABP6 impacts cancer biology and its potential role in cancer pathophysiology.",0
C12ORF75,192,0.0,0.5,0.0,0.5,0.0,1.0,0.0,0.0,1.0,0.0,1.0,2.0,0.5882352941176471,1.0,0.4338394793926248,0.7961304453139313,649122.9543319192,444.4009897808343,0.0198885680771551,3.014599253636145e-06,3.0,0.0,0.0,0.0,0.0,0.0,0.0,0.0,0.0,0.0,0.0,0.0,0.0,1.0,1.0,0.0,0.0,0.0,0.0,0.0,0.0,0.0,0.0,0.0,0.0,0.0,2.0,0.0,1.0,39.5,84.5,20.875377801207804,1.120519946419795,0.2175644117647059,0.011541216512244,136.0,-0.2260979020979021,0.0185033381378213,143.0,0.2219382078853045,0.0150741520658415,279.0,3.355874972130533,0.0517254734670541,0.040239320535823,0.0106658909938382,20.060674391099585,2.322449260305919,"The relationship between the C12ORF75 gene and cancer is not well established, though some studies suggest it may play a role in oncogenic processes. Potential mechanisms could involve the regulation of cell proliferation, apoptosis, or cell cycle progression, as alterations in gene expression can impact these fundamental cellular functions. Alterations such as mutations or copy number variations in C12ORF75 could theoretically contribute to dysregulation of these pathways, leading to tumorigenesis or cancer progression. However, specific mechanisms and direct evidence linking C12ORF75 to cancer remain to be fully elucidated, warranting further research to clarify its role in the oncological landscape.",0
IFFO1,1716,0.5263157894736842,0.0,0.0,0.4736842105263157,0.0,1.0,0.0,0.0,0.975220114382459,0.0,0.8181818181818182,0.8181818181818182,1.0,1.0,0.7012622720897616,0.950121544173986,2764720.0,179.0,0.04182368,8.033416170676877e-06,7.0,0.0,0.0,0.0,0.0,0.0,0.0,0.0,0.0,0.0,0.0,0.0,1.0,9.0,0.0,0.0,0.0,0.0,0.0,9.0,0.0,0.0,0.0,0.0,0.0,0.0,19.0,0.0,18.0,17.54447368,75.02821304,19.466541599791466,4.235041847331809,0.3436931451612904,0.0733469479843999,248.0,-0.2531162295081968,0.021121131906327,122.0,0.3138272432432433,0.0578407401354691,370.0,3.2221091920622245,0.0267520333576889,0.4199409457477384,0.067580775934621,17.674220311267618,3.2948736884881065,"The IFFO1 gene, implicated in mitochondrial functions and cellular stress responses, has been associated with cancer through its potential roles in regulating apoptosis and metabolic pathways. Specifically, alterations in IFFO1 expression may affect mitochondrial integrity and the production of reactive oxygen species (ROS), contributing to the dysregulation of cell survival and proliferation. Additionally, IFFO1 may influence the expression of factors involved in the mitochondrial unfolded protein response, which is crucial for maintaining cellular homeostasis under stress conditions. Therefore, changes in IFFO1 activity could disrupt normal cellular processes, potentially fostering a tumorigenic environment. However, the precise mechanisms linking IFFO1 to specific cancer types and pathways remain to be fully elucidated.",0
SPEG,9804,0.2661290322580645,0.0241935483870967,0.0080645161290322,0.6048387096774194,0.0,1.0,0.0967741935483871,0.0,0.9257816418718048,0.0,2.2058823529411766,2.676470588235294,0.9208103130755064,1.0,0.4725897920604915,0.8268088440435033,581956.3,335.0,0.03475905,1.6672459531304952e-06,4.0,0.0,0.0,0.0,0.0,0.0,0.0,10.0,2.0,0.0,0.0,0.0,4.0,76.0,3.0,0.0,0.0,0.0,0.0,33.0,1.0,0.0,11.0,1.0,2.0,0.0,115.0,0.0,98.0,18.703,84.32994839,20.90681206672189,2.468862354514019,0.2165504411764705,0.0148970039538779,136.0,-0.2563976978417266,0.0201990015714732,139.0,0.2366914181818182,0.0179113367706091,275.0,3.083848812462548,0.1144397523925464,0.4535524862551693,0.0419750358876751,23.69597084746415,1.9252112608980425,"The SPEG gene (SPECKLE-TYPE POZZY) encodes a protein that plays a role in signaling pathways associated with cell growth and muscle development. Aberrations in the expression or function of SPEG have been implicated in various cancers, potentially through mechanisms such as disruption of normal cell cycle regulation, promotion of oncogenic signaling pathways, or influence on muscle cell differentiation, which can affect tumor microenvironments. Additionally, SPEG's involvement in the regulation of phosphatase activity and nuclear import pathways may further contribute to its role in tumorigenesis by altering cellular homeostasis and facilitating a malignant phenotype. However, the exact mechanisms and the extent of its involvement in different types of cancer remain an area of ongoing research.",0
ADRA2A,1398,0.1818181818181818,0.0,0.0,0.7272727272727273,0.0,1.0,0.0909090909090909,0.0,0.9388425933952066,0.0,3.2,3.6,1.0,1.0,0.0506303478304895,0.2016710102261516,285612.9,547.0,-0.0007109521,3.6032128557932254e-06,9.0,0.0,0.0,0.0,0.0,0.0,0.0,2.0,0.0,0.0,0.0,0.0,0.0,16.0,0.0,0.0,0.0,0.0,0.0,4.0,0.0,0.0,2.0,0.0,0.0,0.0,20.0,0.0,19.0,20.92975,71.46997893,18.219072723850765,2.7452959285957834,0.2084667307692307,0.013194842061053,104.0,-0.3280390522875819,0.0445892472407382,306.0,0.2977085121951222,0.0392874259823776,410.0,2.898940274457352,0.1809890717577441,0.0966157343558414,0.0124539046010484,21.749924979721605,2.614683201251567,"The ADRA2A gene encodes the alpha-2A adrenergic receptor, which plays a role in modulating neurotransmitter release and can influence various biological processes, including those related to cancer. Research suggests that adrenergic signaling, including pathways involving ADRA2A, can affect tumor growth, metastasis, and the microenvironment by influencing angiogenesis and immune responses. For instance, activation of ADRA2A may lead to decreased norepinephrine release, which can alter tumor dynamics and potentially promote an immune-suppressive milieu. Furthermore, the interaction of the adrenergic system with stress responses could also impact cancer progression and patient outcomes. However, the specific mechanisms linking ADRA2A to various cancer types require further investigation to establish direct relationships and pathways involved.",0
ESCO1,2523,0.1428571428571428,0.1071428571428571,0.0,0.5714285714285714,0.0,1.0,0.1785714285714285,0.0,0.8068435878718128,0.0,3.2,4.8,0.5678591709256104,1.0,0.9066183136899364,0.9954974979794792,333266.2,221.0,0.03459093,5.993411193898706e-05,9.0,0.0,0.0,0.0,0.0,0.0,0.0,4.0,1.0,0.0,0.0,0.0,2.0,16.0,3.0,0.0,0.0,0.0,0.0,4.0,0.0,0.0,5.0,0.0,1.0,0.0,24.0,0.0,25.0,18.93641667,97.82363486,19.196239963485223,2.136397687142635,0.2435678735632183,0.0237695049127931,174.0,-0.2712702380952381,0.0206619367506607,210.0,0.2587176041666666,0.0222023342960726,384.0,3.497980746980533,0.0042870848040815,0.0397981078412592,0.0109495687502513,18.107847928567463,0.7071629398569091,"Yes, there is a relationship between the ESCO1 gene and cancer. ESCO1, which encodes a component of the acetyltransferase complex involved in sister chromatid cohesion, has been implicated in the regulation of cell cycle progression and genomic stability. Dysregulation or mutations in ESCO1 can lead to compromised cohesion during cell division, resulting in chromosomal instability—a hallmark of many cancers. This instability can contribute to tumorigenesis by promoting aneuploidy, enhancing genetic diversity among cancer cells, and facilitating the accumulation of mutations that drive oncogenic transformations. Additionally, aberrant expression of ESCO1 has been linked to certain cancer types, suggesting that its regulatory role in cell proliferation and genome maintenance may have critical implications for cancer development and progression.",0
AK3,684,0.2,0.0,0.0,0.8,0.0,1.0,0.0,0.0,1.0,0.0,2.0,2.0,1.0,1.0,0.4282655246252677,0.7914397820646084,231882.0,608.0,0.02993045,1.6905910745977838e-05,8.0,0.0,0.0,0.0,0.0,0.0,0.0,0.0,0.0,0.0,0.0,0.0,0.0,4.0,0.0,0.0,0.0,0.0,0.0,1.0,0.0,0.0,0.0,0.0,0.0,0.0,5.0,0.0,4.0,22.1986,116.1257048,26.70142109465772,0.2395854121047793,0.2709161309523811,0.0270569093747612,168.0,-0.2927162739726023,0.0330412534272873,365.0,0.2858449343339584,0.03120337541602,533.0,3.585461419543844,0.003878324054998,0.0401933202291983,0.000863259594561,17.737796883840492,5.855848270344922,"The AK3 gene, which encodes for adenylate kinase 3, has been implicated in various cellular processes, including energy metabolism and nucleotide synthesis. While direct associations between AK3 and specific cancer types remain unclear, aberrations in energy metabolism are a hallmark of cancer cells. Altered adenylate kinase activity may influence the intracellular balance of ATP and ADP, potentially affecting cell proliferation and survival pathways. Additionally, dysregulation of nucleoside metabolism can impact DNA replication and repair mechanisms, which are critical for maintaining genomic stability. Consequently, while a direct causal link to cancer has not been firmly established, the biochemical roles of AK3 suggest potential mechanisms through which it could contribute to oncogenesis.",0
FAM162B,489,0.4,0.0,0.0,0.4,0.0,1.0,0.2,0.0,1.0,0.0,0.6666666666666666,1.0,1.0,1.0,0.5763688760806917,0.8939523996534999,244987.4,581.0,0.01428191,0.0,0.0,0.0,0.0,0.0,0.0,0.0,0.0,1.0,0.0,0.0,0.0,0.0,0.0,2.0,0.0,0.0,0.0,0.0,0.0,2.0,0.0,0.0,1.0,0.0,0.0,0.0,4.0,0.0,5.0,12.848,124.5638293,18.146168118534185,0.5425913104918946,0.2346472277227722,0.0244391436822376,101.0,-0.2754271841155235,0.0243910815666797,277.0,0.2645309523809524,0.0246656160118226,378.0,2.484560104146308,0.1071862553100717,0.204345914089996,0.0339245038420768,20.060674391099585,2.322449260305919,"The relationship between the FAM162B gene and cancer is not well established, but emerging research suggests it may play a role in cancer biology. FAM162B is implicated in cellular processes such as apoptosis and cell proliferation, which are critical in the context of tumorigenesis. Alterations in the expression levels of FAM162B have been observed in various cancer types, potentially influencing tumor growth and metastasis. Mechanistically, dysregulation of genes involved in cell cycle regulation or apoptosis can lead to increased cellular survival and proliferation, key characteristics of cancer cells. Further studies are necessary to elucidate the precise role of FAM162B in cancer and its underlying mechanisms.",0
DOC2A,1203,0.2222222222222222,0.0,0.0,0.5555555555555556,0.0,1.0,0.1111111111111111,0.1111111111111111,1.0,0.0,1.6666666666666667,2.333333333333333,1.0,1.0,0.5197505197505198,0.8598785614571283,649122.9543319192,444.4009897808343,0.0198885680771551,1.8422297295380904e-05,8.0,0.0,0.0,0.0,0.0,0.0,0.0,1.0,0.0,0.0,1.0,0.0,0.0,5.0,0.0,0.0,0.0,0.0,1.0,2.0,0.0,0.0,2.0,0.0,0.0,0.0,8.0,0.0,10.0,20.264125,53.1835647,23.477424471272283,0.2890548620940679,0.259335931372549,0.0379897713651381,204.0,-0.2437178571428571,0.0225305310697714,126.0,0.2533726666666665,0.0320584785770617,330.0,2.6315330315145595,0.262619390212737,0.0379665369400437,0.0072687080235499,19.70030010975961,3.4410323310656263,"The DOC2A gene has been implicated in various cancers, although the precise mechanisms remain under investigation. It encodes a calcium-dependent protein that is involved in exocytosis and neuronal signaling. Dysregulation of DOC2A may lead to aberrant cellular processes such as impaired cell communication, abnormal proliferation, and disruption of apoptotic pathways, which can contribute to tumorigenesis. Additionally, alterations in DOC2A expression have been associated with the modulation of critical signaling pathways that affect tumor growth and metastasis, suggesting a potential role in the cancer microenvironment. However, more research is needed to elucidate the exact connections and functional implications of DOC2A in specific cancer types.",0
RALY,921,0.4,0.0,0.0,0.6,0.0,1.0,0.0,0.0,1.0,0.0,1.2,1.2,1.0,1.0,0.7178750897343862,0.9558217478805948,873170.6,398.0,0.06115371,6.79357326466032e-05,64.0,0.0,0.0,0.0,0.0,0.0,0.0,0.0,0.0,0.0,0.0,0.0,0.0,6.0,0.0,0.0,0.0,0.0,0.0,4.0,0.0,0.0,0.0,0.0,0.0,0.0,10.0,0.0,9.0,17.7239,112.1556525,27.937917575442885,0.4268927124225505,0.3485787499999999,0.0563837141749999,367.0,-0.2024629545454545,0.0158257244631606,44.0,0.3329741504854366,0.0540447643099821,410.0,3.6758085726935086,0.0045986704820513,0.0735330016813447,0.0056966722068997,28.319718446723755,0.3966303046721011,"Yes, there is evidence suggesting a relationship between the RALY gene and cancer. RALY is known to play a role in RNA metabolism, including mRNA splicing and stability, which are critical processes in gene expression regulation. Dysregulation of RALY has been implicated in various cancer types, where its altered expression can contribute to oncogenesis through mechanisms such as the enhancement of cancer cell proliferation, survival, and invasion. Additionally, the improper modulation of splice variants may lead to the production of oncogenic proteins or the loss of tumor suppressor functions, thus facilitating tumor progression. Further studies are needed to elucidate the specific pathways through which RALY influences cancer development and progression.",0
DACH2,1800,0.1612903225806451,0.1612903225806451,0.0,0.6451612903225806,0.0,1.0,0.032258064516129,0.0,0.8990118091058944,0.0,3.333333333333333,4.333333333333333,0.0981836033382425,1.0,0.3990422984836393,0.7656376123199826,49531.46,444.4009897808343,-0.03153474,0.0,1.0,0.0,0.0,0.0,0.0,0.0,0.0,1.0,0.0,0.0,0.0,0.0,2.0,20.0,4.0,0.0,0.0,0.0,0.0,5.0,1.0,0.0,1.0,0.0,0.0,0.0,32.0,0.0,25.0,21.95671875,110.2957575,21.88701420269522,1.8204614569819408,0.2235922330097086,0.0147208715077098,103.0,-0.288225223880597,0.0456358186131074,134.0,0.2601357805907173,0.0331117389973753,237.0,1.2079971085147756,0.9245461331550175,0.3150328236998637,0.0552048362789953,20.060674391099585,2.322449260305919,"The DACH2 gene, a member of the Dachshund family of developmental regulators, has been implicated in various cellular processes, including tissue development and differentiation. Its potential relationship with cancer is thought to arise through its role in regulating gene expression and controlling cell proliferation and apoptosis. Dysregulation of DACH2 may contribute to tumorigenesis by altering signaling pathways involved in cell cycle progression or by modulating responses to oncogenic stimuli. Furthermore, its interaction with other transcription factors and involvement in developmental pathways may link it to specific cancer types, where aberrations can lead to altered differentiation states and malignancy. However, the precise mechanisms by which DACH2 may influence cancer biology are still under investigation.",0
PHTF2,2256,0.0714285714285714,0.0357142857142857,0.0,0.75,0.0,1.0,0.1428571428571428,0.0,0.913750903840754,0.0,7.0,8.666666666666666,0.940733772342427,1.0,0.2792516056967327,0.6354767079073709,246672.7,730.0,0.02471001,1.34135945825359e-06,2.0,0.0,0.0,0.0,0.0,0.0,0.0,3.0,1.0,0.0,0.0,0.0,1.0,18.0,1.0,0.0,0.0,0.0,0.0,2.0,3.0,0.0,3.0,0.0,1.0,0.0,25.0,0.0,24.0,22.08964,54.95733757,14.55852672320605,0.0479673476740481,0.2954142708333336,0.0257775447284486,384.0,-0.2538659493670885,0.0219812354192794,79.0,0.2883250323974085,0.0253256312583863,463.0,3.504502235235732,0.0047843772984079,0.0735213087450905,0.0143650708030734,18.53112076560473,2.023736875800612,"The PHTF2 gene has been implicated in various cellular processes, including regulation of cell proliferation and differentiation. Its potential relationship with cancer may be linked to its role in transcriptional regulation and cellular signaling pathways. Dysregulation of PHTF2 expression could lead to abnormal cell growth and survival, contributing to tumorigenesis. Additionally, alterations in gene expression or mutations affecting PHTF2 function may influence oncogenic pathways, enhance the metastatic potential of cancer cells, or interfere with apoptosis. However, the specific mechanisms through which PHTF2 may influence cancer development and progression require further investigation to elucidate its precise role in oncogenic processes.",0
CTF1,606,0.25,0.0,0.25,0.5,0.0,1.0,0.0,0.0,1.0,0.0,1.0,1.5,0.1199472232217824,1.0,0.3323363243602525,0.6984406107171512,1508459.0,247.0,0.04553438,5.113363494468077e-06,3.0,0.0,0.0,0.0,0.0,0.0,0.0,0.0,0.0,0.0,0.0,0.0,0.0,2.0,0.0,0.0,0.0,0.0,0.0,1.0,1.0,0.0,0.0,0.0,0.0,0.0,4.0,0.0,4.0,22.86,73.4064,21.047625084861327,2.0728663788744592,0.2623665865384615,0.0485486878457799,208.0,-0.2412282352941176,0.0222039946858424,119.0,0.2546740366972475,0.038967706084882,327.0,2.673697732663365,0.0845715505350062,0.6928856133209316,0.0623407032054853,18.350063009203406,2.325911397783384,"The CTF1 gene, also known as cardiotrophin-1, has been implicated in various cellular processes, including inflammation and cell survival, which can influence tumorigenesis. Elevated levels of CTF1 have been observed in certain cancer types, suggesting its potential role in promoting cancer cell proliferation and survival through signaling pathways such as the JAK/STAT pathway. Additionally, CTF1 can modulate the tumor microenvironment by promoting inflammatory responses, which can foster a pro-tumorigenic niche. The interaction of CTF1 with various cytokines and growth factors may also contribute to the regulation of cancer-associated processes, including angiogenesis and metastatic potential.",0
B3GALT5,945,0.2727272727272727,0.0,0.0,0.7272727272727273,0.0,1.0,0.0,0.0,1.0000000000000002,0.0,2.0,2.0,1.0,1.0,1.0,1.0,286705.1,689.0,-0.07015616,0.0,0.0,0.0,0.0,0.0,0.0,0.0,0.0,0.0,0.0,0.0,0.0,0.0,8.0,8.0,0.0,0.0,0.0,0.0,0.0,3.0,0.0,0.0,0.0,0.0,0.0,0.0,19.0,0.0,19.0,9.365,85.36853978,21.6590313512734,4.747250802716947,0.2417428571428571,0.0177065866110154,84.0,-0.2734835741444866,0.0265133069810698,263.0,0.2657999423631124,0.0245094641762972,347.0,2.947963811218416,0.3723279505605303,0.172806471730436,0.0233807408582747,20.060674391099585,2.322449260305919,"Yes, there is a relationship between the B3GALT5 gene and cancer. B3GALT5 encodes for an enzyme involved in the synthesis of certain glycoproteins and glycolipids through the addition of galactose to specific substrates, which is crucial for proper cellular signaling and interaction. Alterations in glycosylation patterns due to dysregulation of B3GALT5 can impact cell adhesion, migration, and immune evasion, contributing to tumor progression and metastasis. Additionally, aberrant glycosylation can influence the cancer microenvironment, affecting interactions between tumor cells and surrounding stroma or immune cells, thereby promoting tumor growth and resistance to therapies.",0
BOD1L1,9156,0.171875,0.0625,0.015625,0.703125,0.0,1.0,0.046875,0.0,0.9322916666666666,0.0,3.75,4.416666666666667,0.4906771344455349,1.0,0.0468033323972666,0.1901058164150377,133544.8,511.0,0.02729679,3.173795281919789e-07,5.0,0.0,0.0,0.0,0.0,0.0,0.0,3.0,0.0,0.0,0.0,0.0,2.0,43.0,4.0,0.0,0.0,0.0,0.0,11.0,3.0,0.0,4.0,0.0,0.0,0.0,62.0,0.0,49.0,17.66648387,109.2483526,24.42350817190472,1.1013576318176184,0.251439649122807,0.0262806305963359,113.0,-0.2672722131147542,0.0217972256897321,244.0,0.2622305586592179,0.0232098424237766,357.0,3.683192511494276,0.0080861050758826,0.0461953794975072,0.0109681411994948,25.74086099806878,0.5503221380280542,"The relationship between the BOD1L1 gene and cancer is not well-established, but emerging evidence suggests it may play a role in tumor biology. BOD1L1 is involved in regulating DNA replication and maintaining genomic stability; dysregulation of these processes can lead to genomic instability, a hallmark of many cancers. Additionally, BOD1L1 has been implicated in cellular responses to stress and damage repair mechanisms, which, when altered, could contribute to oncogenic transformations. The precise mechanisms through which BOD1L1 might influence tumorigenesis, including potential interactions with other pathways related to cell cycle regulation and apoptosis, require further investigation to clarify its impact on cancer development and progression.",0
CEP19,504,0.2,0.0,0.0,0.4,0.0,1.0,0.0,0.2,1.0,0.2,1.0,2.0,0.1900779319521003,1.0,0.8396305625524769,0.9863923512788942,818752.9,446.0,0.04530792,1.7533069634679502e-05,13.0,0.0,0.0,0.0,0.0,0.0,0.0,0.0,0.0,0.0,1.0,0.0,4.0,2.0,0.0,1.0,0.0,0.0,0.0,1.0,0.0,0.0,1.0,0.0,0.0,0.0,8.0,0.0,8.0,19.415875,132.2514641,16.23737543743839,0.5344398993667422,0.3651040112994353,0.0725024653119091,354.0,-0.287167,0.0298489184616853,90.0,0.3493059684684686,0.0647534701852901,444.0,3.002587736118155,0.0223987799808102,0.0389724471893319,0.0090645181159118,20.060674391099585,2.322449260305919,"The CEP19 gene encodes a protein involved in the assembly and functioning of centrosomes, which are crucial for proper cell division and stability of the cytoskeleton. Dysregulation of CEP19 may lead to aberrant centrosome function, contributing to aneuploidy and genomic instability, both of which are hallmarks of cancer. Additionally, altered CEP19 expression has been implicated in tumor proliferation and metastasis. Mechanistically, aberrant levels of CEP19 could affect the distribution of microtubules during mitosis, potentially promoting the survival of cells with genetic alterations that facilitate oncogenesis. Thus, while the direct relationship between CEP19 and specific cancer types remains to be fully elucidated, its role in cellular division and stability suggests a significant potential involvement in cancer biology.",0
ENOX1,1932,0.3809523809523809,0.0952380952380952,0.0,0.4285714285714285,0.0,1.0,0.0952380952380952,0.0,0.9132684766868748,0.0,1.0,1.4444444444444444,0.7052186177715092,1.0,0.9587727708533078,0.9991382320408776,99613.92,523.0,0.0363162,6.213664699213594e-06,12.0,0.0,0.0,0.0,0.0,0.0,0.0,2.0,0.0,0.0,0.0,0.0,0.0,10.0,2.0,0.0,0.0,0.0,0.0,8.0,0.0,0.0,2.0,1.0,0.0,0.0,19.0,0.0,19.0,20.36710526,160.5507389,19.002359633193866,3.4495040113486364,0.2916385454545453,0.0330879892990908,165.0,-0.3041446036585364,0.0311928931998424,327.0,0.2999590060851926,0.0317960885947418,492.0,2.856962877929593,0.0578251758752929,0.0528557808707198,0.0130336331399284,17.446992855359767,1.2261558841415845,"Yes, there is a relationship between the ENOX1 gene and cancer. ENOX1 encodes an NADH oxidase implicated in the generation of reactive oxygen species (ROS), which can influence cellular signaling pathways and redox status. Altered expression of ENOX1 has been associated with various tumor types, where its activity may contribute to increased oxidative stress and promote oncogenic processes such as proliferation, migration, and invasion. Moreover, ENOX1 appears to be involved in the regulation of apoptosis, and its dysregulation can lead to evasion of programmed cell death, a hallmark of cancer. These mechanisms underscore its potential role in tumorigenesis and tumor progression.",0
AP2M1,1308,0.4,0.0,0.0,0.4,0.0,1.0,0.2,0.0,1.0,0.0,0.6666666666666666,1.0,1.0,1.0,0.6422607578676943,0.9266287044649076,1456939.0,257.0,0.0452368,0.0016363303084019,178.0,0.0,0.0,0.0,0.0,0.0,0.0,1.0,0.0,0.0,0.0,0.0,2.0,2.0,0.0,0.0,0.0,0.0,0.0,2.0,0.0,0.0,1.0,1.0,0.0,0.0,5.0,0.0,7.0,16.1778,139.0170452,27.22669165359534,0.2929261399358376,0.417477834224599,0.1142605796078972,374.0,-0.26551828125,0.0246333184176339,64.0,0.395273698630137,0.1039657209798814,438.0,3.783408525239024,0.0034962196608253,0.0380314880775486,0.0041827606923457,21.76819645650199,3.2232010987968303,"Yes, there is a relationship between the AP2M1 gene and cancer. AP2M1 encodes a subunit of the adapter protein complex 2, which plays a critical role in clathrin-mediated endocytosis and intracellular trafficking. Dysregulation of AP2M1 can affect the internalization and degradation of various receptors, including growth factor receptors and tumor suppressors, thereby influencing signaling pathways associated with cell proliferation, differentiation, and apoptosis. Altered expression of AP2M1 has been implicated in certain cancer types, potentially leading to enhanced survival of cancer cells and promoting tumorigenic processes. These mechanisms highlight the importance of endocytic processes in maintaining cellular homeostasis and their disruption in tumor biology.",0
SLC30A4,1290,0.0,0.0,0.0,1.0,0.0,1.0,0.0,0.0,1.0,0.0,4.0,4.0,1.0,1.0,0.2830455703368242,0.6402907920682164,207518.3,299.0,0.01034262,8.328865386114784e-06,19.0,0.0,0.0,0.0,0.0,0.0,0.0,0.0,0.0,0.0,0.0,0.0,0.0,4.0,0.0,0.0,0.0,0.0,0.0,0.0,0.0,0.0,0.0,0.0,0.0,0.0,4.0,0.0,3.0,23.925,7.8225,16.298940964238774,0.6606498996661336,0.2063795588235293,0.0110063420938323,68.0,-0.2683283032490977,0.0225297302866033,277.0,0.256118115942029,0.0208289386002191,345.0,3.3234981370950862,0.0149284544960294,0.0786255497467599,0.0057412366359541,18.0713152205662,3.410046711826153,"The SLC30A4 gene encodes a zinc transporter involved in the regulation of intracellular zinc levels, which play a crucial role in various cellular processes including apoptosis, proliferation, and oxidative stress response. Dysregulation of zinc homeostasis has been implicated in cancer biology, as high levels of zinc can promote tumor proliferation while insufficient zinc levels may impair DNA repair and increase genomic instability. Moreover, alterations in SLC30A4 expression have been observed in certain cancers, suggesting a potential role in tumor development and progression. Mechanistically, disturbances in zinc transport can influence signaling pathways such as the mitogen-activated protein kinase (MAPK) and phosphoinositide 3-kinase (PI3K)/Akt pathways, thereby affecting cell survival and malignancy characteristics.",0
ITGA1,3540,0.2307692307692307,0.0384615384615384,0.0384615384615384,0.6153846153846154,0.0,1.0,0.0384615384615384,0.0384615384615384,0.9610929403394044,0.0,2.2857142857142856,2.857142857142857,0.6675567423230975,1.0,0.7189072609633357,0.9561631293611114,173759.5,379.0,0.00866427,4.374301129622845e-05,9.0,0.0,0.0,0.0,0.0,0.0,0.0,1.0,0.0,0.0,1.0,0.0,0.0,16.0,1.0,0.0,0.0,0.0,0.0,6.0,1.0,0.0,2.0,0.0,0.0,0.0,24.0,0.0,23.0,18.24016667,114.8402609,25.55277437369591,1.375338658919262,0.2668289473684211,0.0279233906424148,171.0,-0.2578967619047619,0.0216251896066894,210.0,0.2619056955380579,0.024405686395107,381.0,3.673681450274312,0.0170695794225951,0.111514500398345,0.0145173604745375,20.060674391099585,2.322449260305919,"The ITGA1 gene encodes the alpha-1 subunit of integrin, which is involved in cell adhesion, migration, and interaction with the extracellular matrix. Dysregulation of ITGA1 has been implicated in various cancer types, where altered expression or function can facilitate tumor progression, metastasis, and interaction with the tumor microenvironment. Specifically, ITGA1 may affect cell proliferation and survival through signaling pathways that enhance cellular interactions with fibronectin and other extracellular components, leading to an increased potential for malignant transformation and invasiveness. Furthermore, its role in epithelial-mesenchymal transition (EMT) may contribute to the metastatic capabilities of tumor cells. Overall, the relationship between ITGA1 and cancer appears significant, though mechanisms can vary across different tumor contexts.",0
CLDN7,636,1.0,0.0,0.0,0.0,0.0,1.0,0.0,0.0,1.0,0.0,0.0,0.0,1.0,1.0,1.0,1.0,1782958.0,316.0,0.02089463,6.1305890782958565e-06,5.0,0.0,0.0,0.0,0.0,0.0,0.0,0.0,0.0,0.0,0.0,0.0,0.0,1.0,0.0,0.0,0.0,0.0,0.0,2.0,0.0,0.0,0.0,0.0,0.0,0.0,3.0,0.0,3.0,12.52,1.4131,18.57447569490745,21.34958534988983,0.2507787654320987,0.0251345459284567,81.0,-0.2766018457943925,0.0198380431771471,428.0,0.2724924754420432,0.0207224921576396,509.0,3.4762292358175526,0.1086133867155916,0.1106285340947283,0.0115558987731714,24.04806314068426,1.671230175633903,"Yes, there is a relationship between the CLDN7 gene and cancer. CLDN7 encodes a tight junction protein that plays a crucial role in maintaining epithelial barrier integrity. Dysregulation of CLDN7 expression has been observed in various cancers, where it can contribute to tumor progression and metastasis. In some instances, high levels of CLDN7 have been associated with enhanced cell migration and invasion, potentially through mechanisms involving epithelial-to-mesenchymal transition (EMT) and altered adhesion properties. Additionally, aberrant expression of CLDN7 may influence signaling pathways that promote tumor growth or immune evasion, further implicating it in cancer biology. Overall, the involvement of CLDN7 in cancer highlights its potential role in epithelial malignancies and the complexity of tight junction dynamics in tumor microenvironments.",0
TM4SF4,609,0.0,0.0,0.0,0.6666666666666666,0.0,1.0,0.3333333333333333,0.0,1.0,0.0,2.0,3.0,1.0,1.0,0.0581192607230036,0.223483561559872,558015.6,159.0,0.005658445,0.0,1.0,0.0,0.0,0.0,0.0,0.0,0.0,1.0,0.0,0.0,0.0,0.0,0.0,2.0,0.0,0.0,0.0,0.0,0.0,0.0,0.0,0.0,1.0,0.0,0.0,0.0,2.0,0.0,3.0,30.6,3.92,18.30023872963784,0.9496843003377938,0.340513605633803,0.0596226723841377,355.0,-0.2492627272727272,0.0214658803032167,66.0,0.3262082422802854,0.0546788501630935,421.0,1.6857670069826785,1.2825327134105649,0.111514500398345,0.0145173604745375,20.060674391099585,2.322449260305919,"The TM4SF4 gene encodes a member of the transmembrane 4 LSix family (TM4SF) of proteins, which are implicated in various cellular processes, including cell adhesion, signal transduction, and membrane organization. Alterations in the expression or function of TM4SF4 have been associated with cancer progression and metastasis. Specifically, deregulation of this gene may influence cell proliferation, invasion, and the tumor microenvironment through mechanisms such as modulation of integrin signaling pathways, affecting cell-matrix interactions, and altering immune cell behavior. Additionally, TM4SF4 may engage in interactions that promote the epithelial-mesenchymal transition (EMT), a critical step in cancer metastasis, thereby enhancing the migratory and invasive capabilities of cancer cells. These molecular alterations suggest a potential role for TM4SF4 in tumorigenesis and cancer development.",0
RNF222,663,0.2222222222222222,0.0,0.0,0.7777777777777778,0.0,1.0,0.0,0.0,1.0,0.0,2.333333333333333,2.333333333333333,1.0,1.0,0.6958942240779401,0.9481959687521836,649122.9543319192,444.4009897808343,0.0198885680771551,0.0,1.0,0.0,0.0,0.0,0.0,0.0,0.0,0.0,0.0,0.0,0.0,0.0,0.0,7.0,0.0,0.0,0.0,0.0,1.0,2.0,0.0,0.0,0.0,0.0,0.0,0.0,10.0,0.0,10.0,13.8929,94.15521521,21.88701420269522,1.8204614569819408,0.235425,0.0203406302386666,76.0,-0.2771789702517162,0.0196161475996252,437.0,0.2709931968810917,0.0199044067233537,513.0,2.334165035605627,0.9628117828417988,0.111514500398345,0.0145173604745375,14.797860366111143,1.8806693716488028,"The RNF222 gene has garnered interest in cancer research due to its potential role in modulating key cellular processes such as proliferation, apoptosis, and DNA damage repair. Studies suggest that RNF222 may function as an E3 ubiquitin ligase, tagging specific proteins for degradation, which can influence tumorigenesis by regulating the stability of oncoproteins or tumor suppressors. Dysregulation or altered expression of RNF222 could therefore contribute to aberrant cellular signaling pathways, promoting cancer cell survival and proliferation. Moreover, RNF222's involvement in the cellular response to stress and its potential interactions with various signaling cascades highlights its relevance in the context of cancer biology. Further elucidation of its mechanisms and regulatory pathways is necessary to fully understand its implications in cancer development and progression.",0
SUN1,2358,0.3,0.1,0.0,0.55,0.0,1.0,0.05,0.0,0.9449911312986874,0.0,1.5714285714285714,2.0,0.2918855808523059,1.0,0.5211047420531527,0.8607630104354158,642960.3,310.0,0.02935543,5.101455555929984e-05,13.0,0.0,1.0,1.0,0.0,0.0,0.0,0.0,1.0,0.0,0.0,0.0,5.0,11.0,2.0,0.0,0.0,0.0,0.0,6.0,1.0,0.0,0.0,0.0,1.0,0.0,27.0,0.0,23.0,15.60696296,150.4435016,24.492875653638183,1.2699070550814264,0.304414362745098,0.0253976070536469,407.0,-0.3102186991869919,0.0502949387064907,120.0,0.305758870056497,0.031086778516834,527.0,3.68334485595148,0.0027480783319297,0.0767975445192171,0.0138261558962662,20.289232526646654,1.5799972582023103,"The SUN1 gene, encoding a protein involved in nuclear envelope structure and function, has been implicated in cancer through its roles in cellular processes such as nuclear stability, genomic integrity, and mechanotransduction. Alterations in SUN1 expression or function may contribute to aberrant cellular signaling pathways, leading to enhanced tumorigenesis. Its association with the nuclear lamina can influence chromatin organization, potentially facilitating genomic instability, a hallmark of cancer. Furthermore, dysregulation of SUN1 may affect cell migration and invasion, key features in cancer metastasis, by altering the mechanical properties of the nucleus and consequently influencing cellular responses to the extracellular matrix. Such mechanisms underscore the relevance of SUN1 in the context of cancer biology.",0
MNAT1,930,1.0,0.0,0.0,0.0,0.0,1.0,0.0,0.0,1.0,0.0,0.0,0.0,1.0,1.0,1.0,1.0,261237.8,578.0,0.005305946,0.0001321541081892,54.0,1.0,0.0,0.0,0.0,0.0,0.0,0.0,0.0,0.0,0.0,0.0,0.0,0.0,0.0,0.0,0.0,0.0,0.0,3.0,0.0,0.0,0.0,0.0,0.0,0.0,4.0,0.0,4.0,8.78575,32.53282558,22.91013673130988,0.7614683990154542,0.2381230538922155,0.0216327667586898,167.0,-0.2920298534798533,0.0227592891007137,273.0,0.2715697727272726,0.0229673527275108,439.0,3.3717778646089367,0.0062544537111644,0.111514500398345,0.0145173604745375,20.6678682077334,1.606529142356372,"The MNAT1 gene, which encodes a protein involved in the regulation of RNA polymerase II and transcriptional activities, has been implicated in cancer biology through its potential roles in cellular signaling and gene expression regulation. Dysregulation of MNAT1 may lead to aberrant transcriptional processes, contributing to oncogenic pathways and promoting tumorigenesis. Additionally, alterations in MNAT1 expression can influence cellular responses to stress and apoptosis, further impacting cancer progression and metastasis. These mechanisms highlight the importance of MNAT1 in maintaining normal cellular functions, where its disruption may facilitate malignant transformation and influence tumor behavior.",0
VWA5A,2361,0.0952380952380952,0.0476190476190476,0.0,0.8571428571428571,0.0,1.0,0.0,0.0,1.0,0.0,6.0,6.333333333333333,0.8278145695364238,1.0,0.0598981731057202,0.2285180756750894,177268.7,744.0,-0.01089077,1.869491851301332e-05,2.0,0.0,0.0,0.0,0.0,0.0,0.0,0.0,0.0,0.0,0.0,0.0,0.0,16.0,1.0,0.0,0.0,0.0,0.0,2.0,2.0,0.0,0.0,0.0,0.0,0.0,21.0,0.0,21.0,17.39804762,132.5749324,25.34792700528684,0.7624552803376734,0.2091780530973451,0.0207365653515328,113.0,-0.2805842922374428,0.0250446255218591,219.0,0.2562803614457832,0.0246594795636151,332.0,3.473833165395006,0.0163173324204558,0.111514500398345,0.0145173604745375,20.464345305526034,0.8025974774983523,"The VWA5A gene, which encodes a protein involved in cell adhesion and extracellular matrix interactions, has been implicated in various cancers. Alterations in VWA5A expression can affect cellular signaling pathways and the tumor microenvironment, potentially contributing to tumorigenesis and metastasis. For instance, reduced or dysregulated expression of VWA5A may disrupt normal cell adhesion mechanisms, enhancing cellular motility and invasion, which are hallmark features of cancer progression. Additionally, its role in modifying the extracellular matrix may influence tumor cell interactions with surrounding stromal cells, further facilitating a tumor-promoting microenvironment. However, the exact mechanisms linking VWA5A to specific cancer types and the broader implications of its functional alterations remain to be elucidated.",0
GPR65,1014,0.0833333333333333,0.0833333333333333,0.0,0.5,0.0,1.0,0.3333333333333333,0.0,0.7301310573425013,0.0,3.0,5.5,0.4597701149425287,1.0,0.5382131324004306,0.8716365125896914,115758.3,976.0,-0.03640708,0.0,0.0,0.0,0.0,0.0,0.0,0.0,0.0,3.0,1.0,0.0,0.0,0.0,0.0,6.0,1.0,0.0,0.0,0.0,0.0,1.0,0.0,0.0,3.0,0.0,1.0,0.0,8.0,0.0,12.0,21.812375,82.87776798,21.88701420269522,1.8204614569819408,0.2373106666666667,0.018740301796868,150.0,-0.286849817518248,0.0226131900025306,274.0,0.269324174528302,0.0217579057629103,424.0,3.239407197408424,0.0178080351026251,0.111514500398345,0.0145173604745375,19.4601744122048,0.9672494519828968,"The GPR65 gene, which encodes a G-protein coupled receptor, has been implicated in various biological processes, including immune regulation and cell signaling. Some studies suggest that alterations in GPR65 expression may contribute to tumor progression and immune evasion in cancer. For instance, GPR65 is involved in the regulation of T-cell activation and differentiation, which can influence the tumor microenvironment and the antitumor immune response. Additionally, dysregulation of GPR65 may affect apoptosis and proliferation pathways, potentially leading to enhanced tumor growth or metastasis. However, the mechanisms connecting GPR65 and cancer are still an area of ongoing research, and further elucidation is needed to clarify its role in oncogenesis.",0
DDN,2136,0.0714285714285714,0.0,0.0,0.7857142857142857,0.0,1.0,0.1428571428571428,0.0,0.9624786378518296,0.0,5.5,6.5,1.0,1.0,0.1450536698578474,0.4251017505214206,1737773.0,214.0,0.05502223,6.766661310371127e-07,3.0,0.0,0.0,0.0,0.0,0.0,0.0,2.0,0.0,0.0,0.0,0.0,0.0,11.0,0.0,0.0,0.0,0.0,0.0,1.0,0.0,0.0,2.0,0.0,0.0,0.0,12.0,0.0,14.0,19.72233333,59.96244352,22.40564815490014,10.18137173494322,0.2161484105960265,0.0111018517734569,151.0,-0.2500941463414634,0.0276999220408636,123.0,0.2313868248175181,0.0187647524232146,274.0,2.0477427727709605,0.6200374269288579,0.0408893574139894,0.0096021828231952,21.63347945979146,1.501056480049991,"The DDN gene, which codes for the protein doublecortin domain-containing protein, has been implicated in various cellular processes, including differentiation and neurogenesis. While direct associations between DDN and cancer are not well-established, some studies suggest that dysregulation of genes involved in neurodevelopment may contribute to tumorigenesis in certain contexts. For instance, aberrant expression of DDN may influence cell signaling pathways that regulate cell proliferation and survival, potentially leading to enhanced malignancy in neuroectodermal tumors. Moreover, since the DDN protein is involved in cytoskeletal dynamics and cellular morphology, alterations in its expression could affect metastasis and invasiveness in cancerous cells. Thus, while the mechanisms remain to be fully elucidated, there are plausible pathways through which DDN could contribute to cancer biology.",0
RPL36,318,0.0,0.0,0.0,1.0,0.0,1.0,0.0,0.0,1.0,0.0,1.0,1.0,1.0,1.0,0.7418397626112759,0.9633694454674446,879991.3,295.0,0.0210865,4.595761174947807e-05,109.0,0.0,0.0,0.0,0.0,0.0,0.0,0.0,0.0,0.0,0.0,0.0,0.0,1.0,0.0,0.0,0.0,0.0,0.0,0.0,0.0,0.0,0.0,0.0,0.0,0.0,1.0,0.0,1.0,21.7,0.0,26.094941678007903,0.590682913065857,0.2922347058823531,0.0698071952680609,136.0,-0.2510031474103586,0.0192358798456541,250.0,0.2654927906976742,0.0372613896289794,386.0,3.815169051412736,0.0062707882779125,0.0546211036155177,0.0140124791055718,20.060674391099585,2.322449260305919,"The RPL36 gene, which encodes a ribosomal protein component of the 60S subunit, may have implications in cancer biology, primarily through its role in protein synthesis and the regulation of cell growth. Alterations in ribosomal proteins, including RPL36, can lead to ribosomopathies and dysregulated signaling pathways that are often observed in cancer cells. For instance, aberrant expression of ribosomal proteins can affect the translation of oncogenes and tumor suppressor genes, contributing to tumorigenesis. Additionally, altered ribosomal function may influence the cellular response to stress and the regulation of apoptosis, further establishing a potential link between RPL36 and malignancies. While specific mechanisms remain to be elucidated, the involvement of RPL36 in ribosome biogenesis and its resultant effects on cellular homeostasis suggest a plausible, albeit complex, relationship with cancer.",0
SAFB,2754,0.1923076923076923,0.0769230769230769,0.0384615384615384,0.5769230769230769,0.0,1.0,0.1153846153846153,0.0,0.8403604754659768,0.0,2.5,3.5,0.0755401117993654,1.0,0.4743833017077799,0.8281497299236792,879991.3,295.0,0.0210865,0.0001191792242741,75.0,0.0,0.0,0.0,0.0,0.0,0.0,2.0,1.0,0.0,0.0,0.0,0.0,13.0,2.0,0.0,0.0,0.0,0.0,5.0,3.0,0.0,2.0,0.0,1.0,0.0,23.0,0.0,24.0,23.3506087,92.47239298,26.66041825469489,0.3242022123014182,0.2876967164179106,0.0664899310492873,134.0,-0.2532076377952756,0.0196695263777971,254.0,0.2651188144329894,0.0359790584032418,387.0,3.562837508240082,0.0040721124929547,0.0453687982239404,0.0113134697631306,26.319595711945823,1.8317202018038847,"The SAFB ( scaffold attachment factor B) gene has been implicated in various cellular processes, including transcription regulation, RNA processing, and chromatin organization. Dysregulation of SAFB has been associated with cancer development through mechanisms such as altered gene expression profiles and disruption of epigenetic states. For instance, SAFB can interact with transcription factors and other regulatory elements to modulate the expression of genes involved in cell cycle regulation and apoptosis. Additionally, its role in RNA splicing may contribute to the production of oncogenic isoforms, further promoting tumorigenesis. Therefore, the involvement of SAFB in cancer likely stems from its multifaceted contributions to gene regulation and cellular homeostasis.",0
CETP,1482,0.0666666666666666,0.0,0.0666666666666666,0.8,0.0,1.0,0.0666666666666666,0.0,0.9658722633586913,0.0,6.0,7.0,0.7204610951008645,1.0,0.0700623554963918,0.2563139943002613,842366.2,125.0,0.05204742,8.356238761065324e-07,2.0,0.0,0.0,0.0,0.0,0.0,0.0,1.0,0.0,0.0,0.0,0.0,0.0,12.0,0.0,0.0,0.0,0.0,0.0,1.0,1.0,0.0,1.0,0.0,0.0,0.0,14.0,0.0,13.0,16.98914286,56.5417449,20.272870958519004,1.084417249625141,0.2350878698224852,0.0274480811204353,169.0,-0.2906569849246231,0.0264626920241967,199.0,0.2651374728260869,0.0276106046140319,368.0,2.473380310717132,0.1452812028693263,0.111514500398345,0.0145173604745375,20.060674391099585,2.322449260305919,"The relationship between the CETP gene (cholesteryl ester transfer protein) and cancer is not fully elucidated, but emerging research suggests potential mechanisms linking CETP activity to tumor biology. CETP is involved in lipid metabolism and the modulation of lipoprotein profiles, which can influence systemic inflammation and the tumor microenvironment. Elevated levels of certain lipids, such as cholesterol and fatty acids, have been implicated in tumorigenesis and cancer progression. Additionally, CETP's role in transporting lipids may affect the availability of bioactive lipids that regulate cell proliferation, apoptosis, and angiogenesis. Altered CETP activity could therefore impact lipid homeostasis in tissues, potentially contributing to cancer development or progression through mechanisms related to inflammation and cellular signaling pathways. However, further studies are needed to clarify these associations and their biological implications.",0
FZD2,1698,0.1333333333333333,0.0,0.0,0.8666666666666667,0.0,1.0,0.0,0.0,1.0,0.0,4.333333333333333,4.333333333333333,1.0,1.0,0.205761316872428,0.5310778678832104,1261037.0,254.0,0.01613285,2.231645511685121e-05,11.0,0.0,1.0,1.0,0.0,0.0,0.0,0.0,0.0,0.0,0.0,0.0,0.0,13.0,0.0,0.0,0.0,0.0,0.0,2.0,0.0,0.0,0.0,0.0,0.0,0.0,17.0,0.0,15.0,25.87823529,65.13934044,17.705205257076912,3.4554544522252955,0.2319265340909091,0.0125936148810616,176.0,-0.26980128342246,0.0207236285886665,187.0,0.2514377685950413,0.0170954103593717,363.0,3.022904186893101,0.0354205440449643,0.1011026247423405,0.0068578538962811,20.060674391099585,2.322449260305919,"Yes, there is a relationship between the FZD2 gene and cancer. FZD2 (Frizzled Class Receptor 2) is a member of the Frizzled family of receptors that mediate Wnt signaling, which is crucial for various cellular processes, including cell proliferation, differentiation, and apoptosis. Aberrant Wnt signaling, often due to dysregulation of Frizzled receptors, has been implicated in tumorigenesis. Increased expression of FZD2 has been observed in several cancer types, where it may enhance the proliferation and survival of cancer cells by promoting β-catenin activity and subsequent transcription of target genes involved in growth and metastasis. Additionally, FZD2 may interact with other signaling pathways, influencing the tumor microenvironment and contributing to cancer progression.",0
SS18L2,234,0.0,0.0,0.0,1.0,0.0,1.0,0.0,0.0,1.0,0.0,1.0,1.0,1.0,1.0,0.1826484018264839,0.4931858037812906,350455.2,445.0,0.04219259,0.0,0.0,0.0,0.0,0.0,0.0,0.0,0.0,0.0,0.0,0.0,0.0,0.0,0.0,1.0,0.0,0.0,0.0,0.0,0.0,0.0,0.0,0.0,0.0,0.0,0.0,0.0,1.0,0.0,1.0,21.6,0.0,19.82556426611403,1.7933690963859958,0.2234395041322313,0.0163515656064187,121.0,-0.2745787969924814,0.0182283595286998,399.0,0.2626790769230769,0.0182271362808418,520.0,3.215840442849632,0.0100125292363866,0.0492102917203927,0.0117250535556908,13.18674996784014,0.3010118374546645,"The SS18L2 gene has been implicated in various cellular processes, including chromatin remodeling and gene regulation, which are crucial in maintaining genomic stability. Dysregulation of SS18L2 may contribute to oncogenic pathways, potentially through mechanisms that involve the modulation of transcription factors or interaction with other chromatin-associated proteins. Furthermore, variations in SS18L2 expression could influence the tumor microenvironment and affect cellular responses to stress, apoptosis, and proliferation. These factors collectively suggest a conceivable link between SS18L2 and cancer biology, although specific correlations and mechanisms remain an area for further investigation.",0
CPM,1332,0.25,0.0,0.0,0.5833333333333334,0.0,1.0,0.0833333333333333,0.0833333333333333,1.0,0.0,1.75,2.25,1.0,1.0,0.2738225629791895,0.6284980730374377,645105.5,228.0,0.02839321,1.8070239872208809e-06,2.0,0.0,0.0,0.0,0.0,0.0,0.0,1.0,0.0,0.0,1.0,0.0,0.0,7.0,0.0,0.0,0.0,0.0,0.0,3.0,0.0,0.0,2.0,0.0,0.0,0.0,10.0,0.0,10.0,18.2563,108.4096813,23.77017966319553,1.923451189068664,0.4239970202020202,0.4110808137164565,196.0,-0.203239569892473,0.0136803501411173,93.0,0.3534456701030927,0.2942252078467044,289.0,3.4845990950719616,0.0328859655809467,0.3631470473546628,0.035476123906437,20.060674391099585,2.322449260305919,"Yes, there is a relationship between the CPM gene (carboxypeptidase M) and cancer. CPM is involved in the processing of bioactive peptides and may influence tumorigenesis through its role in modulating local peptide environments. It has been suggested that CPM can affect the bioavailability of angiogenic factors and growth factors, impacting cancer cell proliferation and migration. Additionally, alterations in CPM expression have been linked to tumor progression and metastasis in various cancers, potentially due to its involvement in extracellular matrix remodeling and immune modulation. The dysregulation of CPM may thus contribute to an altered microenvironment that supports cancer development and dissemination.",0
HIGD1B,300,0.0,0.0,0.0,1.0,0.0,1.0,0.0,0.0,1.0,0.0,1.0,1.0,1.0,1.0,0.4430660168365087,0.8037379254919799,1101543.0,172.0,0.02785464,0.0,1.0,0.0,0.0,0.0,0.0,0.0,0.0,0.0,0.0,0.0,0.0,0.0,0.0,1.0,0.0,0.0,0.0,0.0,0.0,0.0,0.0,0.0,0.0,0.0,0.0,0.0,1.0,0.0,1.0,18.8,0.0,15.356066263164912,0.3599996067022273,0.2297687709497207,0.0126187669063461,179.0,-0.2690506417112301,0.019943518531844,187.0,0.2498390163934427,0.0167034465239613,366.0,2.552548850346609,0.1385891310559731,0.111514500398345,0.0145173604745375,20.060674391099585,2.322449260305919,"The HIGD1B gene has garnered attention in cancer research due to its potential role in cellular stress responses and mitochondrial function. Alterations in HIGD1B expression may influence tumor cell behavior by affecting apoptosis, metabolic regulation, and oxidative stress responses. Elevated levels of HIGD1B in certain cancer types might contribute to enhanced survival of cancer cells under stressful conditions, such as hypoxia, thereby promoting tumor progression. Furthermore, its involvement in mitochondrial dynamics could impact the bioenergetics of cancer cells, enabling them to adapt to fluctuating environmental conditions in the tumor microenvironment. However, the precise mechanisms linking HIGD1B to cancer development and progression remain an area of ongoing investigation.",0
C1ORF87,1641,0.3076923076923077,0.0,0.0769230769230769,0.6153846153846154,0.0,1.0,0.0,0.0,1.0000000000000002,0.0,1.6,1.8,0.6038647342995169,1.0,0.5787037037037037,0.8952341842487639,66197.38,942.0,-0.01254231,0.0,1.0,0.0,0.0,0.0,0.0,0.0,0.0,0.0,0.0,0.0,0.0,0.0,10.0,8.0,1.0,0.0,0.0,0.0,0.0,4.0,1.0,0.0,0.0,2.0,0.0,0.0,22.0,0.0,16.0,16.87009091,119.3437271,20.484818597887003,2.8952125306983936,0.2316694262295081,0.0311274728517341,122.0,-0.2239642857142858,0.0118510369214285,189.0,0.2269868810289389,0.0193510350834664,311.0,1.105285361043525,1.1801322564976555,0.4376128458516241,0.036228876671596,20.060674391099585,2.322449260305919,"The C1ORF87 gene, also known as the ""CCDC22-Like Protein 1"" gene, has been implicated in various cellular processes, but its direct relationship with cancer remains unclear. Some studies suggest that gene dysregulation may influence cellular pathways such as proliferation and apoptosis, but specific mechanisms linking C1ORF87 to oncogenesis are not well-characterized. Potentially, alterations in its expression could affect tumor microenvironment interactions or play a role in chromosomal stability, which are both critical in cancer development. However, further research is necessary to elucidate any definitive roles and mechanisms.",0
PGF,513,0.3333333333333333,0.0,0.3333333333333333,0.0,0.0,1.0,0.3333333333333333,0.0,0.5793801642856949,0.0,0.0,1.0,0.1612643122077084,1.0,1.0,1.0,875817.1,222.0,0.0533660999999999,3.1685611379498615e-08,5.0,0.0,0.0,0.0,0.0,0.0,0.0,1.0,0.0,0.0,0.0,0.0,1.0,0.0,0.0,0.0,0.0,0.0,0.0,1.0,1.0,0.0,1.0,0.0,0.0,0.0,3.0,0.0,4.0,15.297,345.859317,17.001419182893173,1.9176958034564209,0.233778951048951,0.0205091991066384,143.0,-0.2863532028469748,0.0229681087011337,281.0,0.2686217924528303,0.0227076342856684,424.0,3.1226245381762747,0.0787762955244833,0.3328098751405016,0.016534340453511,20.060674391099585,2.322449260305919,"The PGF gene, encoding placental growth factor, has been implicated in various processes related to tumor biology, including angiogenesis, inflammation, and cell proliferation. Elevated levels of PGF have been observed in several tumor types, suggesting its role in promoting tumor growth by enhancing blood vessel formation to supply nutrients and oxygen to rapidly dividing cancer cells. Furthermore, PGF may influence the tumor microenvironment by modulating immune responses and promoting a pro-tumorigenic phenotype in surrounding cells. These mechanisms indicate that PGF could be a critical player in cancer development and progression, although further research is necessary to fully elucidate its role in specific cancer subtypes.",0
NAPRT,1617,0.25,0.0,0.125,0.625,0.0,1.0,0.0,0.0,1.0,0.0,1.6666666666666667,2.0,0.3311258278145696,1.0,0.5558643690939411,0.8822851333898811,2183482.0,235.0,0.03676814,6.556627105152499e-05,32.0,0.0,0.0,0.0,0.0,0.0,0.0,0.0,0.0,0.0,0.0,0.0,1.0,5.0,0.0,0.0,0.0,0.0,0.0,2.0,1.0,0.0,0.0,0.0,0.0,0.0,9.0,0.0,8.0,12.90433333,133.6832518,21.88701420269522,1.8204614569819408,0.2638164016874681,0.0370683991865753,190.13201675643327,-0.2623792743604192,0.0349935889004216,187.6534410532616,0.2724842722630945,0.0397860230283488,377.6466786355476,2.842285090327978,0.2097717354995392,0.111514500398345,0.0145173604745375,20.060674391099585,2.322449260305919,"The NAPRT gene encodes the enzyme nicotinate adenine dinucleotide (NAD) biosynthesis, which is crucial for cellular metabolism and energy homeostasis. Its relationship with cancer has been suggested through mechanisms involving altered NAD metabolism, which can influence cellular proliferation, survival, and responses to stress. In some cancers, aberrant expression or mutations in NAPRT may lead to disrupted NAD synthesis, affecting pathways such as DNA repair and apoptosis, thereby potentially enhancing tumorigenesis or cancer cell survival. Furthermore, the loss of NAPRT function could contribute to a dependency on alternative NAD synthesis pathways, which may be exploited by tumor cells to promote their growth and resilience against therapeutic interventions. The interplay between NAPRT and the cancer microenvironment remains an area of active investigation, revealing its potential role in modulating tumor biology and therapeutic responses.",0
TUBGCP6,5460,0.2702702702702703,0.081081081081081,0.0,0.5405405405405406,0.0,1.0,0.054054054054054,0.054054054054054,0.92939218472372,0.0,1.818181818181818,2.4545454545454546,0.2439619419370578,1.0,0.1834189288334556,0.494494224841212,649122.9543319192,444.4009897808343,0.0198885680771551,3.1723623301846715e-05,15.0,0.0,0.0,0.0,0.0,0.0,0.0,1.0,1.0,0.0,2.0,0.0,1.0,19.0,2.0,0.0,0.0,0.0,0.0,9.0,3.0,0.0,3.0,0.0,1.0,0.0,34.0,0.0,34.0,17.27655882,133.9253556,25.122212937263964,2.8363221483146046,0.2388764341085272,0.0207275472574975,129.0,-0.3047697077922076,0.040256461752683,307.0,0.285318375286041,0.0353363006783174,436.0,3.5245995694444825,0.0135980360797881,0.048425272299643,0.0128666750309804,16.48189316256641,1.8405481066524536,"The TUBGCP6 gene encodes a protein that is involved in the regulation of microtubule dynamics and the formation of the microtubule-organizing center. Alterations in microtubule dynamics can lead to aberrant cell division, genomic instability, and disrupted intracellular transport, processes that are often implicated in cancer progression. Additionally, TUBGCP6 has been associated with the assembly and function of the gamma-tubulin ring complex, which plays a crucial role in the nucleation of microtubules. Dysregulation of this complex may contribute to the malignant transformation of cells by facilitating uncontrolled proliferation and resistance to apoptosis. While direct links between TUBGCP6 and specific cancer types require further investigation, the gene's role in microtubule organization suggests a potential mechanism by which it could influence cancer biology.",0
B9D1,774,0.25,0.25,0.0,0.5,0.0,1.0,0.0,0.0,1.0,0.0,1.0,1.5,0.1156203029251936,1.0,0.687757909215956,0.9451983350146682,630768.8,332.0,0.01111426,1.3051331733717648e-06,4.0,1.0,0.0,0.0,0.0,0.0,0.0,0.0,0.0,0.0,0.0,0.0,2.0,3.0,0.0,0.0,0.0,0.0,0.0,3.0,0.0,0.0,0.0,0.0,0.0,0.0,9.0,0.0,9.0,10.77988889,83.47500936,20.25676519527964,1.684903400890921,0.2823834653465345,0.0878842577148712,101.0,-0.2815526086956521,0.0197875063539391,368.0,0.2817315351812364,0.0342959301519116,469.0,3.2564744849807274,0.0135211469518529,0.05366751063712,0.0172516715678859,14.290100479986222,0.8191573615458719,"The relationship between the B9D1 gene and cancer is currently not well established in the scientific literature. However, genes involved in cellular processes such as cell cycle regulation, apoptosis, and DNA repair are often implicated in cancer development. If B9D1 interacts with pathways related to these processes, it could potentially influence tumorigenesis. For instance, dysregulation of genes associated with cellular signaling or mitotic function can lead to uncontrolled cell proliferation and subsequent cancer progression. Further research would be necessary to elucidate any direct mechanisms linking B9D1 to carcinogenesis and to understand its potential role in tumor biology.",0
RPL28,510,0.4,0.0,0.0,0.6,0.0,1.0,0.0,0.0,0.8277293767706428,0.0,1.0,1.0,1.0,1.0,0.2116402116402116,0.5402894308879804,1038859.0,194.0,0.02160085,6.559407885413697e-05,62.0,0.0,0.0,0.0,0.0,0.0,0.0,0.0,0.0,0.0,0.0,0.0,8.0,3.0,0.0,0.0,0.0,0.0,0.0,2.0,0.0,0.0,2.0,0.0,0.0,0.0,11.0,0.0,10.0,12.50563636,102.0178011,28.070553738461907,0.7319415272176503,0.2914198999999999,0.0517646942783819,200.0,-0.2605013043478261,0.023781887840163,161.0,0.2776307202216067,0.0394209573072576,361.0,3.7869323414195297,0.0072851297462472,0.0763963328485768,0.0149071002509598,19.729280542308143,1.6682325479104083,"The RPL28 gene encodes a ribosomal protein that is a component of the 60S subunit of the ribosome, playing a crucial role in protein synthesis. Dysregulation of ribosomal biogenesis and function is known to contribute to oncogenesis, as alterations in ribosomal proteins can affect cellular growth, proliferation, and stress responses. In certain cancers, including breast and colorectal cancer, aberrant expression of ribosomal proteins has been observed, which may influence the cell's translational machinery, promoting the synthesis of oncogenes or inhibiting tumor suppressor processes. Additionally, RPL28's involvement in the regulation of the p53 pathway—an important tumor suppressor—suggests that its alterations could impact genomic stability and tumor progression. Thus, while the direct relationship between RPL28 and specific cancer types may require further investigation, the gene's functions in protein synthesis and cellular regulation position it as a potentially relevant player in cancer biology.",0
ZBTB18,1596,0.0769230769230769,0.0,0.0,0.9230769230769232,0.0,1.0,0.0,0.0,1.0000000000000002,0.0,6.0,6.0,1.0,1.0,0.0455518607935134,0.1862571768979997,220918.3,795.0,-0.01069066,8.521931478708882e-06,8.0,0.0,0.0,0.0,0.0,0.0,0.0,0.0,0.0,0.0,0.0,0.0,0.0,13.0,0.0,0.0,0.0,0.0,0.0,1.0,0.0,0.0,0.0,1.0,0.0,0.0,13.0,0.0,12.0,22.78953846,38.0958361,17.830483736785087,1.2532425674454748,0.2888632702702703,0.0246978109006584,370.0,-0.2500815999999999,0.0266862199647347,50.0,0.2842464047619049,0.0250295117190242,420.0,3.4226341091999712,0.0229393960214331,0.0747008367788273,0.0085164779768672,18.77961537816133,1.8646429662176929,"Yes, there is a relationship between the ZBTB18 gene and cancer. ZBTB18 is a zinc finger transcription factor implicated in various cellular processes, including regulation of gene expression, epigenetic modification, and cellular differentiation. Dysregulation of ZBTB18 has been observed in several types of cancers, where it may influence tumor growth and metastasis. For instance, alterations in ZBTB18 expression can affect the behavior of tumor suppressor genes and oncogenes, contribute to changes in cell cycle progression, and modulate pathways related to apoptosis and stress responses. Furthermore, ZBTB18 has been linked to DNA damage repair mechanisms, whereby its altered functionality could compromise genomic stability, potentially leading to tumorigenesis.",0
ASXL1,4626,0.1578947368421052,0.1052631578947368,0.0,0.5263157894736842,0.0,1.0,0.2105263157894736,0.0,0.7842779995759683,0.0,2.857142857142857,4.571428571428571,0.2185314685314685,1.0,0.5307855626326964,0.8669836391476493,780777.1,242.0,0.05736297,1.3581211090327996e-05,11.0,0.0,0.0,0.0,0.0,0.0,0.0,6.0,2.0,0.0,0.0,0.0,0.0,20.0,4.0,0.0,0.0,0.0,1.0,6.0,0.0,0.0,6.0,0.0,2.0,0.0,31.0,0.0,36.0,18.83887097,147.268054,16.969210524699875,2.545638898394954,0.3295703389830507,0.0465032053658904,354.0,-0.1858309090909091,0.0116600278875264,44.0,0.3136795477386934,0.0446488561015581,398.0,3.6391314670135695,0.0030135604797018,0.0454136283433674,0.009947088169619,19.91686046588008,0.7130821846079076,"The ASXL1 gene, which encodes a component of the polycomb repressive complex, has been implicated in various hematologic malignancies, particularly myeloid neoplasms. Mutations in ASXL1 often result in a loss of function, leading to dysregulation of gene expression and an altered epigenetic landscape. This disruption can promote uncontrolled cell proliferation and inhibit differentiation, contributing to tumorigenesis. Furthermore, ASXL1 mutations are frequently associated with poor prognosis in conditions like acute myeloid leukemia and myelodysplastic syndromes, underscoring its potential role as a tumor suppressor. Mechanistically, the loss of ASXL1 may compromise the normal regulation of key oncogenic and tumor suppressive pathways, fostering a more permissive environment for cancer development.",0
SUCNR1,1005,0.3,0.2,0.0,0.5,0.0,1.0,0.0,0.0,0.939794000867204,0.0,1.25,1.75,0.1144950767117014,1.0,0.7651109410864575,0.9699574863367136,200469.6,526.0,0.00175527,0.0,1.0,0.0,0.0,0.0,0.0,0.0,0.0,0.0,0.0,0.0,0.0,0.0,0.0,6.0,2.0,0.0,0.0,0.0,0.0,3.0,0.0,0.0,0.0,1.0,0.0,0.0,10.0,0.0,11.0,16.7775,162.4791394,21.88701420269522,1.8204614569819408,0.348739016853933,0.0661859987497349,356.0,-0.2701555882352941,0.0501819727145742,68.0,0.3361360141509438,0.064328131343177,424.0,2.969980432750039,0.082187698590796,0.111514500398345,0.0145173604745375,20.060674391099585,2.322449260305919,"The SUCNR1 gene encodes a receptor that primarily mediates responses to succinate, an important metabolite in the cellular energy production pathway. Altered succinate levels have been implicated in various cancers, particularly in those associated with mutations in the metabolic pathways, such as the tricarboxylic acid (TCA) cycle. Increased succinate accumulation can lead to hypoxia-inducible factor (HIF) stabilization, promoting angiogenesis and tumor growth. Additionally, succinate may influence immune responses within the tumor microenvironment. Consequently, aberrations in SUCNR1 signaling could potentially contribute to oncogenic processes, although specific cancer types and the direct mechanisms remain areas of ongoing research.",0
VCX3A,561,0.1666666666666666,0.0,0.0,0.6666666666666666,0.0,1.0,0.1666666666666666,0.0,1.0,0.0,2.0,2.5,1.0,1.0,0.3880481179666279,0.7553845291696655,41697.77,444.4009897808343,0.0016338129999999,0.0,0.0,0.0,0.0,0.0,0.0,0.0,0.0,1.0,0.0,0.0,0.0,0.0,0.0,4.0,0.0,0.0,0.0,0.0,0.0,1.0,0.0,0.0,1.0,0.0,0.0,0.0,5.0,0.0,6.0,8.337,25.783214,21.88701420269522,1.8204614569819408,0.2377471794871794,0.0329484025711621,78.0,-0.3072941628959273,0.0605354498153188,221.0,0.289151471571906,0.0541398557260151,299.0,0.7256891506863581,0.7863392547354515,0.111514500398345,0.0145173604745375,20.060674391099585,2.322449260305919,"The relationship between the VCX3A gene and cancer is not definitively established, but some studies suggest it may play a role in tumorigenesis. VCX3A is located on the X chromosome and encodes a protein involved in spermatogenesis, with potential implications in cell proliferation and apoptosis. Dysregulation of genes related to spermatogenic processes can impact cellular mechanisms that are also critical in cancer, such as gene expression regulation and chromosomal stability. Additionally, alterations in X chromosome genes, including VCX3A, could influence the dosage effects in males and females, potentially contributing to varying cancer susceptibilities. Further research is necessary to clarify these associations and elucidate specific pathways involved.",0
AMMECR1L,933,0.6666666666666666,0.0,0.0,0.3333333333333333,0.0,1.0,0.0,0.0,1.0,0.0,0.3333333333333333,0.3333333333333333,1.0,1.0,0.8650519031141869,0.990454818555524,588745.2,248.0,0.0387454999999999,2.049022777601594e-05,10.0,1.0,0.0,0.0,0.0,0.0,0.0,0.0,0.0,0.0,0.0,0.0,0.0,1.0,0.0,0.0,0.0,0.0,0.0,2.0,0.0,0.0,0.0,0.0,0.0,0.0,4.0,0.0,4.0,19.0255,100.3379077,17.923488539649462,2.5298463234958137,0.2127511309523808,0.0131533987190725,168.0,-0.2539969879518071,0.0265961370213047,83.0,0.2263901992031873,0.0178880402867601,251.0,3.476562410894489,0.0024375297143433,0.0,0.0,18.4976014166198,1.1504538360910477,"Currently, the relationship between the AMMECR1L gene and cancer is not well-established, and studies specifically linking AMMECR1L to oncogenesis are limited. However, the AMMECR1L gene is involved in essential cellular processes, such as gene expression regulation and cellular signaling pathways, which could hypothetically contribute to tumorigenesis if dysregulated. Potential mechanisms might include its participation in pathways that control cell proliferation or apoptosis, leading to altered cellular behaviors characteristic of cancer. Further research is needed to elucidate any direct connections between AMMECR1L and cancer pathophysiology.",0
DNMBP,4734,0.3125,0.0625,0.0,0.59375,0.0,1.0,0.03125,0.0,0.9702819531114784,0.0,1.7272727272727273,2.0,0.91324200913242,1.0,0.198019801980198,0.5186907412450039,1100254.0,221.0,0.03200812,2.0346835148331744e-05,23.0,0.0,0.0,0.0,0.0,0.0,0.0,0.0,1.0,0.0,0.0,0.0,12.0,19.0,2.0,0.0,0.0,0.0,0.0,10.0,0.0,0.0,0.0,1.0,1.0,0.0,42.0,0.0,36.0,15.08521429,114.4920717,23.608398606472942,0.7566714214673274,0.2157260606060605,0.0133351260894248,99.0,-0.3354976996805113,0.0444874714594351,313.0,0.3067176213592235,0.0395762921680509,412.0,3.472873989892681,0.0213199613672362,0.0611479038767147,0.0048259705632949,23.40587326136376,0.7725747514278741,"The DNMBP gene has been associated with cancer through its role in cellular processes like cytoskeletal organization and endocytic protein trafficking. Alterations or dysregulation of DNMBP can affect these processes, potentially leading to enhanced cell proliferation, altered cell adhesion, and increased metastatic potential. Furthermore, the gene has been implicated in the regulation of signaling pathways that govern cell survival and apoptosis, which are critical in cancer progression. Studies suggest that aberrations in DNMBP expression could therefore contribute to tumorigenesis by modifying these fundamental cellular functions and promoting an aggressive tumor phenotype. However, the precise mechanisms and the context-dependent roles of DNMBP in different cancer types remain areas of active investigation.",0
PVALB,333,0.5,0.0,0.0,0.5,0.0,1.0,0.0,0.0,1.0,0.0,0.75,0.75,1.0,1.0,0.3305785123966942,0.696499534374481,1248441.0,537.0,0.03460767,0.0,0.0,0.0,0.0,0.0,0.0,0.0,0.0,0.0,0.0,0.0,0.0,0.0,0.0,3.0,0.0,0.0,0.0,0.0,0.0,3.0,0.0,0.0,0.0,0.0,0.0,0.0,6.0,0.0,6.0,17.40383333,92.09770817,22.738116537885787,4.079007227616856,0.25068,0.0535460347575757,133.0,-0.2909072563176896,0.0248367525511406,277.0,0.2778579268292684,0.0343971352521706,410.0,1.4568494412637782,0.784235464899177,0.1399959708125981,0.0091054369728192,20.240024140480905,7.5859830072462255,"The PVALB gene, which encodes the parvalbumin protein, has been implicated in various cellular processes, including calcium signaling, which is crucial for muscle contraction and neurotransmission. Emerging evidence suggests that alterations in PVALB expression may influence tumor biology, particularly in the context of tumor microenvironments and the modulation of calcium dynamics within cancer cells. Aberrant calcium signaling can affect key signaling pathways involved in cell proliferation, apoptosis, and metastasis. Additionally, in some cancers, altered PVALB expression has been correlated with changes in the tumor immune landscape, potentially affecting the immune response to the tumor. While more research is needed to fully elucidate these relationships, the potential mechanisms highlight the importance of calcium homeostasis in cancer progression.",0
NECAB2,1161,0.3,0.0,0.1,0.6,0.0,1.0,0.0,0.0,1.0,0.0,1.5,1.75,0.5497526113249038,1.0,0.6891798759476223,0.9457291343225712,494952.1,460.0,0.002996613,8.554130327395071e-05,55.0,0.0,0.0,0.0,0.0,0.0,0.0,0.0,0.0,0.0,0.0,0.0,0.0,5.0,0.0,0.0,0.0,0.0,0.0,3.0,2.0,0.0,0.0,0.0,0.0,0.0,10.0,0.0,10.0,19.3053,111.8532138,23.2033223402554,0.7713826944234681,0.2280944666666665,0.0149656967725324,150.0,-0.2991321951219514,0.0310549173102638,244.0,0.2722239646464648,0.0260976517829759,394.0,1.820758076768997,0.7003766012339028,0.0893314077496078,0.010051196178243,22.51179782215169,0.566037401319285,"Yes, there is emerging evidence that the NECAB2 gene may be implicated in cancer. NECAB2, which encodes a calcium-binding protein, is believed to play a role in cellular signaling pathways that regulate cell growth and differentiation. Dysregulation of NECAB2 has been observed in various tumor types, suggesting that its altered expression may contribute to the oncogenic process. Mechanistically, NECAB2 may affect calcium homeostasis and influence pathways such as the MAPK/ERK and PI3K/AKT signaling cascades. These pathways are critical for controlling cell proliferation, apoptosis, and metastasis. Therefore, abnormal NECAB2 expression could potentially lead to uncontrolled cell growth and survival, contributing to tumorigenesis. Further studies are needed to clarify its precise role and regulatory mechanisms in cancer biology.",0
LAMC1,4830,0.1621621621621621,0.054054054054054,0.027027027027027,0.7297297297297297,0.0,1.0,0.027027027027027,0.0,0.948119264863092,0.0,3.857142857142857,4.428571428571429,0.4716981132075472,1.0,0.3032140691328077,0.6650443372157087,767935.6,374.0,0.01733639,0.0002144666376408,28.0,0.0,0.0,0.0,0.0,0.0,0.0,1.0,0.0,0.0,0.0,0.0,0.0,25.0,2.0,0.0,0.0,0.0,0.0,6.0,1.0,0.0,1.0,0.0,0.0,0.0,34.0,0.0,32.0,20.77882353,76.69904518,27.527810526925684,0.4133449706266063,0.2761555380577429,0.023874616470565,381.0,-0.2288042105263157,0.0155627321601706,38.0,0.2718611455847256,0.0232671049379189,418.0,3.820416548907988,0.0084570945556791,0.0337077320778935,0.0062754943989401,18.9830798213768,1.3509526245209575,"Yes, there is a relationship between the LAMC1 gene and cancer. LAMC1 encodes the gamma-1 chain of laminin, a key component of the extracellular matrix that plays a critical role in cell adhesion, migration, and differentiation. Aberrant expression of LAMC1 has been associated with tumor progression and metastasis in several cancer types. Mechanistically, LAMC1 can influence the tumor microenvironment by modulating cell signaling pathways that promote angiogenesis and invasive behavior. Additionally, alterations in laminin composition can facilitate tumor cell interactions with stromal cells, thereby contributing to an immunosuppressive niche. These interactions underscore the gene's potential impact on the facilitation of malignant characteristics and the progression of various cancers.",0
CHD7,8994,0.217391304347826,0.0144927536231884,0.0,0.6521739130434783,0.0,1.0,0.1014492753623188,0.0144927536231884,0.938313810991658,0.0,2.8125,3.375,0.992063492063492,1.0,0.0292637246868781,0.132605835048852,248521.0,572.0,0.04451519,2.0374068872579703e-05,22.0,0.0,0.0,0.0,0.0,0.0,0.0,5.0,1.0,0.0,1.0,0.0,0.0,43.0,1.0,0.0,0.0,0.0,0.0,15.0,1.0,0.0,6.0,0.0,1.0,0.0,60.0,0.0,53.0,21.53931667,91.13175164,20.5009313828626,1.2759094339150894,0.3188343927648578,0.052488374397752,386.0,-0.2600205952380953,0.0181762574249426,84.0,0.3083453078556262,0.046825283643256,468.0,3.598085647162081,0.0171054519402921,0.0402146016658512,0.0116250600636077,22.32066312671336,0.7338678028175694,"The CHD7 gene, known for its role in chromatin remodeling, has been implicated in various developmental processes and is primarily associated with CHARGE syndrome. However, emerging studies suggest a potential link between CHD7 and cancer, particularly in the context of its role in regulating gene expression and maintaining genomic integrity. Dysregulation of CHD7 has been observed in certain tumors, potentially contributing to cancer progression through mechanisms such as altered transcriptional regulation, disruption of DNA repair pathways, and aberrant chromatin architecture. These disturbances can lead to increased genomic instability and changes in cellular proliferation and differentiation, which are hallmarks of cancer. Further investigation is required to elucidate the precise mechanisms and the extent of CHD7's involvement in oncogenesis.",0
NEB,25683,0.1952380952380952,0.0571428571428571,0.0,0.7238095238095238,0.0,1.0,0.0238095238095238,0.0,0.9504677938770734,0.0,3.619047619047619,4.023809523809524,0.9794319294809012,1.0,0.0170928483522494,0.0866452743054945,248943.8,641.0,0.01279164,4.553068999986215e-05,21.0,0.0,0.0,0.0,0.0,0.0,0.0,4.0,1.0,0.0,0.0,0.0,4.0,149.0,12.0,0.0,0.0,0.0,0.0,40.0,3.0,0.0,6.0,0.0,1.0,0.0,206.0,0.0,114.0,21.7425534,118.914127,23.5863708403852,3.4960472245503573,0.2194423645320196,0.0185064781924011,203.0,-0.2008568493150685,0.0099074595579908,73.0,0.2145266304347827,0.0162552438456956,275.0,3.312890224284965,0.211442151349432,0.111514500398345,0.0145173604745375,22.042299789202595,12.0080040138792,"Yes, there is a potential relationship between the NEB gene and cancer. The NEB gene encodes the protein nebulin, which plays a critical role in muscle development and the maintenance of sarcomere structure. Abnormalities in the NEB gene can lead to disruptions in cellular architecture and signaling pathways, potentially influencing tumor microenvironments and contributing to cancer progression. Additionally, mutations or altered expression levels of NEB have been observed in various cancers, which may impact cell proliferation, apoptosis, and differentiation. These mechanisms highlight the importance of NEB in maintaining cellular integrity, and dysregulation could facilitate oncogenic processes. Further studies are required to elucidate the precise role of NEB in different cancer types.",0
LRRFIP1,2427,0.125,0.0,0.0,0.75,0.0,1.0,0.125,0.0,1.0,0.0,3.0,3.5,1.0,1.0,0.0014,0.0105997962593052,542668.0,347.0,0.03329641,6.6078408605033375e-06,20.0,0.0,0.0,0.0,0.0,0.0,0.0,1.0,0.0,0.0,0.0,0.0,14.0,13.0,0.0,0.0,0.0,0.0,0.0,2.0,1.0,0.0,2.0,0.0,0.0,0.0,29.0,0.0,23.0,17.39358621,151.0443301,26.49298253451904,0.6579540714283793,0.2141695419847328,0.0179123964951732,131.0,-0.2686803846153846,0.0210812243817865,156.0,0.2437991289198607,0.0203069365205672,287.0,3.6861593868529496,0.0054799478548361,0.1692572559912,0.0234400502310268,24.40681305555004,1.8954106147390368,"The LRRFIP1 gene has been implicated in various cellular processes, including the regulation of immune responses and signal transduction pathways. Emerging studies suggest that LRRFIP1 may play a role in cancer through its involvement in the modulation of the NF-κB signaling pathway, which is crucial for cell proliferation, survival, and inflammation. Dysregulation of LRRFIP1 could lead to aberrant activation of NF-κB, contributing to tumorigenesis and the promotion of a pro-inflammatory microenvironment that supports cancer progression. Additionally, LRRFIP1 has been shown to interact with factors involved in the modulation of RNA stability and translation, potentially affecting the expression of genes linked to cancer development. However, further research is needed to fully elucidate the mechanisms by which LRRFIP1 may influence cancer biology.",0
ZACN,1239,0.3333333333333333,0.0,0.0,0.6,0.0,1.0,0.0666666666666666,0.0,0.9658722633586913,0.0,1.5,1.6666666666666667,1.0,1.0,0.8210180623973727,0.9829311734710224,1611239.0,218.0,0.02167319,0.0004276345441534,67.0,0.0,0.0,0.0,0.0,0.0,0.0,0.0,0.0,0.0,0.0,0.0,2.0,10.0,0.0,0.0,0.0,0.0,0.0,4.0,1.0,0.0,0.0,1.0,0.0,0.0,16.0,0.0,16.0,9.864125,62.21180398,21.88701420269522,1.8204614569819408,0.2687046443514646,0.0253278331090116,239.0,-0.2251761313868613,0.0144321184871296,137.0,0.2528445212765959,0.0217487739843035,376.0,0.8403047848150483,0.6192591031167181,0.111514500398345,0.0145173604745375,16.538352434844082,0.8757165330379024,"The ZACN gene, also known as ZAC (Zinc Finger Protein with an Acetylation-Responsive Domain), has been implicated in various cancer-related mechanisms. It is thought to function as a tumor suppressor, with evidence suggesting its role in regulating cell proliferation and apoptosis. Dysregulation of ZACN can lead to alterations in cellular signaling pathways, including those involved in the control of oxidative stress and cell cycle progression. Additionally, ZACN may influence the expression of genes involved in DNA repair mechanisms, thereby affecting genomic stability. The loss of ZACN function or expression in certain tumors has been associated with increased malignancy and poor prognosis, highlighting its potential relevance in cancer biology.",0
MRPL27,447,0.5,0.0,0.0,0.5,0.0,1.0,0.0,0.0,1.0,0.0,0.5,0.5,1.0,1.0,0.7843137254901961,0.9748597479297172,1335838.0,196.0,0.02431614,2.4441931984866355e-05,15.0,0.0,0.0,0.0,0.0,0.0,0.0,0.0,0.0,0.0,0.0,0.0,1.0,1.0,0.0,0.0,0.0,0.0,0.0,1.0,0.0,0.0,0.0,0.0,0.0,0.0,3.0,0.0,3.0,10.10533333,49.43146533,24.252709447616866,0.2362893385572836,0.2554069194312798,0.0236770784395125,211.0,-0.2474609722222223,0.0165675137305167,144.0,0.2521837746478874,0.0207535165077456,355.0,3.4514769111057086,0.00417496039231,0.0552381396379802,0.0138884317753703,20.060674391099585,2.322449260305919,"The MRPL27 gene encodes a mitochondrial ribosomal protein that is involved in mitochondrial protein synthesis. While direct links between MRPL27 and cancer remain to be fully elucidated, alterations in mitochondrial function and ribosomal biogenesis are increasingly recognized as pivotal in cancer biology. Dysregulation of mitochondrial ribosomal proteins can lead to impaired oxidative phosphorylation and altered energy metabolism, contributing to the metabolic reprogramming observed in tumors. Additionally, MRPL27 has been implicated in the regulation of apoptosis and cell proliferation, processes that are frequently disrupted in cancer. Consequently, any aberrations in MRPL27 expression or function could potentially influence tumorigenesis through various mechanisms, including modulation of cell survival and metabolic adaptation.",0
F5,6675,0.2142857142857142,0.0857142857142857,0.0142857142857142,0.6571428571428571,0.0,1.0,0.0285714285714285,0.0,0.9288443341145411,0.0,2.875,3.4375,0.2155636990730761,1.0,0.5094243504839532,0.8530177867011329,294416.2,415.0,0.0111471,6.8391898024312284e-06,9.0,0.0,0.0,0.0,0.0,0.0,0.0,1.0,1.0,0.0,0.0,0.0,1.0,46.0,6.0,0.0,0.0,0.0,0.0,14.0,1.0,0.0,1.0,0.0,2.0,0.0,67.0,0.0,50.0,16.37565672,133.2740712,23.40139853013805,1.0015126184900265,0.2807409273182957,0.0259888546787861,396.0,-0.2360959459459459,0.0200293482803303,37.0,0.2769522477064222,0.0255910569356258,433.0,3.051832549274109,0.1401803975064286,0.111514500398345,0.0145173604745375,20.080022756693293,3.4282002091441224,"The F5 gene encodes coagulation factor V, which plays a critical role in the coagulation cascade. Alterations in F5 have been associated with thrombophilia, a condition characterized by an increased risk of thrombosis. There is growing evidence suggesting that cancer patients may have a hypercoagulable state, often leading to venous thromboembolism. The interplay between coagulation factors like F5 and tumor progression may involve mechanisms such as altered tumor microenvironment, enhanced angiogenesis, and evasion of immune surveillance. Inflammatory mediators associated with dysregulated coagulation can also support tumor growth and metastasis, indicating that F5 may have implications in cancer biology, although the exact relationship warrants further exploration.",0
LRRC53,1530,0.1363636363636363,0.0454545454545454,0.0454545454545454,0.7727272727272727,0.0,1.0,0.0,0.0,0.979614197798402,0.0,4.25,4.75,0.44543429844098,1.0,0.3695491500369549,0.7374248077415361,649122.9543319192,444.4009897808343,0.0198885680771551,0.0,0.0,0.0,0.0,0.0,0.0,0.0,0.0,0.0,0.0,0.0,0.0,0.0,2.0,17.0,1.0,0.0,0.0,0.0,0.0,3.0,1.0,0.0,0.0,0.0,0.0,0.0,24.0,0.0,21.0,17.44391667,87.3384113,21.88701420269522,1.8204614569819408,0.2638164016874681,0.0370683991865753,190.13201675643327,-0.2623792743604192,0.0349935889004216,187.6534410532616,0.2724842722630945,0.0397860230283488,377.6466786355476,1.0590835089075723,0.8788643191248735,0.111514500398345,0.0145173604745375,20.060674391099585,2.322449260305919,"The relationship between the LRRC53 gene and cancer is currently not well-established in the literature. However, some studies suggest that genes encoding leucine-rich repeat (LRR) proteins, like LRRC53, may play roles in cellular signaling and interaction processes that are relevant to tumor biology. Dysregulation of such genes could potentially impact pathways involved in cell proliferation, apoptosis, and the tumor microenvironment. The precise mechanisms by which LRRC53 might influence cancer development or progression remain to be elucidated, necessitating further investigation to understand its functional role in oncogenesis.",0
EFCAB3,1473,0.3333333333333333,0.1333333333333333,0.0,0.5333333333333333,0.0,1.0,0.0,0.0,0.9658722633586913,0.0,1.3333333333333333,1.6666666666666667,0.2933411557641537,1.0,0.7547169811320755,0.9671037429722156,344431.1,362.0,0.008097952,0.0,0.0,0.0,0.0,0.0,0.0,0.0,0.0,0.0,0.0,0.0,0.0,0.0,0.0,8.0,2.0,0.0,0.0,0.0,0.0,5.0,0.0,0.0,0.0,0.0,0.0,0.0,15.0,0.0,13.0,15.59713333,142.2191406,21.88701420269522,1.8204614569819408,0.2911780082987555,0.0541893900318498,241.0,-0.234511958041958,0.0158396813341672,143.0,0.2700758072916669,0.0405819084787199,384.0,1.2601915754540032,0.9696505827347994,0.111514500398345,0.0145173604745375,20.060674391099585,2.322449260305919,"The EFCAB3 gene, which encodes a protein involved in calcium signaling and cellular processes, has been implicated in certain cancers through mechanisms related to cell proliferation and apoptosis. Dysregulation of calcium homeostasis can lead to altered signaling pathways, affecting cellular behaviors such as growth, survival, and differentiation. Furthermore, research has suggested that EFCAB3 might interact with various oncogenic pathways, potentially contributing to tumorigenesis or cancer progression in particular contexts. However, the specific roles and mechanisms by which EFCAB3 influences cancer biology remain an area of ongoing investigation and need further elucidation.",0
IFT52,1314,0.25,0.0833333333333333,0.0,0.6666666666666666,0.0,1.0,0.0,0.0,1.0,0.0,2.0,2.25,0.5952380952380952,1.0,0.7763975155279503,0.9728964500637904,370277.6,303.0,0.01091954,6.311274533412476e-07,4.0,0.0,0.0,0.0,0.0,0.0,0.0,0.0,0.0,0.0,0.0,0.0,0.0,8.0,1.0,0.0,0.0,0.0,0.0,3.0,0.0,0.0,0.0,0.0,0.0,0.0,12.0,0.0,11.0,18.95816667,124.7805212,21.470057876256288,1.4982396634464554,0.3313849137931034,0.0484166662158426,348.0,-0.2485037313432836,0.0247747232298055,67.0,0.3180040963855423,0.045462930345981,415.0,3.4232271056867614,0.0067105825546997,0.0524241294218519,0.0036650755936026,19.926393494201136,1.926460106848232,"The IFT52 gene encodes a protein involved in intraflagellar transport, a process critical for the proper function and maintenance of cilia. Dysfunction in ciliary function has been implicated in various cellular signaling pathways, including those governing cell proliferation and differentiation. Alterations in ciliary signaling can lead to abnormal activation of pathways such as the Sonic Hedgehog and Wnt pathways, which are known to play significant roles in oncogenesis. Moreover, disturbances in cilia-driven sensory mechanisms may affect tumor microenvironments and intercellular communication, potentially leading to enhanced tumor growth or metastasis. While direct associations between IFT52 and specific cancer types remain to be fully elucidated, the gene's involvement in cilia-related processes suggests a plausible link to cancer biology.",0
SORT1,2496,0.2857142857142857,0.0,0.0,0.6428571428571429,0.0,1.0,0.0714285714285714,0.0,1.0000000000000004,0.0,1.8,2.0,1.0,1.0,0.8888888888888888,0.993584920583452,1030626.0,302.0,0.02760427,0.0001184108358321,11.0,0.0,0.0,0.0,0.0,0.0,0.0,1.0,0.0,0.0,0.0,0.0,0.0,9.0,0.0,0.0,0.0,0.0,0.0,4.0,0.0,0.0,1.0,0.0,0.0,0.0,13.0,0.0,13.0,17.83230769,74.80160323,24.463168680557903,1.0245267726109362,0.20065625,0.0106926336874999,120.0,-0.2378111304347828,0.0153015388249174,230.0,0.2250723142857141,0.0139981000390413,350.0,3.69896537125911,0.0082606270135603,0.0759354939378432,0.0027299610456835,23.8594651102538,1.0102837093135286,"Yes, there is a relationship between the SORT1 gene and cancer. The SORT1 gene encodes the sortilin protein, which is involved in intracellular trafficking and processing of various biomolecules. Aberrant expression of SORT1 has been implicated in cancer progression through mechanisms such as promoting cell survival, modulating apoptosis, and influencing the secretion of pro-tumorigenic factors. Sortilin can interact with key signaling pathways, including those related to growth factor signaling and angiogenesis, potentially enhancing tumor cell migration and invasion. Additionally, variations in SORT1 expression can reflect changes in metabolic processes within tumors, further linking it to cancer development and progression.",0
EPC1,2511,0.5,0.0,0.0,0.5,0.0,1.0,0.0,0.0,1.0,0.0,0.875,0.875,1.0,1.0,0.5503577325261421,0.8790240998426164,511961.9,189.0,0.01538996,0.0001137197411457,22.0,0.0,0.0,1.0,0.0,0.0,0.0,0.0,0.0,0.0,0.0,0.0,0.0,7.0,0.0,0.0,0.0,0.0,0.0,7.0,0.0,0.0,0.0,0.0,0.0,0.0,15.0,0.0,14.0,18.29113333,90.08354712,21.16363018415815,2.592340098793096,0.2570661428571428,0.0225385941231449,140.0,-0.3286122421524664,0.0493933749156708,223.0,0.3010187052341599,0.0401614437273244,363.0,3.5163303103430934,0.0024889912227769,0.0426028470122087,0.0081916833744252,20.305245082142218,2.090490664263075,"The EPC1 gene, which is involved in chromatin remodeling and transcriptional regulation, has been implicated in various cellular processes that can affect cancer development. Dysregulation of EPC1 can lead to altered gene expression profiles, promoting oncogenesis through mechanisms such as increased cell proliferation, evasion of apoptosis, and enhanced metastatic potential. EPC1 may also play a role in influencing the epigenetic landscape of tumor cells, potentially affecting their response to environmental cues and therapies. Furthermore, the gene might interact with other oncogenic pathways, indicating a multifactorial contribution to cancer progression. However, specific relationships between EPC1 and particular cancer types require further elucidation through experimental and clinical studies.",0
ATAT1,1230,0.0,0.1428571428571428,0.0,0.8571428571428571,0.0,1.0,0.0,0.0,1.0,0.0,6.0,7.0,0.4347826086956521,1.0,0.1302422505860901,0.3957227268271173,2097865.0,171.0,0.03694454,0.0,2.0,0.0,0.0,0.0,0.0,0.0,0.0,0.0,0.0,0.0,0.0,0.0,0.0,7.0,1.0,0.0,0.0,0.0,0.0,0.0,0.0,0.0,0.0,0.0,0.0,0.0,8.0,0.0,8.0,26.56875,62.13312679,21.90519253545293,2.28404119737814,0.2494599453551912,0.0174217662324145,183.0,-0.2415563565891474,0.0155290368733405,129.0,0.2461921153846153,0.0166019441221988,312.0,3.1727363984358274,0.0261868472101503,0.111514500398345,0.0145173604745375,22.74090822874069,1.878256662144432,"The ATAT1 gene encodes a protein involved in the regulation of microtubule dynamics, particularly during mitosis. Alterations in microtubule stability and organization can lead to aberrant cell division, an essential hallmark of cancer. In some contexts, dysregulation of ATAT1 expression or function may contribute to cancer progression by promoting genomic instability, enhancing cellular proliferation, or facilitating metastasis through altered cytoskeletal dynamics. Additionally, the protein's role in maintaining proper spindle formation may implicate it in tumorigenesis when its regulatory pathways are disrupted. However, specific relationships between ATAT1 and cancer remain an area requiring further investigation to elucidate these potential mechanisms fully.",0
HEPN1,267,0.0,0.1666666666666666,0.0,0.6666666666666666,0.0,1.0,0.0,0.0,0.8710490642551527,0.1666666666666666,4.0,6.0,0.0388153553545782,1.0,0.5356186395286556,0.8700229590570893,175852.2,743.0,0.01384725,0.0,0.0,0.0,0.0,0.0,0.0,0.0,0.0,0.0,0.0,0.0,0.0,0.0,0.0,4.0,1.0,1.0,0.0,0.0,0.0,0.0,0.0,0.0,0.0,0.0,0.0,0.0,6.0,0.0,6.0,10.35333333,98.90446947,21.88701420269522,1.8204614569819408,0.2082646956521739,0.0204187639917925,115.0,-0.2813273732718893,0.0253952719231609,217.0,0.2560195180722892,0.0248168089967458,332.0,0.9035539922696152,1.0944234235110977,0.111514500398345,0.0145173604745375,20.060674391099585,2.322449260305919,"The HEPN1 gene, which encodes a protein with potential roles in cellular processes, has been implicated in cancer through its involvement in cellular stress responses and apoptosis. Alterations in HEPN1 expression may contribute to tumorigenesis by affecting the regulation of the cell cycle and cellular survival pathways. Dysregulation of HEPN1 could lead to uncontrolled cell proliferation or resistance to cell death, facilitating cancer progression. Furthermore, as a participant in various signaling pathways, HEPN1 may influence the tumor microenvironment and mechanisms of metastasis, although the specific pathways and interactions remain to be fully elucidated.",0
CTBP2,2958,0.5,0.0,0.0625,0.375,0.0,1.0,0.0625,0.0,0.96875,0.0,0.6666666666666666,0.8888888888888888,0.5336179295624333,1.0,0.3969829297340214,0.7637403721200767,283235.5,508.0,0.01988253,0.0007584787781214,88.0,0.0,0.0,0.0,0.0,0.0,0.0,1.0,0.0,0.0,0.0,0.0,17.0,5.0,0.0,0.0,0.0,0.0,0.0,7.0,3.0,0.0,3.0,0.0,2.0,0.0,28.0,0.0,31.0,15.63139286,127.1561792,25.292647264070617,0.4419071811491629,0.2270958620689654,0.0198980740905547,116.0,-0.338548379310345,0.0593514989464992,290.0,0.3067048029556652,0.0505434204230474,406.0,3.6300748193379584,0.0059426246920284,0.0859496487371639,0.0147186358424531,22.250878770379472,2.394287400112645,"Yes, there is a relationship between the CTBP2 gene and cancer. CTBP2, a member of the C-terminal binding protein family, plays a crucial role in regulating transcription and is involved in various cellular processes such as proliferation and apoptosis. In cancer, CTBP2 can function as a co-repressor of transcription factors that are pivotal in tumorigenesis, influencing pathways related to cell growth and survival. Additionally, CTBP2 has been implicated in the modulation of epithelial-mesenchymal transition (EMT), a key process in cancer metastasis. Aberrant expression of CTBP2 has been observed in various tumors, suggesting that it may contribute to the oncogenic processes by altering gene expression profiles associated with cancer progression and metastasis.",0
OR6K6,1032,0.4090909090909091,0.0,0.0,0.5,0.0,1.0,0.0909090909090909,0.0,0.9592283955968044,0.0,1.1,1.3,1.0,1.0,0.4011231448054553,0.7675438445813962,103627.2,985.0,0.0006532479,0.0,0.0,0.0,0.0,4.0,0.0,0.0,0.0,2.0,0.0,0.0,0.0,0.0,0.0,11.0,0.0,0.0,0.0,0.0,0.0,9.0,0.0,0.0,2.0,0.0,0.0,0.0,24.0,0.0,24.0,10.42995833,79.58910622,21.88701420269522,1.8204614569819408,0.2902567331670824,0.0283493862680511,401.0,-0.194475,0.0077182495548387,32.0,0.2831781755196306,0.0274326315922654,433.0,0.1647674034489807,0.1735010764786067,0.111514500398345,0.0145173604745375,20.060674391099585,2.322449260305919,"The relationship between the OR6K6 gene and cancer is currently not well established. OR6K6 belongs to the olfactory receptor gene family, primarily involved in the sensory perception of smell. However, there may be indirect links between olfactory receptors and cancer through mechanisms such as the modulation of cell signaling pathways, interaction with the tumor microenvironment, or potential contributions to aberrant cell communication. Yet, definitive roles or evidence directly associating OR6K6 with oncogenic processes remain to be elucidated in the scientific literature.",0
GPX5,666,0.2727272727272727,0.0,0.0,0.7272727272727273,0.0,1.0,0.0,0.0,1.0000000000000002,0.0,2.0,2.0,1.0,1.0,0.7733952049497294,0.9721307809665278,247624.0,576.0,0.02671548,0.0,0.0,0.0,0.0,0.0,0.0,0.0,0.0,0.0,0.0,0.0,0.0,0.0,0.0,8.0,0.0,0.0,0.0,0.0,0.0,3.0,0.0,0.0,0.0,0.0,0.0,0.0,11.0,0.0,10.0,13.29554545,56.40024327,21.88701420269522,1.8204614569819408,0.2574627472527472,0.0217961647404772,182.0,-0.2355935074626866,0.015170328182342,134.0,0.248189082278481,0.0190465730883614,316.0,0.1090927580567339,0.1359833951549105,0.111514500398345,0.0145173604745375,20.060674391099585,2.322449260305919,"The GPX5 gene encodes a member of the glutathione peroxidase family, which is involved in the detoxification of reactive oxygen species (ROS). Emerging evidence suggests that GPX5 may play a role in cancer biology by modulating oxidative stress. High levels of ROS are associated with DNA damage, genomic instability, and tumor progression, while antioxidant enzymes like GPX5 can mitigate these effects. Altered expression of GPX5 has been observed in various cancers, potentially impacting tumor metabolism, growth, and response to therapy. This modulation of oxidative stress dynamics may contribute to the tumor microenvironment and influence oncogenic signaling pathways, suggesting a complex interplay between GPX5 activity and cancer development. However, the precise mechanisms linking GPX5 and specific cancer types remain under investigation.",0
SLC50A1,666,0.6666666666666666,0.0,0.0,0.3333333333333333,0.0,1.0,0.0,0.0,1.0,0.0,0.3333333333333333,0.3333333333333333,1.0,1.0,0.9000900090009001,0.9948339429860422,1801444.0,194.0,0.03183235,0.0,1.0,0.0,0.0,0.0,0.0,0.0,0.0,0.0,0.0,0.0,0.0,0.0,0.0,1.0,0.0,0.0,0.0,0.0,0.0,2.0,0.0,0.0,0.0,0.0,0.0,0.0,3.0,0.0,3.0,12.79333333,5.403033333,17.793308625240563,0.7965608481101255,0.3035708695652175,0.0305639903869342,391.0,-0.1766997142857143,0.0061046492087394,35.0,0.2931471830985916,0.0297519957539287,426.0,3.4584905829283046,0.0150187508706074,0.0875806733417837,0.0078743036325583,20.060674391099585,2.322449260305919,"The SLC50A1 gene encodes a protein that is involved in the transport of inorganic phosphate and may play a role in cellular ion homeostasis. Emerging evidence suggests that dysregulation of ion transport and cellular metabolism can contribute to cancer progression and metastasis. Altered expression of SLC50A1 may influence the tumor microenvironment, potentially affecting cell proliferation, apoptosis, and nutrient availability. Additionally, changes in phosphate transport could impact signaling pathways involved in cell growth and survival, thereby linking SLC50A1 to oncogenic processes. However, the specific mechanisms by which SLC50A1 contributes to cancer development remain to be fully elucidated.",0
NAT2,873,0.1666666666666666,0.25,0.0,0.5833333333333334,0.0,1.0,0.0,0.0,0.8894714728255649,0.0,2.333333333333333,3.333333333333333,0.0850557114910266,1.0,0.9671179883945842,0.9994533617855292,322678.5,627.0,-0.02572165,7.439005265365483e-06,4.0,0.0,0.0,0.0,0.0,0.0,0.0,0.0,0.0,0.0,0.0,0.0,0.0,7.0,3.0,0.0,0.0,0.0,0.0,2.0,0.0,0.0,0.0,0.0,0.0,0.0,12.0,0.0,10.0,18.21783333,162.2095442,14.703981950422335,0.423952506712532,0.2559170866141732,0.0234692011303337,127.0,-0.315236763285024,0.0363164236577791,414.0,0.3013114417744919,0.0338847873682878,541.0,1.6127476343250973,0.8368297882286567,0.111514500398345,0.0145173604745375,20.060674391099585,2.322449260305919,"Yes, there is a relationship between the NAT2 gene and cancer. NAT2, which encodes for a key enzyme involved in the metabolism of arylamine and hydrazine compounds, plays a crucial role in drug and carcinogen detoxification. Genetic polymorphisms in the NAT2 gene lead to variations in enzyme activity, categorizing individuals as rapid or slow acetylators. Slow acetylators may have an increased risk of developing certain cancers, such as bladder cancer, due to the accumulation of specific carcinogenic metabolites from environmental and dietary exposures. The altered metabolic capacity can impact the bioactivation of procarcinogens, leading to enhanced DNA adduct formation and subsequent mutations, thereby contributing to tumorigenesis.",0
ZNF43,2457,0.1851851851851851,0.074074074074074,0.0,0.6296296296296297,0.0,1.0,0.1111111111111111,0.0,0.9095695357581526,0.0,2.833333333333333,3.6666666666666665,0.7178750897343862,1.0,0.5319148936170213,0.8676977536392858,123927.0,1235.0,-0.06571883,0.0,0.0,0.0,0.0,1.0,0.0,0.0,0.0,3.0,0.0,0.0,0.0,0.0,0.0,17.0,2.0,0.0,0.0,0.0,0.0,5.0,0.0,0.0,3.0,0.0,0.0,0.0,25.0,0.0,21.0,11.65696,61.21468004,21.88701420269522,1.8204614569819408,0.2722337583892618,0.0232021043682115,149.0,-0.2302331428571426,0.0207244757872043,210.0,0.2476651532033427,0.0221203337166663,359.0,3.372800232281598,0.0297969695577142,0.1859210585075044,0.021543256096702,20.060674391099585,2.322449260305919,"The ZNF43 gene, which encodes a zinc finger protein involved in transcriptional regulation, has been implicated in various cancer-related processes. Alterations in ZNF43 expression or function may contribute to tumorigenesis by influencing key pathways such as cell proliferation, apoptosis, and DNA repair mechanisms. Specifically, ZNF43 can act as a transcriptional repressor for genes involved in oncogenic signaling, suggesting that its downregulation might promote tumorigenic activity. Additionally, dysregulation of ZNF43 could affect chromatin remodeling and gene expression patterns, potentially destabilizing the cellular environment and leading to malignant transformation. Further research is needed to elucidate the exact role of ZNF43 in different cancer types and its potential interplay with other oncogenic factors.",0
EED,1326,0.4,0.0,0.0,0.6,0.0,1.0,0.0,0.0,0.9397940008672035,0.0,1.2,1.2,1.0,1.0,0.8517887563884157,0.9884299160186582,443833.2,159.0,0.02557176,0.0031102726434727,465.0,0.0,0.0,0.0,0.0,0.0,0.0,0.0,0.0,0.0,0.0,0.0,1.0,6.0,0.0,0.0,0.0,0.0,0.0,4.0,0.0,0.0,0.0,0.0,0.0,0.0,11.0,0.0,9.0,21.30363636,63.31212545,22.895910581278248,1.1900770952978716,0.2601691176470587,0.0546119305240688,170.0,-0.2703283333333333,0.0194884032187624,168.0,0.2652186686390531,0.0370703279148394,338.0,3.379140485636342,0.0034595855041169,0.0671184180442777,0.0111101695276874,21.471175045319924,2.365728587213641,"The EED gene encodes a protein that is a component of the polycomb repressive complex 2 (PRC2), which is involved in the transcriptional silencing of target genes through histone modification. Dysregulation of EED has been implicated in several cancer types, as its role in epigenetic regulation can affect cellular proliferation and differentiation. Aberrant expression of EED can lead to the improper silencing of tumor suppressor genes or the activation of oncogenes, contributing to tumorigenesis. Additionally, EED is associated with the maintenance of stem cell properties, which, when dysregulated, may promote cancer stem cell characteristics, further complicating the dynamics of tumor growth and metastasis. Thus, the relationship between EED and cancer highlights the significance of epigenetic modifications in oncogenesis.",0
MORC1,2955,0.1538461538461538,0.0769230769230769,0.0,0.6923076923076923,0.0,1.0,0.0769230769230769,0.0,0.9190345860390982,0.0,4.0,4.888888888888889,0.9033423667570007,1.0,0.0137474051772727,0.0726812277403186,88594.85,1029.0,-0.01229117,1.1207398451616481e-07,4.0,0.0,0.0,0.0,0.0,0.0,0.0,3.0,1.0,0.0,0.0,0.0,1.0,33.0,3.0,0.0,0.0,0.0,0.0,7.0,6.0,0.0,3.0,1.0,1.0,0.0,49.0,0.0,42.0,18.84979592,103.2375522,21.88701420269522,1.8204614569819408,0.2492251063829786,0.0261444340613765,282.0,-0.2670576991150443,0.0217177909910872,113.0,0.2543265822784809,0.0248848548707768,395.0,0.7181630301299324,0.6701364471680796,0.9235775105363122,0.0523329504245951,14.348965579256618,2.060672842003187,"The MORC1 gene has been implicated in various cellular processes, including gene regulation, chromatin remodeling, and response to DNA damage, which are crucial for maintaining genomic stability. Alterations in MORC1 expression or function may contribute to tumorigenesis by disrupting these processes. Specifically, aberrant MORC1 activity can lead to impaired DNA damage repair mechanisms, genomic instability, and altered cell cycle regulation, potentially fostering an environment conducive to cancer development. Additionally, MORC1 has been associated with the modulation of immune responses in the tumor microenvironment, which can further influence cancer progression and metastasis. Thus, while a direct causal relationship between MORC1 and specific cancer types requires further elucidation, its roles in critical cellular pathways suggest a plausible link to cancer biology.",0
IFNB1,564,0.2,0.0,0.0,0.8,0.0,1.0,0.0,0.0,1.0,0.0,2.0,2.0,1.0,1.0,0.8143322475570033,0.98158536622553,144025.7,601.0,0.005154307,0.0,2.0,0.0,0.0,0.0,0.0,0.0,0.0,0.0,0.0,0.0,0.0,0.0,0.0,4.0,0.0,0.0,0.0,0.0,0.0,1.0,0.0,0.0,0.0,0.0,0.0,0.0,5.0,0.0,5.0,6.2108,47.7915147,21.88701420269522,1.8204614569819408,0.2548762237762239,0.0194767160926819,143.0,-0.4222807073170731,0.301774234017347,410.0,0.3789916636528028,0.2339900999950533,553.0,0.9185740465239588,0.5561471137098692,0.111514500398345,0.0145173604745375,20.060674391099585,2.322449260305919,"Yes, there is a relationship between the IFNB1 gene, which encodes interferon beta, and cancer. Interferon beta is a cytokine that plays a crucial role in the immune response, particularly in the modulation of immune cell activity and the promotion of anti-tumor immunity. Evidence suggests that IFNB1 can influence tumor progression by enhancing the immune system's ability to recognize and eliminate cancer cells. Additionally, it has been implicated in the regulation of apoptosis and the inhibition of angiogenesis, both of which are vital in tumor development and metastasis. Dysregulation of IFNB1 expression or signaling may lead to an altered tumor microenvironment, potentially fostering cancer progression or affecting response to therapies. Furthermore, IFNB1 has been studied for its role in promoting immune checkpoint regulation, highlighting its dual potential in both suppressing and facilitating tumor growth depending on the context.",0
FAM169A,2013,0.2307692307692307,0.0,0.0769230769230769,0.6923076923076923,0.0,1.0,0.0,0.0,1.0000000000000002,0.0,2.25,2.5,0.6807351940095303,1.0,0.3213367609254499,0.686139333649147,424899.8,581.0,0.03078302,4.287622269748919e-07,2.0,0.0,0.0,1.0,0.0,0.0,0.0,0.0,0.0,0.0,0.0,0.0,1.0,9.0,0.0,0.0,0.0,0.0,0.0,3.0,0.0,0.0,0.0,0.0,0.0,0.0,14.0,0.0,13.0,19.21771429,69.15391437,22.52229726306504,1.6768849869740894,0.2286750847457627,0.010999710223497,118.0,-0.2689506761565836,0.022212075929184,281.0,0.2570395989974939,0.0191988700289845,399.0,3.063130902131724,0.0960118680760456,0.0942789061108928,0.0139686998213268,23.020709214765752,1.411683357621954,"There is emerging evidence suggesting a potential relationship between the FAM169A gene and cancer, though the mechanisms remain largely unexplored. FAM169A is implicated in immune regulation and inflammatory responses, which are critical factors in tumorigenesis. Dysregulation of immune responses can lead to an altered tumor microenvironment, promoting cancer progression. Additionally, FAM169A may interact with signaling pathways that are known to influence cell proliferation and apoptosis. Changes in expression levels of FAM169A have been observed in various cancer types, indicating its potential role in oncogenesis or cancer pathophysiology, though further research is needed to elucidate the specific mechanisms involved.",0
TMEM62,1932,0.3333333333333333,0.0,0.0,0.5555555555555556,0.0,1.0,0.1111111111111111,0.0,1.0,0.0,1.25,1.5,1.0,1.0,0.2963841138114997,0.6568165335280903,843515.5,333.0,0.04246466,1.7938321356528132e-07,5.0,0.0,0.0,0.0,0.0,0.0,0.0,0.0,1.0,0.0,0.0,0.0,0.0,5.0,0.0,0.0,0.0,0.0,0.0,3.0,0.0,0.0,0.0,0.0,1.0,0.0,8.0,0.0,8.0,19.566375,68.94565941,21.450147820680986,2.224673024291951,0.1960559016393441,0.0117293097479234,61.0,-0.2849876999999998,0.0279616189528862,300.0,0.2699604432132961,0.0262922303970252,361.0,3.409536733973698,0.011140156512374,0.0245650617013287,0.000861454298553,20.060674391099585,2.322449260305919,"The relationship between the TMEM62 gene and cancer is currently not well-established, though emerging studies suggest its potential involvement in oncogenic processes. TMEM62 may play a role in regulating cellular mechanisms such as apoptosis, cell proliferation, and the response to hypoxic stress, which are critical in cancer progression. Alterations in the expression of TMEM62 can influence cellular metabolism and survival pathways, potentially affecting tumor microenvironment interactions. Additionally, its involvement in membrane dynamics and intracellular signaling could contribute to tumorigenesis, although the specific mechanisms and pathways remain to be fully elucidated through further research.",0
OR4F4,918,0.0,0.0,0.0,1.0,0.0,1.0,0.0,0.0,1.0,0.0,3.0,3.0,1.0,1.0,0.1747946163258171,0.4796615303769259,649122.9543319192,444.4009897808343,0.0198885680771551,0.0,0.0,0.0,0.0,0.0,0.0,0.0,0.0,0.0,0.0,0.0,0.0,0.0,0.0,3.0,0.0,0.0,0.0,0.0,0.0,0.0,0.0,0.0,0.0,0.0,0.0,0.0,3.0,0.0,3.0,19.45333333,14.58703333,21.88701420269522,1.8204614569819408,0.2638164016874681,0.0370683991865753,190.13201675643327,-0.2623792743604192,0.0349935889004216,187.6534410532616,0.2724842722630945,0.0397860230283488,377.6466786355476,0.3103962686254951,0.3475181852649129,0.111514500398345,0.0145173604745375,20.060674391099585,2.322449260305919,"The relationship between the OR4F4 gene and cancer is currently not well established. OR4F4 is primarily classified as an odorant receptor, and while some research has indicated that olfactory receptors may play a role in various biological processes, including cell signaling and differentiation, there is limited direct evidence linking OR4F4 to oncogenic mechanisms. Potential relevant mechanisms could involve aberrant expression of olfactory receptors leading to altered cellular signaling pathways, which may influence processes such as proliferation or apoptosis. However, conclusive connections to cancer pathogenesis or progression have yet to be substantiated in the literature.",0
BRINP2,2352,0.2558139534883721,0.0465116279069767,0.0,0.6744186046511628,0.0,1.0,0.0232558139534883,0.0,0.9624784185553048,0.0,2.4166666666666665,2.6666666666666665,0.7283321194464676,1.0,0.2260908885371919,0.5622469362166382,5754.654,900.0,-0.0143988,0.0,0.0,0.0,0.0,0.0,0.0,0.0,0.0,0.0,1.0,0.0,0.0,0.0,7.0,29.0,3.0,0.0,0.0,0.0,0.0,11.0,0.0,0.0,0.0,1.0,1.0,0.0,49.0,0.0,40.0,18.51867347,134.6711589,19.800154783868965,0.4706767167522687,0.2732776240208877,0.0223772427417221,383.0,-0.2345077142857143,0.0218284905240336,35.0,0.2700313397129187,0.0223944342360905,418.0,1.6706198234254963,1.2310986515258726,0.1425324434921108,0.0240496272413787,20.060674391099585,2.322449260305919,"The BRINP2 gene, known for its role in development and tissue homeostasis, has emerging evidence suggesting a potential link to cancer biology. Dysregulation of BRINP2 expression may affect cellular processes such as proliferation, apoptosis, and cell adhesion, all of which are critical in tumorigenesis. Specifically, alterations in BRINP2 levels could modulate signaling pathways involved in cancer progression, such as those related to the TGF-beta superfamily, which has implications in epithelial-mesenchymal transition (EMT) and metastasis. Further studies are needed to elucidate the precise mechanisms and clinical significance of BRINP2 in various cancer types.",0
RIPPLY2,387,0.0,0.0,0.0,1.0,0.0,1.0,0.0,0.0,1.0,0.0,5.0,5.0,1.0,1.0,0.0267165375367352,0.123496460644305,108781.4,870.0,-0.02227021,1.5211906438250054e-06,3.0,0.0,0.0,0.0,0.0,0.0,0.0,0.0,0.0,0.0,0.0,0.0,0.0,4.0,0.0,0.0,0.0,0.0,0.0,0.0,0.0,0.0,0.0,0.0,0.0,0.0,4.0,0.0,4.0,20.75,117.6164,21.88701420269522,1.8204614569819408,0.2413243697478991,0.0256873953671841,119.0,-0.2679904081632653,0.0252769334309802,245.0,0.2592726648351648,0.0254976280763501,364.0,0.6959627297750767,0.842045846674008,0.1836802640316309,0.0375425303944478,20.060674391099585,2.322449260305919,"The RIPPLY2 gene has been implicated in various biological processes, and emerging studies suggest a potential relationship with cancer, though the mechanisms remain to be fully elucidated. RIPPLY2 is involved in regulating the expression of genes critical for embryonic development and differentiation, and its aberrant expression may disrupt normal cellular pathways. In the context of cancer, altered RIPPLY2 expression could influence cell proliferation, apoptosis, and the epithelial-to-mesenchymal transition (EMT), processes often dysregulated in malignancies. Additionally, RIPPLY2 may interact with signaling pathways linked to tumor progression and metastasis, potentially contributing to oncogenic processes through the modulation of transcriptional networks and cellular signaling cascades. Further research is needed to clarify the specific roles and mechanisms by which RIPPLY2 may affect cancer biology.",0
TMSB4Y,135,0.0,0.0,0.0,1.0,0.0,1.0,0.0,0.0,1.0,0.0,1.0,1.0,1.0,1.0,0.291970802919708,0.651416488091734,649122.9543319192,444.4009897808343,0.0198885680771551,1.209857321701715e-06,5.0,0.0,0.0,0.0,0.0,0.0,0.0,0.0,0.0,0.0,0.0,0.0,0.0,1.0,0.0,0.0,0.0,0.0,0.0,0.0,0.0,0.0,0.0,0.0,0.0,0.0,1.0,0.0,1.0,24.7,0.0,21.88701420269522,1.8204614569819408,0.2638164016874681,0.0370683991865753,190.13201675643327,-0.2623792743604192,0.0349935889004216,187.6534410532616,0.2724842722630945,0.0397860230283488,377.6466786355476,1.1498875277990748,1.576917300019053,0.0370421334317774,0.0042698318155614,20.060674391099585,2.322449260305919,"The relationship between the TMSB4Y gene and cancer is currently unclear; however, some studies suggest that it may be involved in regulating cell proliferation and apoptosis, processes often dysregulated in cancer. TMSB4Y encodes a protein that has been implicated in cell motility and cytoskeletal dynamics, which can influence tumor progression and metastasis. Additionally, its expression may affect the immune response within the tumor microenvironment, potentially impacting tumor growth and response to therapy. Further research is necessary to elucidate the specific mechanisms by which TMSB4Y might contribute to cancer pathology.",0
LTN1,5439,0.3142857142857143,0.0571428571428571,0.0571428571428571,0.5428571428571428,0.0,1.0,0.0285714285714285,0.0,0.9353313099590082,0.0,1.5833333333333333,2.0,0.3544842254519674,1.0,0.8431703204047217,0.9870036261176508,316590.9,303.0,0.03375599,0.0001176994500668,25.0,0.0,0.0,2.0,0.0,0.0,0.0,1.0,0.0,0.0,0.0,0.0,0.0,20.0,2.0,0.0,0.0,0.0,0.0,10.0,3.0,0.0,2.0,0.0,0.0,0.0,36.0,0.0,29.0,17.70908333,111.380473,24.340301418537965,1.234624213763112,0.2461927058823529,0.0214624093056862,85.0,-0.2626656048387097,0.0201304039664343,248.0,0.2584608108108109,0.0204585238490393,333.0,3.6235179814998206,0.004183291531005,0.111514500398345,0.0145173604745375,18.686772019655063,1.0103543304080147,"The LTN1 gene, which encodes an E3 ubiquitin ligase involved in protein quality control and the regulation of cellular stress responses, has been implicated in cancer biology through its role in modulating the degradation of specific substrates that affect cell cycle progression and apoptosis. Dysregulation of LTN1 can lead to abnormal protein accumulation, contributing to oncogenic signaling pathways or inhibition of tumor suppressor functions. Moreover, LTN1 is suggested to play a role in the maintenance of genomic stability; its dysfunction may result in genomic instability, a hallmark of cancer progression. Thus, aberrant expression or activity of LTN1 may influence tumorigenesis and cancer development through these molecular mechanisms.",0
SNAPC2,1005,0.0,0.0,0.0,0.5,0.0,1.0,0.5,0.0,0.6934264036172708,0.0,3.0,6.0,1.0,1.0,0.03662735330745,0.157752544120606,952639.8,320.0,0.02740313,1.534363477230735e-07,4.0,0.0,0.0,0.0,0.0,0.0,0.0,1.0,2.0,0.0,0.0,0.0,0.0,3.0,0.0,0.0,0.0,0.0,0.0,0.0,0.0,0.0,1.0,0.0,2.0,0.0,3.0,0.0,6.0,22.61333333,17.48253333,18.24339883100358,10.957740055780093,0.313973509933775,0.0783985369802649,151.0,-0.2326855217391304,0.0145581742658838,230.0,0.2649020209973753,0.0413050783382732,381.0,3.1571554682375784,0.0111432273472207,0.045365112864155,0.0079000565092812,14.49893467633916,1.0984862862127818,"The SNAPC2 gene encodes a subunit of the SNAP complex, which is integral to the transcription of small nuclear RNAs and can influence gene expression. Alterations in SNAPC2 expression have been implicated in various cancers, potentially through mechanisms that modulate the transcriptional control of oncogenes and tumor suppressor genes. The dysregulation of transcriptional machinery, including the SNAPC complex, may lead to aberrant cellular proliferation and survival signaling pathways, promoting tumorigenesis. Moreover, SNAPC2 has been linked to processes such as cell cycle regulation and response to stress, which are crucial for maintaining genomic integrity. Comprehensive investigations are warranted to elucidate its precise role and the downstream effects in cancer biology.",0
CAP2,1434,0.2307692307692307,0.0,0.0,0.7692307692307693,0.0,1.0,0.0,0.0,1.0000000000000002,0.0,2.5,2.5,1.0,1.0,0.1842978252856616,0.4959827154877887,249798.1,454.0,-0.007858038,0.0001067717653282,15.0,0.0,0.0,0.0,0.0,0.0,0.0,0.0,0.0,0.0,0.0,0.0,0.0,10.0,0.0,0.0,0.0,0.0,0.0,3.0,0.0,0.0,0.0,0.0,0.0,0.0,13.0,0.0,13.0,17.85869231,118.3244461,24.87290121435801,0.9384613159588632,0.2686820765027324,0.0315610480758842,182.0,-0.2483206993006993,0.0190466797220427,143.0,0.2597505521472392,0.0260985209516942,325.0,3.194714652540894,0.0342292731986667,0.111514500398345,0.0145173604745375,24.257495430795064,2.799840554783849,"The CAP2 gene (Cyclase-Associated Protein 2) has been implicated in various cellular processes, including actin cytoskeleton dynamics and signal transduction pathways that can influence cellular proliferation and survival. Aberrations in CAP2 expression or function may contribute to tumorigenesis through mechanisms such as altered cell motility, enhanced migratory capacity, and evasion of apoptosis. Furthermore, CAP2’s role in modulating Rho family GTPases can impact pathways associated with metastasis. While direct links between CAP2 and specific cancer types are still being explored, its involvement in critical cellular functions positions it as a potential player in cancer progression and metastasis.",0
CEP135,3423,0.0277777777777777,0.1388888888888889,0.0,0.7222222222222222,0.0,1.0,0.1111111111111111,0.0,0.8359672904965647,0.0,13.0,17.5,0.6706908115358821,1.0,0.0585720142915714,0.2247700034141099,585468.1,376.0,0.01770706,9.820438976067984e-06,8.0,0.0,0.0,0.0,0.0,0.0,0.0,1.0,3.0,0.0,0.0,0.0,0.0,25.0,5.0,0.0,0.0,0.0,0.0,1.0,1.0,0.0,1.0,0.0,3.0,0.0,32.0,0.0,27.0,26.4736875,66.71984803,23.01385385734145,0.9990036268986224,0.3616312592592592,0.2035329281558651,135.0,-0.2274029255319148,0.0139500331459409,188.0,0.2835045510835915,0.0971981024286022,323.0,3.3587937572502184,0.007575776423613,0.0502528176662863,0.0071544249682358,22.908045889089465,0.9797811266210178,"The CEP135 gene is implicated in the regulation of centrosome function and microtubule organization, both of which are critical for maintaining genomic stability during cell division. Dysregulation of these processes can lead to centrosome abnormalities and aneuploidy, conditions frequently associated with tumorigenesis. In various cancers, altered expression or mutations in genes involved in centrosome dynamics are linked to increased proliferation and survival of malignant cells. Additionally, CEP135 has been noted to play a role in the assembly of the spindle apparatus, and disturbances in mitotic processes due to aberrant CEP135 function may contribute to cancer cell proliferation and progression by promoting genomic instability and facilitating aggressive tumor characteristics.",0
ANKRD66,756,0.375,0.125,0.0,0.375,0.0,1.0,0.125,0.0,0.9166666666666666,0.0,0.75,1.25,0.3832886163280951,1.0,0.7468259895444361,0.964841722710258,649122.9543319192,444.4009897808343,0.0198885680771551,0.0,0.0,0.0,0.0,0.0,0.0,0.0,0.0,1.0,0.0,0.0,0.0,0.0,1.0,3.0,1.0,0.0,0.0,0.0,0.0,3.0,0.0,0.0,1.0,0.0,0.0,0.0,8.0,0.0,8.0,15.16275,154.7415725,20.25836197542269,1.2392337845697834,0.2818079473684209,0.062272661498939,190.0,-0.2491309375000001,0.02024643195187,128.0,0.2686549371069183,0.0454968204414786,318.0,0.8090407476006667,1.0702086871769068,0.111514500398345,0.0145173604745375,20.060674391099585,2.322449260305919,"Currently, the relationship between the ANKRD66 gene and cancer is not well-established or thoroughly elucidated in the literature. However, gene dysregulation, including alterations in expression and function, can influence various cellular processes such as proliferation, differentiation, and apoptosis—all of which are relevant to cancer biology. If ANKRD66 were to play a role in cancer, potential mechanisms might involve interactions with intracellular signaling pathways, modulation of protein complexes involved in gene regulation, or effects on cellular stress responses. Further research is needed to clarify any direct associations or mechanisms involving ANKRD66 and specific cancer types.",0
TGFBI,2052,0.3157894736842105,0.0,0.0,0.631578947368421,0.0,1.0,0.0526315789473684,0.0,1.0,0.0,1.7142857142857142,1.8571428571428568,1.0,1.0,0.508646998982706,0.8524928899923575,337361.8,298.0,0.03196178,5.634769234523168e-07,2.0,0.0,0.0,0.0,0.0,0.0,0.0,1.0,0.0,0.0,0.0,0.0,0.0,11.0,0.0,0.0,0.0,0.0,0.0,6.0,1.0,0.0,1.0,0.0,0.0,0.0,18.0,0.0,18.0,19.60322222,102.9939284,28.747155761054778,0.7742162882654864,0.2666856069364161,0.0151128824305887,172.0,-0.2468857916666666,0.0152727385449773,240.0,0.2551796610169491,0.015264593179011,412.0,3.8016398751244025,0.0222313626927103,0.0956030592999555,0.0175393591437857,19.74614639368282,4.334799684816087,"Yes, there is a relationship between the TGFBI gene and cancer. TGFBI (transforming growth factor beta induced) encodes a protein involved in extracellular matrix (ECM) regulation, cell adhesion, and tissue remodeling. Aberrant expression of TGFBI has been associated with various cancers, where it can play a dual role as a tumor suppressor or promoter depending on the context and tumor type. In some tumors, elevated TGFBI expression can enhance tumor cell migration and invasion through modulation of ECM composition, promoting metastatic behavior. Conversely, in certain cancers, TGFBI may inhibit tumor progression by regulating cellular responses to TGF-β, a cytokine closely linked to cancer progression and immune evasion. The dichotomous role of TGFBI highlights its complex involvement in tumorigenesis and the tumor microenvironment.",0
OPRK1,1143,0.1851851851851851,0.037037037037037,0.0,0.7777777777777778,0.0,1.0,0.0,0.0,0.9844214875661372,0.0,3.5,3.6666666666666665,0.7674597083653109,1.0,0.1772421127259837,0.4839132599397032,147912.1,861.0,-0.01441774,1.2654873905240703e-05,9.0,0.0,0.0,0.0,0.0,0.0,0.0,0.0,0.0,0.0,0.0,0.0,1.0,21.0,1.0,0.0,0.0,0.0,0.0,5.0,0.0,0.0,0.0,0.0,0.0,0.0,28.0,0.0,25.0,19.22771429,103.6164667,21.88701420269522,1.8204614569819408,0.3145142739726025,0.0560538404641005,365.0,-0.2691102197802198,0.0222333643955067,91.0,0.3054533771929822,0.049570906050987,456.0,1.87041748905618,0.9168009060937682,0.1821975020281245,0.0347857905573716,20.060674391099585,2.322449260305919,"The OPRK1 gene encodes the kappa-opioid receptor, which is involved in pain modulation and has been implicated in various physiological processes. There is emerging evidence suggesting that OPRK1 may play a role in cancer biology, particularly in relation to tumor growth, metastasis, and the tumor microenvironment. Activation of the kappa-opioid receptor might influence pathways associated with angiogenesis and immune response, potentially affecting tumor cell proliferation and the immune evasion mechanisms of cancer cells. Additionally, the expression levels of OPRK1 can alter in different cancers, which may correlate with disease progression and patient outcomes, suggesting a potential contribution to tumor biology. More research is needed to fully elucidate the precise mechanisms and clinical relevance of OPRK1 in cancer.",0
PPP1R13L,2487,0.2777777777777778,0.0277777777777777,0.0277777777777777,0.6111111111111112,0.0,1.0,0.0555555555555555,0.0,0.9570163547517176,0.0,2.0,2.363636363636364,0.4363001745200698,1.0,0.3343363423604146,0.7006378400694787,1269856.0,191.0,0.03107599,6.7107176697952144e-06,13.0,0.0,0.0,0.0,0.0,0.0,0.0,2.0,0.0,0.0,0.0,0.0,2.0,22.0,1.0,0.0,0.0,0.0,0.0,9.0,1.0,0.0,2.0,0.0,0.0,0.0,35.0,0.0,32.0,18.65477143,86.45142653,24.506704615218705,1.0361827771745766,0.2481998888888889,0.0229320112066915,180.0,-0.2600662275449102,0.0200302686935141,166.0,0.2539107780979827,0.0215088229228032,345.0,3.251101003303395,0.0381841742797148,0.0885914525743067,0.0116695489113237,24.189135068488955,0.8561711336780367,"Yes, there is a relationship between the PPP1R13L gene and cancer. PPP1R13L, also known as PHAPI or protein phosphatase 1 regulatory subunit 13L, plays a role in regulating protein phosphatase 1 (PP1), which is involved in various cellular processes including cell cycle regulation and apoptosis. Dysregulation of PPP1R13L can lead to altered PP1 activity, affecting key signaling pathways that govern cell proliferation and survival. In cancer, aberrant expression of PPP1R13L has been linked to changes in tumorigenesis and progression, suggesting that it may influence the balance between cell death and survival mechanisms in tumor cells. Additionally, PPP1R13L has been implicated in modulating the response to stress signals, further contributing to tumorigenic phenotypes under adverse conditions.",0
GPR108,1632,0.6,0.0,0.0,0.4,0.0,1.0,0.0,0.0,1.0,0.0,0.5714285714285714,0.5714285714285714,1.0,1.0,0.6024096385542169,0.9077214472099108,736128.7,272.0,0.02744776,0.0,1.0,0.0,0.0,0.0,0.0,0.0,0.0,0.0,0.0,0.0,0.0,0.0,0.0,4.0,0.0,0.0,0.0,0.0,0.0,6.0,0.0,0.0,0.0,0.0,0.0,0.0,10.0,0.0,10.0,13.1531,106.0410568,23.49888367491665,1.6674645401568018,0.2844597101449277,0.0576372005546598,138.0,-0.2524890871369293,0.0217103049574965,241.0,0.2641301055408967,0.0349112772036925,379.0,3.4916654310800337,0.0038689645171318,0.0691751766094527,0.0068229637958789,19.44750754079945,4.052838382834564,"The relationship between the GPR108 gene and cancer is currently not well established, but emerging evidence suggests that GPR108 may play a role in cellular signaling pathways that could affect tumorigenesis. GPR108 encodes a G-protein coupled receptor (GPCR), which is known to be involved in various physiological processes, including immune response modulation. Dysregulation or aberrant expression of GPCRs has been implicated in cancer progression and metastasis. Specifically, GPR108 might influence tumor microenvironment interactions or immune evasion mechanisms, potentially affecting cancer cell proliferation and survival. However, the precise mechanisms linking GPR108 to cancer remain to be fully elucidated, and further research is needed to determine its role in oncogenesis.",0
GPR68,1098,0.2222222222222222,0.0,0.0,0.7222222222222222,0.0,1.0,0.0555555555555555,0.0,0.9733541703813188,0.0,2.6,2.8,1.0,1.0,0.3352329869259135,0.7016190095650725,251272.9,462.0,0.0419681,0.0,0.0,0.0,0.0,2.0,0.0,0.0,0.0,1.0,0.0,0.0,0.0,0.0,12.0,13.0,0.0,0.0,0.0,0.0,0.0,4.0,0.0,0.0,13.0,0.0,0.0,0.0,19.0,0.0,28.0,16.82878947,94.07163373,15.134322196550915,0.3103349349366692,0.2365983766233766,0.0204056148620533,154.0,-0.2871089513108614,0.0216730846530314,267.0,0.2686323990498813,0.0217530484558975,421.0,3.1233218070748947,0.0654939456051479,0.1686586724208634,0.011136548330587,18.7521449676087,0.909860988138297,"The GPR68 gene, encoding a proton-sensing G protein-coupled receptor, has been implicated in various cancer-related processes, though the exact relationship remains under investigation. Its expression can be influenced by the acidic microenvironment typically found in tumors, which may lead to altered signaling pathways involved in cell proliferation, survival, and invasion. Studies suggest that GPR68 activation can promote tumor cell survival under acidic conditions, enhance angiogenesis, and modulate immune responses within the tumor microenvironment. These factors can collectively contribute to tumor progression and metastasis, indicating that GPR68 may play a role in cancer biology, although further research is necessary to elucidate the precise mechanisms and clinical relevance.",0
ZNF329,1626,0.2083333333333333,0.0416666666666666,0.0,0.7083333333333334,0.0,1.0,0.0416666666666666,0.0,0.9454739270036172,0.0,2.833333333333333,3.1666666666666665,0.8244023083264633,1.0,0.6963788300835655,0.9483714976504404,1308496.0,619.0,-0.06357461,6.061298751594908e-06,11.0,0.0,0.0,0.0,0.0,0.0,0.0,1.0,0.0,0.0,0.0,0.0,0.0,17.0,1.0,0.0,0.0,0.0,1.0,5.0,0.0,0.0,1.0,0.0,0.0,0.0,24.0,0.0,22.0,14.998375,120.7766316,15.458772372560302,1.393557487068502,0.2638164016874681,0.0370683991865753,190.13201675643327,-0.2623792743604192,0.0349935889004216,187.6534410532616,0.2724842722630945,0.0397860230283488,377.6466786355476,3.32170408594012,0.0110004157825176,0.1419707065968421,0.039919409740251,20.060674391099585,2.322449260305919,"The ZNF329 gene, which encodes a zinc finger protein, has been implicated in various cellular processes, including gene regulation and cellular differentiation. Evidence suggests that alterations in ZNF329 expression can influence oncogenic pathways, potentially contributing to tumorigenesis. Mechanistically, ZNF329 may interact with specific transcription factors and co-regulators, affecting key genes involved in cell cycle progression, apoptosis, and epithelial-mesenchymal transition (EMT). Its dysregulation could lead to aberrant cellular proliferation and invasiveness, traits commonly associated with cancer. Further exploration into ZNF329's role and regulatory networks is essential to fully elucidate its potential contributions to cancer biology.",0
RPS26,348,0.25,0.0,0.0,0.75,0.0,1.0,0.0,0.0,1.0,0.0,1.5,1.5,1.0,1.0,0.6802721088435374,0.9423553746875136,2693176.0,215.0,0.03766619,0.0001535241113423,131.0,0.0,0.0,0.0,0.0,0.0,0.0,0.0,0.0,0.0,0.0,0.0,0.0,3.0,0.0,0.0,0.0,0.0,0.0,1.0,0.0,0.0,0.0,0.0,0.0,0.0,4.0,0.0,4.0,18.8405,56.442081,27.732559666972328,0.5180579719350024,0.254234578313253,0.0490038101655786,166.0,-0.2279126168224299,0.0189058491761065,107.0,0.243917912087912,0.0372600250070216,273.0,3.6986464252156543,0.0103799352196476,0.0379487080498275,0.0069051554833716,22.252254283625387,1.1395009729995966,"The RPS26 gene encodes a ribosomal protein that is a component of the 40S subunit of the ribosome. Dysregulation of ribosomal proteins, including RPS26, has been implicated in tumorigenesis through processes such as the alteration of protein synthesis, which affects the production of key regulatory proteins involved in cell growth, differentiation, and apoptosis. Furthermore, mutations or aberrant expression of RPS26 may disrupt the ribosomal assembly or influence the ribosome's ability to engage in translation fidelity, potentially leading to the synthesis of oncogenic proteins or the evasion of growth control mechanisms. Additionally, RPS26 has been associated with the p53 pathway, where its loss can impair the cellular response to stress and promote oncogenic transformation. Recent studies suggest that alterations in RPS26 expression could correlate with specific cancer types, highlighting its potential role in cancer biology.",0
OCA2,2517,0.3461538461538461,0.0769230769230769,0.0192307692307692,0.5192307692307693,0.0,1.0,0.0192307692307692,0.0,0.933704559425126,0.0192307692307692,1.4210526315789471,1.7894736842105263,0.1705320600272851,1.0,0.835421888053467,0.9856461374902558,154909.3,1141.0,-0.06086409,0.0,1.0,0.0,0.0,0.0,0.0,0.0,0.0,1.0,0.0,0.0,0.0,0.0,4.0,24.0,4.0,1.0,0.0,0.0,0.0,18.0,6.0,0.0,2.0,0.0,0.0,0.0,55.0,1.0,47.0,14.68567273,162.5161892,21.88701420269522,1.8204614569819408,0.2184689552238805,0.03046110363071,66.0,-0.2707887837837835,0.0222583171768208,295.0,0.2611319559228648,0.0241054931102522,361.0,2.110918751395906,0.7300373993588617,0.0813882178142312,0.0105902967412454,20.060674391099585,2.322449260305919,"The OCA2 gene primarily encodes a protein involved in the transport of melanin precursors and is associated with pigmentation. While its direct relationship with cancer is not extensively established, there are some studies suggesting that variations in OCA2 may influence susceptibility to certain cancers, particularly skin cancers. This connection may arise from the role of OCA2 in regulating melanin production, as increased melanin levels can provide some protective effects against ultraviolet (UV)-induced DNA damage, a significant risk factor for skin malignancies. Additionally, the interplay between pigmentation-related proteins and the cellular environment may impact tumor microenvironments and immune responses, potentially influencing cancer pathways. However, further research is necessary to elucidate these mechanisms and confirm any definitive associations.",0
LSM5,276,0.4,0.0,0.0,0.6,0.0,1.0,0.0,0.0,1.0,0.0,1.0,1.0,1.0,1.0,0.2065688907250568,0.5323530904684068,371991.9,639.0,0.005942231,1.2682891406533882e-05,18.0,0.0,0.0,0.0,0.0,0.0,0.0,0.0,0.0,0.0,0.0,0.0,0.0,3.0,0.0,0.0,0.0,0.0,0.0,2.0,0.0,0.0,0.0,0.0,0.0,0.0,5.0,0.0,5.0,21.0788,97.5775872,25.240933702755253,0.529906529076673,0.3049618225419664,0.027683879120228,417.0,-0.256918,0.0176734922655072,70.0,0.2980561396303901,0.0264903601315689,487.0,3.4108609274857224,0.0099140105828197,0.0706107862542943,0.0107102697054745,20.060674391099585,2.322449260305919,"The LSM5 gene encodes a protein that is a component of the Lsm (Like-Sm) complex, which is involved in RNA processing and post-transcriptional regulation. Although direct links between LSM5 and cancer are not well-established, disruptions in RNA metabolism and regulation can contribute to oncogenesis. Altered expression or function of Lsm proteins may affect mRNA stability, splicing, or degradation, potentially leading to the dysregulation of oncogenes and tumor suppressor genes. Furthermore, the role of LSM5 in cellular stress responses and its involvement in pathways that regulate apoptosis could also have implications in cancer development and progression. Thus, while the precise relationship between LSM5 and cancer remains to be fully elucidated, its functions in RNA biology suggest potential relevance in tumorigenesis.",0
ACOT4,1266,0.2,0.0,0.0,0.6,0.0,1.0,0.2,0.0,1.0,0.0,1.5,2.0,1.0,1.0,0.1225640397107488,0.3798408643763528,606299.7,169.0,0.03875077,0.0,1.0,0.0,0.0,0.0,0.0,0.0,0.0,1.0,0.0,0.0,0.0,0.0,0.0,3.0,0.0,0.0,0.0,0.0,0.0,1.0,0.0,0.0,1.0,0.0,0.0,0.0,4.0,0.0,5.0,20.7245,52.203601,21.12493937415587,1.6605879386447615,0.2364369444444445,0.0207114362087801,144.0,-0.2864839575971729,0.0235522357296719,283.0,0.2696062763466043,0.0231044826201393,427.0,2.9074969328133333,0.0503305078489781,0.1250678064792379,0.0184789757806133,20.060674391099585,2.322449260305919,"The relationship between the ACOT4 gene and cancer is currently not well-established, but emerging research suggests its potential involvement in tumor biology. ACOT4 encodes an acyl-CoA thioesterase that plays a role in lipid metabolism, influencing fatty acid utilization and cellular energy homeostasis. Abnormalities in lipid metabolism are often associated with cancer progression, as cancer cells frequently alter their lipid profiles to support rapid growth and proliferation. Additionally, ACOT4 may impact the balance between different acyl-CoA species, affecting signaling pathways related to cell proliferation and apoptosis. Altered expression or activity of ACOT4 may therefore contribute to oncogenic processes, though further investigation is needed to clarify its specific role in various cancer types.",0
FAM43A,1272,0.2,0.0,0.0,0.7,0.0,1.0,0.0,0.1,1.0,0.0,2.333333333333333,2.6666666666666665,1.0,1.0,0.6238303181534622,0.9182014183577144,406498.2,421.0,0.03933477,3.2274660598838368e-06,12.0,0.0,0.0,0.0,0.0,0.0,0.0,0.0,0.0,0.0,1.0,0.0,0.0,7.0,0.0,0.0,0.0,0.0,0.0,2.0,0.0,0.0,1.0,0.0,0.0,0.0,9.0,0.0,10.0,20.82988889,96.45183261,17.93761258144215,1.7787082096421518,0.3713023480662986,0.0809114135709256,362.0,-0.29705425,0.0334310791842405,80.0,0.357863778280543,0.073041439682971,442.0,3.129561119918433,0.0352776313323454,0.0933735715107282,0.0116500700127116,15.7065172899685,1.2600139674713002,"The FAM43A gene has been implicated in several studies exploring its relationship with cancer. Its expression alterations have been associated with various tumor types, suggesting a potential role in tumorigenesis. The mechanisms may involve FAM43A's interaction with pathways regulating cell proliferation, apoptosis, and metastasis. For instance, it is thought to participate in the modulation of signaling pathways, possibly influencing the epithelial-mesenchymal transition (EMT) and enhancing the migratory potential of cancer cells. Additionally, FAM43A may affect chromatin remodeling and gene expression profiles, further contributing to oncogenic transformations. However, the precise roles and underlying mechanisms remain to be fully elucidated and require more extensive research.",0
PDCD10,639,0.2222222222222222,0.0,0.1111111111111111,0.5555555555555556,0.0,1.0,0.1111111111111111,0.0,0.9298966940476158,0.0,1.6666666666666667,2.333333333333333,0.6422607578676943,1.0,0.6406149903907752,0.9258979125773832,145527.8,766.0,-0.01038642,8.135146306195944e-05,51.0,0.0,0.0,0.0,0.0,0.0,0.0,1.0,0.0,0.0,0.0,0.0,0.0,5.0,0.0,0.0,0.0,0.0,0.0,2.0,1.0,0.0,1.0,0.0,0.0,0.0,8.0,0.0,9.0,22.518625,74.0276437,25.53186719261941,0.4517115638252093,0.385821666666667,0.077344875855305,378.0,-0.2441167796610169,0.0200233691842781,59.0,0.3666898855835241,0.071892561673152,437.0,3.518352492194244,0.0077138383592846,0.0464957726390803,0.0080952131909025,20.060674391099585,2.322449260305919,"Yes, there is a relationship between the PDCD10 gene and cancer. PDCD10, also known as programmed cell death 10, plays a role in regulating cell growth, survival, and apoptosis. Aberrant expression or mutations in PDCD10 have been implicated in various cancers. Mechanistically, PDCD10 can influence cellular pathways involved in tumorigenesis, such as the regulation of hypoxia-inducible factors (HIFs) and the vascular endothelial growth factor (VEGF) signaling pathway, which are crucial for tumor angiogenesis and metastasis. Its interactions with apoptotic pathways may also affect tumor cell sensitivity to therapeutic agents, contributing to chemotherapy resistance. Additionally, alterations in PDCD10 expression can impact the tumor microenvironment, further facilitating malignancy progression.",0
RIN2,2835,0.1875,0.0,0.0,0.6875,0.0,1.0,0.0,0.125,0.96875,0.0,2.75,3.25,1.0,1.0,0.6082725060827251,0.9106644140109418,213904.8,508.0,-0.0002049008,1.8689326049151203e-06,8.0,0.0,0.0,0.0,0.0,0.0,0.0,0.0,0.0,0.0,0.0,1.0,0.0,11.0,0.0,0.0,0.0,0.0,0.0,3.0,0.0,0.0,0.0,0.0,1.0,0.0,14.0,0.0,15.0,18.73507143,71.84357238,22.522431022259354,1.0568650917843685,0.3101224437299034,0.044873636262396,311.0,-0.2624368518518519,0.0315847297208376,108.0,0.2978311694510739,0.0418006593581984,419.0,3.608059471205499,0.0073169537437752,0.111514500398345,0.0145173604745375,24.12006236253138,0.9988335025602456,"The RIN2 gene, encoding a member of the Rab GTPase-activating protein family, has been implicated in various cellular processes, including endocytosis and vesicle trafficking, which are critical for maintaining cellular homeostasis. Dysregulation of RIN2 has been associated with altered signaling pathways that can lead to oncogenesis. For instance, abnormal expression levels of RIN2 may impact the functionality of growth factor receptor signaling and contribute to the promotion of tumorigenic characteristics such as increased cell proliferation, migration, and survival. Additionally, its potential role in modulating the tumor microenvironment through effects on the immune system or stroma could further facilitate cancer progression. Overall, while specific mechanisms linking RIN2 directly to cancer may require further elucidation, its involvement in key cellular processes provides a plausible framework for its relevance in oncogenesis.",0
DNAJB14,1140,0.2222222222222222,0.1111111111111111,0.1111111111111111,0.5555555555555556,0.0,1.0,0.0,0.0,0.9298966940476158,0.0,1.6666666666666667,2.333333333333333,0.2297794117647059,1.0,0.4347826086956521,0.7969170099717844,202807.7,682.0,0.03616981,5.0248520783882e-08,5.0,0.0,0.0,0.0,0.0,0.0,0.0,0.0,0.0,0.0,0.0,0.0,0.0,6.0,1.0,0.0,0.0,0.0,0.0,2.0,1.0,0.0,0.0,0.0,0.0,0.0,9.0,1.0,8.0,25.17777778,92.51204444,22.84612897491751,0.4246838538908773,0.2010323809523809,0.0129521941002868,84.0,-0.2574560408163265,0.0195802308854901,245.0,0.2430500000000002,0.0184504714189024,329.0,3.5407124618183543,0.0044617173779868,0.0330695058091421,0.0046282033151327,19.21963156136911,6.996281766360345,"Yes, there is a relationship between the DNAJB14 gene and cancer. DNAJB14 encodes a member of the HSP40 (heat shock protein 40) family, which plays a crucial role in protein folding and cellular stress responses. Dysregulation of chaperone proteins such as DNAJB14 can influence tumorigenesis by affecting the stability, aggregation, and degradation of client proteins, including oncogenes and tumor suppressors. Additionally, aberrant expression of DNAJB14 has been associated with altered cellular responses to stress, promoting oncogenic pathways and enhancing cancer cell survival in adverse conditions. Evidence suggests that changes in DNAJB14 expression may influence cancer cell proliferation, migration, and sensitivity to therapies, highlighting its potential involvement in the mechanisms underpinning cancer development and progression.",0
SMPDL3A,1362,0.25,0.1666666666666666,0.0,0.5833333333333334,0.0,1.0,0.0,0.0,0.953509509058145,0.0,1.75,2.25,0.1838911364472232,1.0,0.5980861244019139,0.9055146618794916,138284.1,1073.0,-0.0006065881,0.0,1.0,0.0,0.0,0.0,0.0,0.0,0.0,0.0,0.0,0.0,0.0,0.0,0.0,7.0,2.0,0.0,0.0,0.0,0.0,3.0,0.0,0.0,0.0,0.0,0.0,0.0,12.0,0.0,11.0,16.44916667,219.8267507,22.711405811494927,2.3502882941711944,0.2545554629629628,0.0252070895259519,108.0,-0.2733179104477612,0.02376726947352,268.0,0.2679286968085106,0.0241869821473638,376.0,3.2980700805916747,0.0391865346113086,0.0883609413916675,0.008881259988899,20.060674391099585,2.322449260305919,"The SMPDL3A gene, which encodes a pyrophosphatase enzyme involved in lipid metabolism and cellular signaling, has been implicated in various cancer types. Dysregulation of SMPDL3A may affect cancer cell proliferation and survival by modulating cellular stress responses and apoptosis pathways. Its potential role in phospholipid metabolism suggests that alterations in SMPDL3A activity could influence the microenvironment of tumors, as well as the membranes of cancer cells. Additionally, aberrant expression of the gene has been linked to oncogenic signaling pathways that promote tumorigenesis. Thus, the SMPDL3A gene may contribute to cancer through mechanisms involving metabolic reprogramming and altered cellular communication.",0
SPPL2B,1778,0.1538461538461538,0.0,0.0,0.6153846153846154,0.0,1.0,0.2307692307692307,0.0,0.9011575366850628,0.0,2.6666666666666665,3.6666666666666665,1.0,1.0,0.6459948320413437,0.9282711725888472,1503606.0,267.0,0.03126237,1.3527407198782532e-05,9.0,0.0,0.0,0.0,0.0,0.0,0.0,3.0,0.0,0.0,0.0,0.0,7.0,4.0,0.0,0.0,0.0,0.0,0.0,5.0,1.0,0.0,4.0,0.0,0.0,0.0,16.0,0.0,19.0,9.776625,33.35459225,21.88701420269522,1.8204614569819408,0.2439923529411766,0.0149940570774675,118.0,-0.2664106293706295,0.0249341603020586,284.0,0.2598235308641973,0.0220736842580467,402.0,2.842285090327978,0.2097717354995392,0.111514500398345,0.0145173604745375,20.060674391099585,2.322449260305919,"The relationship between the SPPL2B gene and cancer is not well established, but some studies suggest potential connections through its role in apoptosis and immune regulation. SPPL2B encodes a type of intramembrane protease involved in the processing of various proteins, including those linked to cell signaling pathways. Dysregulation of these pathways can lead to altered cell proliferation, survival, and immune evasion, which are hallmarks of cancer. Additionally, SPPL2B's involvement in the presentation of antigens may influence tumor immune responses, further implicating it in tumorigenesis and cancer progression. However, the precise mechanisms and their relevance in specific cancer types remain to be fully elucidated.",0
GAPDHS,1227,0.1,0.2,0.0,0.7,0.0,1.0,0.0,0.0,0.939794000867204,0.0,3.5,4.5,0.1667500416875104,1.0,0.9057971014492754,0.9954166194337896,1081638.0,390.0,0.04089064,0.0004318078886619,20.0,0.0,0.0,0.0,0.0,0.0,0.0,0.0,0.0,0.0,0.0,0.0,0.0,7.0,2.0,0.0,0.0,0.0,0.0,1.0,0.0,0.0,0.0,0.0,0.0,0.0,10.0,0.0,10.0,20.6048,171.5211613,19.62655319345416,2.656604928001204,0.3264476651982379,0.0656294671560289,227.0,-0.3165626623376623,0.0572007312876368,154.0,0.3224521522309709,0.0620866762590399,381.0,0.3973026454168106,0.3651851412131977,0.727937359810256,0.0403372201326627,14.533971966414017,2.118797832955709,"The GAPDHS gene, which encodes the glyceraldehyde-3-phosphate dehydrogenase, spermatogenic enzyme, has been implicated in various cancer contexts primarily through its role in metabolic processes and cellular proliferation. In cancer cells, altered metabolism is a hallmark feature, and GAPDHS may influence glycolytic pathways, potentially facilitating the Warburg effect, where cancer cells rely on aerobic glycolysis for rapid energy production. Moreover, GAPDHS has been reported to participate in the modulation of oxidative stress responses and apoptosis, suggesting that its expression may affect tumorigenesis and tumor progression. Dysregulation of GAPDHS expression has been associated with certain malignancies, indicating that its functional alterations could contribute to cancer cell survival and aggressiveness. Further research is needed to elucidate the precise mechanisms by which GAPDHS impacts tumor biology.",0
BSDC1,1344,0.25,0.0,0.0,0.75,0.0,1.0,0.0,0.0,1.0,0.0,1.5,1.5,1.0,1.0,0.7513148009015778,0.9661386471923176,1529661.0,216.0,0.04070793,0.0001042394395885,3.0,0.0,0.0,0.0,0.0,0.0,0.0,0.0,0.0,0.0,0.0,0.0,2.0,3.0,0.0,0.0,0.0,0.0,0.0,1.0,0.0,0.0,0.0,0.0,0.0,0.0,6.0,0.0,6.0,14.47683333,123.769949,24.39883091060028,0.8645606832771946,0.2294063076923075,0.0165374166544782,130.0,-0.2446460204081633,0.0156239959758765,196.0,0.2385688343558281,0.0159943335980216,326.0,3.621933512493678,0.0016004663312333,0.1438004723487042,0.0120489341741762,24.326577947696663,3.805653269957265,"The BSDC1 gene, which encodes a protein involved in various cellular processes, has been implicated in cancer through its potential roles in cellular signaling pathways and cellular stress responses. Alterations in the expression or function of BSDC1 may influence key mechanisms such as apoptosis, proliferation, and metastasis by modulating the response to oxidative stress or interacting with oncogenic pathways. This suggests that BSDC1 could be involved in tumor progression or resistance to therapies, although the precise mechanisms and their relevance to specific cancer types remain to be fully elucidated. Further investigations are needed to clarify its role in oncogenesis and the potential implications for cancer biology.",0
GLE1,2097,0.4,0.0,0.0,0.6,0.0,1.0,0.0,0.0,1.0,0.0,1.2,1.2,1.0,1.0,0.4349717268377555,0.7970744870730946,1917147.0,160.0,0.03923432,8.372056882895857e-06,12.0,0.0,0.0,0.0,0.0,0.0,0.0,0.0,0.0,0.0,0.0,0.0,0.0,7.0,0.0,0.0,0.0,0.0,0.0,4.0,0.0,0.0,0.0,0.0,0.0,0.0,10.0,1.0,10.0,15.647,162.9047884,23.24366815684213,0.8964137449731535,0.2458404411764705,0.0217242035286928,136.0,-0.2407877859778597,0.0177942128143392,271.0,0.2424761425061427,0.019062849141487,407.0,3.5113642027939265,0.0032365172468011,0.0362761733856438,0.0055993917420477,21.85445158874018,1.2495201937808522,"The GLE1 gene encodes a protein that is involved in mRNA export and regulation of gene expression, which are critical processes for maintaining cellular homeostasis. Dysregulation of these processes can lead to altered gene expression profiles, contributing to oncogenesis. Studies have suggested that GLE1 may be involved in the control of cell proliferation and apoptosis, processes often disrupted in cancer cells. Additionally, GLE1's role in cellular stress responses could influence tumor microenvironments and metastasis. These mechanisms indicate a potential link between GLE1 expression patterns and various malignancies, warranting further investigation into its role in cancer biology.",0
REP15,711,0.1666666666666666,0.0,0.0,0.6666666666666666,0.0,1.0,0.0,0.1666666666666666,1.0,0.0,2.0,2.5,1.0,1.0,0.1137656427758816,0.3610483175992133,346549.6,376.0,-0.0035174959999999,0.0,0.0,0.0,0.0,0.0,0.0,0.0,0.0,0.0,0.0,0.0,1.0,0.0,0.0,4.0,0.0,0.0,0.0,0.0,0.0,1.0,0.0,0.0,1.0,0.0,0.0,0.0,5.0,0.0,6.0,16.6322,84.3370692,18.48137094261288,6.056820695011544,0.3391131349206349,0.1059974631379419,252.0,-0.2459741860465117,0.0344588357422708,86.0,0.3154150591715975,0.0892895613645365,338.0,2.599428038379191,0.1055435638287755,0.111514500398345,0.0145173604745375,20.060674391099585,2.322449260305919,"The REP15 gene has been implicated in potential relationships with cancer, although the mechanisms are not fully elucidated. It is thought to play a role in regulating cellular processes such as proliferation and apoptosis by influencing the stability and localization of specific proteins within the cell. Aberrant expression or dysfunction of REP15 may disrupt these pathways, leading to enhanced cell growth and survival, characteristics commonly associated with cancer. Additionally, REP15 might be involved in the modulation of cellular responses to stress and DNA damage, further contributing to tumorigenesis through genomic instability or altered cellular signaling networks. Nonetheless, ongoing research is necessary to clarify the precise role of REP15 in various cancer types and its underlying mechanisms.",0
ZDHHC16,1134,0.1,0.0,0.0,0.9,0.0,1.0,0.0,0.0,1.0,0.0,4.5,4.5,1.0,1.0,0.1398797034550286,0.4150192316106749,556332.5,188.0,0.04175097,0.0,1.0,0.0,0.0,0.0,0.0,0.0,0.0,0.0,0.0,0.0,0.0,0.0,0.0,8.0,0.0,0.0,0.0,0.0,0.0,1.0,1.0,0.0,0.0,0.0,0.0,0.0,10.0,0.0,10.0,25.067,51.43489,17.37681790372951,2.872305192074658,0.2143015151515151,0.0137617608578849,99.0,-0.336531217948718,0.0453964620879008,312.0,0.3070890267639904,0.0404628045858797,411.0,3.4346445864350343,0.0055757039390551,0.0367929751027604,0.0073589462635469,20.060674391099585,2.322449260305919,"The relationship between the ZDHHC16 gene and cancer is currently being explored, with some studies indicating that it may play a role in tumorigenesis. ZDHHC16 encodes a member of the ZDHHC family of palmitoyltransferases, which are involved in the post-translational modification of proteins through the addition of palmitate. This modification can influence membrane localization, protein stability, and interactions with other cellular components, potentially impacting signaling pathways associated with cell proliferation, migration, and apoptosis. Dysregulation of ZDHHC16 and its palmitoylation activity may lead to altered oncogenic signaling or tumor suppressor pathways, contributing to the progression of various cancers. However, further research is required to fully elucidate the precise mechanisms by which ZDHHC16 might influence cancer development and progression.",0
PI15,777,0.1538461538461538,0.0,0.0769230769230769,0.6923076923076923,0.0,1.0,0.0769230769230769,0.0,0.958424899318874,0.0,3.0,3.6666666666666665,0.3996802557953637,1.0,0.5882352941176471,0.9003695594483355,149375.2,824.0,-0.01266515,0.0,0.0,0.0,0.0,0.0,0.0,0.0,0.0,1.0,0.0,0.0,0.0,0.0,0.0,8.0,0.0,0.0,0.0,0.0,0.0,2.0,1.0,0.0,1.0,0.0,0.0,0.0,11.0,0.0,10.0,22.63481818,102.4521254,21.51634999025698,2.596366313442369,0.3264213827160492,0.0470387860906576,405.0,-0.2554054285714286,0.0196566142251759,70.0,0.3159558736842104,0.0435885639166928,475.0,3.087980999522756,0.1921263274629966,0.111514500398345,0.0145173604745375,20.060674391099585,2.322449260305919,"The PI15 gene, encoding a serine protease inhibitor, has been implicated in various biological processes, including cell regulation and immune response. Its potential relationship with cancer may stem from its role in modulating proteolytic enzymes involved in tumor progression and metastasis. Dysregulation of PI15 could influence extracellular matrix remodeling, epithelial-mesenchymal transition (EMT), and immune evasion, thereby facilitating tumor growth and dissemination. Additionally, altered expression of PI15 in specific cancer types suggests a possible role in tumor pathophysiology, indicating that further investigation is necessary to clarify its exact mechanisms and relevance in cancer biology.",0
PSMC2,1302,0.1818181818181818,0.1818181818181818,0.0909090909090909,0.5454545454545454,0.0,1.0,0.0,0.0,0.8750481154569111,0.0,2.0,3.0,0.137797988149373,1.0,0.5305039787798409,0.8668052100265116,355263.7,620.0,0.01718355,0.0004856202027307,145.0,0.0,0.0,0.0,0.0,0.0,0.0,0.0,0.0,0.0,0.0,0.0,0.0,6.0,2.0,0.0,0.0,0.0,0.0,2.0,1.0,0.0,0.0,0.0,0.0,0.0,11.0,0.0,10.0,27.89490909,111.1203621,27.115102015313653,0.1221276990883804,0.3278529946524066,0.0486018325808203,374.0,-0.2428882417582418,0.0161464043257631,91.0,0.3112254838709676,0.0433405804286985,465.0,3.645087450376773,0.00328736389526,0.0761455660491838,0.0106188213172524,17.626245202047226,2.049596800503902,"Yes, there is a relationship between the PSMC2 gene and cancer. PSMC2 encodes a component of the 26S proteasome, which plays a critical role in the regulation of protein degradation, including key oncogenic and tumor suppressor proteins. Dysregulation of the proteasome pathway can lead to the accumulation of proteins that promote tumorigenesis, thereby enhancing cell proliferation, survival, and resistance to apoptosis. Moreover, mutations or altered expression levels of PSMC2 may contribute to the functional impairments of the proteasome, impacting cellular stress responses and further facilitating cancer development and progression. Consequently, aberrations in PSMC2 have been associated with various cancer types, highlighting its potential role in tumor biology.",0
EIF1,342,0.3333333333333333,0.0,0.0,0.6666666666666666,0.0,1.0,0.0,0.0,1.0,0.0,1.0,1.0,1.0,1.0,0.5649717514124294,0.8875590658676484,1617880.0,323.0,0.009132629,3.5765520185859244e-06,7.0,0.0,0.0,0.0,0.0,0.0,0.0,0.0,0.0,0.0,0.0,0.0,0.0,2.0,0.0,0.0,0.0,0.0,0.0,1.0,0.0,0.0,0.0,0.0,0.0,0.0,3.0,0.0,3.0,21.53866667,108.6108853,25.23796590300616,0.5169186542366665,0.4282977227722771,0.3668770182057335,202.0,-0.2617047904191619,0.0193655567058292,167.0,0.352902005420054,0.216016746162815,369.0,3.772939139471127,0.0034741187316755,0.0261200887493473,0.0058135516690578,13.62908709527306,1.4622823271973042,"Yes, there is a relationship between the EIF1 gene and cancer. EIF1 encodes a protein that plays a crucial role in the initiation of translation by promoting the recruitment of the ribosome to the mRNA. Dysregulation of protein synthesis via aberrant EIF1 expression or function has been implicated in oncogenesis. Increased levels of EIF1 may lead to enhanced translation of oncogenic factors and survival proteins, thereby contributing to tumor growth and progression. Additionally, alterations in translation initiation can affect cellular stress responses and apoptosis, further promoting malignant transformation. The broader implications of EIF1 in cancer biology highlight its potential role in the complex network of translational regulation associated with tumorigenesis.",0
BUB3,987,0.0,0.0,0.0,1.0,0.0,1.0,0.0,0.0,1.0,0.0,1.0,1.0,1.0,1.0,0.3051571559353067,0.6673568415369783,213808.9,769.0,-2.523199e-05,0.0001225746471975,53.0,0.0,0.0,0.0,0.0,0.0,0.0,0.0,0.0,0.0,0.0,0.0,5.0,1.0,0.0,0.0,0.0,0.0,0.0,0.0,0.0,0.0,1.0,0.0,0.0,0.0,5.0,0.0,6.0,25.518,116.72462,26.74558526672499,0.3021959334835076,0.2340337190082643,0.021397989236887,121.0,-0.3337107665505228,0.0464441190036061,287.0,0.3041496813725493,0.0410231939785223,408.0,3.65268943852873,0.0037493960780964,0.0834273627008462,0.0058473440890447,20.832425232062768,1.7347612641579226,"Yes, there is a relationship between the BUB3 gene and cancer. BUB3 encodes a protein that plays a critical role in the mitotic checkpoint, which ensures proper chromosome segregation during cell division. Dysregulation of this checkpoint can lead to aneuploidy, a condition characterized by an abnormal number of chromosomes, which is a hallmark of many cancers. Mutations or altered expression of BUB3 can impair the cell's ability to detect and correct errors during mitosis, potentially resulting in genomic instability. This instability can contribute to tumorigenesis by promoting the accumulation of oncogenic mutations and facilitating cancer progression. Additionally, aberrant BUB3 activity has been linked to specific cancer types, further supporting its role in cancer biology.",0
CELA3B,813,0.2,0.0,0.0,0.6,0.0,1.0,0.2,0.0,1.0,0.0,1.5,2.0,1.0,1.0,0.0429534813796658,0.1781554734447465,448600.3,190.0,0.02851095,0.0,0.0,0.0,0.0,0.0,0.0,0.0,0.0,1.0,0.0,0.0,0.0,0.0,0.0,3.0,0.0,0.0,0.0,0.0,0.0,1.0,0.0,0.0,1.0,0.0,0.0,0.0,4.0,0.0,5.0,22.1225,54.412025,25.261660295249488,5.565317768702217,0.2073095833333333,0.013251615275614,96.0,-0.2538269548872179,0.0160427583488055,266.0,0.241490856353591,0.0156866388349986,362.0,0.488891859123725,1.028577900909784,0.111514500398345,0.0145173604745375,16.681693233240033,1.6887588946110643,"The CELA3B gene, part of the serine peptidase family, has been implicated in various cellular processes, including apoptosis and inflammation, which are crucial in cancer biology. Alterations in the expression levels of serine proteases like CELA3B may influence tumor progression and metastasis through modulation of the extracellular matrix and immune responses. Additionally, the proteolytic activity can affect the activation or inactivation of growth factors and cytokines, potentially leading to enhanced tumor cell survival and proliferation. While specific mechanistic links between CELA3B and particular cancer types remain to be fully elucidated, the gene's involvement in proteolytic pathways suggests a plausible role in oncogenesis.",0
GPR171,960,0.25,0.0,0.0,0.75,0.0,1.0,0.0,0.0,1.0,0.0,1.5,1.5,1.0,1.0,0.1750700280112044,0.4801416710499447,649122.9543319192,444.4009897808343,0.0198885680771551,0.0,0.0,0.0,0.0,0.0,0.0,0.0,0.0,0.0,0.0,0.0,0.0,0.0,0.0,3.0,0.0,0.0,0.0,0.0,0.0,1.0,0.0,0.0,0.0,0.0,0.0,0.0,4.0,0.0,4.0,17.92025,114.2475069,21.88701420269522,1.8204614569819408,0.3454428370786521,0.0649014388057311,356.0,-0.2493780597014925,0.0211415308976933,67.0,0.3302269030732864,0.0591367830963104,423.0,2.8531363669598826,0.1000359783112413,0.111514500398345,0.0145173604745375,16.703658054128653,0.4830392851709651,"The GPR171 gene, which encodes a G protein-coupled receptor, has been implicated in various cellular processes, including neuropeptide signaling. While direct associations between GPR171 and specific cancer types are not well established, emerging evidence suggests that alterations in the expression or function of GPR171 may influence tumor microenvironments and cellular communication. Potential mechanisms include modulation of immune responses and inflammatory pathways, which are critical in tumor progression and metastasis. Additionally, changes in neuropeptide signaling, mediated by GPR171, might affect proliferation and survival of cancer cells, thereby contributing to cancer pathophysiology. However, further research is needed to elucidate the precise role of GPR171 in cancer biology.",0
PAGE2,336,0.5,0.0,0.0,0.5,0.0,1.0,0.0,0.0,1.0,0.0,0.5,0.5,1.0,1.0,0.6226650062266501,0.9176504455321108,214019.5,444.4009897808343,0.0182495999999999,3.029561333489029e-06,5.0,0.0,0.0,0.0,0.0,0.0,0.0,0.0,0.0,0.0,0.0,0.0,0.0,1.0,0.0,0.0,0.0,0.0,0.0,1.0,0.0,0.0,0.0,0.0,0.0,0.0,2.0,0.0,2.0,1.675,5.126402,17.627850498487977,6.332468534194509,0.2522850602409638,0.0309129223570085,83.0,-0.2739995424836602,0.0349675657938682,153.0,0.2663626694915255,0.0335119222877371,236.0,0.5186965454366479,0.7326991263681881,0.111514500398345,0.0145173604745375,18.052064531480145,4.51302843708425,"The PAGE2 gene, located on the X chromosome, has been implicated in cancer due to its expression patterns in various malignancies, particularly in testicular and certain solid tumors. PAGE2 is part of the cancer/testis (CT) antigen family, which is typically expressed in germ cells and aberrantly activated in tumor cells. The potential mechanisms linking PAGE2 to cancer include its role in promoting immune evasion through the induction of anti-tumor immune responses, as well as its involvement in cell proliferation and apoptosis through pathways associated with tumorigenesis. Additionally, its expression may be co-regulated with other cancer/testis antigens, contributing to a broader immune subversion strategy utilized by tumors to evade detection by the host immune system.",0
SS18,1257,0.0,0.3333333333333333,0.0,0.6666666666666666,0.0,1.0,0.0,0.0,1.0,0.0,2.0,3.0,0.4668534080298786,1.0,0.5387931034482759,0.871995492653022,167309.7,632.0,0.03658182,0.0002169219671456,43.0,0.0,0.0,0.0,0.0,0.0,0.0,0.0,0.0,0.0,0.0,0.0,0.0,1.0,1.0,0.0,0.0,0.0,0.0,0.0,1.0,0.0,0.0,0.0,0.0,0.0,3.0,0.0,3.0,36.5,117.25,23.149278346249275,0.7530586144657312,0.324348418367347,0.0749316085405625,196.0,-0.2689664092664091,0.0191942164409326,259.0,0.2928232747252748,0.043845755423834,453.0,3.662864194345276,0.0026863406494163,0.0888537113081149,0.0086557460375952,14.9914040134263,0.608407015812816,"The SS18 gene, which encodes a protein involved in chromatin remodeling and transcriptional regulation, has been implicated in certain cancers, particularly those associated with chromosomal translocations. Specifically, SS18 is known for its fusion with the SSX gene in synovial sarcoma, leading to the formation of hybrid proteins that can aberrantly regulate gene expression and disrupt normal cellular pathways. This dysregulation can promote uncontrolled cell proliferation and survival by altering signaling pathways, influencing tumor microenvironment interactions, and facilitating metastasis. Additionally, the involvement of SS18 in chromatin structure modification may further contribute to genomic instability, a hallmark of cancer, thereby enhancing the oncogenic potential of the affected cells.",0
ZNF516,3492,0.4,0.0,0.0,0.5333333333333333,0.0,1.0,0.0666666666666666,0.0,0.9645742425751236,0.0,1.263157894736842,1.4210526315789471,1.0,1.0,0.8264462809917356,0.9839837682716114,113406.2,813.0,0.01762605,7.466511187066289e-07,6.0,0.0,3.0,0.0,0.0,0.0,0.0,3.0,0.0,0.0,0.0,0.0,0.0,25.0,0.0,0.0,0.0,0.0,0.0,18.0,0.0,0.0,4.0,1.0,0.0,0.0,44.0,0.0,44.0,11.57040909,91.65734485,21.42148970809068,1.6317060790346296,0.2715598130841122,0.0378488674565685,107.0,-0.289094694376528,0.0259537453715362,409.0,0.2854585852713179,0.028402301722849,515.0,3.4615837732818204,0.0230164378264361,0.1016823603277775,0.0095836464666474,21.89883505849433,1.7275578581280226,"The ZNF516 gene encodes a zinc finger protein that has been implicated in various cellular processes, including transcriptional regulation and response to stress. There is emerging evidence suggesting a potential relationship between ZNF516 and cancer. One proposed mechanism involves its role in modulating cellular apoptosis and proliferation, as alterations in these processes can contribute to tumorigenesis. Additionally, ZNF516 may influence pathways such as the DNA damage response, enhancing cell survival in the presence of genotoxic stress, which is frequently observed in cancer. Furthermore, its expression patterns have been associated with specific cancer types, suggesting that ZNF516 might participate in oncogenic signaling pathways or act as a tumor suppressor, depending on the context. However, more research is needed to fully elucidate its role and the mechanisms by which it may influence cancer development and progression.",0
NEUROD2,1149,0.25,0.0,0.0,0.625,0.0,1.0,0.125,0.0,1.0,0.0,1.6666666666666667,2.0,1.0,1.0,0.4009623095429029,0.7673968914426001,1164935.0,239.0,0.02832533,7.399654866875984e-08,2.0,0.0,0.0,0.0,0.0,0.0,0.0,1.0,0.0,0.0,0.0,0.0,0.0,5.0,0.0,0.0,0.0,0.0,0.0,2.0,0.0,0.0,1.0,0.0,0.0,0.0,7.0,0.0,8.0,22.34428571,57.14279524,17.1609311395068,0.346559967028252,0.2799160571428575,0.0740126765297667,175.0,-0.271060965909091,0.0216824949047759,176.0,0.2754758974358974,0.0476557799368351,351.0,0.8339286338676208,0.8831856945666037,0.2188598704151206,0.023540858721629,16.310867976701175,1.624863660612404,"The NEUROD2 gene encodes a transcription factor involved in neuronal differentiation and development. Emerging studies suggest that aberrant expression or regulation of NEUROD2 may influence cancer biology, particularly in neurogenic tumors and cancers with neural differentiation features. Potential mechanisms include its role in modulating gene expression related to cell proliferation, apoptosis, and differentiation pathways, as well as its interaction with signaling pathways that regulate cell growth and survival. Additionally, NEUROD2 may contribute to tumor microenvironmental interactions and stem cell-like properties in certain cancers, potentially promoting tumorigenesis and metastasis. However, the precise relationship between NEUROD2 and various cancer types requires further investigation to elucidate its functional implications in oncogenesis.",0
COA5,225,0.3333333333333333,0.3333333333333333,0.0,0.3333333333333333,0.0,1.0,0.0,0.0,1.0,0.0,0.5,1.0,0.5078720162519045,1.0,0.7132667617689016,0.9542794497948632,260302.3,696.0,0.03944061,1.6250360499288717e-06,2.0,0.0,0.0,0.0,0.0,0.0,0.0,0.0,0.0,0.0,0.0,0.0,0.0,1.0,1.0,0.0,0.0,0.0,0.0,0.0,1.0,0.0,0.0,0.0,0.0,0.0,3.0,0.0,3.0,30.93333333,37.21333333,23.64707703097287,0.5232413560186682,0.2152195263157895,0.0117615117749067,190.0,-0.2262985416666667,0.0274599200637854,48.0,0.2174539495798319,0.0148449175455164,238.0,3.3997808503048152,0.00486610635102,0.0938255051109259,0.006990215004699,19.48887457585424,4.601891828762981,"The COA5 gene is involved in mitochondrial biogenesis and the assembly of cytochrome c oxidase, a key component of the mitochondrial respiratory chain. Dysregulation of mitochondrial function has been implicated in various cancer types due to its role in energy metabolism, oxidative stress, and apoptotic signaling. Alterations in COA5 expression or function may lead to impaired cellular respiration and increased reliance on glycolysis, a metabolic shift often observed in cancer cells (the Warburg effect). Additionally, mitochondrial dysfunction can promote reactive oxygen species (ROS) accumulation, contributing to genomic instability and tumorigenesis. Therefore, while direct links between COA5 and specific cancer types remain under investigation, its involvement in mitochondrial dynamics suggests a potential relevance to cancer pathophysiology.",0
ATP2B1,3663,0.2,0.16,0.0,0.64,0.0,1.0,0.0,0.0,0.9310917507082572,0.0,2.6666666666666665,3.333333333333333,0.1835872957591334,1.0,0.4967709885742673,0.8443249610817956,235577.7,418.0,0.00937166,3.4195102906330627e-05,19.0,0.0,0.0,0.0,0.0,0.0,0.0,0.0,0.0,0.0,0.0,0.0,4.0,16.0,4.0,0.0,0.0,0.0,0.0,5.0,1.0,0.0,0.0,1.0,0.0,0.0,29.0,0.0,24.0,24.81975862,156.1861723,24.72568480437116,1.1885170721858822,0.2275971069182389,0.0303776851865137,159.0,-0.2152832867132866,0.0142591923672904,143.0,0.2217663907284768,0.0227106163447371,302.0,3.650813935331108,0.0076202823468592,0.037920544323156,0.0068562597906278,24.360580095715044,0.983924468869278,"Yes, there is a relationship between the ATP2B1 gene and cancer. ATP2B1 encodes a plasma membrane calcium ATPase that plays a critical role in regulating intracellular calcium levels. Abnormal calcium signaling has been implicated in various aspects of cancer biology, including cell proliferation, apoptosis, and metastasis. Altered expression or function of ATP2B1 can lead to dysregulated calcium homeostasis, promoting tumorigenesis and cancer cell survival. Additionally, changes in ATP2B1 expression have been observed in certain cancers, suggesting that it may contribute to the malignancy's aggressiveness through mechanisms such as enhanced cell migration or resistance to chemotherapy. These alterations can ultimately impact the tumor microenvironment and influence cancer progression.",0
SEMA3G,2349,0.2142857142857142,0.1428571428571428,0.0,0.5714285714285714,0.0,1.0,0.0714285714285714,0.0,0.9107950720287574,0.0,2.0,2.75,0.2867794665901921,1.0,0.3679175864606328,0.7357970256545077,1078407.0,229.0,0.06225371,0.0,0.0,0.0,0.0,0.0,0.0,0.0,0.0,1.0,0.0,0.0,0.0,0.0,1.0,8.0,2.0,0.0,0.0,0.0,0.0,3.0,0.0,0.0,1.0,0.0,0.0,0.0,14.0,0.0,15.0,20.4175,147.6951087,17.405509788911516,0.5205099138553223,0.2496035454545454,0.0367327935955713,110.0,-0.2803269534883724,0.0228038193307903,430.0,0.2740684814814814,0.0257317144307139,540.0,3.045763379014234,0.0458431817826711,0.111514500398345,0.0145173604745375,20.060674391099585,2.322449260305919,"Yes, there is a relationship between the SEMA3G gene and cancer. SEMA3G encodes a member of the semaphorin family, which plays critical roles in cellular signaling processes, including neuronal development and axon guidance. In the context of cancer, SEMA3G is known to function as a tumor suppressor in various malignancies. Its expression can influence tumor progression by modulating tumor cell migration and invasion through its interactions with receptors such as neuropilins and plexins. Loss or reduced expression of SEMA3G may contribute to enhanced tumor cell motility, angiogenesis, and metastasis, thereby promoting cancer development and progression. Additionally, SEMA3G may exhibit anti-angiogenic properties, inhibiting the formation of blood vessels that supply nutrients to tumors. Thus, alterations in SEMA3G expression levels can significantly impact cancer behavior and outcomes.",0
S100A13,297,0.0,0.0,0.0,0.5,0.0,1.0,0.5,0.0,1.0,0.0,1.0,2.0,1.0,1.0,0.5449591280653951,0.8757735594041056,1555611.0,183.0,0.03290337,2.553027284218831e-05,15.0,0.0,0.0,0.0,0.0,0.0,0.0,0.0,1.0,0.0,0.0,0.0,0.0,1.0,0.0,0.0,0.0,0.0,0.0,0.0,0.0,0.0,0.0,0.0,1.0,0.0,1.0,0.0,2.0,18.77,0.0,28.04950344491264,0.7927229942621289,0.3026046253229976,0.0359869298927996,387.0,-0.1789921052631579,0.0057726958927453,38.0,0.291552211764706,0.0345124305347191,425.0,3.4760718404490407,0.0164578486932896,0.111514500398345,0.0145173604745375,23.416992027579163,1.557190540850449,"Yes, there is a relationship between the S100A13 gene and cancer. S100A13 is a member of the S100 family of proteins, which are known to play critical roles in cell cycle regulation, differentiation, and apoptosis. In the context of cancer, S100A13 has been implicated in processes such as tumor growth, cell invasion, and metastasis. It is believed to promote angiogenesis through the secretion of pro-angiogenic factors, thereby facilitating nutrient supply to tumors. Additionally, S100A13 may modulate the tumor microenvironment by influencing immune cell behaviors. Elevated expression levels of S100A13 have been associated with poor prognosis in various malignancies, suggesting that it may contribute to tumor aggressiveness and treatment resistance.",0
TOMM6,225,0.4,0.0,0.0,0.4,0.0,1.0,0.0,0.2,1.0,0.0,0.6666666666666666,1.0,1.0,1.0,0.9803921568627452,0.9998064973491958,649122.9543319192,444.4009897808343,0.0198885680771551,0.0,0.0,0.0,0.0,0.0,0.0,0.0,0.0,0.0,0.0,0.0,1.0,0.0,0.0,2.0,0.0,0.0,0.0,0.0,0.0,2.0,0.0,0.0,1.0,0.0,0.0,0.0,4.0,0.0,5.0,12.5075,36.127161,22.45179158071796,0.8591597118453208,0.3310109625668448,0.106456716121649,187.0,-0.24936808,0.0190293115607999,125.0,0.2983014743589742,0.0728616294319029,312.0,3.540273330975655,0.0101103137477131,0.0753918745121243,0.0104884852479056,20.060674391099585,2.322449260305919,"The relationship between the TOMM6 gene and cancer is currently not well-established, but emerging studies suggest potential involvement in tumor biology. TOMM6, part of the translocase of the outer mitochondrial membrane (TOM) complex, plays a role in mitochondrial protein import, which is crucial for maintaining mitochondrial function and cellular metabolism. Dysregulation of mitochondrial processes has been linked to cancer progression, as altered energy production and increased reactive oxygen species (ROS) can promote oncogenic signaling pathways. Furthermore, any aberrations in the function of TOMM6 might influence apoptosis and cellular stress responses, potentially contributing to the survival of cancer cells under adverse conditions. Ongoing research is needed to clarify its specific role and mechanisms in cancer development.",0
TLR6,2391,0.2666666666666666,0.0666666666666666,0.0,0.6,0.0,1.0,0.0333333333333333,0.0333333333333333,0.9676992492528846,0.0,2.0,2.4444444444444446,0.4725897920604915,1.0,0.4314063848144953,0.7940917795157723,316027.5,437.0,0.07462079,0.0,1.0,0.0,0.0,0.0,0.0,0.0,0.0,0.0,1.0,0.0,1.0,0.0,0.0,18.0,2.0,0.0,0.0,0.0,0.0,8.0,0.0,0.0,1.0,0.0,1.0,0.0,28.0,0.0,21.0,15.1685,118.070022,13.892202170605923,0.184684464276049,0.2228222321428571,0.0114161459165942,112.0,-0.2611199565217392,0.0176040033061116,230.0,0.2485780116959065,0.0158621242857711,342.0,3.250364432296361,0.0324715954633093,0.111514500398345,0.0145173604745375,20.060674391099585,2.322449260305919,"Yes, there is a relationship between the TLR6 gene and cancer. Toll-like receptor 6 (TLR6) is involved in the innate immune response, recognizing specific pathogen-associated molecular patterns and modulating inflammatory signaling pathways. Dysregulation of TLR6 expression and function can influence tumor microenvironments and immune responses, contributing to tumor progression and metastasis. For example, aberrant TLR6 signaling may promote the activation of inflammatory pathways that aid in tumor growth or create an immunosuppressive environment that allows cancer cells to evade immune detection. Additionally, TLR6 may play a role in the crosstalk between cancer cells and the immune system, with potential implications for tumor-promoting inflammation or anti-tumor immunity, highlighting its relevance in cancer biology.",0
C3ORF14,387,0.2857142857142857,0.2857142857142857,0.0,0.4285714285714285,0.0,1.0,0.0,0.0,0.8982265179691364,0.0,1.0,1.6666666666666667,0.7027406886858749,1.0,0.7763975155279503,0.9728964500637904,213715.8,935.0,-0.002714163,0.0,0.0,0.0,0.0,0.0,0.0,0.0,0.0,0.0,0.0,0.0,0.0,0.0,0.0,3.0,2.0,0.0,0.0,0.0,0.0,2.0,0.0,0.0,0.0,0.0,0.0,0.0,7.0,0.0,7.0,22.35085714,159.3475451,17.688408357003052,1.4886445858756965,0.2514223703703703,0.0263912219316528,135.0,-0.2843889408866996,0.023512826563073,406.0,0.2761625323475046,0.0243874523456123,541.0,3.0496352241960025,0.0750874888949633,0.1851613219289392,0.0308340838718147,20.060674391099585,2.322449260305919,"The C3ORF14 gene has been implicated in some studies related to cancer, particularly through its potential role in cellular processes such as proliferation and apoptosis. Some investigations suggest that altered expression or mutations in C3ORF14 may influence signaling pathways that are critical for tumorigenesis, including those involved in the cell cycle and immune response. Additionally, C3ORF14 may interact with proteins that regulate gene expression and cellular stress responses, further linking it to oncogenic pathways. However, the precise mechanisms and their clinical significance require further research to establish a definitive relationship between C3ORF14 and cancer.",0
TCF21,540,0.0,0.0,0.0,1.0,0.0,1.0,0.0,0.0,1.0,0.0,7.0,7.0,1.0,1.0,0.0505816894284269,0.2015258288913772,102722.3,388.0,-0.004199092,2.277997176028433e-06,9.0,0.0,0.0,0.0,0.0,0.0,0.0,0.0,0.0,0.0,0.0,0.0,0.0,7.0,0.0,0.0,0.0,0.0,0.0,0.0,0.0,0.0,0.0,0.0,0.0,0.0,7.0,0.0,6.0,26.15857143,31.65101429,17.559712533411997,0.6130748910631874,0.2446817142857142,0.023760778373956,105.0,-0.2726610861423221,0.0224972446969361,267.0,0.2647636827956988,0.0229498262292576,372.0,2.151077731482684,1.321652343541939,0.111514500398345,0.0145173604745375,20.537451676088164,2.138855604233893,"Yes, there is a relationship between the TCF21 gene and cancer. TCF21 is a transcription factor that plays a significant role in various cellular processes, including cell differentiation and proliferation. Dysregulation of TCF21 has been implicated in tumorigenesis, particularly in the context of tumors such as lung and breast cancer. Mechanistically, TCF21 can function as a tumor suppressor by regulating pathways involved in epithelial-mesenchymal transition (EMT) and genomic stability. Alterations in TCF21 expression may lead to enhanced invasive properties of cancer cells, contributing to metastasis. Furthermore, TCF21 has been associated with the modulation of inflammatory responses and interactions within the tumor microenvironment, influencing cancer progression and patient outcomes. These multifaceted roles underscore the complexity of TCF21's involvement in cancer biology.",0
CEP57L1,1383,0.125,0.0,0.0,0.875,0.0,1.0,0.0,0.0,1.0,0.0,3.5,3.5,1.0,1.0,0.6357279084551812,0.9237028760814628,390387.8,492.0,0.03275977,0.0002976910865972,72.0,1.0,0.0,0.0,0.0,0.0,0.0,0.0,0.0,0.0,0.0,0.0,1.0,7.0,0.0,0.0,0.0,0.0,0.0,1.0,0.0,0.0,0.0,0.0,0.0,0.0,10.0,0.0,8.0,15.5768,50.51699018,16.465597927806076,1.44440265204095,0.2365177272727272,0.039742880351668,110.0,-0.2838880434782609,0.0295962983030671,276.0,0.2703887305699481,0.0328505163809817,386.0,3.2811644797709167,0.0059664342272634,0.0704636584069189,0.0102121831112653,14.904626538159835,2.7314186275697594,"The relationship between the CEP57L1 gene and cancer is not well-established, but emerging evidence suggests potential roles in cellular processes that could influence tumorigenesis. CEP57L1 is implicated in the regulation of the centrosome, a critical structure for proper cell division and genomic stability. Aberrations in centrosome function can lead to aneuploidy and chromosomal instability, which are common hallmarks of cancer. Additionally, CEP57L1 may interact with pathways involved in the cell cycle and cellular responses to stress, including DNA damage. Disruptions in these processes could contribute to the initiation and progression of various tumors, warranting further investigation into its specific roles in different cancer types.",0
RABEP2,1710,0.3636363636363636,0.0,0.0,0.4545454545454545,0.0,1.0,0.0909090909090909,0.0909090909090909,1.0000000000000002,0.0,1.0,1.4,1.0,1.0,0.8130081300813008,0.9813123328327856,1189140.0,257.0,0.05450103,3.3643772043290974e-05,23.0,0.0,0.0,0.0,0.0,0.0,0.0,1.0,0.0,0.0,1.0,0.0,0.0,5.0,0.0,0.0,0.0,0.0,0.0,4.0,0.0,0.0,2.0,0.0,0.0,0.0,9.0,0.0,11.0,14.79511111,104.7112991,24.693300745179247,1.0016983853570685,0.2626049760765549,0.0472519335664657,209.0,-0.2478859349593495,0.0254174175735039,123.0,0.2571518373493974,0.0391120921606622,332.0,3.316087348609104,0.0102702617132955,0.0594494151097748,0.0102950468324064,20.48620891808294,2.224797719872161,"The RABEP2 gene, which encodes a Rab effector protein involved in intracellular membrane trafficking, has been implicated in various cellular processes that can influence cancer progression. Dysregulation of membrane trafficking and vesicular transport is critical for several hallmarks of cancer, including altered signaling pathways, enhanced cell proliferation, and metastasis. RABEP2 may affect the localization of key signaling molecules and oncogenes, potentially leading to aberrant signaling that promotes tumorigenesis. Additionally, its role in autophagy and endocytic pathways might impact the cellular response to stress and nutrient availability, further contributing to tumorigenic processes. However, the specific relationships between RABEP2 and distinct cancer types are not yet fully understood and require further research to elucidate the underlying mechanisms.",0
STMND1,831,0.3076923076923077,0.0769230769230769,0.0,0.3846153846153846,0.0,1.0,0.2307692307692307,0.0,0.8336995972754957,0.0,1.0,1.8,0.6150061500615006,1.0,0.7552870090634441,0.9672639407211604,649122.9543319192,444.4009897808343,0.0198885680771551,0.0,0.0,0.0,0.0,0.0,0.0,0.0,0.0,2.0,1.0,0.0,0.0,0.0,0.0,4.0,1.0,0.0,0.0,0.0,0.0,4.0,1.0,0.0,2.0,0.0,1.0,0.0,10.0,0.0,13.0,13.4856,184.0444849,17.099278600489768,1.882647444378804,0.2704548633879782,0.0313804188877559,183.0,-0.2488991666666667,0.0189616720846153,144.0,0.2609624464831804,0.0259515337774319,327.0,1.614741539086119,1.159789461670694,0.1454089419884237,0.0159840672100039,19.15458721237193,1.9388649926056976,"The STMND1 gene has been implicated in various cellular processes that could relate to cancer biology, though the direct relationship remains a topic of ongoing research. STMND1 may be involved in cellular stress responses and apoptosis, and alterations in these pathways can contribute to tumorigenesis. For instance, aberrant regulation of genes involved in stress response can lead to uncontrolled cell proliferation and evasion of programmed cell death, essential traits of cancer cells. Furthermore, the exploration of STMND1's expression patterns in different cancer types may reveal differential regulation that could influence tumor behavior and patient outcomes. Overall, while a definitive relationship is not yet established, potential mechanisms involving cell survival and response to stress suggest that STMND1 may play a role in cancer biology.",0
CENPU,1257,0.0909090909090909,0.0909090909090909,0.0909090909090909,0.7272727272727273,0.0,1.0,0.0,0.0,0.9474427588512933,0.0,4.0,5.0,0.1930874686232863,1.0,0.1711449597809344,0.4732576353880369,299322.4,515.0,0.03170916,3.752410390831016e-05,32.0,2.0,0.0,0.0,0.0,0.0,0.0,0.0,0.0,0.0,0.0,0.0,0.0,8.0,1.0,0.0,0.0,0.0,0.0,1.0,1.0,0.0,1.0,0.0,0.0,0.0,12.0,0.0,10.0,15.2785,101.4079552,21.88701420269522,1.8204614569819408,0.2040844594594594,0.0193463089839503,74.0,-0.289620897009967,0.028739171917526,301.0,0.2727417066666668,0.0279909402676677,375.0,2.842285090327978,0.2097717354995392,0.111514500398345,0.0145173604745375,20.060674391099585,2.322449260305919,"The CENPU gene, which encodes a protein involved in centromere function and proper chromosome segregation, has been implicated in cancer through its potential role in maintaining genomic stability. Dysregulation of CENPU can lead to aberrant cell division and aneuploidy, which are hallmark features of many cancers. Overexpression or altered expression of CENPU has been observed in various tumor types, suggesting that it may contribute to cancer cell proliferation and tumor progression by affecting the stability of the mitotic spindle apparatus. Additionally, its involvement in the DNA damage response and repair pathways may further link CENPU to the genomic instability often seen in oncogenesis.",0
OR4D2,924,0.4166666666666667,0.0,0.0,0.5833333333333334,0.0,1.0,0.0,0.0,0.953509509058145,0.0,1.1666666666666667,1.1666666666666667,1.0,1.0,0.2644103648863035,0.6161430381375638,851305.8,401.0,0.01401773,0.0,0.0,0.0,0.0,0.0,0.0,0.0,0.0,0.0,0.0,0.0,0.0,0.0,0.0,7.0,0.0,0.0,0.0,0.0,0.0,5.0,0.0,0.0,0.0,0.0,0.0,0.0,12.0,0.0,11.0,14.57533333,114.1333553,21.88701420269522,1.8204614569819408,0.2624147058823531,0.0269647554668449,221.0,-0.2383851351351351,0.015427723358485,148.0,0.2527768292682929,0.0224220212467126,369.0,0.2081278874649433,0.2142685731678623,0.111514500398345,0.0145173604745375,20.060674391099585,2.322449260305919,"The relationship between the OR4D2 gene and cancer is not well-established in the scientific literature. However, some studies suggest that genes involved in olfactory receptors, such as OR4D2, might play roles in tumor biology through mechanisms related to cell signaling, tumor microenvironment interactions, or immune modulation. These receptors have been implicated in various cellular processes, such as proliferation and differentiation, which can influence cancer progression. Additionally, abnormal expression of olfactory receptors has been observed in some tumor types, potentially impacting cancer cell behavior and response to environmental cues. Further research is required to elucidate any direct connections or functional roles of OR4D2 in specific cancer types.",0
SERPIND1,1500,0.4,0.0,0.0,0.6,0.0,1.0,0.0,0.0,1.0,0.0,1.2,1.2,1.0,1.0,0.7880220646178093,0.9757519217748232,435436.7,288.0,0.04109876,5.1333551861923e-06,3.0,0.0,0.0,1.0,0.0,0.0,0.0,0.0,0.0,0.0,0.0,0.0,0.0,6.0,0.0,0.0,0.0,0.0,0.0,4.0,0.0,0.0,0.0,0.0,0.0,0.0,11.0,0.0,10.0,12.70418182,78.44578496,26.25433885153992,0.5370130536379698,0.2855258709677419,0.0549478275815416,155.0,-0.2658307476635513,0.0210267669600017,214.0,0.2741037669376694,0.0352596075295216,369.0,2.3754304451959443,0.6928295089744715,0.111514500398345,0.0145173604745375,20.178437177533155,2.609555588358548,"The SERPIND1 gene, which encodes the protein pigment epithelium-derived factor (PEDF), has been implicated in various cancer types through its role in regulating angiogenesis, apoptosis, and inflammation. PEDF exhibits anti-angiogenic properties, acting to inhibit endothelial cell proliferation and migration, which can restrain tumor growth by limiting the blood supply to the tumor. Additionally, SERPIND1 has been associated with modulating immune responses and influencing the tumor microenvironment, potentially affecting cancer progression and metastasis. Alterations in SERPIND1 expression or function may thus contribute to tumorigenesis by disrupting these regulatory pathways, suggesting a potential link between this gene and cancer biology.",0
WEE2,1704,0.2941176470588235,0.0588235294117647,0.0,0.5882352941176471,0.0,1.0,0.0588235294117647,0.0,0.9712175832802088,0.0,1.6666666666666667,2.0,0.7199424046076314,1.0,0.7535795026375283,0.9667827847400682,200521.5,844.0,0.01444101,0.0,1.0,0.0,0.0,0.0,0.0,0.0,0.0,0.0,1.0,0.0,0.0,0.0,0.0,10.0,1.0,0.0,0.0,0.0,0.0,5.0,0.0,0.0,0.0,0.0,1.0,0.0,16.0,0.0,17.0,13.877375,136.1849769,21.88701420269522,1.8204614569819408,0.3032432732732733,0.0272507044413618,333.0,-0.2587936666666667,0.0228869914788795,120.0,0.2914685430463575,0.0264271506828283,453.0,1.72459871736616,0.4341768677121607,0.111514500398345,0.0145173604745375,20.060674391099585,2.322449260305919,"Yes, there is a relationship between the WEE2 gene and cancer. WEE2 encodes a serine/threonine kinase that plays a critical role in regulating the cell cycle, particularly during oocyte maturation and the early stages of embryo development. Aberrations in WEE2 expression or function can lead to dysregulation of the G2/M checkpoint, allowing cells with damaged DNA to progress through the cell cycle unchecked, which may contribute to tumorigenesis. Additionally, WEE2 may interact with other cell cycle regulators and tumor suppressor pathways, influencing cellular responses to stress and genotoxic insults. Its role in maintaining genome integrity suggests that alterations in WEE2 activity could impact cancer development and progression.",0
FAM53C,1179,0.2857142857142857,0.0,0.0,0.5714285714285714,0.0,1.0,0.1428571428571428,0.0,1.0,0.0,1.3333333333333333,1.6666666666666667,1.0,1.0,0.7917656373713381,0.9766348720256168,1312427.0,273.0,0.03569477,2.0673581887739622e-06,10.0,0.0,0.0,1.0,0.0,0.0,0.0,1.0,0.0,0.0,0.0,0.0,3.0,4.0,0.0,0.0,0.0,0.0,0.0,2.0,0.0,0.0,2.0,0.0,0.0,0.0,9.0,0.0,11.0,17.04811111,62.54232011,19.022902504361205,2.063919190150954,0.2667840229885056,0.0185838420600225,174.0,-0.2459281115879827,0.0152313943007288,233.0,0.254844398034398,0.0167291039419397,407.0,3.4977220638337125,0.0029824492350325,0.059545136450872,0.0145486859878824,23.549549103375025,0.5967986086318047,"The FAM53C gene has been associated with cancer in some studies, where alterations in its expression or function may contribute to tumorigenesis. One proposed mechanism involves the gene's role in cellular signaling and proliferation pathways. FAM53C may influence the regulation of cytoskeletal dynamics and cell cycle progression, which can affect cell growth and differentiation. Moreover, dysregulation of FAM53C has been implicated in promoting invasive and metastatic characteristics in cancer cells, potentially through mechanisms involving epithelial-mesenchymal transition (EMT) and altered cell motility. Additionally, any aberrant interactions with other oncogenic or tumor suppressor pathways could further support its involvement in cancer development and progression. However, further research is needed to clarify the extent and specific mechanisms underlying its role in various cancer types.",0
REG1B,501,0.2,0.1333333333333333,0.0,0.6,0.0,1.0,0.0666666666666666,0.0,0.9188632257835572,0.0,2.25,3.0,0.3661662394727206,1.0,0.8547008547008547,0.9888920929997136,10957.69,1389.0,-0.02211101,2.966452894533673e-07,3.0,0.0,0.0,0.0,0.0,0.0,0.0,1.0,0.0,0.0,0.0,0.0,7.0,9.0,2.0,0.0,0.0,0.0,0.0,3.0,0.0,0.0,1.0,0.0,0.0,0.0,21.0,0.0,21.0,13.72085714,89.99825933,24.946263707399112,6.418826987232561,0.2284038248847926,0.0158023088802099,217.0,-0.2258266666666667,0.0329535134136363,45.0,0.2279611832061068,0.0186341028840352,262.0,0.8436690756850113,1.6825222874715442,0.111514500398345,0.0145173604745375,17.12604523074528,0.6316638655649974,"Yes, there is a relationship between the REG1B gene and cancer. REG1B, a member of the regenerating protein family, has been implicated in various malignancies. Its expression is often upregulated in tumor tissues, suggesting a potential role in tumor progression and metastasis. Mechanistically, REG1B may influence cancer cell proliferation and survival through pathways involving inflammation and tissue repair, potentially contributing to the tumor microenvironment. Additionally, REG1B is thought to modulate immune responses, which can impact tumor immunity and the efficacy of therapies. Its dysregulation in cancer may therefore facilitate oncogenic processes and promote a favorable setting for tumor development.",0
TNFAIP8L1,561,0.0,0.0,0.0,1.0,0.0,1.0,0.0,0.0,1.0,0.0,4.0,4.0,1.0,1.0,0.7451564828614009,0.9643524877417958,921602.9,203.0,0.03478978,2.9042086790662154e-06,5.0,0.0,0.0,0.0,0.0,0.0,0.0,0.0,0.0,0.0,0.0,0.0,0.0,4.0,0.0,0.0,0.0,0.0,0.0,0.0,0.0,0.0,0.0,0.0,0.0,0.0,4.0,0.0,4.0,20.145,23.90296667,19.72973992038518,2.59705140007293,0.2405431707317074,0.014382696387405,123.0,-0.25266286259542,0.0199992036350691,262.0,0.2487908571428569,0.0181947294698362,385.0,3.3804468026705843,0.0079716702771069,0.0457207187889011,0.0081000941574746,20.060674391099585,2.322449260305919,"Yes, there is a relationship between the TNFAIP8L1 gene and cancer. TNFAIP8L1 is involved in modulating immune responses and has been implicated in apoptosis and cell survival pathways. Its overexpression has been observed in various cancer types, where it may promote tumor growth and metastasis by inhibiting apoptosis, thereby allowing cancer cells to evade programmed cell death. Additionally, TNFAIP8L1 may influence inflammatory processes and the tumor microenvironment, potentially facilitating tumor progression and immune evasion. The gene's role in these mechanisms highlights its potential significance in cancer biology.",0
OR1J1,969,0.2,0.0,0.0,0.6,0.2,0.8333333333333334,0.2,0.0,0.8377264515671147,0.0,2.25,3.0,1.0,0.0268211565282695,0.9462772234738762,0.1186218037880257,373313.7,646.0,0.002939579,0.0,0.0,0.0,0.0,0.0,0.0,0.0,0.0,2.0,1.0,0.0,0.0,0.0,0.0,10.0,0.0,0.0,0.0,0.0,0.0,3.0,0.0,0.0,2.0,1.0,1.0,0.0,12.0,0.0,14.0,7.734,55.23673873,21.88701420269522,1.8204614569819408,0.2435675886524823,0.0206568007441438,141.0,-0.2411627380952381,0.0178890946781303,252.0,0.2420255470737914,0.0188332595660902,393.0,1.2387948431568772,0.7992649592749975,0.111514500398345,0.0145173604745375,20.060674391099585,2.322449260305919,"The relationship between the OR1J1 gene and cancer is not clearly established. However, some studies suggest its potential involvement in tumor biology through mechanisms such as the modulation of olfactory signaling pathways, which may influence cellular behavior, differentiation, and apoptosis. The expression of olfactory receptors like OR1J1 in non-olfactory tissues, including various cancers, could implicate these receptors in local signaling networks that affect tumor microenvironment interactions, immune responses, or metabolic processes. Nonetheless, further research is needed to elucidate the specific role of OR1J1 in cancer and its underlying mechanisms.",0
JUND,1044,0.5,0.0,0.0,0.25,0.0,1.0,0.125,0.125,1.0,0.0,0.4,0.8,1.0,1.0,0.7107320540156361,0.953418463491295,1178047.0,210.0,0.04286559,0.0001348324142546,29.0,0.0,0.0,0.0,0.0,0.0,0.0,1.0,0.0,0.0,1.0,0.0,0.0,2.0,0.0,0.0,0.0,0.0,0.0,4.0,0.0,0.0,2.0,0.0,0.0,0.0,6.0,0.0,8.0,16.89283333,54.39689617,22.09444308278923,0.4997384934088877,0.3046059627329193,0.0562964947554735,161.0,-0.2298267142857142,0.0177934161073342,210.0,0.2622780862533691,0.0357726158398411,371.0,3.496899665956274,0.0113442418104552,0.0312153803104057,0.0065098977654206,22.539111822023337,1.1743653224017263,"Yes, there is a relationship between the JUND gene and cancer. JUND, a member of the Jun family of transcription factors, plays a role in regulating cell proliferation and apoptosis. Aberrant expression of JUND can influence oncogenic pathways, promoting cellular transformation and tumorigenesis. Specifically, JUND may interact with various signaling pathways, including the MAPK and PI3K/Akt pathways, to modulate gene expression related to cell survival and growth. Moreover, JUND's involvement in the response to DNA damage and its regulatory role in inflammation could further link it to cancer development and progression, as chronic inflammation is a known contributor to tumorigenesis. Understanding the precise mechanisms by which JUND contributes to cancer biology is an area of ongoing research.",0
MYSM1,2487,0.1538461538461538,0.0769230769230769,0.1538461538461538,0.6153846153846154,0.0,1.0,0.0,0.0,0.9011575366850628,0.0,2.6666666666666665,3.6666666666666665,0.0949667616334283,1.0,0.7722007722007722,0.9718229306189198,303726.8,517.0,-0.001929321,5.047361644788307e-06,13.0,0.0,0.0,0.0,0.0,0.0,0.0,0.0,0.0,0.0,0.0,0.0,0.0,8.0,1.0,0.0,0.0,0.0,0.0,2.0,2.0,0.0,0.0,0.0,0.0,0.0,13.0,0.0,10.0,21.86830769,83.7581544,21.17230650138824,3.402793744965257,0.2195980991735536,0.0173531293838567,121.0,-0.227431052631579,0.0137849526941241,190.0,0.2243835048231511,0.0151363455879991,311.0,3.5871470705244586,0.0048655810488142,0.111514500398345,0.0145173604745375,21.77204779004557,1.4838917630907549,"Yes, there is emerging evidence suggesting a relationship between the MYSM1 gene and cancer. MYSM1, a gene encoding a chromatin-modifying enzyme, is involved in regulating gene expression through histone modifications. Dysregulation of MYSM1 has been implicated in the processes of oncogenesis, including cell proliferation and the maintenance of stem-like properties in tumors. It appears to influence various signaling pathways, such as the Wnt and NF-κB pathways, which are crucial in cancer development and progression. Additionally, altered MYSM1 expression has been observed in several cancer types, suggesting its role as an oncogene or tumor suppressor, depending on the cellular context. Further studies are required to elucidate the precise mechanisms and interactions involved in MYSM1-related oncogenic processes.",0
LIAS,1119,0.25,0.0,0.0,0.0,0.0,1.0,0.75,0.0,0.4056390622295664,0.0,0.0,1.5,1.0,1.0,1.0,1.0,648710.2,177.0,0.0427968,0.0,0.0,0.0,0.0,0.0,0.0,0.0,0.0,3.0,0.0,0.0,0.0,0.0,1.0,0.0,0.0,0.0,0.0,0.0,0.0,1.0,0.0,0.0,3.0,0.0,0.0,0.0,2.0,0.0,5.0,5.134,48.137672,20.9163278010688,0.8614255853777253,0.2246222522522523,0.0116117783485176,111.0,-0.2607024890829695,0.0174823659047421,229.0,0.2489233529411766,0.0158129754441818,340.0,3.2077659610664973,0.0053740286271823,0.0568276935423752,0.0091912096221796,20.060674391099585,2.322449260305919,"The LIAS (Lipoic Acid Synthetase) gene encodes an enzyme involved in the biosynthesis of lipoic acid, a critical cofactor for mitochondrial enzymes that play roles in energy metabolism and oxidative stress response. Dysregulation of LIAS has been implicated in cancer due to its potential influence on metabolic pathways and reactive oxygen species (ROS) balance. Aberrant LIAS expression may affect cellular redox homeostasis, leading to an altered cellular environment that favors tumor progression and survival. Furthermore, dysregulated energy metabolism and increased oxidative stress can contribute to genomic instability, a hallmark of cancer. Overall, the relationship between LIAS and cancer may involve its impact on metabolic reprogramming and cellular stress response pathways.",0
RBM46,1602,0.2142857142857142,0.0,0.0,0.7857142857142857,0.0,1.0,0.0,0.0,1.0,0.0,2.75,2.75,1.0,1.0,0.0357768952810275,0.1549301626824226,73500.77,1021.0,-0.01792697,0.0,1.0,2.0,0.0,0.0,0.0,0.0,0.0,0.0,0.0,0.0,0.0,0.0,0.0,11.0,0.0,0.0,0.0,0.0,0.0,3.0,1.0,0.0,0.0,0.0,0.0,0.0,17.0,0.0,15.0,22.22129412,64.78175535,21.88701420269522,1.8204614569819408,0.1974508108108107,0.0168969629308404,74.0,-0.2778148226950357,0.024782846387335,282.0,0.2611099438202249,0.02415784499887,356.0,1.1249292889159448,0.9489539717535638,0.8087370751124299,0.0297727821927844,16.101131535410744,2.1907899976642,"Yes, there is a relationship between the RBM46 gene and cancer. RBM46, known to be involved in RNA binding and regulation, has been implicated in the modulation of gene expression and cellular processes such as apoptosis and proliferation. Dysregulation of RBM46 can lead to altered splicing patterns and the production of oncogenic isoforms of various proteins, contributing to tumorigenesis. Furthermore, its role in the regulation of mRNA stability and translation may affect pathways related to cell cycle control and stress response, thereby influencing cancer progression. Studies have suggested that aberrant expression of RBM46 may correlate with specific cancer types, reflecting its potential involvement in cancer biology and the complex mechanisms that govern tumor development.",0
IL20RA,1662,0.2307692307692307,0.0,0.0769230769230769,0.6153846153846154,0.0,1.0,0.0769230769230769,0.0,0.958424899318874,0.0,2.0,2.5,0.7057163020465773,1.0,0.8058017727639001,0.9797884820487268,133089.5,449.0,0.02443203,0.0,0.0,0.0,0.0,0.0,0.0,0.0,0.0,1.0,0.0,0.0,0.0,0.0,1.0,8.0,0.0,0.0,0.0,0.0,0.0,3.0,1.0,0.0,1.0,0.0,0.0,0.0,13.0,0.0,14.0,11.97392308,107.4319514,18.081452183802323,0.0385463191528918,0.2507122222222221,0.0292406431557632,108.0,-0.273222840909091,0.0225524417245981,264.0,0.2666874999999998,0.0245252809621967,372.0,2.947776900884744,0.6177558765543193,0.0454605708081674,0.0119938936890908,14.274678417235176,1.4025283491507736,"The IL20RA gene encodes a receptor that is part of the interleukin-10 cytokine family, which plays a significant role in immune regulation and inflammation. Dysregulation of IL20RA signaling has been implicated in various cancer types, potentially due to its influence on tumor microenvironments and immune evasion. For instance, aberrant IL20RA expression may lead to altered cytokine production, promoting tumor proliferation and metastasis by suppressing anti-tumor immune responses and enhancing angiogenesis. Additionally, IL20RA-related pathways could modulate the balance between pro-inflammatory and anti-inflammatory signals, creating conditions conducive to tumor growth. Thus, the gene's role in mediating inflammation and immune responses suggests a complex relationship with cancer biology.",0
DIMT1,942,0.0,0.0,0.0,0.8333333333333334,0.0,1.0,0.1666666666666666,0.0,1.0,0.0,5.0,6.0,1.0,1.0,0.4436557231588287,0.8042175756954679,176808.4,575.0,0.03305107,5.767274119728236e-05,42.0,0.0,0.0,0.0,0.0,0.0,0.0,0.0,1.0,0.0,0.0,0.0,0.0,5.0,0.0,0.0,0.0,0.0,1.0,0.0,1.0,0.0,1.0,0.0,1.0,0.0,6.0,0.0,7.0,23.165,8.29975,23.965227058441165,0.4548203989709345,0.2338169600000001,0.0115147826987483,125.0,-0.2655515985130112,0.0212929000351217,269.0,0.2554835025380713,0.0183722080177264,394.0,3.3543423579493927,0.0044563845884354,0.0339870353339929,0.0080674051351097,13.909825590973083,0.9699335527401493,"The relationship between the DIMT1 gene and cancer is an area of ongoing research, though specific mechanisms are not fully elucidated. DIMT1 encodes a protein involved in the dimethylation of certain RNA molecules, a post-transcriptional modification that can influence gene expression and cellular processes. Dysregulation of RNA modification has been implicated in various cancers, potentially affecting pathways such as cell proliferation, apoptosis, and response to stress. Alterations in DIMT1 expression or function may disrupt these processes, contributing to tumor development or progression. Further studies are required to clarify the precise role of DIMT1 in cancer biology and its potential implications in oncogenesis.",0
DCUN1D4,879,0.1111111111111111,0.0,0.0,0.8888888888888888,0.0,1.0,0.0,0.0,1.0,0.0,4.0,4.0,1.0,1.0,0.1879345987596316,0.5020975860955146,70055.15,766.0,0.01701613,3.279894558997897e-06,11.0,0.0,0.0,0.0,0.0,0.0,0.0,0.0,0.0,0.0,0.0,0.0,5.0,7.0,0.0,0.0,0.0,0.0,0.0,1.0,1.0,0.0,0.0,0.0,0.0,0.0,14.0,0.0,13.0,18.53578571,124.1673696,20.725056614681847,1.0714455056342886,0.3905418666666666,0.3181738768609218,150.0,-0.229507403314917,0.0138943024859975,181.0,0.302483746223565,0.1576846694701656,331.0,3.493116810074376,0.0038596841834814,0.0949291454086858,0.0103816904650153,21.79050146781391,1.4749775218873242,"The DCUN1D4 gene encodes a protein that is implicated in the regulation of protein ubiquitylation, a process essential for various cellular functions, including cell cycle regulation and apoptosis. Alterations in the expression or function of components involved in these pathways can lead to oncogenic transformation. Specifically, dysregulation of the ubiquitin-proteasome system can contribute to the stabilization of oncoproteins or the degradation of tumor suppressor proteins, potentially promoting tumorigenesis. While direct associations between DCUN1D4 and specific cancer types are not well-defined, its role in protein degradation dynamics suggests that it could contribute indirectly to cancer pathology through mechanisms involving cellular signal transduction and stress responses. Further research is needed to clarify the precise implications of DCUN1D4 in cancer biology.",0
ADCY9,4062,0.2424242424242424,0.0,0.0,0.7575757575757576,0.0,1.0,0.0,0.0,1.0000000000000002,0.0,2.7777777777777777,2.7777777777777777,1.0,1.0,0.2330459100442787,0.5724818937332528,740126.4,140.0,0.01876397,1.1039680151413806e-05,8.0,0.0,0.0,0.0,0.0,0.0,0.0,0.0,0.0,0.0,0.0,0.0,0.0,25.0,0.0,0.0,0.0,0.0,0.0,8.0,0.0,0.0,0.0,0.0,0.0,0.0,33.0,0.0,27.0,18.53072727,95.66068739,20.83203547574168,1.4805064747392265,0.2525018750000001,0.0296309314571989,192.0,-0.2535217808219177,0.0215437695347378,146.0,0.2529424260355029,0.0260636224344529,338.0,3.3768803457768684,0.0318902445381677,0.0364500194550562,0.0083435690522348,22.550067511804187,2.816092955425773,"The ADCY9 gene encodes for adenylate cyclase 9, an enzyme involved in the conversion of ATP to cyclic AMP (cAMP), a critical second messenger in various cellular signaling pathways. Alterations in cAMP signaling have been implicated in tumorigenesis, as cAMP is involved in regulating cell proliferation, apoptosis, and differentiation. Dysregulation of ADCY9 might influence these pathways, potentially contributing to cancer progression or metastasis. Additionally, changes in ADCY9 expression could affect the tumor microenvironment, impacting immune cell infiltration and response. While studies specifically linking ADCY9 to cancer are limited, its role in cAMP signaling suggests that it may have implications in oncogenic processes.",0
GZMB,744,0.5,0.0,0.0,0.5,0.0,1.0,0.0,0.0,1.0,0.0,0.6666666666666666,0.6666666666666666,1.0,1.0,0.8116883116883117,0.9810380398630908,853527.3,610.0,-0.0121865,0.0006153141589608,30.0,1.0,0.0,0.0,0.0,0.0,0.0,0.0,0.0,0.0,0.0,0.0,4.0,2.0,0.0,0.0,0.0,0.0,0.0,2.0,0.0,0.0,1.0,0.0,0.0,0.0,8.0,0.0,9.0,6.669125,35.91804813,21.04761487504385,1.146331029433975,0.2488486046511627,0.0298991447442404,172.0,-0.2853788793103448,0.0223553861026347,232.0,0.2698263861386137,0.0258279297506793,404.0,2.8876281626098503,0.1991388897156651,0.111514500398345,0.0145173604745375,20.060674391099585,2.322449260305919,"Yes, there is a relationship between the GZMB gene (Granzyme B) and cancer. GZMB is a serine protease primarily produced by cytotoxic T cells and natural killer cells, playing a critical role in the immune response against tumors. Its expression can influence tumor progression and metastasis. In some contexts, GZMB can induce apoptosis in cancer cells, enhancing anti-tumor immunity. However, certain tumors may exploit GZMB's activity to promote immune evasion, leading to an immunosuppressive microenvironment. Additionally, GZMB can modulate the tumor stroma and affect the activation of other immune cells, further complicating the relationship between its expression and cancer outcomes. Thus, GZMB has dual roles in cancer biology, serving both as a mediator of anti-tumor immunity and as a potential facilitator of tumor survival mechanisms.",0
AMIGO2,1569,0.2142857142857142,0.0,0.0,0.7142857142857143,0.0,1.0,0.0714285714285714,0.0,1.0000000000000004,0.0,2.5,2.75,1.0,1.0,0.1226542377039126,0.3800301677518427,150007.4,380.0,-0.0115185,7.928810362846958e-06,6.0,0.0,0.0,0.0,0.0,0.0,0.0,1.0,0.0,0.0,0.0,0.0,0.0,10.0,0.0,0.0,0.0,0.0,0.0,3.0,0.0,0.0,1.0,0.0,0.0,0.0,13.0,0.0,14.0,19.03507692,88.62670491,18.000099318259178,2.314037224308954,0.2352014024390243,0.0279365496636652,164.0,-0.2484846534653465,0.0263774410871287,101.0,0.2402640754716978,0.0272819337121154,265.0,3.3691766076502114,0.0434155106710627,0.07493856188363,0.0145080893262182,16.47178103356369,5.680616022444594,"The AMIGO2 gene, which encodes a cell adhesion molecule, has been implicated in cancer research, particularly in the context of tumor progression and metastasis. Its expression patterns may influence cellular interactions within the tumor microenvironment, potentially affecting tumor cell proliferation and migration. Aberrations in AMIGO2 expression have been associated with altered signaling pathways that regulate cell adhesion, survival, and invasive behavior of cancer cells. Moreover, AMIGO2's role in modulating immune responses can also impact tumor immunity, suggesting that its regulatory functions could contribute to the complexity of cancer development and progression. Further investigations into its specific pathways and interactions may elucidate its precise role in various cancer types.",0
RFK,468,0.25,0.0,0.0,0.5,0.0,1.0,0.25,0.0,1.0,0.0,1.0,1.5,1.0,1.0,0.2516356316054353,0.5988357182007109,106797.8,603.0,-0.01022146,6.164984005823622e-07,8.0,0.0,0.0,1.0,0.0,0.0,0.0,0.0,1.0,0.0,0.0,0.0,1.0,2.0,0.0,0.0,0.0,0.0,0.0,1.0,0.0,0.0,0.0,0.0,1.0,0.0,5.0,0.0,6.0,14.974,100.091478,23.4119407576994,0.4784978310885244,0.2240559722222221,0.0129780349948523,144.0,-0.2402785826771654,0.0153541455639911,254.0,0.2344090954773869,0.0145205121074921,398.0,3.3924936995550707,0.015675439467347,0.0608764572217947,0.00501255070889,20.060674391099585,2.322449260305919,"Yes, there is a relationship between the RFK gene and cancer. The RFK gene encodes riboflavin kinase, which plays a critical role in the metabolism of riboflavin (vitamin B2) into its active forms, flavin mononucleotide (FMN) and flavin adenine dinucleotide (FAD). These cofactors are essential for various biochemical processes, including electron transport, oxidative phosphorylation, and the regulation of oxidative stress. Dysregulation of riboflavin metabolism, potentially due to mutations or altered expression of the RFK gene, can disrupt cellular redox balance and contribute to genomic instability, a hallmark of cancer. Additionally, altered riboflavin metabolism may affect cellular signaling pathways, proliferation, and apoptosis, further linking RFK activity to cancer pathogenesis.",0
LTV1,1428,0.1818181818181818,0.0,0.0,0.8181818181818182,0.0,1.0,0.0,0.0,1.0000000000000002,0.0,3.0,3.0,1.0,1.0,0.7806401249024201,0.9739586439614342,355969.5,455.0,0.00547162,2.753128252289094e-06,15.0,0.0,0.0,0.0,0.0,0.0,0.0,0.0,0.0,0.0,0.0,0.0,0.0,9.0,0.0,0.0,0.0,0.0,0.0,2.0,0.0,0.0,0.0,0.0,0.0,0.0,11.0,0.0,10.0,18.61072727,72.90054742,22.67374609094789,0.3233575224229596,0.2478626666666666,0.0216958429870512,105.0,-0.2764525092250923,0.0233626504470138,271.0,0.2684686436170212,0.023003042835222,376.0,3.421746112467752,0.0071960522352562,0.0555947967170069,0.00419064209981,20.00921980331968,2.953592464802536,"The relationship between the LTV1 gene and cancer is not well established in the current scientific literature, and thus, it is currently unknown whether LTV1 has a direct role in cancer development or progression. Some studies suggest that LTV1 may be involved in fundamental cellular processes such as ribosome biogenesis or protein synthesis, which are critical for maintaining cellular homeostasis. Dysregulation of these processes can lead to cellular stress and potentially contribute to oncogenesis by allowing uncontrolled cell proliferation or promoting genomic instability. However, specific mechanisms linking LTV1 directly to cancer pathogenesis remain to be elucidated, and further research is needed to clarify any potential associations.",0
IFNA2,567,0.4,0.0,0.0,0.6,0.0,1.0,0.0,0.0,1.0,0.0,1.0,1.0,1.0,1.0,0.2041649652919559,0.5285477661351525,232154.5,466.0,-0.01387681,4.5181997885387975e-06,6.0,0.0,0.0,0.0,0.0,0.0,0.0,0.0,0.0,0.0,0.0,0.0,0.0,3.0,0.0,0.0,0.0,0.0,0.0,2.0,0.0,0.0,0.0,0.0,0.0,0.0,5.0,0.0,5.0,10.207,78.954922,21.88701420269522,1.8204614569819408,0.2553037857142858,0.0197395868452774,140.0,-0.4796848786407768,0.4267194899904961,412.0,0.4227766304347824,0.332824676131275,552.0,0.1977413461150511,0.2433164631453091,0.111514500398345,0.0145173604745375,20.060674391099585,2.322449260305919,"The IFNA2 gene encodes a member of the interferon-alpha family, which plays a critical role in the immune response against viral infections and may also influence tumor immune surveillance. Alterations in interferon signaling pathways, including those involving IFNA2, can affect the tumor microenvironment, modulating the activity of immune cells such as natural killer cells and T lymphocytes. Dysregulation of IFNA2 expression has been associated with changes in immune evasion mechanisms in cancer cells, potentially leading to enhanced tumor growth and metastasis. Furthermore, the interplay between IFNA2 and other cytokines can lead to an inflammatory environment that supports cancer progression, making it a candidate of interest in the context of cancer research.",0
EPB41L2,3018,0.15,0.15,0.0,0.7,0.0,1.0,0.0,0.0,0.9449911312986874,0.0,3.5,4.25,0.5589714924538849,1.0,0.7898894154818326,0.9761945685007776,122846.5,707.0,0.01730506,2.2352438663061525e-05,21.0,0.0,0.0,0.0,0.0,0.0,0.0,0.0,0.0,0.0,0.0,0.0,2.0,15.0,3.0,0.0,0.0,0.0,0.0,3.0,0.0,0.0,0.0,1.0,0.0,0.0,22.0,0.0,21.0,23.23027273,111.7704785,26.91148838353776,0.663554219104337,0.2454645283018867,0.0237523415031087,106.0,-0.2678024626865672,0.0220528196313656,268.0,0.2614713903743313,0.0225737267674986,374.0,3.649982679619273,0.0102304169293717,0.060831251986807,0.0114619693407181,28.31615550111184,0.8798769620496907,"The EPB41L2 gene encodes a protein that is involved in cell membrane stability and cytoskeletal organization. Research has suggested that EPB41L2 may play a role in tumorigenesis, particularly through mechanisms related to cell adhesion, migration, and proliferation. Alterations in this gene's expression or function can potentially disrupt normal cellular architecture and facilitate metastatic behavior in cancer cells. Furthermore, EPB41L2 may interact with various signaling pathways and act as a regulator of cell survival, thereby influencing the tumor microenvironment and contributing to cancer progression. While the exact mechanisms are still being elucidated, the involvement of EPB41L2 in these processes highlights its potential relevance in cancer biology.",0
SLC26A6,2280,0.1428571428571428,0.0,0.0,0.7857142857142857,0.0,1.0,0.0714285714285714,0.0,1.0000000000000004,0.0,3.6666666666666665,4.0,1.0,1.0,0.1953125,0.5142879763772299,1386275.0,212.0,0.03662422,1.392315282352413e-06,5.0,0.0,0.0,0.0,0.0,0.0,0.0,1.0,0.0,0.0,0.0,0.0,2.0,11.0,0.0,0.0,0.0,0.0,0.0,2.0,1.0,0.0,1.0,0.0,0.0,0.0,16.0,0.0,15.0,16.80375,196.4295001,20.89270828892989,1.046014423121384,0.2209543396226415,0.0224076213714645,106.0,-0.2779293023255816,0.0208671941118664,430.0,0.2666618656716418,0.0216464861396903,536.0,3.2689417757418204,0.0169898376497485,0.0377485361118792,0.0106082940511122,22.59705176185464,2.636490717660552,"The SLC26A6 gene encodes a member of the solute carrier family responsible for the transport of various anions and plays a role in maintaining ionic balance and pH homeostasis in epithelial cells. Alterations in SLC26A6 expression have been implicated in the modulation of cellular environments that can influence tumorigenesis and cancer progression. For instance, dysregulation of ion transport can affect cell survival, migration, and apoptosis, contributing to the invasive properties of cancer cells. Additionally, changes in SLC26A6 expression may impact the local microenvironment, influencing immune response and tumor metabolism. While direct links between SLC26A6 and specific cancer types are still being explored, potential mechanisms suggest that its role in ionic transport and cellular homeostasis could have implications in cancer biology.",0
ELMOD2,882,0.2857142857142857,0.0,0.0,0.7142857142857143,0.4285714285714285,0.5904362833084088,0.0,0.0,0.7580392711198944,0.0,1.6666666666666667,1.6666666666666667,1.0,0.00063,0.77781,0.0042244962397755,125708.0,752.0,0.0070266259999999,6.193750216624807e-08,2.0,0.0,0.0,0.0,0.0,0.0,0.0,0.0,0.0,0.0,0.0,0.0,0.0,5.0,0.0,0.0,0.0,0.0,0.0,2.0,0.0,0.0,0.0,0.0,0.0,0.0,7.0,0.0,7.0,16.46185714,40.66901748,24.223801745929595,0.3940635714516179,0.2220069318181817,0.0185129486927769,88.0,-0.2716826771653543,0.0241978104971522,254.0,0.2589006140350879,0.0231494195142846,342.0,3.487738527119233,0.0056094646113257,0.0383669786189807,0.0104893645728405,20.060674391099585,2.322449260305919,"The ELMOD2 gene, known to be involved in the regulation of actin dynamics and the endocytic process, has been implicated in various cellular functions that could relate to cancer biology. Dysregulation of ELMOD2 may affect tumor cell migration and invasion, as alterations in actin rearrangements are critical for these processes. Furthermore, ELMOD2 might interact with pathways that influence cell growth and survival, potentially contributing to tumorigenesis. While direct links between ELMOD2 and specific cancer types are not extensively characterized, its role in cellular mechanisms suggests that alterations in ELMOD2 expression or function could feasibly contribute to the progression and metastasis of tumors.",0
SUCLG1,1041,0.3333333333333333,0.0,0.0,0.5,0.0,1.0,0.0833333333333333,0.0833333333333333,0.953509509058145,0.0,1.2,1.6,1.0,1.0,0.2122241086587436,0.5411953409060455,293337.4,672.0,-0.01668975,7.340401731624257e-06,15.0,0.0,0.0,0.0,0.0,0.0,0.0,1.0,0.0,0.0,1.0,0.0,0.0,6.0,0.0,0.0,0.0,0.0,0.0,4.0,0.0,0.0,2.0,0.0,0.0,0.0,10.0,0.0,12.0,20.1278,150.3751015,27.48906384498996,0.3403433419508382,0.2285387330316742,0.0154879100720238,221.0,-0.2033015555555555,0.0135812336452525,45.0,0.2242692857142857,0.0152027433243935,266.0,3.561485315996688,0.0059958376799138,0.0562545298522388,0.0085343485505093,16.09178057755309,1.5900854496152927,"The SUCLG1 gene encodes a subunit of the enzyme succinyl-CoA ligase, which plays a critical role in the citric acid cycle and energy metabolism. Alterations in mitochondrial function and shifts in metabolic pathways are increasingly recognized as important hallmarks in cancer biology. Dysregulation of SUCLG1 could lead to metabolic disturbances that foster the Warburg effect, where cancer cells preferentially generate energy through glycolysis followed by lactate fermentation, even in the presence of oxygen. Additionally, aberrant expression of SUCLG1 may influence the availability of key metabolites involved in cellular signaling, further contributing to processes such as cell proliferation, apoptosis resistance, and tumor growth. Thus, while a direct link between SUCLG1 and cancer remains to be fully elucidated, its role in metabolic regulation positions it as a potential player in tumorigenesis.
",0
PLCD3,2369,0.4285714285714285,0.0,0.0,0.5238095238095238,0.0,1.0,0.0476190476190476,0.0,1.0,0.0,1.1,1.2,1.0,1.0,0.5081300813008129,0.8521431903608038,819156.5,170.0,0.02988702,6.53444920927222e-07,4.0,0.0,0.0,0.0,0.0,0.0,0.0,1.0,0.0,0.0,0.0,0.0,0.0,16.0,0.0,0.0,0.0,0.0,0.0,4.0,1.0,0.0,1.0,1.0,0.0,0.0,20.0,0.0,19.0,19.79655,62.67553384,22.697779300231726,2.389333045373586,0.229167808988764,0.013266155181048,178.0,-0.2683677005347594,0.0200504129113507,187.0,0.2492510410958904,0.0170813698934186,365.0,3.433615412679259,0.016765496569825,0.0795666482560297,0.0083230504362089,21.75918598454199,1.7095806241399052,"Yes, there is emerging evidence suggesting a relationship between the PLCD3 gene and cancer. PLCD3 encodes phospholipase C delta 3, an enzyme that plays a crucial role in phosphoinositide turnover and subsequent intracellular signaling pathways. Dysregulation of these pathways can lead to aberrant cellular behaviors, such as increased proliferation, survival, and migration, all of which are hallmarks of cancer. Additionally, aberrant signaling through pathways involving PLCD3 may influence tumor microenvironment interactions and promote metastasis. Alterations in PLCD3 expression or function have been implicated in various malignancies, although the precise mechanisms and the extent of its involvement in oncogenic processes require further investigation to elucidate its role in specific cancer types.",0
RSRP1,873,0.25,0.25,0.0,0.25,0.0,1.0,0.25,0.0,0.75,0.0,0.5,1.5,0.3971405877680699,1.0,0.9765625,0.9997231705247228,613835.3,460.0,0.03648944,1.9283275262303543e-05,14.0,0.0,0.0,0.0,0.0,0.0,0.0,1.0,0.0,0.0,0.0,0.0,0.0,1.0,1.0,0.0,0.0,0.0,0.0,1.0,0.0,0.0,1.0,0.0,0.0,0.0,3.0,0.0,4.0,12.46366667,380.9174963,21.88701420269522,1.8204614569819408,0.2638164016874681,0.0370683991865753,190.13201675643327,-0.2623792743604192,0.0349935889004216,187.6534410532616,0.2724842722630945,0.0397860230283488,377.6466786355476,2.842285090327978,0.2097717354995392,0.111514500398345,0.0145173604745375,20.060674391099585,2.322449260305919,"The RSRP1 gene, encoding the RNA-binding protein regulation of splicing, has been implicated in various cellular processes, including alternative splicing and mRNA processing. Alterations in splicing mechanisms are known to contribute to cancer development by generating oncogenic isoforms or by affecting the expression of tumor suppressor genes. Aberrant splicing driven by dysregulated RSRP1 expression could lead to the production of proteins that promote tumor proliferation, migration, and resistance to apoptosis. Additionally, RSRP1 may influence the tumor microenvironment by modulating the expression of genes involved in cell signaling pathways, further implicating it in carcinogenesis. Consequently, while direct evidence linking RSRP1 to specific cancer types is limited, the gene’s role in splicing regulation and its potential impact on oncogenic processes suggest a relevant connection to cancer biology.",0
TRPV4,2616,0.48,0.0,0.0,0.52,0.0,1.0,0.0,0.0,1.0,0.0,1.0,1.0,1.0,1.0,0.9199632014719412,0.9967080111675,825887.1,423.0,0.04141159,4.57270647740971e-06,11.0,0.0,0.0,0.0,0.0,0.0,0.0,0.0,0.0,0.0,0.0,0.0,0.0,12.0,0.0,0.0,0.0,0.0,0.0,12.0,1.0,0.0,0.0,0.0,0.0,0.0,25.0,0.0,24.0,14.6942,106.8213808,20.179215612825377,3.5741591739843384,0.2157787142857143,0.0110754234242343,140.0,-0.2211135570469799,0.0179978278838835,149.0,0.218529204152249,0.0146014467469338,289.0,3.053630049771608,0.0999838040651026,0.3906360707294246,0.0243402804949586,18.25448498515773,4.085889984720788,"Yes, there is emerging evidence suggesting a relationship between the TRPV4 (Transient Receptor Potential Vanilloid 4) gene and cancer. TRPV4 is a non-selective cation channel that is involved in various physiological processes, including cell proliferation, apoptosis, and mechanotransduction. Dysregulation of TRPV4 expression and function has been observed in several cancer types, where it may contribute to tumor growth and metastasis. Potential mechanisms include the modulation of cellular calcium signaling, which can influence pathways related to cell survival and proliferation, as well as interactions with the tumor microenvironment that can alter cell adhesion and migration. Furthermore, TRPV4 may play a role in sensory perception of mechanical stimuli within tumors, thereby impacting vascularization and the inflammatory response, which are critical in tumor development and progression.",0
DONSON,1701,0.0909090909090909,0.3636363636363636,0.0909090909090909,0.4545454545454545,0.0,1.0,0.0,0.0,0.6949146629676184,0.0,2.5,5.0,0.00257,1.0,0.5602240896358543,0.8848282438272282,908921.2,375.0,0.06770538,3.009606390866502e-07,2.0,0.0,0.0,0.0,0.0,0.0,0.0,0.0,0.0,0.0,0.0,0.0,1.0,5.0,4.0,0.0,0.0,0.0,0.0,1.0,1.0,0.0,0.0,0.0,0.0,0.0,12.0,0.0,12.0,27.9825,119.8744205,19.47047802548873,1.3667511672477697,0.2453256382978723,0.0176552186872226,94.0,-0.2636342083333334,0.0226987984972786,240.0,0.2584814970059881,0.0212900585136681,334.0,3.3344269356386547,0.0056564301527554,0.0518405631250138,0.0089406714319853,19.14958688366579,2.3878016276754086,"The relationship between the DONSON gene and cancer is still under investigation, but emerging evidence suggests that it may play a role in genomic stability and cellular response to DNA damage. DONSON has been implicated in the regulation of DNA replication and repair processes, which are critical for maintaining genomic integrity. Dysregulation of these processes can lead to increased mutagenesis and chromosomal instability, contributing to tumorigenesis. Additionally, alterations in DONSON expression may affect pathways related to cell cycle control and apoptosis, further influencing cancer progression. However, the specific mechanisms and clinical relevance in various cancer types warrant further exploration to fully elucidate its role in oncogenesis.",0
ACTL7B,1248,0.2777777777777778,0.1111111111111111,0.0,0.6111111111111112,0.0,1.0,0.0,0.0,0.9733541703813188,0.0,1.8333333333333333,2.1666666666666665,0.0301768362604864,1.0,0.3593244699964068,0.7271036588371375,336944.2,471.0,0.009085575,0.0,1.0,1.0,0.0,0.0,0.0,0.0,0.0,0.0,0.0,0.0,0.0,0.0,0.0,11.0,2.0,0.0,0.0,0.0,0.0,5.0,0.0,0.0,0.0,0.0,0.0,0.0,19.0,0.0,19.0,18.06252632,121.0916157,21.88701420269522,1.8204614569819408,0.2437934285714286,0.0215164238442754,140.0,-0.238290431372549,0.0160051793135927,255.0,0.2402408607594937,0.0179158259591556,395.0,0.6062754241262795,0.4333928927685989,0.111514500398345,0.0145173604745375,20.060674391099585,2.322449260305919,"The ACTL7B gene encodes a member of the actin-like protein family, which plays a role in cytoskeletal dynamics and cellular processes. While direct links between ACTL7B and specific cancer types are not firmly established, alterations in actin-related proteins have been implicated in tumorigenesis through mechanisms such as modulation of cell migration, invasion, and proliferation. Dysregulation of actin dynamics can lead to enhanced metastatic potential and altered cell morphology, contributing to cancer progression. Furthermore, aberrant expression of ACTL7B may influence the signaling pathways involved in cell growth and differentiation, thereby linking it to broader cancer-related processes. However, more research is needed to elucidate the precise connections and functional implications of ACTL7B in various malignancies.",0
ELOVL7,846,0.25,0.0,0.125,0.625,0.0,1.0,0.0,0.0,1.0,0.0,1.6666666666666667,2.0,0.2753303964757709,1.0,0.6631299734748011,0.9355333352690746,188782.0,596.0,0.003710616,1.518883254472011e-06,3.0,0.0,0.0,0.0,0.0,0.0,0.0,0.0,0.0,0.0,0.0,0.0,0.0,6.0,0.0,0.0,0.0,0.0,0.0,2.0,1.0,0.0,0.0,0.0,0.0,0.0,9.0,0.0,9.0,18.38966667,90.2895205,19.06065706045073,3.4040390977912205,0.23150484375,0.0106127520897391,128.0,-0.2645750190114068,0.0212305573571561,263.0,0.2537489769820974,0.0179599604312584,391.0,3.236967635638057,0.0412733888380997,0.0731398917817764,0.0084429188002924,20.060674391099585,2.322449260305919,"The ELOVL7 gene, involved in the biosynthesis of very long-chain fatty acids, has been implicated in several cancer-related processes. Alterations in the metabolism of fatty acids can influence membrane composition, signaling pathways, and energy homeostasis, which are critical in cancer cell proliferation and survival. For instance, the expression of ELOVL7 may affect lipid accumulation within tumor microenvironments, potentially modulating inflammation and tumor growth. Additionally, variations in fatty acid profiles due to ELOVL7 activity could impact the tumorigenic properties of cells, possibly through mechanisms involving cell membrane fluidity or lipid-derived signaling molecules that promote oncogenesis or metastasis. However, specific pathways and the overall clinical relevance of ELOVL7 in cancer remain areas of ongoing research.",0
TTF1,2718,0.1578947368421052,0.0,0.0,0.631578947368421,0.0,1.0,0.2105263157894736,0.0,0.8761005719122957,0.0,3.0,4.0,1.0,1.0,0.6009615384615384,0.9069857826917168,1431869.0,429.0,0.03378291,2.213901893770579e-06,11.0,0.0,0.0,0.0,0.0,0.0,0.0,4.0,0.0,0.0,0.0,0.0,0.0,10.0,0.0,0.0,0.0,0.0,0.0,3.0,2.0,0.0,4.0,0.0,0.0,0.0,15.0,0.0,18.0,10.7836,131.3533167,20.6943714680813,0.7076827146123804,0.2519592907801419,0.0163989635523505,141.0,-0.2457971755725191,0.0179600320831797,262.0,0.2479531513647644,0.0173803583042233,403.0,3.3436447071695774,0.0027653658754383,0.0222630745412799,0.0029767500021327,20.91712270436699,2.0237073603295914,"Yes, there is a relationship between the TTF1 gene (NKX2-1) and cancer. TTF1 is a transcription factor that plays a crucial role in lung and thyroid development, and its expression is essential for the normal functioning of these tissues. Alterations in TTF1 expression or function have been implicated in the pathogenesis of various cancers, particularly lung adenocarcinoma and thyroid carcinoma. Mechanistically, aberrant TTF1 expression can disrupt normal cell differentiation and proliferation pathways, leading to oncogenic transformations. Additionally, TTF1 may interact with other signaling pathways and transcription factors, influencing tumor microenvironment interactions, metastasis, and tumor progression, thereby contributing to cancer development and progression.",0
OR5M10,948,0.3,0.0,0.0,0.65,0.0,1.0,0.05,0.0,1.0,0.0,1.8571428571428568,2.0,1.0,1.0,0.2534211860111505,0.6012930581856117,649122.9543319192,444.4009897808343,0.0198885680771551,0.0,0.0,0.0,0.0,0.0,0.0,0.0,0.0,1.0,0.0,0.0,0.0,0.0,0.0,13.0,0.0,0.0,0.0,0.0,0.0,6.0,0.0,0.0,1.0,0.0,0.0,0.0,19.0,0.0,20.0,12.22636842,69.78003813,21.88701420269522,1.8204614569819408,0.2093256849315067,0.0199448815047,146.0,-0.2625166949152543,0.0262978381676155,118.0,0.2331004545454546,0.023397289235534,264.0,0.014702798441233,0.0150186611740203,0.111514500398345,0.0145173604745375,20.060674391099585,2.322449260305919,"The potential relationship between the OR5M10 gene and cancer is not well-established in the scientific literature. OR5M10, part of the olfactory receptor gene family, primarily functions in the sensory detection of odors. However, emerging research has suggested that certain olfactory receptors may play roles beyond olfaction, including modulation of cellular signaling pathways that could influence tumor biology. Mechanistically, if OR5M10 is involved in signaling cascades or interacts with pathways related to cell proliferation, apoptosis, or immune evasion, it could potentially affect cancer development or progression. Yet, explicit links between OR5M10 and specific cancer types remain largely undefined, warranting further investigation to elucidate any potential roles it might play in oncogenesis or tumor behavior.",0
UGT2A2,1611,0.0909090909090909,0.0909090909090909,0.0,0.8181818181818182,0.0,1.0,0.0,0.0,1.0000000000000002,0.0,4.5,5.0,0.6738544474393531,1.0,0.5841121495327103,0.8981672182941299,19584.15,1065.0,-0.008234373,0.0,0.0,0.0,0.0,0.0,0.0,0.0,0.0,0.0,0.0,0.0,0.0,0.0,0.0,9.0,1.0,0.0,0.0,0.0,0.0,1.0,0.0,0.0,0.0,0.0,0.0,0.0,11.0,0.0,10.0,16.95663636,133.5939825,21.88701420269522,1.8204614569819408,0.2487487903225806,0.0343446514855166,124.0,-0.2331606372549019,0.0159375737330894,204.0,0.2390537195121952,0.0228699067378048,328.0,0.2600775568821618,0.3646363423863862,0.111514500398345,0.0145173604745375,20.060674391099585,2.322449260305919,"The relationship between the UGT2A2 gene and cancer is still an area of investigation, but emerging studies suggest potential roles in the metabolism of carcinogenic substances. UGT2A2 encodes a member of the UDP-glucuronosyltransferase family, which is involved in the biotransformation of various xenobiotics and endogenous compounds. Alterations in UGT2A2 expression or activity may influence the detoxification pathways for carcinogens, potentially affecting cancer susceptibility. Additionally, variations in UGT2A2 might impact the pharmacokinetics of cancer therapeutics, thereby influencing treatment outcomes. However, further research is needed to elucidate the precise mechanisms and significance of UGT2A2 in cancer biology.",0
NEFM,2751,0.2857142857142857,0.0,0.0,0.6785714285714286,0.0,1.0,0.0357142857142857,0.0,0.9851418144516784,0.0,2.111111111111111,2.2222222222222223,1.0,1.0,0.2708559046587216,0.6246393056989723,182761.1,573.0,-0.002465622,1.0939501024855813e-05,15.0,0.0,0.0,0.0,0.0,0.0,0.0,0.0,1.0,0.0,0.0,0.0,7.0,19.0,0.0,0.0,0.0,0.0,0.0,8.0,0.0,0.0,0.0,0.0,1.0,0.0,34.0,0.0,32.0,21.14482353,56.40344445,22.77544568162472,10.099006243195811,0.2510630578512396,0.0201204110947383,121.0,-0.3197813947990544,0.037465532461794,423.0,0.3044966176470591,0.0343815833141371,544.0,1.6920770281173516,0.8670470600781995,0.3557224102973026,0.0332889837614752,24.04828846019804,6.892042862006177,"The NEFM gene encodes a member of the neuronal intermediate filament protein family, primarily expressed in neurons. Emerging evidence suggests a potential link between NEFM expression and cancer. For instance, altered expression levels of NEFM may influence the cytoskeletal dynamics and cellular architecture, potentially affecting cell migration and invasion—key processes in cancer progression. Additionally, abnormal NEFM expression has been associated with changes in cellular signaling pathways involved in proliferation and apoptosis, suggesting a role in tumorigenesis. Further studies are required to elucidate the precise mechanisms by which NEFM might contribute to cancer development and progression.",0
ZNF132,2121,0.1875,0.0625,0.0,0.6875,0.0,1.0,0.0625,0.0,0.9375,0.0,2.75,3.25,0.8658008658008658,1.0,0.1471886959081542,0.429208105642978,2179183.0,270.0,-0.003729322,0.0,0.0,0.0,0.0,0.0,0.0,0.0,0.0,1.0,0.0,0.0,0.0,0.0,0.0,11.0,1.0,0.0,0.0,0.0,0.0,3.0,0.0,0.0,1.0,0.0,0.0,0.0,15.0,0.0,13.0,15.8316,87.43157211,24.26918566273958,0.6430735417040129,0.2638164016874681,0.0370683991865753,190.13201675643327,-0.2623792743604192,0.0349935889004216,187.6534410532616,0.2724842722630945,0.0397860230283488,377.6466786355476,3.054614785473921,0.0447400432450858,0.2987422942016954,0.0467049076780618,20.060674391099585,2.322449260305919,"The ZNF132 gene, encoding a zinc finger protein, has been implicated in various biological processes, including transcriptional regulation and cellular differentiation. While there is evidence to suggest that dysregulation of ZNF132 may contribute to carcinogenesis, the specific mechanisms remain under investigation. Potential pathways include its role in modulating gene expression related to cell proliferation and apoptosis, as well as its involvement in chromatin remodeling, which can affect genomic stability. Additionally, alterations in ZNF132 expression or mutations may influence tumor microenvironment interactions and cancer stem cell dynamics, thereby promoting tumorigenesis and progression. However, the direct causal relationship and detailed mechanisms linking ZNF132 to specific cancer types require further elucidation through comprehensive studies.",0
ZBTB32,1464,0.1818181818181818,0.0909090909090909,0.0,0.6363636363636364,0.0,1.0,0.0909090909090909,0.0,0.9474427588512933,0.0,2.333333333333333,3.0,0.7704160246533128,1.0,0.8163265306122449,0.981992525711584,1151198.0,321.0,0.02960975,0.0001170098619119,20.0,0.0,0.0,0.0,0.0,0.0,0.0,0.0,0.0,0.0,0.0,0.0,0.0,7.0,1.0,0.0,0.0,0.0,0.0,2.0,0.0,0.0,0.0,0.0,0.0,0.0,10.0,0.0,9.0,17.2526,179.2766696,21.88701420269522,1.8204614569819408,0.3271925225225224,0.0719694900813909,222.0,-0.3199627741935484,0.0620299622539421,155.0,0.3242200795755965,0.0677197932933447,377.0,2.470542087089091,0.1584336980726847,0.5846802511531195,0.0432484222002671,20.060674391099585,2.322449260305919,"The relationship between the ZBTB32 gene and cancer is currently not well-understood. However, ZBTB32, a member of the zinc finger transcription factor family, may play a role in immune regulation and differentiation of various immune cell types, which can indirectly influence tumor development and progression. Alterations in immune responses mediated by such transcription factors could potentially affect tumor microenvironments, leading to either tumor suppression or promotion. Furthermore, dysregulation of ZBTB32 expression has been implicated in the modulation of oncogenic pathways, although specific interactions and mechanisms in cancer biology remain to be elucidated. Overall, while there are potential links through immune modulation and transcriptional regulation, comprehensive studies are needed to determine the definitive role of ZBTB32 in cancer biology.",0
EIF2B5,2166,0.3636363636363636,0.0,0.0909090909090909,0.5454545454545454,0.0,1.0,0.0,0.0,1.0000000000000002,0.0,1.2,1.4,0.4312203536006899,1.0,0.9813542688910696,0.999825077763089,1453689.0,334.0,0.0417882,7.351575493831525e-05,25.0,0.0,0.0,0.0,0.0,0.0,0.0,0.0,0.0,0.0,0.0,0.0,0.0,6.0,0.0,0.0,0.0,0.0,0.0,4.0,1.0,0.0,0.0,0.0,0.0,0.0,11.0,0.0,11.0,18.19181818,43.12347636,24.586751325689907,0.3262278832002119,0.4201787466666667,0.1166906680441469,375.0,-0.26551828125,0.0246333184176339,64.0,0.3976314350797266,0.1061687227118628,439.0,3.5492618476106648,0.0032858759508859,0.0628729637738344,0.0064730988332966,24.22969199197284,0.9828594458677538,"The EIF2B5 gene, which encodes a subunit of the eukaryotic translation initiation factor complex, has been implicated in the regulation of protein synthesis and cellular stress responses. Alterations in EIF2B5 function can lead to dysregulated translation, potentially promoting oncogenic processes such as increased cell proliferation, survival, and adaptation to stressful tumor microenvironments. Additionally, mutations or dysregulation of EIF2B5 may influence the integrated stress response pathways, which are often hijacked by cancer cells to enhance their growth and resistance to therapy. However, direct links between EIF2B5 and specific cancer types remain less characterized, warranting further investigation into its potential role in tumorigenesis.",0
CCDC153,633,0.1428571428571428,0.0,0.0,0.7142857142857143,0.0,1.0,0.1428571428571428,0.0,1.0,0.0,2.5,3.0,1.0,1.0,0.3534817956875221,0.7210757484338741,1258103.0,195.0,0.05738091,5.585199515442372e-07,6.0,0.0,0.0,0.0,0.0,0.0,0.0,1.0,0.0,0.0,0.0,0.0,0.0,5.0,0.0,0.0,0.0,0.0,0.0,1.0,0.0,0.0,1.0,0.0,0.0,0.0,6.0,0.0,7.0,11.95816667,93.24355457,21.88701420269522,1.8204614569819408,0.2014356363636363,0.0110300205495913,110.0,-0.2709436199095021,0.0192162470922912,221.0,0.2478442900302115,0.0175293379185095,331.0,2.488425024514093,0.089235001967254,0.111514500398345,0.0145173604745375,20.060674391099585,2.322449260305919,"At present, the specific relationship between the CCDC153 gene and cancer is not well characterized. However, CCDC153 is thought to play a role in cellular processes such as ciliary function and cell cycle regulation. Dysregulation of ciliary proteins can influence signaling pathways, such as the Hedgehog and Wnt pathways, which are often implicated in tumorigenesis. Additionally, alterations in protein interactions involving CCDC153 may affect cellular architecture and dynamics, impacting cell proliferation and differentiation. To date, detailed studies specifically linking CCDC153 to cancer pathogenesis are lacking, and further research is needed to elucidate its potential role in oncogenic processes.",0
PLA2G4A,2250,0.217391304347826,0.0869565217391304,0.0,0.6956521739130435,0.0,1.0,0.0,0.0,0.9807769800471736,0.0,2.6666666666666665,3.0,0.4975124378109453,1.0,0.4786979415988512,0.8313477657129866,265620.2,592.0,-0.01779598,2.523697279923404e-05,17.0,0.0,0.0,0.0,0.0,0.0,0.0,0.0,0.0,0.0,0.0,0.0,0.0,16.0,2.0,0.0,0.0,0.0,0.0,5.0,0.0,0.0,0.0,0.0,0.0,0.0,23.0,0.0,22.0,22.45856522,89.3786628,23.96824463944083,1.2121843725719337,0.2799816279069768,0.0282894767893119,386.0,-0.2285615,0.0164935053976923,40.0,0.2751647540983607,0.0273681656400215,426.0,3.300185451413208,0.0556363849424543,0.111514500398345,0.0145173604745375,24.90412505839675,1.0790234573093953,"The PLA2G4A gene encodes a phospholipase A2 enzyme that plays a critical role in the regulation of inflammatory processes and the metabolism of arachidonic acid, leading to the production of bioactive lipids. Dysregulation of PLA2G4A has been implicated in various cancer types due to its involvement in inflammatory pathways that can promote tumor growth and metastasis. Increased expression of PLA2G4A might enhance the release of pro-inflammatory mediators, which can foster an immunosuppressive tumor microenvironment and facilitate angiogenesis. Furthermore, alterations in its activity may contribute to changes in membrane phospholipid composition, impacting cell signaling pathways associated with tumorigenesis. Thus, the PLA2G4A gene's role in inflammation and lipid metabolism suggests potential mechanisms through which it may influence cancer progression.",0
CC2D1A,2856,0.25,0.1875,0.0625,0.5,0.0,1.0,0.0,0.0,0.875,0.0,1.6,2.4,0.0208689845152134,1.0,0.8223684210526315,0.9831963680460324,930314.5,231.0,0.03226632,1.4569267461182327e-05,9.0,0.0,0.0,1.0,0.0,0.0,0.0,0.0,0.0,0.0,0.0,0.0,0.0,8.0,3.0,0.0,0.0,0.0,0.0,4.0,2.0,0.0,0.0,1.0,0.0,0.0,17.0,0.0,17.0,23.086,176.5606854,24.877353042231416,0.4196042589908658,0.3459839361702128,0.0819723945010012,188.0,-0.2223651832460732,0.0138086366377294,191.0,0.2836853034300789,0.0513235958704765,379.0,3.393164477011175,0.0099672002821024,0.03686610933954,0.0095846147014336,24.02855736856734,0.8134469238993496,"Yes, there is a relationship between the CC2D1A gene and cancer. CC2D1A has been implicated in various malignancies through its roles in cellular processes such as proliferation, apoptosis, and DNA repair. Specifically, CC2D1A is involved in the regulation of the ubiquitin-proteasome pathway, influencing protein stability and turnover, which can affect tumor suppressor proteins and oncogenes. Additionally, its potential role in the modulation of signaling pathways, such as those involving AKT and MAPK, may contribute to tumorigenesis by altering cell survival and growth signals. Aberrations in CC2D1A expression or function could thus contribute to the initiation and progression of cancer by disrupting homeostatic cellular mechanisms.",0
LILRA1,1470,0.3043478260869565,0.0434782608695652,0.0,0.6521739130434783,0.0,1.0,0.0,0.0,0.9999999999999998,0.0,1.875,2.0,0.7178750897343862,1.0,0.8136696501220505,0.9814490077981268,978577.8,625.0,-0.001207161,0.0,1.0,0.0,0.0,0.0,0.0,0.0,0.0,0.0,0.0,0.0,0.0,0.0,0.0,15.0,1.0,0.0,0.0,0.0,0.0,7.0,0.0,0.0,0.0,0.0,0.0,0.0,23.0,0.0,18.0,8.433695652,67.0786464,21.88701420269522,1.8204614569819408,0.279379802955665,0.0357209525316441,203.0,-0.2661899363057325,0.0264857200685856,157.0,0.2736275555555555,0.0316512719538966,360.0,2.608734894942812,0.0875966897717074,0.111514500398345,0.0145173604745375,20.060674391099585,2.322449260305919,"The LILRA1 gene, which encodes a member of the leukocyte immunoglobulin-like receptor (LIR) family, has been implicated in immune regulation, and alterations in immune checkpoints and evasion mechanisms are critical in cancer biology. Dysregulation of LILRA1 expression can influence the activation and inhibition of immune cells, potentially leading to altered tumor microenvironments. Increased expression of LILRA1 may promote a pro-tumor immune milieu by enhancing the persistence of immunosuppressive cells or modulating antigen presentation, thereby enabling tumors to evade immune surveillance. Conversely, reduced expression could impair the immune response against tumors. Therefore, the relationship between LILRA1 and cancer likely centers around its role in modulating immune dynamics within the tumor microenvironment, impacting cancer progression and patient outcomes.",0
NFKBIB,1071,0.5,0.0,0.25,0.25,0.0,1.0,0.0,0.0,1.0,0.0,0.3333333333333333,0.6666666666666666,0.2482005460412013,1.0,0.9803921568627452,0.9998064973491958,1989663.0,219.0,0.02996662,0.0001882347706058,32.0,0.0,0.0,0.0,0.0,0.0,0.0,0.0,0.0,0.0,0.0,0.0,0.0,1.0,0.0,0.0,0.0,0.0,0.0,2.0,1.0,0.0,0.0,0.0,0.0,0.0,4.0,0.0,4.0,18.34625,148.8924563,23.746967370604327,0.7105634182148575,0.3692601754385963,0.1133684223770616,228.0,-0.3481,0.0773975031095541,158.0,0.3605987564766842,0.0985138365111769,386.0,3.2913365264376333,0.0070349073568559,0.0913591679502342,0.0133455519298211,20.720609435914824,2.5866229094671818,"Yes, there is a relationship between the NFKBIB gene and cancer. NFKBIB encodes for the inhibitor of nuclear factor kappa-B (NF-κB), which plays a crucial role in regulating the NF-κB signaling pathway involved in immune responses, inflammation, and cell survival. Dysregulation of NFKBIB can lead to persistent activation of NF-κB, promoting oncogenic processes such as cell proliferation, survival, and migration. This aberrant signaling can contribute to tumor initiation and progression, as well as resistance to apoptosis in various cancer types. Additionally, mutations or alterations in the expression of NFKBIB have been implicated in the tumor microenvironment, influencing interactions between cancer cells and surrounding stromal or immune cells, further contributing to tumorigenesis.",0
SCARF1,2493,0.1764705882352941,0.0,0.0,0.8235294117647058,0.0,1.0,0.0,0.0,1.0,0.0,3.5,3.5,1.0,1.0,0.7267441860465116,0.9587069327842672,1361271.0,198.0,0.02684971,0.0,0.0,0.0,0.0,0.0,0.0,0.0,0.0,0.0,0.0,0.0,0.0,0.0,0.0,15.0,0.0,0.0,0.0,0.0,0.0,3.0,0.0,0.0,0.0,1.0,0.0,0.0,17.0,0.0,16.0,12.74629412,61.77343097,20.24221869182693,2.7876136721408424,0.2374428409090909,0.0312799260642502,88.0,-0.2769316235294117,0.0206731562834428,425.0,0.2701577192982455,0.0226571415141241,513.0,3.16009827202714,0.0283376988313317,0.111514500398345,0.0145173604745375,22.9475375292778,1.776215314769252,"The SCARF1 (Scavenger receptor class F member 1) gene has gained attention in research related to cancer due to its role in regulating immune responses and inflammation. Dysregulated expression of SCARF1 may affect the tumor microenvironment, potentially influencing tumor progression and metastatic behavior. SCARF1 is involved in modulating the uptake of modified lipoproteins and apoptotic cells, which can alter the inflammatory milieu and immune evasion mechanisms utilized by tumors. Furthermore, its interaction with immune cells may play a crucial role in either promoting or suppressing tumor growth, depending on the context of its expression and the surrounding cellular environment. Thus, altered SCARF1 function could contribute to the complexities of cancer development and response to therapy.",0
FAM81B,1359,0.2222222222222222,0.1666666666666666,0.0,0.5555555555555556,0.0,1.0,0.0555555555555555,0.0,0.8934166815252749,0.0,2.0,2.8,0.2501250625312656,1.0,0.8264462809917356,0.9839837682716114,316500.6,511.0,0.004436941,0.0,1.0,0.0,0.0,0.0,0.0,0.0,0.0,0.0,1.0,0.0,0.0,0.0,1.0,10.0,3.0,0.0,0.0,0.0,0.0,4.0,0.0,0.0,0.0,0.0,1.0,0.0,18.0,0.0,15.0,19.08288889,201.9322275,17.407399177056963,0.3279012845078712,0.2556855813953488,0.0190980748217296,129.0,-0.2789017770034844,0.0289606785901878,287.0,0.2717025240384617,0.0259645219832524,416.0,1.9058924184266623,1.0135807025420491,0.111514500398345,0.0145173604745375,20.060674391099585,2.322449260305919,"The FAM81B gene has been implicated in various cancers, though the precise mechanisms by which it contributes to tumorigenesis remain under investigation. FAM81B is thought to play a role in cellular processes such as signal transduction, endocytosis, and cytoskeletal organization. Dysregulation of these processes can lead to altered cell proliferation, migration, and apoptosis, hallmark features of cancer. Additionally, some studies suggest that FAM81B may interact with oncogenic signaling pathways, potentially influencing cancer cell survival and growth. However, further research is necessary to elucidate the specific interactions and pathways involved in its role in cancer development.",0
HELZ2,7950,0.3146067415730337,0.0337078651685393,0.0,0.5617977528089888,0.0,1.0,0.0898876404494382,0.0,0.9270331267773484,0.0,1.7241379310344829,2.103448275862069,0.5205622071837585,1.0,0.4856726566294318,0.8364353705904091,1178905.0,193.0,0.05366005,6.401471677964898e-07,5.0,0.0,0.0,0.0,0.0,0.0,0.0,2.0,6.0,0.0,0.0,0.0,5.0,52.0,3.0,0.0,0.0,0.0,0.0,25.0,2.0,0.0,2.0,3.0,6.0,0.0,84.0,0.0,77.0,11.39646429,115.3413582,22.925048732586745,1.1925751347878435,0.360354840425532,0.0611589410565078,376.0,-0.2223558333333333,0.0129596019670903,60.0,0.3413641513761468,0.056746209645485,436.0,3.50067378012106,0.0192934032479549,0.9079346793584774,0.0538991789333997,21.15060709288156,1.5170970219204365,"The HELZ2 gene is involved in various cellular processes, including RNA metabolism and gene regulation, and its dysregulation has been implicated in cancer. Evidence suggests that HELZ2 may influence tumorigenesis through mechanisms such as the modulation of gene expression, impacting pathways related to cell proliferation, apoptosis, and differentiation. Moreover, HELZ2's role in chromatin remodeling and RNA processing may affect the stability and translation of cancer-related transcripts. Consequently, aberrant HELZ2 activity could alter cellular homeostasis and contribute to the malignant phenotype in certain cancer types. However, further studies are required to elucidate the precise mechanisms connecting HELZ2 to specific oncogenic pathways.",0
HSD17B13,903,0.5,0.0,0.1,0.4,0.0,1.0,0.0,0.0,1.0,0.0,0.6666666666666666,0.8333333333333334,0.6009615384615384,1.0,0.9496676163342828,0.9987115224613852,474615.3,417.0,0.008151837,3.0890546486559326e-06,2.0,0.0,0.0,0.0,0.0,0.0,0.0,0.0,0.0,0.0,0.0,0.0,0.0,4.0,0.0,0.0,0.0,0.0,0.0,4.0,2.0,0.0,0.0,0.0,0.0,0.0,10.0,0.0,8.0,15.1765,110.8078469,20.21434808553116,0.7490788681338924,0.1993524468085106,0.0098345321520132,94.0,-0.2479198728813559,0.0170919132795582,236.0,0.2340855151515153,0.0154704538278493,330.0,2.6014291244768386,0.3936193364288087,0.111514500398345,0.0145173604745375,20.060674391099585,2.322449260305919,"The HSD17B13 gene has garnered interest in cancer research, particularly due to its role in lipid metabolism and potential implications in liver pathologies. Some studies have suggested that genetic variants in HSD17B13 may influence the progression of liver diseases, which, in turn, could relate to hepatocellular carcinoma risk. The gene encodes an enzyme involved in converting steroid precursors to active forms, which can affect hormone signaling pathways linked to cell proliferation and apoptosis. Dysregulation of these pathways may lead to increased cell survival and growth, factors associated with oncogenesis. Further research is needed to elucidate the specific mechanisms and the gene's broader implications in various cancer types.",0
CCDC157,2259,0.2352941176470588,0.0,0.0588235294117647,0.7058823529411765,0.0,1.0,0.0,0.0,1.0,0.0,2.4,2.6,0.819672131147541,1.0,0.4516711833785004,0.8106598167508785,696089.5,214.0,0.05710929,0.0,1.0,0.0,0.0,0.0,0.0,0.0,0.0,0.0,0.0,0.0,0.0,0.0,3.0,12.0,0.0,0.0,0.0,0.0,0.0,4.0,1.0,0.0,0.0,0.0,0.0,0.0,20.0,0.0,20.0,13.14545,115.0621451,17.724996003552814,0.3694744973568059,0.2746978195488722,0.052115393174755,133.0,-0.2890385931558935,0.0247998295701506,263.0,0.2842221212121213,0.033911273835489,396.0,2.946415456322572,0.0292963864235512,0.0638074130689086,0.0023808968606876,19.45705246802749,1.0699433202135056,"The relationship between the CCDC157 gene and cancer is not well-established in the literature; however, existing studies suggest potential involvement in oncogenic processes. CCDC157 has been implicated in cellular mechanisms such as cell proliferation and differentiation, which are critical in tumorigenesis. Abnormal expression or mutations in this gene may disrupt normal cellular pathways, leading to uncontrolled growth and survival of cancer cells. Additionally, CCDC157 could interact with other oncogenes or tumor suppressor genes, influencing signaling pathways involved in cancer progression. Further research is necessary to elucidate the specific roles and mechanisms through which CCDC157 may contribute to cancer development.",0
NOSIP,906,0.4,0.2,0.0,0.4,0.0,1.0,0.0,0.0,1.0,0.0,0.6666666666666666,1.0,0.3461405330564209,1.0,0.5467468562055768,0.8768558608030228,2080142.0,210.0,0.04060547,9.059813663005235e-05,17.0,0.0,0.0,0.0,0.0,0.0,0.0,0.0,0.0,0.0,0.0,0.0,0.0,2.0,1.0,0.0,0.0,0.0,0.0,2.0,0.0,0.0,0.0,0.0,0.0,0.0,5.0,0.0,5.0,25.156,125.89008,24.049992406900287,1.2733544039208278,0.2603701149425288,0.0299740168843797,174.0,-0.2650957471264368,0.023191405007242,174.0,0.2627329310344828,0.0265117026985888,348.0,3.419243232996557,0.0060581766591512,0.0562363152972979,0.0043411427542114,22.709743468353395,1.359499662399931,"The NOSIP gene, which encodes for a nitric oxide synthase interacting protein, has been implicated in various cellular processes, including the regulation of nitric oxide (NO) production. Evidence suggests that dysregulation of NO signaling can contribute to oncogenesis, as NO can promote angiogenesis, immune evasion, and cellular proliferation in tumor microenvironments. Additionally, NOSIP may influence the stability and activity of nitric oxide synthases (NOS), leading to altered NO levels that can affect cancer cell behavior. Abnormal expression or function of NOSIP could potentially disrupt these pathways, promoting tumorigenesis or affecting tumor progression and metastasis. However, the precise role of NOSIP in cancer biology remains to be fully elucidated, and ongoing research is necessary to clarify its contributions and underlying mechanisms.",0
PHC1,3015,0.2272727272727272,0.0454545454545454,0.0,0.6363636363636364,0.0,1.0,0.0909090909090909,0.0,0.951533901945023,0.0,2.333333333333333,2.833333333333333,0.8298755186721992,1.0,0.474158368895211,0.8279819352757884,296906.4,416.0,0.01150007,3.559563963368307e-05,29.0,0.0,0.0,0.0,0.0,0.0,0.0,1.0,1.0,0.0,0.0,0.0,0.0,14.0,1.0,0.0,0.0,0.0,0.0,5.0,1.0,0.0,2.0,0.0,1.0,0.0,20.0,0.0,20.0,22.82735,86.90813203,20.136582489501087,1.946360613763188,0.3147680082987553,0.0560133188643499,240.0,-0.2687487313432835,0.0274793336337167,134.0,0.2983237866666667,0.0462040773727885,374.0,3.436349207433154,0.0127206779506609,0.0303318373938629,0.0034527148986362,22.68113132632101,1.602510824210896,"The PHC1 gene, known to play a role in chromatin remodeling and gene regulation, may influence cancer progression through its involvement in the regulation of cell cycle and apoptosis. Dysregulation of PHC1 can lead to aberrant gene expression profiles that favor uncontrolled cell proliferation and survival, common hallmarks of cancer. Additionally, PHC1 is implicated in the formation of polycomb repressive complexes, which are crucial for transcriptional repression of tumor suppressor genes and maintenance of stem cell characteristics in various tumors. Thus, alterations in PHC1 activity may contribute to the oncogenic transformation of cells, promoting aggressive tumor behaviors.",0
BMP8B,1209,0.3333333333333333,0.0,0.0,0.6666666666666666,0.0,1.0,0.0,0.0,1.0,0.0,1.3333333333333333,1.3333333333333333,1.0,1.0,0.7745933384972892,0.9724377318857516,975798.5,388.0,0.03857199,2.3084401076855454e-06,5.0,0.0,0.0,0.0,0.0,0.0,0.0,0.0,0.0,0.0,0.0,0.0,0.0,4.0,0.0,0.0,0.0,0.0,0.0,2.0,0.0,0.0,0.0,0.0,0.0,0.0,6.0,0.0,5.0,16.71916667,45.90788417,21.88701420269522,1.8204614569819408,0.3428844520547945,0.1053394084662494,145.0,-0.2332713836477987,0.0143096349993392,159.0,0.2857419016393442,0.060689532300977,304.0,3.1346979361115137,0.0290349170329936,0.1015102026484589,0.0130037089219794,20.060674391099585,2.322449260305919,"The BMP8B gene, which encodes a member of the bone morphogenetic protein (BMP) family, has been implicated in various biological processes including cell differentiation and proliferation. While direct links between BMP8B and cancer remain under-researched, BMP signaling pathways are known to influence tumorigenesis, either by promoting or inhibiting cancer cell growth depending on the cellular context. Alterations in BMP signaling can result in dysregulated gene expression, apoptosis escape, and metastasis, suggesting potential roles for BMP8B in these processes. Furthermore, the modulation of the tumor microenvironment by BMPs, including effects on immune cell behavior and extracellular matrix remodeling, may indirectly implicate BMP8B in cancer progression. Further studies are necessary to fully elucidate the functional relevance of BMP8B in cancer.",0
BPIFB1,1455,0.2222222222222222,0.0,0.0,0.7777777777777778,0.0,1.0,0.0,0.0,1.0,0.0,2.333333333333333,2.333333333333333,1.0,1.0,0.1710278775440396,0.4730509165714954,478384.3,482.0,0.02704082,2.285797108693273e-07,2.0,0.0,0.0,0.0,0.0,0.0,0.0,0.0,0.0,0.0,0.0,0.0,2.0,7.0,0.0,0.0,0.0,0.0,0.0,2.0,0.0,0.0,0.0,0.0,0.0,0.0,11.0,0.0,10.0,11.25836364,90.00208325,23.926884961253258,5.11811994121669,0.3501970684931508,0.0592195979713276,364.0,-0.1836547619047619,0.011891314664576,42.0,0.3330108845208845,0.0568674638317279,406.0,1.8981469654783687,2.042549666002327,0.111514500398345,0.0145173604745375,15.791847559251474,1.3085318650540283,"The BPIFB1 gene, part of the respiratory mucin gene family, has been implicated in various cellular processes, including immune response and inflammation. While direct associations between BPIFB1 and cancer remain under-researched, emerging studies suggest that alterations in its expression may influence tumor microenvironments and immune evasion mechanisms. For instance, BPIFB1's role in modulating mucosal immunity and inflammation could potentially affect tumorigenesis by altering the local immune landscape, promoting tumor growth or metastasis. Additionally, the gene's involvement in the epithelial barrier function may impact cancer susceptibility, particularly in cancers arising from mucosal surfaces. Nonetheless, further research is needed to elucidate the precise mechanisms linking BPIFB1 to cancer development and progression.",0
SERPINB5,1128,0.2,0.0,0.0,0.8,0.0,1.0,0.0,0.0,1.0,0.0,2.6666666666666665,2.6666666666666665,1.0,1.0,0.2044571662236761,0.5290118138534492,200746.5,166.0,0.02435783,0.0001016500217562,44.0,0.0,0.0,0.0,0.0,0.0,0.0,0.0,0.0,0.0,0.0,0.0,0.0,8.0,0.0,0.0,0.0,0.0,0.0,2.0,0.0,0.0,0.0,0.0,0.0,0.0,10.0,0.0,8.0,19.5571,66.68876899,25.55813220555292,8.778724918991479,0.2618102803738318,0.0278612998933168,107.0,-0.278648902743142,0.021821457471293,401.0,0.27510218503937,0.0230884205820011,508.0,2.705731108601202,1.432565785927299,0.111514500398345,0.0145173604745375,19.14884087877813,6.245294824514924,"Yes, there is a relationship between the SERPINB5 gene and cancer. SERPINB5, also known as maspin, is a member of the serpin family of proteinase inhibitors and has been implicated in various cancer types. Its expression is often reduced or lost in aggressive tumors, suggesting a potential role as a tumor suppressor. Mechanistically, SERPINB5 may inhibit tumor invasion and metastasis by modulating the extracellular matrix and influencing matrix metalloproteinases (MMPs), thus affecting cellular migration and tissue remodeling. Additionally, SERPINB5 has been linked to regulating apoptosis and cell proliferation, further contributing to its role in cancer progression. Its dual functions as both a tumor suppressor and a promoter of tumor cell survival in certain contexts highlight the complexity of its involvement in cancer biology.",0
SHARPIN,1164,0.0,0.0,0.1666666666666666,0.8333333333333334,0.0,1.0,0.0,0.0,1.0,0.0,5.0,6.0,0.2925687536571094,1.0,0.6578947368421053,0.9333620624067008,2720766.0,211.0,0.02653573,4.004083249818817e-05,25.0,0.0,0.0,0.0,0.0,0.0,0.0,0.0,0.0,0.0,0.0,0.0,0.0,5.0,0.0,0.0,0.0,0.0,0.0,0.0,1.0,0.0,0.0,0.0,0.0,0.0,6.0,0.0,6.0,16.33933333,146.4418111,23.44456317332752,0.7341571882861364,0.2638164016874681,0.0370683991865753,190.13201675643327,-0.2623792743604192,0.0349935889004216,187.6534410532616,0.2724842722630945,0.0397860230283488,377.6466786355476,3.415822761176345,0.0066569670229954,0.0387055159380671,0.0076956027162578,23.32509263768037,0.5472660073512474,"The SHARPIN gene, which encodes a protein involved in the regulation of the NF-κB signaling pathway, has been implicated in cancer development and progression. Dysregulation of this pathway is frequently associated with various malignancies, as it plays a critical role in cell proliferation, survival, and apoptosis. Overexpression of SHARPIN has been linked to enhanced NF-κB activity, leading to the promotion of inflammatory responses and an environment conducive to tumor growth. Additionally, SHARPIN may influence the interplay between immune signaling and tumor microenvironments, potentially facilitating immune evasion mechanisms. Therefore, alterations in SHARPIN expression or function can contribute to tumorigenesis through its effects on key signaling networks that govern cellular responses to stress and inflammation.",0
PLEKHS1,1398,0.1818181818181818,0.0,0.0,0.6363636363636364,0.0,1.0,0.1818181818181818,0.0,0.9474427588512933,0.0,2.333333333333333,3.0,1.0,1.0,0.9174311926605504,0.9964932993037178,261758.8,545.0,-0.004180814,0.0,0.0,2.0,0.0,0.0,0.0,0.0,0.0,1.0,1.0,0.0,0.0,0.0,1.0,9.0,0.0,0.0,0.0,0.0,0.0,2.0,0.0,0.0,1.0,0.0,1.0,0.0,14.0,0.0,13.0,11.55678571,48.6212348,22.86226564836608,2.5189227215058443,0.2085800943396226,0.0133026657742767,106.0,-0.3274797058823531,0.0444668326435197,306.0,0.2968890291262139,0.0391049952676682,412.0,2.765925878989312,0.6493160934579687,0.111514500398345,0.0145173604745375,20.89566654209208,2.06983883151945,"Yes, there is emerging evidence suggesting a potential relationship between the PLEKHS1 gene and cancer. PLEKHS1 is involved in various cellular processes, including cytoskeletal dynamics and cellular signaling. Alterations or dysregulation of this gene may influence tumorigenesis through mechanisms such as the modulation of cell migration and invasion, which are critical for metastasis. Additionally, PLEKHS1 has been implicated in regulating apoptotic pathways, potentially affecting cell survival in the context of cancer. Further studies are needed to elucidate the specific roles and prognostic significance of PLEKHS1 in different cancer types.",0
SKOR2,3006,0.4347826086956521,0.0,0.0,0.5652173913043478,0.0,1.0,0.0,0.0,0.9999999999999998,0.0,1.181818181818182,1.181818181818182,1.0,1.0,0.0508957654723127,0.2024621107473906,649122.9543319192,444.4009897808343,0.0198885680771551,0.0,0.0,0.0,0.0,0.0,0.0,0.0,0.0,0.0,0.0,0.0,0.0,0.0,30.0,14.0,0.0,0.0,0.0,0.0,0.0,10.0,0.0,0.0,1.0,0.0,0.0,0.0,53.0,0.0,42.0,16.28724528,116.0998349,21.88701420269522,1.8204614569819408,0.3076930327868852,0.1479730358692384,122.0,-0.2697516533333333,0.0189319639512698,375.0,0.2790652313883299,0.0506407371120935,497.0,0.1959198876052573,0.3222531684131254,0.3997624875211418,0.0314284105649104,15.422782634666724,2.358765907705715,"The SKOR2 gene, also known as SLRR1B, has been implicated in cellular processes that may relate to cancer development and progression. Studies suggest that SKOR2 may play a role in modulating the cytoskeleton and influencing cellular movement and adhesion, processes that are critical in metastasis. Additionally, its expression has been associated with various cellular signaling pathways, including those involved in cell proliferation and apoptosis. Dysregulation of SKOR2 could potentially disrupt normal cellular homeostasis, leading to enhanced tumorigenic properties such as increased invasiveness and altered cellular communication. However, the specific mechanisms linking SKOR2 to cancer phenotypes remain an area of ongoing research, and further investigations are necessary to fully elucidate its role in oncogenesis.",0
BNIP1,816,0.0,0.0,0.0,0.75,0.0,1.0,0.25,0.0,1.0,0.0,3.0,4.0,1.0,1.0,0.5773672055427251,0.8945016224828195,483076.5,397.0,0.03367079,5.67157279784083e-05,18.0,0.0,0.0,0.0,0.0,0.0,0.0,1.0,0.0,0.0,0.0,0.0,2.0,3.0,0.0,0.0,0.0,0.0,0.0,0.0,0.0,0.0,1.0,0.0,0.0,0.0,5.0,0.0,6.0,16.625,72.927917,23.28145037933513,0.4376033322986514,0.2873608133971291,0.0224202582094313,209.0,-0.2427994339622641,0.014948049049915,212.0,0.2649213539192399,0.0191105669288768,421.0,3.150575891156008,0.0064454288752617,0.111514500398345,0.0145173604745375,20.060674391099585,2.322449260305919,"Yes, there is a relationship between the BNIP1 gene and cancer. BNIP1 (Bcl-2/adenovirus E1B 19 kDa interacting protein 1) is involved in regulating apoptosis and autophagy, two critical processes in tumorigenesis. In many cancers, BNIP1 expression can be altered, leading to dysregulated cell death and survival pathways. Elevated BNIP1 levels have been associated with promoting angiogenesis and metastasis, allowing tumor cells to thrive under hypoxic conditions. Furthermore, its interaction with key cancer-related proteins, such as the Bcl-2 family members, may influence mitochondrial integrity and cellular responses to stress. These mechanisms suggest that BNIP1 could play a significant role in cancer progression and the tumor microenvironment.",0
SRRM4,1836,0.1379310344827586,0.0344827586206896,0.0344827586206896,0.7931034482758621,0.0,1.0,0.0,0.0,0.9858036667268664,0.0,4.6,5.0,0.6596306068601583,1.0,0.8110300081103001,0.9809004251274998,116468.3,835.0,0.002239408,0.0,1.0,0.0,0.0,0.0,0.0,0.0,0.0,0.0,0.0,0.0,0.0,0.0,0.0,24.0,1.0,0.0,0.0,0.0,0.0,4.0,2.0,0.0,0.0,2.0,0.0,0.0,29.0,0.0,26.0,19.66289655,104.2156818,14.934114548419688,1.958187705470851,0.222037676056338,0.0138253327371141,142.0,-0.221293445945946,0.014400183483963,148.0,0.2216578620689654,0.0140700312355518,289.0,1.3119339676458923,1.0287123669519085,0.2756089390830813,0.0284399650329552,20.577127626932384,2.730310719714589,"Yes, there is a relationship between the SRRM4 gene and cancer. SRRM4 (serine/arginine-rich splicing factor 4) is involved in the regulation of alternative splicing, a process that allows a single gene to produce multiple protein isoforms, which can significantly influence cellular functions. Dysregulation of splicing events mediated by SRRM4 can lead to the production of oncogenic isoforms or the loss of tumor suppressor variants, thereby promoting tumorigenesis. Additionally, aberrant splicing patterns associated with SRRM4 may contribute to cancer cell proliferation, survival, and metastatic potential, highlighting its role in the complex network of molecular events that drive cancer development and progression. Furthermore, SRRM4 has been implicated in specific cancer types through alterations in its expression or subcellular localization, further underscoring its potential involvement in oncogenic processes.",0
ZNF229,2478,0.25,0.0555555555555555,0.0,0.6944444444444444,0.0,1.0,0.0,0.0,0.967762266063788,0.0,2.5,2.7,0.8620689655172413,1.0,0.5491488193300385,0.8783008241326035,725568.6,528.0,-0.04939491,0.0,0.0,0.0,0.0,0.0,0.0,0.0,0.0,0.0,0.0,0.0,0.0,0.0,0.0,25.0,2.0,0.0,0.0,0.0,0.0,9.0,0.0,0.0,0.0,0.0,0.0,0.0,36.0,0.0,27.0,11.76883333,72.59927289,16.04620910807929,0.2076850527213179,0.2666829946524066,0.0392799502103386,187.0,-0.2545125949367089,0.020739230607873,158.0,0.2611093043478261,0.0307407410169565,345.0,2.985129199779787,0.1342677008399057,0.2776491708984643,0.0460333589374516,20.060674391099585,2.322449260305919,"The relationship between the ZNF229 gene and cancer is currently not well-established in the literature. However, being a member of the zinc finger protein family, ZNF229 may play a role in transcriptional regulation, potentially influencing cellular processes such as proliferation, differentiation, and apoptosis. Aberrant expression or mutations in zinc finger genes can impact gene regulatory networks, possibly contributing to oncogenesis or tumor progression. Dysregulation of ZNF229 could disrupt normal cellular signaling pathways or interact with key oncogenes and tumor suppressors, though specific mechanisms are yet to be clearly delineated. Further research is needed to clarify any direct associations between ZNF229 and cancer biology.",0
TOM1L1,1431,0.2727272727272727,0.0,0.0,0.7272727272727273,0.0,1.0,0.0,0.0,1.0000000000000002,0.0,2.0,2.0,1.0,1.0,0.1262307498106538,0.3874834258015305,131125.4,869.0,-0.06055844,0.0001978705915325,51.0,0.0,0.0,0.0,0.0,0.0,0.0,0.0,0.0,0.0,0.0,0.0,1.0,7.0,0.0,0.0,0.0,0.0,0.0,3.0,1.0,0.0,0.0,0.0,0.0,0.0,12.0,0.0,11.0,17.22225,89.94028039,23.21260123475198,1.4764768467289802,0.2718825892857145,0.0376213749735346,224.0,-0.2284011678832116,0.0115444801339201,137.0,0.2553813296398893,0.0281120431098938,360.0,3.4815932106178766,0.0212671708782277,0.0532456946614802,0.0115710575144493,22.74311931900225,2.06043700552307,"The TOM1L1 gene is implicated in several cellular processes, including endosomal trafficking and immune response modulation. Alterations in TOM1L1 expression or function can disrupt these processes, potentially leading to aberrant cell signaling, enhanced proliferation, and evasion of apoptosis, which are hallmark features of cancer. Additionally, TOM1L1 is involved in the regulation of autophagy, a critical mechanism that can influence tumor development and progression. Dysregulation of autophagy may contribute to cancer cell survival and drug resistance. Although the specific relationship between TOM1L1 and various cancer types is still under investigation, its functional role suggests a potential link to cancer pathogenesis.",0
VWA5B2,3729,0.3076923076923077,0.0769230769230769,0.0,0.5897435897435898,0.0,1.0,0.0256410256410256,0.0,0.9611896698426932,0.0,1.7692307692307692,2.076923076923077,0.3765060240963856,1.0,0.6635700066357001,0.9357139480055464,1460188.0,257.0,0.04868541,2.3136159772112695e-07,2.0,0.0,0.0,0.0,0.0,0.0,0.0,1.0,0.0,0.0,0.0,0.0,2.0,23.0,3.0,0.0,0.0,0.0,0.0,12.0,0.0,0.0,2.0,0.0,0.0,0.0,39.0,0.0,33.0,19.41446154,84.51238326,19.813327022302083,5.003221736070739,0.416423155080214,0.1139364538414933,374.0,-0.26551828125,0.0246333184176339,64.0,0.3943731278538813,0.1036491192284091,438.0,2.149383630780714,0.5563473810486468,0.0541364860268472,0.0117558691018546,20.226150544492448,4.473344086809766,"The VWA5B2 gene, which is involved in cellular processes such as adhesion and signaling, has been implicated in cancer through various mechanisms, although its exact role remains an area of ongoing research. Specifically, VWA5B2 may influence tumor progression by affecting cell proliferation, migration, and the interaction of tumor cells with the extracellular matrix. Alterations in this gene's expression or function could potentially lead to changes in cellular behaviors that promote oncogenesis or metastasis. Additionally, VWA5B2's involvement in the regulation of epithelial-mesenchymal transition (EMT) may further elucidate its potential relationship with cancer dynamics, as EMT is a critical process in enabling cancer cells to invade surrounding tissues and disseminate to distant sites. However, more studies are needed to elucidate the specific pathways and interactions at play.",0
LUZP1,3231,0.1904761904761904,0.0952380952380952,0.0,0.5714285714285714,0.0,1.0,0.1428571428571428,0.0,0.8524518937385168,0.0,2.4,3.4,0.4035512510088781,1.0,0.2130379207498934,0.5424552827926783,859704.8,169.0,0.02529097,5.580156287825718e-06,9.0,0.0,0.0,0.0,0.0,0.0,0.0,1.0,2.0,0.0,0.0,0.0,0.0,13.0,2.0,0.0,0.0,0.0,0.0,4.0,0.0,0.0,1.0,1.0,2.0,0.0,18.0,0.0,17.0,19.18294444,102.8722466,25.732946502592903,0.7162009057364499,0.2047840425531914,0.0122183215576755,94.0,-0.255181955719557,0.0171466035157906,271.0,0.2422027671232876,0.016327347427212,365.0,3.5922812959386192,0.0073416438405446,0.0777863322923938,0.0103123234604764,26.44217382579702,0.7906935084231924,"The LUZP1 gene, which encodes a protein with potential roles in cellular processes such as cell adhesion and cytoskeletal organization, has been implicated in cancer through various mechanisms. Research suggests that aberrant expression or mutations in LUZP1 may disrupt normal cellular signaling pathways, potentially leading to enhanced tumor cell proliferation, invasion, or resistance to apoptosis. Furthermore, the gene's involvement in maintaining epithelial integrity and its interactions with proteins related to cell migration may contribute to metastatic capabilities in cancerous tissues. Ongoing investigations into the precise roles and regulatory networks of LUZP1 are important for understanding its contribution to tumor biology.",0
C12ORF50,1245,0.125,0.1875,0.0,0.625,0.0,1.0,0.0625,0.0,0.875,0.0,3.333333333333333,4.666666666666667,0.4446420631391729,1.0,0.2349072116513977,0.5751855031350752,152672.0,507.0,-0.03588574,0.0,1.0,0.0,0.0,1.0,0.0,0.0,0.0,0.0,1.0,0.0,0.0,0.0,0.0,10.0,2.0,0.0,0.0,0.0,0.0,2.0,1.0,0.0,0.0,0.0,1.0,0.0,16.0,0.0,14.0,23.3455,116.7002887,21.88701420269522,1.8204614569819408,0.2145081645569621,0.0123449489781383,158.0,-0.2143748591549295,0.0148243993925332,142.0,0.2144450666666666,0.0134729051267513,300.0,0.5166921413193596,0.4230393879926384,0.111514500398345,0.0145173604745375,20.060674391099585,2.322449260305919,"The C12ORF50 gene has garnered interest in cancer research, particularly due to its potential role in cellular processes such as proliferation, apoptosis, and response to stress, which are critical in tumorigenesis. Variations or dysregulation in the expression of C12ORF50 may influence pathways involved in cell cycle control and DNA repair, potentially contributing to genomic instability—a hallmark of cancer. Furthermore, there is emerging evidence suggesting that C12ORF50 may interact with other cancer-related genes or proteins, impacting tumor microenvironment dynamics and immune evasion mechanisms. As research continues, a clearer understanding of the precise mechanisms by which C12ORF50 may influence cancer development and progression is anticipated.",0
ANO6,2796,0.2333333333333333,0.0333333333333333,0.0333333333333333,0.6,0.0,1.0,0.1,0.0,0.9075474226209096,0.0,2.25,2.875,0.8103727714748784,1.0,0.0737735153080044,0.266083030833687,313473.1,719.0,0.0007462686999999,1.4646215049249634e-05,6.0,0.0,0.0,0.0,0.0,0.0,0.0,3.0,0.0,0.0,0.0,0.0,1.0,19.0,1.0,0.0,0.0,0.0,0.0,8.0,1.0,0.0,3.0,0.0,0.0,0.0,30.0,0.0,27.0,18.41966667,150.0733524,24.20808029156817,0.5729399409738224,0.2475187283236994,0.0375274583716292,173.0,-0.2392112745098039,0.0239309755755872,102.0,0.2444374181818179,0.0323948167871054,275.0,3.6936580890396553,0.0080096941540619,0.0360270593420253,0.007005454435479,21.574255700175907,2.431706580922186,"Yes, there is a relationship between the ANO6 gene and cancer. ANO6 encodes a member of the anoctamin family of proteins, which are involved in calcium-activated chloride ion channel activity and are implicated in various cellular processes, including cell proliferation and apoptosis. Alterations in ANO6 expression or function can lead to dysregulated cell growth and resistance to apoptosis, both of which are hallmarks of cancer. For instance, aberrant ANO6 expression has been observed in certain tumor types, suggesting its potential role in promoting a tumorigenic microenvironment. Additionally, ANO6 may influence the metastatic potential of cancer cells by affecting cell adhesion and migration, thereby facilitating the spread of cancer. Overall, the involvement of ANO6 in signaling pathways related to cell survival and motility underscores its potential relevance in cancer biology.",0
NUCB1,1386,0.125,0.0,0.0,0.875,0.0,1.0,0.0,0.0,1.0,0.0,3.5,3.5,1.0,1.0,0.1203369434416365,0.3751455606338576,1927185.0,211.0,0.04304709,6.470217267027579e-05,25.0,0.0,0.0,0.0,0.0,0.0,0.0,0.0,0.0,0.0,0.0,0.0,1.0,7.0,0.0,0.0,0.0,0.0,0.0,1.0,0.0,0.0,0.0,0.0,0.0,0.0,9.0,0.0,9.0,22.932,101.394716,26.704854825591536,0.4294484418291587,0.2597498295454546,0.0302797421171136,176.0,-0.2593878947368421,0.0201182406873065,171.0,0.259571469740634,0.0251996160374289,347.0,3.70279967673677,0.0030037576021307,0.079041245489237,0.009171760120874,25.381404857879097,1.161081379628915,"The NUCB1 gene encodes nucleobindin 1, a protein involved in calcium signaling, cellular growth, and apoptosis. Emerging evidence suggests that alterations in NUCB1 expression may be implicated in various cancers. Mechanistically, NUCB1 has been linked to the regulation of cell proliferation and survival pathways, potentially influencing tumorigenesis. Its interaction with calcium fluxes is thought to affect the signaling cascades that govern these cellular processes. Additionally, NUCB1 may modulate the tumor microenvironment and immune response, contributing to cancer progression and metastasis. However, the specific mechanisms and their relevance to different cancer types are still under investigation.",0
TMEM176B,813,0.3846153846153846,0.0,0.0,0.5384615384615384,0.0,1.0,0.0769230769230769,0.0,1.0000000000000002,0.0,1.1666666666666667,1.3333333333333333,1.0,1.0,0.8748906386701663,0.9918253585412716,734961.1,689.0,0.01364298,0.0,0.0,0.0,0.0,0.0,0.0,0.0,0.0,1.0,0.0,0.0,0.0,0.0,0.0,7.0,0.0,0.0,0.0,0.0,0.0,5.0,0.0,0.0,1.0,0.0,0.0,0.0,12.0,0.0,11.0,7.067083333,41.08296336,20.553423495407923,2.164388523636782,0.2943231884057972,0.0235184963985254,345.0,-0.2742697560975609,0.0268769831351859,123.0,0.2890527350427352,0.0244235931222679,468.0,3.566443427894205,0.0328732877058107,0.188579553681596,0.0383376626936636,20.99804179013774,4.348065633087773,"The TMEM176B gene is involved in various cellular processes, including immune response and inflammation, which can have implications in cancer biology. Dysregulation of such pathways can contribute to tumorigenesis and the tumor microenvironment. Specifically, TMEM176B may influence the behavior of immune cells and their interaction with tumor cells, potentially affecting immune evasion, proliferation, and metastasis. Additionally, alterations in the expression of TMEM176B have been implicated in the modulation of pathways related to cell signaling and apoptosis, further linking it to cancer progression and response to therapy. However, detailed mechanisms remain to be fully elucidated, and ongoing research is required to clearly define its role in various cancers.",0
TLR3,2715,0.1428571428571428,0.2142857142857142,0.0,0.5,0.0,1.0,0.1428571428571428,0.0,0.7821952376742992,0.0,2.333333333333333,4.0,0.0653082549634273,1.0,0.4782400765184122,0.8310102441159715,355117.3,414.0,-0.01323344,3.0528662759371054e-06,15.0,0.0,0.0,0.0,0.0,0.0,0.0,2.0,0.0,0.0,0.0,0.0,0.0,7.0,3.0,0.0,0.0,0.0,0.0,2.0,0.0,0.0,2.0,0.0,0.0,0.0,12.0,0.0,13.0,22.59625,187.8464713,22.685791403980048,1.599979457961728,0.2052981944444444,0.0198334908459898,72.0,-0.2951621311475412,0.030201099553009,305.0,0.2779997877984086,0.0294141122706995,377.0,3.393478243099531,0.0291931828583713,0.111514500398345,0.0145173604745375,14.675236718839509,2.521978422004099,"Yes, there is a relationship between the TLR3 gene and cancer. TLR3 (Toll-like receptor 3) plays a crucial role in the immune response, recognizing double-stranded RNA, a molecular pattern associated with viral infections and some tumor cells. Activation of TLR3 can lead to the induction of pro-inflammatory cytokines and type I interferons, which may influence tumor immune surveillance and progression. However, TLR3 signaling can have dual roles; while it can enhance anti-tumor immunity, its activation in the tumor microenvironment can also promote tumor growth and metastasis through the induction of pathways that support cell proliferation and survival. The specific context, including the type of tumor and the surrounding immune composition, ultimately dictates whether TLR3 acts as a tumor promoter or suppressor, making its role in cancer complex and multifaceted.",0
ANKRD62,2712,0.1935483870967742,0.032258064516129,0.0,0.7096774193548387,0.0,1.0,0.064516129032258,0.0,0.9690396871254086,0.0,3.142857142857143,3.571428571428572,0.9970089730807578,1.0,0.0807689201195379,0.2839966916596845,649122.9543319192,444.4009897808343,0.0198885680771551,0.0,0.0,0.0,0.0,0.0,0.0,0.0,0.0,2.0,0.0,0.0,0.0,0.0,0.0,21.0,1.0,0.0,0.0,0.0,0.0,7.0,1.0,0.0,2.0,0.0,0.0,0.0,30.0,0.0,21.0,9.2114,80.04631039,20.87764333976932,1.4954539174324113,0.2577553846153847,0.0252576033969528,208.0,-0.2973096788990826,0.0267546824897581,217.0,0.2779967840375589,0.0263544045446921,425.0,2.1520521137417465,1.1870740872511438,0.9290229787148588,0.0485504765720882,20.060674391099585,2.322449260305919,"The ANKRD62 gene, which encodes a member of the ankyrin repeat domain-containing proteins, has been implicated in various cellular processes, including the regulation of cell cycle progression and apoptosis. Dysregulation of ANKRD62 expression has been associated with certain cancers, suggesting a potential role in tumorigenesis. Mechanistically, ANKRD62 may interact with key signaling pathways involved in cell proliferation and survival, such as the NF-κB and p53 pathways, which are often altered in cancer. Additionally, its role in mediating responses to cellular stress could contribute to the oncogenic processes by affecting tumor microenvironment interactions and influencing cancer cell survival under stress conditions. Further research is needed to fully elucidate the specific mechanisms and clinical relevance of ANKRD62 in cancer biology.",0
RNASE13,471,0.1666666666666666,0.1666666666666666,0.0,0.6666666666666666,0.0,1.0,0.0,0.0,1.0,0.0,2.0,2.5,0.4887585532746823,1.0,0.4366812227074236,0.7984942434786673,937278.4,320.0,0.02015836,7.539804974393978e-06,10.0,4.0,0.0,0.0,0.0,0.0,0.0,0.0,0.0,0.0,0.0,0.0,0.0,4.0,1.0,0.0,0.0,0.0,0.0,1.0,0.0,0.0,0.0,0.0,0.0,0.0,10.0,0.0,9.0,10.0393,119.2254427,21.88701420269522,1.8204614569819408,0.2528534682080924,0.0345124287030178,173.0,-0.281801923076923,0.0234620190748266,234.0,0.2694970515970517,0.0282909867568027,407.0,0.6477173546695496,0.4981958792170955,0.111514500398345,0.0145173604745375,20.060674391099585,2.322449260305919,"The RNASE13 gene encodes a ribonuclease enzyme that may play a role in modulating RNA metabolism and cellular stress responses. In cancer biology, altered expression of ribonucleases, including RNASE13, can affect tumor growth and progression by influencing apoptosis, immune evasion, and the processing of non-coding RNAs. For instance, downregulation of RNASE13 could lead to an accumulation of aberrant RNAs, contributing to oncogenic pathways and promoting tumorigenesis. Additionally, the enzyme may be involved in the regulation of inflammatory responses in the tumor microenvironment, which can further impact cancer development and metastasis. However, the precise mechanisms linking RNASE13 to cancer pathogenesis remain an area of ongoing research.",0
PRCP,1554,0.125,0.25,0.0,0.5,0.0,1.0,0.0,0.125,0.9166666666666666,0.0,2.0,3.5,0.2259887005649717,1.0,0.8250825082508251,0.983722679576834,306726.4,371.0,-0.00566506,6.9745463744028215e-06,20.0,0.0,1.0,0.0,0.0,0.0,0.0,0.0,0.0,0.0,1.0,0.0,1.0,4.0,2.0,0.0,0.0,0.0,0.0,1.0,0.0,0.0,1.0,0.0,0.0,0.0,9.0,0.0,10.0,18.33733333,360.2570423,25.579850429903203,0.8311427995713154,0.2746280346820808,0.0757810476275104,173.0,-0.2602224647887324,0.0199899462031015,142.0,0.268134095238095,0.0505385559427296,315.0,3.649833730376887,0.0046848001834521,0.111514500398345,0.0145173604745375,14.97753715767404,1.425659973192256,"The PRCP (prolylcarboxypeptidase) gene has been implicated in various biological processes, including metabolism and immune response, which may have relevance in cancer biology. Alterations in the expression or activity of PRCP could potentially influence tumor microenvironment dynamics by modulating peptide hormone availability, impacting angiogenesis, or affecting immune cell infiltration. Additionally, since PRCP plays a role in the regulation of bioactive peptides, its dysregulation may contribute to oncogenic signaling pathways or tumor progression through changes in cell proliferation and apoptosis. While direct relationships between PRCP and specific cancer types are still being explored, its functional role suggests potential avenues for investigation in the context of cancer biology.",0
SYT16,1938,0.1904761904761904,0.0,0.0,0.8095238095238095,0.0,1.0,0.0,0.0,1.0,0.0,3.4,3.4,1.0,1.0,0.2451581269919097,0.5898141358998337,215308.8,626.0,-0.006073962,0.000105634107836,9.0,0.0,0.0,3.0,0.0,0.0,1.0,0.0,0.0,0.0,0.0,0.0,0.0,17.0,0.0,0.0,0.0,0.0,0.0,4.0,0.0,0.0,0.0,0.0,0.0,0.0,25.0,0.0,22.0,17.45388,85.10193811,21.88701420269522,1.8204614569819408,0.2305945731707317,0.0208257120973627,164.0,-0.29232401459854,0.0232574284702708,274.0,0.2692107077625569,0.0231917721759281,438.0,2.457288419373016,0.7349123352461764,0.111514500398345,0.0145173604745375,20.060674391099585,2.322449260305919,"The SYT16 gene, part of the synaptotagmin family, has been implicated in various cellular processes, including vesicle trafficking and calcium signaling. Dysregulation of these processes can contribute to oncogenesis by influencing cell proliferation, apoptosis, and the tumor microenvironment. Specifically, aberrant expression or mutations in SYT16 may disrupt normal synaptic function and intercellular communication, potentially leading to altered signaling pathways that promote tumor growth and metastasis. Furthermore, its role in calcium-mediated signaling could affect cellular behaviors critical for cancer progression, such as migration and adhesion. However, the exact relationship between SYT16 and specific cancer types requires further investigation to elucidate the underlying mechanisms.",0
KIFAP3,2379,0.1481481481481481,0.0,0.0,0.7407407407407407,0.0,1.0,0.074074074074074,0.037037037037037,0.984421487566137,0.0,4.0,4.6,1.0,1.0,0.046477040342071,0.1891056350813811,181108.8,743.0,0.002053466,2.1957457047219946e-05,19.0,0.0,0.0,0.0,0.0,0.0,0.0,2.0,0.0,0.0,1.0,0.0,0.0,20.0,0.0,0.0,0.0,0.0,0.0,3.0,2.0,0.0,4.0,0.0,0.0,0.0,24.0,0.0,22.0,22.957875,38.95407846,23.348928069187544,0.9279149602148398,0.2807788131313131,0.0262719313796004,396.0,-0.2100531428571428,0.0099986059045378,35.0,0.2750354292343388,0.0252981919704549,431.0,3.536350212067455,0.0044186374327119,0.0758531425637211,0.0066941567953708,22.565162376110475,1.980333557865676,"Yes, there is evidence suggesting a relationship between the KIFAP3 gene and cancer. KIFAP3 encodes a kinesin motor protein that is involved in microtubule-based transport processes critical for cell division and intracellular transport. Dysregulation of kinesins, including KIFAP3, can lead to aberrant mitotic processes, contributing to genomic instability and tumorigenesis. Overexpression of KIFAP3 has been observed in various cancer types, which may promote cancer cell proliferation and survival by enhancing mitotic spindle function and facilitating the localization of oncogenic factors. This dysfunction in normal cellular trafficking could further impact processes such as apoptosis, cell signaling, and the maintenance of cellular architecture, thereby supporting cancer progression.",0
TJP1,5247,0.119047619047619,0.119047619047619,0.0238095238095238,0.7142857142857143,0.0,1.0,0.0238095238095238,0.0,0.9043988893437588,0.0,5.0,6.166666666666667,0.2475247524752475,1.0,0.2529084471421345,0.6005887012514985,194015.1,515.0,-0.04585107,0.0010675045154757,79.0,0.0,0.0,0.0,0.0,0.0,0.0,0.0,1.0,0.0,0.0,0.0,3.0,31.0,5.0,0.0,0.0,0.0,0.0,5.0,3.0,0.0,1.0,1.0,1.0,0.0,45.0,0.0,35.0,24.33506667,102.7789107,26.038798732118035,1.2024050298172129,0.2228385937499999,0.0255958484948164,64.0,-0.3544985113268605,0.4599225722295945,304.0,0.3319080697050936,0.3876014400742207,365.0,3.701571238279068,0.009154666862991,0.0965839577112852,0.015658756197367,27.534301796541552,0.6050445239244774,"The TJP1 gene, which encodes the protein ZO-1, is integral to the structure and function of tight junctions in epithelial and endothelial cells. Dysregulation of tight junction protein expression, including TJP1, has been implicated in cancer progression. Loss of TJP1 expression can lead to increased cellular permeability, enhanced mobility, and epithelial-to-mesenchymal transition (EMT), all of which promote metastatic behavior in various cancers. Furthermore, aberrant tight junction dynamics can influence signaling pathways related to cell proliferation and survival, potentially contributing to tumorigenesis. Therefore, alterations in TJP1 may play a role in the development and progression of certain cancers through its effects on cellular architecture and signaling pathways.",0
SEMA6D,3222,0.0857142857142857,0.1428571428571428,0.0,0.7714285714285715,0.0,1.0,0.0,0.0,0.9353313099590082,0.0,6.75,8.0,0.0788892395077311,1.0,0.0768403258029814,0.2740145766922385,140186.7,583.0,-0.05839896,0.0,0.0,0.0,0.0,0.0,0.0,0.0,0.0,0.0,0.0,0.0,0.0,0.0,2.0,27.0,5.0,0.0,0.0,0.0,0.0,3.0,1.0,0.0,0.0,1.0,0.0,0.0,37.0,0.0,29.0,25.53581081,79.26712355,20.06740767812258,6.41037662532511,0.2212241558441558,0.0133573388456596,77.0,-0.2707139175257734,0.0238475315356345,289.0,0.2603587228260869,0.0220165461795632,365.0,3.1973127916595723,0.0746100784257208,0.1337519145416459,0.0164230961705272,19.68572551887104,2.72771285405596,"The SEMA6D gene encodes for semaphorin 6D, a member of the semaphorin family, which are known to play critical roles in cell signaling, migration, and adhesion. Recent studies have indicated that SEMA6D may be involved in tumorigenesis and cancer progression. Its expression levels can influence tumor microenvironment interactions, potentially modulating immune responses and altering the invasive properties of cancer cells. Mechanistically, SEMA6D may affect pathways related to cell proliferation and apoptosis, and its interaction with receptors on the surface of various cell types could facilitate the formation of metastatic niches. Furthermore, aberrant expression of semaphorins, including SEMA6D, has been linked to the promotion or inhibition of angiogenesis, which is crucial for tumor growth and metastasis. Overall, the relationship between SEMA6D and cancer appears to be complex, involving multiple signaling pathways and cellular interactions.",0
LIPJ,1101,0.0,0.0,0.0,1.0,0.0,1.0,0.0,0.0,1.0,0.0,4.0,4.0,1.0,1.0,0.6535947712418301,0.9315475394799636,160461.6,318.0,0.03195997,0.0,0.0,0.0,0.0,0.0,0.0,0.0,0.0,0.0,0.0,0.0,0.0,0.0,0.0,4.0,0.0,0.0,0.0,0.0,0.0,0.0,0.0,0.0,0.0,0.0,0.0,0.0,4.0,0.0,4.0,11.091,164.0083747,21.88701420269522,1.8204614569819408,0.2098839603960395,0.0130260992201584,101.0,-0.332568786885246,0.0462242018495103,305.0,0.302048669950739,0.0407328287300784,406.0,0.9509361856936028,0.5262450560282255,0.111514500398345,0.0145173604745375,20.060674391099585,2.322449260305919,"The LIPJ gene encodes for lipase, an enzyme involved in lipid metabolism and homeostasis. Dysregulation of lipid metabolism has been implicated in various cancers, as altered lipid profiles can influence tumorigenesis and cancer progression. Mechanistically, LIPJ may contribute to cancer by affecting the availability of fatty acids, which serve as signaling molecules that can promote cell proliferation, survival, and migration. Additionally, lipases can modulate the tumor microenvironment by influencing inflammation and immune responses, further impacting cancer development and metastasis. However, the specific relationship between LIPJ and cancer remains to be fully elucidated through further research.",0
C16ORF95,720,0.5,0.0,0.0,0.5,0.0,1.0,0.0,0.0,1.0,0.0,0.5,0.5,1.0,1.0,0.8183306055646481,0.982396776390674,649122.9543319192,444.4009897808343,0.0198885680771551,0.0,0.0,0.0,0.0,0.0,0.0,0.0,0.0,0.0,0.0,0.0,0.0,0.0,0.0,2.0,0.0,0.0,0.0,0.0,0.0,1.0,0.0,0.0,0.0,1.0,0.0,0.0,2.0,0.0,3.0,4.537,21.793202,21.88701420269522,1.8204614569819408,0.2302672108843537,0.0149856152983319,147.0,-0.2973500000000001,0.0324358170840816,246.0,0.2722579643765904,0.026910084126968,393.0,2.6146918866974733,0.0297315397845911,0.0745374725963693,0.0045093451146071,20.060674391099585,2.322449260305919,"The relationship between the C16ORF95 gene and cancer is currently not well-defined in the literature. However, potential mechanisms can be speculated based on its expression patterns and biological functions. C16ORF95 may be involved in cellular processes such as proliferation or apoptosis, which are frequently dysregulated in cancer. Additionally, if C16ORF95 is implicated in modulating pathways related to cell cycle regulation or genomic stability, it could contribute to tumorigenesis. Altered expression levels of non-coding RNAs or proteins associated with C16ORF95 might also influence tumor microenvironments or immune responses, although definitive evidence linking it directly to specific cancer types is still lacking.",0
CDS2,1338,0.4166666666666667,0.0,0.0,0.5833333333333334,0.0,1.0,0.0,0.0,1.0,0.0,1.1666666666666667,1.1666666666666667,1.0,1.0,0.8658008658008658,0.9905630683755472,500170.2,482.0,0.02388631,2.1376625033863082e-07,3.0,0.0,0.0,0.0,0.0,0.0,0.0,0.0,0.0,0.0,0.0,0.0,0.0,7.0,0.0,0.0,0.0,0.0,0.0,5.0,0.0,0.0,0.0,0.0,0.0,0.0,12.0,0.0,11.0,17.35158333,67.26370772,24.61039111584849,1.126152610504218,0.2989042808219179,0.0372726843771442,292.0,-0.2661743846153848,0.0244847331271377,130.0,0.2888216113744075,0.0334946392083237,422.0,3.6309468082776455,0.0052259777608861,0.0526244296451713,0.012928977171057,25.122778195987976,1.617726997678729,"The CDS2 gene, which encodes the enzyme CDP-diacylglycerol synthase 2, plays a role in the phospholipid metabolism and membrane biosynthesis. Recent studies have suggested a potential association between alterations in the function of CDS2 and various cancers, particularly through mechanisms involving lipid signaling and cellular membrane dynamics. Dysregulation of lipid metabolism can lead to modified signaling pathways that promote cancer cell proliferation, survival, and metastasis. Additionally, the enzyme's role in the synthesis of cardiolipin, an important mitochondrial lipid, could implicate mitochondrial dysfunction in cancer etiology. Such alterations may contribute to the metabolic reprogramming observed in tumor cells, linking CDS2 to cancer progression and maintaining the cancer phenotype. However, further research is needed to fully elucidate the specific mechanisms and implications of CDS2 in different cancer types.",0
DCAF12,1362,0.5,0.0,0.0,0.5,0.0,1.0,0.0,0.0,1.0,0.0,0.75,0.75,1.0,1.0,0.7127583749109052,0.9541074847614568,779457.4,142.0,0.0388183,2.219578284781236e-06,7.0,0.0,1.0,0.0,0.0,0.0,0.0,0.0,0.0,0.0,0.0,0.0,0.0,3.0,0.0,0.0,0.0,0.0,0.0,3.0,0.0,0.0,0.0,0.0,0.0,0.0,7.0,0.0,5.0,17.599,97.88606833,19.680055876827407,3.575444468824121,0.2590428947368422,0.0250763988397242,190.0,-0.2611660616438356,0.0267641352328896,292.0,0.2603291286307052,0.0260464066578669,481.0,3.552433563999335,0.0040047185239728,0.0375644329303112,0.0083907711775573,17.945500229105633,2.841256227364469,"The DCAF12 gene, a member of the DDB1-CUL4-ROC1 E3 ubiquitin ligase complex, has been implicated in various cellular processes, including the regulation of the cell cycle and DNA damage response. Dysregulation of the DCAF12 pathway can potentially influence tumorigenesis by affecting the stability and degradation of key regulatory proteins involved in cell proliferation and survival. Specifically, alterations in DCAF12 could lead to aberrant signaling pathways that promote oncogenesis or facilitate the evasion of apoptosis, thereby contributing to cancer development and progression. Additionally, its involvement in the response to genotoxic stress may further underscore its potential role in cancer biology, as cancer cells often exhibit compromised DNA repair mechanisms. However, the precise relationship between DCAF12 and specific cancer types requires further investigation.",0
EMC3,786,0.25,0.125,0.125,0.5,0.0,1.0,0.0,0.0,0.9166666666666666,0.0,1.3333333333333333,2.0,0.1907304978065993,1.0,0.7107320540156361,0.953418463491295,944872.1,170.0,0.04230817,7.552233620621444e-05,18.0,0.0,0.0,0.0,0.0,0.0,0.0,0.0,0.0,0.0,0.0,0.0,1.0,4.0,1.0,0.0,0.0,0.0,0.0,2.0,1.0,0.0,0.0,0.0,0.0,0.0,9.0,0.0,8.0,21.33644444,176.0661745,23.18161872046973,0.3781610064715583,0.2491271428571428,0.0353984666797714,124.0,-0.2743055329949239,0.0201597730634556,393.0,0.2682046153846152,0.0239077495081369,515.0,3.52602650509789,0.0038440831216058,0.111514500398345,0.0145173604745375,20.060674391099585,2.322449260305919,"The EMC3 gene, part of the endoplasmic reticulum membrane complex, plays a crucial role in the biogenesis of membrane proteins. Alterations in EMC3 expression and function have been implicated in cancer biology through several mechanisms. For instance, aberrant protein folding and accumulation due to disrupted ER function can trigger the unfolded protein response (UPR), leading to cellular stress and promoting oncogenic signaling pathways. Additionally, EMC3 may influence the stability and localization of membrane receptors involved in cell survival, proliferation, and apoptosis, thereby affecting tumorigenesis. Furthermore, any dysregulation in the assembly or function of the endoplasmic reticulum membranes can impact lipid metabolism, which is also linked to cancer cell metabolism. These interconnections suggest a potential role for EMC3 in the development and progression of cancer, although further research is necessary to elucidate its precise contributions.",0
GP9,534,0.4545454545454545,0.0,0.0,0.5454545454545454,0.0,1.0,0.0,0.0,0.8948855177025863,0.0,1.0,1.0,1.0,1.0,0.7320644216691069,0.9603856230956064,1155221.0,379.0,0.05235865,1.3966622735404038e-06,4.0,0.0,0.0,0.0,0.0,0.0,0.0,0.0,0.0,0.0,0.0,0.0,0.0,6.0,0.0,0.0,0.0,0.0,0.0,5.0,0.0,0.0,0.0,0.0,0.0,0.0,11.0,0.0,11.0,8.035181818,88.09447316,19.193086092525228,1.6464615808462109,0.2695361794019933,0.027244801117021,301.0,-0.2444397872340426,0.0191114410085564,94.0,0.2635638734177215,0.0253703533811514,395.0,0.6490304727802346,0.5297454176802695,0.111514500398345,0.0145173604745375,20.060674391099585,2.322449260305919,"The GP9 gene, which encodes a protein involved in platelet aggregation and thrombus formation, has been implicated in the pathophysiology of certain malignancies. One proposed mechanism is through its role in the tumor microenvironment, wherein altered platelet function can influence cancer progression and metastasis. Specifically, the interaction between platelets and tumor cells may enhance tumor cell survival, promote angiogenesis, and facilitate metastatic spread. Additionally, dysregulation of GP9 could affect the immune response to tumors, allowing for evasion of immune surveillance. Further studies are needed to clarify the extent of its involvement in cancer development and progression.",0
EFHD1,720,0.3333333333333333,0.0,0.0,0.4166666666666667,0.0,1.0,0.1666666666666666,0.0833333333333333,0.9070190181162902,0.0,1.0,1.6,1.0,1.0,0.4407227853680035,0.8018242423083758,301517.1,211.0,0.03682029,1.233869538519454e-06,7.0,0.0,0.0,0.0,0.0,0.0,0.0,2.0,0.0,0.0,1.0,0.0,0.0,5.0,0.0,0.0,0.0,0.0,0.0,4.0,0.0,0.0,3.0,0.0,0.0,0.0,9.0,0.0,12.0,18.38666667,46.61865,23.83260590548461,3.022777129863329,0.2117452671755725,0.0129599080112742,131.0,-0.269964935897436,0.0223237048161249,155.0,0.2433908013937283,0.0188332717059989,286.0,2.974740481058224,0.1742400401513583,0.0593186709231114,0.0147535385198327,19.9906211867942,5.741037963134959,"The EFHD1 gene has been implicated in various cellular processes, including calcium signaling and cytoskeletal dynamics, which could influence cancer biology. Dysregulation of EFHD1 may affect cell proliferation, apoptosis, and invasion, contributing to tumorigenesis. In some studies, alterations in EFHD1 expression have been associated with specific cancer types, suggesting a potential role in cancer progression or metastasis. Furthermore, EFHD1's involvement in cellular stress responses may link its function to the adaptation of cancer cells to hostile environments, thereby influencing their survival and proliferation. However, the precise mechanisms underlying its relationship with cancer remain an area of active investigation.",0
SLC26A4,2343,0.2692307692307692,0.0384615384615384,0.0,0.6538461538461539,0.0,1.0,0.0384615384615384,0.0,0.9672698379148672,0.0,2.125,2.375,0.8888888888888888,1.0,0.2803476310625175,0.6368726959284428,515284.5,579.0,0.03725653,0.0,0.0,0.0,0.0,0.0,0.0,0.0,0.0,0.0,1.0,0.0,0.0,0.0,1.0,16.0,1.0,0.0,0.0,0.0,0.0,7.0,2.0,0.0,1.0,0.0,1.0,0.0,26.0,0.0,24.0,17.52184615,167.9220357,24.223387401519176,0.6045177215483534,0.3202634048257374,0.0451160998762793,373.0,-0.2374113483146067,0.0141279271640704,89.0,0.3043027272727273,0.0401728689890751,462.0,2.651265153698586,0.2320389636954598,0.2164484070857534,0.0347690139358884,20.060674391099585,2.322449260305919,"The SLC26A4 gene, primarily known for its role in cochlear ion transport and associated with Pendred syndrome and non-syndromic hearing loss, has also been implicated in certain cancer contexts, though the relationship remains under investigation. Some studies suggest that alterations in ion transport, driven by SLC26A4 dysfunction, may affect cellular microenvironment and signaling pathways relevant to tumorigenesis, such as those involving oxidative stress and apoptosis. Additionally, dysregulated expression of SLC26A4 could potentially influence cellular proliferation and migration, impacting cancer progression. However, the precise mechanisms and their clinical relevance in various cancer types are still unclear and require further research to elucidate the potential roles of SLC26A4 in oncogenesis.",0
ARHGEF12,4635,0.1818181818181818,0.0,0.0303030303030303,0.7575757575757576,0.0,1.0,0.0303030303030303,0.0,0.963956388514444,0.0,3.571428571428572,3.857142857142857,0.9718172983479106,1.0,0.1352996888107157,0.4059346561768026,264872.1,312.0,0.02518783,2.0812380076233832e-05,19.0,0.0,0.0,0.0,0.0,0.0,0.0,0.0,1.0,0.0,0.0,0.0,0.0,25.0,0.0,0.0,0.0,0.0,0.0,6.0,1.0,0.0,0.0,0.0,1.0,0.0,32.0,0.0,26.0,22.6135625,71.99675238,24.260915169197222,0.955155169983832,0.1964472897196261,0.0106909108406982,107.0,-0.2740808968609864,0.0196918180388316,223.0,0.2489087878787879,0.0180565565802892,330.0,3.830585378987417,0.0067397880693342,0.0728940358061983,0.0053959875433152,25.214586599192074,0.8629299873276008,"Yes, there is a relationship between the ARHGEF12 gene and cancer. ARHGEF12 encodes a protein that acts as a guanine nucleotide exchange factor (GEF) for Rho GTPases, which are critical regulators of various cellular processes, including cell proliferation, migration, and adhesion. Aberrant expression or activity of ARHGEF12 has been implicated in tumorigenesis, as it can influence the dynamics of the cytoskeleton and cellular signaling pathways that promote cancer cell invasion and metastasis. Furthermore, alterations in Rho GTPase signaling pathways can contribute to changes in the tumor microenvironment, enhancing tumor growth and survival. Therefore, dysregulation of ARHGEF12 may have significant implications for cancer development and progression.",0
CCDC159,894,0.75,0.0,0.0,0.25,0.0,1.0,0.0,0.0,1.0,0.0,0.25,0.25,1.0,1.0,0.9460737937559128,0.9985191172072854,1385739.0,197.0,0.03064605,0.0,1.0,0.0,0.0,0.0,0.0,0.0,0.0,0.0,0.0,0.0,0.0,0.0,5.0,1.0,0.0,0.0,0.0,0.0,0.0,3.0,0.0,0.0,0.0,0.0,0.0,0.0,9.0,0.0,8.0,8.837333333,29.16421325,21.88701420269522,1.8204614569819408,0.3349056976744186,0.0724980367509724,172.0,-0.2186318226600984,0.0124532623951763,203.0,0.2719627733333331,0.0432393730901489,375.0,3.0660988026643228,0.0146704550999393,0.0625143853261226,0.0149368977525067,20.060674391099585,2.322449260305919,"The CCDC159 gene has gained attention in cancer research due to its potential involvement in regulating cellular processes critical for tumorigenesis. While specific mechanisms remain to be fully elucidated, preliminary studies suggest that CCDC159 may play a role in modulating cell proliferation and apoptosis, possibly through its interaction with cellular signaling pathways. Dysregulation of genes like CCDC159 can lead to aberrant cell cycle progression or evasion of programmed cell death, both of which are hallmarks of cancer. Additionally, any genomic alterations or expression changes in this gene could impact processes such as cellular adhesion or migration, further contributing to cancer metastasis. However, further research is needed to clarify its exact role in various cancer types and the underlying biological mechanisms.",0
CCT2,1608,0.125,0.0,0.0,0.75,0.0,1.0,0.125,0.0,1.0,0.0,3.0,3.5,1.0,1.0,0.2037074760643716,0.5278203819669824,484022.7,382.0,0.005183802,0.0005692743130212,159.0,2.0,0.0,0.0,0.0,0.0,0.0,1.0,0.0,0.0,0.0,0.0,0.0,8.0,0.0,0.0,0.0,0.0,0.0,1.0,0.0,0.0,1.0,2.0,0.0,0.0,9.0,0.0,11.0,18.82555556,125.244191,28.40683113822835,0.1627996171753203,0.3656152736318407,0.3273568475510499,201.0,-0.200034456521739,0.0113973302381629,92.0,0.3136240273037542,0.2336948148111224,293.0,3.728711239145509,0.0056051651975042,0.0427558717936792,0.009822522712884,23.4501098442516,1.9479122360163788,"Yes, the CCT2 gene has been implicated in cancer through its role in chaperone-mediated protein folding and assembly. CCT2 encodes a subunit of the chaperonin-containing TCP1 (CCT) complex, which is crucial for the proper folding of numerous cytosolic proteins, including those involved in cell cycle regulation and survival. Dysregulation of CCT2 can lead to the misfolding of proteins that are critical for maintaining cellular homeostasis, potentially contributing to oncogenic processes. Moreover, aberrant expression of CCT2 has been observed in various cancer types, suggesting a correlation between its expression levels and tumor progression. The precise mechanisms by which CCT2 influences cancer biology may involve modulation of protein interactions that affect apoptosis, cell proliferation, and the stress response.",0
NTSR2,1233,0.4761904761904761,0.0476190476190476,0.0,0.4761904761904761,0.0,1.0,0.0,0.0,1.0,0.0,0.9090909090909092,1.0,0.3897116134060795,1.0,0.9354536950420954,0.9978705631832632,219483.2,336.0,0.02065249,0.0,0.0,0.0,0.0,0.0,0.0,0.0,0.0,0.0,0.0,0.0,0.0,0.0,0.0,10.0,1.0,0.0,0.0,0.0,0.0,10.0,0.0,0.0,0.0,0.0,0.0,0.0,21.0,0.0,17.0,10.99238095,117.9415419,21.88701420269522,1.8204614569819408,0.2396237499999998,0.0174316102207558,216.0,-0.2385245833333332,0.0186786886730633,72.0,0.2393489583333329,0.0176796109208623,288.0,0.6932969684144935,0.8889257016926527,0.1666973467354692,0.0154408371953897,20.060674391099585,2.322449260305919,"The NTSR2 gene, which encodes the neurotensin receptor 2, has been implicated in various cellular processes, including cell proliferation and survival. Dysregulation of neurotensin signaling through NTSR2 has been associated with several cancers, potentially due to its role in promoting tumor growth and metastasis. Mechanistically, the activation of NTSR2 can lead to downstream effects such as enhanced angiogenesis, increased invasion, and altered apoptosis pathways. Additionally, NTSR2 expression may be linked to the inflammatory tumor microenvironment, further supporting cancer progression. Investigating the specific interactions and pathways involving NTSR2 could provide insights into its role in tumor biology.",0
MSRB1,351,0.0,0.0,0.0,1.0,0.0,1.0,0.0,0.0,1.0,0.0,2.0,2.0,1.0,1.0,0.2455795677799607,0.5904062571827655,1766472.0,214.0,0.03890178,2.38662669523234e-06,2.0,0.0,0.0,0.0,1.0,0.0,0.0,0.0,0.0,0.0,0.0,0.0,2.0,2.0,0.0,0.0,0.0,0.0,0.0,0.0,0.0,0.0,1.0,0.0,0.0,0.0,4.0,0.0,5.0,12.057,140.8731747,20.01148834416592,1.3624436611638095,0.2497964215686274,0.0218931974221071,204.0,-0.2387167114093958,0.0182407088735715,149.0,0.2451197167138809,0.0203253254629877,353.0,3.3400300403339807,0.0166086885595617,0.0682791070649324,0.0105602254403126,20.060674391099585,2.322449260305919,"The relationship between the MSRB1 gene and cancer is an area of ongoing research. MSRB1, which encodes methionine sulfoxide reductase B1, plays a role in cellular redox regulation by reducing oxidized methionine residues. This function is crucial for maintaining protein integrity and cellular homeostasis. Dysregulation of redox balance has been implicated in various carcinogenic processes, including oxidative stress, inflammation, and cellular signaling pathways associated with tumor progression. Studies suggest that altered expression of MSRB1 may influence cancer cell proliferation, survival, and resistance to therapy, although the exact mechanisms and the extent of its involvement in different cancer types remain to be fully elucidated.",0
HDAC6,3648,0.2368421052631578,0.0263157894736842,0.0526315789473684,0.6578947368421053,0.0,1.0,0.0263157894736842,0.0,0.9598839131733112,0.0,2.5,2.9,0.2245677071637098,1.0,0.1192179303767286,0.3727708766141718,823538.7,444.4009897808343,0.02874381,0.0019983386476604,197.0,3.0,0.0,0.0,0.0,0.0,0.0,1.0,0.0,0.0,0.0,0.0,3.0,25.0,1.0,0.0,0.0,0.0,0.0,9.0,3.0,0.0,2.0,0.0,0.0,0.0,43.0,0.0,39.0,16.78225581,104.2087587,24.886514496393254,0.6382036125670282,0.2480093421052631,0.0428358244355614,76.0,-0.2830000000000001,0.0434805253781818,166.0,0.2720111983471074,0.0433643212296783,242.0,3.550487923488693,0.0071607554732013,0.2316006596564909,0.0384558420499625,21.272532122904103,1.2361862191183626,"Yes, there is a relationship between the HDAC6 gene and cancer. HDAC6 (Histone Deacetylase 6) is involved in cellular processes such as protein degradation, cellular stress responses, and cytoskeletal dynamics. Dysregulation of HDAC6 activity can lead to altered gene expression profiles, affecting tumorigenesis, metastasis, and tumor cell survival. Specifically, HDAC6 has been shown to deacetylate non-histone proteins involved in cell signaling pathways, such as Hsp90 and tubulin, thereby influencing oncogenic processes. Additionally, HDAC6's role in the modulation of the immune response and its involvement in the regulation of epithelial-mesenchymal transition (EMT) further underscore its significance in cancer progression and metastasis. The balance of HDAC6 activity appears critical for maintaining homeostasis, with aberrations contributing to various cancer types.",0
TXNDC5,1299,0.1818181818181818,0.0,0.0,0.8181818181818182,0.0,1.0,0.0,0.0,1.0000000000000002,0.0,3.0,3.0,1.0,1.0,0.0661681995632898,0.2458516046177452,748889.1,288.0,0.009633622,0.0003833452763985,67.0,0.0,0.0,0.0,0.0,0.0,0.0,0.0,0.0,0.0,0.0,0.0,0.0,9.0,0.0,0.0,0.0,0.0,0.0,1.0,1.0,0.0,0.0,0.0,0.0,0.0,11.0,0.0,11.0,20.50181818,39.30357636,28.50363254503993,0.7729230806877371,0.2823785792349727,0.0381559364584098,183.0,-0.2651896753246755,0.0224612852057762,154.0,0.2745237091988128,0.0309692414013794,337.0,3.816854090259591,0.0064968805516183,0.0690341791321706,0.0050142232734082,18.44793533093413,1.6334308469663446,"The TXNDC5 gene, which encodes a thioredoxin-like protein, has been implicated in various cellular processes, including oxidative stress response and protein folding. Dysregulation of TXNDC5 may contribute to cancer development by affecting cellular redox balance, potentially leading to increased oxidative stress, genomic instability, and altered pathophysiological signaling pathways. Additionally, since thioredoxins play a crucial role in regulating apoptosis and cell proliferation, aberrant expression of TXNDC5 could influence tumor cell survival, growth, and metastasis. Therefore, the functional alterations of TXNDC5 in the context of cancer biology warrant further investigation to elucidate its precise role and mechanisms involved.",0
RSPRY1,1731,0.1818181818181818,0.0,0.0909090909090909,0.7272727272727273,0.0,1.0,0.0,0.0,1.0000000000000002,0.0,2.6666666666666665,3.0,0.5022601707684581,1.0,0.3980891719745223,0.7647608473749808,717871.8,149.0,0.04767676,3.2244391939961e-05,10.0,0.0,0.0,0.0,0.0,0.0,0.0,0.0,0.0,0.0,0.0,0.0,0.0,7.0,0.0,0.0,0.0,0.0,0.0,2.0,2.0,0.0,0.0,0.0,0.0,0.0,11.0,0.0,7.0,25.72272727,59.98772182,21.30771025334422,0.4757045760464185,0.2261821893491124,0.0173582033660115,169.0,-0.2923267676767677,0.0262178455915295,198.0,0.2618678201634877,0.0231694076679129,367.0,3.531690769646717,0.0031225255304907,0.0835927351589162,0.0110906501967188,18.64669737907302,1.8198003596754715,"The RSPRY1 gene has emerged as a point of interest in cancer research, particularly regarding its potential role in tumorigenesis and cancer progression. Alterations in the expression of RSPRY1 could impact cellular pathways involved in proliferation, differentiation, and apoptosis, potentially contributing to malignant transformation. Additionally, its involvement in the regulation of gene expression and post-transcriptional modifications suggests that RSPRY1 may interact with tumor suppressor genes or oncogenes, thereby influencing cancer-related signaling networks. Moreover, aberrant RSPRY1 activity may also affect the DNA damage response or immune evasion mechanisms, further linking it to cancer biology. However, the specific mechanisms and pathways by which RSPRY1 influences cancer development are still under investigation and require further validation.",0
NRK,4749,0.240506329113924,0.0632911392405063,0.0253164556962025,0.6329113924050633,0.0,1.0,0.0379746835443038,0.0,0.9292783647296028,0.0,2.5,3.0,0.6361323155216285,1.0,0.968054211035818,0.9994842111689268,18767.54,444.4009897808343,0.001908272,0.0,0.0,0.0,0.0,0.0,0.0,0.0,0.0,3.0,0.0,0.0,0.0,0.0,4.0,49.0,5.0,0.0,0.0,0.0,0.0,19.0,3.0,0.0,4.0,1.0,0.0,0.0,78.0,0.0,61.0,16.17244872,91.79347783,19.19296304960544,2.23366744306745,0.2454252941176469,0.0512188471047856,119.0,-0.2743913675213675,0.0257118960343206,117.0,0.259785593220339,0.0386208651668806,236.0,2.648741093004359,0.6458629980358019,0.4026823286953879,0.0607120239738585,19.14569686741763,1.8486303248852904,"The NRK gene, which encodes the enzyme nicotinamide riboside kinase, plays a role in the NAD+ biosynthesis pathway, linking cellular metabolism to energy homeostasis. Alterations in NAD+ metabolism have been implicated in cancer biology, as cancer cells often display altered metabolic profiles to support rapid growth and survival in variable environments. Dysregulation of NRK could potentially influence cellular NAD+ levels, thereby affecting processes such as DNA repair, apoptosis, and the regulation of cellular stress responses. Additionally, the interplay between NRK and other metabolic pathways may contribute to the phenotypic plasticity of cancer cells, facilitating tumor progression and resistance to therapy. Further research is needed to elucidate the specific roles and mechanisms through which NRK may influence cancer development and progression.",0
CHRDL1,1377,0.2857142857142857,0.0,0.0,0.6428571428571429,0.0,1.0,0.0714285714285714,0.0,1.0000000000000004,0.0,1.8,2.0,1.0,1.0,0.4789272030651341,0.8315166044158967,108458.4,444.4009897808343,0.0141689,0.0,0.0,0.0,0.0,0.0,0.0,0.0,0.0,1.0,0.0,0.0,0.0,0.0,0.0,9.0,0.0,0.0,0.0,0.0,0.0,4.0,0.0,0.0,1.0,0.0,0.0,0.0,13.0,0.0,12.0,18.38423077,86.41757469,20.137056043773537,2.4363175107612363,0.2619168907563023,0.0729347110165219,119.0,-0.2822930357142857,0.0267790200861969,112.0,0.2717962337662338,0.0504466181635799,231.0,3.027104972975095,0.3458223540446499,0.1710893408004501,0.0338797263476593,19.2886141676605,2.00295814969931,"The CHRDL1 gene, which encodes a member of the chordin-like protein family, has been implicated in various biological processes, including development and tissue remodeling. Its potential relationship with cancer may arise from its role in modulating the activity of bone morphogenetic proteins (BMPs), which are critical for tumor progression, survival, and metastasis in several malignancies. Alterations in CHRDL1 expression have been associated with changes in the tumor microenvironment and may influence cellular signaling pathways that promote tumorigenesis. Additionally, its involvement in regulating differentiation and apoptosis could further link CHRDL1 to cancer development and progression through mechanisms such as the evasion of cell death and enhanced proliferative signaling. However, further empirical studies are essential to clarify the specific roles and mechanisms of CHRDL1 in various cancer types.",0
SIK3,3966,0.1363636363636363,0.0,0.0454545454545454,0.7727272727272727,0.0,1.0,0.0454545454545454,0.0,0.979614197798402,0.0,4.25,4.75,0.6788866259334692,1.0,0.3211303789338472,0.6859049689825969,421847.5,300.0,0.03406541,1.795716557236041e-05,18.0,0.0,0.0,0.0,0.0,0.0,0.0,1.0,0.0,0.0,0.0,0.0,4.0,18.0,0.0,0.0,0.0,0.0,0.0,4.0,1.0,0.0,1.0,0.0,0.0,0.0,27.0,0.0,23.0,22.19037037,77.91646209,21.83471923868928,1.4396970263780218,0.2085828703703703,0.0128495454599082,107.0,-0.2792956194690266,0.0203327395127256,226.0,0.2564304191616768,0.0189644996382622,333.0,3.468520953836939,0.0118925407612027,0.0594717099346128,0.0048148966601692,24.82257898086829,0.4447310286106781,"The SIK3 gene, which encodes a serine/threonine kinase, has been implicated in various biological processes, including stress response, metabolism, and cellular proliferation. In cancer, SIK3 may contribute to tumorigenesis through mechanisms such as modulation of metabolic pathways, regulation of cell cycle progression, and influence on apoptosis. Specifically, altered expression or activity of SIK3 has been associated with changes in the tumor microenvironment and the promotion of an invasive phenotype in certain cancer types. Furthermore, it may interact with key signaling pathways involved in oncogenesis, suggesting a potential role in the molecular dynamics of cancer development and progression. However, the extent and nature of its involvement in specific cancers require further investigation to fully elucidate its impact and regulatory functions.",0
ZNF25,1371,0.3333333333333333,0.0,0.0,0.4444444444444444,0.0,1.0,0.1111111111111111,0.0,0.9298966940476158,0.1111111111111111,1.0,1.5,0.4739336492890995,1.0,0.8389261744966443,0.9862689334254682,140131.4,959.0,-0.02734627,0.0,0.0,0.0,0.0,0.0,0.0,0.0,0.0,1.0,0.0,0.0,0.0,0.0,0.0,4.0,0.0,0.0,0.0,0.0,0.0,3.0,1.0,0.0,1.0,0.0,0.0,0.0,8.0,0.0,9.0,14.331,105.6823449,20.93380934518745,2.4663681622902742,0.2438726573426573,0.0174068784816212,143.0,-0.3278704504504505,0.05018564764233,222.0,0.2949617260273975,0.0389463479214631,365.0,3.37109088738378,0.0084423737139069,0.0499504053284653,0.0056604693562039,20.060674391099585,2.322449260305919,"The ZNF25 gene, which encodes a zinc-finger protein, has been implicated in various cellular processes, including transcriptional regulation and cell differentiation. Its potential involvement in cancer has been suggested through mechanisms such as the modulation of gene expression related to cell proliferation and apoptosis. Aberrant expression of ZNF25 may disrupt normal cellular homeostasis, leading to oncogenic transformations. Additionally, ZNF25 could interact with other signaling pathways or transcription factors that facilitate tumorigenesis. However, the exact relationship between ZNF25 and specific cancers remains an area of active investigation, and further research is needed to clarify its role in malignancy.",0
MCFD2,441,0.3333333333333333,0.0,0.0,0.6666666666666666,0.0,1.0,0.0,0.0,1.0,0.0,1.0,1.0,1.0,1.0,0.3431708991077557,0.7102013410339785,809701.6,242.0,0.03324475,4.14528571156486e-05,42.0,0.0,0.0,1.0,0.0,0.0,0.0,0.0,0.0,0.0,0.0,0.0,0.0,2.0,0.0,0.0,0.0,0.0,0.0,1.0,0.0,0.0,0.0,0.0,0.0,0.0,4.0,0.0,4.0,13.797,137.2155513,24.73543716406928,0.9301301271255492,0.2463639055793989,0.0249569288351117,233.0,-0.2180521666666666,0.0184847639867514,60.0,0.2405662798634808,0.0236947033789214,293.0,3.7098920257684966,0.0021605304900076,0.0352002423804158,0.009739027625906,17.823988744307844,5.6543491581443925,"The relationship between the MCFD2 gene and cancer is currently not fully elucidated, but emerging evidence suggests potential roles in tumor biology. MCFD2 encodes a protein involved in the intracellular transport of glycoproteins, specifically through the endoplasmic reticulum-to-Golgi network, which is essential for proper protein folding and secretion. Disruptions in these processes can lead to the accumulation of misfolded proteins, which may trigger stress responses and contribute to tumorigenesis. Additionally, aberrations in glycosylation patterns due to dysfunctional MCFD2 may influence cell signaling, alter the immune response, or affect the tumor microenvironment, potentially promoting cancer progression. However, further research is necessary to clarify the mechanisms and specific contexts in which MCFD2 may be implicated in cancer.",0
TRIL,2435,0.1153846153846153,0.0,0.0,0.7307692307692307,0.0,1.0,0.1153846153846153,0.0,0.9345396758297344,0.0384615384615384,4.75,5.75,0.5955926146515783,1.0,1.0,1.0,67820.38,570.0,0.02095252,0.0,0.0,0.0,0.0,0.0,0.0,0.0,0.0,1.0,1.0,0.0,0.0,0.0,0.0,16.0,0.0,0.0,0.0,0.0,0.0,7.0,0.0,0.0,1.0,0.0,1.0,0.0,23.0,0.0,21.0,15.56195652,20.01953804,21.88701420269522,1.8204614569819408,0.2638164016874681,0.0370683991865753,190.13201675643327,-0.2623792743604192,0.0349935889004216,187.6534410532616,0.2724842722630945,0.0397860230283488,377.6466786355476,2.842285090327978,0.2097717354995392,0.111514500398345,0.0145173604745375,20.060674391099585,2.322449260305919,"The TRIL gene, which encodes a protein involved in immune responses, has been implicated in various processes that may influence cancer development and progression. It participates in the modulation of inflammatory signaling pathways, particularly those mediated by toll-like receptors, which can impact the tumor microenvironment and affect tumor growth. Dysregulation of TRIL expression may lead to altered immune surveillance, allowing cancer cells to evade detection by the immune system. Additionally, changes in TRIL activity could affect the expression of pro-inflammatory cytokines, further contributing to a tumor-promoting microenvironment. The precise mechanisms linking TRIL to specific cancer types or outcomes remain an area of ongoing research.",0
FXYD6-FXYD2,435,0.0,0.25,0.0,0.5,0.0,1.0,0.25,0.0,0.75,0.0,2.0,4.0,0.4782400765184122,1.0,0.9157509157509156,0.996346957255232,649122.9543319192,444.4009897808343,0.0198885680771551,0.0,0.0,0.0,0.0,0.0,0.0,0.0,0.0,1.0,0.0,0.0,0.0,0.0,4.0,2.0,1.0,0.0,0.0,0.0,0.0,0.0,0.0,0.0,2.0,0.0,0.0,0.0,6.0,0.0,8.0,14.91433333,180.6394731,21.88701420269522,1.8204614569819408,0.2106105555555555,0.0127873159436137,108.0,-0.2780530530973451,0.0205148425359704,226.0,0.2562452994011977,0.0189683971631232,334.0,1.0297295502331014,0.8910443594304505,0.0628646281768024,0.010930160100145,20.060674391099585,2.322449260305919,"The relationship between FXYD6 and FXYD2 genes and cancer is an area of ongoing research, and there are indications that alterations in these genes may influence cancer development and progression. FXYD proteins are known to be involved in various cellular processes, including ion transport and cellular signaling, which can affect tumor microenvironments and cancer cell behavior. For instance, FXYD2 has been implicated in modulating epithelial communication and maintaining tissue homeostasis, while FXYD6 may play a role in ion transport that could influence cell proliferation and apoptosis. Dysregulation of these processes can potentially lead to enhanced tumor growth, metastasis, and resistance to therapy. Further studies are needed to clarify the exact mechanisms and their implications in specific cancer types.",0
CAAP1,1086,0.2857142857142857,0.0,0.0,0.5714285714285714,0.0,1.0,0.1428571428571428,0.0,0.8982265179691366,0.0,1.3333333333333333,1.6666666666666667,1.0,1.0,0.5154639175257731,0.8570556562243489,104669.2,632.0,-0.02765037,9.699175071520528e-06,6.0,0.0,0.0,0.0,0.0,0.0,0.0,0.0,1.0,0.0,0.0,0.0,0.0,4.0,0.0,0.0,0.0,0.0,0.0,2.0,0.0,0.0,0.0,0.0,1.0,0.0,6.0,0.0,6.0,17.36,94.9904,24.32591602438117,1.1778209399535762,0.2524950955414013,0.0252685743302792,156.0,-0.3713857608695649,0.1671864937089562,367.0,0.3358317904761903,0.1275856674399178,523.0,3.3080672904506816,0.0146369769235854,0.0455548880828375,0.0099851735480137,23.92928320252871,0.8028211143234646,"The CAAP1 gene, also known as ""C2 calcium-dependent domain-containing protein 1,"" has been implicated in various cellular processes, including apoptosis, cell differentiation, and signaling pathways crucial for cellular homeostasis. Dysregulation of CAAP1 expression has been associated with altered cellular responses to stress and inflammation, which can contribute to tumorigenesis. Specifically, aberrant signaling pathways influenced by CAAP1 may impact the balance between cell survival and death, promote invasive behaviors, and facilitate the evasion of immune surveillance—all of which are hallmarks of cancer progression. Additionally, CAAP1's role in modulating the tumor microenvironment could further influence cancer development and metastasis, making it a gene of interest in cancer research.",0
SV2A,2229,0.1724137931034483,0.0344827586206896,0.0,0.6896551724137931,0.0,1.0,0.1034482758620689,0.0,0.9432146669074662,0.0,3.333333333333333,4.0,0.8826125330979699,1.0,0.5656108597285068,0.8879236222938075,798975.2,560.0,0.01661897,4.321131444434138e-06,5.0,0.0,0.0,0.0,0.0,0.0,0.0,3.0,0.0,0.0,0.0,0.0,0.0,20.0,1.0,0.0,0.0,0.0,0.0,5.0,0.0,0.0,3.0,0.0,0.0,0.0,26.0,0.0,28.0,21.471,74.15737608,22.097309609389573,16.595576581555175,0.311718170103093,0.0415453692511647,388.0,-0.1768497674418604,0.0063750358689922,43.0,0.298262621809745,0.0396509860212496,431.0,3.037263550808829,0.0923115799360549,0.111514500398345,0.0145173604745375,19.692871133785285,25.98006750025976,"The SV2A gene encodes a synaptic vesicle protein involved in neurotransmitter release and synaptic transmission. While it is primarily studied in the context of neurobiology, emerging research suggests potential links between SV2A and cancer, particularly through its role in modulating cellular processes such as vesicular trafficking and synaptic signaling, which can influence tumor microenvironments. Dysregulation of SV2A may affect the communication between tumor cells and surrounding stromal cells, possibly impacting cell proliferation, apoptosis, and metastatic potential. Additionally, SV2A's involvement in the release of neuropeptides and signaling molecules could shift the balance in tumor development and progression by altering the neuroimmune interactions critical in the tumor microenvironment. However, direct connections between SV2A expression and specific cancer phenotypes or pathways require further investigation to clarify its role in tumor biology.",0
SOSTDC1,621,0.1,0.0,0.0,0.7,0.0,1.0,0.1,0.1,1.0,0.0,3.5,4.5,1.0,1.0,0.1718803712616019,0.4745542385825046,291855.5,699.0,-0.01891575,6.926951232857708e-07,3.0,0.0,0.0,0.0,0.0,0.0,0.0,1.0,0.0,0.0,1.0,0.0,4.0,7.0,1.0,0.0,0.0,0.0,1.0,1.0,0.0,0.0,2.0,0.0,1.0,0.0,13.0,0.0,15.0,18.94815385,96.56209347,19.324944823751057,2.84509664068105,0.3038136084905661,0.025581930238721,424.0,-0.2870147560975609,0.0283471168277175,82.0,0.3010912648221344,0.0260131949065158,506.0,2.5650568966435685,0.4731213720381051,0.111514500398345,0.0145173604745375,12.615233473800275,0.5530466811026361,"The relationship between the SOSTDC1 gene and cancer is currently not well-established, but emerging evidence suggests it may play a role in tumor biology. SOSTDC1 is involved in the regulation of bone morphogenetic protein (BMP) and Wnt signaling pathways, both of which are critical in cell proliferation, differentiation, and apoptosis. Dysregulation of these pathways has been implicated in various cancers. For instance, aberrant Wnt signaling can lead to uncontrolled cellular growth and cancer progression, while perturbations in BMP signaling can influence tumor microenvironment and metastasis. Additionally, SOSTDC1 expression levels have been correlated with tumor suppressive functions in some contexts, hinting at a potential role in inhibiting oncogenic processes. However, more research is needed to clarify its precise impact on cancer development and progression.",0
CLNS1A,714,0.0,0.2857142857142857,0.1428571428571428,0.5714285714285714,0.0,1.0,0.0,0.0,0.7580392711198943,0.0,4.0,7.0,0.1688618709895305,1.0,0.6784260515603799,0.9416416511310344,603968.7,401.0,0.03042331,0.0002385164561003,84.0,0.0,0.0,0.0,0.0,0.0,0.0,0.0,0.0,0.0,0.0,0.0,0.0,4.0,2.0,0.0,0.0,0.0,0.0,0.0,1.0,0.0,0.0,0.0,0.0,0.0,7.0,0.0,7.0,28.04142857,80.00234762,24.801287065969262,0.552868870595734,0.3457737435897435,0.152808814967872,195.0,-0.2568312408759124,0.02001628728889,137.0,0.3090715662650602,0.099709002896633,332.0,3.600665500224508,0.0060074842011466,0.057274200891648,0.0047323348407193,25.26306443532253,2.3373201670181487,"The CLNS1A gene, which encodes a protein with roles in cellular processes, has been implicated in various cancer-related mechanisms, although the extent and nature of its involvement remain under investigation. Emerging studies suggest that CLNS1A may influence tumorigenesis through its effects on cellular signaling pathways, apoptosis, and the regulation of protein interactions that are crucial for maintaining cellular homeostasis. Changes in the expression or function of CLNS1A could potentially disrupt these processes, leading to enhanced cell proliferation, survival, and metastasis in cancerous tissues. Additionally, its association with chromatin remodeling and gene expression regulation raises the possibility of epigenetic contributions to cancer development. However, more research is needed to fully elucidate the specific roles and mechanisms of CLNS1A in the context of cancer.",0
CUL4B,2742,0.0625,0.1875,0.03125,0.625,0.0,1.0,0.0625,0.03125,0.8091917186688699,0.0,6.666666666666667,10.0,0.1035625517812759,1.0,0.1386577925679423,0.4126104139408029,416744.2,444.4009897808343,0.0144096,0.0022954196742575,332.0,0.0,0.0,0.0,0.0,0.0,0.0,0.0,2.0,0.0,1.0,0.0,0.0,20.0,6.0,0.0,0.0,0.0,0.0,2.0,1.0,0.0,1.0,0.0,2.0,0.0,29.0,0.0,26.0,28.82441379,74.59407925,25.407698645389768,0.4594086219275325,0.2570695081967211,0.0423239697782685,122.0,-0.2787090178571428,0.0259078260846122,112.0,0.2674268803418804,0.0344391103434448,234.0,3.6409590806080927,0.0019548817961284,0.2046281998472108,0.0481770831167292,22.96858824120854,0.4199566292088911,"The CUL4B gene encodes a member of the Cullin-RING ubiquitin ligase complex, which plays a crucial role in regulating protein degradation through the ubiquitin-proteasome pathway. Dysregulation of CUL4B has been implicated in several cancers due to its involvement in controlling the stability of proteins that regulate cell cycle progression, DNA repair, and apoptosis. Overexpression of CUL4B can lead to the degradation of tumor suppressor proteins and the stabilization of oncoproteins, promoting oncogenesis. Additionally, CUL4B is involved in the modulation of signaling pathways, such as those arising from p53 and NF-κB, which further contributes to its role in tumor development and metastasis. Therefore, alterations in CUL4B expression or function can play a significant role in cancer progression through diverse mechanisms involving protein homeostasis and signal transduction.",0
VKORC1,492,0.3333333333333333,0.0,0.0,0.3333333333333333,0.0,1.0,0.3333333333333333,0.0,1.0,0.0,0.5,1.0,1.0,1.0,0.8176614881439084,0.98226235217092,1296884.0,351.0,0.03451756,0.001333967744924,86.0,0.0,0.0,0.0,0.0,0.0,0.0,1.0,0.0,0.0,0.0,0.0,0.0,2.0,0.0,0.0,0.0,0.0,0.0,2.0,0.0,0.0,1.0,0.0,0.0,0.0,4.0,0.0,5.0,7.85175,123.9611689,23.81061197406758,2.092121524127568,0.2609687922705314,0.0486531747359129,207.0,-0.2434546218487395,0.0224920543894744,119.0,0.2545755828220857,0.0390762909779669,326.0,3.509986366434631,0.0076017474105149,0.0477185767089703,0.0096176472855197,20.060674391099585,2.322449260305919,"Yes, there is a relationship between the VKORC1 gene and cancer. VKORC1 (vitamin K epoxide reductase complex subunit 1) is primarily known for its role in vitamin K metabolism and the regulation of coagulation. Aberrant expression or mutations in VKORC1 can affect the blood coagulation cascade, potentially leading to a pro-coagulant state that is often associated with tumor progression and metastasis. Additionally, vitamin K is involved in various cellular processes, including apoptosis and cellular growth regulation. Alterations in VKORC1 expression may disrupt these processes, contributing to cancer cell proliferation and survival. Moreover, the interplay between VKORC1 and the epigenetic regulation of gene expression may also influence the tumor microenvironment and cancer development.",0
LTBP2,5466,0.2619047619047619,0.0238095238095238,0.0238095238095238,0.5476190476190477,0.0,1.0,0.119047619047619,0.0238095238095238,0.9043988893437588,0.0,1.9166666666666667,2.583333333333333,0.5534034311012729,1.0,0.6199628022318661,0.9163644136038884,782985.2,242.0,0.04190363,0.0,0.0,0.0,0.0,0.0,0.0,0.0,0.0,3.0,2.0,0.0,1.0,0.0,1.0,22.0,1.0,0.0,0.0,0.0,0.0,9.0,4.0,0.0,4.0,0.0,2.0,0.0,37.0,0.0,36.0,17.28772973,115.4221866,26.21624763224071,2.898080435139497,0.2348143356643356,0.020587073154309,143.0,-0.2855382685512366,0.0229268251228779,282.0,0.2685112206572771,0.0226662357241535,425.0,3.5918279521979954,0.0364359696264942,0.0677317373542528,0.0109407348701596,23.8096394307243,3.775818864298224,"The LTBP2 gene encodes a protein that is a part of the latent TGF-beta binding protein family, which plays a crucial role in the regulation of extracellular matrix components and cell signaling pathways, particularly those involving TGF-beta. Dysregulation of TGF-beta signaling is implicated in various cancer processes, including tumor progression, angiogenesis, and metastasis. Aberrant expression of LTBP2 has been observed in several cancers, suggesting a potential role in modulating the tumor microenvironment and influencing cellular behavior. Mechanisms may involve the alteration of ECM composition, impacting cellular adhesion, migration, and differentiation, as well as modulation of TGF-beta availability and activity, thereby affecting tumorigenesis and cancer progression.",0
WDYHV1,618,0.0,0.0,0.0,1.0,0.0,1.0,0.0,0.0,1.0,0.0,2.0,2.0,1.0,1.0,0.6775067750677507,0.9412843673294584,544058.7,225.0,0.03542521,0.0005639418015981,88.0,1.0,0.0,0.0,0.0,0.0,0.0,0.0,0.0,0.0,0.0,0.0,0.0,3.0,0.0,0.0,0.0,0.0,0.0,0.0,0.0,0.0,0.0,0.0,0.0,0.0,4.0,0.0,4.0,16.03675,53.05794892,20.32480305315463,1.0990845660546895,0.2638164016874681,0.0370683991865753,190.13201675643327,-0.2623792743604192,0.0349935889004216,187.6534410532616,0.2724842722630945,0.0397860230283488,377.6466786355476,3.2694808621432325,0.0062381143010108,0.0567898825343408,0.0104404409510045,20.060674391099585,2.322449260305919,"The WDYHV1 gene, though not as extensively studied as other cancer-related genes, has been implicated in various cellular processes that may contribute to cancer development. Expression levels of WDYHV1 can influence cellular proliferation and apoptosis, potentially affecting tumor growth and survival. Its role in protein interactions and post-translational modifications may further modulate signaling pathways associated with oncogenesis. Aberrations in WDYHV1 expression or function could, therefore, disrupt normal cellular homeostasis, leading to enhanced tumorigenesis in certain contexts. However, further research is needed to clarify its specific contributions to cancer biology and the underlying mechanisms involved.",0
DZIP1L,2304,0.2222222222222222,0.0,0.0,0.7037037037037037,0.0,1.0,0.074074074074074,0.0,0.968842975132274,0.0,2.7142857142857144,3.0,1.0,1.0,0.0800576415018813,0.2822038575761565,175493.7,464.0,0.0077732769999999,7.439911552282408e-06,4.0,0.0,0.0,0.0,0.0,0.0,0.0,1.0,1.0,0.0,0.0,0.0,3.0,19.0,0.0,0.0,0.0,0.0,0.0,6.0,0.0,0.0,1.0,0.0,1.0,0.0,28.0,0.0,22.0,14.47435714,85.6126289,20.22814816410339,1.5316272868656453,0.3041906209150327,0.0375635090130558,306.0,-0.248191375,0.0184790457309968,80.0,0.2925845595854922,0.0340664770144808,386.0,3.154571822163,0.0608469819087861,0.073017780171063,0.0118091486591445,18.1700559210413,1.716196325416638,"The DZIP1L gene, which encodes a protein involved in cellular processes such as RNA regulation and gene expression, has been implicated in certain cancer types through its role in modulating the cellular microenvironment and influencing signaling pathways. Research suggests that dysregulation of DZIP1L may affect key oncogenic pathways, such as those involved in apoptosis, cell proliferation, and differentiation. Furthermore, DZIP1L has been studied in the context of its interactions with microRNAs and other regulatory molecules, which can alter gene expression profiles associated with tumorigenesis. The potential involvement of DZIP1L in the epigenetic regulation of gene expression also indicates a mechanism through which aberrations may contribute to cancer development, highlighting the need for further investigation into its precise role in tumor biology.",0
MPV17L,591,0.3333333333333333,0.0,0.0,0.6666666666666666,0.0,1.0,0.0,0.0,1.0,0.0,1.3333333333333333,1.3333333333333333,1.0,1.0,0.2724795640326976,0.6267552212715202,545296.5,212.0,0.035541,3.053229227278416e-06,2.0,0.0,0.0,0.0,0.0,0.0,0.0,0.0,0.0,0.0,0.0,0.0,0.0,4.0,0.0,0.0,0.0,0.0,0.0,2.0,0.0,0.0,0.0,0.0,0.0,0.0,6.0,0.0,6.0,14.17416667,90.76922417,17.23168116626098,2.6510541056306303,0.2354182631578946,0.0171254393509356,190.0,-0.2621108163265305,0.0290182792582331,147.0,0.2470616023738872,0.0224179374843294,337.0,3.409490230640487,0.1278707265991852,0.1436650558872413,0.0405457555735458,20.060674391099585,2.322449260305919,"The MPV17L gene, which is implicated in mitochondrial function, has been studied in relation to cancer due to its role in cellular metabolism and apoptosis. Altered mitochondrial dynamics and bioenergetics can influence tumorigenesis by affecting the balance between cell survival and death, potentially leading to increased proliferation of cancer cells. Specifically, dysregulation of MPV17L may disrupt the maintenance of mitochondrial DNA homeostasis, contributing to mitochondrial dysfunction that is often observed in cancerous tissues. Additionally, the involvement of MPV17L in reactive oxygen species (ROS) regulation suggests a potential link to oxidative stress pathways, which are critical in cancer progression and metastasis. However, the precise mechanisms and extent of this relationship remain to be fully elucidated.",0
ZNF428,567,0.25,0.0,0.0,0.5,0.0,1.0,0.0,0.25,1.0,0.0,1.0,1.5,1.0,1.0,0.444247001332741,0.8046977174254087,441738.4,209.0,0.005700885,1.1578669326439128e-06,3.0,0.0,0.0,0.0,0.0,0.0,0.0,0.0,0.0,0.0,1.0,0.0,0.0,2.0,0.0,0.0,0.0,0.0,0.0,1.0,0.0,0.0,1.0,0.0,0.0,0.0,3.0,0.0,4.0,20.03633333,271.6520603,22.9826072975948,1.427608274152486,0.2633362051282052,0.0247430827401638,195.0,-0.2546582692307693,0.0204307633718238,156.0,0.2594793447293447,0.0227812941249979,351.0,3.2909055572210653,0.0134629561194577,0.063405258105286,0.0087129323440357,20.266300752932164,1.768734438392491,"The ZNF428 gene, part of the zinc finger protein family, has been implicated in the regulation of various cellular processes, including gene expression, development, and differentiation. Emerging studies suggest a potential relationship between ZNF428 and cancer pathogenesis, possibly through its involvement in transcriptional regulation and chromatin remodeling. Alterations in ZNF428 expression or function may contribute to oncogenic processes by affecting pathways related to cell proliferation, apoptosis, and DNA repair. Additionally, its interaction with other regulatory proteins or involvement in signaling cascades could influence tumor microenvironment dynamics, thereby impacting tumor growth and metastasis. However, further research is needed to elucidate the exact mechanisms and significance of ZNF428 in different cancer types.",0
RABAC1,558,0.4,0.2,0.0,0.4,0.0,1.0,0.0,0.0,1.0,0.0,0.6666666666666666,1.0,0.2246686137946529,1.0,0.7987220447284346,0.9782286522986476,1150724.0,438.0,0.03293142,0.0002029768456515,51.0,0.0,0.0,0.0,0.0,0.0,0.0,0.0,0.0,0.0,0.0,0.0,0.0,2.0,1.0,0.0,0.0,0.0,0.0,2.0,0.0,0.0,0.0,0.0,0.0,0.0,5.0,0.0,5.0,20.7562,134.0114222,23.577666651658465,0.3164003595060687,0.2708705235602096,0.030430323412356,191.0,-0.2477337662337663,0.0171953991778796,154.0,0.260542811594203,0.0245880724644556,345.0,3.4540605431880027,0.0077982624067258,0.0876111730026673,0.010696033210164,15.904542543624483,0.8463429542771658,"The RABAC1 gene has been implicated in various cellular processes, including membrane trafficking and endosomal transport, which are critical for maintaining cellular homeostasis. Dysregulation of these processes can lead to altered signaling pathways and abnormal cellular behavior, contributing to tumorigenesis. In particular, RABAC1 may affect the degradation of specific receptors or signaling molecules involved in proliferation and survival, potentially promoting oncogenic signaling cascades. Additionally, aberrations in the endosomal system can influence the availability of growth factors and their receptors, further supporting cancer cell growth and invasion. Overall, while the direct relationship between RABAC1 and specific cancer types remains an area of ongoing research, the gene's role in essential cellular functions suggests it could be involved in cancer progression through multiple mechanisms.",0
C22ORF23,654,0.25,0.25,0.0,0.5,0.0,1.0,0.0,0.0,1.0,0.0,1.0,1.5,0.4416961130742049,1.0,0.6626905235255136,0.9353526705008032,1370748.0,203.0,0.04972946,1.7472578254690694e-07,2.0,0.0,0.0,0.0,0.0,0.0,0.0,0.0,0.0,0.0,0.0,0.0,0.0,2.0,1.0,0.0,0.0,0.0,0.0,1.0,0.0,0.0,0.0,0.0,0.0,0.0,4.0,0.0,4.0,21.844,166.744904,21.88701420269522,1.8204614569819408,0.237875572519084,0.0223237731725543,131.0,-0.2917603296703297,0.025697944691435,273.0,0.2742877970297031,0.025183528129378,404.0,2.3596695270264965,0.3215867611809894,0.0452762825071542,0.0112568175532845,20.060674391099585,2.322449260305919,"The relationship between the C22ORF23 gene and cancer is currently not well-established in the scientific literature. However, emerging studies suggest potential involvement in cancer biology, possibly linked to its role in cellular processes such as proliferation, apoptosis, and response to stress. Alterations in gene expression or mutations may influence pathways related to tumorigenesis, although the exact mechanisms remain to be fully elucidated. Further research is needed to clarify the functional implications of C22ORF23 in cancer and its contribution to malignancy.",0
NMT1,1491,0.2727272727272727,0.0909090909090909,0.0909090909090909,0.4545454545454545,0.0,1.0,0.0909090909090909,0.0,0.8750481154569111,0.0,1.25,2.0,0.1032737787875658,1.0,0.8928571428571429,0.99404346902411,831501.5,191.0,0.02766684,0.0001676179095055,54.0,0.0,0.0,0.0,0.0,0.0,0.0,1.0,0.0,0.0,0.0,0.0,0.0,4.0,1.0,0.0,0.0,0.0,0.0,3.0,1.0,0.0,1.0,0.0,0.0,0.0,9.0,0.0,10.0,23.84855556,127.4621158,25.92878408728518,0.231093802803504,0.229167808988764,0.013266155181048,178.0,-0.2683677005347594,0.0200504129113507,187.0,0.2492510410958904,0.0170813698934186,365.0,3.651478386342845,0.0018144180021988,0.0557428851123413,0.0106380007241693,25.792684581332097,0.6918900443779987,"The NMT1 gene encodes an enzyme involved in the post-translational modification of proteins through N-myristoylation, a process crucial for various cellular functions, including signal transduction and protein localization. Dysregulation of NMT1 has been associated with cancer, as its altered expression can affect the activity and stability of oncogenic proteins. For instance, N-myristoylation impacts the membrane localization and function of several key signaling molecules, such as Ras and Src, which are critical in pathways regulating cell proliferation and survival. Consequently, aberrations in NMT1 expression or activity may contribute to malignant transformation by enhancing oncogenic signaling or impairing tumor suppressor functions, thereby influencing cancer progression and metastasis.",0
OR4E2,942,0.1333333333333333,0.0,0.0,0.7333333333333333,0.0,1.0,0.1333333333333333,0.0,0.9317445267173824,0.0,3.6666666666666665,4.333333333333333,1.0,1.0,0.1995609658750748,0.5211805020909176,658945.9,624.0,0.01951088,0.0,0.0,0.0,0.0,0.0,0.0,0.0,0.0,1.0,1.0,0.0,0.0,0.0,0.0,11.0,0.0,0.0,0.0,0.0,0.0,2.0,0.0,0.0,1.0,0.0,1.0,0.0,13.0,0.0,14.0,17.90984615,44.93549247,21.88701420269522,1.8204614569819408,0.2721291208791208,0.0393904226180074,182.0,-0.2874786249999998,0.0239566119692311,240.0,0.2808586966824646,0.0305930731177747,422.0,0.2756374657548566,0.2509937083085176,0.111514500398345,0.0145173604745375,20.060674391099585,2.322449260305919,"The relationship between the OR4E2 gene and cancer is currently not well established in the scientific literature. However, as a member of the olfactory receptor gene family, OR4E2 primarily functions in the sensory detection of odors rather than directly influencing cancer pathways. Nonetheless, aberrations in olfactory receptors have been suggested to play roles in tumor microenvironment interactions and the modulation of immune responses. Potential mechanisms could include the involvement of OR4E2 in cellular signaling or metabolic processes that indirectly affect tumor growth or progression, but concrete evidence linking OR4E2 specifically to cancer pathogenesis remains limited and requires further investigation.",0
TUBA1B,1356,0.0,0.0,0.0,1.0,0.0,1.0,0.0,0.0,1.0,0.0,5.0,5.0,1.0,1.0,0.0433914779137377,0.1795319022212888,2141275.0,214.0,0.05576991,0.0004459705354655,87.0,0.0,0.0,0.0,0.0,0.0,0.0,0.0,0.0,0.0,0.0,0.0,0.0,5.0,0.0,0.0,0.0,0.0,0.0,0.0,0.0,0.0,0.0,0.0,0.0,0.0,5.0,0.0,5.0,20.206,21.92508,21.88701420269522,1.8204614569819408,0.2154492763157895,0.0111026254650357,152.0,-0.2500941463414634,0.0276999220408636,123.0,0.2309449818181817,0.0187499548652368,275.0,3.959663893576832,0.0030458035912498,0.0426271412926955,0.0087784188872551,20.060674391099585,2.322449260305919,"The TUBA1B gene encodes a member of the α-tubulin family, which is a key component of microtubules, crucial for maintaining cellular structure, facilitating intracellular transport, and enabling cell division. Alterations in TUBA1B expression and function have been implicated in cancer progression through several mechanisms. For instance, aberrations in microtubule dynamics can lead to genomic instability during mitosis, promoting aneuploidy and tumorigenesis. Additionally, changes in TUBA1B expression may affect the organization of the cytoskeleton, influencing cell motility and invasion, thereby facilitating metastasis. Furthermore, TUBA1B is involved in signaling pathways that regulate cell proliferation and differentiation, and its dysregulation may contribute to malignancy by disrupting these essential cellular processes.",0
NKX6-3,408,0.0,0.0,0.0,0.7777777777777778,0.0,1.0,0.2222222222222222,0.0,0.9298966940476158,0.0,7.0,9.0,1.0,1.0,0.0203095170396848,0.0994489151287035,434010.2,533.0,0.03692648,0.0,0.0,0.0,0.0,0.0,0.0,0.0,0.0,1.0,1.0,0.0,0.0,0.0,0.0,11.0,0.0,0.0,0.0,0.0,0.0,5.0,1.0,0.0,1.0,0.0,1.0,0.0,17.0,0.0,16.0,16.74911765,145.6664852,21.88701420269522,1.8204614569819408,0.3610933828996284,0.091592470946349,269.0,-0.2966099065420559,0.034187971261024,214.0,0.3325230641821945,0.0670630755520021,483.0,0.9055469558232528,0.8198236481246327,0.111514500398345,0.0145173604745375,20.060674391099585,2.322449260305919,"The NKX6-3 gene, a member of the NKX family of homeobox transcription factors, has been implicated in various regulatory pathways pertinent to development and tissue homeostasis. While direct associations between NKX6-3 and cancer are not extensively characterized, emerging evidence suggests a potential role in oncogenesis through modulation of cell differentiation and proliferation. Alterations in the expression levels of NKX6-3 may influence tumor microenvironment dynamics, thereby affecting cancer cell behavior. For instance, misregulation of homeobox genes can lead to aberrant signaling pathways, contributing to epithelial-to-mesenchymal transition (EMT) and tumor invasiveness. Further elucidation of NKX6-3’s functional roles in specific cancer types may reveal critical insights into its involvement in cancer pathophysiology.",0
ATP6V0B,618,0.8,0.0,0.0,0.2,0.0,1.0,0.0,0.0,1.0,0.0,0.2,0.2,1.0,1.0,0.8726003490401396,0.9915162463285756,875223.4,214.0,0.03941317,2.5588972672043545e-05,7.0,0.0,0.0,0.0,0.0,0.0,0.0,0.0,0.0,0.0,0.0,0.0,2.0,1.0,0.0,0.0,0.0,0.0,0.0,4.0,0.0,0.0,0.0,0.0,0.0,0.0,7.0,0.0,7.0,13.02185714,24.12621348,21.88701420269522,1.8204614569819408,0.2750662142857142,0.0406501705963566,140.0,-0.2281598684210526,0.0129544590900488,152.0,0.2506492123287669,0.02669017444302,292.0,3.6144113256936095,0.00466619692013,0.0535396718901139,0.0133462721641339,20.060674391099585,2.322449260305919,"Yes, there is a relationship between the ATP6V0B gene and cancer. ATP6V0B encodes a subunit of the V-ATPase, an enzyme complex responsible for acidifying intracellular compartments, which is critical for various cellular processes including protein degradation, nutrient sensing, and cell signaling. Dysregulation of ATP6V0B can lead to altered pH homeostasis and enhanced cancer cell metabolism, promoting tumor growth and progression. Additionally, the V-ATPase complex is implicated in the regulation of autophagy and the metastatic potential of tumor cells, as it influences the release of pro-tumorigenic factors and the modulation of the tumor microenvironment. These mechanisms suggest that ATP6V0B plays a significant role in cancer development and may influence therapeutic outcomes.",0
PODXL2,1818,0.2142857142857142,0.0,0.0,0.6428571428571429,0.0,1.0,0.0714285714285714,0.0714285714285714,1.0000000000000004,0.0,2.25,2.75,1.0,1.0,0.0708616780045351,0.2584343466032054,679357.8,336.0,0.04456161,4.22366344755214e-06,6.0,0.0,0.0,0.0,0.0,0.0,0.0,1.0,0.0,0.0,1.0,0.0,0.0,7.0,0.0,0.0,0.0,0.0,0.0,3.0,1.0,0.0,2.0,0.0,0.0,0.0,11.0,0.0,12.0,14.383,131.1914732,18.92614455518217,5.509979146655954,0.2696502675585285,0.0273925218616731,299.0,-0.2458660000000001,0.0197871665370212,95.0,0.2639154822335025,0.0256075014558737,394.0,3.291638520342705,0.0823954236031218,0.4262807144873606,0.0234978669555874,18.75659078474937,2.1365244426347023,"There is evidence suggesting a relationship between the PODXL2 gene and cancer, as PODXL2 is involved in cellular processes such as cell adhesion, proliferation, and migration, which are critical in tumor progression and metastasis. Alterations in the expression of PODXL2 have been associated with various cancer types, and its upregulation may contribute to tumorigenic properties by enhancing the cancer cells' invasive capabilities and resistance to apoptosis. Additionally, PODXL2 may play a role in modulating the tumor microenvironment and influencing the behaviors of surrounding stromal cells, further promoting a conducive environment for cancer development and progression. Research into the specific molecular pathways and mechanisms mediated by PODXL2 in cancer biology continues to unfold, revealing its potential impact on oncogenesis.",0
FBXO41,2628,0.44,0.0,0.0,0.56,0.0,1.0,0.0,0.0,1.0,0.0,1.1666666666666667,1.1666666666666667,1.0,1.0,0.8278145695364238,0.984243459861443,536943.8,452.0,0.02005581,0.0,1.0,0.0,2.0,0.0,0.0,0.0,0.0,0.0,0.0,0.0,0.0,0.0,0.0,14.0,0.0,0.0,0.0,0.0,0.0,11.0,0.0,0.0,0.0,0.0,0.0,0.0,27.0,0.0,23.0,16.26014815,135.4432306,23.61790490178412,0.2663967453805805,0.2379709691629955,0.0202652587565786,227.0,-0.2150771111111112,0.0140705743982828,45.0,0.2341833823529411,0.0192573338903625,272.0,3.215646164721064,0.0316093504473006,0.0608531815236233,0.0115671338086817,18.828866061772267,6.433287268725159,"The FBXO41 gene encodes a member of the F-box protein family, which is involved in the ubiquitin-proteasome system, a critical pathway for regulating protein degradation and cellular processes. Alterations in FBXO41 expression or function can disrupt normal protein turnover, potentially leading to the accumulation of oncogenic proteins or loss of tumor suppressors. Studies have indicated that FBXO41 may play a role in cell proliferation and survival, suggesting that its dysregulation could contribute to tumorigenesis. Additionally, FBXO41's involvement in modulating key signaling pathways, such as those related to cell cycle progression and apoptosis, further highlights its potential relevance in cancer biology. However, the exact mechanisms linking FBXO41 to specific cancer types require further investigation to elucidate its role in tumorigenesis comprehensively.",0
UTP14C,2301,0.1176470588235294,0.0,0.0,0.7647058823529411,0.0,1.0,0.0588235294117647,0.0588235294117647,1.0,0.0,4.333333333333333,5.0,1.0,1.0,0.4692632566870014,0.824303779031666,385944.8,461.0,0.04090616,9.119175892020184e-06,10.0,0.0,0.0,0.0,0.0,0.0,0.0,1.0,0.0,0.0,0.0,1.0,0.0,13.0,0.0,0.0,0.0,0.0,0.0,2.0,0.0,0.0,1.0,0.0,1.0,0.0,15.0,0.0,14.0,14.48373333,59.62052664,14.65715251225052,0.331010225946894,0.2953410256410255,0.0352134127653928,156.0,-0.3098130303030302,0.0355735503464124,330.0,0.3051676954732511,0.0354308495959153,486.0,0.6849697049402936,1.6334994719527969,0.111514500398345,0.0145173604745375,18.819086547818017,0.8552098396754708,"The UTP14C gene, which is involved in ribosome biogenesis and RNA processing, has been implicated in cancer through its role in cellular growth and proliferation. Dysregulation of ribosome biogenesis is a common feature in various cancers, leading to altered protein synthesis and promoting tumorigenesis. Additionally, UTP14C interacts with various signaling pathways that can influence cell cycle progression and response to stress. The potential overexpression or mutation of UTP14C may contribute to the aberrant regulation of these processes, thereby facilitating cancer cell survival, growth, and metastasis. Further investigation is necessary to elucidate the exact mechanisms by which UTP14C may influence oncogenic pathways.",0
DLX4,723,0.375,0.0,0.0,0.625,0.0,1.0,0.0,0.0,1.0,0.0,1.25,1.25,1.0,1.0,0.5787037037037037,0.8952341842487639,1160590.0,191.0,0.01233952,0.0,1.0,0.0,0.0,0.0,0.0,0.0,0.0,0.0,0.0,0.0,0.0,0.0,3.0,5.0,0.0,0.0,0.0,0.0,0.0,3.0,0.0,0.0,0.0,0.0,0.0,0.0,11.0,0.0,10.0,11.29190909,62.92640029,21.88701420269522,1.8204614569819408,0.2492801442307693,0.0193245040304138,208.0,-0.2511080952380953,0.0183348659292237,147.0,0.2500370704225354,0.0188625721857436,355.0,1.8827518828616776,0.5409382477133993,0.2213072950762347,0.0158648201467165,20.060674391099585,2.322449260305919,"Yes, there is a relationship between the DLX4 gene and cancer. DLX4, a member of the Distal-less homeobox gene family, has been implicated in various malignancies through mechanisms such as dysregulation of gene expression and promotion of epithelial-to-mesenchymal transition (EMT). Overexpression of DLX4 has been observed in several cancer types, where it may facilitate tumor progression by enhancing cell migration and invasion. Additionally, DLX4 can influence pathways related to cell proliferation and survival, potentially through interactions with key oncogenic and tumor suppressor networks. These aberrations contribute to the complexity of cancer biology, highlighting the significance of DLX4 in tumorigenesis and metastasis.",0
SIRT6,1068,0.1818181818181818,0.0,0.0909090909090909,0.5454545454545454,0.0,1.0,0.1818181818181818,0.0,0.8750481154569111,0.0,2.0,3.0,0.3445899379738112,1.0,0.835421888053467,0.9856461374902558,2256881.0,244.0,0.04223166,0.0001464866706848,110.0,0.0,0.0,0.0,0.0,0.0,0.0,1.0,1.0,0.0,0.0,0.0,0.0,6.0,0.0,0.0,0.0,0.0,0.0,2.0,1.0,0.0,1.0,0.0,1.0,0.0,9.0,0.0,11.0,12.55744444,161.2591718,21.734206779376542,0.7097141040978414,0.2508201626016261,0.016203617960629,123.0,-0.2635262453531599,0.0260321847705515,269.0,0.2595393877551019,0.0229337435673991,392.0,3.177871063002333,0.0106075522063814,0.0597230091073411,0.0087200373252102,24.130095241647272,0.5109429448963425,"Yes, there is a relationship between the SIRT6 gene and cancer. SIRT6 is a member of the sirtuin family of proteins, which are known to regulate various cellular processes, including DNA repair, inflammation, and metabolism. Alterations in SIRT6 expression have been implicated in tumorigenesis, where decreased levels may lead to genomic instability and increased susceptibility to cancer. Mechanistically, SIRT6 promotes DNA repair by enhancing the signaling of key proteins involved in the DNA damage response, while also repressing inflammatory pathways that can contribute to a tumorigenic environment. Moreover, SIRT6 has been observed to modulate cellular metabolism, influencing energy homeostasis and oxidative stress, both of which are critical factors in cancer progression. Overall, functional dysregulation of SIRT6 may contribute to the development and progression of various cancers through its diverse roles in maintaining genomic integrity and cellular homeostasis.",0
NRBP2,1506,0.4285714285714285,0.0,0.0,0.5,0.0,1.0,0.0714285714285714,0.0,1.0000000000000004,0.0,1.0,1.1428571428571428,1.0,1.0,0.2392344497607655,0.5814141738125993,2376841.0,247.0,0.02241808,0.0,1.0,2.0,0.0,0.0,0.0,0.0,0.0,0.0,1.0,0.0,0.0,0.0,1.0,5.0,0.0,0.0,0.0,0.0,1.0,6.0,2.0,0.0,1.0,1.0,1.0,0.0,15.0,0.0,17.0,16.36506667,176.2207775,23.04509013192713,1.9433420944830075,0.3603501777777779,0.064720274367897,450.0,-0.255587397260274,0.0226479854611872,73.0,0.3457274569789674,0.0601138328442868,523.0,3.46357364820814,0.0137852136347353,0.0517368252370517,0.012885131141537,22.92997803416965,1.039419945062271,"Yes, there is a relationship between the NRBP2 gene and cancer. NRBP2 (NEDD4-Binding Protein 2) has been implicated in various processes related to tumorigenesis, including cell proliferation, apoptosis, and metastasis. Its involvement in these pathways may be mediated through interactions with ubiquitin-protein ligases, affecting the degradation of key regulatory proteins and thus influencing signaling pathways such as the Wnt/β-catenin and MAPK pathways. Additionally, NRBP2 has been associated with the modulation of epithelial-mesenchymal transition (EMT), a crucial step in cancer progression and metastasis. Dysregulation of NRBP2 expression might therefore contribute to the development and aggressiveness of certain cancers by altering cellular homeostasis and enhancing invasive potential.",0
AKAP14,594,0.5714285714285714,0.0,0.0,0.2857142857142857,0.0,1.0,0.1428571428571428,0.0,1.0,0.0,0.4,0.6,1.0,1.0,0.9496676163342828,0.9987115224613852,772178.2,444.4009897808343,0.03766092,1.5041589687197932e-05,11.0,0.0,0.0,0.0,0.0,0.0,0.0,1.0,0.0,0.0,0.0,0.0,0.0,3.0,0.0,0.0,0.0,0.0,0.0,4.0,0.0,0.0,1.0,1.0,0.0,0.0,6.0,0.0,8.0,3.070333333,41.82581587,16.563258208288264,0.6895384670798773,0.2568431147540982,0.0423545692282346,122.0,-0.28987375,0.0358504495479729,112.0,0.2726526495726497,0.0393476869174131,234.0,1.150783983964805,0.9804617634249804,0.111514500398345,0.0145173604745375,20.060674391099585,2.322449260305919,"The AKAP14 gene encodes a scaffolding protein involved in the regulation of protein kinase A (PKA) signaling pathways. Dysregulation of PKA signaling has been implicated in various cancer types, as it can influence key cellular processes such as proliferation, differentiation, and apoptosis. Studies suggest that AKAP14 may contribute to the spatial and temporal regulation of PKA activity within cells, potentially affecting cell cycle progression and tumorigenesis. Alterations in the expression or function of AKAP14 could disrupt normal cellular signaling, leading to enhanced tumor growth and metastasis. However, the specific role of AKAP14 in cancer biology is still under investigation, and further research is needed to elucidate its precise mechanisms and implications in oncogenesis.",0
MED15,2367,0.4666666666666667,0.0666666666666666,0.0,0.3333333333333333,0.0,1.0,0.0666666666666666,0.0666666666666666,0.9658722633586913,0.0,0.625,1.0,0.6489292667099286,1.0,0.7396449704142012,0.9627107822638848,474816.9,286.0,0.04417135,0.0001568834750188,56.0,0.0,0.0,0.0,0.0,0.0,0.0,1.0,0.0,0.0,1.0,0.0,5.0,5.0,1.0,0.0,0.0,0.0,0.0,7.0,0.0,0.0,2.0,0.0,0.0,0.0,18.0,0.0,17.0,17.79783333,149.2124991,23.592992104123688,0.4812936682704901,0.2997635928143712,0.0660215263123151,167.0,-0.2748684033613444,0.0227350320961741,238.0,0.2851338271604938,0.0406153444954651,404.0,3.4631186966767125,0.0083686682576617,0.0440422021629312,0.0084818287649024,22.05260238302925,0.8933301545213727,"Yes, there is evidence suggesting a relationship between the MED15 gene and cancer. MED15, a subunit of the Mediator complex, plays a crucial role in the regulation of gene expression by serving as a bridge between transcription factors and RNA polymerase II. Dysregulation of MED15 can affect various signaling pathways involved in cellular proliferation, differentiation, and apoptosis. For instance, aberrant MED15 expression has been linked to altered transcriptional activation of oncogenes and suppression of tumor suppressor genes, potentially contributing to the oncogenic process. Additionally, MED15 may interact with specific transcription factors that promote cell growth and survival, further implicating its role in tumorigenesis. Moreover, changes in MED15 expression or function can influence the tumor microenvironment, thereby promoting metastasis and resistance to therapies.",0
MFSD1,1545,0.5,0.125,0.125,0.25,0.0,1.0,0.0,0.0,0.9166666666666666,0.0,0.4,0.8,0.1839587932303164,1.0,0.9124087591240876,0.9960467048593282,181588.0,972.0,0.002467614,0.0,1.0,0.0,0.0,0.0,0.0,0.0,0.0,0.0,0.0,0.0,0.0,0.0,0.0,2.0,1.0,0.0,0.0,0.0,0.0,4.0,0.0,0.0,0.0,0.0,0.0,0.0,7.0,0.0,7.0,16.66057143,227.501412,20.97119735067622,1.1364640232824157,0.3545304709141279,0.0633302257078331,360.0,-0.2452566666666666,0.0204567927483871,63.0,0.3382940330188683,0.0584106261550911,423.0,3.6249641066651095,0.0045430836603438,0.0424725362825089,0.011146966978953,20.060674391099585,2.322449260305919,"The MFSD1 gene, which encodes a member of the Major Facilitator Superfamily, has been implicated in various biological processes, including lipid transport and cellular signaling. Emerging evidence suggests that MFSD1 may play a role in cancer development through its influence on cellular metabolism and proliferation. For instance, alterations in fatty acid transport and signaling mediated by MFSD1 can affect the tumor microenvironment and cellular energy homeostasis, potentially contributing to oncogenic transformation. Additionally, changes in MFSD1 expression levels have been associated with particular cancer types, indicating a possible role in tumor progression or metastasis. However, the precise mechanisms by which MFSD1 influences cancer biology remain to be fully elucidated and warrant further investigation.",0
DEFA5,285,0.0,0.0,0.0,1.0,0.0,1.0,0.0,0.0,1.0,0.0,2.0,2.0,1.0,1.0,0.3918495297805642,0.7589644849069527,124400.4,715.0,-0.003115189,0.0,1.0,0.0,0.0,0.0,0.0,0.0,0.0,0.0,0.0,0.0,0.0,0.0,0.0,2.0,0.0,0.0,0.0,0.0,0.0,0.0,0.0,0.0,0.0,0.0,0.0,0.0,2.0,0.0,2.0,5.909,14.225778,23.67784458761046,10.457077734492662,0.2438104761904762,0.0189137678557714,126.0,-0.3295874407582941,0.0398435762879715,422.0,0.3098649999999999,0.0362930111961608,548.0,0.4424058958301423,0.9799776041951372,0.111514500398345,0.0145173604745375,18.79359458477261,2.5371642506276504,"The DEFA5 gene encodes a member of the defensin family, which produces antimicrobial peptides that play a crucial role in the innate immune response. Emerging studies suggest that defensins, including the products of the DEFA5 gene, may influence tumorigenesis and cancer progression through several mechanisms. These peptides can modulate the tumor microenvironment by exerting anti-inflammatory effects, affecting immune cell recruitment, and altering angiogenesis. Additionally, defensins have been implicated in promoting or inhibiting tumor cell proliferation and migration, potentially through pathways involving inflammatory cytokines or direct interactions with growth factor receptors. Consequently, the expression and activity of DEFA5 may influence cancer susceptibility and progression, making it a potential area of exploration in cancer biology.",0
OSMR,2940,0.3235294117647059,0.0294117647058823,0.0588235294117647,0.5,0.0,1.0,0.088235294117647,0.0,0.9103345091054608,0.0,1.4166666666666667,1.9166666666666667,0.6480881399870383,1.0,0.6605019815059445,0.9344485832333268,193286.2,381.0,-0.01049772,1.974745537310501e-07,4.0,0.0,0.0,0.0,0.0,0.0,0.0,3.0,0.0,0.0,0.0,0.0,2.0,16.0,1.0,0.0,0.0,0.0,0.0,11.0,4.0,0.0,4.0,0.0,0.0,0.0,33.0,0.0,28.0,13.72184848,98.49107745,21.6748299241122,3.546041212560646,0.3357187536231885,0.0573016883365233,345.0,-0.2488224590163935,0.0283977127021857,61.0,0.3226629064039411,0.053844562191038,406.0,3.621741705976576,0.0329302382621595,0.1329518326249545,0.01060564678617,21.35062692120231,2.4120292583054312,"The OSMR gene, which encodes the Oncostatin M receptor, has been implicated in various cancers through its role in the signaling pathways associated with the tumor microenvironment and inflammation. OSMR mediates the effects of oncostatin M, a cytokine involved in cell differentiation, proliferation, and survival. Abnormal activation of oncostatin M signaling through its receptor can influence tumor growth, metastasis, and the recruitment of immune cells, thus creating an environment that may promote cancer pathogenesis. Additionally, dysregulation of OSMR expression has been linked to the modulation of extracellular matrix components, further contributing to tumor progression and invasion. Therefore, the relationship between OSMR and cancer appears to be mediated by its roles in inflammatory signaling, cellular communication within the tumor microenvironment, and the regulation of key pathways involved in cancer biology.",0
DYNAP,633,0.5,0.25,0.0,0.25,0.0,1.0,0.0,0.0,1.0,0.0,0.3333333333333333,0.6666666666666666,0.400320256204964,1.0,0.8203445447087777,0.982798072599782,152163.8,427.0,0.004973682,0.0,0.0,0.0,0.0,0.0,0.0,0.0,0.0,0.0,0.0,0.0,0.0,0.0,4.0,1.0,1.0,0.0,0.0,0.0,0.0,2.0,0.0,0.0,0.0,0.0,0.0,0.0,8.0,0.0,8.0,9.009,83.47988343,21.88701420269522,1.8204614569819408,0.2560067289719627,0.0270846259259918,107.0,-0.2755191959798994,0.0215076837363796,398.0,0.2713848712871286,0.02270164245916,505.0,1.9630130254027407,1.261914268635811,0.111514500398345,0.0145173604745375,20.060674391099585,2.322449260305919,"The DYNAP gene, which encodes a dynamin-like protein involved in mitochondrial dynamics and intracellular trafficking, has been implicated in various cellular processes that may contribute to cancer progression. Alterations in mitochondrial function and dynamics are known to influence apoptosis, energy metabolism, and reactive oxygen species (ROS) production, all of which can affect tumorigenesis. Dysregulation of DYNAP could potentially lead to abnormal cellular proliferation and resistance to cell death, creating an environment conducive to cancer development. Additionally, any perturbations in the interactions between DYNAP and cellular signaling pathways may further contribute to oncogenic processes, highlighting a potential link between DYNAP expression or activity and cancer pathology. However, further research is essential to clarify the specific roles and mechanisms involving DYNAP in cancer biology.",0
NAP1L1,1176,0.0769230769230769,0.0769230769230769,0.0,0.7692307692307693,0.0,1.0,0.0769230769230769,0.0,0.958424899318874,0.0,5.0,6.0,0.6868131868131868,1.0,0.0772916988715411,0.2751714884543047,604083.2,438.0,0.01662291,0.000314389688087,100.0,0.0,0.0,0.0,0.0,0.0,0.0,1.0,0.0,0.0,0.0,0.0,1.0,8.0,1.0,0.0,0.0,0.0,0.0,1.0,2.0,0.0,1.0,0.0,0.0,0.0,13.0,0.0,12.0,26.83846154,71.3575641,27.189673013871083,0.4730376995881927,0.2468419642857141,0.0600522572985136,168.0,-0.2147046376811593,0.0158671909359991,138.0,0.2323486601307187,0.0402648606667234,306.0,3.824045956571258,0.0032425410643099,0.0405115799669067,0.0086388256211504,22.53571533822475,0.7054783250812994,"The NAP1L1 gene, which encodes a nucleosome assembly protein, has been implicated in cancer through its role in chromatin remodeling and regulation of gene expression. Aberrant expression of NAP1L1 can lead to disruptions in nucleosome positioning and gene accessibility, potentially contributing to the dysregulation of oncogenes and tumor suppressor genes. Moreover, its involvement in cell cycle progression and DNA repair mechanisms may influence tumor development and progression. Studies have shown correlations between NAP1L1 expression levels and various cancer types, suggesting that it could play a role in influencing tumorigenesis via mechanisms related to genomic stability, cellular proliferation, and the maintenance of epigenetic landscapes.",0
CARD11,3465,0.3103448275862069,0.0517241379310344,0.0,0.5862068965517241,0.0,1.0,0.0517241379310344,0.0,0.954351181048534,0.0,1.7894736842105263,2.1052631578947367,0.6531678641410843,1.0,0.1171508903467666,0.3683566675257089,635399.8,558.0,0.02412943,1.3015204391005658e-05,21.0,1.0,0.0,0.0,0.0,0.0,0.0,2.0,1.0,0.0,0.0,0.0,0.0,34.0,4.0,0.0,0.0,0.0,0.0,18.0,0.0,0.0,2.0,1.0,1.0,0.0,56.0,0.0,46.0,18.56489286,111.6471885,21.6985816605174,0.7797874350302018,0.2986374129353233,0.0243081858292006,402.0,-0.31120336,0.0482475103821677,125.0,0.3016179506641366,0.0299340874965527,527.0,3.2080416093578457,0.0594589546866925,0.1830601932642077,0.0459449544117774,22.6248703052567,1.3097886844765934,"Yes, there is a relationship between the CARD11 gene and cancer. CARD11 encodes a protein that plays a crucial role in the signaling pathways of lymphocyte activation, particularly in the assembly of the для the NF-κB signaling complex, which is essential for immune responses and cell proliferation. Mutations or dysregulation of CARD11 can lead to constitutive activation of NF-κB, promoting uncontrolled cell growth and survival, a hallmark of cancer. This aberrant signaling has been implicated in various lymphoid malignancies, including diffuse large B-cell lymphoma (DLBCL), where CARD11 mutations are often found, suggesting that its alteration can contribute to tumorigenesis by disrupting normal cellular signaling and leading to oncogenic transformation.",0
C1QTNF6,837,0.2857142857142857,0.0,0.0,0.7142857142857143,0.0,1.0,0.0,0.0,1.0,0.0,1.6666666666666667,1.6666666666666667,1.0,1.0,0.2397506593143131,0.5821519576156338,668970.8,289.0,0.05345842,0.0,1.0,0.0,0.0,0.0,0.0,0.0,0.0,0.0,0.0,0.0,0.0,0.0,0.0,5.0,0.0,0.0,0.0,0.0,0.0,1.0,1.0,0.0,0.0,0.0,0.0,0.0,7.0,0.0,7.0,22.20142857,70.00374762,19.886589607847046,2.401513450292437,0.2492762307692308,0.0536248775554502,130.0,-0.2907592418772564,0.0248913061889159,277.0,0.2775091400491401,0.0343346401586182,407.0,3.268832410816406,0.0190572787358869,0.111514500398345,0.0145173604745375,20.060674391099585,2.322449260305919,"Yes, there is a relationship between the C1QTNF6 gene and cancer. C1QTNF6, which encodes a protein involved in various cellular processes, has been implicated in tumorigenesis and cancer progression. It is believed to influence the tumor microenvironment, modulating immune responses and altering cellular signaling pathways. Dysregulation of C1QTNF6 expression can impact cell proliferation, apoptosis, and metastasis, potentially leading to enhanced cancer cell survival and growth. Additionally, interactions with other signaling molecules may affect angiogenesis and immune evasion strategies used by tumors, thereby contributing to the overall complexity of cancer development.",0
AKIRIN2,612,0.2857142857142857,0.0,0.0,0.5714285714285714,0.0,1.0,0.1428571428571428,0.0,1.0,0.0,1.3333333333333333,1.6666666666666667,1.0,1.0,0.8976660682226212,0.9945755309740504,235637.8,346.0,0.03326923,3.9672808716187735e-06,5.0,0.0,0.0,0.0,0.0,0.0,0.0,1.0,0.0,0.0,0.0,0.0,0.0,4.0,0.0,0.0,0.0,0.0,0.0,2.0,0.0,0.0,1.0,0.0,0.0,0.0,6.0,0.0,7.0,17.5105,43.3877055,17.423904795283214,2.460105441782792,0.2179141739130433,0.0131558598052326,115.0,-0.2704968253968255,0.0256421380010371,252.0,0.2540199727520436,0.0222794442603817,367.0,3.342754350297614,0.0051596175545579,0.0476733489234554,0.009996693920182,19.9808964483784,2.0833027633733727,"The AKIRIN2 gene has been implicated in various cellular processes, including immune response and inflammation, which are also relevant to cancer development. It may influence tumorigenesis through mechanisms such as modulation of gene expression involved in cell proliferation and apoptosis. For instance, dysregulation of AKIRIN2 could impact pathways that promote tumor growth or metastasis, potentially through its interaction with transcription factors or by affecting the immune microenvironment. Additionally, alterations in the expression or function of AKIRIN2 in specific cancer types could be linked to changes in signaling pathways that contribute to oncogenic processes. However, the specific relationship between AKIRIN2 and cancer remains an area requiring further investigation to elucidate these potential mechanisms.",0
HSPB1,618,0.0,0.0,0.0,1.0,0.0,1.0,0.0,0.0,1.0,0.0,2.0,2.0,1.0,1.0,0.8244023083264633,0.9835916157971254,850567.7,195.0,0.0526243,0.0078018200497764,393.0,0.0,0.0,0.0,0.0,0.0,0.0,0.0,0.0,0.0,0.0,0.0,0.0,2.0,0.0,0.0,0.0,0.0,0.0,0.0,0.0,0.0,0.0,0.0,0.0,0.0,2.0,0.0,2.0,15.035,19.03445,30.40312698602258,0.4109048029437055,0.2978270136986304,0.0242455988990245,365.0,-0.2459406481481481,0.0205506469463049,108.0,0.2859798097251588,0.0238319613823789,473.0,3.70309179457767,0.0165089981908431,0.0594613603057494,0.0097543663787155,30.85242373609626,0.6414123921348583,"Yes, there is a relationship between the HSPB1 gene and cancer. HSPB1 encodes a member of the small heat shock protein family, which plays a critical role in cellular stress responses, including protecting cells from apoptosis and promoting cell survival under adverse conditions. In various cancer types, HSPB1 is often upregulated, contributing to tumorigenesis by enhancing cellular proliferation, migration, and resistance to chemotherapy. Mechanistically, HSPB1 can interact with key signaling pathways and proteins involved in cell cycle regulation, apoptosis, and the response to oxidative stress. Its overexpression may lead to the stabilization of oncogenic proteins and prevention of proteotoxicity, ultimately supporting a more aggressive cancer phenotype and facilitating tumor progression.",0
C11ORF96,369,0.0,0.0,0.0,1.0,0.0,1.0,0.0,0.0,1.0,0.0,1.0,1.0,1.0,1.0,0.113986093696569,0.3615272795105717,649122.9543319192,444.4009897808343,0.0198885680771551,0.0,0.0,10.0,0.0,1.0,0.0,0.0,0.0,0.0,0.0,0.0,0.0,0.0,0.0,4.0,0.0,0.0,0.0,0.0,0.0,3.0,1.0,0.0,1.0,0.0,0.0,0.0,18.0,0.0,18.0,11.32816667,37.19372274,23.873284646971264,1.2725062321350238,0.2247610416666666,0.027440475447159,144.0,-0.2652239473684211,0.0219271277896131,152.0,0.2455392905405403,0.0249357696405119,296.0,3.168246426317513,0.0653154264646014,0.0581788516705776,0.0145210413705648,20.060674391099585,2.322449260305919,"The relationship between the C11ORF96 gene and cancer is currently not well-established, but emerging evidence suggests potential relevance. C11ORF96 may play a role in cellular processes such as apoptosis, cell proliferation, and DNA repair, which are critical for maintaining genomic stability. Dysregulation of these processes could contribute to tumorigenesis. Additionally, the expression levels of C11ORF96 have been linked to various cancer types, hinting at its possible involvement in cancer pathways. Further research is necessary to elucidate the mechanisms through which C11ORF96 might influence cancer development and progression.",0
CADM2,1314,0.1818181818181818,0.0909090909090909,0.0,0.5909090909090909,0.0,1.0,0.0909090909090909,0.0454545454545454,0.9184567911936088,0.0,2.6,3.6,0.5370569280343717,1.0,0.198373338623289,0.5192629389209473,8466.885,1155.0,-0.01912722,0.0,1.0,0.0,0.0,0.0,0.0,0.0,0.0,2.0,0.0,0.0,1.0,0.0,1.0,12.0,2.0,0.0,0.0,0.0,0.0,4.0,1.0,0.0,3.0,0.0,0.0,0.0,20.0,0.0,22.0,25.0212,92.04850259,22.53564218763833,30.498957342877333,0.2676097752808988,0.0399540416982543,176.0,-0.2859330937500002,0.0320020953286432,320.0,0.2793837951807228,0.0348469524207789,495.0,1.934832789418449,1.0670196634216802,0.2415824578581309,0.0327043131538993,21.05968570580636,0.5197226273416019,"The CADM2 gene, part of the clustered adhesion molecule family, has been implicated in various cellular processes, including adhesion and signaling pathways that can influence cell proliferation and differentiation. Alterations in CADM2 expression or function may affect tumor microenvironment interactions and cell communication, potentially leading to enhanced tumorigenesis or metastasis. Additionally, since CADM2 interacts with other signaling pathways involved in cancer, such as those modulating immune responses or cellular morphology, its dysregulation could contribute to the overall malignancy and progression of certain cancers, although the precise mechanisms and relationships remain an active area of research.",0
CLDN12,735,0.0,0.0,0.0,1.0,0.0,1.0,0.0,0.0,1.0,0.0,3.0,3.0,1.0,1.0,0.5324813631522897,0.8680550483418911,140224.3,1085.0,-0.007586004,1.6641239122643058e-06,4.0,0.0,0.0,0.0,0.0,0.0,0.0,0.0,0.0,0.0,0.0,0.0,0.0,3.0,0.0,0.0,0.0,0.0,0.0,0.0,0.0,0.0,0.0,0.0,0.0,0.0,3.0,0.0,3.0,23.33333333,0.803333333,18.135369052579595,1.4220665667519332,0.3049081728395065,0.0307582474644749,405.0,-0.2368786567164179,0.0123425815299864,67.0,0.2952514406779664,0.0286772912892151,472.0,3.560033986402756,0.0072249405810291,0.111514500398345,0.0145173604745375,21.594919433761422,1.2578498630332755,"The CLDN12 gene encodes claudin-12, a tight junction protein involved in maintaining the integrity of epithelial barriers. Emerging research suggests a potential relationship between CLDN12 expression and cancer. Dysregulation of claudin proteins, including CLDN12, has been implicated in cancer progression through mechanisms such as alterations in cell adhesion, increased cell migration, and reduced barrier function, which can facilitate metastasis. Additionally, aberrant expression of CLDN12 may influence the tumor microenvironment and contribute to changes in signaling pathways that promote tumorigenesis. However, the precise role of CLDN12 in various cancer types requires further investigation to elucidate its functional mechanisms and implications in cancer biology.",0
LITAF,486,1.0,0.0,0.0,0.0,0.0,1.0,0.0,0.0,1.0,0.0,0.0,0.0,1.0,1.0,1.0,1.0,649938.6,209.0,0.03003128,2.358675252361814e-05,12.0,14.0,0.0,0.0,0.0,0.0,0.0,0.0,0.0,0.0,0.0,0.0,0.0,0.0,0.0,0.0,0.0,0.0,0.0,1.0,0.0,0.0,3.0,0.0,1.0,0.0,11.0,0.0,14.0,8.425818182,31.40981196,23.1975275412052,0.804572817409745,0.2418785353535354,0.0211482077810926,198.0,-0.2430494696969696,0.0186749407974265,132.0,0.242346909090909,0.0200994612992318,330.0,3.672678552372156,0.0047806274933883,0.0698799128787068,0.0114060641450772,20.060674391099585,2.322449260305919,"The LITAF gene, also known as Lipopolysaccharide-Induced TNF-α Factor, is implicated in the regulation of inflammatory responses and has been associated with various cellular processes, including apoptosis and immune response modulation. Dysregulation of LITAF may influence tumor microenvironments and immune surveillance, contributing to tumor progression. Specifically, LITAF's role in the induction of pro-inflammatory cytokines could facilitate an environment conducive to cancer development by promoting chronic inflammation, which is a recognized factor in tumorigenesis. Furthermore, its involvement in the regulation of apoptotic pathways might also affect tumor cell survival, suggesting that aberrations in LITAF expression or function could have direct implications for cancer pathophysiology.",0
HTR1D,1134,0.1666666666666666,0.0,0.0,0.8333333333333334,0.0,1.0,0.0,0.0,1.0,0.0,2.5,2.5,1.0,1.0,0.5035246727089627,0.849004313002508,956629.8,169.0,0.01010427,4.181148316232333e-07,3.0,0.0,0.0,0.0,0.0,0.0,0.0,0.0,0.0,0.0,0.0,0.0,0.0,5.0,0.0,0.0,0.0,0.0,0.0,1.0,0.0,0.0,0.0,0.0,0.0,0.0,6.0,0.0,5.0,17.32183333,66.57842017,21.88701420269522,1.8204614569819408,0.2047840425531914,0.0122183215576755,94.0,-0.2567654411764704,0.017765351840395,272.0,0.2434150273224043,0.01682047934178,366.0,2.14774371802554,0.5260151906426384,0.111514500398345,0.0145173604745375,20.060674391099585,2.322449260305919,"The HTR1D gene encodes the serotonin receptor 1D, which plays a role in neurotransmission and can influence various physiological processes. While direct evidence linking HTR1D to cancer is limited, serotonin and its receptors, including HTR1D, have been implicated in tumor biology through mechanisms such as modulation of cell proliferation, apoptosis, and angiogenesis. Serotonin signaling can affect the tumor microenvironment, potentially influencing the behavior of cancer cells and the immune response. Dysregulation of serotonergic pathways may therefore contribute to cancer progression and metastasis, although the specific roles of HTR1D in these processes remain to be fully elucidated. Further research is necessary to uncover any direct associations between HTR1D expression and specific cancer types or outcomes.",0
C10ORF88,1338,0.0909090909090909,0.0909090909090909,0.0,0.6363636363636364,0.0,1.0,0.1818181818181818,0.0,0.8750481154569111,0.0,3.5,5.0,0.4347826086956521,1.0,0.4873294346978557,0.8376291068754985,282373.8,619.0,0.0128408999999999,3.2968612169571223e-06,6.0,0.0,0.0,0.0,0.0,0.0,0.0,2.0,0.0,0.0,0.0,0.0,0.0,7.0,1.0,0.0,0.0,0.0,0.0,1.0,0.0,0.0,2.0,0.0,0.0,0.0,9.0,0.0,11.0,17.99044444,113.1654468,19.201166079807265,1.4182592589001164,0.2352523770491802,0.0214023318959558,122.0,-0.3337107665505228,0.0464441190036061,287.0,0.3043417603911983,0.040937736723364,409.0,3.209240044036883,0.0039279925874851,0.0519005418956765,0.0084161826902165,20.060674391099585,2.322449260305919,"The C10ORF88 gene has been implicated in various types of cancer, although its precise role remains under investigation. Research suggests that C10ORF88 may influence pathways related to cell proliferation, apoptosis, and immune response, all of which are critical in tumorigenesis. Alterations in the expression or function of this gene could potentially lead to dysregulation of cell cycle control and promote an environment conducive to cancer development. Additionally, its interaction with other molecular pathways may contribute to the tumor microenvironment, further impacting cancer progression and metastasis. Overall, while a direct causal relationship has not been firmly established, emerging evidence points to its potential involvement in cancer-related processes.",0
FANCE,1611,0.2,0.1,0.0,0.6,0.0,1.0,0.1,0.0,0.939794000867204,0.0,2.0,2.6666666666666665,0.5817335660267597,1.0,0.00475,0.030160650639444,683460.2,280.0,0.03642929,3.7844775746080896e-05,17.0,0.0,0.0,0.0,0.0,0.0,0.0,0.0,1.0,0.0,0.0,0.0,0.0,6.0,1.0,0.0,0.0,0.0,0.0,2.0,0.0,0.0,0.0,0.0,1.0,0.0,9.0,0.0,10.0,21.16633333,94.4011605,19.192610964622315,2.497982592291184,0.2449698305084745,0.0178613242073574,177.0,-0.2447052898550724,0.0171780135243679,138.0,0.2448539365079364,0.017506325923308,315.0,3.1262606727427533,0.0295111049533217,0.0270107521939475,0.0017991877252066,19.564130971907435,1.7616678481971375,"The FANCE gene, involved in DNA repair and cellular response to genotoxic stress, has been implicated in various cancers, particularly due to its role in the Fanconi anemia pathway. Mutations or altered expression of FANCE can lead to defective DNA crosslink repair, resulting in genomic instability, a hallmark of cancer progression. This impairment may contribute to increased susceptibility to malignancies, as defective repair mechanisms can allow the accumulation of genetic mutations and chromosomal abnormalities. Additionally, aberrant FANCE activity may influence cell cycle regulation and apoptosis, further promoting oncogenesis. Thus, the relationship between the FANCE gene and cancer appears to be linked to its critical functions in maintaining genomic integrity and regulating cellular responses to DNA damage.",0
TMEM60,402,0.0833333333333333,0.0,0.0,0.0833333333333333,0.0,1.0,0.8333333333333334,0.0,0.2278096599757276,0.0,0.5,5.5,1.0,1.0,0.7776049766718507,0.9732011087211724,253753.8,795.0,0.02796925,0.0,0.0,0.0,0.0,0.0,0.0,0.0,0.0,8.0,2.0,0.0,0.0,0.0,0.0,1.0,0.0,0.0,0.0,0.0,0.0,1.0,0.0,0.0,8.0,0.0,2.0,0.0,2.0,0.0,12.0,17.275,30.81125,21.88701420269522,1.8204614569819408,0.2954142708333336,0.0257775447284486,384.0,-0.2538659493670885,0.0219812354192794,79.0,0.2883250323974085,0.0253256312583863,463.0,3.2677421646747824,0.0073841457499579,0.0696370341425809,0.0180137132040568,20.060674391099585,2.322449260305919,"The TMEM60 gene has been implicated in various cellular processes, including those related to membrane dynamics and potentially influencing signal transduction pathways that could affect cancer progression. While direct evidence linking TMEM60 to specific cancer types is limited, alterations in genes associated with cellular membrane integrity and intercellular communication are often observed in tumorigenesis. For instance, dysregulation of membrane proteins can lead to aberrant signaling, increased cell proliferation, and altered apoptosis, all of which are hallmarks of cancer. Additionally, any changes in the expression of TMEM60 in cancer cells could potentially affect their interactions with the tumor microenvironment, influencing metastasis and tumor growth. However, more research is needed to clarify the exact role and mechanisms through which TMEM60 may contribute to cancer biology.",0
LRRC8B,2412,0.1578947368421052,0.1052631578947368,0.0,0.5789473684210527,0.0,1.0,0.1578947368421052,0.0,0.8561572184913415,0.0,2.75,4.0,0.2962962962962963,1.0,0.1199040767386091,0.3742282034017569,360067.0,647.0,0.004605502,0.0,1.0,0.0,0.0,0.0,0.0,0.0,0.0,2.0,1.0,0.0,0.0,0.0,0.0,11.0,2.0,0.0,0.0,0.0,0.0,3.0,0.0,0.0,2.0,0.0,1.0,0.0,16.0,0.0,13.0,23.2343125,74.4713749,19.545261878723423,9.168381885446133,0.2046098260869565,0.0111956083736537,115.0,-0.2339171232876714,0.0123088316737966,219.0,0.2238262874251496,0.0120852572132024,333.0,3.4831750626238502,0.0085110326666998,0.0545970446964382,0.0060524728147371,18.36805908207782,2.0043588042633464,"The LRRC8B gene encodes a protein that is a part of the LRRC8 family of proteins, which form volume-regulated anion channels involved in various cellular processes, including cell volume regulation and apoptosis. Dysregulation of these channels has been implicated in cancer biology, as altered cell volume can influence tumor cell proliferation, metastasis, and resistance to therapy. Furthermore, LRRC8B may play a role in modulating the tumor microenvironment and influencing immune cell functions. While direct associations between LRRC8B and specific cancer types are still being investigated, its involvement in mechanisms such as cellular stress responses and ion homeostasis suggests a potential relevance to oncogenic processes and tumor progression. More research is needed to elucidate the precise roles and pathways involved.",0
IPP,1755,0.1538461538461538,0.2307692307692307,0.0,0.5384615384615384,0.0,1.0,0.0769230769230769,0.0,0.8336995972754957,0.0,2.333333333333333,3.6666666666666665,0.1463700234192037,1.0,0.5050505050505051,0.8500489114679008,972927.7,146.0,0.02900655,7.381657121299335e-07,4.0,0.0,0.0,0.0,0.0,0.0,0.0,0.0,1.0,0.0,0.0,0.0,0.0,7.0,3.0,0.0,0.0,0.0,0.0,2.0,0.0,0.0,0.0,0.0,1.0,0.0,12.0,0.0,12.0,25.83266667,97.14429624,16.58311679497223,0.6698467068811627,0.253419296875,0.0326537850223363,128.0,-0.2429008928571429,0.0199944658884196,168.0,0.2474493918918916,0.0254038783623408,295.0,3.304387715003496,0.0045770053825533,0.0324751193136111,0.0055039938288726,17.484639096399178,2.1181949122645527,"Yes, there is a relationship between the IPP gene and cancer. The IPP gene, which is involved in the biosynthesis of isoprenoids, has been implicated in various cancer types through its role in regulating cell proliferation, differentiation, and apoptosis. Alterations in the expression of the IPP gene can lead to dysregulated lipid metabolism, affecting membrane fluidity and signaling pathways associated with tumorigenesis. Furthermore, the intermediates produced by the IPP pathway can enhance the activation of oncogenic signals, contribute to the stabilization of oncoproteins, and modulate the immune response within the tumor microenvironment, potentially impacting cancer progression and metastasis.",0
HENMT1,1182,0.1,0.1,0.0,0.8,0.0,1.0,0.0,0.0,0.9397940008672035,0.0,4.0,4.5,0.6226650062266501,1.0,0.731528895391368,0.9602184036150786,679610.4,225.0,0.002897072,0.0,1.0,0.0,0.0,0.0,0.0,0.0,0.0,0.0,0.0,0.0,0.0,0.0,1.0,8.0,1.0,0.0,0.0,0.0,0.0,1.0,0.0,0.0,0.0,0.0,0.0,0.0,11.0,0.0,11.0,15.65345455,97.20937787,16.8152194661847,3.094259065047832,0.2018393043478261,0.0105127490907398,115.0,-0.2387625000000001,0.015038709284632,232.0,0.2265257060518729,0.013806987970237,347.0,3.146904895085692,0.0519334002059082,0.2132422237692416,0.0516211591369812,20.060674391099585,2.322449260305919,"The HENMT1 gene encodes a methyltransferase involved in the methylation of certain RNA species. Emerging evidence suggests that aberrant RNA methylation can influence key cellular processes such as gene expression regulation, alternative splicing, and the stability of RNA molecules. Dysregulation of these processes may contribute to oncogenesis by promoting uncontrolled cell proliferation, evasion of apoptosis, and enhanced metastatic potential. Furthermore, altered RNA methylation patterns have been implicated in various tumor types, potentially offering insights into the mechanisms of tumorigenesis and providing a molecular context for the role of HENMT1 in cancer. Research is ongoing to elucidate the precise relationship between HENMT1 activity and cancer development.",0
CSPG5,1701,0.3571428571428571,0.0,0.0,0.6428571428571429,0.0,1.0,0.0,0.0,1.0,0.0,1.5,1.5,1.0,1.0,0.142836737608913,0.4208045987708985,888050.8,200.0,0.03501364,5.359435792783015e-07,2.0,0.0,0.0,0.0,0.0,0.0,0.0,0.0,0.0,0.0,0.0,0.0,0.0,9.0,0.0,0.0,0.0,0.0,0.0,5.0,0.0,0.0,0.0,0.0,0.0,0.0,14.0,0.0,13.0,18.23064286,75.89842502,23.99018434523247,0.4266277596598141,0.2096983962264151,0.012995060596451,106.0,-0.279797517564403,0.0238987148557948,427.0,0.2658566041275796,0.0224861237600629,533.0,2.583811164941148,0.2914184953075578,0.1555358441260099,0.0129324395524351,21.41109151933552,5.31265348737152,"Yes, there is a relationship between the CSPG5 gene and cancer. CSPG5 encodes a chondroitin sulfate proteoglycan that can influence cellular behavior through its role in the extracellular matrix and cell signaling pathways. Alterations in CSPG5 expression may affect tumor microenvironment interactions, thereby promoting tumor growth and metastasis. Moreover, CSPG5 may modulate cell adhesion, migration, and proliferation through its interactions with other extracellular matrix components and growth factor signaling, potentially leading to oncogenic processes. Additionally, abnormal CSPG5 levels have been associated with specific cancer types, suggesting its possible involvement in tumorigenesis and cancer progression. Further studies are warranted to elucidate the precise molecular mechanisms underlying its role in different malignancies.",0
ARF4,543,1.0,0.0,0.0,0.0,0.0,1.0,0.0,0.0,1.0,0.0,0.0,0.0,1.0,1.0,1.0,1.0,703082.2,422.0,0.02919426,8.080287408248642e-05,43.0,0.0,0.0,0.0,0.0,0.0,0.0,0.0,0.0,0.0,0.0,0.0,0.0,0.0,0.0,0.0,0.0,0.0,0.0,2.0,0.0,0.0,0.0,0.0,0.0,0.0,2.0,0.0,2.0,10.0535,0.0271445,27.164095568605443,0.6440247598010004,0.2187034482758621,0.0168251342471364,116.0,-0.2818366826923079,0.0221607727793304,416.0,0.2680707894736843,0.0216443515123699,532.0,3.7018388024678575,0.0088712515371228,0.0791124218413956,0.0078427918338354,20.766969121833608,1.2536547926804873,"The ARF4 gene, part of the ADP-ribosylation factor family, plays a role in the regulation of intracellular trafficking and Golgi dynamics. Altered expression or mutations in ARF4 have been implicated in various cancers, potentially through mechanisms involving dysregulation of vesicle transport and secretion of proteins that influence cell proliferation, migration, and invasion. For instance, aberrant ARF4 signaling might affect the distribution of oncogenic and tumor-suppressive factors, thereby contributing to an altered tumor microenvironment. Additionally, its involvement in modulating the epithelial-mesenchymal transition (EMT) could link ARF4 to metastatic processes in cancer pathogenesis. Overall, while direct evidence linking ARF4 to specific cancer types is still being elucidated, its functional roles suggest that it may contribute to tumorigenesis through these cellular mechanisms.",0
IGFL4,375,0.3333333333333333,0.0,0.0,0.6666666666666666,0.0,1.0,0.0,0.0,1.0,0.0,1.0,1.0,1.0,1.0,0.2125398512221041,0.5416845426221771,997099.2,261.0,0.03060247,0.0,0.0,0.0,0.0,0.0,0.0,0.0,0.0,0.0,0.0,0.0,0.0,0.0,0.0,2.0,0.0,0.0,0.0,0.0,0.0,1.0,0.0,0.0,0.0,0.0,0.0,0.0,3.0,0.0,3.0,6.946666667,63.08334433,21.88701420269522,1.8204614569819408,0.2430484146341463,0.0225966950514589,164.0,-0.2697438285714285,0.0258986306053727,175.0,0.256829233038348,0.0244081541467472,339.0,1.0926536600268235,0.7615775954634428,0.1377739919570335,0.0058624800531364,20.060674391099585,2.322449260305919,"The IGFL4 gene (insulin-like growth factor-like 4) has been implicated in various cancer-related processes, potentially contributing to tumor progression and metastatic behavior. This gene is involved in regulating cellular proliferation and differentiation, which can alter normal homeostatic mechanisms in tissues. Studies suggest that IGFL4 may interact with the insulin-like growth factor signaling pathways, which are known to influence cancer cell survival, apoptosis, and angiogenesis. Additionally, dysregulation of IGFL4 expression has been observed in certain malignancies, hinting at its potential role as a biomarker or modulator of cancer-related pathways, although the precise mechanisms by which IGFL4 contributes to tumorigenesis remain to be fully elucidated.",0
SMIM24,393,0.4,0.0,0.0,0.6,0.0,1.0,0.0,0.0,1.0,0.0,1.0,1.0,1.0,1.0,0.51440329218107,0.8563517006369585,649122.9543319192,444.4009897808343,0.0198885680771551,0.0,0.0,0.0,0.0,0.0,0.0,0.0,0.0,0.0,0.0,0.0,0.0,0.0,0.0,3.0,0.0,0.0,0.0,0.0,0.0,2.0,0.0,0.0,0.0,0.0,0.0,0.0,5.0,0.0,5.0,10.797,99.951773,21.88701420269522,1.8204614569819408,0.2638164016874681,0.0370683991865753,190.13201675643327,-0.2623792743604192,0.0349935889004216,187.6534410532616,0.2724842722630945,0.0397860230283488,377.6466786355476,2.842285090327978,0.2097717354995392,0.111514500398345,0.0145173604745375,20.060674391099585,2.322449260305919,"The SMIM24 gene, which encodes a small integral membrane protein, has been implicated in various biological processes, including cell proliferation and apoptosis. Although direct associations between SMIM24 and specific cancer types are not well-established, alterations in the expression or function of SMIM24 may influence tumorigenesis through mechanisms such as modulation of cellular stress responses, impacts on cell signaling pathways, and alterations in membrane dynamics. These changes could potentially affect the cellular environment conducive to tumor progression or contribute to the malignant phenotype, warranting further investigation to elucidate any direct links between SMIM24 and cancer pathways.",0
BOLA3,324,0.0,0.0,0.0,1.0,0.0,1.0,0.0,0.0,1.0,0.0,2.0,2.0,1.0,1.0,0.1573069057731634,0.4482549265304819,1023516.0,250.0,0.03807649,7.230375448209769e-07,4.0,0.0,0.0,0.0,0.0,0.0,0.0,0.0,0.0,0.0,0.0,0.0,0.0,2.0,0.0,0.0,0.0,0.0,0.0,0.0,0.0,0.0,0.0,0.0,0.0,0.0,2.0,0.0,2.0,20.045,39.69405,23.08411897164518,0.7053403662536,0.2406206578947367,0.0203831448995652,228.0,-0.2127902222222223,0.0131767012567676,45.0,0.2360332234432234,0.0192494763814829,273.0,3.21004170382637,0.0140536767750723,0.0442592706982056,0.0044675028916789,20.060674391099585,2.322449260305919,"The BOLA3 gene has been implicated in various cellular processes, including the regulation of intracellular copper levels, which can impact oxidative stress and cellular signaling pathways relevant to cancer development. Alterations in the expression or function of BOLA3 may influence tumorigenesis through mechanisms such as oxidative damage, modulation of apoptosis, and impact on the immune response. Additionally, given its role in metalloprotein biology, dysregulation of BOLA3 could affect tumor microenvironment interactions and metastatic potential, although the specific contributions to cancer phenotypes remain to be fully elucidated. More research is needed to clarify the exact relationship between BOLA3 and various cancer types.",0
COMMD3-BMI1,1410,0.0,0.0,0.3333333333333333,0.3333333333333333,0.0,1.0,0.3333333333333333,0.0,0.5793801642856949,0.0,1.0,3.0,0.4716981132075472,1.0,0.8733624454148472,0.9916197703110944,649122.9543319192,444.4009897808343,0.0198885680771551,0.0,0.0,0.0,0.0,0.0,0.0,0.0,0.0,1.0,0.0,0.0,0.0,0.0,0.0,1.0,0.0,0.0,0.0,0.0,0.0,0.0,1.0,0.0,1.0,0.0,0.0,0.0,2.0,0.0,3.0,24.55,36.125,21.88701420269522,1.8204614569819408,0.2685456521739129,0.0289415895605204,138.0,-0.338767634854772,0.0775660030464661,241.0,0.3131986807387864,0.06088241968344,379.0,3.1443231599846992,0.3041796899240333,0.0561857967964637,0.0035255373639511,20.060674391099585,2.322449260305919,"Yes, there is evidence suggesting a relationship between COMMD3 and BMI1 in the context of cancer. COMMD3 is known to interact with BMI1, a member of the Polycomb group proteins that play pivotal roles in regulating gene expression through chromatin remodeling. BMI1 is implicated in cancer by promoting cellular proliferation and contributing to self-renewal capabilities of stem cells, which can lead to tumorigenesis. The interaction between COMMD3 and BMI1 may influence the stability and activity of BMI1, thereby potentially enhancing its oncogenic properties. In addition, COMMD3 has been linked to the regulation of cellular processes such as apoptosis and inflammatory responses, further suggesting its role in modulating cancer progression through BMI1-mediated pathways. Overall, the interplay between COMMD3 and BMI1 underscores a complex network in cancer biology that warrants further investigation.",0
CNTN6,3087,0.1014492753623188,0.0434782608695652,0.0,0.7681159420289855,0.0,1.0,0.0869565217391304,0.0,0.9275677802673904,0.0,6.625,7.75,0.9587727708533078,1.0,0.3855050115651503,0.7529688072067279,6599.423000000001,831.0,-0.0234979999999999,0.0,0.0,0.0,0.0,7.0,0.0,1.0,0.0,6.0,0.0,0.0,0.0,0.0,1.0,52.0,3.0,0.0,0.0,0.0,0.0,6.0,3.0,0.0,7.0,1.0,0.0,0.0,71.0,0.0,53.0,20.05608451,84.31320416,16.130883132845824,0.3105268381118997,0.2634671851851851,0.0264859384964952,135.0,-0.2742959230769232,0.0192995088123848,386.0,0.2715113904761901,0.0211228708898567,520.0,1.873653139760873,0.7315226193619176,0.111514500398345,0.0145173604745375,20.060674391099585,2.322449260305919,"The CNTN6 gene, which encodes a member of the contactin family of proteins, has been implicated in various neurodevelopmental processes and cellular interactions, but its direct relationship with cancer is not well established. However, alterations in adhesion molecules, like those encoded by CNTN6, can potentially influence tumor progression and metastasis through mechanisms involving changes in cell-cell interactions and the tumor microenvironment. For instance, aberrant expression of contactin proteins may disrupt normal signaling pathways that regulate cellular proliferation and apoptosis, potentially contributing to tumorigenesis. Additionally, dysregulated adhesion may enhance the invasive properties of cancer cells, thereby facilitating metastasis. The exploration of the CNTN6 gene in the context of cancer remains an area for further investigation, as understanding its role may shed light on the complex molecular dynamics of tumor biology.",0
OSM,759,0.3333333333333333,0.0,0.0,0.5555555555555556,0.0,1.0,0.1111111111111111,0.0,1.0,0.0,1.25,1.5,1.0,1.0,0.2194907813871817,0.5523364893733398,548674.2,211.0,0.04320424,5.564097976005232e-05,9.0,0.0,0.0,2.0,0.0,0.0,0.0,1.0,0.0,0.0,0.0,0.0,0.0,5.0,0.0,0.0,0.0,0.0,0.0,3.0,0.0,0.0,1.0,0.0,0.0,0.0,10.0,0.0,10.0,10.1842,74.35797684,21.88701420269522,1.8204614569819408,0.2777907407407408,0.052101936993477,135.0,-0.2893505681818181,0.0247312283422614,264.0,0.2854393483709275,0.0339143438442979,399.0,2.9605825415216085,0.098493299651354,0.111514500398345,0.0145173604745375,20.060674391099585,2.322449260305919,"The OSM (Oncostatin M) gene encodes a cytokine that plays a significant role in inflammatory responses and cancer biology. It is implicated in various tumorigenic processes, including the stimulation of cell proliferation, survival, and differentiation in specific cancer types. OSM can influence the tumor microenvironment by modulating the immune response and promoting angiogenesis. Moreover, through its interaction with the JAK/STAT signaling pathway, OSM can alter gene expression related to cell growth and apoptosis, potentially contributing to cancer progression. Dysregulation of OSM signaling has been observed in certain malignancies, suggesting a complex relationship that may impact tumor development and metastasis.",0
WDR12,1272,0.3333333333333333,0.0,0.0,0.6666666666666666,0.0,1.0,0.0,0.0,1.0,0.0,1.3333333333333333,1.3333333333333333,1.0,1.0,0.9633911368015414,0.9993215652636772,596746.4,392.0,0.03067166,0.0001089435872924,60.0,0.0,0.0,0.0,0.0,0.0,0.0,0.0,0.0,0.0,0.0,0.0,0.0,4.0,0.0,0.0,0.0,0.0,0.0,2.0,0.0,0.0,0.0,0.0,0.0,0.0,6.0,0.0,6.0,14.57066667,28.77419467,24.618298499626693,0.2237840626356488,0.2275207185628741,0.0303587930308058,167.0,-0.2436249019607843,0.0196918874866239,102.0,0.2336271375464683,0.0262868017690146,269.0,3.484369955833252,0.0044476145104182,0.0435453719901101,0.0103197486663631,18.88055946803802,2.1278814713604786,"The WDR12 gene encodes a protein that is part of the WD-repeat protein family, which is involved in various cellular processes, including the regulation of gene expression and ribosome biogenesis. Aberrant expression or mutation of WDR12 has been implicated in certain cancer types. Potential mechanisms include its role in the regulation of spliceosomal complexes, which may lead to alterations in mRNA splicing that contribute to oncogenesis. Additionally, WDR12 is thought to be involved in the modulation of cell cycle progression and apoptosis, processes commonly dysregulated in cancer. These disruptions may foster an environment conducive to tumorigenesis, highlighting the gene's possible relevance in cancer biology. Further research is needed to elucidate the full spectrum of its involvement in oncogenic pathways.",0
HELB,3264,0.1935483870967742,0.0,0.0,0.7741935483870968,0.0,1.0,0.032258064516129,0.0,1.0,0.0,3.4285714285714284,3.571428571428572,1.0,1.0,0.0763242253091131,0.272688512464485,237928.2,773.0,0.005354795,7.502396063088996e-08,4.0,0.0,0.0,0.0,0.0,0.0,0.0,1.0,0.0,0.0,0.0,0.0,0.0,24.0,0.0,0.0,0.0,0.0,0.0,6.0,0.0,0.0,1.0,0.0,0.0,0.0,30.0,0.0,27.0,14.14603333,77.43140376,18.214840594370187,2.009861324319681,0.3255979781420763,0.1503854176920435,183.0,-0.2102478494623655,0.0161769393453249,93.0,0.2867299999999999,0.1079232416327272,276.0,3.2024506937037205,0.043781843295477,0.111514500398345,0.0145173604745375,18.79955217667153,1.3038532596254808,"The HELB gene encodes a helicase that plays a crucial role in DNA replication and repair. Its relation to cancer may stem from its involvement in maintaining genomic stability; impaired function or dysregulation of HELB can potentially lead to the accumulation of DNA damage and mutations. This could initiate or promote oncogenic processes, as cells gain growth advantages through alterations in their DNA repair pathways. Additionally, aberrations in helicase activity, such as those attributed to the HELB gene, can affect the response to replication stress, often seen in tumorigenesis. Thus, while a direct causal relationship with specific cancer types may not be fully established, mechanisms related to genome integrity suggest a plausible link between HELB and cancer progression.",0
LGSN,1530,0.1538461538461538,0.0,0.0384615384615384,0.8076923076923077,0.0,1.0,0.0,0.0,0.9672698379148672,0.0,4.2,4.4,0.8726003490401396,1.0,0.0389802759803539,0.1654595581538028,255424.5,359.0,-0.009287915,0.0,1.0,0.0,0.0,0.0,0.0,0.0,0.0,0.0,0.0,0.0,0.0,0.0,3.0,21.0,0.0,0.0,0.0,0.0,1.0,4.0,1.0,0.0,0.0,0.0,0.0,0.0,30.0,0.0,25.0,17.14256667,75.76455763,23.24706778901789,2.783163769974724,0.2445588095238096,0.0223342554093527,168.0,-0.2634377707006368,0.0278281090456393,157.0,0.2536788000000001,0.0249997877266419,325.0,1.8941654491356643,1.0526780162661866,0.111514500398345,0.0145173604745375,20.060674391099585,2.322449260305919,"The relationship between the LGSN gene and cancer is not well established in the current literature, but some evidence suggests potential involvement in tumorigenesis. LGSN may influence cellular processes such as proliferation, apoptosis, and cell signaling pathways, which are crucial in cancer development and progression. For example, dysregulation of genes involved in synaptic function, like LGSN, could affect neuronal microenvironments and their interactions with surrounding tissues, potentially contributing to cancer-related signaling cascades. Further research is required to elucidate the specific mechanisms and implications of LGSN in various cancer types.",0
MPV17,531,0.2222222222222222,0.0,0.0,0.7777777777777778,0.0,1.0,0.0,0.0,1.0,0.0,2.333333333333333,2.333333333333333,1.0,1.0,0.6788866259334692,0.9418201883777958,1245306.0,182.0,0.05165094,6.673715934548957e-05,48.0,0.0,0.0,0.0,0.0,0.0,0.0,0.0,0.0,0.0,0.0,0.0,3.0,8.0,1.0,0.0,0.0,0.0,0.0,1.0,0.0,0.0,2.0,1.0,0.0,0.0,10.0,0.0,11.0,19.529,51.37367667,24.215468684815622,0.7076325530375477,0.2481724888888886,0.0233226750741349,225.0,-0.213067794117647,0.0160797945099868,68.0,0.2400253242320816,0.0218012886564869,293.0,3.4198350632532573,0.0040407567650271,0.111514500398345,0.0145173604745375,20.060674391099585,2.322449260305919,"The relationship between the MPV17 gene and cancer is not entirely elucidated, but some studies suggest a potential link through its role in mitochondrial function. MPV17 is implicated in processes such as mitochondrial DNA maintenance and oxidative stress response. Dysregulation of mitochondrial dynamics can lead to altered apoptosis, promoting tumorigenesis. Additionally, impaired mitochondrial function can result in the accumulation of reactive oxygen species, which may induce genomic instability and facilitate cancer progression. Therefore, while direct evidence connecting MPV17 to specific cancer types is limited, its involvement in critical cellular processes hints at a potential relevance to cancer biology.",0
TFRC,2283,0.0526315789473684,0.0526315789473684,0.0,0.8947368421052632,0.0,1.0,0.0,0.0,1.0,0.0,8.5,9.0,0.7621951219512195,1.0,0.5924170616113744,0.9025736944157378,959124.5,170.0,0.05240137,0.0003833491480429,54.0,0.0,0.0,0.0,0.0,0.0,0.0,0.0,0.0,0.0,0.0,0.0,0.0,17.0,1.0,0.0,0.0,0.0,0.0,1.0,1.0,0.0,1.0,0.0,0.0,0.0,19.0,0.0,20.0,17.56905263,97.90141705,26.15984309667932,0.7429848478881632,0.3679779661016953,0.0731329154802707,354.0,-0.2959543820224719,0.0327069799703523,89.0,0.353508216704289,0.0657535275545049,443.0,3.800854301660323,0.0130364009745034,0.0288544291286461,0.0070977884181164,22.682921804610704,2.063087107030486,"The relationship between the TFRC gene, which encodes the transferrin receptor, and cancer is an area of ongoing research. TFRC is essential for cellular iron uptake, and its overexpression is often observed in various cancer types, facilitating increased iron availability needed for rapid cell proliferation and survival. Elevated levels of TFRC may promote tumor growth by enhancing mitochondrial function and reactive oxygen species production, which can drive oncogenic signaling pathways. Additionally, the regulation of TFRC may be linked to the hypoxic tumor microenvironment, where altered iron metabolism can contribute to adaptation and progression of cancer cells. Thus, dysregulation of TFRC might play a significant role in the hallmarks of cancer, including uncontrolled proliferation and resistance to cell death.",0
ZNF487,1347,0.25,0.25,0.0,0.5,0.0,1.0,0.0,0.0,1.0,0.0,1.0,1.5,0.1757469244288225,1.0,0.9140767824497258,0.9961980840948716,649122.9543319192,444.4009897808343,0.0198885680771551,0.0,0.0,6.0,0.0,0.0,0.0,0.0,0.0,0.0,0.0,0.0,0.0,0.0,0.0,2.0,1.0,0.0,0.0,0.0,0.0,1.0,0.0,0.0,1.0,0.0,0.0,0.0,9.0,0.0,10.0,9.006444444,81.70148603,21.88701420269522,1.8204614569819408,0.2355003278688525,0.0207857104279907,122.0,-0.3291133189655173,0.0521989668421835,232.0,0.2968512146892657,0.0432682934418631,354.0,3.0187733047779264,0.0159910872206119,0.0434529880843409,0.0071107445490144,20.060674391099585,2.322449260305919,"The ZNF487 gene encodes a zinc finger protein that is believed to play a role in transcriptional regulation and may have implications in cancer biology. Alterations in the expression levels of ZNF487 have been observed in various cancer types, suggesting that it could be involved in tumorigenesis. Potential mechanisms include the regulation of genes associated with cell proliferation, apoptosis, and differentiation, which are critical processes in cancer development. Additionally, ZNF487 may interact with other signaling pathways or transcription factors, influencing the tumor microenvironment and cancer cell behavior through modulation of gene expression profiles. However, the precise molecular functions and pathways mediated by ZNF487 in cancer remain to be fully elucidated, necessitating further research to determine its specific roles.",0
CSN1S1,558,0.0,0.0,0.0909090909090909,0.8181818181818182,0.0,1.0,0.0,0.0,0.9474427588512933,0.0909090909090909,9.0,11.0,0.5238344683080147,1.0,0.4539264639128461,0.8124466944258766,9743.923,991.0,-0.0001092929,0.0001171237144376,14.0,0.0,0.0,0.0,0.0,0.0,0.0,0.0,0.0,0.0,0.0,0.0,1.0,9.0,0.0,1.0,0.0,0.0,0.0,0.0,1.0,0.0,0.0,0.0,0.0,0.0,12.0,0.0,12.0,11.455,65.53808982,18.599372016773994,2.478092180267772,0.2496835483870968,0.0343011312019407,124.0,-0.232966896551724,0.0159439689007169,203.0,0.2393059327217127,0.0228872154916887,327.0,0.3428051691198609,0.4830447337302994,0.111514500398345,0.0145173604745375,17.970695380023855,2.8354833697705386,"The CSN1S1 gene, which encodes a protein associated with the regulation of various physiological processes, has been implicated in cancer through its potential role in cellular signaling and stress response mechanisms. Alterations in the expression of CSN1S1 have been observed in certain cancer types, suggesting that it may influence tumor growth and progression. One proposed mechanism involves its interaction with the cellular stress response pathways, where it may modulate the balance between cell survival and apoptosis under stress conditions, potentially enabling cancer cells to thrive despite unfavorable environments. Additionally, its involvement in immune response regulation could impact tumor microenvironment dynamics, further contributing to cancer development and progression. However, the exact mechanisms and clinical relevance in specific cancers remain an area of ongoing research.",0
SALL4,3162,0.375,0.0833333333333333,0.0,0.375,0.0,1.0,0.1666666666666666,0.0,0.8590521459927658,0.0,0.9,1.5,0.1606167683906199,1.0,0.9891196834817012,0.9999405935097274,166845.8,214.0,-0.009377531,3.1938543895471274e-06,3.0,0.0,0.0,0.0,0.0,0.0,0.0,4.0,0.0,0.0,0.0,0.0,8.0,9.0,2.0,0.0,0.0,0.0,0.0,9.0,0.0,0.0,4.0,0.0,0.0,0.0,28.0,0.0,29.0,14.68457143,134.9110058,15.936644036773062,1.2031334801300229,0.3452531420765028,0.0515267100583195,366.0,-0.2094433333333333,0.0125439068113207,54.0,0.3277918809523809,0.0485441825480049,420.0,2.9397712676844585,0.1236669280994474,0.7427882976506365,0.0584104427896146,15.572657196895054,2.3279869600086305,"Yes, there is a relationship between the SALL4 gene and cancer. SALL4, a transcription factor that plays a crucial role in embryonic stem cell maintenance and differentiation, has been implicated in various malignancies, including leukemia and solid tumors. Its aberrant expression can lead to enhanced cellular proliferation, survival, and stemness properties, contributing to tumorigenesis and cancer progression. Mechanistically, SALL4 may interact with key signaling pathways and downstream target genes involved in cell cycle regulation, apoptosis, and epithelial-mesenchymal transition (EMT), thereby promoting an aggressive cancer phenotype. Moreover, SALL4's role in maintaining pluripotent stem cell-like characteristics in cancer cells has been associated with increased metastasis and resistance to conventional therapies. This connection underscores the importance of SALL4 in both the initiation and progression of certain cancers.",0
E2F3,1398,0.2727272727272727,0.0,0.0,0.7272727272727273,0.0,1.0,0.0,0.0,1.0000000000000002,0.0,2.0,2.0,1.0,1.0,0.5586592178770949,0.883919340699812,138711.5,568.0,0.006956063,5.527419283343928e-05,31.0,0.0,0.0,0.0,0.0,0.0,0.0,0.0,0.0,0.0,0.0,0.0,0.0,8.0,0.0,0.0,0.0,0.0,0.0,3.0,0.0,0.0,0.0,0.0,0.0,0.0,11.0,0.0,10.0,20.86009091,42.16877809,20.055082394427867,1.668293385801017,0.2728995108695652,0.0364172239445681,184.0,-0.248548201438849,0.020301075780075,139.0,0.2624201547987616,0.029543026929479,323.0,3.4254491129853872,0.0069017416766327,0.0746701566538515,0.0168915147901259,18.207527147018407,2.935400354499619,"Yes, there is a relationship between the E2F3 gene and cancer. E2F3 is a member of the E2F transcription factor family, which plays a crucial role in the regulation of the cell cycle and the control of gene expression related to cell proliferation. Dysregulation of E2F3 can lead to uncontrolled cell growth and contribute to oncogenesis. In various cancers, overexpression of E2F3 has been observed, often correlating with increased cellular proliferation and poor prognosis. Mechanistically, E2F3 promotes the transcription of genes essential for progression through the G1/S phase of the cell cycle and may interact with various oncogenic pathways, including those involving cyclins and cyclin-dependent kinases. Additionally, E2F3 can influence apoptotic pathways and DNA damage response mechanisms, further enhancing its role in tumor development and progression.",0
PLCZ1,1827,0.25,0.1,0.0,0.55,0.0,1.0,0.1,0.0,0.8843108934201204,0.0,1.8333333333333333,2.5,0.4716981132075472,1.0,0.5903187721369539,0.9014714263458457,82406.54,911.0,-0.02878834,1.582911357192659e-06,6.0,0.0,0.0,3.0,0.0,0.0,1.0,1.0,1.0,0.0,0.0,0.0,1.0,12.0,2.0,0.0,0.0,0.0,0.0,5.0,0.0,0.0,2.0,0.0,1.0,0.0,23.0,0.0,18.0,19.02126087,133.3978618,17.998175695156643,0.4501380665686701,0.3262196218487395,0.075773191673696,238.0,-0.2815840163934425,0.0719597965382806,122.0,0.311093111111111,0.0747244425557536,360.0,0.7484139219806671,0.819467937265469,0.111514500398345,0.0145173604745375,20.060674391099585,2.322449260305919,"The PLCZ1 gene encodes phospholipase C zeta, an enzyme primarily involved in the process of oocyte activation and intracellular signaling. Although its direct role in cancer is not well established, there is emerging evidence suggesting that PLCZ1 may influence tumorigenesis through its involvement in calcium signaling pathways and lipid metabolism, which are critical in cellular proliferation and differentiation. Dysregulation of calcium signaling has been implicated in various cancer types, and altered PLCZ1 expression or function could potentially lead to aberrant signaling cascades that promote oncogenic processes, such as enhanced cell survival, migration, and invasion. Further studies are needed to elucidate the precise relationship between PLCZ1 and cancer progression.",0
TUBB4A,1335,0.2272727272727272,0.0,0.0,0.6818181818181818,0.1363636363636363,0.9188632257835574,0.0909090909090909,0.0,0.9311480997434252,0.0,2.5,2.833333333333333,1.0,0.042022572936138,0.0236613586352128,0.0078684420145526,851007.5,212.0,0.02696796,8.266642338374732e-05,46.0,0.0,0.0,0.0,0.0,0.0,0.0,1.0,1.0,0.0,0.0,0.0,0.0,15.0,0.0,0.0,0.0,0.0,0.0,5.0,0.0,0.0,1.0,0.0,1.0,0.0,20.0,0.0,21.0,22.3199,100.4410426,22.47143553947719,6.350841344995806,0.2534577443609023,0.0207849537751765,133.0,-0.252281387755102,0.0203917375718367,245.0,0.2526952910052909,0.0204756423231246,378.0,1.8620286063608336,0.9285199551811018,0.0454286894629217,0.0092833113410561,19.38143814371852,12.067936990831097,"Yes, there is a relationship between the TUBB4A gene and cancer. TUBB4A encodes a beta-tubulin protein that is integral to the microtubule component of the cytoskeleton, influencing cell shape, division, and motility. Mutations or dysregulation of TUBB4A can result in aberrant microtubule dynamics, which may lead to improper mitotic spindle formation and ultimately genomic instability. Such genomic instability is a hallmark of cancer, potentially facilitating tumorigenesis. Additionally, alterations in TUBB4A expression levels have been associated with various malignancies, suggesting that changes in microtubule dynamics might contribute to the invasive and metastatic behavior of cancer cells.",0
DKKL1,729,0.4285714285714285,0.0,0.0,0.5714285714285714,0.0,1.0,0.0,0.0,1.0,0.0,1.0,1.0,1.0,1.0,0.5162622612287042,0.8575840910814966,2183690.0,309.0,0.02984428,7.010096999343793e-06,4.0,0.0,0.0,0.0,0.0,0.0,0.0,0.0,0.0,0.0,0.0,0.0,0.0,4.0,0.0,0.0,0.0,0.0,0.0,3.0,0.0,0.0,0.0,0.0,0.0,0.0,7.0,0.0,7.0,15.11985714,76.67518414,21.88701420269522,1.8204614569819408,0.259036742857143,0.0319382861197898,175.0,-0.2630617058823529,0.0208981906343508,170.0,0.2610200579710146,0.0264257354267408,345.0,1.4805648140493823,0.5964573472781441,0.1545070465216636,0.0150107556969847,20.060674391099585,2.322449260305919,"The DKKL1 gene has been implicated in cancer biology, primarily through its role in the Wnt signaling pathway, which is critical for cell proliferation, differentiation, and apoptosis. Dysregulation of this pathway is commonly associated with various malignancies. DKKL1 functions as a modulator of Wnt signaling, potentially influencing tumor growth and metastasis. Research suggests that altered expression of DKKL1 may contribute to oncogenic processes by affecting the balance between cell signaling pathways that promote tumorigenesis and those that suppress it. Additionally, DKKL1's interactions with other genetic and molecular factors could further elucidate its role in the tumor microenvironment and cancer progression.",0
CDK2,897,0.5,0.0,0.25,0.25,0.0,1.0,0.0,0.0,1.0,0.0,0.3333333333333333,0.6666666666666666,0.3572704537334763,1.0,0.9775171065493646,0.9997453440561967,2080397.0,229.0,0.03105502,0.0067890746017899,603.0,0.0,0.0,0.0,0.0,0.0,0.0,0.0,0.0,0.0,0.0,0.0,1.0,1.0,0.0,0.0,0.0,0.0,0.0,2.0,1.0,0.0,0.0,0.0,0.0,0.0,5.0,0.0,5.0,18.6212,93.2463472,23.58008847468992,1.037870549067307,0.246654131736527,0.029189034405115,167.0,-0.2263166037735849,0.0188107525369272,106.0,0.238757509157509,0.0251740020489199,273.0,3.4448557288728443,0.0065101906156739,0.0703101289964811,0.0084698689319032,18.76398612233345,3.607862466364805,"Yes, there is a relationship between the CDK2 gene and cancer. CDK2 (Cyclin-Dependent Kinase 2) plays a critical role in cell cycle regulation, primarily facilitating the transition from the G1 phase to the S phase and progression through the G2 phase. Dysregulation of CDK2 activity can lead to unchecked cellular proliferation, a hallmark of cancer. Overexpression or aberrant activation of CDK2 has been implicated in various cancers, as it may promote genomic instability and contribute to the loss of cell cycle checkpoints. Additionally, CDK2 interacts with multiple signaling pathways and regulatory proteins, such as cyclins, which can further influence tumorigenesis. These mechanisms underscore the importance of CDK2 in maintaining cellular homeostasis, where its dysregulation can facilitate cancer progression.",0
DEDD2,981,0.0,0.0,0.0,1.0,0.0,1.0,0.0,0.0,1.0,0.0,5.0,5.0,1.0,1.0,0.2413127413127413,0.5843777762927563,790786.8,299.0,0.0368695,1.1127745489977193e-05,14.0,0.0,0.0,0.0,0.0,0.0,0.0,0.0,0.0,0.0,0.0,0.0,0.0,5.0,0.0,0.0,0.0,0.0,0.0,0.0,0.0,0.0,0.0,0.0,0.0,0.0,5.0,0.0,5.0,24.84,7.988,21.88701420269522,1.8204614569819408,0.2756088481675395,0.0315247732712978,191.0,-0.2440666887417219,0.0169477047076291,151.0,0.2616823391812866,0.0252661689487644,342.0,3.378928894211136,0.0057805734751458,0.0613021393059372,0.0174116897645425,20.060674391099585,2.322449260305919,"Currently, the relationship between the DEDD2 gene and cancer is not well-established or understood. However, DEDD2 is known to be involved in various cellular processes, including apoptosis and cell cycle regulation. It may play a role in pathways that, when dysregulated, contribute to tumorigenesis. Potential mechanisms could involve alterations in apoptotic signaling or aberrations in cell proliferation that may affect cancer cell survival and metastasis. Further investigation is needed to clarify any direct links between DEDD2 and specific cancers.",0
MRPL20,450,0.3333333333333333,0.3333333333333333,0.0,0.3333333333333333,0.0,1.0,0.0,0.0,1.0,0.0,0.5,1.0,0.275178866263071,1.0,0.6934812760055479,0.9473169478937292,1736268.0,273.0,0.02767526,5.047607636267135e-05,28.0,0.0,0.0,0.0,0.0,0.0,0.0,0.0,0.0,0.0,0.0,0.0,1.0,1.0,1.0,0.0,0.0,0.0,0.0,1.0,0.0,0.0,0.0,0.0,0.0,0.0,4.0,0.0,4.0,20.57125,298.5322729,23.574447325460103,0.5381387518876926,0.2655802564102564,0.0336437865887267,117.0,-0.251120127118644,0.0162509395842391,236.0,0.2559128611898017,0.021982970697188,353.0,3.5078862792333,0.0047116750524685,0.0478083929955276,0.0083749859629522,20.060674391099585,2.322449260305919,"The MRPL20 gene encodes a mitochondrial ribosomal protein that is involved in mitochondrial protein synthesis. Emerging research suggests a potential connection between MRPL20 and cancer through its role in regulating mitochondrial function and apoptosis. Alterations in mitochondrial dynamics and the dysregulation of protein synthesis have been implicated in tumorigenesis. Specifically, the contribution of MRPL20 to mitochondrial ribosome assembly could affect the expression of oncogenic proteins or tumor suppressors, thereby influencing cell growth, proliferation, and survival. Additionally, mitochondrial dysfunction often leads to altered metabolic pathways, which can promote the Warburg effect and contribute to a more favorable environment for cancer cell survival and proliferation. Further studies are needed to elucidate the precise mechanisms linking MRPL20 to cancer biology.",0
USP17L17,1593,0.3333333333333333,0.0,0.0,0.6666666666666666,0.0,1.0,0.0,0.0,1.0,0.0,1.0,1.0,1.0,1.0,0.5470459518599562,0.8770363638030406,649122.9543319192,444.4009897808343,0.0198885680771551,0.0,0.0,0.0,0.0,0.0,0.0,0.0,0.0,0.0,0.0,0.0,0.0,0.0,0.0,2.0,0.0,0.0,0.0,0.0,0.0,1.0,0.0,0.0,0.0,0.0,0.0,0.0,3.0,0.0,3.0,8.354,43.332028,21.88701420269522,1.8204614569819408,0.2638164016874681,0.0370683991865753,190.13201675643327,-0.2623792743604192,0.0349935889004216,187.6534410532616,0.2724842722630945,0.0397860230283488,377.6466786355476,0.3523181613715669,0.560270952260561,0.111514500398345,0.0145173604745375,20.060674391099585,2.322449260305919,"The relationship between the USP17L17 gene and cancer is not extensively characterized, but emerging evidence suggests potential roles in tumor biology. USP17L17 is a member of the ubiquitin-specific protease family, which is involved in the regulation of protein degradation pathways through the ubiquitin-proteasome system. Dysregulation of ubiquitination has been implicated in cancer progression, as it can affect various cellular processes, including cell cycle regulation, apoptosis, and signal transduction. Additionally, changes in the expression levels of deubiquitinating enzymes like USP17L17 could influence the stability and availability of oncogenic or tumor-suppressor proteins, potentially contributing to tumorigenesis. While direct associations with specific cancer types remain to be elucidated, the gene's functional implications warrant further investigation in the context of cancer biology.",0
ACBD7,267,0.3333333333333333,0.0,0.0,0.3333333333333333,0.0,1.0,0.3333333333333333,0.0,1.0,0.0,0.5,1.0,1.0,1.0,0.5931198102016607,0.9029411978527068,254899.8,620.0,0.020916,0.0,0.0,0.0,0.0,0.0,0.0,0.0,0.0,1.0,0.0,0.0,0.0,0.0,0.0,1.0,0.0,0.0,0.0,0.0,0.0,1.0,1.0,0.0,1.0,0.0,1.0,0.0,2.0,0.0,4.0,17.63,102.8178,21.88381524343148,3.80249674853726,0.2988481944444443,0.0559417023953185,144.0,-0.3381564462809919,0.0469849910495593,242.0,0.3234922279792748,0.0505520547628154,386.0,3.11267155923156,0.0556376321307483,0.0648231186421226,0.0103256432845406,19.15275120411675,2.123664803925602,"The ACBD7 gene, which encodes an adaptor protein involved in various cellular processes, has been implicated in cancer through several potential mechanisms. One of the proposed pathways involves ACBD7's role in regulating lipid metabolism and membrane trafficking, which can influence cell proliferation and survival. Dysregulation of these processes may contribute to cancer cell growth and metastasis. Additionally, ACBD7 has been linked to the modulation of signaling pathways, including those involved in cell survival and apoptosis. Its interactions with other proteins suggest a potential role in sustaining oncogenic signaling, thereby promoting tumorigenesis. Further research is necessary to clarify the precise contributions of ACBD7 in different cancer contexts.",0
PIH1D2,948,0.25,0.0,0.0,0.75,0.0,1.0,0.0,0.0,1.0,0.0,1.5,1.5,1.0,1.0,0.9569377990430622,0.9990592204945208,389805.0,179.0,0.03130896,9.3031985769771e-06,13.0,0.0,0.0,0.0,0.0,0.0,0.0,0.0,0.0,0.0,0.0,0.0,0.0,3.0,0.0,0.0,0.0,0.0,0.0,1.0,0.0,0.0,0.0,0.0,0.0,0.0,4.0,0.0,4.0,12.76,14.72506667,17.724872928182428,4.744182109084937,0.2090489719626167,0.015026613631952,107.0,-0.2769590178571429,0.0197039839254884,224.0,0.2550062235649548,0.019153794182968,331.0,2.798139337108834,0.0493905268627773,0.0557100691894407,0.0031119614512805,20.060674391099585,2.322449260305919,"The PIH1D2 gene has been implicated in various cellular processes, including the regulation of the proteasome and the maintenance of protein homeostasis, both of which are crucial for cellular function and integrity. Dysregulation of these processes can lead to the accumulation of misfolded or damaged proteins, contributing to genomic instability and tumorigenesis. Additionally, PIH1D2 is involved in the assembly and function of the RNA polymerase II complex, which plays a critical role in gene expression. Abnormalities in transcriptional regulation can affect key pathways involved in cell cycle control and apoptosis, further facilitating cancer development. While direct associations between PIH1D2 and specific cancer types still require further investigation, its involvement in these fundamental cellular processes suggests potential relevance in cancer biology.",0
TMPO,2085,0.238095238095238,0.0476190476190476,0.0,0.5238095238095238,0.0,1.0,0.1904761904761904,0.0,0.8741347745667981,0.0,1.8333333333333333,2.6666666666666665,0.7547169811320755,1.0,0.5319148936170213,0.8676977536392858,487754.5,218.0,0.02142465,0.000170821502273,57.0,0.0,0.0,0.0,0.0,0.0,0.0,3.0,1.0,0.0,0.0,0.0,0.0,15.0,3.0,0.0,0.0,0.0,0.0,6.0,0.0,0.0,3.0,0.0,1.0,0.0,24.0,0.0,23.0,20.95875,68.37039437,27.005908388207004,0.2870662738664419,0.2205458955223881,0.0129418372830265,134.0,-0.2189243537414966,0.0144550322905041,147.0,0.2196976156583629,0.0136852978317946,281.0,3.6903428221839225,0.0054666675003213,0.0355258776793903,0.0078914275131774,27.172744118754377,2.6951033241934006,"The TMPO gene encodes the lamina-associated protein which plays a crucial role in maintaining nuclear architecture and regulating gene expression. Alterations in TMPO expression or function have been implicated in various cancers, as disruptions in nuclear stability can lead to genomic instability, a hallmark of cancer biology. The protein may influence the cellular response to stress and apoptosis, with aberrant signaling pathways potentially promoting tumorigenesis. Furthermore, TMPO interacts with other proteins involved in the cell cycle and apoptosis, suggesting that its dysregulation could affect multiple oncogenic processes, including cell proliferation and survival. Therefore, understanding the precise role of TMPO in cancer remains an important area of investigation.",0
NAPEPLD,1182,0.3,0.1,0.1,0.3,0.0,1.0,0.2,0.0,0.7591760034688151,0.0,0.75,1.75,0.142836737608913,1.0,0.7457121551081283,0.9645157377326932,594756.5,579.0,0.03419964,0.0,1.0,0.0,0.0,2.0,0.0,0.0,0.0,1.0,1.0,0.0,0.0,0.0,0.0,3.0,1.0,0.0,0.0,0.0,0.0,3.0,1.0,0.0,1.0,0.0,1.0,0.0,10.0,0.0,10.0,18.0496,227.006192,20.96311978548953,2.65338518095762,0.3306481914893618,0.0505275206372539,376.0,-0.2405921978021978,0.0162978171995604,91.0,0.3130998072805137,0.0450833273941687,467.0,3.4445847011938606,0.0062308787977089,0.0680039838684301,0.0077726831818482,19.44132735201812,4.782991183135908,"The NAPEPLD gene encodes a protein involved in the metabolism of N-acyl phosphatidylethanolamines (NAPEs), which are lipid signaling molecules that play a role in various physiological processes. Emerging evidence suggests that alterations in lipid metabolism, including those involving NAPEPLD, may influence cancer progression by affecting cell proliferation, apoptosis, and inflammation. Specifically, dysregulation of NAPEPLD could lead to altered bioavailability of specific lipid mediators that modulate tumor microenvironments and cellular signaling pathways. As such, the potential relationship between NAPEPLD and cancer may be mediated through its impact on lipid signaling pathways that are critical in tumor biology. However, the precise mechanisms and their clinical significance are still under investigation.",0
MAPK8IP3,4011,0.2592592592592592,0.0,0.0,0.7037037037037037,0.0,1.0,0.0,0.037037037037037,1.0000000000000002,0.0,2.375,2.5,1.0,1.0,0.0938967136150234,0.316015013347928,1598087.0,288.0,0.03637994,1.1194303348414918e-05,24.0,1.0,0.0,0.0,0.0,0.0,0.0,0.0,0.0,0.0,0.0,0.0,1.0,18.0,0.0,0.0,0.0,0.0,0.0,7.0,1.0,0.0,0.0,0.0,1.0,0.0,27.0,0.0,26.0,19.2117037,94.99860522,21.46497740750251,2.430271430583345,0.246172,0.0178339394663316,200.0,-0.2419683116883116,0.0183235671474577,153.0,0.2443432768361581,0.0179999920787503,353.0,3.5352047163997216,0.013729229425222,0.035286647418253,0.0088540791221405,22.98185154588221,1.7288978056184434,"The MAPK8IP3 gene, also known as JIP3, has been implicated in various cellular processes, including mitogen-activated protein kinase (MAPK) signaling pathways, which are often dysregulated in cancer. This gene encodes a protein that acts as a scaffold, facilitating the interaction between MAPK signaling components and thereby influencing cellular responses to growth factors and stress stimuli. Abnormal expression or mutations in MAPK8IP3 could potentially alter these signaling cascades, leading to enhanced cell proliferation, survival, and migration—the hallmark features of cancer progression. Additionally, its role in regulating apoptosis might contribute to the evasion of programmed cell death, a critical mechanism in tumor development and resistance to therapy. Thus, MAPK8IP3 may play a significant role in cancer biology through its influence on key signaling pathways.",0
CHRNA6,1485,0.3846153846153846,0.0,0.0,0.6153846153846154,0.0,1.0,0.0,0.0,1.0000000000000002,0.0,1.3333333333333333,1.3333333333333333,1.0,1.0,0.7949125596184421,0.9773634008571136,594392.7,454.0,0.03393152,0.0,0.0,0.0,0.0,0.0,0.0,0.0,0.0,0.0,0.0,0.0,0.0,0.0,0.0,8.0,0.0,0.0,0.0,0.0,0.0,5.0,0.0,0.0,0.0,0.0,0.0,0.0,13.0,0.0,11.0,11.41007692,110.5342199,21.88701420269522,1.8204614569819408,0.3231710687022904,0.06625140289234,262.0,-0.2998917010309277,0.0347771819603039,194.0,0.3132671271929825,0.0528879523893112,456.0,2.161828346012912,0.3119729223961259,0.111514500398345,0.0145173604745375,20.060674391099585,2.322449260305919,"The CHRNA6 gene encodes a subunit of the nicotinic acetylcholine receptor, which is involved in neurotransmission and has been implicated in various neurobiological processes. While direct associations between CHRNA6 and cancer are still under investigation, there is evidence suggesting that alterations in nicotinic signaling pathways can influence cancer progression. For instance, nicotine, a known ligand for nicotinic receptors, has been linked to tumorigenesis in several cancer types due to its ability to promote cell proliferation, survival, and angiogenesis, mediated through various downstream signaling pathways. Additionally, dysregulation of nicotinic receptors can impact inflammatory pathways and the tumor microenvironment, potentially contributing to cancer development and metastasis. Further research is necessary to elucidate the specific roles of CHRNA6 in cancer biology.",0
GAS2,942,0.3846153846153846,0.0,0.0769230769230769,0.5384615384615384,0.0,1.0,0.0,0.0,1.0000000000000002,0.0,1.1666666666666667,1.3333333333333333,0.7278020378457059,1.0,0.6944444444444444,0.9476688288804924,52076.15,981.0,0.0013440829999999,7.812860384325139e-07,2.0,0.0,0.0,0.0,0.0,0.0,0.0,0.0,0.0,0.0,0.0,0.0,0.0,7.0,0.0,0.0,0.0,0.0,0.0,5.0,1.0,0.0,0.0,0.0,0.0,0.0,13.0,0.0,12.0,20.52053846,99.52377044,21.167677577057944,4.481594435649905,0.2188952898550724,0.019115200652835,138.0,-0.258995081967213,0.0191201334251306,183.0,0.2417559190031151,0.0194536008329809,321.0,2.548275190289868,0.215697181408958,0.0929139458395208,0.0073222501112908,21.6346045826416,4.778750221185386,"Yes, there is a relationship between the GAS2 gene and cancer. The GAS2 gene (Growth Arrest Specific 2) plays a role in the regulation of cytoskeletal dynamics and apoptosis, which are critical processes in cellular growth and survival. Aberrant expression of GAS2 has been implicated in various cancers, where it may influence cell proliferation, migration, and invasion. One proposed mechanism is through its involvement in the modulation of actin filament organization, which can affect tumor cell motility and metastasis. Additionally, GAS2 may interact with key signaling pathways that govern cell cycle progression and apoptosis, potentially disrupting normal cellular responses and promoting oncogenic characteristics. Overall, alterations in GAS2 expression or function could contribute to tumorigenesis and cancer progression.",0
IFT172,5250,0.3125,0.03125,0.03125,0.59375,0.0,1.0,0.03125,0.0,0.9702819531114784,0.0,1.7272727272727273,2.0,0.8183306055646481,1.0,0.5586592178770949,0.883919340699812,1218835.0,179.0,0.0392969,2.7115520194177208e-06,5.0,0.0,0.0,0.0,0.0,0.0,0.0,1.0,0.0,0.0,0.0,0.0,3.0,19.0,1.0,0.0,0.0,0.0,0.0,10.0,1.0,0.0,1.0,0.0,0.0,0.0,34.0,0.0,30.0,20.17882353,85.98203451,23.196810081703937,1.3324945310771843,0.2533970796460175,0.0265247490367669,226.0,-0.213067794117647,0.0160797945099868,68.0,0.2440692176870744,0.0243359481341982,294.0,3.46346608503378,0.0097837848546976,0.0568219006117449,0.0087780537283319,16.047893987883207,2.8511668374119026,"The IFT172 gene encodes a protein that is part of the intraflagellar transport (IFT) machinery, which is essential for the assembly and maintenance of cilia. Disruption in ciliary function has been implicated in various types of cancer through mechanisms such as altered signaling pathways, including the Hedgehog and Wnt pathways, which rely on cilia for proper functioning. Abnormalities in IFT proteins, including IFT172, can lead to dysregulation of these pathways, resulting in enhanced proliferation and survival of cancer cells. Additionally, impaired ciliary signaling may contribute to tumor progression and metastasis, suggesting that IFT172 could play a role in cancer biology, although more research is needed to establish direct links.",0
TRAM1,1125,0.25,0.0,0.0,0.625,0.0,1.0,0.125,0.0,1.0,0.0,1.6666666666666667,2.0,1.0,1.0,0.2253267237494367,0.5611094692452463,240060.0,535.0,0.02819304,7.795057007194058e-05,11.0,0.0,0.0,0.0,0.0,0.0,0.0,1.0,0.0,0.0,0.0,0.0,0.0,5.0,0.0,0.0,0.0,0.0,0.0,1.0,1.0,0.0,1.0,0.0,0.0,0.0,7.0,0.0,8.0,23.80714286,45.20869048,24.486295330107453,1.0190602155533757,0.3257327586206894,0.0498604105410131,406.0,-0.2442611764705882,0.0153475392493415,68.0,0.3140448523206749,0.0456836314575891,474.0,3.779002880649791,0.0079517989796357,0.0461136412328597,0.0103064251647702,25.29718648999573,1.1636777913243863,"The TRAM1 gene has been implicated in various cellular processes, and emerging evidence suggests a potential relationship with cancer. TRAM1 is involved in protein transport and quality control within the endoplasmic reticulum, critical for maintaining cellular homeostasis. Dysregulation of this protein transport mechanism can lead to the accumulation of misfolded proteins, triggering endoplasmic reticulum stress, which in turn may activate the unfolded protein response (UPR). Chronic activation of the UPR is associated with tumorigenesis, as it can promote cell survival in adverse conditions, contribute to metabolic reprogramming, and facilitate cancer cell adaptation to stressful microenvironments. Furthermore, alterations in TRAM1 expression have been observed in certain cancer types, suggesting its potential role in oncogenic pathways and tumor progression.",0
APEH,2199,0.2,0.0,0.1333333333333333,0.6,0.0,1.0,0.0666666666666666,0.0,0.9188632257835572,0.0,2.25,3.0,0.5611672278338945,1.0,0.324254215304799,0.6894382152078739,1551582.0,271.0,0.04756102,5.149198622270752e-05,40.0,0.0,0.0,0.0,0.0,0.0,0.0,1.0,0.0,0.0,0.0,0.0,0.0,8.0,0.0,0.0,0.0,0.0,0.0,3.0,4.0,0.0,2.0,0.0,0.0,0.0,14.0,0.0,14.0,23.33571429,68.38654945,26.821393900489383,0.1933245305005647,0.2290457943925233,0.0211225138793158,106.0,-0.278022604651163,0.0214809125139459,430.0,0.2682637243947857,0.021753395961103,536.0,3.5891972682275552,0.0041869042033625,0.0711438462630936,0.0127160247229301,22.21972029153648,1.2808010961474974,"There is emerging evidence suggesting a potential relationship between the APEH gene and cancer. APEH (Acylpeptide hydrolase) encodes an enzyme involved in protein metabolism and the regulation of cellular homeostasis. Dysregulation of APEH may lead to altered protein signaling pathways and impaired cellular stress responses, which can contribute to oncogenesis. Additionally, its role in the degradation of acylated peptides could influence tumor microenvironment interactions and immune evasion mechanisms, potentially promoting tumor growth and metastasis. These mechanisms highlight the need for further investigation into APEH's functional implications in cancer biology.",0
TMEM184C,1317,0.25,0.25,0.0,0.5,0.0,1.0,0.0,0.0,1.0,0.0,1.0,1.5,0.395882818685669,1.0,0.7457121551081283,0.9645157377326932,71636.77,343.0,0.008985151,0.0,1.0,0.0,0.0,0.0,0.0,0.0,0.0,0.0,0.0,0.0,0.0,0.0,0.0,2.0,1.0,0.0,0.0,0.0,0.0,1.0,0.0,0.0,0.0,0.0,0.0,0.0,4.0,0.0,4.0,22.6545,235.9148943,20.3668854646829,0.936073404704195,0.2163284615384614,0.018965508872927,78.0,-0.2679259689922481,0.0240353043447772,258.0,0.2559479761904765,0.023274239760071,336.0,3.521911406271136,0.0025345004372041,0.0367428141107585,0.0082134670290289,17.017188244991768,3.374448034246876,"The TMEM184C gene has been implicated in various cancer types, with studies suggesting that it may play a role in tumor biology through mechanisms such as regulation of cell adhesion, migration, and proliferation. Specifically, alterations in the expression or function of TMEM184C could influence the tumor microenvironment and contribute to cancer progression by affecting signal transduction pathways associated with cellular communication and immune evasion. Additionally, its potential involvement in membrane trafficking processes may impact the localization of key proteins involved in cancer-related pathways. More research is needed to elucidate the precise roles and mechanisms through which TMEM184C may be implicated in cancer development and progression.",0
HOXC11,915,0.0,0.0,0.0,0.8888888888888888,0.0,1.0,0.1111111111111111,0.0,1.0,0.0,8.0,9.0,1.0,1.0,0.0068,0.0407376621342405,1257445.0,274.0,0.02312141,3.815380501306681e-05,13.0,0.0,0.0,0.0,0.0,1.0,0.0,1.0,0.0,0.0,0.0,0.0,0.0,12.0,0.0,0.0,0.0,0.0,0.0,0.0,0.0,0.0,1.0,0.0,0.0,0.0,13.0,0.0,13.0,22.83861538,67.25545826,17.30709407512048,1.152105117620752,0.245418625,0.067738932730173,160.0,-0.2427727826086956,0.0232455162711365,115.0,0.2443121818181817,0.0489815604193099,275.0,1.887377636877908,1.2336837225815174,0.4821711011628394,0.0492015644476982,15.646934661120008,1.7079758776036087,"Yes, there is a relationship between the HOXC11 gene and cancer. HOXC11 is a homeobox gene that plays a critical role in regulating gene expression during development and differentiation. Aberrant expression of HOXC11 has been implicated in various cancers, including leukemia and solid tumors. The mechanisms underlying its involvement in cancer may include the modulation of cell proliferation, apoptosis, and the epithelial-to-mesenchymal transition (EMT), which are crucial processes in tumorigenesis and metastasis. Dysregulation of HOXC11 can lead to altered gene networks that promote tumor growth and progression, as well as affect the response to external stimuli, contributing to the oncogenic phenotype. Additionally, interactions with other signaling pathways and transcription factors further complicate its role in cancer biology, making it an area of active research.",0
ZP4,1623,0.2333333333333333,0.0333333333333333,0.0333333333333333,0.6666666666666666,0.0,1.0,0.0333333333333333,0.0,0.954112912780184,0.0,2.5,2.875,0.7077140835102619,1.0,0.4854368932038835,0.8362650401948979,14616.31,1051.0,-0.02959033,0.0,0.0,0.0,0.0,0.0,0.0,0.0,0.0,1.0,0.0,0.0,0.0,0.0,0.0,18.0,1.0,0.0,0.0,0.0,0.0,7.0,4.0,0.0,1.0,1.0,0.0,0.0,29.0,0.0,27.0,13.36524138,103.2947537,17.749533939561452,2.7026189271747705,0.2897161852861036,0.0250540186252989,367.0,-0.236672857142857,0.0213196713875,49.0,0.2834682932692309,0.0248548003409354,416.0,0.3178351859893648,0.4589860506453323,0.111514500398345,0.0145173604745375,20.060674391099585,2.322449260305919,"The relationship between the ZP4 gene and cancer is not well established in the current scientific literature. ZP4, primarily known for its role in the fertility process as part of the zona pellucida, has not been extensively studied in the context of oncogenesis. However, potential mechanisms could involve aberrant expression of ZP4 affecting cell adhesion and signaling pathways, which are crucial in maintaining tissue architecture and regulating cellular proliferation. Dysregulation of such processes could contribute to tumor development or metastasis. Further research is needed to clarify any direct associations between ZP4 and specific cancer types or mechanisms.",0
MEGF11,3135,0.3076923076923077,0.0,0.0,0.6538461538461539,0.0,1.0,0.0384615384615384,0.0,1.0,0.0,1.8888888888888888,2.0,1.0,1.0,0.7616146230007617,0.9690134008535104,708481.6,458.0,0.04881267,0.0,1.0,0.0,0.0,0.0,0.0,0.0,0.0,1.0,0.0,0.0,0.0,0.0,3.0,14.0,0.0,0.0,0.0,0.0,0.0,6.0,4.0,0.0,1.0,0.0,0.0,0.0,27.0,0.0,24.0,17.65074074,102.5044574,17.1294786950305,2.6068822479869342,0.2110810975609755,0.0143809488493977,81.0,-0.2507059274193548,0.0192114805667477,248.0,0.2408597575757578,0.0182579041105793,328.0,2.7856713653051246,0.4452425683598617,0.111514500398345,0.0145173604745375,17.12139736447166,0.3516186584959214,"The MEGF11 gene, involved in processes such as cell adhesion and signaling, has been implicated in various cellular mechanisms that can influence cancer progression, although the direct relationship between MEGF11 and cancer remains largely unexplored. Evidence suggests that aberrant expression of MEGF11 may affect the tumor microenvironment and the behavior of adjacent cells, potentially contributing to cancer cell proliferation, invasion, and metastasis. Additionally, its role in modulating inflammatory responses could influence tumor immunity and the overall tumorigenic landscape. Further investigation is needed to clarify these associations and elucidate the underlying molecular pathways involved.",0
BTF3L4,477,0.0,0.0,0.0,1.0,0.0,1.0,0.0,0.0,1.0,0.0,2.0,2.0,1.0,1.0,0.3831417624521073,0.7507088970630659,658095.2,315.0,0.01773163,3.2501842151579733e-05,24.0,0.0,0.0,0.0,0.0,0.0,0.0,0.0,0.0,0.0,0.0,0.0,1.0,2.0,0.0,0.0,0.0,0.0,0.0,0.0,0.0,0.0,0.0,0.0,0.0,0.0,3.0,0.0,3.0,21.32533333,128.1419253,26.12126451566776,0.7092137005221285,0.226282222222222,0.0158335857389408,108.0,-0.2341123437500001,0.0166333818180382,192.0,0.2312934999999998,0.0163057103813545,300.0,3.542652994266911,0.0044337433384567,0.0612957758330652,0.0061006651013451,19.50591192513485,1.4596628857004217,"The BTF3L4 gene has been implicated in various cancer contexts through its role in the regulation of transcription and RNA processing. It encodes a protein that is part of the transcriptional machinery, and alterations in its expression or function may disrupt normal cellular processes such as apoptosis, cell cycle regulation, and differentiation. Dysregulation of BTF3L4 may lead to aberrant gene expression patterns that are characteristic of cancer cells, contributing to tumorigenesis and cancer progression. Furthermore, its involvement in the maintenance of genome stability and interaction with other genomic regulators could facilitate oncogenic mutations and genomic instability, thereby promoting cancer development. However, the specific mechanisms linking BTF3L4 to different types of cancer remain an area of ongoing research.",0
EAPP,858,0.0,0.1666666666666666,0.0,0.8333333333333334,0.0,1.0,0.0,0.0,0.8710490642551527,0.0,5.0,6.0,0.3716090672612412,1.0,0.0609867658718058,0.2315727505804556,517394.3,165.0,0.01301494,2.9728600145912025e-05,17.0,0.0,0.0,0.0,0.0,0.0,0.0,0.0,0.0,0.0,0.0,0.0,3.0,5.0,1.0,0.0,0.0,0.0,0.0,0.0,0.0,0.0,2.0,0.0,0.0,0.0,7.0,0.0,9.0,27.95142857,95.79651429,22.468018279089826,0.5641203704602267,0.3061147668393781,0.0730645768334088,193.0,-0.2931064135021095,0.024349118161235,237.0,0.2989450465116281,0.0461370420171306,430.0,3.437729514436932,0.0062787983574257,0.0753256661049358,0.0083640053909197,21.984459988646943,2.422736972078359,"The EAPP gene, which encodes a protein involved in the regulation of transcription and cellular processes, has been implicated in the modulation of various signaling pathways that can influence cancer progression. One potential mechanism is through its interaction with the E2F transcription factor family, which plays a critical role in cell cycle regulation and apoptosis. Dysregulation of E2F activity can lead to uncontrolled cell proliferation, a hallmark of cancer. Additionally, EAPP may influence the stability of certain oncoproteins or tumor suppressors, thereby affecting cellular responses to stress and contributing to tumorigenesis. Alterations in EAPP expression or function could, therefore, have significant implications for cancer development and progression, although the specifics may vary across different cancer types.",0
CREBZF,1065,0.2,0.0,0.0,0.8,0.0,1.0,0.0,0.0,1.0,0.0,2.0,2.0,1.0,1.0,0.4163197335553705,0.7811414336626943,325720.4,554.0,-0.01881967,0.0001220423631045,17.0,3.0,0.0,0.0,0.0,0.0,0.0,0.0,0.0,0.0,0.0,0.0,0.0,4.0,0.0,0.0,0.0,0.0,0.0,1.0,0.0,0.0,0.0,0.0,0.0,0.0,8.0,0.0,8.0,21.7375,9.145621429,19.56649026085918,2.832683884135688,0.2554337724550898,0.0501404726802611,167.0,-0.2734391616766466,0.0209166793583291,167.0,0.2644364670658681,0.0355031754979914,334.0,3.6123623180989215,0.0031800054223872,0.0667252341334986,0.0056112194800582,20.931878632014225,1.26275993540668,"The CREBZF gene, also known as cAMP response element-binding protein zinc finger, plays a role in regulating cellular stress responses and apoptosis. Emerging research suggests that CREBZF may be involved in cancer biology through its modulation of key pathways related to cell proliferation, survival, and stress responses. For instance, CREBZF can act as a transcriptional regulator, influencing the expression of genes involved in the apoptotic process and cell cycle regulation. Moreover, its interaction with various signaling pathways, such as those mediated by c-Myc and NF-κB, may contribute to tumorigenesis by altering the balance between cell survival and death. Dysregulation of CREBZF has been associated with the progression of certain cancers, implicating it in the complex network of oncogenic signaling that promotes malignancy. Thus, the intersection of CREBZF functionality and cancer warrant further investigation to elucidate its precise roles in tumor biology.",0
MAGED1,2505,0.1666666666666666,0.0,0.0416666666666666,0.75,0.0,1.0,0.0416666666666666,0.0,0.9818246423345388,0.0,3.6,4.0,0.7806401249024201,1.0,0.3045994517209869,0.6666943766431483,127068.9,444.4009897808343,0.02287329,0.0005740375556973,98.0,0.0,0.0,0.0,0.0,0.0,0.0,0.0,1.0,0.0,0.0,0.0,3.0,17.0,0.0,0.0,0.0,0.0,0.0,3.0,3.0,0.0,0.0,0.0,1.0,0.0,26.0,0.0,23.0,17.38411538,63.79501051,23.07725299369389,0.8048789373117592,0.2223475342465753,0.0155644125771689,73.0,-0.2803674251497006,0.0430146491035711,167.0,0.2627197083333334,0.0352806019400819,240.0,3.67547746289217,0.011443940906978,0.111514500398345,0.0145173604745375,20.982124880541893,1.110400305006091,"Yes, there is a relationship between the MAGED1 gene and cancer. MAGED1 is part of the MAGE (melanoma-associated antigen) gene family, which is known to exhibit abnormal expression in various tumors. This gene is typically silenced in normal tissues but can be re-expressed in malignancies, suggesting a role in tumorigenesis. Possible mechanisms include its involvement in regulating apoptosis, inhibiting p53-mediated transcription, and influencing cell cycle progression. Additionally, MAGED1 may interact with other proteins to modulate signaling pathways associated with cellular proliferation and survival, thus contributing to the uncontrolled growth characteristic of cancer cells.",0
DNAL1,573,0.0,0.0,0.0,0.6,0.0,1.0,0.4,0.0,0.8277293767706428,0.0,3.0,5.0,1.0,1.0,0.2683843263553409,0.6213996973106273,600464.0,191.0,0.04679563,0.0,0.0,0.0,0.0,0.0,0.0,0.0,0.0,1.0,1.0,0.0,0.0,0.0,0.0,3.0,0.0,0.0,0.0,0.0,0.0,0.0,0.0,0.0,1.0,0.0,1.0,0.0,3.0,0.0,5.0,24.73333333,29.54333333,23.24414098034332,1.814767665068057,0.2348945454545454,0.0205123036629961,143.0,-0.2841574468085104,0.0220988196952373,282.0,0.2675819294117648,0.0220584547939101,425.0,3.401978482116028,0.0079331419050731,0.1132533810579476,0.0054972430849205,20.67900801032963,2.11106963333285,"The relationship between the DNAL1 gene and cancer is currently not well-defined in the scientific literature. DNAL1 encodes a protein that is implicated in cellular processes such as growth and differentiation. However, its specific role in tumorigenesis remains largely unclear. Potential mechanisms by which DNAL1 could influence cancer progression may involve modulation of cellular signaling pathways, impacts on cell motility, or alterations in cellular stress responses. Further research is required to elucidate any direct associations between DNAL1 and various cancer types, as well as the underlying molecular mechanisms that may connect them.",0
HNRNPAB,999,0.2,0.0,0.0,0.6,0.0,1.0,0.0,0.2,1.0,0.0,1.5,2.0,1.0,1.0,0.12402331638348,0.3828954106043513,672705.1,448.0,0.04642813,0.0001859222374387,84.0,0.0,0.0,0.0,0.0,0.0,0.0,0.0,0.0,0.0,1.0,0.0,0.0,3.0,0.0,0.0,0.0,0.0,0.0,1.0,0.0,0.0,1.0,0.0,0.0,0.0,4.0,0.0,5.0,25.35,10.99,28.11226779880344,0.5242144386590407,0.2907704147465438,0.0281994610104753,217.0,-0.2474627536231883,0.016434664932672,207.0,0.2696272877358491,0.0228731031673307,424.0,3.641138592254201,0.0064090154479877,0.0346939028685782,0.007075231024062,23.060152120725625,0.7977319816840998,"Yes, there is a relationship between the HNRNPAB gene and cancer. HNRNPAB (heterogeneous nuclear ribonucleoprotein A/B) is involved in RNA processing and transport, which can influence gene expression and cellular function. Dysregulation of HNRNPAB has been implicated in various cancers, where it may affect alternative splicing of pre-mRNA, leading to the production of isoforms that promote tumorigenesis. Furthermore, HNRNPAB can interact with oncogenic pathways and modulate the stability of mRNA transcripts, thereby impacting the expression of genes involved in cell proliferation and survival. The altered expression or function of HNRNPAB may contribute to the malignant phenotype by promoting features such as increased cell growth, metastasis, and resistance to apoptosis.",0
ATXN2,3942,0.2222222222222222,0.0,0.0555555555555555,0.6666666666666666,0.0,1.0,0.0555555555555555,0.0,0.9733541703813188,0.0,2.4,2.8,0.6756756756756757,1.0,0.3849114703618168,0.7524025859308728,523775.9,302.0,0.0423492,0.0003043990937238,53.0,1.0,0.0,1.0,0.0,0.0,0.0,1.0,0.0,0.0,0.0,0.0,5.0,12.0,0.0,0.0,0.0,0.0,0.0,4.0,1.0,0.0,3.0,0.0,1.0,0.0,21.0,0.0,24.0,22.10271429,121.8031343,24.42832686227764,1.6051447791188005,0.2285218439716311,0.0208720025565754,141.0,-0.2191544736842106,0.0149250174328337,152.0,0.2236623208191125,0.0177471796048693,292.0,3.4313347979086,0.0126152555228502,0.0418521812733009,0.0047258268020651,25.32367576819012,0.7334554384535453,"Yes, there is a relationship between the ATXN2 gene and certain types of cancer. ATXN2 encodes a protein involved in various cellular processes, including RNA metabolism, stress response, and the regulation of signaling pathways. Alterations in ATXN2 expression or function can lead to dysregulation of cellular homeostasis and promote oncogenic processes, such as cell proliferation, survival, and migration. Additionally, ATXN2 has been implicated in the modulation of the polyQ expansion in specific neurodegenerative diseases, which can influence tumorigenesis via shared molecular pathways. This connection underscores the potential role of ATXN2 in cancer biology, warranting further investigation into its mechanisms and interactions within oncogenic networks.",0
LSM12,588,0.0,0.0,0.0,1.0,0.0,1.0,0.0,0.0,1.0,0.0,1.0,1.0,1.0,1.0,0.1677852348993288,0.4672937048787348,916863.4,198.0,0.02286491,3.695957563937214e-05,23.0,1.0,0.0,1.0,0.0,0.0,0.0,0.0,0.0,0.0,0.0,0.0,0.0,0.0,0.0,0.0,0.0,0.0,1.0,0.0,1.0,0.0,0.0,0.0,0.0,0.0,4.0,0.0,4.0,25.85,13.07666667,24.97120438593179,0.3534324182935899,0.2465770165745858,0.0290209012010497,181.0,-0.268648756756757,0.0207341277892068,185.0,0.2577334972677595,0.0248860594578726,366.0,3.485732548960538,0.0044496334508333,0.111514500398345,0.0145173604745375,21.3845523795948,1.1836322209117576,"Currently, there is no established relationship between the LSM12 gene and cancer. Although LSM12 is implicated in RNA regulation and processing, its specific role in oncogenesis or tumor progression remains unclear. Further research is needed to elucidate any potential connections between LSM12 function and cancer-related pathways, such as its impact on gene expression, cell proliferation, or apoptosis. Thus, the precise mechanisms, if any, linking LSM12 to cancer development are currently unknown.",0
OR5J2,939,0.3478260869565217,0.0869565217391304,0.0,0.5652173913043478,0.0,1.0,0.0,0.0,0.9615539600943472,0.0,1.4444444444444444,1.6666666666666667,0.4601932811780948,1.0,0.3201024327784891,0.6847356696470677,10100.69,1007.0,-0.03797167,0.0,0.0,0.0,0.0,0.0,0.0,0.0,0.0,0.0,0.0,0.0,0.0,0.0,0.0,13.0,2.0,0.0,0.0,0.0,0.0,8.0,0.0,0.0,0.0,0.0,0.0,0.0,23.0,0.0,21.0,12.52895652,97.92234313,21.88701420269522,1.8204614569819408,0.2127931249999999,0.0317903229405157,144.0,-0.260637131147541,0.0257671132222801,122.0,0.2347366165413534,0.0294906316028486,266.0,0.0106424541138303,0.0111778618246448,0.111514500398345,0.0145173604745375,20.060674391099585,2.322449260305919,"The relationship between the OR5J2 gene and cancer is currently not well-established, and further research is needed to clarify any potential connections. OR5J2 encodes an olfactory receptor, which is primarily involved in the detection of odorants. Some studies suggest that olfactory receptors may play roles in various biological processes beyond sensory perception, including cell signaling and regulation of cell proliferation. Dysregulation of these pathways could hypothetically contribute to tumorigenesis or tumor behavior. However, the specific mechanisms linking OR5J2 to cancer, if any, remain to be elucidated, and currently available literature does not provide definitive evidence of its involvement in oncogenesis.",0
ACTR10,1254,0.1538461538461538,0.0769230769230769,0.0,0.7692307692307693,0.2307692307692307,0.8568636235841013,0.0,0.0,0.9011575366850628,0.0,3.333333333333333,3.6666666666666665,0.5515719801434087,0.00942,0.48643,0.0292598282258087,291131.7,545.0,0.02105783,1.249197518690656e-05,20.0,0.0,0.0,0.0,0.0,0.0,0.0,0.0,0.0,0.0,0.0,0.0,0.0,10.0,1.0,0.0,0.0,0.0,0.0,2.0,0.0,0.0,0.0,0.0,0.0,0.0,13.0,0.0,12.0,21.89046154,58.06789544,24.898129476030743,0.1371148616649562,0.2315420858895706,0.0193526415956222,163.0,-0.2943149433962262,0.023457301140243,265.0,0.2704084579439251,0.0227764290791153,428.0,3.503066191196961,0.0039028025716017,0.0547568417359709,0.0093781893710212,24.38380236129291,2.5384031215824945,"The relationship between the ACTR10 gene and cancer is currently an area of investigation, with emerging evidence suggesting potential involvement in tumorigenesis. ACTR10, which encodes a protein that functions in the regulation of microtubule dynamics and cell division, may influence cancer pathways through its effects on spindle assembly during mitosis. Dysregulation of ACTR10 could lead to genomic instability, a hallmark of cancer, by promoting improper chromosomal segregation. Additionally, its role in cellular processes such as migration and invasion may further contribute to metastatic potential in cancerous cells. Further research is needed to elucidate the specific mechanisms and the extent of ACTR10's contribution to different cancer types.",0
APOBEC3A,600,0.25,0.0,0.0,0.75,0.0,1.0,0.0,0.0,1.0,0.0,1.5,1.5,1.0,1.0,0.4612546125461255,0.8181757765578412,1413709.0,372.0,0.04414509,0.0,0.0,0.0,0.0,0.0,0.0,0.0,0.0,0.0,0.0,0.0,0.0,0.0,0.0,3.0,0.0,0.0,0.0,0.0,0.0,1.0,0.0,0.0,0.0,0.0,0.0,0.0,4.0,0.0,4.0,4.59775,57.94408825,21.317983744902392,6.397917343789528,0.2430514285714286,0.0325433865387428,126.0,-0.2984904545454546,0.0290577067229505,286.0,0.2815358009708739,0.0307012050721062,412.0,2.923767990407183,0.1992857403345686,0.111514500398345,0.0145173604745375,16.473120150903632,1.933364710597908,"Yes, there is a relationship between the APOBEC3A gene and cancer. APOBEC3A is a member of the APOBEC family of cytidine deaminases that plays a role in the innate immune response against retroviruses and transposable elements. Its enzymatic activity can lead to cytidine-to-uracil conversions in DNA, resulting in mutagenic effects that may contribute to tumorigenesis. Elevated expression of APOBEC3A has been observed in various cancers, where it can induce specific mutational signatures characterized by C-to-T transitions and complex rearrangements. This mutational process can drive genomic instability, promote oncogenic transformation, and contribute to therapeutic resistance, thereby influencing cancer progression and evolution.",0
USP3,1563,0.1666666666666666,0.0,0.0,0.8333333333333334,0.0,1.0,0.0,0.0,1.0,0.0,2.5,2.5,1.0,1.0,0.00969,0.05461924366634,617922.1,178.0,0.04157989,0.0001008936992052,33.0,0.0,0.0,0.0,0.0,0.0,0.0,0.0,0.0,0.0,0.0,0.0,1.0,5.0,0.0,0.0,0.0,0.0,0.0,1.0,1.0,0.0,1.0,0.0,0.0,0.0,7.0,0.0,8.0,23.61571429,65.60872857,22.659513386463484,1.6825107568400357,0.2149571999999998,0.0147475927501621,75.0,-0.2569067984189724,0.0194470277908996,253.0,0.2473146646341465,0.0186354023405599,328.0,3.551130950420243,0.0033364138415011,0.0751102096634154,0.010411227449514,18.625599958392726,1.2437291370218535,"Yes, there is a relationship between the USP3 gene and cancer. USP3 encodes a deubiquitinating enzyme that plays a critical role in regulating various cellular processes, including protein stability, cell cycle progression, and DNA damage response. Alterations in USP3 expression or function can lead to the dysregulation of these processes, contributing to oncogenesis. For instance, USP3 has been shown to stabilize key oncogenic proteins by removing ubiquitin moieties that mark them for degradation, thereby promoting tumor growth and survival. Furthermore, its involvement in the DNA damage response suggests that aberrations in USP3 activity may compromise genomic stability, potentially leading to tumorigenesis. Overall, the dysregulation of USP3 is implicated in various cancer types, highlighting its potential importance in cancer biology.",0
ADHFE1,1404,0.0833333333333333,0.0,0.0,0.9166666666666666,0.0,1.0,0.0,0.0,0.953509509058145,0.0,5.5,5.5,1.0,1.0,0.00875,0.0502136388128604,259302.5,268.0,0.01234367,5.768301355213419e-07,2.0,0.0,0.0,0.0,0.0,0.0,0.0,0.0,0.0,0.0,0.0,0.0,1.0,10.0,0.0,0.0,0.0,0.0,0.0,1.0,0.0,0.0,0.0,0.0,0.0,0.0,12.0,0.0,10.0,21.60258333,36.53710372,19.88089559032661,4.289051222013748,0.3244746786632391,0.053378884800734,389.0,-0.2615903703703703,0.0167612577411111,81.0,0.313637170212766,0.0475842537516767,470.0,2.8457984591390595,0.1039287510407795,0.2085681152164374,0.0515885811606238,20.060674391099585,2.322449260305919,"The ADHFE1 gene encodes an enzyme involved in the metabolism of aldehydes, potentially influencing cellular homeostasis and oxidative stress. Dysregulation of this metabolic pathway can lead to the accumulation of toxic aldehydes, which are implicated in cellular damage and tumorigenesis. Additionally, alterations in ADHFE1 expression may affect the cellular responses to environmental stresses, contributing to oncogenic transformations. While the precise relationship between ADHFE1 and cancer remains an area of active research, its role in metabolic processes suggests that variations in this gene could have implications for cancer development, particularly in contexts where aldehyde metabolism is disrupted.",0
JUP,2238,0.2916666666666667,0.0,0.0416666666666666,0.5833333333333334,0.0,1.0,0.0833333333333333,0.0,0.9567891094945744,0.0,1.75,2.125,0.5241090146750524,1.0,0.2159827213822894,0.5469885244272448,1760409.0,175.0,0.03481408,0.0006516631298124,102.0,0.0,0.0,0.0,0.0,0.0,0.0,2.0,0.0,0.0,0.0,0.0,0.0,15.0,0.0,0.0,0.0,0.0,0.0,7.0,1.0,0.0,2.0,1.0,0.0,0.0,22.0,0.0,23.0,22.46513636,125.6134079,27.350025991597803,2.048378832016468,0.417957745098039,0.3661838513397178,204.0,-0.2665267816091956,0.0204324414358248,174.0,0.3482514285714285,0.2122639148637362,375.0,3.705328582044153,0.03487245935911,0.0539567424162572,0.0098300473712446,23.91853422804897,3.342698915366649,"Yes, there is a relationship between the JUP gene and cancer. The JUP gene encodes for junction plakoglobin, a key component of desmosomes that mediates cell-cell adhesion and plays a crucial role in maintaining tissue integrity. Alterations in the expression or function of JUP have been associated with epithelial-to-mesenchymal transition (EMT), a process that enhances the migratory and invasive properties of cancer cells. Loss of JUP expression has been observed in various malignancies, which can lead to increased tumor progression and metastasis. Furthermore, the disruption of desmosomal integrity due to JUP dysregulation may promote cellular detachment and contribute to the metastatic phenotype seen in aggressive tumors.",0
TMEM144,1038,0.1428571428571428,0.1428571428571428,0.0,0.7142857142857143,0.0,1.0,0.0,0.0,1.0,0.0,2.5,3.0,0.555247084952804,1.0,0.1264542235710672,0.3879457391639313,135910.6,684.0,-0.009263803,0.0,0.0,0.0,0.0,0.0,0.0,0.0,0.0,0.0,0.0,0.0,0.0,0.0,0.0,5.0,1.0,0.0,0.0,0.0,0.0,1.0,0.0,0.0,0.0,0.0,0.0,0.0,7.0,0.0,7.0,25.70414286,98.46355348,15.095018904136657,0.4210093822321187,0.1990663513513512,0.0171665770399296,74.0,-0.2789963763066205,0.024985476912697,287.0,0.2626118282548479,0.0243746297110926,361.0,3.3721398860394105,0.0187370349817456,0.2366998179725207,0.0189017335223568,20.060674391099585,2.322449260305919,"The relationship between the TMEM144 gene and cancer is not fully elucidated, but emerging evidence suggests that it may play a role in tumorigenesis through various potential mechanisms. TMEM144 is implicated in cellular processes such as cell adhesion and migration, which are critical in cancer progression and metastasis. Dysregulation of TMEM144 could affect the epithelial-mesenchymal transition (EMT), a process associated with increased invasiveness of cancer cells. Furthermore, given its potential role in the maintenance of cellular integrity and signaling pathways, alterations in TMEM144 expression might influence tumor microenvironment dynamics and immune responses. However, comprehensive studies are needed to fully understand its role in cancer pathology.",0
AZI2,1179,0.3333333333333333,0.3333333333333333,0.0,0.3333333333333333,0.0,1.0,0.0,0.0,1.0,0.0,0.5,1.0,0.1452643811737362,1.0,0.8944543828264758,0.9942230543228152,68915.69,925.0,0.008966146,2.7897415524614645e-06,17.0,0.0,0.0,0.0,0.0,0.0,0.0,0.0,0.0,0.0,0.0,0.0,1.0,1.0,1.0,0.0,0.0,0.0,0.0,1.0,0.0,0.0,0.0,0.0,0.0,0.0,4.0,0.0,4.0,20.0465,166.9377423,21.68586115127588,1.4981940082160796,0.2370276744186046,0.0278068377054869,129.0,-0.2775664871794874,0.0213808678958545,390.0,0.2674903660886319,0.0232350148502518,519.0,3.4870541236870296,0.0027606777437551,0.0518569778687565,0.0094672299599857,22.084192919017926,1.2025549578935388,"The AZI2 gene, also known as ""AAZAP"" (AP-1-interacting protein), has been implicated in cellular mechanisms that could potentially influence cancer biology. It is involved in the regulation of apoptosis, cell proliferation, and the response to stress signals, all of which are critical factors in tumor development and progression. Dysregulation of AZI2 might contribute to altered apoptotic pathways or abnormal cellular signaling, leading to enhanced survival of malignant cells or increased resistance to chemotherapy. Furthermore, research indicates that AZI2 may interact with oncogenic pathways and transcription factors, potentially influencing gene expression patterns associated with cancer. However, the specific relationship between AZI2 and various cancer types remains an area of ongoing investigation.",0
SLC44A3,1962,0.1428571428571428,0.0,0.0,0.7142857142857143,0.0,1.0,0.1428571428571428,0.0,1.0,0.0,2.5,3.0,1.0,1.0,0.0290537203288881,0.1318634689411405,329969.9,274.0,-0.01283323,0.0,1.0,0.0,0.0,0.0,0.0,0.0,0.0,0.0,1.0,0.0,0.0,0.0,3.0,4.0,0.0,0.0,0.0,0.0,0.0,1.0,0.0,0.0,0.0,0.0,1.0,0.0,8.0,0.0,8.0,12.679125,118.159119,20.3074317218204,2.1423001111721507,0.211769203539823,0.0153547042198957,113.0,-0.2338156164383563,0.0137274418155586,219.0,0.2263118674698794,0.0143460378315473,332.0,3.252246596554784,0.0470329447431701,0.0695584742914203,0.0056094532704873,21.242130473679325,5.119145800694295,"The SLC44A3 gene encodes a solute carrier protein that is involved in choline transport and may play a role in cellular metabolism. Emerging evidence suggests a potential relationship between SLC44A3 expression and cancer progression, as its dysregulation can influence cellular proliferation, apoptosis, and migration. Altered choline metabolism is a hallmark of cancer, and overexpression of SLC44A3 might contribute to an increased availability of choline, thereby supporting the biosynthesis of phospholipids that are essential for rapidly dividing tumor cells. Additionally, aberrant SLC44A3 activity could influence cellular responses to stress, promote inflammation, and modulate tumor microenvironment interactions, all of which may facilitate tumorigenesis and metastasis. However, further studies are necessary to clarify the mechanisms underlying its potential role in cancer biology.",0
ZNF2,1281,0.0769230769230769,0.0,0.0,0.9230769230769232,0.0,1.0,0.0,0.0,1.0000000000000002,0.0,6.0,6.0,1.0,1.0,0.0790576330144675,0.2796725559858805,223451.8,616.0,0.02386641,3.0099682777232645e-06,6.0,0.0,0.0,0.0,0.0,0.0,0.0,0.0,0.0,0.0,0.0,0.0,1.0,12.0,0.0,0.0,0.0,0.0,0.0,1.0,0.0,0.0,1.0,0.0,0.0,0.0,13.0,0.0,13.0,15.68123077,92.66536253,17.08577062114998,4.250379129854915,0.2225263849765257,0.0197263429920586,213.0,-0.2108584090909091,0.0242155165857822,44.0,0.2205287548638132,0.0204227210757873,257.0,3.199162925932768,0.007464481115415,0.0823754564629092,0.0054915718041147,20.18860920537577,1.1018921100377457,"The ZNF2 gene, part of the zinc finger protein family, has been implicated in various cellular processes, including transcriptional regulation and chromatin remodeling. Dysregulation of ZNF2 expression has been associated with altered cellular growth and differentiation, which can contribute to tumorigenesis. Potential mechanisms linking ZNF2 to cancer involve its role in modulating the expression of oncogenes and tumor suppressor genes, influencing pathways related to cell proliferation, apoptosis, and DNA repair. Additionally, ZNF2 may interact with transcription factors and co-regulators, impacting gene networks critical for maintaining cellular homeostasis. Abnormalities in the function or expression of ZNF2 could therefore contribute to the malignant transformation of cells and the progression of cancer.",0
CEP85L,2427,0.2727272727272727,0.0454545454545454,0.0,0.5454545454545454,0.0,1.0,0.1363636363636363,0.0,0.9184567911936088,0.0,1.7142857142857142,2.2857142857142856,0.9487666034155596,1.0,0.5350454788657036,0.8696648092420683,129707.2,1029.0,0.00788161,1.6191852596322e-07,2.0,0.0,0.0,0.0,0.0,0.0,0.0,2.0,1.0,0.0,0.0,0.0,3.0,12.0,1.0,0.0,0.0,0.0,0.0,6.0,0.0,0.0,2.0,0.0,1.0,0.0,22.0,0.0,20.0,20.05259091,88.82459892,14.44109505878242,0.106626228691524,0.2389163888888887,0.0172974052774922,108.0,-0.278343115942029,0.0275521306404374,276.0,0.2672543489583334,0.0249303492862591,383.0,3.353202401828061,0.0257165946591436,0.0928677230520677,0.006894858797789,18.590739047304933,1.8340149118816256,"The relationship between the CEP85L gene and cancer is not well-established, but some studies suggest potential links. CEP85L is involved in centrosome function and mitotic regulation, which are crucial for maintaining genomic stability. Alterations in centrosome number or function can lead to aneuploidy and chromosomal instability, hallmarks of many cancers. Additionally, CEP85L may play a role in cellular responses to stress and DNA damage, which are critical factors in tumorigenesis. Dysregulation of these processes could contribute to cancer development, but further investigation is required to clarify the mechanisms and significance of CEP85L in various cancer types.",0
RINL,1701,0.1818181818181818,0.0,0.0,0.6363636363636364,0.0,1.0,0.0909090909090909,0.0,0.9474427588512933,0.0909090909090909,2.333333333333333,3.0,0.4395604395604396,1.0,0.7507507507507507,0.9659771562448928,1989663.0,219.0,0.02996662,0.0,0.0,0.0,0.0,2.0,0.0,0.0,0.0,1.0,0.0,0.0,0.0,0.0,0.0,7.0,0.0,0.0,0.0,0.0,0.0,2.0,1.0,0.0,1.0,0.0,0.0,0.0,12.0,0.0,12.0,16.31633333,91.39992806,20.148460646669523,3.2820346699496,0.3692601754385963,0.1133684223770616,228.0,-0.3496234394904459,0.0792133042021965,157.0,0.3612524675324678,0.0992910397165515,385.0,3.1533095921666883,0.0199198685995463,0.111514500398345,0.0145173604745375,17.61443659670479,2.760369550410537,"The RINL gene (Ribosome biogenesis in the nucleus like) has been implicated in various cellular processes, including ribosome biogenesis and the regulation of cell proliferation. Alterations in the expression or function of RINL have potential implications for oncogenesis, as aberrations in ribosome biogenesis can lead to altered protein synthesis and cellular growth. Increased ribosomal activity and protein synthesis are often associated with tumorigenesis and cancer progression. Furthermore, RINL may interact with tumor suppressor pathways or oncogenes, influencing cellular stress responses and apoptosis, which are critical in the development and maintenance of cancer. However, the specific mechanisms linking RINL to cancer development and progression remain an area of ongoing research, and further studies are needed to clarify its role in oncogenic processes.",0
DDX28,1623,0.5,0.0,0.0,0.5,0.0,1.0,0.0,0.0,1.0,0.0,0.8,0.8,1.0,1.0,0.589622641509434,0.9011040904302544,863919.1,158.0,0.05440396,3.175938248327204e-05,27.0,0.0,0.0,0.0,0.0,0.0,0.0,0.0,0.0,0.0,0.0,0.0,0.0,4.0,0.0,0.0,0.0,0.0,0.0,4.0,0.0,0.0,0.0,0.0,0.0,0.0,8.0,0.0,5.0,14.31925,146.1478354,23.18261039152104,2.472202394327604,0.2382150943396225,0.0202573734289467,159.0,-0.3078743333333333,0.0323540258151036,210.0,0.2778585636856368,0.0282655986090726,369.0,3.2208335313068543,0.0063720988590519,0.0420018815840212,0.006572666873231,17.640496784390614,4.330832017660956,"The DDX28 gene encodes a member of the DEAD-box RNA helicase family, which is involved in various aspects of RNA metabolism, including RNA splicing, translation, and ribosome biogenesis. Dysregulation of RNA processing and translation has been implicated in cancer development and progression. Alterations in DDX28 expression may influence cellular proliferation and survival by affecting the stability and translation of oncogenes or tumor suppressor genes. Additionally, aberrant helicase activity could disrupt the normal function of RNA metabolism, contributing to genomic instability and the altered tumor microenvironment. While specific links between DDX28 and cancer remain under investigation, its role in RNA processing suggests potential mechanisms through which it may influence cancer biology.",0
LCNL1,495,0.1428571428571428,0.0,0.0,0.7142857142857143,0.0,1.0,0.1428571428571428,0.0,1.0,0.0,2.5,3.0,1.0,1.0,0.2486325211337643,0.5946741152039933,1979517.0,188.0,0.03406115,0.0,0.0,0.0,0.0,0.0,0.0,0.0,0.0,1.0,0.0,0.0,0.0,0.0,0.0,5.0,0.0,0.0,0.0,0.0,0.0,1.0,0.0,0.0,1.0,0.0,0.0,0.0,6.0,0.0,7.0,11.46583333,60.58928657,21.88701420269522,1.8204614569819408,0.2638164016874681,0.0370683991865753,190.13201675643327,-0.2623792743604192,0.0349935889004216,187.6534410532616,0.2724842722630945,0.0397860230283488,377.6466786355476,1.3889023746456917,0.8045374491314324,0.111514500398345,0.0145173604745375,20.060674391099585,2.322449260305919,"The relationship between the LCNL1 gene and cancer is currently not well elucidated in the scientific literature. However, some studies suggest that genes involved in regulatory pathways associated with cell proliferation, differentiation, and apoptosis may play roles in cancer development. If LCNL1 is linked to such pathways, it could potentially influence tumorigenesis through mechanisms such as alteration of cellular growth signals, modulation of the tumor microenvironment, or interactions with other oncogenic or tumor suppressor factors. Further research is necessary to clarify any direct roles and to uncover underlying mechanisms pertaining to LCNL1 in the context of cancer.",0
SMIM7,228,0.0,0.0,0.0,1.0,0.0,1.0,0.0,0.0,1.0,0.0,3.0,3.0,1.0,1.0,0.0275580786507564,0.1265318034118652,980514.3,362.0,0.04063003,0.0,1.0,0.0,0.0,0.0,0.0,0.0,0.0,0.0,0.0,0.0,0.0,0.0,0.0,3.0,0.0,0.0,0.0,0.0,0.0,0.0,0.0,0.0,0.0,0.0,0.0,0.0,3.0,0.0,3.0,31.56666667,7.163333333,21.88701420269522,1.8204614569819408,0.3188429878048781,0.05116739133519,164.0,-0.2202753554502368,0.0126913483211825,211.0,0.2633822666666667,0.0318235175892335,375.0,3.5077022652429752,0.0031652830630543,0.0580274398728705,0.0125989124328643,20.060674391099585,2.322449260305919,"The relationship between the SMIM7 gene and cancer is not well established in the literature, and current findings are limited. However, some studies suggest that SMIM7 may play a role in cellular processes such as cell proliferation and apoptosis, which are fundamental to tumorigenesis. Additionally, alterations in the expression of genes like SMIM7 could impact cellular microenvironment interactions and signaling pathways that regulate tumor growth and metastasis. Exploration of its potential involvement in cancer may require further investigation into its regulatory mechanisms and expression patterns in various tumor types.",0
ZFP41,600,0.3636363636363636,0.0,0.0,0.5454545454545454,0.0,1.0,0.0909090909090909,0.0,0.9474427588512933,0.0,1.2,1.4,1.0,1.0,1.0,1.0,1657385.0,389.0,0.01935136,6.373624366254237e-05,43.0,0.0,0.0,0.0,0.0,0.0,0.0,1.0,0.0,0.0,0.0,0.0,0.0,6.0,0.0,0.0,0.0,0.0,0.0,4.0,0.0,0.0,1.0,0.0,0.0,0.0,10.0,0.0,11.0,9.7483,91.60547623,21.88701420269522,1.8204614569819408,0.362184777777778,0.0653224048018435,450.0,-0.2551535616438355,0.0237511914954718,73.0,0.347245430210325,0.0608417336896134,523.0,3.218557732243769,0.0171663332339959,0.0653110943807331,0.0151065047271935,20.060674391099585,2.322449260305919,"The ZFP41 gene, which encodes a zinc finger protein, has been implicated in various cellular processes, including development and differentiation. Emerging studies suggest a potential relationship between ZFP41 and cancer, as alterations in its expression may influence the regulatory networks governing cell proliferation and apoptosis. Mechanistically, ZFP41 may act as a transcriptional regulator, modulating the expression of genes involved in tumorigenesis. Dysregulation of ZFP41 expression could disrupt these networks, leading to aberrant cellular behaviors associated with cancer, such as enhanced migration, invasion, and resistance to cell death. Furthermore, its interaction with other signaling pathways could contribute to tumor microenvironment adaptation and immune evasion, although the precise roles and implications in specific cancer types remain to be fully elucidated.",0
PLEKHM1,3171,0.1666666666666666,0.0833333333333333,0.0,0.75,0.0,1.0,0.0,0.0,1.0,0.0,3.0,3.333333333333333,0.6724949562878278,1.0,0.16220600162206,0.4572405736603905,748554.2,327.0,0.01197422,5.622485680323787e-07,7.0,5.0,0.0,0.0,0.0,0.0,0.0,0.0,0.0,0.0,0.0,0.0,0.0,9.0,1.0,0.0,0.0,0.0,0.0,2.0,0.0,0.0,0.0,1.0,0.0,0.0,16.0,0.0,15.0,17.3469375,98.17318793,21.324227365419823,2.6113909947995086,0.2356832608695653,0.0192274160854834,183.0,-0.2596877049180329,0.0179725034452531,183.0,0.2476527792915532,0.0186953004141123,366.0,3.4149727507624275,0.0097995859900379,0.0,0.0,21.93131944294523,0.8003463625232222,"The PLEKHM1 gene has been implicated in various cellular processes, including vesicle trafficking and autophagy, which are critical for maintaining cellular homeostasis. Dysregulation of these processes can contribute to tumorigenesis and cancer progression. Specifically, altered autophagic activity can influence cancer cell survival and proliferation, as cancer cells often exploit autophagy for nutrient acquisition and stress resistance. Additionally, aberrant vesicle trafficking may affect the secretion of signaling molecules that promote oncogenic pathways. Therefore, while direct associations between PLEKHM1 and specific cancer types may not be fully established, its roles in fundamental cellular mechanisms suggest potential involvement in cancer biology.",0
DBNDD2,792,0.375,0.0,0.0,0.5,0.0,1.0,0.125,0.0,1.0,0.0,1.0,1.25,1.0,1.0,0.6230529595015576,0.9178341162504544,1037999.0,382.0,0.03508761,6.963941168995446e-07,5.0,0.0,0.0,0.0,0.0,0.0,0.0,1.0,0.0,0.0,0.0,0.0,2.0,4.0,0.0,0.0,0.0,0.0,0.0,3.0,0.0,0.0,1.0,0.0,0.0,0.0,9.0,0.0,9.0,16.85511111,61.75068286,21.88701420269522,1.8204614569819408,0.3340525915492959,0.0498467798938298,355.0,-0.2271932786885246,0.0205242898024043,61.0,0.3183833173076925,0.0469195958251135,416.0,3.445273144109579,0.0157981009099092,0.0931964163174402,0.0128367023630638,17.771741232988884,4.183564072679437,"The relationship between the DBNDD2 gene and cancer is not well-established, but some studies suggest potential involvement in tumorigenesis. DBNDD2 may participate in regulating cellular processes such as proliferation and apoptosis, which are critical in cancer development. Aberrant expression or mutation of this gene could disrupt normal cellular signaling pathways, leading to unregulated cell growth or resistance to programmed cell death. Additionally, DBNDD2 might play a role in the modulation of RNA metabolism and gene expression, potentially influencing the tumor microenvironment and cancer progression. Further research is needed to clarify its specific roles and interactions in the context of various cancers.",0
PLEKHG5,3258,0.2857142857142857,0.0476190476190476,0.0,0.5714285714285714,0.0,1.0,0.0476190476190476,0.0476190476190476,0.9783171191717186,0.0,1.7142857142857142,2.142857142857143,0.7479431563201197,1.0,0.6697923643670463,0.9382367840301764,644634.2,203.0,0.04368039,2.6874624877493684e-06,5.0,0.0,0.0,1.0,0.0,0.0,0.0,1.0,0.0,0.0,1.0,0.0,2.0,12.0,1.0,0.0,0.0,0.0,0.0,6.0,1.0,0.0,2.0,0.0,0.0,0.0,23.0,0.0,22.0,17.25308696,115.0524845,19.07488062742531,1.048491015677853,0.2433123762376236,0.024182203794297,101.0,-0.2670685,0.0232652979224517,260.0,0.2604220498614959,0.0235694026480086,361.0,3.362937977942252,0.0205831967463029,0.0666728946147471,0.0149445294337832,21.633397175207737,1.210880977306782,"Research indicates a potential relationship between the PLEKHG5 gene and cancer, particularly through its involvement in cellular processes such as apoptosis, proliferation, and cytoskeletal organization. PLEKHG5 encodes a protein that acts as a guanine nucleotide exchange factor, influencing Rho GTPases, which play critical roles in cell signaling pathways associated with tumorigenesis. Dysregulation of Rho GTPases can lead to aberrant cell behavior, including enhanced migration, invasion, and resistance to cell death, all of which are hallmarks of cancer. Furthermore, alterations in PLEKHG5 expression have been observed in certain cancers, suggesting a role in tumor biology that may contribute to the complexity of cancer development and progression.",0
PPP6R1,2646,0.2692307692307692,0.0384615384615384,0.0,0.6153846153846154,0.0,1.0,0.0769230769230769,0.0,0.9610929403394044,0.0,2.0,2.375,0.819672131147541,1.0,0.2253775073247689,0.5611851414011209,1035412.0,209.0,0.0045441909999999,0.0001215953221102,50.0,0.0,0.0,1.0,0.0,0.0,1.0,2.0,0.0,0.0,0.0,0.0,0.0,15.0,1.0,0.0,0.0,0.0,0.0,7.0,1.0,0.0,2.0,0.0,0.0,0.0,26.0,0.0,27.0,18.34588462,170.0665632,24.79047886832025,0.6541846968685239,0.2903176237623762,0.0513776281943254,202.0,-0.2599722077922078,0.0229301916696035,154.0,0.2771906741573034,0.0391991206401076,356.0,3.5483795595119267,0.005150781373728,0.0644544669186503,0.0060751185668679,23.265161352674102,1.2112436302715246,"The PPP6R1 gene encodes a regulatory subunit of protein phosphatase 6, which plays a critical role in various cellular processes, including cell cycle regulation, DNA damage response, and apoptosis. Dysregulation of PPP6R1 has been implicated in cancer through mechanisms such as impaired dephosphorylation of critical substrates involved in oncogenic signaling pathways. For instance, aberrant activity of protein phosphatases can lead to the activation of oncogenic proteins or the inhibition of tumor suppressors, contributing to uncontrolled cell proliferation and tumorigenesis. Additionally, alterations in the expression or function of PPP6R1 may disrupt the balance of signaling cascades that govern cellular homeostasis, further linking its dysregulation to the progression of various malignancies.",0
CACNA1E,6942,0.2461538461538461,0.0153846153846153,0.0076923076923076,0.7,0.0,1.0,0.023076923076923,0.0076923076923076,0.9676749672891092,0.0,2.757575757575758,2.9696969696969697,0.9765625,1.0,0.0694589150517469,0.2547072203614793,111355.8,832.0,0.0096536219999999,4.110081547836592e-07,2.0,0.0,0.0,0.0,0.0,0.0,0.0,3.0,0.0,0.0,1.0,0.0,8.0,88.0,2.0,0.0,0.0,0.0,0.0,32.0,4.0,0.0,4.0,1.0,0.0,0.0,133.0,0.0,94.0,21.60690226,103.7832756,22.956975359651366,0.2336673589058437,0.2751157742782153,0.0242551559192015,381.0,-0.2192155555555555,0.0159095429968254,36.0,0.270289856115108,0.0237417682182484,416.0,2.6393443952852227,0.3618669625658839,0.3256439623537244,0.0378318620236279,24.01515410517071,0.5549458659911184,"The CACNA1E gene encodes the alpha-1E subunit of voltage-dependent calcium channels, which play a crucial role in regulating intracellular calcium levels that influence various cellular functions, including proliferation and apoptosis. Aberrant calcium signaling has been implicated in oncogenesis, as altered calcium influx can enhance cell survival and promote the proliferation of cancer cells. Furthermore, calcium channels like those encoded by CACNA1E may contribute to the tumor microenvironment by affecting cell-to-cell communication and modulating the behavior of adjacent stromal cells. Studies have suggested potential associations between altered expression of calcium channel genes and specific cancer types, indicating a need for further investigation into the precise mechanisms linking CACNA1E to tumor biology.",0
COL11A1,5457,0.1884057971014492,0.0869565217391304,0.0797101449275362,0.6304347826086957,0.0217391304347826,0.9915172499385684,0.0144927536231884,0.0,0.8747663089826194,0.0,3.2222222222222223,4.148148148148148,0.0132994640315995,0.5246589716684156,0.8971668415529905,0.82539360717455,37620.0,742.0,-0.01974511,0.0,1.0,0.0,0.0,0.0,0.0,0.0,0.0,2.0,0.0,0.0,0.0,0.0,5.0,85.0,12.0,0.0,0.0,0.0,0.0,25.0,21.0,0.0,2.0,2.0,0.0,0.0,145.0,1.0,97.0,25.11656552,129.1325293,24.36849710634784,4.70528070460929,0.2443909999999999,0.0432866984611764,119.0,-0.2465187341772154,0.0210978804772044,236.0,0.2458035294117646,0.0284566785616655,355.0,3.4198438169447147,0.2746436102017685,0.111514500398345,0.0145173604745375,17.492884236023677,3.179737858003372,"Yes, there is a relationship between the COL11A1 gene and cancer. COL11A1 encodes a collagen type that plays a significant role in extracellular matrix (ECM) composition and structure, and its dysregulation has been implicated in tumor progression. Elevated expression of COL11A1 has been associated with increased cell proliferation, migration, and invasion in various cancer types, possibly through mechanisms involving modulation of ECM stiffness and cellular signaling pathways. This dysregulated expression can enhance the epithelial-mesenchymal transition (EMT), a critical process in metastasis, leading to a more aggressive tumor phenotype. Additionally, COL11A1 may interact with growth factors and cytokines in the tumor microenvironment, further influencing cancer cell behavior and promoting tumorigenesis.",0
TTN,107976,0.2114093959731543,0.072986577181208,0.0033557046979865,0.6778523489932886,0.0,1.0,0.0302013422818791,0.0041946308724832,0.9221814205738876,0.0,3.1936758893280635,3.7154150197628457,0.3298153034300791,1.0,0.00172,0.0126685412996296,172693.3,713.0,0.02289211,0.0004407189879804,46.0,1.0,0.0,0.0,0.0,0.0,0.0,25.0,11.0,0.0,5.0,0.0,186.0,801.0,87.0,0.0,0.0,0.0,0.0,251.0,14.0,0.0,38.0,5.0,14.0,0.0,1324.0,0.0,438.0,19.14321375,160.7953071,24.3588279495047,2.787631008026461,0.2547972532188841,0.0273441285406985,232.0,-0.2152023076923077,0.0127444355805288,65.0,0.2461607718120804,0.0243742714280218,297.0,3.636468987836555,0.1077373733915817,0.111514500398345,0.0145173604745375,22.7114088454378,20.90395912263003,"Yes, there is a relationship between the TTN gene and cancer. The TTN gene encodes for titin, a large protein essential for sarcomere structure and function in muscle cells. Disruptions or mutations in the TTN gene can lead to alterations in cellular mechanics and signaling, which may contribute to tumorigenesis. Additionally, somatic mutations in TTN have been identified in various cancer types, potentially affecting cellular pathways related to cell proliferation, apoptosis, and differentiation. The protein's role in the integrity of the cytoskeleton and mechanotransduction also suggests that TTN mutations might influence the tumor microenvironment and metastasis, providing a link between its dysfunction and cancer progression.",0
DST,15516,0.2457627118644068,0.0762711864406779,0.0,0.5932203389830508,0.0,1.0,0.0847457627118644,0.0,0.9006212695427738,0.0,2.333333333333333,2.966666666666667,0.8976660682226212,1.0,0.9009009009009008,0.9949189327245428,403209.3,446.0,0.02327611,0.0003301431741445,42.0,0.0,0.0,0.0,0.0,0.0,0.0,7.0,3.0,0.0,0.0,0.0,54.0,113.0,15.0,0.0,0.0,0.0,0.0,38.0,3.0,0.0,13.0,1.0,5.0,0.0,214.0,0.0,124.0,16.85217757,101.9031858,25.556419400612,1.6393060204492955,0.2714240594059405,0.0306815493844342,196.0,-0.2460210399999999,0.0283124793884258,122.0,0.2617134250764525,0.0298391659992758,317.0,3.914211674422064,0.0322380538325118,0.0608933132306183,0.0138823493543669,22.77710378363317,1.3000343796920315,"The DST (Dystonin) gene, which encodes a protein involved in maintaining the structural integrity of cell membranes and the cytoskeleton, has been implicated in various cellular processes that could relate to cancer biology. Disruptions in cell adhesion, migration, and signaling pathways due to alterations in the DST gene may contribute to the metastatic potential of cancer cells. Furthermore, the protein's role in maintaining cellular architecture suggests that aberrations in DST expression or function could impact tumor microenvironment interactions, potentially influencing tumor growth and progression. Studies have indicated that dysregulation of cytoskeletal components can affect cellular responses to stress and apoptosis, providing additional pathways through which DST may interrelate with cancer development. However, the specific mechanisms are still under investigation, and further research is needed to elucidate the direct relationships between DST and various cancer types.",0
