Hugo_Symbol,gene length,silent,nonsense,splice site,missense,recurrent missense,normalized missense position entropy,frameshift indel,inframe indel,normalized mutation entropy,lost start and stop,missense to silent,non-silent to silent,inactivating p-value,entropy p-value,vest p-value,combined p-value,expression_CCLE,replication_time,HiC_compartment,gene_betweeness,gene_degree,3'UTR,5'Flank,5'UTR,COULD_NOT_DETERMINE,DE_NOVO_START_IN_FRAME,DE_NOVO_START_OUT_FRAME,Frame_Shift_Del,Frame_Shift_Ins,IGR,In_Frame_Del,In_Frame_Ins,Intron,Missense_Mutation,Nonsense_Mutation,Nonstop_Mutation,RNA,START_CODON_INS,START_CODON_SNP,Silent,Splice_Site,Translation_Start_Site,DEL,DNP,INS,SNP,TNP,pnum,cadd_mean,cadd_var,proteome_mean,proteome_var,amp_mean,amp_var,amp_freq,del_mean,del_var,del_freq,abs_mean,abs_var,abs_freq,exp_mean,exp_var,methy_mean,methy_var,Phosphoproteome_mean_in_LUAD,Phosphoproteome_var_in_LUAD,class
ALK,4863.0,0.1818181818181818,0.0909090909090909,0.0,0.7272727272727273,0.0,1.0,0.0,0.0,1.0000000000000002,0.0,2.6666666666666665,3.0,0.7369196757553427,1.0,0.6131207847946045,0.9130553793003536,202198.4,882.0,0.01878041,0.0001553712766941,62.0,0.0,0.0,0.0,0.0,0.0,0.0,0.0,0.0,0.0,0.0,0.0,0.0,7.0,1.0,0.0,0.0,0.0,0.0,2.0,1.0,0.0,0.0,0.0,0.0,11.0,0.0,10,18.29209090909091,194.3232786909091,17.27532744710359,1.8044048500200127,0.1873945454545454,0.0103557038545454,22.0,-0.1787716666666666,0.0089323456566666,6.0,0.1855467857142857,0.0097215568670634,28.0,2.702124277325106,0.0766357565569355,0.1659147455022417,0.0146772250912634,17.47894405157192,1.9506476127688115,1
ARAF,1830.0,0.0,0.0,0.0,1.0,0.0,1.0,0.0,0.0,1.0,0.0,1.0,1.0,1.0,1.0,0.5820721769499418,0.8970668356007356,775214.2,477.4336372847011,0.03801457,0.0002822724308158,80.0,0.0,0.0,0.0,0.0,0.0,0.0,0.0,0.0,0.0,0.0,0.0,0.0,1.0,0.0,0.0,0.0,0.0,0.0,0.0,0.0,0.0,0.0,0.0,0.0,1.0,0.0,1,22.2,0.0,23.92631248296123,0.0424633350806116,0.3000416666666666,0.0129939081766666,6.0,-0.19627375,0.0107107912516666,16.0,0.2245740909090908,0.0129818137300865,22.0,3.524293082861017,0.0029282259239464,0.1479127799149375,0.0323079461802401,24.29763526907848,0.0858808154848281,1
ARID1A,6858.0,0.1111111111111111,0.2222222222222222,0.0,0.5555555555555556,0.0,1.0,0.1111111111111111,0.0,0.8333333333333335,0.0,2.5,4.0,0.0742225191122986,1.0,0.8244023083264633,0.9835916157971254,975965.1,182.0,0.02749164,0.0001071527173352,52.0,0.0,0.0,0.0,0.0,0.0,0.0,1.0,0.0,0.0,0.0,0.0,1.0,5.0,2.0,0.0,0.0,0.0,0.0,1.0,0.0,0.0,1.0,0.0,0.0,9.0,0.0,7,28.466666666666665,83.1375,24.62568787041088,0.0327711926816857,0.1874885,0.0085628402344736,20.0,-0.2070827777777777,0.0099353846330065,18.0,0.1967699999999999,0.0090603456486486,38.0,3.654694708556797,0.0031167593644638,0.0645788759075441,0.0093376709499932,24.623039803449984,0.0373678489976162,1
BRAF,2301.0,0.2222222222222222,0.0,0.0,0.7777777777777778,0.0,1.0,0.0,0.0,1.0,0.0,2.333333333333333,2.333333333333333,1.0,1.0,0.127258844489692,0.3896070401038773,305190.7,616.0,0.02459647,4.782796146716341e-05,42.0,0.0,0.0,0.0,0.0,0.0,0.0,0.0,0.0,0.0,0.0,0.0,0.0,6.0,0.0,0.0,0.0,0.0,0.0,2.0,1.0,0.0,0.0,0.0,0.0,9.0,0.0,9,24.57333333333333,62.49890000000001,23.731850598794257,0.09490621749496,0.2273362790697675,0.0141443663905869,43.0,-0.23795375,0.0282242396267857,8.0,0.2290017647058823,0.0158478689068235,51.0,3.667768012572641,0.0025302336163553,0.0306761831622304,0.0030243941089494,26.20068992701572,0.0469932713958332,1
CDK12,4473.0,0.0,0.0,0.0,1.0,0.0,1.0,0.0,0.0,1.0,0.0,1.0,1.0,1.0,1.0,0.4145936981757877,0.7796253229124955,1409087.0,239.0,0.02758249,0.0001488428391784,25.0,0.0,0.0,0.0,0.0,0.0,0.0,0.0,0.0,0.0,0.0,0.0,0.0,1.0,0.0,0.0,0.0,0.0,0.0,0.0,0.0,0.0,0.0,0.0,0.0,1.0,0.0,1,24.0,0.0,25.99502344538483,0.0607316406687586,0.21694,0.0066607519857142,42.0,-0.2302944444444444,0.0102079959277777,9.0,0.2192513461538461,0.0071126043295248,51.0,3.682049796424234,0.0021890308748055,0.085149002868918,0.0202734758128836,25.717762366332824,0.1176412060723012,1
CDKN2A,504.0,0.2,0.2,0.0,0.6,0.0,1.0,0.0,0.0,0.8277293767706428,0.0,1.5,2.0,0.1014816318246397,1.0,0.0158107766253478,0.0813790713786101,225404.5,357.0,-0.01478296,0.0009592487914759,141.0,0.0,0.0,0.0,0.0,0.0,0.0,0.0,0.0,0.0,0.0,0.0,1.0,3.0,1.0,0.0,0.0,0.0,0.0,1.0,0.0,0.0,0.0,0.0,0.0,6.0,0.0,5,22.84283333333333,130.9458201666666,21.11569161089581,0.5261784428074519,0.2137309999999999,0.0241126914322222,10.0,-0.3683101754385964,0.1944534249553259,57.0,0.3452386567164178,0.1713589313905925,67.0,2.966032700555404,0.1361836987286258,0.1144365113623354,0.0150513224993924,20.715476093356216,0.5110193164887934,1
EGFR,3633.0,0.0588235294117647,0.0,0.0,0.6078431372549019,0.4509803921568627,0.5118645323896575,0.0,0.3333333333333333,0.500663999987932,0.0,7.75,12.0,1.0,0.0,0.0,2.402585092994044e-09,423489.1,336.0,-0.01337574,0.0179367157403319,800.0,0.0,0.0,0.0,0.0,0.0,0.0,0.0,0.0,0.0,17.0,0.0,0.0,32.0,0.0,0.0,0.0,0.0,0.0,2.0,1.0,0.0,17.0,1.0,0.0,34.0,0.0,43,27.708294117647057,47.45043106238859,25.64159503191102,0.489578950509108,0.5615408771929826,0.5682884217438599,57.0,-0.2907333333333333,0.0192409434333333,3.0,0.5480005000000002,0.5435871724251697,60.0,3.7769984216331167,0.0202356128618428,0.054569822227178,0.0092367956195961,24.943418686625808,0.1682032777460316,1
ERBB2,3768.0,0.5,0.0,0.0,0.0,0.0,1.0,0.0,0.5,1.0,0.0,0.0,0.5,1.0,1.0,1.0,1.0,1284992.0,226.0,0.03763767,0.0006619838994493,122.0,0.0,0.0,0.0,0.0,0.0,0.0,0.0,0.0,0.0,0.0,1.0,0.0,0.0,0.0,0.0,0.0,0.0,0.0,1.0,0.0,0.0,0.0,0.0,1.0,1.0,0.0,2,9.663,0.0,24.79927200969558,0.1951076098022549,0.2162771428571429,0.0068038552160278,42.0,-0.2302944444444444,0.0102079959277777,9.0,0.2187507843137255,0.0072415665993725,51.0,3.764854707253981,0.0065386627690861,0.0780960596081114,0.0109494912257042,22.912738040525102,0.1695193797868261,1
FBXW7,2124.0,0.0,0.3333333333333333,0.0,0.3333333333333333,0.0,1.0,0.0,0.3333333333333333,1.0,0.0,1.0,3.0,0.3359086328518643,1.0,0.8,0.9785148410513678,117295.2,501.0,0.05094051,0.0008262700665131,96.0,0.0,0.0,0.0,0.0,0.0,0.0,0.0,0.0,0.0,1.0,0.0,0.0,1.0,1.0,0.0,0.0,0.0,0.0,0.0,0.0,0.0,1.0,0.0,0.0,2.0,0.0,3,29.9,74.42000000000002,22.38831957824558,0.2732951570818658,0.1914518181818181,0.0058844423963636,11.0,-0.2158048148148148,0.008323308479772,27.0,0.2087552631578947,0.0075644795283072,38.0,3.559102331866176,0.0031497000065882,0.0811383305416005,0.0186891290548079,20.715476093356216,0.5110193164887934,1
FGFR1,2562.0,0.0,0.0,0.0,1.0,0.0,1.0,0.0,0.0,1.0,0.0,1.0,1.0,1.0,1.0,0.6653359946773121,0.9364358687763392,841062.1,381.0,0.04749547,0.0002704401658439,44.0,0.0,0.0,0.0,0.0,0.0,0.0,0.0,0.0,0.0,0.0,0.0,2.0,1.0,0.0,0.0,0.0,0.0,0.0,0.0,1.0,0.0,0.0,0.0,1.0,3.0,0.0,4,22.856666666666666,119.61063333333335,18.734956354492496,0.2066975396312515,0.442292,0.5535989645028571,15.0,-0.2924892499999999,0.0228336608532692,40.0,0.3333445454545454,0.1645501426067339,55.0,3.503574497031197,0.0110312362068351,0.1252228391506834,0.0233021717196457,14.099395151954369,0.8567400844489415,1
FGFR2,2469.0,0.0,0.0,0.0,1.0,0.0,1.0,0.0,0.0,1.0,0.0,2.0,2.0,1.0,1.0,0.6067961165048543,0.9099286598830582,204199.6,386.0,-0.008783812,6.552224830111998e-05,21.0,0.0,0.0,0.0,0.0,0.0,0.0,0.0,0.0,0.0,0.0,0.0,0.0,2.0,0.0,0.0,0.0,0.0,0.0,0.0,0.0,0.0,0.0,0.0,0.0,2.0,0.0,2,24.4,14.580000000000002,16.47575104161037,0.2156918927490796,0.2244233333333333,0.018157599875,9.0,-0.2120381081081081,0.0105195577435435,37.0,0.214461304347826,0.0116683403449275,46.0,3.415605524123825,0.0187081550140729,0.2081589446564539,0.0185014545298477,16.65507774045989,0.5473845330342115,1
FGFR3,2427.0,0.0,0.0,0.0,0.5,0.0,1.0,0.5,0.0,1.0,0.0,1.0,2.0,1.0,1.0,0.3291639236339697,0.694930679451475,859387.6,222.0,0.04176044,0.0003301336253256,38.0,0.0,0.0,0.0,0.0,0.0,0.0,1.0,0.0,0.0,0.0,0.0,0.0,1.0,0.0,0.0,0.0,0.0,0.0,0.0,0.0,0.0,1.0,0.0,0.0,1.0,0.0,2,23.8,0.0,22.38831957824558,0.2732951570818658,0.2463509090909091,0.0149788443490909,11.0,-0.2422031578947368,0.0123328609005847,19.0,0.2437239999999999,0.0128241307972413,30.0,3.258245486994445,0.0837062977069338,0.0458387691624168,0.0103006381993757,17.560262287824138,0.4274914310680022,1
KRAS,570.0,0.0,0.0,0.0,1.0,0.9142857142857144,0.1087587570569768,0.0,0.0,0.0976182415201891,0.0,35.0,35.0,1.0,0.0,0.0,2.402585092994044e-09,259193.5,512.0,0.0163317999999999,0.0002688487762933,37.0,0.0,0.0,0.0,0.0,0.0,0.0,0.0,0.0,0.0,0.0,0.0,0.0,35.0,0.0,0.0,0.0,0.0,0.0,0.0,0.0,0.0,0.0,0.0,0.0,35.0,0.0,35,31.045714285714283,6.216672268907562,24.62245811358868,0.0443346383121544,0.36723,0.0816911527909091,23.0,-0.2240133333333333,0.0140970121188405,24.0,0.2940980851063829,0.0513550423679925,47.0,3.5978449610985312,0.0034517717265343,0.0669795010209979,0.017966164162237,20.715476093356216,0.5110193164887934,1
MAP2K1,1182.0,0.0,0.0,0.0,1.0,0.0,1.0,0.0,0.0,1.0,0.0,1.0,1.0,1.0,1.0,0.1495215311004784,0.4336595209004788,506284.5,172.0,0.04311826,0.0001696932650654,53.0,0.0,0.0,0.0,0.0,0.0,0.0,0.0,0.0,0.0,0.0,0.0,0.0,1.0,0.0,0.0,0.0,0.0,0.0,0.0,0.0,0.0,0.0,0.0,0.0,1.0,0.0,1,25.9,0.0,26.41818044273636,0.0547318286438662,0.4023274999999999,0.0554629883583333,4.0,-0.2219962264150943,0.01177194993164,53.0,0.2346510526315789,0.0160621355488721,57.0,3.528972580735162,0.0022722429813142,0.0592094505971922,0.0019019225845617,21.47164732313536,0.1836710329647898,1
MET,4227.0,0.0,0.5,0.0,0.5,0.0,1.0,0.0,0.0,1.0,0.0,1.0,2.0,0.1822489520685256,1.0,0.7189072609633357,0.9561631293611114,558228.1,262.0,0.002308467,7.149723603019666e-05,34.0,0.0,0.0,0.0,0.0,0.0,0.0,0.0,0.0,0.0,0.0,0.0,0.0,1.0,1.0,0.0,0.0,0.0,0.0,0.0,0.0,0.0,0.0,0.0,0.0,2.0,0.0,2,28.380000000000003,148.60879999999997,23.826263219534027,0.5510361016488889,0.2480405555555555,0.0219698874453968,36.0,-0.2273559999999999,0.0228596667822222,10.0,0.2435439130434782,0.0217340324332367,46.0,3.811892102656776,0.025506245189741,0.0424091298464127,0.0112599223783353,21.65263556687865,0.3878947399529716,1
MTOR,7650.0,0.25,0.0,0.0,0.75,0.0,1.0,0.0,0.0,1.0,0.0,1.5,1.5,1.0,1.0,0.5353319057815846,0.8698438649928538,577167.0,416.0,0.03177134,0.0011287275307097,128.0,0.0,0.0,0.0,0.0,0.0,0.0,0.0,0.0,0.0,0.0,0.0,0.0,3.0,0.0,0.0,0.0,0.0,0.0,1.0,0.0,0.0,0.0,0.0,0.0,4.0,0.0,4,20.9525,63.19235833333334,26.26385926228809,0.0316298404586896,0.2055657142857143,0.0111765415957142,21.0,-0.2116554166666666,0.0090766578867753,24.0,0.2088135555555555,0.0098343024870707,45.0,3.70532670234817,0.0012693470272181,0.0941884729704038,0.0162723869202579,24.27714333157456,0.0827207186415791,1
NF1,8520.0,0.2352941176470588,0.2352941176470588,0.0,0.5294117647058824,0.0,1.0,0.0,0.0,0.884870333120835,0.0,1.8,2.6,0.0449054739772778,1.0,0.9569377990430622,0.9990592204945208,462448.7,396.0,0.02610505,8.026580002201245e-05,26.0,0.0,0.0,0.0,0.0,0.0,0.0,0.0,0.0,0.0,0.0,0.0,0.0,7.0,4.0,0.0,0.0,0.0,0.0,4.0,2.0,0.0,0.0,0.0,0.0,17.0,0.0,14,25.986882352941176,128.66268011029413,24.090427623432564,0.0547116458154782,0.2303625714285714,0.0118939756431932,35.0,-0.236475,0.0128180950933333,16.0,0.2322801960784312,0.0119415369059607,50.0,3.803339314051515,0.001635235268654,0.0581254030550077,0.0142156247236473,24.55894054629979,0.0856972674599808,1
NRG1,1938.0,0.1666666666666666,0.0,0.0,0.8333333333333334,0.0,1.0,0.0,0.0,1.0,0.0,2.5,2.5,1.0,1.0,0.1188495364868077,0.3719868059387128,28017.54,952.0,-0.03223809,0.0004965965950077,63.0,0.0,0.0,0.0,0.0,0.0,0.0,0.0,0.0,0.0,0.0,0.0,1.0,5.0,0.0,0.0,0.0,0.0,0.0,1.0,0.0,0.0,0.0,0.0,0.0,7.0,0.0,6,22.59857142857143,47.95568095238095,22.38831957824558,0.2732951570818658,0.317986923076923,0.1245668150230768,13.0,-0.3032036170212766,0.0224857536757631,47.0,0.3064066666666666,0.0429046097887005,60.0,3.131271867083719,0.0174016312089785,0.1595443684293051,0.0254197387738295,18.254232285017714,1.2055381512031496,1
NTRK1,2391.0,0.0,0.0,0.0,1.0,0.0,1.0,0.0,0.0,1.0,0.0,5.0,5.0,1.0,1.0,0.0507433906733648,0.2020081139990077,1505782.0,208.0,0.04542559,0.0551725831502489,1945.0,0.0,0.0,0.0,0.0,0.0,0.0,0.0,0.0,0.0,0.0,0.0,0.0,5.0,0.0,0.0,0.0,0.0,0.0,0.0,0.0,0.0,0.0,0.0,0.0,5.0,0.0,5,20.9734,81.5009878,22.38831957824558,0.2732951570818658,0.3214262025316455,0.024142560103343,78.0,-0.269665,0.00562118045,2.0,0.3201481481481481,0.0236745875677777,80.0,2.3427583316246103,0.1150640323997939,0.1218027674579312,0.0218173320952309,20.715476093356216,0.5110193164887934,1
NTRK2,2517.0,0.1666666666666666,0.3333333333333333,0.1666666666666666,0.3333333333333333,0.0,1.0,0.0,0.0,0.6934264036172708,0.0,1.0,2.5,0.00887,1.0,0.9090909090909092,0.9957365270948408,17423.62,692.0,0.001115233,4.81741941777915e-05,24.0,0.0,0.0,0.0,0.0,0.0,0.0,0.0,0.0,0.0,0.0,0.0,0.0,2.0,2.0,0.0,0.0,0.0,0.0,1.0,1.0,0.0,0.0,0.0,0.0,6.0,0.0,6,32.2,29.76,14.379130627796846,0.6622577219645437,0.167702,0.00170039462,5.0,-0.2279748936170212,0.0137069071429232,47.0,0.222179423076923,0.0128183699349547,52.0,2.9886944429421654,0.0584097436157807,0.1993476875520853,0.0270727851139193,20.715476093356216,0.5110193164887934,1
NTRK3,2520.0,0.2857142857142857,0.0,0.0714285714285714,0.6428571428571429,0.0,1.0,0.0,0.0,0.9624786378518296,0.0,1.8,2.0,0.7490636704119851,1.0,0.1829156758734224,0.4936400255922558,124518.7,730.0,-0.05718258,1.3255979225576116e-05,11.0,0.0,0.0,0.0,0.0,0.0,0.0,0.0,0.0,0.0,0.0,0.0,2.0,9.0,0.0,0.0,0.0,0.0,0.0,4.0,1.0,0.0,0.0,0.0,0.0,16.0,0.0,15,21.5584375,71.39873812916667,22.38831957824558,0.2732951570818658,0.35137,0.0336131441499999,5.0,-0.2286610204081633,0.0118114385135204,49.0,0.2400229629629629,0.0145229817306778,54.0,2.949261158376836,0.0473411490373063,0.1394206165384277,0.0278520496695029,20.715476093356216,0.5110193164887934,1
PIK3CA,3207.0,0.0,0.0,0.0,1.0,0.0,1.0,0.0,0.0,1.0,0.0,4.0,4.0,1.0,1.0,0.0992161920825478,0.3284506450414466,401889.3,613.0,0.01079402,0.0002360604864787,52.0,0.0,0.0,0.0,0.0,0.0,0.0,0.0,0.0,0.0,0.0,0.0,0.0,4.0,0.0,0.0,0.0,0.0,0.0,0.0,0.0,0.0,0.0,0.0,0.0,4.0,0.0,3,28.2,18.160000000000004,22.640573320981108,0.0274325092883951,0.2161872413793103,0.0119342196278325,29.0,-0.231876,0.0102433422673684,20.0,0.2225908163265305,0.0110769815159863,49.0,3.58148328322404,0.0014411884874092,0.0289453724880302,0.0013497398083535,21.78032852105592,0.2237083046117229,1
PPP2R1A,1770.0,0.25,0.0,0.0,0.75,0.0,1.0,0.0,0.0,1.0,0.0,1.5,1.5,1.0,1.0,0.2399232245681382,0.5823983455976647,478210.6,896.0,-0.03843337,0.0021301383204943,205.0,0.0,0.0,0.0,0.0,0.0,0.0,0.0,0.0,0.0,0.0,0.0,0.0,2.0,0.0,0.0,0.0,0.0,0.0,1.0,1.0,0.0,0.0,0.0,0.0,4.0,0.0,3,23.9725,68.83635833333334,28.443384271850828,0.0160037685880177,0.2377564285714285,0.0258995839785714,14.0,-0.2200488095238095,0.0130161494253774,42.0,0.2244757142857143,0.0158845290140259,56.0,3.6917459040299816,0.0017533497830565,0.0832782835585333,0.0177095595550016,20.715476093356216,0.5110193164887934,1
RET,3345.0,0.0,0.25,0.0,0.75,0.0,1.0,0.0,0.0,1.0,0.0,3.0,4.0,0.4214075010535188,1.0,0.2051702913418137,0.5301425841614721,454068.1,563.0,-0.01916108,0.0001403082504264,30.0,0.0,0.0,0.0,0.0,0.0,0.0,0.0,0.0,0.0,0.0,0.0,0.0,3.0,1.0,0.0,0.0,0.0,0.0,0.0,0.0,0.0,0.0,0.0,0.0,4.0,0.0,4,27.725,40.71583333333332,17.54247097150141,2.53258479420937,0.1845263636363636,0.0076843803454545,11.0,-0.2205016,0.0080143823223333,25.0,0.2095091666666667,0.007973581825,36.0,2.808889599819873,0.1556007213762196,0.0851961827227739,0.021342550172421,16.843853884444382,1.2123623342224252,1
SMARCA4,5040.0,0.0769230769230769,0.1538461538461538,0.0769230769230769,0.5384615384615384,0.0,1.0,0.0769230769230769,0.0769230769230769,0.8336995972754957,0.0,3.5,6.0,0.0587544065804935,1.0,0.1526717557251908,0.4396129846789559,1984564.0,190.0,0.04046629,0.0011947079100357,199.0,0.0,0.0,0.0,0.0,0.0,0.0,0.0,1.0,0.0,1.0,0.0,0.0,7.0,2.0,0.0,0.0,0.0,0.0,1.0,1.0,0.0,1.0,0.0,1.0,11.0,0.0,12,31.417454545454543,126.51839127272726,24.86711258223192,0.103744775084391,0.1716766666666666,0.0020093035866666,6.0,-0.2184157142857143,0.0134708242583333,49.0,0.213316909090909,0.0123763598884175,55.0,3.677571526600215,0.0049333001966177,0.0554458482181155,0.0129303241444187,25.25415280282941,0.1795807420565523,1
STK11,1302.0,0.0526315789473684,0.2631578947368421,0.0526315789473684,0.3684210526315789,0.0,1.0,0.2105263157894736,0.0526315789473684,0.5636351232774376,0.0,3.5,9.0,0.0007099999999999,1.0,0.1643385373870172,0.4611054603844684,2214581.0,234.0,0.02882151,0.0002358905073034,41.0,0.0,0.0,0.0,0.0,0.0,0.0,0.0,4.0,0.0,1.0,0.0,0.0,7.0,7.0,0.0,0.0,0.0,0.0,1.0,1.0,0.0,1.0,2.0,4.0,14.0,0.0,20,33.518142857142855,107.56756213186816,20.34146538979889,0.1071059047617327,0.1707471428571428,0.0028081969238095,7.0,-0.2180724999999999,0.0129644676465686,52.0,0.212457627118644,0.0119285306287551,59.0,3.4448433390025577,0.0057009383504939,0.0591421980263124,0.0233095628908095,23.07380786091262,0.4762531542516898,1
TP53,1182.0,0.0428571428571428,0.1142857142857142,0.0428571428571428,0.7,0.1428571428571428,0.9363560438654523,0.0857142857142857,0.0142857142857142,0.7739268477069676,0.0,12.25,16.75,0.00474,0.02684,0.0,4.329503346708236e-06,2069567.0,213.0,0.03424378,0.0165046193260104,833.0,0.0,0.0,0.0,0.0,0.0,0.0,5.0,1.0,0.0,0.0,1.0,0.0,50.0,8.0,0.0,0.0,0.0,0.0,0.0,6.0,0.0,5.0,1.0,2.0,63.0,0.0,67,28.2168253968254,31.86541879160266,20.90011927802899,0.722221169348948,0.25511,0.0009007201,3.0,-0.2587794285714286,0.0175434401764803,70.0,0.2586286301369864,0.0168380214786529,73.0,3.4347180152589707,0.0089024696169387,0.0656290711858052,0.0097031908414312,20.66994346799109,1.4628910089989489,1
AP000812.5,2165.453500045633,0.2356042882615762,0.0526435572028951,0.0215204677495176,0.6686918741811249,0.0001376401614766,0.9998683014815472,0.0173268880750288,0.0015884226893291,0.9899449324980184,0.0026245018405281,1.2830489648823968,1.4740405976522657,0.8740974555764096,0.9997286520032856,0.5251519651795693,0.7527603621408234,597495.5325773084,477.3295061777369,0.0172158450890399,0.0001211400236943,19.50378753308388,0.0,0.0,0.0,0.0,0.0,0.0,0.0,0.0,0.0,0.0,0.0,1.0,0.0,0.0,0.0,0.0,0.0,0.0,0.0,0.0,0.0,0.0,0.0,0.0,1.0,0.0,1,22.2,0.0,22.38831957824558,0.2732951570818658,0.2439837577023083,0.0263409212213065,24.76814004376368,-0.2160694250770577,0.0154478404218812,23.714210664565275,0.2382575554713608,0.0220873076754659,48.45601750547046,0.2841937795997512,0.3887710635866525,0.055959035296773,0.0123608124970973,20.715476093356216,0.5110193164887934,0
TRAV1-1,2165.453500045633,0.2356042882615762,0.0526435572028951,0.0215204677495176,0.6686918741811249,0.0001376401614766,0.9998683014815472,0.0173268880750288,0.0015884226893291,0.9899449324980184,0.0026245018405281,1.2830489648823968,1.4740405976522657,0.8740974555764096,0.9997286520032856,0.5251519651795693,0.7527603621408234,597495.5325773084,477.3295061777369,0.0172158450890399,0.0001211400236943,19.50378753308388,0.0,0.0,1.0,0.0,0.0,0.0,0.0,0.0,0.0,0.0,0.0,0.0,0.0,0.0,0.0,0.0,0.0,0.0,0.0,0.0,0.0,0.0,0.0,0.0,1.0,0.0,1,11.89,0.0,22.38831957824558,0.2732951570818658,0.2439837577023083,0.0263409212213065,24.76814004376368,-0.2160694250770577,0.0154478404218812,23.714210664565275,0.2382575554713608,0.0220873076754659,48.45601750547046,2.8268395389809275,0.1110072453572397,0.1239561871940229,0.0154937824171131,20.715476093356216,0.5110193164887934,0
F9,1386.0,0.1428571428571428,0.0,0.0,0.7142857142857143,0.0,1.0,0.1428571428571428,0.0,1.0,0.0,2.5,3.0,1.0,1.0,0.1642305797339464,0.4609104721015664,69359.77,477.4336372847011,-7.954279e-05,0.0,1.0,0.0,0.0,0.0,0.0,0.0,0.0,1.0,0.0,0.0,0.0,0.0,0.0,4.0,0.0,0.0,0.0,0.0,0.0,1.0,1.0,0.0,1.0,0.0,0.0,6.0,0.0,7,20.052,78.74825600000001,25.65006051714344,0.2386480911384876,0.2776629166666666,0.0383206372998188,24.0,-0.215936,0.00808372093,5.0,0.2670203448275862,0.0331955691820197,29.0,0.0500663237983363,0.0428729130970926,0.1239561871940229,0.0154937824171131,22.24814139419681,0.8494005727625693,0
PUS1,1284.0,0.0,0.0,0.0,1.0,0.0,1.0,0.0,0.0,1.0,0.0,1.0,1.0,1.0,1.0,0.0108906362309686,0.0601146993131358,597317.7823636307,477.4336372847011,0.0172016246025543,2.7903658247533727e-05,34.0,0.0,0.0,0.0,0.0,0.0,0.0,0.0,0.0,0.0,0.0,0.0,0.0,1.0,0.0,0.0,0.0,0.0,0.0,0.0,0.0,0.0,0.0,0.0,0.0,1.0,0.0,1,33.0,0.0,24.35709122835889,0.1435712208301831,0.24277,0.0202617310421052,20.0,-0.1965234782608696,0.0050015780418972,23.0,0.2180334883720929,0.0123306466470653,43.0,3.284840384430632,0.0057848747697506,0.0628328438398589,0.0163962824987938,22.442396428239583,0.1502948364268842,0
NCKAP1,3405.0,0.5,0.0,0.0,0.5,0.0,1.0,0.0,0.0,1.0,0.0,0.5,0.5,1.0,1.0,0.8779631255487269,0.9922306272739642,350473.8,419.0,0.01041814,5.528613039353232e-05,30.0,0.0,0.0,0.0,0.0,0.0,0.0,0.0,0.0,0.0,0.0,0.0,0.0,1.0,0.0,0.0,0.0,0.0,0.0,1.0,0.0,0.0,0.0,0.0,0.0,2.0,0.0,2,15.826,73.78695199999999,26.230148953805298,0.0445339995899112,0.191166,0.0052111739094736,20.0,-0.1846492307692307,0.0095967538576923,13.0,0.1885987878787879,0.0067033734109848,33.0,3.810528565645913,0.0014781151853362,0.125391782945385,0.0092464684631704,21.40114717535805,2.1645868646087494,0
MIR31HG,2165.453500045633,0.2356042882615762,0.0526435572028951,0.0215204677495176,0.6686918741811249,0.0001376401614766,0.9998683014815472,0.0173268880750288,0.0015884226893291,0.9899449324980184,0.0026245018405281,1.2830489648823968,1.4740405976522657,0.8740974555764096,0.9997286520032856,0.5251519651795693,0.7527603621408234,597495.5325773084,477.3295061777369,0.0172158450890399,0.0001211400236943,19.50378753308388,0.0,0.0,0.0,0.0,0.0,0.0,0.0,0.0,0.0,0.0,0.0,0.0,0.0,0.0,0.0,1.0,0.0,0.0,0.0,0.0,0.0,0.0,0.0,0.0,1.0,0.0,1,20.5,0.0,22.38831957824558,0.2732951570818658,0.2494627272727272,0.0357457419618181,11.0,-0.3462530357142856,0.1419060406360714,56.0,0.3303620895522387,0.1249761010773858,67.0,2.8268395389809275,0.1110072453572397,0.1239561871940229,0.0154937824171131,20.715476093356216,0.5110193164887934,0
PBLD,867.0,0.0,0.5,0.0,0.5,0.0,1.0,0.0,0.0,1.0,0.0,1.0,2.0,0.4992511233150274,1.0,0.3175611305176246,0.6818307215366426,490114.7,250.0,0.01671461,1.1594805031445115e-05,12.0,0.0,0.0,0.0,0.0,0.0,0.0,0.0,0.0,0.0,0.0,0.0,0.0,1.0,1.0,0.0,0.0,0.0,0.0,0.0,0.0,0.0,0.0,0.0,0.0,2.0,0.0,2,29.9,8.820000000000004,23.41503155345638,0.5519516067935024,0.2550642857142857,0.017993981595238,7.0,-0.2096653125,0.0113241811418346,32.0,0.2178138461538461,0.0123908270242915,39.0,3.195023351268935,0.0163157609749053,0.1038755755727975,0.0038685298784794,20.715476093356216,0.5110193164887934,0
DTNBP1,1056.0,1.0,0.0,0.0,0.0,0.0,1.0,0.0,0.0,1.0,0.0,0.0,0.0,1.0,1.0,1.0,1.0,118452.5,750.0,0.02375017,0.0005079212496466,122.0,0.0,0.0,0.0,0.0,0.0,0.0,0.0,0.0,0.0,0.0,0.0,1.0,0.0,0.0,0.0,0.0,0.0,0.0,1.0,0.0,0.0,0.0,0.0,0.0,2.0,0.0,2,6.0345,7.9640404999999985,24.753600579839315,0.0316090234703556,0.2152094285714286,0.0105398544584873,35.0,-0.2220583333333333,0.0038530032966666,6.0,0.2162117073170732,0.0094465081495121,41.0,3.2015131418002114,0.0031420116340636,0.0529181115053236,0.0110744255507106,22.547071513997288,0.1460801234079275,0
TSGA10,2097.0,0.0,0.0,0.0,1.0,0.0,1.0,0.0,0.0,1.0,0.0,1.0,1.0,1.0,1.0,0.3258390355164549,0.6912192165648743,504326.7,770.0,0.01866784,6.077393337007603e-05,48.0,0.0,0.0,0.0,0.0,0.0,0.0,0.0,0.0,0.0,0.0,0.0,1.0,1.0,0.0,0.0,0.0,0.0,0.0,0.0,0.0,0.0,0.0,0.0,0.0,2.0,0.0,2,20.45,0.125,22.879758016295728,0.4243947350030346,0.2075704545454546,0.0143807737378787,22.0,-0.1658144444444444,0.0079357267027777,9.0,0.1954477419354839,0.0125539458847311,31.0,3.079609894468686,0.0234806224046407,0.0539835918233933,0.0126586233110088,19.010423480318167,0.5068102301895393,0
CASP14,729.0,0.5,0.0,0.0,0.5,0.0,1.0,0.0,0.0,1.0,0.0,0.5,0.5,1.0,1.0,0.3852080123266564,0.7526855927742079,990596.6,524.0,0.0156725,5.929424427761902e-05,16.0,0.0,0.0,0.0,0.0,0.0,0.0,0.0,0.0,0.0,0.0,0.0,0.0,1.0,0.0,0.0,0.0,0.0,0.0,1.0,0.0,0.0,0.0,0.0,0.0,2.0,0.0,2,14.605,144.33005000000003,13.41129206456824,0.3840225596467606,0.1716766666666666,0.0020093035866666,6.0,-0.220441,0.0135702522540816,50.0,0.2152162499999999,0.0125041445620454,56.0,1.182177782865056,0.519749994874902,0.1239561871940229,0.0154937824171131,20.715476093356216,0.5110193164887934,0
ESRRB,1527.0,0.75,0.0,0.0,0.25,0.0,1.0,0.0,0.0,1.0,0.0,0.25,0.25,1.0,1.0,0.8019246190858059,0.9789419941442656,243524.3,616.0,0.03948194,3.471030927117212e-07,6.0,1.0,0.0,0.0,0.0,0.0,0.0,0.0,0.0,0.0,0.0,0.0,0.0,1.0,0.0,0.0,0.0,0.0,0.0,3.0,0.0,0.0,0.0,0.0,0.0,5.0,0.0,5,13.8304,83.13845229999998,22.38831957824558,0.2732951570818658,0.2839296551724138,0.0326779551963054,29.0,-0.1731421428571428,0.002639181448901,14.0,0.2478593023255813,0.0253614357018826,43.0,2.122243652223177,0.161497677360624,0.1160293549158557,0.0217090915548928,20.715476093356216,0.5110193164887934,0
CORO1C,1584.0,0.0,0.0,0.0,1.0,0.0,1.0,0.0,0.0,1.0,0.0,1.0,1.0,1.0,1.0,0.3031221582297665,0.664934644512411,451217.7,217.0,0.0402124,0.0002341866071144,69.0,0.0,0.0,0.0,0.0,0.0,0.0,0.0,0.0,0.0,0.0,0.0,0.0,0.0,0.0,0.0,0.0,0.0,0.0,0.0,1.0,0.0,0.0,0.0,0.0,1.0,0.0,1,25.2,0.0,28.75246374212019,0.0700978749875693,0.2336140909090909,0.009349105006277,22.0,-0.1924726086956521,0.007142669829249,23.0,0.2125862222222221,0.0084659666013131,45.0,3.706291448234199,0.002279085039264,0.0773264813217957,0.0202897823486122,19.66566958831749,0.4019937430653501,0
MYSM1,2487.0,0.0,0.0,0.0,1.0,0.0,1.0,0.0,0.0,1.0,0.0,2.0,2.0,1.0,1.0,0.1150880423523995,0.3639150486657921,303726.8,517.0,-0.001929321,5.047361644788307e-06,13.0,0.0,0.0,0.0,0.0,0.0,0.0,0.0,0.0,0.0,0.0,0.0,0.0,2.0,0.0,0.0,0.0,0.0,0.0,0.0,0.0,0.0,0.0,0.0,0.0,2.0,0.0,2,26.65,22.444999999999983,24.342214278442228,0.0473023014432885,0.148134,0.0019582299822222,10.0,-0.2099845161290322,0.008169852492258,31.0,0.1948990243902439,0.0072911013390243,41.0,3.593689006950716,0.0015834713969446,0.1239561871940229,0.0154937824171131,21.71640430174079,0.1209562346086888,0
EBF4,2165.453500045633,0.2356042882615762,0.0526435572028951,0.0215204677495176,0.6686918741811249,0.0001376401614766,0.9998683014815472,0.0173268880750288,0.0015884226893291,0.9899449324980184,0.0026245018405281,1.2830489648823968,1.4740405976522657,0.8740974555764096,0.9997286520032856,0.5251519651795693,0.7527603621408234,597495.5325773084,477.3295061777369,0.0172158450890399,0.0001211400236943,19.50378753308388,0.0,0.0,0.0,0.0,0.0,0.0,0.0,0.0,0.0,0.0,0.0,0.0,1.0,0.0,0.0,0.0,0.0,0.0,0.0,0.0,0.0,0.0,0.0,0.0,1.0,0.0,1,21.6,0.0,22.38831957824558,0.2732951570818658,0.2433195454545454,0.0225989060616883,22.0,-0.2311665384615384,0.0082045086635384,26.0,0.2367366666666667,0.0144989315503546,48.0,3.0393119345585964,0.0293515633252753,0.1578556135049732,0.0229080287098753,20.715476093356216,0.5110193164887934,0
ZNF415,1668.0,0.2857142857142857,0.0,0.0,0.7142857142857143,0.0,1.0,0.0,0.0,1.0,0.0,1.6666666666666667,1.6666666666666667,1.0,1.0,0.4837929366231253,0.8350741561198022,392289.8,946.0,-0.04879076,1.8974641371404536e-08,2.0,0.0,0.0,0.0,0.0,0.0,0.0,0.0,0.0,0.0,0.0,0.0,0.0,5.0,0.0,0.0,0.0,0.0,0.0,2.0,0.0,0.0,0.0,0.0,0.0,7.0,0.0,6,11.591571428571427,58.85054128571428,22.38831957824558,0.2732951570818658,0.2377564285714285,0.0258995839785714,14.0,-0.2200488095238095,0.0130161494253774,42.0,0.2244757142857143,0.0158845290140259,56.0,3.094762231494783,0.0295258424774902,0.1784041132471197,0.0189685718556272,20.715476093356216,0.5110193164887934,0
MARCHF10,2165.453500045633,0.2356042882615762,0.0526435572028951,0.0215204677495176,0.6686918741811249,0.0001376401614766,0.9998683014815472,0.0173268880750288,0.0015884226893291,0.9899449324980184,0.0026245018405281,1.2830489648823968,1.4740405976522657,0.8740974555764096,0.9997286520032856,0.5251519651795693,0.7527603621408234,597495.5325773084,477.3295061777369,0.0172158450890399,0.0001211400236943,19.50378753308388,0.0,0.0,0.0,0.0,0.0,0.0,0.0,0.0,0.0,0.0,0.0,0.0,1.0,1.0,0.0,0.0,0.0,0.0,0.0,0.0,0.0,0.0,0.0,0.0,2.0,0.0,2,18.269,324.15672199999995,22.38831957824558,0.2732951570818658,0.2439837577023083,0.0263409212213065,24.76814004376368,-0.2160694250770577,0.0154478404218812,23.714210664565275,0.2382575554713608,0.0220873076754659,48.45601750547046,2.8268395389809275,0.1110072453572397,0.1239561871940229,0.0154937824171131,20.715476093356216,0.5110193164887934,0
C1QTNF6,837.0,0.0,0.0,0.0,1.0,0.0,1.0,0.0,0.0,1.0,0.0,1.0,1.0,1.0,1.0,0.0703135986499789,0.2569814415315233,668970.8,289.0,0.05345842,0.0,1.0,0.0,0.0,0.0,0.0,0.0,0.0,0.0,0.0,0.0,0.0,0.0,0.0,1.0,0.0,0.0,0.0,0.0,0.0,0.0,0.0,0.0,0.0,0.0,0.0,1.0,0.0,1,28.9,0.0,19.45184956183928,1.0894621305220096,0.271408,0.03834005257,5.0,-0.227561875,0.0093636463176861,48.0,0.2316983018867924,0.0115799455605224,53.0,3.2103246172612896,0.0148286498637119,0.1239561871940229,0.0154937824171131,20.715476093356216,0.5110193164887934,0
TBC1D25,2067.0,0.0,0.0,0.0,1.0,0.0,1.0,0.0,0.0,1.0,0.0,1.0,1.0,1.0,1.0,0.7633587786259542,0.9694863642847787,772146.9,477.4336372847011,0.01567646,1.3830670962790734e-06,8.0,0.0,0.0,0.0,0.0,0.0,0.0,0.0,0.0,0.0,0.0,0.0,0.0,1.0,0.0,0.0,0.0,0.0,0.0,0.0,0.0,0.0,0.0,0.0,0.0,1.0,0.0,1,20.2,0.0,19.86061009035566,0.0755207229347301,0.3000416666666666,0.0129939081766666,6.0,-0.1780556249999999,0.00718648658625,16.0,0.2113245454545454,0.0113190639212121,22.0,3.2901457183671616,0.0035491520282474,0.2365478582857146,0.0526900557439772,23.57372837880762,0.2132302769853125,0
CYP21A1P,2165.453500045633,0.2356042882615762,0.0526435572028951,0.0215204677495176,0.6686918741811249,0.0001376401614766,0.9998683014815472,0.0173268880750288,0.0015884226893291,0.9899449324980184,0.0026245018405281,1.2830489648823968,1.4740405976522657,0.8740974555764096,0.9997286520032856,0.5251519651795693,0.7527603621408234,597495.5325773084,477.3295061777369,0.0172158450890399,0.0001211400236943,19.50378753308388,0.0,0.0,0.0,0.0,0.0,0.0,0.0,0.0,0.0,0.0,0.0,0.0,0.0,0.0,0.0,1.0,0.0,0.0,0.0,0.0,0.0,0.0,0.0,0.0,1.0,0.0,1,3.531,0.0,22.38831957824558,0.2732951570818658,0.2439837577023083,0.0263409212213065,24.76814004376368,-0.2160694250770577,0.0154478404218812,23.714210664565275,0.2382575554713608,0.0220873076754659,48.45601750547046,2.8268395389809275,0.1110072453572397,0.1239561871940229,0.0154937824171131,20.715476093356216,0.5110193164887934,0
RLF,5745.0,0.0,1.0,0.0,0.0,0.0,1.0,0.0,0.0,1.0,0.0,0.0,1.0,0.3954132068011072,1.0,1.0,1.0,698659.2,303.0,0.02472919,3.273278847105032e-06,6.0,0.0,0.0,0.0,0.0,0.0,0.0,0.0,0.0,0.0,0.0,0.0,0.0,0.0,1.0,0.0,0.0,0.0,0.0,0.0,0.0,0.0,0.0,0.0,0.0,1.0,0.0,1,38.0,0.0,22.366300869090203,0.1287056556082844,0.3110092,0.1223339748576667,25.0,-0.1984613333333333,0.0089449824695238,15.0,0.26880375,0.0815384226958333,40.0,3.6075240018811736,0.0029017949373395,0.0787639455580018,0.0131153138768186,23.42065888815977,0.3581031112946875,0
DNAJC3,1515.0,0.0,0.0,0.0,1.0,0.0,1.0,0.0,0.0,1.0,0.0,1.0,1.0,1.0,1.0,0.6049606775559588,0.9090089648148136,204387.1,552.0,0.0405114,5.3277160146454346e-06,15.0,0.0,0.0,0.0,0.0,0.0,0.0,0.0,0.0,0.0,0.0,0.0,0.0,1.0,0.0,0.0,0.0,0.0,0.0,0.0,0.0,0.0,0.0,0.0,0.0,1.0,0.0,1,23.1,0.0,26.57178820571853,0.1298675496939257,0.270356,0.0173412326266666,10.0,-0.25108025,0.0146331552435256,40.0,0.2549353999999999,0.0148925833559591,50.0,3.75721630240934,0.0030687765009688,0.0683497855457258,0.0035100310353394,17.967697909745535,0.418896224157453,0
SPATS2,1638.0,0.5,0.5,0.0,0.0,0.0,1.0,0.0,0.0,1.0,0.0,0.0,0.5,0.3376097231600269,1.0,1.0,1.0,2172889.0,217.0,0.04331626,8.323126090663977e-06,7.0,0.0,0.0,0.0,0.0,0.0,0.0,0.0,0.0,0.0,0.0,0.0,0.0,0.0,1.0,0.0,0.0,0.0,0.0,1.0,0.0,0.0,0.0,0.0,0.0,2.0,0.0,2,19.25,630.125,24.19640394473812,0.1346468816864263,0.23045625,0.0075902284916666,16.0,-0.1791005263157895,0.0052307785385964,19.0,0.2025774285714285,0.0067916245255462,35.0,3.462355981566747,0.0039685693196537,0.0471486824211386,0.015953354470133,21.43575091548908,0.2499170873290805,0
PRDM11,3534.0,0.0,0.0,0.0,1.0,0.0,1.0,0.0,0.0,1.0,0.0,3.0,3.0,1.0,1.0,0.1619695497246517,0.4568103216844781,145643.8,592.0,0.01365309,0.0,0.0,0.0,0.0,0.0,0.0,0.0,0.0,0.0,0.0,0.0,0.0,0.0,1.0,3.0,1.0,0.0,0.0,0.0,0.0,0.0,0.0,0.0,0.0,1.0,0.0,4.0,0.0,5,16.855,94.57243333333334,18.386043098842304,0.2389635774795113,0.2416952173913043,0.049431758916996,23.0,-0.2206031578947368,0.018293366922807,19.0,0.2321535714285713,0.0346684907064459,42.0,3.167937443156799,0.0103049145902432,0.0773627735449578,0.010214879591968,20.226644304490858,0.2723592236634113,0
OTULINL,2165.453500045633,0.2356042882615762,0.0526435572028951,0.0215204677495176,0.6686918741811249,0.0001376401614766,0.9998683014815472,0.0173268880750288,0.0015884226893291,0.9899449324980184,0.0026245018405281,1.2830489648823968,1.4740405976522657,0.8740974555764096,0.9997286520032856,0.5251519651795693,0.7527603621408234,597495.5325773084,477.3295061777369,0.0172158450890399,0.0001211400236943,19.50378753308388,0.0,0.0,0.0,0.0,0.0,0.0,0.0,0.0,0.0,0.0,0.0,0.0,1.0,0.0,0.0,0.0,0.0,0.0,1.0,0.0,0.0,0.0,0.0,0.0,2.0,0.0,2,18.053,146.10241800000003,22.38831957824558,0.2732951570818658,0.2439837577023083,0.0263409212213065,24.76814004376368,-0.2160694250770577,0.0154478404218812,23.714210664565275,0.2382575554713608,0.0220873076754659,48.45601750547046,2.8268395389809275,0.1110072453572397,0.1239561871940229,0.0154937824171131,20.715476093356216,0.5110193164887934,0
AMACR,2165.453500045633,0.2356042882615762,0.0526435572028951,0.0215204677495176,0.6686918741811249,0.0001376401614766,0.9998683014815472,0.0173268880750288,0.0015884226893291,0.9899449324980184,0.0026245018405281,1.2830489648823968,1.4740405976522657,0.8740974555764096,0.9997286520032856,0.5251519651795693,0.7527603621408234,597495.5325773084,477.3295061777369,0.0172158450890399,0.0001211400236943,19.50378753308388,0.0,0.0,0.0,0.0,0.0,0.0,0.0,0.0,0.0,0.0,0.0,1.0,0.0,0.0,0.0,0.0,0.0,0.0,0.0,0.0,0.0,0.0,0.0,0.0,1.0,0.0,1,1.14,0.0,22.23612442026321,0.2581256213795204,0.3695812068965517,0.0532672860704476,58.0,-0.1835,0.0154478404218812,1.0,0.3664272881355932,0.0529357695959672,59.0,3.4094802713454566,0.0095080158183942,0.0387908930606106,0.003677977398095,15.03684908487221,0.5734511768144972,0
ITFG1,1839.0,0.0,0.0,0.0,1.0,0.0,1.0,0.0,0.0,1.0,0.0,1.0,1.0,1.0,1.0,0.5694760820045558,0.8901130382761531,489471.5,809.0,-0.004694135,1.0464287314945454e-05,13.0,0.0,0.0,0.0,0.0,0.0,0.0,0.0,0.0,0.0,0.0,0.0,0.0,1.0,0.0,0.0,0.0,0.0,0.0,0.0,0.0,0.0,0.0,0.0,0.0,1.0,0.0,1,22.3,0.0,22.99073740526232,0.1228083041888361,0.2530565624999999,0.0150750698813508,32.0,-0.1740177777777777,0.0043919928300653,18.0,0.2246026,0.012529754615551,50.0,3.610882931116731,0.003032954566956,0.0333794004138679,0.0064633227318398,20.715476093356216,0.5110193164887934,0
SLC15A3,1746.0,0.0,0.0,0.0,1.0,0.0,1.0,0.0,0.0,1.0,0.0,1.0,1.0,1.0,1.0,0.411522633744856,0.7769099824495709,802735.2,546.0,0.05577306,1.6911389637874656e-05,8.0,0.0,0.0,0.0,0.0,0.0,0.0,0.0,0.0,0.0,0.0,0.0,0.0,1.0,0.0,0.0,0.0,0.0,0.0,0.0,0.0,0.0,0.0,0.0,0.0,1.0,0.0,1,11.44,0.0,19.606027835954865,0.204800934101444,0.1854169565217391,0.0060808195857707,23.0,-0.205464,0.0184941916542857,15.0,0.1933302631578948,0.0107120377647937,38.0,3.392906699522644,0.0083009555603998,0.1239561871940229,0.0154937824171131,20.715476093356216,0.5110193164887934,0
MINDY1,2165.453500045633,0.2356042882615762,0.0526435572028951,0.0215204677495176,0.6686918741811249,0.0001376401614766,0.9998683014815472,0.0173268880750288,0.0015884226893291,0.9899449324980184,0.0026245018405281,1.2830489648823968,1.4740405976522657,0.8740974555764096,0.9997286520032856,0.5251519651795693,0.7527603621408234,597495.5325773084,477.3295061777369,0.0172158450890399,0.0001211400236943,19.50378753308388,0.0,0.0,0.0,0.0,0.0,0.0,0.0,0.0,0.0,0.0,0.0,0.0,1.0,0.0,0.0,0.0,0.0,0.0,0.0,0.0,0.0,0.0,0.0,0.0,1.0,0.0,1,4.02,0.0,22.38831957824558,0.2732951570818658,0.2439837577023083,0.0263409212213065,24.76814004376368,-0.2160694250770577,0.0154478404218812,23.714210664565275,0.2382575554713608,0.0220873076754659,48.45601750547046,2.8268395389809275,0.1110072453572397,0.1239561871940229,0.0154937824171131,20.715476093356216,0.5110193164887934,0
TRPV3,2376.0,0.0,0.0,0.0,1.0,0.0,1.0,0.0,0.0,1.0,0.0,2.0,2.0,1.0,1.0,0.1437814521926671,0.4226399461359319,441141.2,442.0,-0.002141431,0.0,0.0,0.0,0.0,0.0,0.0,0.0,0.0,0.0,0.0,0.0,0.0,0.0,0.0,2.0,0.0,0.0,0.0,0.0,0.0,0.0,0.0,0.0,0.0,0.0,0.0,2.0,0.0,2,26.200000000000003,5.119999999999992,22.38831957824558,0.2732951570818658,0.3007014285714286,0.0882820763809524,7.0,-0.2533101470588236,0.0151116779925153,68.0,0.2577333333333334,0.0210328253441441,75.0,2.784696149535669,0.0687100296393002,0.1239561871940229,0.0154937824171131,20.715476093356216,0.5110193164887934,0
CLIP1,4317.0,0.0,0.0,0.0,1.0,0.0,1.0,0.0,0.0,1.0,0.0,1.0,1.0,1.0,1.0,0.4576659038901602,0.8153848185572327,885125.0,222.0,0.04071097,2.7189654142923626e-05,19.0,0.0,0.0,0.0,0.0,0.0,0.0,0.0,0.0,0.0,0.0,0.0,0.0,1.0,0.0,0.0,0.0,0.0,0.0,0.0,0.0,0.0,0.0,0.0,0.0,1.0,0.0,1,25.6,0.0,25.62290977908616,0.0343564984822555,0.2127209523809524,0.0066714450890476,21.0,-0.2086986363636364,0.0081180210599567,22.0,0.2106630232558138,0.0072400279644518,43.0,3.712417349987077,0.0011644300621992,0.0252081519571243,0.0052016944646571,24.54179570165504,0.0551089619423164,0
ZBTB5,2034.0,0.0,0.0,0.0,1.0,0.0,1.0,0.0,0.0,1.0,0.0,4.0,4.0,1.0,1.0,0.4342162396873643,0.7964449070076197,534559.2,337.0,0.03629879,7.498619018736647e-06,10.0,0.0,0.0,0.0,0.0,0.0,0.0,0.0,0.0,0.0,0.0,0.0,0.0,4.0,0.0,0.0,0.0,0.0,0.0,0.0,0.0,0.0,0.0,0.0,0.0,4.0,0.0,4,23.1,0.6466666666666688,18.75267311639724,0.1351595715198567,0.2257716666666667,0.0144960350333333,12.0,-0.2110541860465115,0.0104303563915836,43.0,0.2142652727272728,0.0111030276920538,55.0,3.4150199268642303,0.0025763651893979,0.0609695143650437,0.0068301656304677,21.47214321768581,0.4117433902120806,0
MTA2,2007.0,0.0,0.0,0.0,1.0,0.0,1.0,0.0,0.0,1.0,0.0,2.0,2.0,1.0,1.0,0.1498576352465158,0.4342978471334439,2695768.0,217.0,0.04235029,0.000407982838624,106.0,0.0,0.0,0.0,0.0,0.0,0.0,0.0,0.0,0.0,0.0,0.0,0.0,1.0,0.0,0.0,0.0,0.0,0.0,0.0,1.0,0.0,0.0,0.0,0.0,2.0,0.0,2,26.8,13.520000000000003,26.125013803669177,0.0255920686089011,0.1883168181818182,0.0061677608036796,22.0,-0.2081111111111111,0.0134072717633986,18.0,0.19722425,0.0092647578404487,40.0,3.608859974803414,0.0011745994916714,0.0620048057927239,0.0152475283191983,21.575230369640035,0.1529247645904848,0
TPTE,1656.0,0.3333333333333333,0.0,0.1111111111111111,0.3333333333333333,0.0,1.0,0.2222222222222222,0.0,0.8333333333333335,0.0,0.75,1.5,0.7002801120448179,1.0,0.8517887563884157,0.9884299160186582,30271.38,1268.0,-0.08089775,3.915906846591541e-08,2.0,0.0,0.0,0.0,0.0,0.0,0.0,1.0,1.0,0.0,0.0,0.0,0.0,2.0,1.0,0.0,0.0,0.0,0.0,2.0,2.0,0.0,1.0,0.0,1.0,7.0,0.0,9,5.394,47.745992,22.38831957824558,0.2732951570818658,0.241820625,0.0224106466729166,16.0,-0.2339990909090908,0.0100818247896103,22.0,0.2372923684210526,0.0148228299266714,38.0,1.2189013061592893,0.8225801782433105,0.6920860410930961,0.0344691873798302,20.715476093356216,0.5110193164887934,0
CD1E,1167.0,0.2,0.0,0.0,0.8,0.0,1.0,0.0,0.0,1.0,0.0,2.0,2.0,1.0,1.0,0.651890482398957,0.930820536470055,135429.3,902.0,0.00490778,0.0,0.0,0.0,1.0,0.0,0.0,0.0,0.0,0.0,0.0,0.0,0.0,0.0,2.0,4.0,0.0,0.0,0.0,0.0,0.0,1.0,0.0,0.0,1.0,0.0,0.0,7.0,0.0,7,9.238142857142858,82.69227580952382,22.38831957824558,0.2732951570818658,0.3135727848101265,0.0233630774818889,79.0,-0.21665,0.0154478404218812,1.0,0.31236125,0.0231847676515822,80.0,2.708270298229665,0.2626670089887624,0.1239561871940229,0.0154937824171131,20.715476093356216,0.5110193164887934,0
NBEAL2,8265.0,0.2,0.0,0.0,0.8,0.0,1.0,0.0,0.0,1.0,0.0,2.0,2.0,1.0,1.0,0.5910165484633569,0.9018388068463544,537135.2,371.0,0.0448925,0.0,1.0,0.0,0.0,0.0,0.0,0.0,0.0,0.0,0.0,0.0,0.0,0.0,0.0,4.0,0.0,0.0,0.0,0.0,0.0,1.0,0.0,0.0,0.0,0.0,0.0,5.0,0.0,5,14.904,100.02684050000002,24.29017673070045,0.119104875823867,0.2691375,0.095607570825,4.0,-0.2257355102040816,0.0075047956627551,49.0,0.2290111320754717,0.0125772915602322,53.0,3.5996545043062897,0.0049775979768966,0.0330093791464746,0.0031259208662838,25.00990984586329,0.1078962490171754,0
GJC2,1320.0,0.0,0.0,0.0,1.0,0.0,1.0,0.0,0.0,1.0,0.0,1.0,1.0,1.0,1.0,0.2915451895043732,0.6508922044250287,702357.5,341.0,0.01531641,0.0,1.0,0.0,0.0,0.0,0.0,0.0,0.0,0.0,0.0,0.0,0.0,0.0,0.0,1.0,0.0,0.0,0.0,0.0,0.0,0.0,0.0,0.0,0.0,0.0,0.0,1.0,0.0,1,16.27,0.0,22.38831957824558,0.2732951570818658,0.2762843835616437,0.0170766368055175,73.0,-0.196348,0.0028774240199999,5.0,0.2711602564102564,0.0165055669116217,78.0,2.5492275708835104,0.0503836631567402,0.1239561871940229,0.0154937824171131,20.715476093356216,0.5110193164887934,0
ST3GAL5,1257.0,0.0,0.0,0.3333333333333333,0.6666666666666666,0.0,1.0,0.0,0.0,1.0,0.0,2.0,3.0,0.1965022597759874,1.0,0.7374631268436578,0.9620495497921856,1164530.0,216.0,0.05119547,3.0154147399836484e-07,3.0,0.0,0.0,0.0,0.0,0.0,0.0,0.0,0.0,0.0,0.0,0.0,1.0,2.0,0.0,0.0,0.0,0.0,0.0,0.0,1.0,0.0,0.0,0.0,0.0,4.0,0.0,4,17.400000000000002,177.45793333333333,18.88550021751978,0.4577438108469795,0.202237,0.0112567932536842,20.0,-0.1408133333333333,0.0010485893466666,6.0,0.1880623076923077,0.0094614100024615,26.0,3.53935894631162,0.0165471674856361,0.0455313984126751,0.0117473288579872,16.415779439644886,0.7269380892335333,0
TCF7L1,1767.0,1.0,0.0,0.0,0.0,0.0,1.0,0.0,0.0,1.0,0.0,0.0,0.0,1.0,1.0,1.0,1.0,973960.0,394.0,0.01824163,0.0002084212828953,4.0,0.0,0.0,0.0,0.0,0.0,0.0,0.0,0.0,0.0,0.0,0.0,0.0,0.0,0.0,0.0,0.0,0.0,0.0,1.0,0.0,0.0,0.0,0.0,0.0,1.0,0.0,1,8.639,0.0,13.743360429122047,0.5005274747038405,0.1984985714285714,0.0109874464028571,21.0,-0.1408133333333333,0.0010485893466666,6.0,0.1856796296296296,0.0092507927960113,27.0,2.9175624687894004,0.0407365930748879,0.0512039703555548,0.0121565276751168,18.65785337855932,0.3746887793621762,0
P2RY8,2165.453500045633,0.2356042882615762,0.0526435572028951,0.0215204677495176,0.6686918741811249,0.0001376401614766,0.9998683014815472,0.0173268880750288,0.0015884226893291,0.9899449324980184,0.0026245018405281,1.2830489648823968,1.4740405976522657,0.8740974555764096,0.9997286520032856,0.5251519651795693,0.7527603621408234,597495.5325773084,477.3295061777369,0.0172158450890399,0.0001211400236943,19.50378753308388,0.0,0.0,0.0,0.0,0.0,0.0,0.0,0.0,0.0,0.0,0.0,0.0,3.0,0.0,0.0,0.0,0.0,0.0,1.0,0.0,0.0,0.0,0.0,0.0,4.0,0.0,4,11.05125,26.54493958333333,22.38831957824558,0.2732951570818658,0.3689057142857143,0.0989908143619047,7.0,-0.2611890322580645,0.0177754538356989,31.0,0.2810315789473685,0.0322558668460881,38.0,2.977260041813832,0.0243661803410228,0.1239561871940229,0.0154937824171131,22.18675119876158,0.4072797620881696,0
PRDM15,4524.0,0.0,0.0,0.0,1.0,0.0,1.0,0.0,0.0,1.0,0.0,1.0,1.0,1.0,1.0,0.0799616184231568,0.2819613408879823,279379.9,366.0,0.03505425,0.0,2.0,0.0,0.0,0.0,0.0,0.0,0.0,0.0,0.0,0.0,0.0,0.0,0.0,0.0,0.0,0.0,0.0,0.0,0.0,0.0,1.0,0.0,0.0,0.0,0.0,1.0,0.0,1,34.0,0.0,19.284767643408973,0.1240639680743243,0.2679695,0.0246492568365789,20.0,-0.2021808695652174,0.0055570274992094,23.0,0.2327802325581394,0.0151640847404208,43.0,3.361428439819776,0.0029566685339323,0.0601953549932548,0.0078576560786661,12.31578105527297,0.1059532658796853,0
NFKBID,942.0,0.5,0.0,0.0,0.5,0.0,1.0,0.0,0.0,1.0,0.0,0.5,0.5,1.0,1.0,0.3795066413662239,0.7472042436407309,1060028.0,321.0,0.04707956,7.425716214666519e-07,4.0,0.0,0.0,0.0,0.0,0.0,0.0,0.0,0.0,0.0,0.0,0.0,0.0,1.0,0.0,0.0,0.0,0.0,0.0,1.0,0.0,0.0,0.0,0.0,0.0,2.0,0.0,2,18.313,321.919938,22.38831957824558,0.2732951570818658,0.3400452380952381,0.0686963857861904,21.0,-0.2013278571428571,0.0116088740100529,28.0,0.260778163265306,0.0399641136528061,49.0,2.994851849928464,0.0102490324090809,0.1066861921902908,0.0069243897098816,20.715476093356216,0.5110193164887934,0
DCAF10,1680.0,0.0,0.0,0.0,1.0,0.0,1.0,0.0,0.0,1.0,0.0,1.0,1.0,1.0,1.0,0.514668039114771,0.8565276224371091,477149.1,524.0,0.03498317,9.550750473998966e-06,16.0,0.0,0.0,0.0,0.0,0.0,0.0,0.0,0.0,0.0,0.0,0.0,0.0,2.0,0.0,0.0,0.0,0.0,0.0,0.0,0.0,0.0,0.0,1.0,0.0,1.0,0.0,2,26.1,0.0,21.782244453517947,0.0596617825992922,0.2257716666666667,0.0144960350333333,12.0,-0.2110541860465115,0.0104303563915836,43.0,0.2142652727272728,0.0111030276920538,55.0,3.545767151738312,0.0021246522997445,0.0498406040184531,0.0083978603365665,22.36444710933004,0.0920566835879532,0
KLKB1,1917.0,1.0,0.0,0.0,0.0,0.0,1.0,0.0,0.0,1.0,0.0,0.0,0.0,1.0,1.0,1.0,1.0,371112.3,606.0,-0.002062311,5.6006659848700736e-08,2.0,0.0,0.0,0.0,0.0,0.0,0.0,0.0,0.0,0.0,0.0,0.0,0.0,0.0,0.0,0.0,0.0,0.0,0.0,1.0,0.0,0.0,0.0,0.0,0.0,1.0,0.0,1,6.541,0.0,25.70402296547191,0.1789123958662955,0.1982672727272727,0.0143609640018181,11.0,-0.2336468965517241,0.0160896812507389,29.0,0.2239175,0.015489824726923,40.0,2.55415224232212,0.0707371041214766,0.1239561871940229,0.0154937824171131,20.715476093356216,0.5110193164887934,0
ASPA,942.0,0.5,0.0,0.0,0.5,0.0,1.0,0.0,0.0,1.0,0.0,0.5,0.5,1.0,1.0,0.7369196757553427,0.9618838473491024,403114.8,442.0,0.005807341,0.0,3.0,0.0,0.0,0.0,0.0,0.0,0.0,0.0,0.0,0.0,0.0,0.0,0.0,1.0,0.0,0.0,0.0,0.0,0.0,1.0,0.0,0.0,0.0,0.0,0.0,2.0,0.0,2,12.3305,34.93644050000002,22.34927561495912,0.2317434407094439,0.3007014285714286,0.0882820763809524,7.0,-0.2529977611940299,0.0153339064933966,67.0,0.2575102702702704,0.0213171633341725,74.0,2.8343341643150466,0.0258411100851279,0.1239561871940229,0.0154937824171131,20.715476093356216,0.5110193164887934,0
ZNF880,1734.0,0.0,0.0,0.0,1.0,0.0,1.0,0.0,0.0,1.0,0.0,1.0,1.0,1.0,1.0,0.7012622720897616,0.950121544173986,526379.5,960.0,-0.03166251,0.0,0.0,0.0,0.0,0.0,0.0,0.0,0.0,0.0,0.0,0.0,0.0,0.0,1.0,1.0,0.0,0.0,0.0,0.0,0.0,0.0,0.0,0.0,0.0,0.0,0.0,2.0,0.0,2,0.146,0.026912,22.38831957824558,0.2732951570818658,0.2377564285714285,0.0258995839785714,14.0,-0.2200488095238095,0.0130161494253774,42.0,0.2244757142857143,0.0158845290140259,56.0,3.2298987423856524,0.0160474190950999,0.1948748108546192,0.0505727108731866,20.715476093356216,0.5110193164887934,0
PPP1R7,1083.0,0.0,0.0,1.0,0.0,0.0,1.0,0.0,0.0,1.0,0.0,0.0,1.0,0.1046901172529313,1.0,1.0,1.0,1363901.0,233.0,0.03497293,5.8721772787888574e-05,25.0,0.0,0.0,0.0,0.0,0.0,0.0,0.0,0.0,0.0,0.0,0.0,0.0,0.0,0.0,0.0,0.0,0.0,0.0,0.0,1.0,0.0,0.0,0.0,0.0,1.0,0.0,1,32.0,0.0,27.022438755285847,0.0420378867230846,0.2439837577023083,0.0263409212213065,24.76814004376368,-0.2160694250770577,0.0154478404218812,23.714210664565275,0.2382575554713608,0.0220873076754659,48.45601750547046,3.475679163125581,0.0017295677280481,0.0532710567266518,0.0153032141556108,27.69370264051156,0.0855631112305295,0
AHSG,1104.0,0.0,0.0,0.0,1.0,0.0,1.0,0.0,0.0,1.0,0.0,1.0,1.0,1.0,1.0,0.3389830508474576,0.7056966679158403,508315.8,436.0,0.04511263,0.0001315649937284,16.0,0.0,0.0,1.0,0.0,0.0,0.0,0.0,0.0,0.0,0.0,0.0,0.0,1.0,0.0,0.0,0.0,0.0,0.0,0.0,0.0,0.0,0.0,0.0,0.0,2.0,0.0,2,5.3925,48.7578125,29.263941214821003,0.1466662419983305,0.2048324999999999,0.0086402530935185,28.0,-0.228309,0.0091118203778947,20.0,0.2146143749999999,0.0087838608081117,48.0,0.453781152821737,0.3969224626552654,0.1239561871940229,0.0154937824171131,30.320471844184883,0.559814792880287,0
UBE2A,459.0,0.0,0.0,0.0,1.0,0.0,1.0,0.0,0.0,1.0,0.0,1.0,1.0,1.0,1.0,0.0776096235933255,0.2759847764147713,663614.5,477.4336372847011,0.0484895,0.0001996133342089,69.0,0.0,0.0,0.0,0.0,0.0,0.0,0.0,0.0,0.0,0.0,0.0,1.0,1.0,0.0,0.0,0.0,0.0,0.0,0.0,0.0,0.0,0.0,0.0,0.0,2.0,0.0,2,25.0,0.5,23.40982449034145,0.0361863861780151,0.2807888888888888,0.0448240543869281,18.0,-0.2046216666666666,0.0160856796566666,6.0,0.2617470833333333,0.0377627751606884,24.0,3.503219700489672,0.0026204319379901,0.2026072885139911,0.0494475075340382,20.715476093356216,0.5110193164887934,0
ARHGAP32,6264.0,0.1428571428571428,0.1428571428571428,0.0,0.7142857142857143,0.0,1.0,0.0,0.0,1.0,0.0,2.5,3.0,0.5730659025787965,1.0,0.9057971014492754,0.9954166194337896,195814.9,546.0,-0.011103,7.870230849988263e-05,33.0,0.0,0.0,0.0,0.0,0.0,0.0,0.0,0.0,0.0,0.0,0.0,0.0,5.0,1.0,0.0,0.0,0.0,0.0,1.0,0.0,0.0,0.0,0.0,0.0,7.0,0.0,6,21.25142857142857,74.86451428571428,23.007213822661207,0.09768442337634,0.2480591304347826,0.0224388033355731,23.0,-0.23884125,0.0100258940116666,16.0,0.2442774358974359,0.0169695748774628,39.0,3.6177900836748793,0.0046833492321814,0.1239561871940229,0.0154937824171131,24.20425040929961,0.1591776397583258,0
BMI1,981.0,0.0,0.0,0.0,1.0,0.0,1.0,0.0,0.0,1.0,0.0,1.0,1.0,1.0,1.0,0.462962962962963,0.8194945470815156,195914.8,462.0,0.02308682,0.0025866721006338,359.0,0.0,0.0,0.0,0.0,0.0,0.0,0.0,0.0,0.0,0.0,0.0,0.0,1.0,0.0,0.0,0.0,0.0,0.0,0.0,0.0,0.0,0.0,0.0,0.0,1.0,0.0,1,27.5,0.0,22.38831957824558,0.2732951570818658,0.2154242857142856,0.0069035771802197,14.0,-0.192615294117647,0.0045961174764705,17.0,0.202916129032258,0.0055759520378494,31.0,3.5258801687969186,0.002919312273568,0.0953243119731337,0.0201020085941515,20.715476093356216,0.5110193164887934,0
PTBP1,1674.0,0.0,0.0,0.0,1.0,0.0,1.0,0.0,0.0,1.0,0.0,1.0,1.0,1.0,1.0,0.281928390188892,0.6388785384244391,2041736.0,198.0,0.02540219,0.0005687432565238,124.0,0.0,0.0,0.0,0.0,0.0,0.0,0.0,0.0,0.0,0.0,0.0,0.0,1.0,0.0,0.0,0.0,0.0,0.0,0.0,0.0,0.0,0.0,0.0,0.0,1.0,0.0,1,18.16,0.0,29.95282584897496,0.0146326897985184,0.1707471428571428,0.0028081969238095,7.0,-0.2160707843137254,0.0129736043833725,51.0,0.2106006896551724,0.0118977816802177,58.0,3.700055469171751,0.0013132681881556,0.066639615289658,0.0190779419524389,25.8652540876562,0.5009163245403361,0
PTX4,2165.453500045633,0.2356042882615762,0.0526435572028951,0.0215204677495176,0.6686918741811249,0.0001376401614766,0.9998683014815472,0.0173268880750288,0.0015884226893291,0.9899449324980184,0.0026245018405281,1.2830489648823968,1.4740405976522657,0.8740974555764096,0.9997286520032856,0.5251519651795693,0.7527603621408234,597495.5325773084,477.3295061777369,0.0172158450890399,0.0001211400236943,19.50378753308388,0.0,0.0,0.0,0.0,0.0,0.0,0.0,0.0,0.0,0.0,0.0,1.0,0.0,0.0,0.0,0.0,0.0,0.0,0.0,0.0,0.0,0.0,0.0,0.0,1.0,0.0,1,14.69,0.0,22.38831957824558,0.2732951570818658,0.2372797619047619,0.012054524714576,42.0,-0.1587858333333333,0.0024571352083333,12.0,0.2198366666666666,0.0109201780679245,54.0,0.6935649856811612,0.4588859470961715,0.1239561871940229,0.0154937824171131,20.715476093356216,0.5110193164887934,0
MLC1,1134.0,0.5,0.0,0.0,0.5,0.0,1.0,0.0,0.0,1.0,0.0,0.5,0.5,1.0,1.0,0.7942811755361397,0.9772182327737968,597317.7823636307,477.4336372847011,0.0172016246025543,0.0005509268864581,16.0,0.0,0.0,0.0,0.0,0.0,0.0,0.0,0.0,0.0,0.0,0.0,0.0,1.0,0.0,0.0,0.0,0.0,0.0,1.0,0.0,0.0,0.0,0.0,0.0,2.0,0.0,2,8.585,143.99045,22.38831957824558,0.2732951570818658,0.2362133333333333,0.0307969227866666,6.0,-0.2388528846153846,0.0138515453934766,52.0,0.2385798275862068,0.0150956299631276,58.0,2.416947017548915,0.115831362691806,0.1239561871940229,0.0154937824171131,20.715476093356216,0.5110193164887934,0
SCP2D1,2165.453500045633,0.2356042882615762,0.0526435572028951,0.0215204677495176,0.6686918741811249,0.0001376401614766,0.9998683014815472,0.0173268880750288,0.0015884226893291,0.9899449324980184,0.0026245018405281,1.2830489648823968,1.4740405976522657,0.8740974555764096,0.9997286520032856,0.5251519651795693,0.7527603621408234,597495.5325773084,477.3295061777369,0.0172158450890399,0.0001211400236943,19.50378753308388,0.0,1.0,0.0,0.0,0.0,0.0,0.0,0.0,0.0,0.0,0.0,0.0,0.0,0.0,0.0,0.0,0.0,0.0,0.0,0.0,0.0,0.0,0.0,0.0,1.0,0.0,1,15.69,0.0,22.38831957824558,0.2732951570818658,0.2518026923076923,0.0417635373564615,26.0,-0.2430591666666667,0.0100033027644927,24.0,0.2476058,0.0260228262044489,50.0,0.0361931339520297,0.0349866540437604,0.1239561871940229,0.0154937824171131,20.715476093356216,0.5110193164887934,0
COL4A5,5063.0,0.0,0.0,0.0,1.0,0.0,1.0,0.0,0.0,1.0,0.0,3.0,3.0,1.0,1.0,0.7757951900698216,0.9727437734344844,118457.5,477.4336372847011,0.01881633,8.225550159883165e-06,10.0,0.0,0.0,0.0,0.0,0.0,0.0,0.0,0.0,0.0,0.0,0.0,0.0,2.0,0.0,0.0,0.0,0.0,0.0,1.0,0.0,0.0,0.0,0.0,0.0,3.0,0.0,3,20.536666666666665,89.64503333333332,20.71721420425717,0.1493520461841335,0.2697625,0.0301906927799999,16.0,-0.21681,0.0130999151666666,7.0,0.2536465217391304,0.0247779083691699,23.0,3.408522801117433,0.0253974406997391,0.1239561871940229,0.0154937824171131,20.715476093356216,0.5110193164887934,0
ANKMY2,1326.0,0.0,1.0,0.0,0.0,0.0,1.0,0.0,0.0,1.0,0.0,0.0,1.0,0.1115324559446799,1.0,1.0,1.0,291955.3,612.0,-0.01315142,1.1565726927027082e-05,25.0,0.0,0.0,0.0,0.0,0.0,0.0,0.0,0.0,0.0,0.0,0.0,0.0,0.0,1.0,0.0,0.0,0.0,0.0,0.0,0.0,0.0,0.0,0.0,0.0,1.0,0.0,1,45.0,0.0,24.476591138814165,0.0921744203774588,0.3338823076923077,0.0312870997492788,65.0,-0.342975,0.02210673645,2.0,0.3341537313432835,0.0306763869479873,67.0,3.4167561434796694,0.0033168698397503,0.0976219549722067,0.0207360222364978,17.464282429943637,0.2454718578972656,0
AJAP1,1236.0,0.4285714285714285,0.0,0.0,0.4285714285714285,0.0,1.0,0.1428571428571428,0.0,1.0,0.0,0.75,1.0,1.0,1.0,0.4050222762251924,0.7710867599688305,5695.346,921.0,0.003660757,1.965776407963247e-06,3.0,0.0,0.0,0.0,0.0,0.0,0.0,1.0,0.0,0.0,0.0,0.0,0.0,3.0,0.0,0.0,0.0,0.0,0.0,3.0,0.0,0.0,1.0,0.0,0.0,6.0,0.0,6,15.307833333333331,99.10806336666666,22.38831957824558,0.2732951570818658,0.2160980952380952,0.0126951080861904,21.0,-0.2133090909090909,0.0097419634467532,22.0,0.2146711627906976,0.0109182611486157,43.0,2.5016737837760914,0.1105892265863116,0.3302879923485055,0.0255572826402136,13.409668896010876,1.7914954637693026,0
ZNF460,1689.0,0.0,0.0,0.0,1.0,0.0,1.0,0.0,0.0,1.0,0.0,1.0,1.0,1.0,1.0,0.5571030640668524,0.8830111542842575,419642.2,859.0,-0.03983569,1.7615883831602567e-05,10.0,0.0,0.0,0.0,0.0,0.0,0.0,0.0,0.0,0.0,0.0,0.0,0.0,1.0,0.0,0.0,0.0,0.0,0.0,0.0,0.0,0.0,0.0,0.0,0.0,1.0,0.0,1,11.95,0.0,21.29589248273212,0.1113003435529992,0.2423573333333333,0.0240639826495238,15.0,-0.22205,0.01248148273,41.0,0.2274894642857143,0.015285163052435,56.0,3.6738275439991455,0.001775836809418,0.0648945763151571,0.0140836462356037,21.06529256886132,0.2918473346465729,0
CD28,663.0,0.0,0.0,0.0,1.0,0.0,1.0,0.0,0.0,1.0,0.0,1.0,1.0,1.0,1.0,0.1745505323791237,0.4792356424203949,320806.4,477.0,0.01886521,0.0001159969200897,11.0,0.0,0.0,0.0,0.0,0.0,0.0,0.0,0.0,0.0,0.0,0.0,0.0,2.0,0.0,0.0,0.0,0.0,0.0,0.0,0.0,0.0,0.0,0.0,0.0,2.0,0.0,2,17.126,143.61735200000004,18.980626344422543,0.2904017763831694,0.1737305882352941,0.0033702843808823,17.0,-0.1917857142857142,0.0100098793802197,14.0,0.1818845161290322,0.0062185241789247,31.0,3.1940788740142647,0.0204559222867212,0.1239561871940229,0.0154937824171131,20.715476093356216,0.5110193164887934,0
PRSS54,1188.0,1.0,0.0,0.0,0.0,0.0,1.0,0.0,0.0,1.0,0.0,0.0,0.0,1.0,1.0,1.0,1.0,742918.8,385.0,0.01263719,0.0,0.0,0.0,0.0,0.0,0.0,0.0,0.0,0.0,0.0,0.0,0.0,0.0,0.0,0.0,0.0,0.0,0.0,0.0,0.0,2.0,0.0,0.0,0.0,0.0,0.0,2.0,0.0,2,6.7135,0.1420445000000004,22.38831957824558,0.2732951570818658,0.2456866666666666,0.0165461033846153,27.0,-0.2043115384615385,0.0106440530615384,26.0,0.2253894339622641,0.0138264352092888,53.0,0.2889930065260733,0.2947243072210638,0.1239561871940229,0.0154937824171131,20.715476093356216,0.5110193164887934,0
IGHV3-16,2165.453500045633,0.2356042882615762,0.0526435572028951,0.0215204677495176,0.6686918741811249,0.0001376401614766,0.9998683014815472,0.0173268880750288,0.0015884226893291,0.9899449324980184,0.0026245018405281,1.2830489648823968,1.4740405976522657,0.8740974555764096,0.9997286520032856,0.5251519651795693,0.7527603621408234,597495.5325773084,477.3295061777369,0.0172158450890399,0.0001211400236943,19.50378753308388,0.0,0.0,0.0,0.0,0.0,0.0,0.0,0.0,0.0,0.0,0.0,0.0,0.0,0.0,0.0,2.0,0.0,0.0,0.0,0.0,0.0,0.0,0.0,0.0,2.0,0.0,2,14.685,12.05405,22.38831957824558,0.2732951570818658,0.2439837577023083,0.0263409212213065,24.76814004376368,-0.2160694250770577,0.0154478404218812,23.714210664565275,0.2382575554713608,0.0220873076754659,48.45601750547046,2.8268395389809275,0.1110072453572397,0.1239561871940229,0.0154937824171131,20.715476093356216,0.5110193164887934,0
HSD17B4,2286.0,0.0,0.0,0.0,1.0,0.0,1.0,0.0,0.0,1.0,0.0,2.0,2.0,1.0,1.0,0.3544842254519674,0.7221167784543989,302141.0,472.0,0.02717529,0.0001009602244372,31.0,0.0,0.0,0.0,0.0,0.0,0.0,0.0,0.0,0.0,0.0,0.0,0.0,2.0,0.0,0.0,0.0,0.0,0.0,0.0,1.0,0.0,1.0,0.0,0.0,2.0,0.0,3,24.45,1.125,28.16961829432527,0.1338857821898489,0.2649361538461538,0.0107790775923076,13.0,-0.2339153124999999,0.0188764959998991,32.0,0.2428768888888889,0.0164412765355555,45.0,3.700654469099877,0.0032810469568595,0.0773567442157981,0.0101014631191188,23.35500983755813,0.2984418394978388,0
PUS7L,2106.0,0.0,0.0,0.0,1.0,0.0,1.0,0.0,0.0,1.0,0.0,3.0,3.0,1.0,1.0,0.4957858205255329,0.8436347342449553,132735.5,558.0,-0.01614389,1.046230311977266e-05,4.0,0.0,0.0,0.0,0.0,0.0,0.0,0.0,0.0,0.0,0.0,0.0,0.0,3.0,0.0,0.0,0.0,0.0,0.0,0.0,0.0,0.0,0.0,0.0,0.0,3.0,0.0,2,14.367666666666668,154.96023633333334,20.938309894307395,0.1628118535378573,0.2332405882352941,0.0072476323808823,17.0,-0.1781011111111111,0.0055291123281045,18.0,0.2048831428571428,0.0069570140515966,35.0,3.5791231316635974,0.0021451856427653,0.0655593573560177,0.016981541503614,14.341450279511692,0.8959445913419738,0
ECT2,2745.0,0.0,0.0,0.0,1.0,0.0,1.0,0.0,0.0,1.0,0.0,4.0,4.0,1.0,1.0,0.0775314002170879,0.2757847930367643,301473.5,239.0,0.01121941,0.000766187312829,139.0,0.0,0.0,0.0,0.0,0.0,0.0,0.0,0.0,0.0,0.0,0.0,0.0,5.0,0.0,0.0,0.0,0.0,0.0,0.0,0.0,0.0,0.0,1.0,0.0,4.0,0.0,5,23.1,1.986666666666668,21.42317772512687,0.3847054259446233,0.2229045161290322,0.0148052128989247,31.0,-0.206540625,0.0067607761795833,16.0,0.2173338297872339,0.0119216071937095,47.0,3.5693503345347146,0.0071807006505543,0.0608513265046437,0.0005814437174999,22.02593852252116,0.9519815835931984,0
XIAP,2165.453500045633,0.2356042882615762,0.0526435572028951,0.0215204677495176,0.6686918741811249,0.0001376401614766,0.9998683014815472,0.0173268880750288,0.0015884226893291,0.9899449324980184,0.0026245018405281,1.2830489648823968,1.4740405976522657,0.8740974555764096,0.9997286520032856,0.5251519651795693,0.7527603621408234,597495.5325773084,477.3295061777369,0.0172158450890399,0.0001211400236943,19.50378753308388,4.0,0.0,0.0,0.0,0.0,0.0,0.0,0.0,0.0,0.0,0.0,0.0,0.0,0.0,0.0,0.0,0.0,0.0,0.0,0.0,0.0,1.0,0.0,0.0,3.0,0.0,3,3.681000000000001,21.943201,24.065203715549167,0.070849125918141,0.2533355,0.0340074730576315,20.0,-0.2046216666666666,0.0160856796566666,6.0,0.2420938461538461,0.0295009146966153,26.0,3.7435625344454846,0.0016558675043932,0.1835726574363935,0.0391419289401246,21.26658725253886,0.4525835343256167,0
KDM6B,5049.0,0.0,0.5,0.0,0.5,0.0,1.0,0.0,0.0,1.0,0.0,1.0,2.0,0.0838504108670132,1.0,0.5356186395286556,0.8700229590570893,2148615.0,337.0,0.02393907,3.8746872550980885e-06,11.0,0.0,0.0,0.0,0.0,0.0,0.0,0.0,0.0,0.0,0.0,0.0,0.0,1.0,1.0,0.0,0.0,0.0,0.0,0.0,0.0,0.0,0.0,0.0,0.0,2.0,0.0,2,36.05,447.00500000000005,20.727023834471776,0.5473123609479279,0.25511,0.0009007201,3.0,-0.2540965714285715,0.0161366365938716,70.0,0.2541382191780822,0.0154893377731735,73.0,3.3337810312323493,0.0098465586312858,0.0621554723376361,0.0006968248788577,16.54665079373565,0.5190785824107185,0
EVX2,1431.0,0.3333333333333333,0.0,0.0,0.6666666666666666,0.0,1.0,0.0,0.0,1.0,0.0,1.0,1.0,1.0,1.0,0.7007708479327261,0.9499469786227746,242935.2,874.0,0.01503334,0.0,0.0,0.0,0.0,0.0,0.0,0.0,0.0,0.0,0.0,0.0,0.0,0.0,0.0,2.0,0.0,0.0,0.0,0.0,0.0,1.0,0.0,0.0,0.0,0.0,0.0,3.0,0.0,3,13.676666666666668,22.051433333333343,22.38831957824558,0.2732951570818658,0.1901417391304347,0.0052973667695652,23.0,-0.1874392307692307,0.0094070503076923,13.0,0.1891658333333333,0.0065567809335714,36.0,0.364376147508182,0.4676276854687027,0.2843256388964631,0.0240426943460179,20.715476093356216,0.5110193164887934,0
FAM136A,417.0,0.0,0.0,0.0,1.0,0.0,1.0,0.0,0.0,1.0,0.0,1.0,1.0,1.0,1.0,0.0993838203140528,0.3288378008416941,671278.5,370.0,0.03815416,2.704972821940745e-07,3.0,0.0,0.0,0.0,0.0,0.0,0.0,0.0,0.0,0.0,0.0,0.0,0.0,1.0,0.0,0.0,0.0,0.0,0.0,0.0,0.0,0.0,0.0,0.0,0.0,1.0,0.0,1,27.5,0.0,26.72478751115584,0.1995313087778595,0.198727619047619,0.0068994470990476,21.0,-0.1684314285714285,0.008192065047619,7.0,0.1911535714285714,0.0071096330682539,28.0,3.471550576431187,0.0031415801804099,0.0927884378693616,0.004246980804911,20.715476093356216,0.5110193164887934,0
UBR1,5250.0,0.0,0.1666666666666666,0.0,0.8333333333333334,0.0,1.0,0.0,0.0,1.0,0.0,5.0,6.0,0.4899559039686428,1.0,0.3601008282319049,0.7278974462818375,634287.0,366.0,0.03217885,0.0003532375741054,63.0,0.0,0.0,0.0,0.0,0.0,0.0,0.0,0.0,0.0,0.0,0.0,0.0,5.0,1.0,0.0,0.0,0.0,0.0,0.0,0.0,0.0,0.0,0.0,0.0,6.0,0.0,5,26.16,55.75599999999997,25.3620857518087,0.039559352938921,0.359505,0.0570209296333333,4.0,-0.2409021818181818,0.0122346909284848,55.0,0.2489430508474576,0.0152446195526008,59.0,3.658492571364267,0.0014887170672219,0.1239561871940229,0.0154937824171131,22.465021141138955,0.0783977267214091,0
EXT1,2241.0,0.1666666666666666,0.0,0.0,0.8333333333333334,0.0,1.0,0.0,0.0,1.0,0.0,2.5,2.5,1.0,1.0,0.2881014116969173,0.6466271209679197,190467.2,586.0,0.01759368,1.4613314182917794e-05,12.0,0.0,0.0,0.0,0.0,0.0,0.0,0.0,0.0,0.0,0.0,0.0,1.0,5.0,0.0,0.0,0.0,0.0,0.0,1.0,0.0,0.0,0.0,0.0,0.0,7.0,0.0,6,25.55857142857143,83.31008095238096,20.05410214838841,0.110402893428348,0.3625250847457626,0.0912222075633547,59.0,-0.1908275,0.011442248225,4.0,0.3516236507936506,0.0876717423590373,63.0,3.5881318642624755,0.0035620192001611,0.0411116533985447,0.0067224982245442,20.715476093356216,0.5110193164887934,0
LINC00518,2165.453500045633,0.2356042882615762,0.0526435572028951,0.0215204677495176,0.6686918741811249,0.0001376401614766,0.9998683014815472,0.0173268880750288,0.0015884226893291,0.9899449324980184,0.0026245018405281,1.2830489648823968,1.4740405976522657,0.8740974555764096,0.9997286520032856,0.5251519651795693,0.7527603621408234,597495.5325773084,477.3295061777369,0.0172158450890399,0.0001211400236943,19.50378753308388,0.0,0.0,0.0,0.0,0.0,0.0,0.0,0.0,0.0,0.0,0.0,0.0,0.0,0.0,0.0,1.0,0.0,0.0,0.0,0.0,0.0,0.0,0.0,0.0,1.0,0.0,1,0.344,0.0,22.38831957824558,0.2732951570818658,0.2271931428571429,0.0179926231927731,35.0,-0.2220583333333333,0.0038530032966666,6.0,0.2264417073170732,0.0157787312945121,41.0,2.8268395389809275,0.1110072453572397,0.1239561871940229,0.0154937824171131,20.715476093356216,0.5110193164887934,0
RELA,1656.0,0.0,0.0,0.0,1.0,0.0,1.0,0.0,0.0,1.0,0.0,1.0,1.0,1.0,1.0,0.4055150040551501,0.7715317942993319,4131934.0,202.0,0.05333446,0.0030673359772192,255.0,0.0,0.0,0.0,0.0,0.0,0.0,0.0,0.0,0.0,0.0,0.0,0.0,1.0,0.0,0.0,0.0,0.0,0.0,0.0,0.0,0.0,0.0,0.0,0.0,1.0,0.0,1,23.7,0.0,26.400860345450504,0.030364730593973,0.2394860714285715,0.021153053454365,28.0,-0.1709746153846154,0.0033314353435897,13.0,0.2177629268292683,0.0163195406712195,41.0,3.48931942995184,0.0018323524847968,0.0656545069222407,0.017043727941408,21.44840164802856,0.1189652107871213,0
ADAMTS8,2670.0,0.0,0.0,0.0,1.0,0.0,1.0,0.0,0.0,1.0,0.0,7.0,7.0,1.0,1.0,0.1086130118388182,0.3497299950370053,693280.5,382.0,-0.006373506,0.0,0.0,0.0,0.0,0.0,0.0,0.0,0.0,0.0,0.0,0.0,0.0,0.0,0.0,7.0,0.0,0.0,0.0,0.0,0.0,0.0,0.0,0.0,0.0,0.0,0.0,7.0,0.0,6,21.757,108.4887963333333,17.40232111087967,0.2429339886399941,0.242235,0.0222772950782608,24.0,-0.23884125,0.0100258940116666,16.0,0.2408775,0.0169968401371795,40.0,2.861535562924057,0.1260315864399784,0.1161995216315509,0.022470649044274,16.6023581226011,0.3574145706997673,0
TSHZ2,3105.0,0.25,0.25,0.0,0.5,0.0,1.0,0.0,0.0,1.0,0.0,1.0,1.5,0.334001336005344,1.0,0.4182350480970305,0.7828154280536126,102642.8,626.0,-0.01836589,9.915417417880876e-07,3.0,0.0,0.0,0.0,0.0,0.0,0.0,0.0,0.0,0.0,0.0,0.0,1.0,2.0,2.0,0.0,0.0,0.0,0.0,1.0,0.0,0.0,0.0,1.0,0.0,5.0,0.0,6,20.0686,191.0400038,22.38831957824558,0.2732951570818658,0.26918,0.0388727581894736,39.0,-0.2391477777777777,0.0247972013694444,9.0,0.2635489583333333,0.0357901663244237,48.0,3.421466066195648,0.0180862933304844,0.2198532566070278,0.0436691691512573,20.30463902585616,0.3007075112563051,0
TLR8,3126.0,0.0,0.0,0.0,1.0,0.0,1.0,0.0,0.0,1.0,0.0,1.0,1.0,1.0,1.0,0.7824726134585289,0.9744102941747598,208025.0,477.4336372847011,0.06433171,0.0,1.0,0.0,0.0,0.0,0.0,0.0,0.0,0.0,0.0,0.0,0.0,0.0,0.0,1.0,0.0,0.0,0.0,0.0,0.0,0.0,0.0,0.0,0.0,0.0,0.0,1.0,0.0,1,0.167,0.0,21.47422125073532,0.0824314136872796,0.201135,0.00932229363,6.0,-0.2194069230769231,0.0101941253421538,26.0,0.2159809375,0.0097771672474798,32.0,3.2666880238396123,0.0175019597699807,0.1239561871940229,0.0154937824171131,17.674723062690937,0.4332261532097838,0
FAM221A,897.0,0.0,0.5,0.0,0.5,0.0,1.0,0.0,0.0,1.0,0.0,1.0,2.0,0.2566076469078778,1.0,0.4633920296570899,0.8198247761056271,378677.5,441.0,0.01923538,2.5653790066432372e-08,3.0,0.0,0.0,0.0,0.0,0.0,0.0,0.0,0.0,0.0,0.0,0.0,0.0,1.0,1.0,0.0,0.0,0.0,0.0,0.0,0.0,0.0,0.0,0.0,0.0,2.0,0.0,2,33.2,28.879999999999985,20.016565447199813,0.1135968306569197,0.338856,0.0375386431025,65.0,-0.342975,0.02210673645,2.0,0.3389789552238806,0.0367365577943464,67.0,3.0675073072213124,0.009779453746926,0.1311432064392872,0.0131934253666301,16.85284748412647,0.4751705054985699,0
FAM183A,405.0,0.0,0.0,0.0,1.0,0.0,1.0,0.0,0.0,1.0,0.0,1.0,1.0,1.0,1.0,0.4522840343735866,0.8111464956469061,1068006.0,294.0,0.02977922,0.0,0.0,0.0,0.0,0.0,0.0,0.0,0.0,0.0,0.0,0.0,0.0,0.0,0.0,1.0,0.0,0.0,0.0,0.0,0.0,0.0,0.0,0.0,0.0,0.0,0.0,1.0,0.0,1,21.2,0.0,15.735699596930248,0.4569232317689057,0.274452,0.078507306275,25.0,-0.1984692857142856,0.0094791920686813,14.0,0.2471761538461538,0.054189925476923,39.0,2.325964555755585,0.2943089176749424,0.2433050467972896,0.0197247534890835,20.715476093356216,0.5110193164887934,0
SLC7A2,2097.0,1.0,0.0,0.0,0.0,0.0,1.0,0.0,0.0,1.0,0.0,0.0,0.0,1.0,1.0,1.0,1.0,462452.6,253.0,0.001984267,7.909291577179051e-06,8.0,0.0,0.0,0.0,0.0,0.0,0.0,0.0,0.0,0.0,0.0,0.0,0.0,0.0,0.0,0.0,0.0,0.0,0.0,1.0,0.0,0.0,0.0,0.0,0.0,1.0,0.0,1,4.647,0.0,19.760716678593464,1.0229778537766383,0.1750677777777777,0.0062075966194444,9.0,-0.2871231372549019,0.0165993449579607,51.0,0.2703148333333333,0.0165370255643785,60.0,3.546435039418081,0.0593831523037175,0.2270316993852931,0.0196023389318909,20.36238280854188,1.0699796236781758,0
CGB2,492.0,0.0,0.0,0.0,1.0,0.0,1.0,0.0,0.0,1.0,0.0,2.0,2.0,1.0,1.0,0.3343363423604146,0.7006378400694787,2070141.0,200.0,0.03512479,0.0,0.0,0.0,0.0,0.0,0.0,0.0,0.0,0.0,0.0,0.0,0.0,0.0,0.0,2.0,0.0,0.0,0.0,0.0,0.0,0.0,0.0,0.0,0.0,0.0,0.0,2.0,0.0,2,17.99,38.89619999999999,22.38831957824558,0.2732951570818658,0.1771791666666666,0.0041397865537878,12.0,-0.228550238095238,0.0125864874901858,42.0,0.2171344444444445,0.0110606449874213,54.0,0.100335366752698,0.1238306729193719,0.1239561871940229,0.0154937824171131,20.715476093356216,0.5110193164887934,0
VSIG10,1623.0,0.0,0.0,0.0,1.0,0.0,1.0,0.0,0.0,1.0,0.0,1.0,1.0,1.0,1.0,0.4725897920604915,0.8268088440435033,637548.5,608.0,0.01692657,0.0,1.0,0.0,0.0,0.0,0.0,0.0,0.0,0.0,0.0,0.0,0.0,0.0,0.0,1.0,0.0,0.0,0.0,0.0,0.0,0.0,0.0,0.0,0.0,0.0,0.0,1.0,0.0,1,17.66,0.0,19.58880386482157,0.1905029263944084,0.2162259999999999,0.006751002688421,20.0,-0.2000992,0.0078466347326666,25.0,0.2072666666666666,0.0072608634590909,45.0,3.363170249486024,0.0137930609231271,0.0751383261928851,0.0086448880565608,18.159940603587632,0.4010683735794136,0
GUCY1B2,2165.453500045633,0.2356042882615762,0.0526435572028951,0.0215204677495176,0.6686918741811249,0.0001376401614766,0.9998683014815472,0.0173268880750288,0.0015884226893291,0.9899449324980184,0.0026245018405281,1.2830489648823968,1.4740405976522657,0.8740974555764096,0.9997286520032856,0.5251519651795693,0.7527603621408234,597495.5325773084,477.3295061777369,0.0172158450890399,0.0001211400236943,19.50378753308388,0.0,0.0,0.0,0.0,0.0,0.0,0.0,0.0,0.0,0.0,0.0,0.0,0.0,0.0,0.0,1.0,0.0,0.0,0.0,0.0,0.0,0.0,0.0,0.0,1.0,0.0,1,9.23,0.0,22.38831957824558,0.2732951570818658,0.25584,0.0111653829,3.0,-0.2549876363636363,0.013527568240606,55.0,0.2550317241379309,0.013207395046098,58.0,2.8268395389809275,0.1110072453572397,0.1239561871940229,0.0154937824171131,20.715476093356216,0.5110193164887934,0
ARMC6,1506.0,0.0,0.0,0.0,1.0,0.0,1.0,0.0,0.0,1.0,0.0,1.0,1.0,1.0,1.0,0.3915426781519185,0.758676882384631,1327004.0,215.0,0.02415652,3.78351119758254e-06,10.0,0.0,0.0,0.0,0.0,0.0,0.0,0.0,0.0,0.0,0.0,0.0,1.0,1.0,0.0,0.0,0.0,0.0,0.0,0.0,0.0,0.0,0.0,0.0,0.0,2.0,0.0,2,10.072,192.393728,23.964855940197864,0.0615637188265009,0.2339414285714285,0.0256234131142857,7.0,-0.2173230434782608,0.0138581776394202,46.0,0.2195179245283018,0.0149814680744557,53.0,3.3600287884691022,0.0033557458241095,0.0621899366719392,0.0230075597954022,20.715476093356216,0.5110193164887934,0
ZIK1,1464.0,0.0,0.3333333333333333,0.0,0.6666666666666666,0.0,1.0,0.0,0.0,1.0,0.0,2.0,3.0,0.4260758414997869,1.0,0.3174603174603174,0.6817150643928704,495857.2,828.0,-0.03416262,0.0,0.0,0.0,0.0,0.0,0.0,0.0,0.0,0.0,0.0,0.0,0.0,0.0,0.0,2.0,1.0,0.0,0.0,0.0,0.0,0.0,0.0,0.0,0.0,0.0,0.0,3.0,0.0,3,24.166666666666668,105.83083333333332,22.38831957824558,0.2732951570818658,0.2423573333333333,0.0240639826495238,15.0,-0.22205,0.01248148273,41.0,0.2274894642857143,0.015285163052435,56.0,3.132538500755985,0.0286337315512556,0.2678307188580701,0.0365897993251462,20.715476093356216,0.5110193164887934,0
C9ORF24,789.0,0.0,1.0,0.0,0.0,0.0,1.0,0.0,0.0,1.0,0.0,0.0,1.0,0.1107419712070874,1.0,1.0,1.0,478814.9,302.0,0.03756575,1.794521031147475e-05,10.0,0.0,0.0,0.0,0.0,0.0,0.0,0.0,0.0,0.0,0.0,0.0,0.0,0.0,1.0,0.0,0.0,0.0,0.0,0.0,0.0,0.0,0.0,0.0,0.0,1.0,0.0,1,36.0,0.0,22.38831957824558,0.2732951570818658,0.1930918181818181,0.0077010044363636,11.0,-0.2133520930232558,0.0133329409931339,43.0,0.2092250000000001,0.0120865859575471,54.0,2.409172446104249,0.2158473705288625,0.1239561871940229,0.0154937824171131,20.715476093356216,0.5110193164887934,0
PORCN,1386.0,0.0,0.5,0.0,0.5,0.0,1.0,0.0,0.0,1.0,0.0,1.0,2.0,0.1873009926952613,1.0,0.6289308176100629,0.9205874315925408,726792.8,477.4336372847011,0.002270861,0.0,0.0,0.0,0.0,0.0,0.0,0.0,0.0,0.0,0.0,0.0,0.0,0.0,0.0,1.0,1.0,0.0,0.0,0.0,0.0,0.0,0.0,0.0,0.0,0.0,0.0,2.0,0.0,2,31.25,91.125,19.830101987721854,0.2320498062543715,0.3000416666666666,0.0129939081766666,6.0,-0.1780556249999999,0.00718648658625,16.0,0.2113245454545454,0.0113190639212121,22.0,3.1247237152444565,0.0097931005862895,0.1883547175186486,0.0401616774989381,20.715476093356216,0.5110193164887934,0
SSX2IP,1845.0,0.0,0.0,0.0,1.0,0.0,1.0,0.0,0.0,1.0,0.0,1.0,1.0,1.0,1.0,0.5555555555555556,0.8821037027233996,335726.8,572.0,-0.005786165,0.0004385664486988,96.0,0.0,0.0,0.0,0.0,0.0,0.0,0.0,0.0,0.0,0.0,0.0,0.0,1.0,0.0,0.0,0.0,0.0,0.0,0.0,0.0,0.0,0.0,0.0,0.0,1.0,0.0,1,25.8,0.0,20.308486962867622,0.1789972213810426,0.162559,0.0035665868766666,10.0,-0.2101567741935484,0.0064752119625806,31.0,0.1985475609756097,0.0060871348689024,41.0,3.323756545567475,0.0090147260248422,0.0586159222884642,0.0135087476962385,19.56536402665548,0.2321729007945785,0
EML1,2505.0,0.0,0.0,0.0,1.0,0.0,1.0,0.0,0.0,1.0,0.0,7.0,7.0,1.0,1.0,0.0688705234159779,0.2531354689667114,528390.5,354.0,0.01013238,1.3119167779901534e-06,6.0,0.0,0.0,0.0,0.0,0.0,0.0,0.0,0.0,0.0,0.0,0.0,0.0,7.0,0.0,0.0,0.0,0.0,0.0,0.0,0.0,0.0,0.0,0.0,0.0,7.0,0.0,7,25.035714285714285,31.91339523809524,25.159702920256446,0.1216362401620015,0.2641073529411765,0.0291894376988413,34.0,-0.1692908333333333,0.0027186260446969,12.0,0.2393726086956522,0.0238421166863768,46.0,3.3047367740115368,0.0134921432005554,0.1591108997609634,0.0304637687515585,23.994001851785505,0.562659761172073,0
INTS2,3615.0,0.0,0.0,0.0,1.0,0.0,1.0,0.0,0.0,1.0,0.0,5.0,5.0,1.0,1.0,0.5753739930955121,0.8934033526140392,350722.3,380.0,0.001515441,3.046360066517904e-05,25.0,0.0,0.0,0.0,0.0,0.0,0.0,0.0,0.0,0.0,0.0,0.0,0.0,5.0,0.0,0.0,0.0,0.0,0.0,0.0,0.0,0.0,0.0,0.0,0.0,5.0,0.0,3,21.412,31.06972000000001,24.353662133612648,0.0254012475355108,0.2249172,0.0094684297715918,50.0,-0.208326,0.00541952663,5.0,0.2234089090909091,0.0090163404284175,55.0,3.492316333923308,0.0022608710837531,0.0420779361940899,0.0066591493033517,20.715476093356216,0.5110193164887934,0
VWF,8442.0,0.375,0.0,0.0,0.5,0.0,1.0,0.125,0.0,1.0,0.0,1.0,1.25,1.0,1.0,0.6944444444444444,0.9476688288804924,1716132.0,481.0,0.01547391,1.0239837519842449e-05,14.0,0.0,0.0,0.0,0.0,0.0,0.0,0.0,1.0,0.0,0.0,0.0,0.0,3.0,0.0,0.0,0.0,0.0,0.0,3.0,1.0,0.0,0.0,0.0,1.0,7.0,0.0,8,11.26757142857143,79.78407461904762,26.85689516557438,0.1578700318130415,0.2722484210526316,0.0336305104029239,19.0,-0.2357327272727272,0.0107133178642045,33.0,0.249075,0.0189069222803921,52.0,3.7381469376241454,0.0062063309919906,0.1239561871940229,0.0154937824171131,20.715476093356216,0.5110193164887934,0
ADIPOR1,1128.0,0.0,0.0,0.0,1.0,0.0,1.0,0.0,0.0,1.0,0.0,2.0,2.0,1.0,1.0,0.1306335728282168,0.3965197947889804,421205.7,389.0,0.03032769,3.826674750616304e-05,11.0,0.0,0.0,0.0,0.0,0.0,0.0,0.0,0.0,0.0,0.0,0.0,0.0,2.0,0.0,0.0,0.0,0.0,0.0,0.0,0.0,0.0,0.0,0.0,0.0,2.0,0.0,2,25.45,0.4049999999999987,21.475347019072967,0.2325142855468938,0.2965298701298701,0.0323966854644566,77.0,-0.2325166666666666,0.0041007676333333,3.0,0.2941293749999999,0.0314200216590981,80.0,3.6985190389691,0.0017555587653741,0.0444240920484031,0.0083138144806655,20.715476093356216,0.5110193164887934,0
C17ORF99,798.0,0.0,0.0,0.0,1.0,0.0,1.0,0.0,0.0,1.0,0.0,1.0,1.0,1.0,1.0,0.3570153516601214,0.7247327726804611,597317.7823636307,477.4336372847011,0.0172016246025543,0.0,0.0,0.0,0.0,0.0,0.0,0.0,0.0,0.0,0.0,0.0,0.0,0.0,0.0,1.0,0.0,0.0,0.0,0.0,0.0,0.0,0.0,0.0,0.0,0.0,0.0,1.0,0.0,1,18.81,0.0,22.38831957824558,0.2732951570818658,0.229374693877551,0.0108983994254251,49.0,-0.2300625,0.00849108885,8.0,0.2294712280701755,0.0104029294252506,57.0,0.6356285911353415,0.4441247932744653,0.1239561871940229,0.0154937824171131,20.715476093356216,0.5110193164887934,0
OR4K14,933.0,0.0,0.0,0.0,1.0,0.0,1.0,0.0,0.0,1.0,0.0,1.0,1.0,1.0,1.0,0.4863813229571984,0.8369466671171784,420009.5,827.0,-0.05140858,0.0,0.0,0.0,0.0,0.0,0.0,0.0,0.0,0.0,0.0,0.0,0.0,0.0,0.0,1.0,0.0,0.0,0.0,0.0,0.0,0.0,0.0,0.0,0.0,0.0,0.0,1.0,0.0,1,24.0,0.0,22.38831957824558,0.2732951570818658,0.2915718181818181,0.0631196589715909,33.0,-0.1943292307692308,0.0027274830410256,13.0,0.2640902173913043,0.0475721664110627,46.0,0.0156691378949882,0.0260253195314486,0.1239561871940229,0.0154937824171131,20.715476093356216,0.5110193164887934,0
PIGQ,2283.0,0.0,0.0,0.0,1.0,0.0,1.0,0.0,0.0,1.0,0.0,2.0,2.0,1.0,1.0,0.0565003672523871,0.2188546325107982,1115707.0,213.0,0.03914851,2.358903165492928e-05,6.0,0.0,0.0,0.0,0.0,0.0,0.0,0.0,0.0,0.0,0.0,0.0,0.0,2.0,0.0,0.0,0.0,0.0,0.0,0.0,0.0,0.0,0.0,0.0,0.0,2.0,0.0,2,22.05,4.204999999999996,20.922694327319714,0.10829313107758,0.2341928571428571,0.0108041298013937,42.0,-0.1546233333333333,0.0022612466969696,12.0,0.2165107407407407,0.0099421746032145,54.0,3.456173661051637,0.0051425440994043,0.0370450134507733,0.0033690911428152,20.715476093356216,0.5110193164887934,0
PIGK,1188.0,0.6666666666666666,0.0,0.0,0.3333333333333333,0.0,1.0,0.0,0.0,1.0,0.0,0.3333333333333333,0.3333333333333333,1.0,1.0,0.8237232289950577,0.983460208103218,404437.7,673.0,-0.01686151,1.7810570306410872e-05,11.0,0.0,0.0,0.0,0.0,0.0,0.0,0.0,0.0,0.0,0.0,0.0,0.0,1.0,0.0,0.0,0.0,0.0,0.0,2.0,0.0,0.0,0.0,0.0,0.0,3.0,0.0,3,10.800666666666666,90.40540033333336,23.54632085313528,0.073354027341848,0.1986836363636364,0.0175648110654545,11.0,-0.2098984848484848,0.0066818528507575,33.0,0.2070947727272726,0.0090815122720401,44.0,3.47484111741493,0.0026048035518452,0.0391415580350471,0.0061297700942471,19.571881882620808,0.3422397255857542,0
SLC16A10,1548.0,0.0,0.0,0.0,1.0,0.0,1.0,0.0,0.0,1.0,0.0,1.0,1.0,1.0,1.0,0.3181673560292714,0.6825255354169363,362574.0,424.0,0.02838612,0.0,0.0,0.0,0.0,0.0,0.0,0.0,0.0,0.0,0.0,0.0,0.0,0.0,0.0,1.0,0.0,0.0,0.0,0.0,0.0,0.0,0.0,0.0,0.0,0.0,0.0,1.0,0.0,1,25.1,0.0,17.685100491879158,0.355000434202016,0.159085,0.0017175660499999,2.0,-0.2461672549019607,0.0141582040403137,51.0,0.2428811320754717,0.0139273476986937,53.0,3.263103027296941,0.0160090112708855,0.0662123345480397,0.0093486894200586,19.98970270013437,0.34448838988418,0
PPP2R5A,1461.0,0.0,0.5,0.0,0.5,0.0,1.0,0.0,0.0,1.0,0.0,1.0,2.0,0.1628929793125916,1.0,0.8103727714748784,0.9807625003915692,485902.5,298.0,0.01601005,2.454372261783081e-05,27.0,0.0,0.0,0.0,0.0,0.0,0.0,0.0,0.0,0.0,0.0,0.0,0.0,1.0,1.0,0.0,0.0,0.0,0.0,0.0,0.0,0.0,0.0,0.0,0.0,2.0,0.0,2,29.0,50.0,25.29551954856485,0.1393416594127806,0.2757954666666666,0.0178775310872792,75.0,-0.1746133333333333,0.0026902424333333,3.0,0.271903846153846,0.0176344151980019,78.0,3.597652577870325,0.0049753078199828,0.0710652873742547,0.0131286580133318,24.283359237904232,0.5233613826984791,0
ESM1,555.0,0.0,0.0,0.0,1.0,0.0,1.0,0.0,0.0,1.0,0.0,1.0,1.0,1.0,1.0,0.3075030750307503,0.6701322852661635,205256.0,603.0,0.01254603,0.0,1.0,0.0,0.0,0.0,0.0,0.0,0.0,0.0,0.0,0.0,0.0,0.0,0.0,1.0,0.0,0.0,0.0,0.0,0.0,0.0,0.0,0.0,0.0,0.0,0.0,1.0,0.0,1,21.7,0.0,21.65168310990813,0.7540726341971137,0.2578579166666666,0.0170687837302536,24.0,-0.2134388461538461,0.0133091223786153,26.0,0.2347599999999999,0.0153047713673469,50.0,3.1710229395758924,0.0466189456432148,0.1239561871940229,0.0154937824171131,20.715476093356216,0.5110193164887934,0
IP6K3,1233.0,0.0,0.0,0.0,1.0,0.0,1.0,0.0,0.0,1.0,0.0,1.0,1.0,1.0,1.0,0.0647626449064179,0.2420197078776456,1558308.0,328.0,0.03412184,0.0,0.0,0.0,0.0,0.0,0.0,0.0,0.0,0.0,0.0,0.0,0.0,0.0,0.0,1.0,0.0,0.0,0.0,0.0,0.0,0.0,0.0,0.0,0.0,0.0,0.0,1.0,0.0,1,25.1,0.0,22.38831957824558,0.2732951570818658,0.2016178787878788,0.0073460580484848,33.0,-0.17923375,0.0054044957410714,8.0,0.197250243902439,0.006903289897439,41.0,2.6510450668763053,0.2327065867364443,0.1239561871940229,0.0154937824171131,20.715476093356216,0.5110193164887934,0
ADAM8,2475.0,0.0,0.0,0.0,1.0,0.0,1.0,0.0,0.0,1.0,0.0,1.0,1.0,1.0,1.0,0.7127583749109052,0.9541074847614568,339278.7,452.0,-0.01156373,0.0,1.0,0.0,0.0,0.0,0.0,0.0,0.0,0.0,0.0,0.0,0.0,0.0,0.0,1.0,0.0,0.0,0.0,0.0,0.0,0.0,0.0,0.0,0.0,0.0,0.0,1.0,0.0,1,2.404,0.0,22.40658655902973,0.2237174245573097,0.2439837577023083,0.0263409212213065,24.76814004376368,-0.2160694250770577,0.0154478404218812,23.714210664565275,0.2382575554713608,0.0220873076754659,48.45601750547046,3.5490713549865696,0.0117749592186127,0.0474852812631036,0.0082421207039051,20.094988832966024,1.0228932709741687,0
PNMA8A,2165.453500045633,0.2356042882615762,0.0526435572028951,0.0215204677495176,0.6686918741811249,0.0001376401614766,0.9998683014815472,0.0173268880750288,0.0015884226893291,0.9899449324980184,0.0026245018405281,1.2830489648823968,1.4740405976522657,0.8740974555764096,0.9997286520032856,0.5251519651795693,0.7527603621408234,597495.5325773084,477.3295061777369,0.0172158450890399,0.0001211400236943,19.50378753308388,0.0,0.0,0.0,0.0,0.0,0.0,0.0,0.0,0.0,0.0,0.0,0.0,0.0,0.0,0.0,0.0,0.0,0.0,1.0,0.0,0.0,0.0,0.0,0.0,1.0,0.0,1,1.253,0.0,22.38831957824558,0.2732951570818658,0.2439837577023083,0.0263409212213065,24.76814004376368,-0.2160694250770577,0.0154478404218812,23.714210664565275,0.2382575554713608,0.0220873076754659,48.45601750547046,2.8268395389809275,0.1110072453572397,0.1239561871940229,0.0154937824171131,20.715476093356216,0.5110193164887934,0
ZBTB49,2298.0,0.0,0.0,0.0,1.0,0.0,1.0,0.0,0.0,1.0,0.0,3.0,3.0,1.0,1.0,0.5361930294906166,0.8703812617135543,146157.8,506.0,0.03986517,9.418805291510864e-06,10.0,0.0,0.0,0.0,0.0,0.0,0.0,0.0,0.0,0.0,0.0,0.0,0.0,3.0,0.0,0.0,0.0,0.0,0.0,0.0,0.0,0.0,0.0,0.0,0.0,3.0,0.0,3,12.13,142.6503,22.38831957824558,0.2732951570818658,0.20817,0.009125007675,9.0,-0.2402795238095238,0.0114400318847619,21.0,0.2306466666666666,0.0106309011954022,30.0,3.134441739194872,0.002633078487077,0.056247270039405,0.0097178367992728,17.888340666174063,0.362068013586257,0
ADAM11,2310.0,0.75,0.0,0.25,0.0,0.0,1.0,0.0,0.0,1.0,0.0,0.0,0.25,0.1613163413453782,1.0,1.0,1.0,1224408.0,175.0,0.03090888,1.7543544293747857e-07,2.0,1.0,0.0,0.0,0.0,0.0,0.0,0.0,0.0,0.0,0.0,0.0,1.0,0.0,0.0,0.0,0.0,0.0,0.0,3.0,1.0,0.0,0.0,0.0,0.0,6.0,0.0,5,15.3195,108.71150149999998,22.38831957824558,0.2732951570818658,0.2068774468085107,0.0053419619976873,47.0,-0.2071428571428571,0.0123654129904761,7.0,0.2069118518518518,0.0060362860191474,54.0,2.223300471833611,0.0867254581869721,0.0921538089851556,0.0210457999100765,20.715476093356216,0.5110193164887934,0
DZIP3,3627.0,0.6666666666666666,0.0,0.0,0.0,0.0,1.0,0.3333333333333333,0.0,1.0,0.0,0.0,0.3333333333333333,1.0,1.0,1.0,1.0,172270.0,941.0,-0.0003940964,0.000120394455894,49.0,0.0,0.0,0.0,0.0,0.0,0.0,0.0,1.0,0.0,0.0,0.0,0.0,0.0,0.0,0.0,0.0,0.0,0.0,2.0,0.0,0.0,0.0,0.0,1.0,2.0,0.0,3,11.165,1.496449999999996,20.52453219783749,0.2118555215548346,0.2098695652173913,0.0089216422316205,23.0,-0.2188913043478261,0.0118442405664031,23.0,0.2143804347826086,0.0101730094886956,46.0,3.4400933911394658,0.0039270407803174,0.0850919008144342,0.0107407873077961,18.239852387745245,0.268780693139567,0
GBA2,2165.453500045633,0.2356042882615762,0.0526435572028951,0.0215204677495176,0.6686918741811249,0.0001376401614766,0.9998683014815472,0.0173268880750288,0.0015884226893291,0.9899449324980184,0.0026245018405281,1.2830489648823968,1.4740405976522657,0.8740974555764096,0.9997286520032856,0.5251519651795693,0.7527603621408234,597495.5325773084,477.3295061777369,0.0172158450890399,0.0001211400236943,19.50378753308388,0.0,0.0,0.0,0.0,0.0,0.0,0.0,0.0,0.0,0.0,0.0,1.0,0.0,0.0,0.0,0.0,0.0,0.0,0.0,0.0,0.0,0.0,0.0,0.0,1.0,0.0,1,20.0,0.0,21.6211766872986,0.0485903950229289,0.2368507692307692,0.0179529724410256,13.0,-0.2146780487804878,0.0139330653760975,41.0,0.220015925925926,0.0146719028283717,54.0,3.541644288796505,0.0019976751543401,0.0357681459546078,0.0074250853096184,20.715476093356216,0.5110193164887934,0
DCAF8L2,1896.0,0.5,0.0,0.0,0.5,0.0,1.0,0.0,0.0,1.0,0.0,0.6666666666666666,0.6666666666666666,1.0,1.0,0.3874467260751647,0.7548147697545436,597317.7823636307,477.4336372847011,0.0172016246025543,0.0,0.0,0.0,0.0,0.0,0.0,0.0,0.0,0.0,0.0,0.0,0.0,0.0,0.0,2.0,0.0,0.0,0.0,0.0,0.0,2.0,0.0,0.0,0.0,0.0,0.0,4.0,0.0,3,11.0485,90.624399,22.38831957824558,0.2732951570818658,0.1936975,0.0057180664916666,4.0,-0.2303156,0.0107693652923333,25.0,0.2252648275862069,0.0100086681687192,29.0,0.2162427730654205,0.3675285297459193,0.1239561871940229,0.0154937824171131,20.715476093356216,0.5110193164887934,0
SCRN1,1305.0,0.5,0.0,0.0,0.5,0.0,1.0,0.0,0.0,1.0,0.0,0.6666666666666666,0.6666666666666666,1.0,1.0,0.6510416666666666,0.930456793441068,549429.3,560.0,0.02255439,1.0145669024360418e-06,7.0,0.0,0.0,0.0,0.0,0.0,0.0,0.0,0.0,0.0,0.0,0.0,0.0,2.0,0.0,0.0,0.0,0.0,0.0,2.0,0.0,0.0,0.0,0.0,0.0,4.0,0.0,4,18.81375,130.22202291666667,27.41810956837576,0.1658057315218604,0.34250765625,0.0395653431007688,64.0,-0.342975,0.02210673645,2.0,0.3425218181818181,0.0386880580827972,66.0,3.683516106794769,0.0092376104252992,0.1386616456658392,0.0213636605356297,20.715476093356216,0.5110193164887934,0
ADGRL4,2165.453500045633,0.2356042882615762,0.0526435572028951,0.0215204677495176,0.6686918741811249,0.0001376401614766,0.9998683014815472,0.0173268880750288,0.0015884226893291,0.9899449324980184,0.0026245018405281,1.2830489648823968,1.4740405976522657,0.8740974555764096,0.9997286520032856,0.5251519651795693,0.7527603621408234,597495.5325773084,477.3295061777369,0.0172158450890399,0.0001211400236943,19.50378753308388,0.0,0.0,0.0,0.0,0.0,0.0,1.0,0.0,0.0,0.0,0.0,0.0,3.0,0.0,0.0,0.0,0.0,0.0,0.0,1.0,0.0,1.0,0.0,0.0,4.0,0.0,5,18.87,43.21986666666667,22.38831957824558,0.2732951570818658,0.2439837577023083,0.0263409212213065,24.76814004376368,-0.2160694250770577,0.0154478404218812,23.714210664565275,0.2382575554713608,0.0220873076754659,48.45601750547046,2.8268395389809275,0.1110072453572397,0.1239561871940229,0.0154937824171131,20.715476093356216,0.5110193164887934,0
OR2L5,939.0,0.0,0.0,0.0,1.0,0.0,1.0,0.0,0.0,1.0,0.0,2.0,2.0,1.0,1.0,0.2986857825567503,0.6596066764119561,597317.7823636307,477.4336372847011,0.0172016246025543,0.0,0.0,0.0,0.0,0.0,0.0,0.0,0.0,0.0,0.0,0.0,0.0,0.0,0.0,2.0,0.0,0.0,0.0,0.0,0.0,0.0,0.0,0.0,0.0,0.0,0.0,2.0,0.0,2,19.325,2.311249999999997,22.38831957824558,0.2732951570818658,0.2439837577023083,0.0263409212213065,24.76814004376368,-0.2160694250770577,0.0154478404218812,23.714210664565275,0.2382575554713608,0.0220873076754659,48.45601750547046,0.6908200888429543,0.4078987650583952,0.1239561871940229,0.0154937824171131,20.715476093356216,0.5110193164887934,0
ROBO2,4078.0,0.4285714285714285,0.0,0.0,0.5714285714285714,0.0,1.0,0.0,0.0,1.0,0.0,1.0,1.0,1.0,1.0,1.0,1.0,22182.62,1224.0,-0.01725721,2.318549284915165e-05,13.0,0.0,0.0,0.0,0.0,0.0,0.0,0.0,0.0,0.0,0.0,0.0,0.0,5.0,0.0,0.0,0.0,0.0,0.0,1.0,1.0,0.0,0.0,0.0,0.0,7.0,0.0,6,22.328857142857142,90.0796958095238,19.718419993065083,0.278711280588261,0.1890163636363636,0.0048081300854545,11.0,-0.2253035714285714,0.0101737941991289,42.0,0.2177722641509434,0.0091670201486211,53.0,3.209918163567337,0.0723228301964857,0.2712249508979807,0.0158281012834546,19.375495737715983,0.6901592382580694,0
FARP2,3165.0,0.0,1.0,0.0,0.0,0.0,1.0,0.0,0.0,1.0,0.0,0.0,1.0,0.0695507024620948,1.0,1.0,1.0,1221130.0,383.0,0.03058972,1.814778332801992e-06,4.0,0.0,0.0,0.0,0.0,0.0,0.0,0.0,0.0,0.0,0.0,0.0,0.0,0.0,1.0,0.0,0.0,0.0,0.0,0.0,0.0,0.0,0.0,0.0,0.0,1.0,0.0,1,38.0,0.0,24.11662725518753,0.0989916530154961,0.2439837577023083,0.0263409212213065,24.76814004376368,-0.2160694250770577,0.0154478404218812,23.714210664565275,0.2382575554713608,0.0220873076754659,48.45601750547046,3.382231319406652,0.0035010254474548,0.0491421434772756,0.0086847490645657,22.393809348508142,0.0978901605472645,0
OCA2,2517.0,0.6666666666666666,0.0,0.0,0.3333333333333333,0.0,1.0,0.0,0.0,1.0,0.0,0.4,0.4,1.0,1.0,0.5491488193300385,0.8783008241326035,154909.3,1141.0,-0.06086409,0.0,1.0,0.0,0.0,0.0,0.0,0.0,0.0,0.0,0.0,0.0,0.0,0.0,1.0,2.0,0.0,0.0,0.0,0.0,0.0,4.0,1.0,0.0,0.0,0.0,0.0,7.0,1.0,8,8.419,86.31697733333336,22.38831957824558,0.2732951570818658,0.3427433333333333,0.0514471641333333,3.0,-0.2408841269841269,0.0101500357020481,63.0,0.2455140909090909,0.0117216557260839,66.0,2.192319940074285,0.3044503899160979,0.0865828195624554,0.0108534832313266,20.715476093356216,0.5110193164887934,0
MYO1E,3327.0,0.0,0.3333333333333333,0.0,0.6666666666666666,0.0,1.0,0.0,0.0,1.0,0.0,2.0,3.0,0.2578648788035069,1.0,0.2235136343316942,0.5584002823129052,773031.9,386.0,0.04326224,4.0944899193472536e-05,39.0,0.0,0.0,0.0,0.0,0.0,0.0,0.0,0.0,0.0,0.0,0.0,0.0,2.0,1.0,0.0,0.0,0.0,0.0,0.0,0.0,0.0,0.0,0.0,0.0,3.0,0.0,3,30.73333333333333,108.21333333333337,24.530601175612432,0.1408759462120215,0.3608425,0.0562666910916666,4.0,-0.221335,0.0119791454333333,52.0,0.2312998214285714,0.0154913671145129,56.0,3.658847808381536,0.004909189537638,0.0690313490086408,0.0092967721154991,23.398897182730696,0.2648974102464153,0
P2RX1,1200.0,0.0,0.0,0.0,1.0,0.0,1.0,0.0,0.0,1.0,0.0,1.0,1.0,1.0,1.0,0.254841997961264,0.6032394346847902,561462.4,215.0,0.03153167,0.0,0.0,0.0,0.0,0.0,0.0,0.0,0.0,0.0,0.0,0.0,0.0,0.0,0.0,1.0,0.0,0.0,0.0,0.0,0.0,0.0,0.0,0.0,0.0,0.0,0.0,1.0,0.0,1,23.6,0.0,19.395675184417005,0.3447787184168067,0.3007014285714286,0.0882820763809524,7.0,-0.2533101470588236,0.0151116779925153,68.0,0.2577333333333334,0.0210328253441441,75.0,2.9475622529126326,0.0318629623409405,0.1239561871940229,0.0154937824171131,19.737021193033527,0.2431360772832786,0
NANOS2,417.0,0.0,0.0,0.0,1.0,0.0,1.0,0.0,0.0,1.0,0.0,2.0,2.0,1.0,1.0,0.4448398576512456,0.8051783505477957,866240.1,261.0,0.04233215,1.0872947288085744e-06,4.0,0.0,0.0,0.0,0.0,0.0,0.0,0.0,0.0,0.0,0.0,0.0,0.0,2.0,0.0,0.0,0.0,0.0,0.0,0.0,0.0,0.0,0.0,0.0,0.0,2.0,0.0,2,16.258,135.86112799999998,22.38831957824558,0.2732951570818658,0.1635666666666666,0.0032135755333333,12.0,-0.2231219999999999,0.0134453031394871,40.0,0.2093784615384616,0.0116167881152337,52.0,0.1217397070636269,0.114699476084629,0.1239561871940229,0.0154937824171131,20.715476093356216,0.5110193164887934,0
OR2L2,939.0,0.2,0.0,0.0,0.8,0.0,1.0,0.0,0.0,1.0,0.0,2.0,2.0,1.0,1.0,0.1863238308179616,0.4993980050670193,597317.7823636307,477.4336372847011,0.0172016246025543,0.0,0.0,0.0,0.0,0.0,0.0,0.0,0.0,0.0,0.0,0.0,0.0,0.0,0.0,4.0,0.0,0.0,0.0,0.0,0.0,1.0,0.0,0.0,0.0,0.0,0.0,5.0,0.0,5,13.549,55.457955000000005,22.38831957824558,0.2732951570818658,0.2918785507246376,0.023606945636104,69.0,-0.2136366666666666,0.0031416606266666,6.0,0.2856192,0.0223617959534054,75.0,3.262343600634889,0.0041189226195038,0.1239561871940229,0.0154937824171131,20.715476093356216,0.5110193164887934,0
PALMD,1656.0,0.0,0.0,0.0,1.0,0.0,1.0,0.0,0.0,1.0,0.0,1.0,1.0,1.0,1.0,0.531632110579479,0.8675191655071204,272207.6,540.0,-0.01461084,1.943220375416845e-06,3.0,0.0,0.0,0.0,0.0,0.0,0.0,0.0,0.0,0.0,0.0,0.0,0.0,1.0,0.0,0.0,0.0,0.0,0.0,0.0,0.0,0.0,0.0,0.0,0.0,1.0,0.0,1,10.69,0.0,23.825359534425257,0.1648374587183384,0.16164,0.0044310572,10.0,-0.2216023076923076,0.0113846251603238,39.0,0.2093651020408162,0.0104398404880102,49.0,3.190417002814293,0.0160700650144671,0.1239561871940229,0.0154937824171131,23.150728218758527,0.436448728927552,0
MAN2A2,3453.0,0.0,0.0,0.0,1.0,0.0,1.0,0.0,0.0,1.0,0.0,1.0,1.0,1.0,1.0,0.7662835249042146,0.9702705293292389,833957.1,291.0,0.04238327,2.990022465884061e-05,15.0,0.0,0.0,0.0,0.0,0.0,0.0,0.0,0.0,0.0,0.0,0.0,0.0,1.0,0.0,0.0,0.0,0.0,0.0,0.0,0.0,0.0,0.0,0.0,0.0,1.0,0.0,1,16.73,0.0,20.690410377979784,0.0838557515340926,0.35137,0.0336131441499999,5.0,-0.2280835416666667,0.0120460574403812,48.0,0.2397143396226415,0.0147970275173439,53.0,3.520991850006878,0.0035060461698432,0.0511286679365828,0.007519837805398,12.334161027385573,0.1268463526931626,0
SSX2,2165.453500045633,0.2356042882615762,0.0526435572028951,0.0215204677495176,0.6686918741811249,0.0001376401614766,0.9998683014815472,0.0173268880750288,0.0015884226893291,0.9899449324980184,0.0026245018405281,1.2830489648823968,1.4740405976522657,0.8740974555764096,0.9997286520032856,0.5251519651795693,0.7527603621408234,597495.5325773084,477.3295061777369,0.0172158450890399,0.0001211400236943,19.50378753308388,0.0,0.0,0.0,0.0,0.0,0.0,0.0,0.0,0.0,0.0,0.0,0.0,0.0,0.0,0.0,0.0,0.0,0.0,0.0,1.0,0.0,0.0,0.0,0.0,1.0,0.0,1,21.3,0.0,22.38831957824558,0.2732951570818658,0.2439837577023083,0.0263409212213065,24.76814004376368,-0.2160694250770577,0.0154478404218812,23.714210664565275,0.2382575554713608,0.0220873076754659,48.45601750547046,0.1360836822003655,0.2354114642117653,0.1239561871940229,0.0154937824171131,20.715476093356216,0.5110193164887934,0
SLC4A1AP,2391.0,1.0,0.0,0.0,0.0,0.0,1.0,0.0,0.0,1.0,0.0,0.0,0.0,1.0,1.0,1.0,1.0,1116452.0,205.0,0.03693087,4.304124027696031e-05,20.0,0.0,0.0,0.0,0.0,0.0,0.0,0.0,0.0,0.0,0.0,0.0,0.0,0.0,0.0,0.0,0.0,0.0,0.0,2.0,0.0,0.0,0.0,0.0,0.0,2.0,0.0,2,6.0765,19.1023805,24.520561455533908,0.0596656251913077,0.1873945454545454,0.0103557038545454,22.0,-0.1415359999999999,0.0007667205299999,5.0,0.1789022222222222,0.0088117102333333,27.0,3.4713429628367445,0.0014987472606923,0.0552432969439178,0.0004684775373105,23.710935016994544,0.1120733774702368,0
ZNF292,8172.0,0.0,0.1666666666666666,0.0,0.8333333333333334,0.0,1.0,0.0,0.0,1.0,0.0,5.0,6.0,0.5753739930955121,1.0,0.6082725060827251,0.9106644140109418,222401.0,547.0,0.01903861,1.6883201614847122e-06,3.0,0.0,0.0,0.0,0.0,0.0,0.0,0.0,0.0,0.0,0.0,0.0,0.0,5.0,1.0,0.0,0.0,0.0,0.0,0.0,0.0,0.0,0.0,0.0,0.0,6.0,0.0,5,23.671666666666667,62.96233666666667,20.13114953461733,0.1384392160352616,0.18563,0.0015203218,4.0,-0.2455071999999999,0.012559776269551,50.0,0.2410718518518518,0.0119484681889587,54.0,3.7151743468937193,0.0021111150634082,0.0775173263974366,0.0188624024732854,20.930048464758084,0.5127732110243426,0
PDE1A,1650.0,0.0,0.2,0.0,0.8,0.0,1.0,0.0,0.0,1.0,0.0,4.0,5.0,0.4591368227731864,1.0,0.0571886080292805,0.2208281231132734,359827.7,401.0,-0.004956785,1.68268708654033e-05,3.0,0.0,0.0,0.0,0.0,0.0,0.0,0.0,0.0,0.0,0.0,0.0,0.0,4.0,1.0,0.0,0.0,0.0,0.0,0.0,0.0,0.0,0.0,0.0,0.0,5.0,0.0,3,32.02,71.272,17.43243056907759,0.2419860036947029,0.1913966666666666,0.0049517325633333,21.0,-0.1846492307692307,0.0095967538576923,13.0,0.1888167647058823,0.0065018563558823,34.0,3.1808700306983377,0.0193181116899315,0.1239561871940229,0.0154937824171131,20.715476093356216,0.5110193164887934,0
ELP2,2676.0,0.0,0.5,0.0,0.0,0.0,1.0,0.5,0.0,-0.0,0.0,0.0,2.0,0.1291322314049586,1.0,1.0,1.0,390095.5,591.0,0.04056522,4.3406615322510607e-05,31.0,0.0,0.0,0.0,0.0,0.0,0.0,1.0,0.0,0.0,0.0,0.0,0.0,0.0,1.0,0.0,0.0,0.0,0.0,0.0,0.0,0.0,1.0,0.0,0.0,1.0,0.0,2,44.0,0.0,23.923941182634927,0.0370386935674088,0.51839,0.5918295897600003,6.0,-0.239346,0.013023594032653,50.0,0.2692435714285714,0.0729898354997402,56.0,3.602961406524683,0.0025464648111019,0.0983878024115744,0.0267863816412154,17.067250751740477,0.2378845271148207,0
MACROD1,978.0,0.0,0.0,1.0,0.0,0.0,1.0,0.0,0.0,1.0,0.0,0.0,1.0,0.1008471157724889,1.0,1.0,1.0,1324858.0,278.0,0.05331001,0.0,1.0,0.0,0.0,0.0,0.0,0.0,0.0,0.0,0.0,0.0,0.0,0.0,0.0,0.0,0.0,0.0,0.0,0.0,0.0,0.0,1.0,0.0,0.0,0.0,0.0,1.0,0.0,1,33.0,0.0,24.716342861323625,0.1755046197435647,0.1992616666666666,0.0088983159188405,23.0,-0.22072,0.0160139771666666,19.0,0.2087432558139535,0.011852282703433,42.0,3.1460115862578824,0.014838599431182,0.0467485705016239,0.0096807277725136,20.715476093356216,0.5110193164887934,0
RAB40A,834.0,0.0,0.0,0.0,1.0,0.0,1.0,0.0,0.0,1.0,0.0,1.0,1.0,1.0,1.0,0.0632551078499588,0.2378758554060377,458015.5,477.4336372847011,0.02163383,1.4375092520205729e-05,11.0,0.0,0.0,0.0,0.0,0.0,0.0,0.0,0.0,0.0,0.0,0.0,0.0,1.0,0.0,0.0,0.0,0.0,0.0,0.0,0.0,0.0,0.0,0.0,0.0,1.0,0.0,1,24.1,0.0,22.38831957824558,0.2732951570818658,0.2504238461538461,0.031224391125641,13.0,-0.2231244444444444,0.0085882753527777,9.0,0.239255909090909,0.021302967158658,22.0,2.9944989337016983,0.0155557381993044,0.1239561871940229,0.0154937824171131,20.715476093356216,0.5110193164887934,0
KLHDC8A,1053.0,0.5,0.0,0.0,0.5,0.0,1.0,0.0,0.0,1.0,0.0,0.5,0.5,1.0,1.0,0.7674597083653109,0.9705827307311652,662921.0,249.0,0.04138571,0.0,0.0,0.0,0.0,0.0,0.0,0.0,0.0,0.0,0.0,0.0,0.0,0.0,0.0,1.0,0.0,0.0,0.0,0.0,0.0,1.0,0.0,0.0,0.0,0.0,0.0,2.0,0.0,2,17.065,70.44844999999998,22.38831957824558,0.2732951570818658,0.2846032894736842,0.0227569036357017,76.0,-0.199505,0.0016629144499999,2.0,0.282421282051282,0.0223706851256077,78.0,2.5215606567020026,0.1380655504293438,0.155027863598587,0.0052857561009441,20.715476093356216,0.5110193164887934,0
PPP1R10,2823.0,0.3333333333333333,0.0,0.0,0.6666666666666666,0.0,1.0,0.0,0.0,1.0,0.0,1.0,1.0,1.0,1.0,0.4826254826254826,0.8342250600372764,2080582.0,271.0,0.03242649,3.134088122366565e-05,28.0,0.0,0.0,0.0,0.0,0.0,0.0,0.0,0.0,0.0,0.0,0.0,0.0,2.0,0.0,0.0,0.0,0.0,0.0,1.0,0.0,0.0,0.0,0.0,0.0,3.0,0.0,3,20.224,110.760528,24.58947919213257,0.0573940896026256,0.2089268421052632,0.0098032476384068,38.0,-0.2056483333333333,0.0030771100166666,6.0,0.2084797727272727,0.0087944513976215,44.0,3.57971833496066,0.0012125634210364,0.0775130839821442,0.016278197388534,25.239557353707607,0.2103534472482357,0
SUMF2,2165.453500045633,0.2356042882615762,0.0526435572028951,0.0215204677495176,0.6686918741811249,0.0001376401614766,0.9998683014815472,0.0173268880750288,0.0015884226893291,0.9899449324980184,0.0026245018405281,1.2830489648823968,1.4740405976522657,0.8740974555764096,0.9997286520032856,0.5251519651795693,0.7527603621408234,597495.5325773084,477.3295061777369,0.0172158450890399,0.0001211400236943,19.50378753308388,0.0,0.0,0.0,0.0,0.0,0.0,0.0,0.0,0.0,0.0,0.0,1.0,0.0,0.0,0.0,0.0,0.0,0.0,0.0,0.0,0.0,0.0,0.0,0.0,1.0,0.0,1,1.058,0.0,26.686216258982785,0.2216509181060356,0.3520468627450979,0.0710542636739607,51.0,-0.246605,0.0206165348333333,4.0,0.3443783636363636,0.0677000076028283,55.0,3.674658629063584,0.0035909999080534,0.0554426746666133,0.0094511822847108,20.715476093356216,0.5110193164887934,0
ETV3,1539.0,0.0,0.0,0.0,1.0,0.0,1.0,0.0,0.0,1.0,0.0,1.0,1.0,1.0,1.0,0.2506265664160401,0.5974414112535771,895723.3,423.0,0.03105493,1.123373626880602e-05,8.0,0.0,0.0,0.0,0.0,0.0,0.0,0.0,0.0,0.0,0.0,0.0,0.0,1.0,0.0,0.0,0.0,0.0,0.0,0.0,0.0,0.0,0.0,0.0,0.0,1.0,0.0,1,24.0,0.0,22.04628345406172,0.1301714492628208,0.3171124050632911,0.0231758860261928,79.0,-0.21665,0.0154478404218812,1.0,0.315856625,0.0230086790656804,80.0,3.5633214287146475,0.0030453791173215,0.0731442964326342,0.0061609510281403,21.75987842666989,0.0975587749472679,0
ZBTB34,1503.0,0.5,0.0,0.0,0.5,0.0,1.0,0.0,0.0,1.0,0.0,0.5,0.5,1.0,1.0,0.8163265306122449,0.981992525711584,367308.3,322.0,0.04753896,0.0,0.0,0.0,0.0,0.0,0.0,0.0,0.0,0.0,0.0,0.0,0.0,0.0,0.0,1.0,0.0,0.0,0.0,0.0,0.0,1.0,0.0,0.0,0.0,0.0,0.0,2.0,0.0,2,14.589,72.26424200000002,19.52752631545146,0.2623312130809548,0.182444,0.00475232148,5.0,-0.2066393617021276,0.0101324431061054,47.0,0.2043128846153846,0.0095636724836726,52.0,3.4329458650262192,0.0022579073515568,0.0417038858030319,0.0097763896496353,16.98758241191347,0.1778008373533784,0
SMAD3,2165.453500045633,0.2356042882615762,0.0526435572028951,0.0215204677495176,0.6686918741811249,0.0001376401614766,0.9998683014815472,0.0173268880750288,0.0015884226893291,0.9899449324980184,0.0026245018405281,1.2830489648823968,1.4740405976522657,0.8740974555764096,0.9997286520032856,0.5251519651795693,0.7527603621408234,597495.5325773084,477.3295061777369,0.0172158450890399,0.0001211400236943,19.50378753308388,0.0,0.0,0.0,0.0,0.0,0.0,0.0,0.0,0.0,0.0,0.0,0.0,0.0,0.0,0.0,0.0,0.0,0.0,1.0,0.0,0.0,0.0,0.0,0.0,1.0,0.0,1,3.235,0.0,23.92045779683372,0.1580130813746696,0.4023274999999999,0.0554629883583333,4.0,-0.2219962264150943,0.01177194993164,53.0,0.2346510526315789,0.0160621355488721,57.0,3.555432987177858,0.0053035537757285,0.0808874556985152,0.0148184580467877,20.715476093356216,0.5110193164887934,0
PHKB,3282.0,0.5,0.0,0.0,0.5,0.0,1.0,0.0,0.0,1.0,0.0,0.5,0.5,1.0,1.0,0.7057163020465773,0.951688045665874,320759.8,885.0,-0.003228772,2.0469074013007813e-05,16.0,0.0,0.0,0.0,0.0,0.0,0.0,0.0,0.0,0.0,0.0,0.0,0.0,1.0,0.0,0.0,0.0,0.0,0.0,1.0,0.0,0.0,0.0,0.0,0.0,2.0,0.0,2,13.8085,51.23756450000001,24.58508007425578,0.0682286643579061,0.2543070967741935,0.0155258613679569,31.0,-0.1740177777777777,0.0043919928300653,18.0,0.2248130612244897,0.0127885303341836,49.0,3.674234760401232,0.0030427410309363,0.0409628984691331,0.0119493436323453,24.96566450130956,0.1349168844405386,0
ZMAT1,1917.0,0.0,0.5,0.0,0.5,0.0,1.0,0.0,0.0,1.0,0.0,1.0,2.0,0.4608294930875576,1.0,0.3671071953010279,0.7349858253624325,262043.9,477.4336372847011,0.01599902,2.944071308940555e-07,4.0,0.0,0.0,0.0,0.0,0.0,0.0,0.0,0.0,0.0,0.0,0.0,0.0,1.0,1.0,0.0,0.0,0.0,0.0,0.0,0.0,0.0,0.0,0.0,0.0,2.0,0.0,2,18.0,98.0,22.38831957824558,0.2732951570818658,0.3001658333333333,0.0917590393901515,12.0,-0.238795,0.01008968565,10.0,0.2722699999999999,0.0533666900285714,22.0,3.279112742843794,0.0236067163894295,0.219867868743192,0.0501179562169091,20.715476093356216,0.5110193164887934,0
KDR,4071.0,0.0,0.0909090909090909,0.0,0.8181818181818182,0.0,1.0,0.0909090909090909,0.0,0.9474427588512933,0.0,9.0,11.0,0.6226650062266501,1.0,0.075409094336777,0.2703285873384708,175189.0,706.0,0.002962429,4.5018335536130295e-05,31.0,0.0,0.0,0.0,0.0,0.0,0.0,1.0,0.0,0.0,0.0,0.0,0.0,10.0,1.0,0.0,0.0,0.0,0.0,0.0,0.0,0.0,1.0,1.0,0.0,10.0,0.0,11,25.623,51.91995666666666,18.80629903529268,0.1546309323845603,0.3513686666666666,0.0972289505266666,15.0,-0.2284172222222222,0.0206156898800653,18.0,0.2843042424242424,0.0573549079001893,33.0,3.6036726209558014,0.0158772641966486,0.0973393387179938,0.0239547237696824,16.980580006520277,0.4415045938075725,0
TMSB4Y,135.0,0.0,0.0,0.0,1.0,0.0,1.0,0.0,0.0,1.0,0.0,1.0,1.0,1.0,1.0,0.291970802919708,0.651416488091734,597317.7823636307,477.4336372847011,0.0172016246025543,1.209857321701715e-06,5.0,0.0,0.0,0.0,0.0,0.0,0.0,0.0,0.0,0.0,0.0,0.0,0.0,1.0,0.0,0.0,0.0,0.0,0.0,0.0,0.0,0.0,0.0,0.0,0.0,1.0,0.0,1,24.7,0.0,22.38831957824558,0.2732951570818658,0.2439837577023083,0.0263409212213065,24.76814004376368,-0.2160694250770577,0.0154478404218812,23.714210664565275,0.2382575554713608,0.0220873076754659,48.45601750547046,1.5686812726944226,1.4363333047556226,0.0532585255216859,0.0115260590403139,20.715476093356216,0.5110193164887934,0
PDE4B,2211.0,0.0,0.0,0.0,1.0,0.0,1.0,0.0,0.0,1.0,0.0,2.0,2.0,1.0,1.0,0.4275331338178709,0.7908180793510227,103928.2,596.0,-0.008094673,2.188121424494504e-05,9.0,0.0,0.0,0.0,0.0,0.0,0.0,0.0,0.0,0.0,0.0,0.0,1.0,2.0,0.0,0.0,0.0,0.0,0.0,0.0,0.0,0.0,0.0,0.0,0.0,3.0,0.0,3,20.05666666666667,75.25663333333333,17.0801652035907,0.2961233745334043,0.1859863636363636,0.0095340081454545,11.0,-0.2056490625,0.0077597310668346,32.0,0.2006190697674418,0.0080727773324473,43.0,3.471420736553728,0.0111236259944851,0.1239561871940229,0.0154937824171131,17.34011631146252,0.6981516992375338,0
MUC5AC,1870.0,0.1666666666666666,0.1666666666666666,0.0,0.6666666666666666,0.0,1.0,0.0,0.0,1.0,0.0,2.0,2.5,0.4482294935006724,1.0,0.6729475100942126,0.9394939073321448,597317.7823636307,477.4336372847011,0.0172016246025543,5.270015110663929e-06,2.0,0.0,0.0,0.0,0.0,0.0,0.0,0.0,0.0,0.0,0.0,0.0,0.0,11.0,2.0,0.0,0.0,0.0,0.0,3.0,0.0,0.0,0.0,0.0,0.0,16.0,0.0,15,9.20075,108.9891062,26.16120495185344,3.428330259186068,0.2024244444444444,0.0128520834261437,18.0,-0.2205042307692307,0.0131681554733846,26.0,0.2131079545454545,0.0128178164073467,44.0,2.709184180470764,0.6526512549047261,0.1239561871940229,0.0154937824171131,22.333155448493063,1.772236428525641,0
CACHD1,3672.0,0.0,0.0,0.0,0.6666666666666666,0.0,1.0,0.0,0.0,1.0,0.3333333333333333,2.0,3.0,0.3676470588235294,1.0,0.0529436679373147,0.208520055049937,213590.9,581.0,-0.005703065,4.98781397694602e-06,3.0,0.0,0.0,0.0,0.0,0.0,0.0,0.0,0.0,0.0,0.0,0.0,0.0,2.0,0.0,0.0,0.0,0.0,0.0,0.0,1.0,0.0,0.0,0.0,0.0,3.0,0.0,3,29.1,31.630000000000017,21.415024638958705,0.316937450647461,0.1989208333333333,0.0106748862083333,12.0,-0.2074048387096774,0.0079164524991397,31.0,0.2050372093023255,0.0084652385634551,43.0,3.420764358513,0.026948325935637,0.0554394615861846,0.0153642821452697,19.357019067185387,0.4785396865951435,0
TEX55,2165.453500045633,0.2356042882615762,0.0526435572028951,0.0215204677495176,0.6686918741811249,0.0001376401614766,0.9998683014815472,0.0173268880750288,0.0015884226893291,0.9899449324980184,0.0026245018405281,1.2830489648823968,1.4740405976522657,0.8740974555764096,0.9997286520032856,0.5251519651795693,0.7527603621408234,597495.5325773084,477.3295061777369,0.0172158450890399,0.0001211400236943,19.50378753308388,0.0,0.0,0.0,0.0,0.0,0.0,0.0,0.0,0.0,0.0,0.0,0.0,2.0,0.0,0.0,0.0,0.0,0.0,1.0,0.0,0.0,0.0,0.0,0.0,3.0,0.0,3,5.6946666666666665,65.68396033333333,22.38831957824558,0.2732951570818658,0.2439837577023083,0.0263409212213065,24.76814004376368,-0.2160694250770577,0.0154478404218812,23.714210664565275,0.2382575554713608,0.0220873076754659,48.45601750547046,2.8268395389809275,0.1110072453572397,0.1239561871940229,0.0154937824171131,20.715476093356216,0.5110193164887934,0
HSPD1,1722.0,0.0,0.0,0.0,1.0,0.0,1.0,0.0,0.0,1.0,0.0,1.0,1.0,1.0,1.0,0.2913752913752914,0.6506827452289383,681973.5,428.0,0.02910156,0.0018261471330662,181.0,0.0,0.0,0.0,0.0,0.0,0.0,0.0,0.0,0.0,0.0,0.0,0.0,1.0,0.0,0.0,0.0,0.0,0.0,0.0,0.0,0.0,0.0,0.0,0.0,1.0,0.0,1,23.3,0.0,29.86384299243001,0.2225382918913751,0.1737305882352941,0.0033702843808823,17.0,-0.1815464285714285,0.0087109442093406,14.0,0.1772603225806452,0.0055878606032258,31.0,3.811685800286012,0.0032733677188743,0.048594868217049,0.0152348372894695,22.42804661336004,0.2974745027391754,0
GALNT13,1671.0,0.0,0.0,0.0,0.6666666666666666,0.0,1.0,0.3333333333333333,0.0,1.0,0.0,2.0,3.0,1.0,1.0,0.3901677721420211,0.7573852701451167,21842.08,1035.0,-0.01331434,3.864536059070431e-07,3.0,0.0,0.0,0.0,0.0,0.0,0.0,1.0,0.0,0.0,0.0,0.0,0.0,2.0,0.0,0.0,0.0,0.0,0.0,0.0,0.0,0.0,1.0,0.0,0.0,2.0,0.0,2,24.85,3.125,16.100864064805798,0.2624709164752239,0.1792063157894736,0.0034464542023391,19.0,-0.1844507142857143,0.0095640763917582,14.0,0.1814312121212121,0.0058309645422348,33.0,2.75188651904541,0.1308501785094036,0.1919042014472083,0.0237381092619005,20.715476093356216,0.5110193164887934,0
SLC44A1,1974.0,0.0,0.0,0.3333333333333333,0.6666666666666666,0.0,1.0,0.0,0.0,1.0,0.0,2.0,3.0,0.2055498458376156,1.0,0.4761904761904762,0.8294939736806558,265153.6,490.0,-0.0004347536,1.3326389917230743e-05,8.0,0.0,0.0,0.0,0.0,0.0,0.0,0.0,0.0,0.0,0.0,0.0,0.0,2.0,0.0,0.0,0.0,0.0,0.0,0.0,1.0,0.0,0.0,0.0,0.0,3.0,0.0,3,28.85333333333333,65.02453333333335,24.023857072628594,0.084830595172911,0.1720785714285714,0.0021892213809523,7.0,-0.2135141666666666,0.0102347224801418,48.0,0.2082405454545454,0.0093454821348821,55.0,3.71787567450398,0.0020283089501728,0.0453405541830296,0.0115868667864496,22.032816302003905,0.2487550821186337,0
CCDC124,672.0,0.0,0.0,0.0,1.0,0.0,1.0,0.0,0.0,1.0,0.0,1.0,1.0,1.0,1.0,0.7215007215007215,0.9570143584182622,1366136.0,217.0,0.03627883,1.0890580586699922e-06,8.0,0.0,0.0,0.0,0.0,0.0,0.0,0.0,0.0,0.0,0.0,0.0,0.0,1.0,0.0,0.0,0.0,0.0,0.0,0.0,0.0,0.0,0.0,0.0,0.0,1.0,0.0,1,25.0,0.0,26.232228148515244,0.0532750945198452,0.2426224999999999,0.0225658135357142,8.0,-0.2156420833333333,0.0135583252721631,48.0,0.2194964285714285,0.0145489743797402,56.0,3.3140210277662576,0.0039506093868847,0.0913593372449173,0.0121549127019582,21.18902696789814,0.2371891335272621,0
GJA1,1149.0,0.0,0.3333333333333333,0.0,0.6666666666666666,0.0,1.0,0.0,0.0,1.0,0.0,2.0,3.0,0.1337255950788981,1.0,0.7745933384972892,0.9724377318857516,60721.85,773.0,-0.02299575,0.0001514757610596,32.0,0.0,0.0,0.0,0.0,0.0,0.0,0.0,0.0,0.0,0.0,0.0,0.0,2.0,1.0,0.0,0.0,0.0,0.0,0.0,0.0,0.0,0.0,0.0,0.0,3.0,0.0,3,23.3,132.19000000000003,22.3255374902668,0.2669120720310562,0.255565,0.0110373325666666,4.0,-0.2381710869565217,0.0103271118499033,46.0,0.2395626,0.0101825593543265,50.0,3.6488644615703207,0.0098228137933054,0.1239561871940229,0.0154937824171131,22.925391301834576,0.232528166624632,0
ABCB5,3774.0,0.3333333333333333,0.0,0.0,0.6666666666666666,0.0,1.0,0.0,0.0,1.0,0.0,1.3333333333333333,1.3333333333333333,1.0,1.0,0.0915667063455727,0.3104740903960801,164217.9,648.0,0.003580114,0.0,0.0,0.0,0.0,0.0,0.0,0.0,0.0,0.0,0.0,0.0,0.0,0.0,0.0,4.0,0.0,0.0,0.0,0.0,0.0,2.0,0.0,0.0,0.0,0.0,0.0,6.0,0.0,6,18.49983333333333,137.86664016666663,22.38831957824558,0.2732951570818658,0.3473238461538461,0.0426084794646634,65.0,-0.342975,0.02210673645,2.0,0.3471940298507462,0.0416528199698778,67.0,2.792815657204526,0.01142774278864,0.1239561871940229,0.0154937824171131,20.715476093356216,0.5110193164887934,0
EXOSC6,819.0,0.0,0.0,0.0,1.0,0.0,1.0,0.0,0.0,1.0,0.0,1.0,1.0,1.0,1.0,0.628140703517588,0.9202205323003714,1353954.0,139.0,0.03717497,0.0001306288260554,50.0,0.0,0.0,0.0,0.0,0.0,0.0,0.0,0.0,0.0,0.0,0.0,0.0,1.0,0.0,0.0,0.0,0.0,0.0,0.0,0.0,0.0,0.0,0.0,0.0,1.0,0.0,1,20.5,0.0,24.873164925008453,0.040119041708835,0.2538189285714285,0.0190642663284391,28.0,-0.1965515384615385,0.0056939732055384,26.0,0.2262457407407408,0.0132320333418937,54.0,3.5441416313944414,0.0016898552487859,0.0638283248808026,0.0062652991106655,20.715476093356216,0.5110193164887934,0
PRRC2C,8454.0,0.2,0.0,0.0,0.8,0.0,1.0,0.0,0.0,1.0,0.0,2.0,2.0,1.0,1.0,0.4734848484848485,0.8274788664034163,406372.2,793.0,0.002387093,3.522064313234468e-05,22.0,0.0,0.0,0.0,0.0,0.0,0.0,0.0,0.0,0.0,0.0,0.0,0.0,4.0,0.0,0.0,0.0,0.0,0.0,1.0,0.0,0.0,0.0,0.0,0.0,5.0,0.0,5,22.202,47.68752,25.926120560744707,0.0261429276811879,0.2935263636363636,0.0199756380392344,77.0,-0.22834,0.0154478404218812,1.0,0.2926906410256409,0.0197706918865967,78.0,3.8705403753624257,0.0013895663112452,0.065711960607448,0.0155208085542863,25.496733124517792,0.1101775124898279,0
SORBS2,2165.453500045633,0.2356042882615762,0.0526435572028951,0.0215204677495176,0.6686918741811249,0.0001376401614766,0.9998683014815472,0.0173268880750288,0.0015884226893291,0.9899449324980184,0.0026245018405281,1.2830489648823968,1.4740405976522657,0.8740974555764096,0.9997286520032856,0.5251519651795693,0.7527603621408234,597495.5325773084,477.3295061777369,0.0172158450890399,0.0001211400236943,19.50378753308388,0.0,0.0,0.0,0.0,0.0,0.0,0.0,0.0,0.0,0.0,0.0,1.0,0.0,0.0,0.0,0.0,0.0,0.0,1.0,0.0,0.0,0.0,0.0,0.0,2.0,0.0,2,23.450000000000003,1.4450000000000018,26.34654165142288,0.2144534962819964,0.1982672727272727,0.0143609640018181,11.0,-0.2336468965517241,0.0160896812507389,29.0,0.2239175,0.015489824726923,40.0,3.412851386241824,0.0411438055372322,0.1239561871940229,0.0154937824171131,27.87072264807454,0.3819780528593346,0
HEPH,3639.0,0.125,0.0,0.0,0.875,0.0,1.0,0.0,0.0,1.0,0.0,3.5,3.5,1.0,1.0,0.1423082396470755,0.4197751347957967,282730.0,477.4336372847011,0.003913619,0.0,1.0,0.0,0.0,0.0,0.0,0.0,0.0,0.0,0.0,0.0,0.0,0.0,1.0,7.0,0.0,0.0,0.0,0.0,0.0,1.0,0.0,0.0,0.0,0.0,0.0,9.0,0.0,9,16.287333333333333,94.80226825,20.771970250739432,0.2126020222308015,0.1708059999999999,0.0009893920299999,5.0,-0.210608125,0.0190850119495833,16.0,0.2011314285714285,0.0148133914928571,21.0,3.3836565559692326,0.0146763801194476,0.1239561871940229,0.0154937824171131,21.68035519465885,0.5552863625401079,0
SIPA1L3,5346.0,0.25,0.0,0.0,0.75,0.0,1.0,0.0,0.0,1.0,0.0,1.5,1.5,1.0,1.0,0.5899705014749262,0.9012877527034888,688670.3,605.0,-0.01658925,2.050670269859108e-05,9.0,0.0,0.0,0.0,0.0,0.0,0.0,0.0,0.0,0.0,0.0,0.0,0.0,3.0,0.0,0.0,0.0,0.0,0.0,1.0,0.0,0.0,0.0,0.0,0.0,4.0,0.0,4,15.559,125.78033733333332,23.10685545686715,0.0778129686357576,0.3181772727272727,0.0762937810874458,22.0,-0.205746923076923,0.0124837939341538,26.0,0.2572775,0.0439339972659574,48.0,3.579603234478899,0.0052171168717234,0.0649436076468652,0.024147721637773,24.50918132321019,0.1324150676557801,0
OR4C15,1113.0,0.2,0.0,0.0,0.8,0.0,1.0,0.0,0.0,1.0,0.0,2.0,2.0,1.0,1.0,0.3819709702062643,0.7495839066034027,1141.154,1100.0,-0.03699483,0.0,0.0,0.0,0.0,0.0,0.0,0.0,0.0,0.0,0.0,0.0,0.0,0.0,0.0,5.0,0.0,0.0,0.0,0.0,0.0,1.0,0.0,0.0,0.0,1.0,0.0,5.0,0.0,6,14.1608,130.8638092,22.38831957824558,0.2732951570818658,0.1894180952380952,0.0067557392061904,21.0,-0.2167147058823529,0.0188288081889705,17.0,0.2016297368421053,0.0119831291918207,38.0,0.021911744028183,0.0254656104172125,0.1239561871940229,0.0154937824171131,20.715476093356216,0.5110193164887934,0
ZBED9,3978.0,0.25,0.0,0.0,0.75,0.0,1.0,0.0,0.0,0.9166666666666666,0.0,2.0,2.0,1.0,1.0,0.4564125969876768,0.8144034964004242,239465.2,576.0,0.02730834,6.673642325821558e-08,5.0,0.0,0.0,0.0,0.0,0.0,0.0,0.0,0.0,0.0,0.0,0.0,0.0,5.0,0.0,0.0,0.0,0.0,0.0,2.0,1.0,0.0,0.0,0.0,0.0,8.0,0.0,8,16.924375,51.55335426785715,22.38831957824558,0.2732951570818658,0.2439837577023083,0.0263409212213065,24.76814004376368,-0.2160694250770577,0.0154478404218812,23.714210664565275,0.2382575554713608,0.0220873076754659,48.45601750547046,2.8268395389809275,0.1110072453572397,0.1239561871940229,0.0154937824171131,20.715476093356216,0.5110193164887934,0
MEMO1,894.0,0.0,0.0,0.0,1.0,0.0,1.0,0.0,0.0,1.0,0.0,2.0,2.0,1.0,1.0,0.4952947003467063,0.8432899154684005,342214.8,385.0,0.01845579,0.000150190394727,31.0,0.0,0.0,0.0,0.0,0.0,0.0,0.0,0.0,0.0,0.0,0.0,1.0,2.0,0.0,0.0,0.0,0.0,0.0,0.0,0.0,0.0,0.0,0.0,0.0,3.0,0.0,3,21.935666666666663,138.32281633333335,24.67616222138273,0.0456585967855004,0.1873945454545454,0.0103557038545454,22.0,-0.1787716666666666,0.0089323456566666,6.0,0.1855467857142857,0.0097215568670634,28.0,3.4422224443946883,0.001712957517606,0.0519358473032127,0.0056104880931283,18.186812958956537,0.1341737430945,0
ANXA10,975.0,0.0,0.0,0.0,1.0,0.0,1.0,0.0,0.0,1.0,0.0,1.0,1.0,1.0,1.0,0.6038647342995169,0.908457159397988,55531.69,402.0,-0.01642235,1.0254225688713917e-07,2.0,0.0,0.0,0.0,0.0,0.0,0.0,0.0,0.0,0.0,0.0,0.0,0.0,1.0,0.0,0.0,0.0,0.0,0.0,0.0,0.0,0.0,0.0,0.0,0.0,1.0,0.0,1,18.57,0.0,22.17457838549471,2.721834950650896,0.15918375,0.0028986841410714,8.0,-0.209775,0.0094544148185185,28.0,0.1985325,0.0083281602478571,36.0,1.854937056911805,0.5600242507261846,0.1239561871940229,0.0154937824171131,16.435177434024094,2.9862969491049176,0
ADGRE3,2165.453500045633,0.2356042882615762,0.0526435572028951,0.0215204677495176,0.6686918741811249,0.0001376401614766,0.9998683014815472,0.0173268880750288,0.0015884226893291,0.9899449324980184,0.0026245018405281,1.2830489648823968,1.4740405976522657,0.8740974555764096,0.9997286520032856,0.5251519651795693,0.7527603621408234,597495.5325773084,477.3295061777369,0.0172158450890399,0.0001211400236943,19.50378753308388,0.0,0.0,0.0,0.0,0.0,0.0,0.0,0.0,0.0,0.0,0.0,0.0,0.0,1.0,0.0,0.0,0.0,0.0,0.0,0.0,0.0,0.0,0.0,0.0,1.0,0.0,1,35.0,0.0,19.78118158499457,0.8305454312033436,0.2439837577023083,0.0263409212213065,24.76814004376368,-0.2160694250770577,0.0154478404218812,23.714210664565275,0.2382575554713608,0.0220873076754659,48.45601750547046,2.683058112216408,0.0570668391791769,0.1239561871940229,0.0154937824171131,17.108403331893285,0.6519896962268665,0
TNKS1BP1,5190.0,0.0,0.0,0.0,1.0,0.0,1.0,0.0,0.0,1.0,0.0,3.0,3.0,1.0,1.0,0.6112469437652812,0.9121358424086524,929333.8,250.0,-0.01982764,3.8543422671720005e-05,27.0,0.0,0.0,0.0,0.0,0.0,0.0,0.0,0.0,0.0,0.0,0.0,0.0,3.0,0.0,0.0,0.0,0.0,0.0,0.0,0.0,0.0,0.0,0.0,0.0,3.0,0.0,3,14.426666666666668,29.48503333333334,27.23528736515418,0.0726292909592957,0.1838272727272727,0.006309491477922,22.0,-0.2127612499999999,0.0198006414516666,16.0,0.19601,0.011817941281081,38.0,3.6899842704571153,0.0034510095846464,0.0755429768936978,0.0080379805662577,28.4102636954235,0.0851575253995561,0
C10ORF53,474.0,0.5,0.0,0.0,0.5,0.0,1.0,0.0,0.0,1.0,0.0,0.5,0.5,1.0,1.0,0.5279831045406547,0.8652011587982505,597317.7823636307,477.4336372847011,0.0172016246025543,0.0,0.0,0.0,0.0,0.0,0.0,0.0,0.0,0.0,0.0,0.0,0.0,0.0,0.0,1.0,0.0,0.0,0.0,0.0,0.0,1.0,0.0,0.0,0.0,0.0,0.0,2.0,0.0,2,0.5235000000000001,0.0006844999999999,22.38831957824558,0.2732951570818658,0.1847133333333333,0.0102301026666666,6.0,-0.2102816129032258,0.0109950562406451,31.0,0.2061354054054054,0.0106746820477477,37.0,1.2233873043367696,0.3891374877907863,0.329903310335174,0.0254848176366545,20.715476093356216,0.5110193164887934,0
SERPINI1,1233.0,0.0,0.0,0.0,1.0,0.0,1.0,0.0,0.0,1.0,0.0,1.0,1.0,1.0,1.0,0.4504504504504505,0.8096879260739587,145987.1,567.0,-0.01243565,9.686431517972265e-08,2.0,0.0,0.0,0.0,0.0,0.0,0.0,0.0,0.0,0.0,0.0,0.0,0.0,1.0,0.0,0.0,0.0,0.0,0.0,0.0,0.0,0.0,0.0,0.0,0.0,1.0,0.0,1,22.1,0.0,20.66884646336721,0.5292056513925012,0.2153470967741935,0.0096854955612903,31.0,-0.2214864705882353,0.0101356587742647,17.0,0.2175214583333332,0.0096414730425088,48.0,3.106030211676763,0.0140723697067832,0.0612308973885051,0.0164607485464871,20.715476093356216,0.5110193164887934,0
STAG3,3678.0,0.25,0.0,0.25,0.5,0.0,1.0,0.0,0.0,1.0,0.0,1.0,1.5,0.2659574468085106,1.0,0.15008254539997,0.4347245735525139,1382416.0,198.0,0.05525933,0.0,2.0,0.0,0.0,0.0,0.0,0.0,0.0,0.0,0.0,0.0,0.0,0.0,0.0,2.0,0.0,0.0,0.0,0.0,0.0,1.0,1.0,0.0,0.0,0.0,0.0,4.0,0.0,4,23.6645,150.9767743333333,19.26203678163326,0.7224587404053788,0.2492092307692308,0.0151177154914979,39.0,-0.1803471428571428,0.0037044085571428,7.0,0.2387302173913043,0.0138853845088405,46.0,2.893808868552686,0.0208121598629048,0.345108630456531,0.0301050026301423,13.658713452307603,1.3682725687062762,0
TWISTNB,1017.0,1.0,0.0,0.0,0.0,0.0,1.0,0.0,0.0,1.0,0.0,0.0,0.0,1.0,1.0,1.0,1.0,168713.9,941.0,-0.01103268,2.767693577448651e-05,14.0,0.0,0.0,0.0,0.0,0.0,0.0,0.0,0.0,0.0,0.0,0.0,0.0,0.0,0.0,0.0,0.0,0.0,0.0,1.0,0.0,0.0,0.0,0.0,0.0,1.0,0.0,1,0.77,0.0,23.019607242771706,0.131684950349449,0.2439837577023083,0.0263409212213065,24.76814004376368,-0.2160694250770577,0.0154478404218812,23.714210664565275,0.2382575554713608,0.0220873076754659,48.45601750547046,3.4304952041378063,0.0039938152842389,0.0367991678724794,0.00902676269419,23.603443935538102,0.259444195212918,0
UBXN7,1470.0,1.0,0.0,0.0,0.0,0.0,1.0,0.0,0.0,1.0,0.0,0.0,0.0,1.0,1.0,1.0,1.0,1165640.0,231.0,0.03682214,0.0002333820388825,76.0,0.0,0.0,0.0,0.0,0.0,0.0,0.0,0.0,0.0,0.0,0.0,2.0,0.0,0.0,0.0,0.0,0.0,0.0,1.0,0.0,0.0,0.0,0.0,1.0,2.0,0.0,3,7.6425,25.8840125,25.43657720680966,0.0499678907326483,0.2091086206896551,0.0123499574123152,29.0,-0.2298571428571428,0.0110267848314285,21.0,0.2178229999999999,0.0116648573153061,50.0,3.618857528492337,0.0016071022296897,0.0990480432913649,0.0127842511882621,23.35499704590525,0.1533915966975304,0
COL5A2,4500.0,0.1666666666666666,0.0,0.1666666666666666,0.6666666666666666,0.0,1.0,0.0,0.0,1.0,0.0,2.0,2.5,0.6622516556291391,1.0,0.2783189535207348,0.6342854183499532,237204.6,422.0,0.0005174658,0.0,0.0,0.0,0.0,0.0,0.0,0.0,0.0,0.0,0.0,0.0,0.0,0.0,0.0,5.0,0.0,0.0,0.0,0.0,0.0,1.0,2.0,0.0,0.0,2.0,0.0,6.0,0.0,7,25.963,107.514534,24.80245658825417,0.3633195923819585,0.1869894736842105,0.005368723494152,19.0,-0.1799992857142856,0.008819153760989,14.0,0.1840239393939393,0.0066149964058712,33.0,3.855344484043792,0.0111393632382184,0.1239561871940229,0.0154937824171131,16.468164721615278,1.2975685279367812,0
GTF2F2,750.0,1.0,0.0,0.0,0.0,0.0,1.0,0.0,0.0,1.0,0.0,0.0,0.0,1.0,1.0,1.0,1.0,613630.0,276.0,0.04951334,5.02081704427586e-05,43.0,0.0,0.0,0.0,0.0,0.0,0.0,0.0,0.0,0.0,0.0,0.0,0.0,0.0,0.0,0.0,0.0,0.0,0.0,1.0,0.0,0.0,0.0,0.0,0.0,1.0,0.0,1,15.17,0.0,25.28839108909573,0.0411500723193149,0.25584,0.0111653829,3.0,-0.2610165454545454,0.0160343015563636,55.0,0.2607487931034482,0.0155834961686932,58.0,3.3791857600626924,0.002656254904525,0.0469145739332036,0.0145642184208052,24.310875977326624,0.4338807337947102,0
APOC4-APOC2,2165.453500045633,0.2356042882615762,0.0526435572028951,0.0215204677495176,0.6686918741811249,0.0001376401614766,0.9998683014815472,0.0173268880750288,0.0015884226893291,0.9899449324980184,0.0026245018405281,1.2830489648823968,1.4740405976522657,0.8740974555764096,0.9997286520032856,0.5251519651795693,0.7527603621408234,597495.5325773084,477.3295061777369,0.0172158450890399,0.0001211400236943,19.50378753308388,0.0,0.0,0.0,0.0,0.0,0.0,0.0,0.0,0.0,0.0,0.0,1.0,1.0,0.0,0.0,0.0,0.0,0.0,0.0,0.0,0.0,0.0,0.0,0.0,2.0,0.0,2,8.363000000000001,121.89849800000005,22.38831957824558,0.2732951570818658,0.2439837577023083,0.0263409212213065,24.76814004376368,-0.2160694250770577,0.0154478404218812,23.714210664565275,0.2382575554713608,0.0220873076754659,48.45601750547046,0.1378498522500172,0.2243274358127656,0.1239561871940229,0.0154937824171131,20.715476093356216,0.5110193164887934,0
TBL3,2427.0,1.0,0.0,0.0,0.0,0.0,1.0,0.0,0.0,1.0,0.0,0.0,0.0,1.0,1.0,1.0,1.0,1747301.0,183.0,0.04588438,7.513624168244108e-05,45.0,1.0,0.0,0.0,0.0,0.0,0.0,0.0,0.0,0.0,0.0,0.0,0.0,0.0,0.0,0.0,0.0,0.0,0.0,1.0,0.0,0.0,0.0,0.0,0.0,2.0,0.0,2,13.08,11.6162,25.79382373321982,0.069826590255933,0.2372797619047619,0.012054524714576,42.0,-0.1587858333333333,0.0024571352083333,12.0,0.2198366666666666,0.0109201780679245,54.0,3.431487937803645,0.0026585520824613,0.0808643893048718,0.0196644183705928,14.642921724324234,0.4844240549458541,0
RIC8A,1614.0,0.5,0.0,0.0,0.5,0.0,1.0,0.0,0.0,1.0,0.0,0.5,0.5,1.0,1.0,0.1487431206306708,0.432178266173866,1463610.0,437.0,0.02358343,0.0001018991908659,32.0,0.0,0.0,0.0,0.0,0.0,0.0,0.0,0.0,0.0,0.0,0.0,0.0,1.0,0.0,0.0,0.0,0.0,0.0,1.0,0.0,0.0,0.0,0.0,0.0,2.0,0.0,2,21.715,211.56245,25.620269629464094,0.0374829999144208,0.2024244444444444,0.0128520834261437,18.0,-0.2162884615384615,0.0130596972215384,26.0,0.2106168181818181,0.0127214482454545,44.0,3.603607035105016,0.0014426543274674,0.0652161326083219,0.0180878993164853,25.761397207123693,0.1275350418391108,0
WNT6,1098.0,1.0,0.0,0.0,0.0,0.0,1.0,0.0,0.0,1.0,0.0,0.0,0.0,1.0,1.0,1.0,1.0,1087669.0,386.0,0.04163357,0.0,0.0,0.0,0.0,0.0,0.0,0.0,0.0,0.0,0.0,0.0,0.0,0.0,0.0,0.0,0.0,0.0,0.0,0.0,0.0,1.0,0.0,0.0,0.0,0.0,0.0,1.0,0.0,1,4.989,0.0,22.38831957824558,0.2732951570818658,0.1756888235294118,0.0032359396485294,17.0,-0.18542125,0.0090239535449999,16.0,0.1804075757575757,0.0058723456564393,33.0,1.5619394006783796,0.2826463257658979,0.1078458735113123,0.0189277249891266,20.715476093356216,0.5110193164887934,0
TPSG1,966.0,0.0,0.0,0.0,1.0,0.0,1.0,0.0,0.0,1.0,0.0,1.0,1.0,1.0,1.0,0.3359086328518643,0.7023567625238963,1275017.0,294.0,0.02125794,0.0,0.0,0.0,0.0,0.0,0.0,0.0,0.0,0.0,0.0,0.0,0.0,0.0,0.0,1.0,0.0,0.0,0.0,0.0,0.0,0.0,0.0,0.0,0.0,0.0,0.0,1.0,0.0,1,0.005,0.0,22.38831957824558,0.2732951570818658,0.2364359523809523,0.0116471166002903,42.0,-0.1544415384615384,0.0024977216141025,13.0,0.2170554545454545,0.0106341912511784,55.0,1.3488051846749751,0.5042153141615221,0.1239561871940229,0.0154937824171131,20.715476093356216,0.5110193164887934,0
GABRR2,1398.0,0.0,0.3333333333333333,0.0,0.6666666666666666,0.0,1.0,0.0,0.0,1.0,0.0,2.0,3.0,0.1778410101369375,1.0,0.2816901408450704,0.6385767897147394,415409.4,541.0,0.0408068,0.0,0.0,0.0,0.0,0.0,0.0,0.0,0.0,0.0,0.0,0.0,0.0,0.0,0.0,2.0,1.0,0.0,0.0,0.0,0.0,0.0,0.0,0.0,0.0,0.0,0.0,3.0,0.0,3,32.666666666666664,4.3333333333333375,22.38831957824558,0.2732951570818658,0.14947,0.0011361276999999,3.0,-0.2455071999999999,0.012559776269551,50.0,0.2400711320754717,0.0123808563410014,53.0,2.849757636749604,0.0214811303625406,0.1239561871940229,0.0154937824171131,20.715476093356216,0.5110193164887934,0
KIFC1,2022.0,0.0,0.0,0.0,1.0,0.0,1.0,0.0,0.0,1.0,0.0,1.0,1.0,1.0,1.0,0.7288629737609329,0.9593801233991934,1441897.0,236.0,0.03077963,6.072837354715611e-06,8.0,0.0,0.0,0.0,0.0,0.0,0.0,0.0,0.0,0.0,0.0,0.0,0.0,0.0,0.0,0.0,0.0,0.0,0.0,0.0,1.0,0.0,0.0,0.0,0.0,1.0,0.0,1,12.17,0.0,22.10205256984124,0.3312861603477763,0.2016178787878788,0.0073460580484848,33.0,-0.17923375,0.0054044957410714,8.0,0.197250243902439,0.006903289897439,41.0,3.249169990274232,0.0371526296390509,0.068410140573857,0.0220232290724147,19.84143049652615,1.1366233273997386,0
IGHA2,2165.453500045633,0.2356042882615762,0.0526435572028951,0.0215204677495176,0.6686918741811249,0.0001376401614766,0.9998683014815472,0.0173268880750288,0.0015884226893291,0.9899449324980184,0.0026245018405281,1.2830489648823968,1.4740405976522657,0.8740974555764096,0.9997286520032856,0.5251519651795693,0.7527603621408234,597495.5325773084,477.3295061777369,0.0172158450890399,0.0001211400236943,19.50378753308388,0.0,0.0,0.0,0.0,0.0,0.0,0.0,0.0,0.0,0.0,0.0,0.0,0.0,0.0,0.0,4.0,0.0,0.0,0.0,0.0,0.0,0.0,0.0,0.0,4.0,0.0,4,5.304499999999999,68.727291,22.38831957824558,0.2732951570818658,0.2439837577023083,0.0263409212213065,24.76814004376368,-0.2160694250770577,0.0154478404218812,23.714210664565275,0.2382575554713608,0.0220873076754659,48.45601750547046,2.8268395389809275,0.1110072453572397,0.1239561871940229,0.0154937824171131,20.715476093356216,0.5110193164887934,0
PDIA3P1,2165.453500045633,0.2356042882615762,0.0526435572028951,0.0215204677495176,0.6686918741811249,0.0001376401614766,0.9998683014815472,0.0173268880750288,0.0015884226893291,0.9899449324980184,0.0026245018405281,1.2830489648823968,1.4740405976522657,0.8740974555764096,0.9997286520032856,0.5251519651795693,0.7527603621408234,597495.5325773084,477.3295061777369,0.0172158450890399,0.0001211400236943,19.50378753308388,0.0,0.0,0.0,0.0,0.0,0.0,0.0,0.0,0.0,0.0,0.0,0.0,0.0,0.0,0.0,1.0,0.0,0.0,0.0,0.0,0.0,0.0,0.0,0.0,1.0,0.0,1,7.226,0.0,22.38831957824558,0.2732951570818658,0.2439837577023083,0.0263409212213065,24.76814004376368,-0.2160694250770577,0.0154478404218812,23.714210664565275,0.2382575554713608,0.0220873076754659,48.45601750547046,2.8268395389809275,0.1110072453572397,0.1239561871940229,0.0154937824171131,20.715476093356216,0.5110193164887934,0
ABCD4,2165.453500045633,0.2356042882615762,0.0526435572028951,0.0215204677495176,0.6686918741811249,0.0001376401614766,0.9998683014815472,0.0173268880750288,0.0015884226893291,0.9899449324980184,0.0026245018405281,1.2830489648823968,1.4740405976522657,0.8740974555764096,0.9997286520032856,0.5251519651795693,0.7527603621408234,597495.5325773084,477.3295061777369,0.0172158450890399,0.0001211400236943,19.50378753308388,0.0,0.0,0.0,0.0,0.0,0.0,0.0,0.0,0.0,0.0,0.0,1.0,0.0,0.0,0.0,0.0,0.0,0.0,0.0,0.0,0.0,0.0,0.0,0.0,1.0,0.0,1,7.018,0.0,20.70606926917868,0.178672697588702,0.2839296551724138,0.0326779551963054,29.0,-0.1731421428571428,0.002639181448901,14.0,0.2478593023255813,0.0253614357018826,43.0,3.361017969680541,0.0024761194349402,0.0636229351169121,0.0106294130156844,20.715476093356216,0.5110193164887934,0
CIDEA,660.0,0.0,1.0,0.0,0.0,0.0,1.0,0.0,0.0,1.0,0.0,0.0,1.0,0.089702188733405,1.0,1.0,1.0,428252.8,350.0,0.02046961,1.7032998962849367e-05,9.0,0.0,0.0,0.0,0.0,0.0,0.0,0.0,0.0,0.0,0.0,0.0,1.0,0.0,1.0,0.0,0.0,0.0,0.0,0.0,0.0,0.0,0.0,0.0,0.0,2.0,0.0,2,15.5335,150.21644449999997,22.38831957824558,0.2732951570818658,0.27946,0.0148829827272727,12.0,-0.2531183870967741,0.0185287835806451,31.0,0.2604695348837209,0.0172756950283499,43.0,0.3358304300118981,0.297579096717301,0.2757365330623181,0.0280436406458755,20.715476093356216,0.5110193164887934,0
GALNT17,2165.453500045633,0.2356042882615762,0.0526435572028951,0.0215204677495176,0.6686918741811249,0.0001376401614766,0.9998683014815472,0.0173268880750288,0.0015884226893291,0.9899449324980184,0.0026245018405281,1.2830489648823968,1.4740405976522657,0.8740974555764096,0.9997286520032856,0.5251519651795693,0.7527603621408234,597495.5325773084,477.3295061777369,0.0172158450890399,0.0001211400236943,19.50378753308388,0.0,0.0,0.0,0.0,0.0,0.0,0.0,1.0,0.0,0.0,0.0,3.0,8.0,0.0,0.0,0.0,0.0,0.0,0.0,2.0,0.0,0.0,0.0,1.0,13.0,0.0,12,22.39923076923077,90.80623452564102,22.38831957824558,0.2732951570818658,0.2439837577023083,0.0263409212213065,24.76814004376368,-0.2160694250770577,0.0154478404218812,23.714210664565275,0.2382575554713608,0.0220873076754659,48.45601750547046,2.8268395389809275,0.1110072453572397,0.1239561871940229,0.0154937824171131,20.715476093356216,0.5110193164887934,0
ALDH3B2,1158.0,1.0,0.0,0.0,0.0,0.0,1.0,0.0,0.0,1.0,0.0,0.0,0.0,1.0,1.0,1.0,1.0,1408104.0,424.0,0.05968407,8.967799486439381e-06,6.0,0.0,0.0,0.0,0.0,0.0,0.0,0.0,0.0,0.0,0.0,0.0,0.0,0.0,0.0,0.0,0.0,0.0,0.0,2.0,0.0,0.0,0.0,0.0,0.0,2.0,0.0,2,7.394,9.574688,22.38831957824558,0.2732951570818658,0.2955476315789473,0.0643289625104552,38.0,-0.1550857142857142,0.002356919795238,7.0,0.273698,0.0570667430709091,45.0,2.86137149417046,0.1529607826560883,0.1239561871940229,0.0154937824171131,20.715476093356216,0.5110193164887934,0
FAT4,14946.0,0.2692307692307692,0.0,0.0,0.6923076923076923,0.0,1.0,0.0384615384615384,0.0,1.0,0.0,2.25,2.375,1.0,1.0,0.5767012687427913,0.8941354546472607,15814.85,726.0,-0.01044051,1.6618424386711983e-05,9.0,0.0,0.0,0.0,0.0,0.0,0.0,1.0,0.0,0.0,0.0,0.0,0.0,18.0,0.0,0.0,0.0,0.0,0.0,7.0,0.0,0.0,1.0,0.0,0.0,25.0,0.0,21,17.2244,90.64384341666664,22.720232283439525,0.0879413098667479,0.2060718181818181,0.0103541088563636,11.0,-0.2166508,0.0101874209493333,25.0,0.2134183333333333,0.0099684027571428,36.0,3.619126859002627,0.0105754286014077,0.108269553242125,0.0151100163989142,20.45910690716837,0.5295191719874726,0
LCE1D,345.0,0.0,0.0,0.0,1.0,0.0,1.0,0.0,0.0,1.0,0.0,1.0,1.0,1.0,1.0,0.5125576627370579,0.8551215077606223,64901.92,818.0,0.01837799,0.0,0.0,0.0,0.0,0.0,0.0,0.0,0.0,0.0,0.0,0.0,0.0,0.0,0.0,1.0,0.0,0.0,0.0,0.0,0.0,0.0,0.0,0.0,0.0,0.0,0.0,1.0,0.0,1,22.1,0.0,22.38831957824558,0.2732951570818658,0.3433101265822784,0.0332755038653683,79.0,-0.21665,0.0154478404218812,1.0,0.341726875,0.0330548298015031,80.0,0.0090334264222368,0.0086498960501524,0.1239561871940229,0.0154937824171131,20.715476093356216,0.5110193164887934,0
CBY3,729.0,1.0,0.0,0.0,0.0,0.0,1.0,0.0,0.0,1.0,0.0,0.0,0.0,1.0,1.0,1.0,1.0,597317.7823636307,477.4336372847011,0.0172016246025543,0.0,0.0,0.0,0.0,0.0,0.0,0.0,0.0,0.0,0.0,0.0,0.0,0.0,0.0,0.0,0.0,0.0,0.0,0.0,0.0,1.0,0.0,0.0,0.0,0.0,0.0,1.0,0.0,1,7.191,0.0,22.38831957824558,0.2732951570818658,0.2439837577023083,0.0263409212213065,24.76814004376368,-0.2160694250770577,0.0154478404218812,23.714210664565275,0.2382575554713608,0.0220873076754659,48.45601750547046,2.236095459110063,0.0859578391674006,0.1239561871940229,0.0154937824171131,20.715476093356216,0.5110193164887934,0
TAPBP,1515.0,0.0,0.0,0.0,1.0,0.0,1.0,0.0,0.0,1.0,0.0,1.0,1.0,1.0,1.0,0.3961965134706815,0.7630130525669441,1456953.0,262.0,0.03001948,2.661202482504981e-05,13.0,0.0,0.0,0.0,0.0,0.0,0.0,0.0,0.0,0.0,0.0,0.0,0.0,1.0,0.0,0.0,0.0,0.0,0.0,0.0,0.0,0.0,0.0,0.0,0.0,1.0,0.0,1,19.66,0.0,26.776147177360123,0.2455929560704832,0.2016178787878788,0.0073460580484848,33.0,-0.17923375,0.0054044957410714,8.0,0.197250243902439,0.006903289897439,41.0,3.777915148060296,0.0023583887345197,0.4463310612015475,0.0148614701749158,20.715476093356216,0.5110193164887934,0
GAREM1,2165.453500045633,0.2356042882615762,0.0526435572028951,0.0215204677495176,0.6686918741811249,0.0001376401614766,0.9998683014815472,0.0173268880750288,0.0015884226893291,0.9899449324980184,0.0026245018405281,1.2830489648823968,1.4740405976522657,0.8740974555764096,0.9997286520032856,0.5251519651795693,0.7527603621408234,597495.5325773084,477.3295061777369,0.0172158450890399,0.0001211400236943,19.50378753308388,0.0,0.0,0.0,0.0,0.0,0.0,0.0,0.0,0.0,0.0,0.0,0.0,2.0,0.0,0.0,0.0,0.0,0.0,0.0,0.0,0.0,0.0,0.0,0.0,2.0,0.0,2,26.05,1.8049999999999973,22.38831957824558,0.2732951570818658,0.2439837577023083,0.0263409212213065,24.76814004376368,-0.2160694250770577,0.0154478404218812,23.714210664565275,0.2382575554713608,0.0220873076754659,48.45601750547046,2.8268395389809275,0.1110072453572397,0.1239561871940229,0.0154937824171131,20.715476093356216,0.5110193164887934,0
AGT,1458.0,0.25,0.0,0.0,0.75,0.0,1.0,0.0,0.0,1.0,0.0,1.5,1.5,1.0,1.0,0.0755287009063444,0.2706376548722705,422372.1,568.0,0.00627829,5.497217174772501e-05,11.0,0.0,0.0,0.0,0.0,0.0,0.0,0.0,0.0,0.0,0.0,0.0,0.0,3.0,0.0,0.0,0.0,0.0,0.0,1.0,0.0,0.0,0.0,0.0,0.0,4.0,0.0,4,17.45425,134.11745891666666,26.638035909712865,0.2140748831390948,0.2762843835616437,0.0170766368055175,73.0,-0.196348,0.0028774240199999,5.0,0.2711602564102564,0.0165055669116217,78.0,3.044104912747476,0.0892162234499662,0.1239561871940229,0.0154937824171131,20.715476093356216,0.5110193164887934,0
BRD3,2181.0,0.0,0.0,0.0,1.0,0.0,1.0,0.0,0.0,1.0,0.0,1.0,1.0,1.0,1.0,0.2660281989890929,0.6182902273429214,495575.4,398.0,0.03981808,2.7406265813156745e-05,16.0,0.0,0.0,0.0,0.0,0.0,0.0,0.0,0.0,0.0,0.0,0.0,0.0,1.0,0.0,0.0,0.0,0.0,0.0,0.0,0.0,0.0,0.0,0.0,0.0,1.0,0.0,1,21.9,0.0,23.18236070744115,0.0348961901850075,0.1897966666666667,0.0041262274266666,6.0,-0.2175290697674418,0.0110883263229235,43.0,0.2141332653061224,0.0102164649349489,49.0,3.4297481458558408,0.0035306704959253,0.0293234141166492,0.0020568867647154,25.22374454090912,0.1223374634049436,0
KIF27,4206.0,0.0,0.0,0.0,1.0,0.0,1.0,0.0,0.0,1.0,0.0,2.0,2.0,1.0,1.0,0.547945205479452,0.8775780750873725,464240.0,285.0,0.004984735,0.0,1.0,0.0,0.0,0.0,0.0,0.0,0.0,0.0,0.0,0.0,0.0,0.0,0.0,3.0,0.0,0.0,0.0,0.0,0.0,0.0,0.0,0.0,0.0,1.0,0.0,2.0,0.0,3,11.4875,216.8403125,17.49216508948608,0.1296808908201192,0.167702,0.00170039462,5.0,-0.2190993478260869,0.0102267889262318,46.0,0.2140603921568627,0.0095784114438431,51.0,3.3937629633435407,0.0046467483381251,0.0477878844530592,0.012945212214296,21.310521987842645,0.1983978731921543,0
CR1,7470.0,0.1666666666666666,0.0,0.0,0.6666666666666666,0.0,1.0,0.1666666666666666,0.0,1.0,0.0,2.0,2.5,1.0,1.0,0.1330849081714133,0.4014862852211573,442029.2,361.0,0.01807525,0.0,1.0,0.0,0.0,0.0,0.0,0.0,0.0,1.0,0.0,0.0,0.0,0.0,0.0,4.0,0.0,0.0,0.0,0.0,0.0,1.0,0.0,0.0,1.0,0.0,0.0,5.0,0.0,6,16.7522,31.7703042,20.61851047270752,0.265292595123346,0.2848606578947368,0.022735678702228,76.0,-0.199505,0.0016629144499999,2.0,0.2826720512820512,0.0223511217385947,78.0,3.411256017329019,0.0102668325691442,0.1239561871940229,0.0154937824171131,20.715476093356216,0.5110193164887934,0
BASP1,684.0,0.0,0.0,0.0,1.0,0.0,1.0,0.0,0.0,1.0,0.0,2.0,2.0,1.0,1.0,0.0298694704142895,0.1347387429910375,237391.1,349.0,-0.01008962,5.319388227632146e-05,27.0,0.0,0.0,0.0,0.0,0.0,0.0,0.0,0.0,0.0,0.0,0.0,0.0,2.0,0.0,0.0,0.0,0.0,0.0,0.0,0.0,0.0,0.0,0.0,0.0,2.0,0.0,2,22.07,104.5458,27.85359534106233,0.363041207824919,0.3784301666666667,0.0550498111813276,60.0,-0.12514,0.0154478404218812,1.0,0.374277868852459,0.0551840505337158,61.0,3.3883161216312927,0.0177040352127402,0.1401343781381554,0.0235471959379347,25.288019735455222,0.2553314486548005,0
AC107021.1,2165.453500045633,0.2356042882615762,0.0526435572028951,0.0215204677495176,0.6686918741811249,0.0001376401614766,0.9998683014815472,0.0173268880750288,0.0015884226893291,0.9899449324980184,0.0026245018405281,1.2830489648823968,1.4740405976522657,0.8740974555764096,0.9997286520032856,0.5251519651795693,0.7527603621408234,597495.5325773084,477.3295061777369,0.0172158450890399,0.0001211400236943,19.50378753308388,0.0,0.0,0.0,0.0,0.0,0.0,0.0,0.0,0.0,0.0,0.0,0.0,0.0,0.0,0.0,1.0,0.0,0.0,0.0,0.0,0.0,0.0,0.0,0.0,1.0,0.0,1,14.21,0.0,22.38831957824558,0.2732951570818658,0.2439837577023083,0.0263409212213065,24.76814004376368,-0.2160694250770577,0.0154478404218812,23.714210664565275,0.2382575554713608,0.0220873076754659,48.45601750547046,2.8268395389809275,0.1110072453572397,0.1239561871940229,0.0154937824171131,20.715476093356216,0.5110193164887934,0
MTCH2,912.0,0.0,0.0,0.0,1.0,0.0,1.0,0.0,0.0,1.0,0.0,2.0,2.0,1.0,1.0,0.6195786864931846,0.9161806504632944,989875.9,214.0,0.02767004,0.0002290805848846,57.0,0.0,0.0,0.0,0.0,0.0,0.0,0.0,0.0,0.0,0.0,0.0,0.0,2.0,0.0,0.0,0.0,0.0,0.0,0.0,0.0,0.0,0.0,0.0,0.0,2.0,0.0,2,22.385,13.676449999999994,26.344507898249663,0.1427527849364503,0.2186946153846154,0.0253136254978461,26.0,-0.2285993333333333,0.0217344401638095,15.0,0.2223182926829268,0.0234513994695121,41.0,3.5653279107608697,0.0033354008890789,0.0638960704740155,0.015682107163584,14.653954455147826,1.497427356700984,0
NXPH2,795.0,0.0,0.0,0.0,1.0,0.0,1.0,0.0,0.0,1.0,0.0,2.0,2.0,1.0,1.0,0.1829491401390413,0.4936968692839144,69057.12,672.0,-0.003833649,1.6764398455012455e-05,19.0,0.0,0.0,0.0,0.0,0.0,0.0,0.0,0.0,0.0,0.0,0.0,0.0,2.0,0.0,0.0,0.0,0.0,0.0,0.0,0.0,0.0,0.0,0.0,0.0,2.0,0.0,2,22.3,2.0,22.38831957824558,0.2732951570818658,0.1792063157894736,0.0034464542023391,19.0,-0.1815192857142857,0.0099468533148351,14.0,0.1801875757575757,0.0059808872376893,33.0,1.0335665197348043,0.6992946146767943,0.2850462358326157,0.0299372764701875,20.715476093356216,0.5110193164887934,0
DGKZ,3354.0,0.6666666666666666,0.0,0.0,0.3333333333333333,0.0,1.0,0.0,0.0,1.0,0.0,0.3333333333333333,0.3333333333333333,1.0,1.0,0.4982561036372696,0.8453617687165925,811789.0,212.0,0.04355165,0.0001328693515484,19.0,0.0,0.0,0.0,0.0,0.0,0.0,0.0,0.0,0.0,0.0,0.0,1.0,1.0,0.0,0.0,0.0,0.0,0.0,2.0,0.0,0.0,1.0,0.0,0.0,3.0,0.0,4,12.379333333333332,224.9579843333333,22.60866270188612,0.025802067307889,0.2416952173913043,0.049431758916996,23.0,-0.2244794444444444,0.019067167664379,18.0,0.2341370731707316,0.0353658322562195,41.0,3.4695522018988503,0.0032516690562168,0.1478626016028097,0.0265101710825589,21.97684264287304,0.1863880932098104,0
TMEM221,876.0,1.0,0.0,0.0,0.0,0.0,1.0,0.0,0.0,1.0,0.0,0.0,0.0,1.0,1.0,1.0,1.0,597317.7823636307,477.4336372847011,0.0172016246025543,0.0,0.0,0.0,0.0,0.0,0.0,0.0,0.0,0.0,0.0,0.0,0.0,0.0,0.0,0.0,0.0,0.0,0.0,0.0,0.0,1.0,0.0,0.0,0.0,0.0,0.0,1.0,0.0,1,3.358,0.0,22.38831957824558,0.2732951570818658,0.2439837577023083,0.0263409212213065,24.76814004376368,-0.2160694250770577,0.0154478404218812,23.714210664565275,0.2382575554713608,0.0220873076754659,48.45601750547046,2.0139137719562514,0.1301590578821171,0.0765629183786305,0.018929616714328,20.715476093356216,0.5110193164887934,0
GCA,654.0,0.0,0.0,0.0,1.0,0.0,1.0,0.0,0.0,1.0,0.0,1.0,1.0,1.0,1.0,0.2159360829194558,0.5469170432948857,70731.23,856.0,-0.00503287,1.6662740807152893e-05,10.0,0.0,0.0,0.0,0.0,0.0,0.0,0.0,0.0,0.0,0.0,0.0,0.0,1.0,0.0,0.0,0.0,0.0,0.0,0.0,0.0,0.0,0.0,0.0,0.0,1.0,0.0,1,25.9,0.0,26.58601094827855,0.2170054755250212,0.1795823809523809,0.0035953918990476,21.0,-0.1896128571428571,0.0091012505758241,14.0,0.1835945714285713,0.0056196830373109,35.0,3.400305279307159,0.0031851507123824,0.0574703368449289,0.0061981865487722,14.013843196799307,1.3777803903868953,0
SP1,2358.0,1.0,0.0,0.0,0.0,0.0,1.0,0.0,0.0,1.0,0.0,0.0,0.0,1.0,1.0,1.0,1.0,1707021.0,145.0,0.05713591,0.0019401222053254,223.0,0.0,0.0,0.0,0.0,0.0,0.0,0.0,0.0,0.0,0.0,0.0,0.0,0.0,0.0,0.0,0.0,0.0,0.0,1.0,0.0,0.0,0.0,0.0,0.0,1.0,0.0,1,9.845,0.0,25.0346328299963,0.0390774184351027,0.2291842857142857,0.0113156930957142,21.0,-0.1773466666666666,0.0054091120588235,18.0,0.2052592307692307,0.0090608774336032,39.0,3.736333456774043,0.0010394727103417,0.0858760215867963,0.0113664993526017,22.503410585574304,0.1805201783456809,0
DIO2,930.0,0.0,0.0,0.0,1.0,0.0,1.0,0.0,0.0,1.0,0.0,3.0,3.0,1.0,1.0,0.3262642740619902,0.6916957812033195,47674.31,533.0,-0.0442375,6.837278096969309e-06,15.0,0.0,0.0,0.0,0.0,0.0,0.0,0.0,0.0,0.0,0.0,0.0,1.0,3.0,0.0,0.0,0.0,0.0,0.0,0.0,0.0,0.0,0.0,0.0,0.0,4.0,0.0,4,19.183,59.76915600000001,22.38831957824558,0.2732951570818658,0.2839296551724138,0.0326779551963054,29.0,-0.1731421428571428,0.002639181448901,14.0,0.2478593023255813,0.0253614357018826,43.0,3.337299320804517,0.0366125068081689,0.1239561871940229,0.0154937824171131,20.715476093356216,0.5110193164887934,0
EPCAM-DT,2165.453500045633,0.2356042882615762,0.0526435572028951,0.0215204677495176,0.6686918741811249,0.0001376401614766,0.9998683014815472,0.0173268880750288,0.0015884226893291,0.9899449324980184,0.0026245018405281,1.2830489648823968,1.4740405976522657,0.8740974555764096,0.9997286520032856,0.5251519651795693,0.7527603621408234,597495.5325773084,477.3295061777369,0.0172158450890399,0.0001211400236943,19.50378753308388,0.0,0.0,0.0,0.0,0.0,0.0,0.0,0.0,0.0,0.0,0.0,0.0,0.0,0.0,0.0,1.0,0.0,0.0,0.0,0.0,0.0,0.0,0.0,0.0,1.0,0.0,1,6.481,0.0,22.38831957824558,0.2732951570818658,0.2439837577023083,0.0263409212213065,24.76814004376368,-0.2160694250770577,0.0154478404218812,23.714210664565275,0.2382575554713608,0.0220873076754659,48.45601750547046,2.8268395389809275,0.1110072453572397,0.1239561871940229,0.0154937824171131,20.715476093356216,0.5110193164887934,0
PPP1R18,1842.0,0.0,0.0,0.0,1.0,0.0,1.0,0.0,0.0,1.0,0.0,1.0,1.0,1.0,1.0,0.0673264660337978,0.2489868622532415,2115149.0,171.0,0.04146259,0.0001526007780183,49.0,0.0,0.0,0.0,0.0,0.0,0.0,0.0,0.0,0.0,0.0,0.0,0.0,1.0,0.0,0.0,0.0,0.0,0.0,0.0,0.0,0.0,0.0,0.0,0.0,1.0,0.0,1,25.5,0.0,26.267961513636656,0.1114129409668464,0.2089268421052632,0.0098032476384068,38.0,-0.2056483333333333,0.0030771100166666,6.0,0.2084797727272727,0.0087944513976215,44.0,3.479317084240338,0.0080805634019286,0.0603003316157536,0.0181144576677995,25.84683889179236,0.1215452158257031,0
TGFBRAP1,2583.0,0.0,0.5,0.0,0.5,0.0,1.0,0.0,0.0,1.0,0.0,1.0,2.0,0.0983961428711994,1.0,0.8136696501220505,0.9814490077981268,191525.1,381.0,0.004061329,6.950786648386173e-06,9.0,0.0,0.0,0.0,0.0,0.0,0.0,0.0,0.0,0.0,0.0,0.0,0.0,1.0,1.0,0.0,0.0,0.0,0.0,0.0,0.0,0.0,0.0,0.0,0.0,2.0,0.0,2,21.431,846.1675220000001,25.28890533921098,0.0168694324545343,0.18452,0.00406986437,21.0,-0.166394,0.0057614928488888,10.0,0.1786729032258064,0.0045158799012903,31.0,3.571979433016549,0.0013050960091649,0.1117967013045595,0.0094798800622919,16.7133745858165,0.4095867059136671,0
MIRLET7BHG,2165.453500045633,0.2356042882615762,0.0526435572028951,0.0215204677495176,0.6686918741811249,0.0001376401614766,0.9998683014815472,0.0173268880750288,0.0015884226893291,0.9899449324980184,0.0026245018405281,1.2830489648823968,1.4740405976522657,0.8740974555764096,0.9997286520032856,0.5251519651795693,0.7527603621408234,597495.5325773084,477.3295061777369,0.0172158450890399,0.0001211400236943,19.50378753308388,0.0,0.0,0.0,0.0,0.0,0.0,0.0,0.0,0.0,0.0,0.0,0.0,0.0,0.0,0.0,2.0,0.0,0.0,0.0,0.0,0.0,0.0,0.0,0.0,2.0,0.0,2,2.8825,5.232612499999999,22.38831957824558,0.2732951570818658,0.2439837577023083,0.0263409212213065,24.76814004376368,-0.2160694250770577,0.0154478404218812,23.714210664565275,0.2382575554713608,0.0220873076754659,48.45601750547046,2.8268395389809275,0.1110072453572397,0.1239561871940229,0.0154937824171131,20.715476093356216,0.5110193164887934,0
KRTAP6-3,333.0,0.0,0.0,0.0,1.0,0.0,1.0,0.0,0.0,1.0,0.0,2.0,2.0,1.0,1.0,0.5574136008918618,0.8831927333537372,22915.92,1048.0,-0.07863002,0.0,0.0,0.0,0.0,0.0,0.0,0.0,0.0,0.0,0.0,0.0,0.0,0.0,0.0,2.0,0.0,0.0,0.0,0.0,0.0,0.0,0.0,0.0,0.0,0.0,0.0,2.0,0.0,2,18.305,7.182049999999997,22.38831957824558,0.2732951570818658,0.2794358823529411,0.0281642530507352,17.0,-0.2079295,0.0087266273418421,20.0,0.2407837837837837,0.0184283274408408,37.0,0.0662239553894436,0.1282295218029845,0.1239561871940229,0.0154937824171131,20.715476093356216,0.5110193164887934,0
AC134980.3,2165.453500045633,0.2356042882615762,0.0526435572028951,0.0215204677495176,0.6686918741811249,0.0001376401614766,0.9998683014815472,0.0173268880750288,0.0015884226893291,0.9899449324980184,0.0026245018405281,1.2830489648823968,1.4740405976522657,0.8740974555764096,0.9997286520032856,0.5251519651795693,0.7527603621408234,597495.5325773084,477.3295061777369,0.0172158450890399,0.0001211400236943,19.50378753308388,0.0,0.0,0.0,0.0,0.0,0.0,0.0,0.0,0.0,0.0,0.0,0.0,0.0,0.0,0.0,0.0,0.0,0.0,1.0,0.0,0.0,0.0,0.0,0.0,1.0,0.0,1,11.04,0.0,22.38831957824558,0.2732951570818658,0.2439837577023083,0.0263409212213065,24.76814004376368,-0.2160694250770577,0.0154478404218812,23.714210664565275,0.2382575554713608,0.0220873076754659,48.45601750547046,0.0086661812781751,0.0079608859822965,0.1239561871940229,0.0154937824171131,20.715476093356216,0.5110193164887934,0
LRRC71,1680.0,0.0,0.0,0.0,1.0,0.0,1.0,0.0,0.0,1.0,0.0,3.0,3.0,1.0,1.0,0.1498800959232614,0.4343404773765656,1172126.0,244.0,0.03922855,0.0,0.0,0.0,0.0,0.0,0.0,0.0,0.0,0.0,0.0,0.0,0.0,0.0,0.0,3.0,0.0,0.0,0.0,0.0,0.0,0.0,0.0,0.0,0.0,0.0,0.0,3.0,0.0,3,19.30666666666667,0.0322333333333341,16.96566555809415,1.2066518121761214,0.3200257692307692,0.02429915182992,78.0,-0.269665,0.00562118045,2.0,0.31876675,0.0238177401918354,80.0,1.9545345066092192,0.4538777505621305,0.2443661003119012,0.0342895706329933,20.445809104932145,1.0087935196513895,0
HAVCR1,1095.0,0.2,0.0,0.2,0.6,0.0,1.0,0.0,0.0,1.0,0.0,1.5,2.0,0.2186748305270063,1.0,0.6142506142506142,0.913607043968273,138350.2,1207.0,0.01140447,0.0,1.0,1.0,0.0,0.0,0.0,0.0,0.0,0.0,0.0,0.0,0.0,0.0,0.0,3.0,0.0,0.0,0.0,0.0,0.0,1.0,1.0,0.0,0.0,0.0,0.0,6.0,0.0,5,12.736166666666668,95.08192976666666,16.015390133016467,1.2568233650367522,0.2904641666666666,0.0144364505644927,24.0,-0.200597,0.0076371757378947,20.0,0.2496154545454546,0.0131452952207188,44.0,2.841696179853121,0.138182640453658,0.1239561871940229,0.0154937824171131,20.715476093356216,0.5110193164887934,0
GATA3,1335.0,0.3333333333333333,0.0,0.0,0.3333333333333333,0.0,1.0,0.0,0.3333333333333333,1.0,0.0,0.5,1.0,1.0,1.0,0.301568154402895,0.6630757651607503,182932.3,675.0,-0.002356654,1.3337528570575798e-05,21.0,0.0,1.0,0.0,0.0,0.0,0.0,0.0,0.0,0.0,1.0,0.0,0.0,1.0,0.0,0.0,0.0,0.0,0.0,1.0,0.0,0.0,1.0,0.0,0.0,3.0,0.0,3,14.302333333333335,293.92436433333336,22.38831957824558,0.2732951570818658,0.2284233333333333,0.0085089762424242,12.0,-0.2241042105263158,0.0122297874701754,19.0,0.225776129032258,0.0104624038778494,31.0,2.717090500667586,0.0423163421761826,0.2419427646535516,0.032480527206052,16.68834621201008,1.2988633348708027,0
OR8J1,951.0,0.25,0.0,0.0,0.75,0.0,1.0,0.0,0.0,1.0,0.0,1.5,1.5,1.0,1.0,0.3322259136212625,0.69831896304345,10292.77,963.0,-0.03553862,0.0,0.0,0.0,0.0,0.0,0.0,0.0,0.0,0.0,0.0,0.0,0.0,0.0,0.0,3.0,0.0,0.0,0.0,0.0,0.0,1.0,0.0,0.0,0.0,0.0,0.0,4.0,0.0,4,13.40725,102.62651691666666,22.38831957824558,0.2732951570818658,0.1838272727272727,0.006309491477922,22.0,-0.2167147058823529,0.0188288081889705,17.0,0.1981628205128205,0.0116876936365721,39.0,0.0,0.0,0.1239561871940229,0.0154937824171131,20.715476093356216,0.5110193164887934,0
COL5A3,5238.0,0.2307692307692307,0.0769230769230769,0.0,0.6153846153846154,0.0,1.0,0.0769230769230769,0.0,0.958424899318874,0.0,2.0,2.5,0.5530973451327433,1.0,0.1348617666891436,0.4050579872676863,1386309.0,413.0,0.0006742982,0.0,0.0,0.0,0.0,0.0,0.0,0.0,0.0,1.0,0.0,0.0,0.0,0.0,0.0,7.0,1.0,0.0,0.0,0.0,0.0,3.0,1.0,0.0,1.0,0.0,0.0,12.0,0.0,11,23.30666666666667,103.42973333333336,21.65838560554481,0.1115516284540785,0.1716766666666666,0.0020093035866666,6.0,-0.2184157142857143,0.0134708242583333,49.0,0.213316909090909,0.0123763598884175,55.0,3.254570992267188,0.0251135862979366,0.1259185473478524,0.0126495759561426,20.63687108100081,0.6253635924580823,0
TRIM7,1536.0,0.3333333333333333,0.0,0.0,0.6666666666666666,0.0,1.0,0.0,0.0,1.0,0.0,1.0,1.0,1.0,1.0,0.2691065662002153,0.6223487139266933,1034999.0,415.0,0.03475504,3.456334505335924e-06,9.0,0.0,0.0,0.0,0.0,0.0,0.0,0.0,0.0,0.0,0.0,0.0,0.0,2.0,0.0,0.0,0.0,0.0,0.0,1.0,0.0,0.0,0.0,0.0,0.0,3.0,0.0,3,17.771333333333335,79.47246533333333,22.38831957824558,0.2732951570818658,0.3017914285714286,0.0431980502008403,35.0,-0.2089371428571428,0.008390593621978,14.0,0.2752616326530612,0.0346673043264455,49.0,2.697495474558322,0.0645640579662643,0.0848859136512583,0.0155886917446997,20.715476093356216,0.5110193164887934,0
TFDP2,2165.453500045633,0.2356042882615762,0.0526435572028951,0.0215204677495176,0.6686918741811249,0.0001376401614766,0.9998683014815472,0.0173268880750288,0.0015884226893291,0.9899449324980184,0.0026245018405281,1.2830489648823968,1.4740405976522657,0.8740974555764096,0.9997286520032856,0.5251519651795693,0.7527603621408234,597495.5325773084,477.3295061777369,0.0172158450890399,0.0001211400236943,19.50378753308388,0.0,0.0,1.0,0.0,0.0,0.0,0.0,0.0,0.0,0.0,0.0,0.0,0.0,0.0,0.0,0.0,0.0,0.0,0.0,0.0,0.0,0.0,0.0,0.0,1.0,0.0,1,24.3,0.0,19.280982564951096,0.1247669523799739,0.2195407692307692,0.0083853456953846,26.0,-0.2312716666666667,0.0097080997205882,18.0,0.2243397727272726,0.0087473267371564,44.0,3.582602270851433,0.0035860727328626,0.0334483384882221,0.0050534445884862,20.370039715632043,0.2703728998848832,0
SLC35G1,1098.0,0.0,0.0,0.0,1.0,0.0,1.0,0.0,0.0,1.0,0.0,2.0,2.0,1.0,1.0,0.0498977096951249,0.199480074605623,497832.3,589.0,0.0007110498,0.0,1.0,0.0,0.0,0.0,0.0,0.0,0.0,0.0,0.0,0.0,0.0,0.0,0.0,2.0,0.0,0.0,0.0,0.0,0.0,0.0,0.0,0.0,0.0,0.0,0.0,2.0,0.0,2,24.65,0.0049999999999999,22.38831957824558,0.2732951570818658,0.22776375,0.0206455747696428,8.0,-0.2278797142857143,0.0143098868557983,35.0,0.2278581395348836,0.0150251253345514,43.0,2.8981367081896106,0.0354148688825742,0.0614471693872584,0.0011331046810773,20.715476093356216,0.5110193164887934,0
CXADR,1098.0,0.0,0.0,0.0,1.0,0.0,1.0,0.0,0.0,1.0,0.0,1.0,1.0,1.0,1.0,0.2263980076975323,0.5627033580743468,100910.1,366.0,-0.01713373,0.0001352677964531,14.0,0.0,0.0,0.0,0.0,0.0,0.0,0.0,0.0,0.0,0.0,0.0,0.0,1.0,0.0,0.0,0.0,0.0,0.0,0.0,0.0,0.0,0.0,0.0,0.0,1.0,0.0,1,31.0,0.0,23.43697882952545,0.3984623500536641,0.2700846666666666,0.0307690842838095,15.0,-0.2673023809523809,0.0540383147790476,21.0,0.2684616666666666,0.0431886060085714,36.0,3.585955090886128,0.0155924475858096,0.0575693482921728,0.0004831910737531,21.93127280324541,0.2569851349648591,0
SLC24A5,1503.0,0.0,0.0,0.0,1.0,0.0,1.0,0.0,0.0,1.0,0.0,1.0,1.0,1.0,1.0,0.1363698349924996,0.4080710090156369,219743.7,588.0,-0.03758139,0.0,1.0,0.0,0.0,0.0,0.0,0.0,0.0,0.0,0.0,0.0,0.0,0.0,0.0,1.0,0.0,0.0,0.0,0.0,0.0,0.0,0.0,0.0,0.0,0.0,0.0,1.0,0.0,1,29.3,0.0,22.38831957824558,0.2732951570818658,0.3608425,0.0562666910916666,4.0,-0.2261417857142857,0.0116196478003896,56.0,0.2351218333333333,0.0148410060457344,60.0,1.264198798274739,0.6138183907505155,0.1239561871940229,0.0154937824171131,20.715476093356216,0.5110193164887934,0
PTPN13,7473.0,0.1428571428571428,0.0,0.0,0.8571428571428571,0.0,1.0,0.0,0.0,1.0,0.0,3.0,3.0,1.0,1.0,0.1553036185743127,0.4445369232110651,239175.2,533.0,0.03122847,4.3270841305845726e-05,17.0,0.0,0.0,0.0,0.0,0.0,0.0,0.0,0.0,0.0,0.0,0.0,0.0,6.0,0.0,0.0,0.0,0.0,0.0,1.0,0.0,0.0,0.0,0.0,0.0,7.0,0.0,7,20.964428571428574,106.54658728571428,26.546053346687483,0.4733238834372734,0.1861166666666666,0.006415672225,9.0,-0.2182503571428571,0.0138101248035714,28.0,0.210434054054054,0.0119786503914414,37.0,3.727313601019534,0.0211905867673165,0.0907358945847181,0.0266162452217393,24.67944768749956,0.3304227331170343,0
AMPD3,2331.0,0.5,0.0,0.0,0.5,0.0,1.0,0.0,0.0,1.0,0.0,0.5,0.5,1.0,1.0,0.4873294346978557,0.8376291068754985,777396.7,378.0,0.02703422,7.669891606647217e-07,2.0,0.0,0.0,0.0,0.0,0.0,0.0,0.0,0.0,0.0,0.0,0.0,0.0,1.0,0.0,0.0,0.0,0.0,0.0,1.0,0.0,0.0,0.0,0.0,0.0,2.0,0.0,2,20.467,266.02017800000004,25.466044607837336,0.1138564946089526,0.2340815,0.0550701041923684,20.0,-0.1932575,0.0076866317760869,24.0,0.2118138636363635,0.0288675718661205,44.0,3.4118360713149727,0.0040109037129541,0.065989660529269,0.0197631841676446,22.875179509565893,0.0948661479003059,0
TXN,318.0,0.0,0.0,0.0,1.0,0.0,1.0,0.0,0.0,1.0,0.0,1.0,1.0,1.0,1.0,0.1145213009619789,0.3626883232578674,207910.3,302.0,0.00788801,0.0004454002327834,96.0,0.0,0.0,0.0,0.0,0.0,0.0,0.0,0.0,0.0,0.0,0.0,0.0,1.0,0.0,0.0,0.0,0.0,0.0,0.0,0.0,0.0,0.0,0.0,0.0,1.0,0.0,1,28.8,0.0,22.38831957824558,0.2732951570818658,0.1673533333333333,0.0024395115066666,6.0,-0.2158246808510638,0.0106923176080481,47.0,0.210337358490566,0.0099335601775036,53.0,3.606239993899562,0.0058118190978455,0.0877998795508941,0.001828831649944,20.715476093356216,0.5110193164887934,0
TMEM164,894.0,1.0,0.0,0.0,0.0,0.0,1.0,0.0,0.0,1.0,0.0,0.0,0.0,1.0,1.0,1.0,1.0,216187.0,477.4336372847011,0.04170055,9.934396266261446e-06,5.0,0.0,0.0,0.0,0.0,0.0,0.0,0.0,0.0,0.0,0.0,0.0,0.0,0.0,0.0,0.0,0.0,0.0,0.0,1.0,0.0,0.0,0.0,0.0,0.0,1.0,0.0,1,14.1,0.0,17.579910845863385,0.5896388262750625,0.2819211764705882,0.0287649843360294,17.0,-0.2088483333333333,0.0166337092566666,6.0,0.2628586956521738,0.025776747275494,23.0,3.55370545936448,0.0059564804603062,0.1725710811359512,0.0427786412810475,20.715476093356216,0.5110193164887934,0
SNRNP48,1020.0,0.0,0.0,0.0,1.0,0.0,1.0,0.0,0.0,1.0,0.0,1.0,1.0,1.0,1.0,0.7745933384972892,0.9724377318857516,825676.8,209.0,0.0142683,3.8675976758602985e-06,4.0,0.0,0.0,0.0,0.0,0.0,0.0,0.0,0.0,0.0,0.0,0.0,0.0,1.0,0.0,0.0,0.0,0.0,0.0,0.0,0.0,0.0,0.0,0.0,0.0,1.0,0.0,1,19.88,0.0,19.91079045164988,0.1367189739088964,0.2305013888888888,0.0178725499494444,36.0,-0.2220583333333333,0.0038530032966666,6.0,0.229295238095238,0.0157358749816492,42.0,3.344886559705139,0.0027534383713947,0.1239561871940229,0.0154937824171131,15.54022257133173,0.7620415162571766,0
ZNF875,2165.453500045633,0.2356042882615762,0.0526435572028951,0.0215204677495176,0.6686918741811249,0.0001376401614766,0.9998683014815472,0.0173268880750288,0.0015884226893291,0.9899449324980184,0.0026245018405281,1.2830489648823968,1.4740405976522657,0.8740974555764096,0.9997286520032856,0.5251519651795693,0.7527603621408234,597495.5325773084,477.3295061777369,0.0172158450890399,0.0001211400236943,19.50378753308388,0.0,0.0,0.0,0.0,0.0,0.0,0.0,0.0,0.0,0.0,0.0,2.0,0.0,0.0,0.0,0.0,0.0,0.0,0.0,0.0,0.0,0.0,0.0,0.0,2.0,0.0,2,10.698,74.71308799999998,22.38831957824558,0.2732951570818658,0.2439837577023083,0.0263409212213065,24.76814004376368,-0.2160694250770577,0.0154478404218812,23.714210664565275,0.2382575554713608,0.0220873076754659,48.45601750547046,2.8268395389809275,0.1110072453572397,0.1239561871940229,0.0154937824171131,20.715476093356216,0.5110193164887934,0
FN3K,930.0,1.0,0.0,0.0,0.0,0.0,1.0,0.0,0.0,1.0,0.0,0.0,0.0,1.0,1.0,1.0,1.0,597317.7823636307,477.4336372847011,0.0172016246025543,0.0,0.0,0.0,0.0,0.0,0.0,0.0,0.0,0.0,0.0,0.0,0.0,0.0,0.0,0.0,0.0,0.0,0.0,0.0,0.0,1.0,0.0,0.0,0.0,0.0,0.0,1.0,0.0,1,8.779,0.0,25.46418259779856,0.1327598785177365,0.242718,0.0129796175836734,50.0,-0.2232277777777778,0.0072491988444444,9.0,0.2397449152542373,0.0120153820081823,59.0,2.949691544486616,0.0211474556276575,0.3969699320157276,0.0191094483723256,20.24138622990081,0.2868367458273366,0
LCE5A,357.0,0.3333333333333333,0.3333333333333333,0.0,0.3333333333333333,0.0,1.0,0.0,0.0,1.0,0.0,0.5,1.0,0.3091190108191654,1.0,0.9578544061302682,0.9990991278356772,325830.7,700.0,0.0203275,0.0,0.0,0.0,0.0,0.0,0.0,0.0,0.0,0.0,0.0,0.0,0.0,0.0,0.0,1.0,1.0,0.0,0.0,0.0,0.0,1.0,0.0,0.0,0.0,0.0,0.0,3.0,0.0,3,16.381666666666664,238.9422583333333,22.38831957824558,0.2732951570818658,0.3433101265822784,0.0332755038653683,79.0,-0.23757,0.0154478404218812,1.0,0.341988375,0.0329940571353006,80.0,0.0350548877423816,0.0319921040064793,0.1239561871940229,0.0154937824171131,20.715476093356216,0.5110193164887934,0
HECTD4,12855.0,1.0,0.0,0.0,0.0,0.0,1.0,0.0,0.0,1.0,0.0,0.0,0.0,1.0,1.0,1.0,1.0,704098.1,239.0,0.04030704,0.0,0.0,0.0,0.0,0.0,0.0,0.0,0.0,0.0,0.0,0.0,0.0,0.0,0.0,0.0,0.0,0.0,0.0,0.0,0.0,4.0,0.0,0.0,0.0,0.0,0.0,4.0,0.0,3,11.6195,14.815947666666668,24.779271641268465,0.0488456532559834,0.2280745454545454,0.0081572731593073,22.0,-0.19769375,0.0074562721288043,24.0,0.2122236956521738,0.0078531410371497,46.0,3.718676423761361,0.002856636149001,0.0436971888176183,0.0095420926626907,23.60690074965491,0.0880958714894867,0
ZSCAN4,1302.0,0.1428571428571428,0.0,0.0,0.8571428571428571,0.0,1.0,0.0,0.0,1.0,0.0,3.0,3.0,1.0,1.0,0.8424599831508003,0.9868821530139268,532348.8,849.0,-0.03733444,5.447586282417005e-08,4.0,0.0,0.0,0.0,0.0,0.0,0.0,0.0,0.0,0.0,0.0,0.0,0.0,6.0,0.0,0.0,0.0,0.0,0.0,1.0,0.0,0.0,0.0,0.0,0.0,7.0,0.0,7,10.347857142857142,68.28498447619047,22.38831957824558,0.2732951570818658,0.2423573333333333,0.0240639826495238,15.0,-0.22205,0.01248148273,41.0,0.2274894642857143,0.015285163052435,56.0,1.5611211997447825,0.7379820974364283,0.1239561871940229,0.0154937824171131,20.715476093356216,0.5110193164887934,0
FKBP4,1380.0,0.0,0.0,0.0,1.0,0.0,1.0,0.0,0.0,1.0,0.0,1.0,1.0,1.0,1.0,0.3074085459575776,0.6700207954169118,495532.1,443.0,0.0281197999999999,0.0005482162090334,66.0,0.0,0.0,0.0,0.0,0.0,0.0,0.0,0.0,0.0,0.0,0.0,0.0,1.0,0.0,0.0,0.0,0.0,0.0,0.0,0.0,0.0,0.0,0.0,0.0,1.0,0.0,1,24.4,0.0,27.88988798103982,0.2063656517448095,0.2863435,0.0306118651186842,20.0,-0.2317483870967741,0.0089449914073118,31.0,0.2531582352941177,0.0177242048988235,51.0,3.587157793225869,0.0082460078502273,0.067635600464697,0.0195557371051627,21.993402474504222,0.3949494204404211,0
AC122719.2,2165.453500045633,0.2356042882615762,0.0526435572028951,0.0215204677495176,0.6686918741811249,0.0001376401614766,0.9998683014815472,0.0173268880750288,0.0015884226893291,0.9899449324980184,0.0026245018405281,1.2830489648823968,1.4740405976522657,0.8740974555764096,0.9997286520032856,0.5251519651795693,0.7527603621408234,597495.5325773084,477.3295061777369,0.0172158450890399,0.0001211400236943,19.50378753308388,0.0,0.0,0.0,0.0,0.0,0.0,0.0,0.0,0.0,0.0,0.0,0.0,0.0,0.0,0.0,1.0,0.0,0.0,0.0,0.0,0.0,0.0,0.0,0.0,1.0,0.0,1,11.88,0.0,22.38831957824558,0.2732951570818658,0.2439837577023083,0.0263409212213065,24.76814004376368,-0.2160694250770577,0.0154478404218812,23.714210664565275,0.2382575554713608,0.0220873076754659,48.45601750547046,2.8268395389809275,0.1110072453572397,0.1239561871940229,0.0154937824171131,20.715476093356216,0.5110193164887934,0
OR2L8,939.0,0.3333333333333333,0.0,0.0,0.6666666666666666,0.0,1.0,0.0,0.0,1.0,0.0,1.0,1.0,1.0,1.0,0.4048582995951417,0.7709385225262695,597317.7823636307,477.4336372847011,0.0172016246025543,0.0,0.0,0.0,0.0,0.0,0.0,0.0,0.0,0.0,0.0,0.0,0.0,0.0,0.0,2.0,0.0,0.0,0.0,0.0,0.0,1.0,0.0,0.0,0.0,0.0,0.0,3.0,0.0,3,12.621,119.827813,22.38831957824558,0.2732951570818658,0.2918785507246376,0.023606945636104,69.0,-0.2136366666666666,0.0031416606266666,6.0,0.2856192,0.0223617959534054,75.0,0.5439832679160834,0.4049293000324048,0.1239561871940229,0.0154937824171131,20.715476093356216,0.5110193164887934,0
FABP9,399.0,0.0,0.0,1.0,0.0,0.0,1.0,0.0,0.0,1.0,0.0,0.0,1.0,0.0319703315323379,1.0,1.0,1.0,191176.8,595.0,0.0012797239999999,0.0,0.0,0.0,0.0,0.0,0.0,0.0,0.0,0.0,0.0,0.0,0.0,0.0,0.0,0.0,0.0,0.0,0.0,0.0,0.0,0.0,1.0,0.0,0.0,0.0,0.0,1.0,0.0,1,28.4,0.0,22.38831957824558,0.2732951570818658,0.3277843137254901,0.0623441253330196,51.0,-0.2351883333333333,0.0139553161366666,6.0,0.3180373684210527,0.0577323530911654,57.0,0.1529359953935415,0.172212512846501,0.1239561871940229,0.0154937824171131,20.715476093356216,0.5110193164887934,0
CRYGD,525.0,0.0,0.0,0.0,1.0,0.0,1.0,0.0,0.0,1.0,0.0,1.0,1.0,1.0,1.0,0.1779359430604982,0.4851123957127403,327857.5,440.0,0.01277933,0.0,5.0,0.0,0.0,0.0,0.0,0.0,0.0,0.0,0.0,0.0,0.0,0.0,0.0,1.0,0.0,0.0,0.0,0.0,0.0,0.0,0.0,0.0,0.0,0.0,0.0,1.0,0.0,1,22.2,0.0,22.38831957824558,0.2732951570818658,0.1767275,0.0034321058333333,16.0,-0.1896333333333333,0.0093643791523809,15.0,0.1829722580645161,0.0061290798847311,31.0,0.0595963702694404,0.0828837133735164,0.5492543716103945,0.0888735886170875,20.715476093356216,0.5110193164887934,0
WNT7A,1050.0,0.0,0.0,0.0,1.0,0.0,1.0,0.0,0.0,1.0,0.0,2.0,2.0,1.0,1.0,0.0643915003219575,0.2410028098622405,422569.2,498.0,0.03350761,0.0,0.0,0.0,0.0,0.0,0.0,0.0,0.0,0.0,0.0,0.0,0.0,0.0,0.0,2.0,0.0,0.0,0.0,0.0,0.0,0.0,0.0,0.0,0.0,0.0,0.0,2.0,0.0,2,33.5,0.5,15.8988923400944,0.3064831387900462,0.1430959999999999,0.00171764813,5.0,-0.2287873913043479,0.0091806938508212,46.0,0.2203862745098039,0.0090623474318431,51.0,2.246241607987747,0.4650690756685977,0.1913356266104986,0.0141809879379209,20.715476093356216,0.5110193164887934,0
SPHK2,1965.0,0.0,0.0,0.0,1.0,0.0,1.0,0.0,0.0,1.0,0.0,1.0,1.0,1.0,1.0,0.3454231433506045,0.712602801735737,1597109.0,242.0,0.03144003,1.120011543600229e-07,2.0,0.0,0.0,0.0,0.0,0.0,0.0,0.0,0.0,0.0,0.0,0.0,0.0,1.0,0.0,0.0,0.0,0.0,0.0,0.0,0.0,0.0,0.0,0.0,0.0,1.0,0.0,1,19.85,0.0,20.96427237077749,0.1379956590975278,0.1771791666666666,0.0041397865537878,12.0,-0.228550238095238,0.0125864874901858,42.0,0.2171344444444445,0.0110606449874213,54.0,3.1605220170087844,0.005589467968984,0.0688345788964769,0.0253405089878547,22.21384485531385,0.1304980851641446,0
NUP43,2165.453500045633,0.2356042882615762,0.0526435572028951,0.0215204677495176,0.6686918741811249,0.0001376401614766,0.9998683014815472,0.0173268880750288,0.0015884226893291,0.9899449324980184,0.0026245018405281,1.2830489648823968,1.4740405976522657,0.8740974555764096,0.9997286520032856,0.5251519651795693,0.7527603621408234,597495.5325773084,477.3295061777369,0.0172158450890399,0.0001211400236943,19.50378753308388,0.0,1.0,0.0,0.0,0.0,0.0,0.0,0.0,0.0,0.0,0.0,0.0,0.0,0.0,0.0,0.0,0.0,0.0,0.0,0.0,0.0,0.0,0.0,0.0,1.0,0.0,1,1.427,0.0,24.299815141428592,0.0265426370390227,0.26965,0.0078785335333333,4.0,-0.2414804166666666,0.013830904804078,48.0,0.2436473076923077,0.0132670209102564,52.0,3.5191908114337003,0.0021858906761799,0.0647348698017054,0.0046891168663327,14.210444055633308,0.9923625417457012,0
ANGEL2,1635.0,0.5,0.0,0.0,0.5,0.0,1.0,0.0,0.0,1.0,0.0,0.5,0.5,1.0,1.0,0.8896797153024911,0.9936777148322948,315884.3,412.0,0.01206556,1.6735744881134956e-06,7.0,0.0,0.0,0.0,0.0,0.0,0.0,0.0,0.0,0.0,0.0,0.0,0.0,1.0,0.0,0.0,0.0,0.0,0.0,1.0,0.0,0.0,0.0,0.0,0.0,2.0,0.0,2,15.715,3.2004500000000027,22.60405635504903,0.0724409329758452,0.2736838666666666,0.0180243215294414,75.0,-0.1746133333333333,0.0026902424333333,3.0,0.2698734615384615,0.0177596453657842,78.0,3.512413314980237,0.0018370715118027,0.0755897896495135,0.0095303180964548,20.715476093356216,0.5110193164887934,0
UBR5,8400.0,0.25,0.0,0.0,0.75,0.0,1.0,0.0,0.0,1.0,0.0,1.5,1.5,1.0,1.0,0.1787310098302055,0.4864831710033762,504282.3,414.0,0.03885177,0.0005238311897722,108.0,0.0,0.0,0.0,0.0,0.0,0.0,0.0,0.0,0.0,0.0,0.0,0.0,3.0,0.0,0.0,0.0,0.0,0.0,1.0,0.0,0.0,0.0,0.0,0.0,4.0,0.0,4,21.78075,76.77548224999997,24.4496795092668,0.0396561531667844,0.4045027868852458,0.0875532988004371,60.0,-0.14762,0.0024049753,3.0,0.3924614062499999,0.0864554683646577,63.0,3.8399067264659896,0.0018017326959297,0.1239561871940229,0.0154937824171131,25.565115575570893,0.0910746503361793,0
DDX10,2628.0,0.0,0.0,0.0,1.0,0.0,1.0,0.0,0.0,1.0,0.0,2.0,2.0,1.0,1.0,0.198294665873488,0.5191356619263511,250454.7,616.0,0.002384482,1.2432091928043247e-05,14.0,0.0,0.0,0.0,0.0,0.0,0.0,0.0,0.0,0.0,0.0,0.0,0.0,2.0,0.0,0.0,0.0,0.0,0.0,0.0,0.0,0.0,0.0,0.0,0.0,2.0,0.0,2,18.995,32.08005000000001,25.062909204953066,0.0859033877585174,0.222885,0.0228991590071428,22.0,-0.2191105555555556,0.0080726294526143,18.0,0.2211865,0.0158527712694871,40.0,3.521298946616879,0.0016618841436535,0.0568824124152821,0.0038400101076113,23.36142005012081,0.3212105937204365,0
TEX26,870.0,0.0,0.0,0.0,1.0,0.0,1.0,0.0,0.0,1.0,0.0,5.0,5.0,1.0,1.0,0.5333333333333333,0.8685912850252662,362646.0,555.0,0.03865585,0.0,0.0,0.0,0.0,0.0,0.0,0.0,0.0,0.0,0.0,0.0,0.0,0.0,0.0,5.0,0.0,0.0,0.0,0.0,0.0,0.0,0.0,0.0,0.0,0.0,0.0,5.0,0.0,5,14.1732,57.799291200000006,22.38831957824558,0.2732951570818658,0.2256433333333333,0.0056689856333333,3.0,-0.264397543859649,0.0152710951795739,57.0,0.2624598333333331,0.0147593166864124,60.0,1.3671073808795955,0.6216170720539897,0.1239561871940229,0.0154937824171131,20.715476093356216,0.5110193164887934,0
BNC2,3300.0,0.1,0.0,0.0,0.8,0.0,1.0,0.1,0.0,1.0,0.0,4.0,4.5,1.0,1.0,0.1290988897495481,0.3933871134898734,37329.69,534.0,-0.01371342,0.0,1.0,0.0,0.0,0.0,0.0,0.0,0.0,1.0,0.0,0.0,0.0,0.0,3.0,8.0,0.0,0.0,0.0,0.0,0.0,1.0,0.0,0.0,1.0,0.0,0.0,12.0,0.0,13,22.709416666666662,48.460529537878784,22.38831957824558,0.2732951570818658,0.2540869230769231,0.0261601102064102,13.0,-0.2585624561403509,0.0203973972831453,56.0,0.2577312857142857,0.0211070667591925,69.0,3.364886614864482,0.0094530079511963,0.1794192578910347,0.0212652822044656,20.429491238327763,0.1850586510509624,0
ADAMTS13,4284.0,1.0,0.0,0.0,0.0,0.0,1.0,0.0,0.0,1.0,0.0,0.0,0.0,1.0,1.0,1.0,1.0,1843278.0,263.0,0.03302484,0.0,0.0,0.0,0.0,0.0,0.0,0.0,0.0,0.0,0.0,0.0,0.0,0.0,0.0,0.0,0.0,0.0,0.0,0.0,0.0,1.0,0.0,0.0,0.0,0.0,0.0,1.0,0.0,1,9.104,0.0,14.407114588857286,0.075396170532289,0.2320685714285714,0.0159469203809523,7.0,-0.2150699999999999,0.0106285580487804,42.0,0.2174983673469387,0.0111080439764455,49.0,2.842451658911359,0.0242431851070484,0.1239561871940229,0.0154937824171131,20.715476093356216,0.5110193164887934,0
LINC01531,2165.453500045633,0.2356042882615762,0.0526435572028951,0.0215204677495176,0.6686918741811249,0.0001376401614766,0.9998683014815472,0.0173268880750288,0.0015884226893291,0.9899449324980184,0.0026245018405281,1.2830489648823968,1.4740405976522657,0.8740974555764096,0.9997286520032856,0.5251519651795693,0.7527603621408234,597495.5325773084,477.3295061777369,0.0172158450890399,0.0001211400236943,19.50378753308388,0.0,0.0,0.0,0.0,0.0,0.0,0.0,0.0,0.0,0.0,0.0,0.0,0.0,0.0,0.0,2.0,0.0,0.0,0.0,0.0,0.0,0.0,0.0,0.0,2.0,0.0,2,2.364,11.101472,22.38831957824558,0.2732951570818658,0.2439837577023083,0.0263409212213065,24.76814004376368,-0.2160694250770577,0.0154478404218812,23.714210664565275,0.2382575554713608,0.0220873076754659,48.45601750547046,2.8268395389809275,0.1110072453572397,0.1239561871940229,0.0154937824171131,20.715476093356216,0.5110193164887934,0
CFAP20,2165.453500045633,0.2356042882615762,0.0526435572028951,0.0215204677495176,0.6686918741811249,0.0001376401614766,0.9998683014815472,0.0173268880750288,0.0015884226893291,0.9899449324980184,0.0026245018405281,1.2830489648823968,1.4740405976522657,0.8740974555764096,0.9997286520032856,0.5251519651795693,0.7527603621408234,597495.5325773084,477.3295061777369,0.0172158450890399,0.0001211400236943,19.50378753308388,0.0,0.0,0.0,0.0,0.0,0.0,0.0,0.0,0.0,0.0,0.0,1.0,0.0,0.0,0.0,0.0,0.0,0.0,0.0,0.0,0.0,0.0,0.0,0.0,1.0,0.0,1,8.623,0.0,22.38831957824558,0.2732951570818658,0.2439837577023083,0.0263409212213065,24.76814004376368,-0.2160694250770577,0.0154478404218812,23.714210664565275,0.2382575554713608,0.0220873076754659,48.45601750547046,2.8268395389809275,0.1110072453572397,0.1239561871940229,0.0154937824171131,20.715476093356216,0.5110193164887934,0
KCNJ1,1176.0,0.0,0.0,0.0,1.0,0.0,1.0,0.0,0.0,1.0,0.0,1.0,1.0,1.0,1.0,0.4768717215069146,0.8299989279541168,194422.2,602.0,0.001182222,1.482420758890985e-06,5.0,0.0,0.0,0.0,0.0,0.0,0.0,0.0,0.0,0.0,0.0,0.0,0.0,1.0,0.0,0.0,0.0,0.0,0.0,0.0,0.0,0.0,0.0,0.0,0.0,1.0,0.0,1,16.09,0.0,22.38831957824558,0.2732951570818658,0.2480591304347826,0.0224388033355731,23.0,-0.23884125,0.0100258940116666,16.0,0.2442774358974359,0.0169695748774628,39.0,2.3711728160691017,0.1358292254520303,0.1239561871940229,0.0154937824171131,20.715476093356216,0.5110193164887934,0
TMEM200A,1476.0,0.0,0.0,0.0,0.75,0.0,1.0,0.25,0.0,1.0,0.0,3.0,4.0,1.0,1.0,0.0916170407695831,0.3105944104445173,126083.3,954.0,0.02266047,0.0,0.0,0.0,0.0,0.0,0.0,0.0,0.0,0.0,1.0,0.0,0.0,0.0,0.0,3.0,0.0,0.0,0.0,0.0,0.0,0.0,0.0,0.0,0.0,0.0,1.0,3.0,0.0,3,22.4,12.610000000000005,22.38831957824558,0.2732951570818658,0.27268,0.0185819668666666,4.0,-0.2293189361702128,0.0097691456618871,47.0,0.2327198039215686,0.0102411493499607,51.0,3.240488810064611,0.0111161083775898,0.2086559976372889,0.0470859343827713,19.056247917573884,0.2306041621101852,0
LINC01151,2165.453500045633,0.2356042882615762,0.0526435572028951,0.0215204677495176,0.6686918741811249,0.0001376401614766,0.9998683014815472,0.0173268880750288,0.0015884226893291,0.9899449324980184,0.0026245018405281,1.2830489648823968,1.4740405976522657,0.8740974555764096,0.9997286520032856,0.5251519651795693,0.7527603621408234,597495.5325773084,477.3295061777369,0.0172158450890399,0.0001211400236943,19.50378753308388,0.0,0.0,0.0,0.0,0.0,0.0,0.0,0.0,0.0,0.0,0.0,0.0,0.0,0.0,0.0,1.0,0.0,0.0,0.0,0.0,0.0,0.0,0.0,0.0,1.0,0.0,1,4.438,0.0,22.38831957824558,0.2732951570818658,0.2439837577023083,0.0263409212213065,24.76814004376368,-0.2160694250770577,0.0154478404218812,23.714210664565275,0.2382575554713608,0.0220873076754659,48.45601750547046,2.8268395389809275,0.1110072453572397,0.1239561871940229,0.0154937824171131,20.715476093356216,0.5110193164887934,0
ZNF20,1599.0,1.0,0.0,0.0,0.0,0.0,1.0,0.0,0.0,1.0,0.0,0.0,0.0,1.0,1.0,1.0,1.0,1025728.0,728.0,-0.01504777,9.658803742967551e-06,19.0,0.0,0.0,0.0,0.0,0.0,0.0,0.0,0.0,0.0,0.0,0.0,4.0,0.0,0.0,0.0,0.0,0.0,0.0,1.0,0.0,0.0,0.0,0.0,0.0,5.0,0.0,5,9.3276,91.01386929999998,14.611183675478363,0.0891986825246574,0.1716766666666666,0.0020093035866666,6.0,-0.2222464,0.0134489957092244,50.0,0.2168282142857142,0.0124135839640259,56.0,2.950583137508339,0.0091353942589667,0.0792954551027338,0.0185272906494266,16.874254758060722,0.3326405195518881,0
JSRP1,996.0,1.0,0.0,0.0,0.0,0.0,1.0,0.0,0.0,1.0,0.0,0.0,0.0,1.0,1.0,1.0,1.0,1603571.0,240.0,0.02653367,3.751154254067387e-06,8.0,0.0,0.0,0.0,0.0,0.0,0.0,0.0,0.0,0.0,0.0,0.0,0.0,0.0,0.0,0.0,0.0,0.0,0.0,1.0,0.0,0.0,0.0,0.0,0.0,1.0,0.0,1,3.924,0.0,18.822253933187586,0.722382201396748,0.16772625,0.0024800322839285,8.0,-0.2180724999999999,0.0129644676465686,52.0,0.2113596666666666,0.0117986831727683,60.0,2.8206911728107764,0.1141364459645293,0.1239561871940229,0.0154937824171131,20.715476093356216,0.5110193164887934,0
C4BPB,2165.453500045633,0.2356042882615762,0.0526435572028951,0.0215204677495176,0.6686918741811249,0.0001376401614766,0.9998683014815472,0.0173268880750288,0.0015884226893291,0.9899449324980184,0.0026245018405281,1.2830489648823968,1.4740405976522657,0.8740974555764096,0.9997286520032856,0.5251519651795693,0.7527603621408234,597495.5325773084,477.3295061777369,0.0172158450890399,0.0001211400236943,19.50378753308388,0.0,0.0,0.0,0.0,0.0,0.0,0.0,0.0,0.0,0.0,0.0,1.0,0.0,0.0,0.0,0.0,0.0,0.0,0.0,0.0,0.0,0.0,0.0,0.0,1.0,0.0,1,1.487,0.0,24.64659396618861,0.2617181085404786,0.2919877631578947,0.0261477869989298,76.0,-0.199505,0.0016629144499999,2.0,0.2896164102564102,0.025706681088245,78.0,2.843257706645521,0.1773676651728767,0.1239561871940229,0.0154937824171131,20.715476093356216,0.5110193164887934,0
GOLGA8H,1899.0,0.0,0.5,0.0,0.5,0.0,1.0,0.0,0.0,1.0,0.0,1.0,2.0,0.2298322224775913,1.0,0.3292723081988805,0.6950510984733658,597317.7823636307,477.4336372847011,0.0172016246025543,0.0,0.0,0.0,0.0,0.0,0.0,0.0,0.0,0.0,0.0,0.0,0.0,0.0,0.0,1.0,1.0,0.0,0.0,0.0,0.0,0.0,0.0,0.0,0.0,0.0,0.0,2.0,0.0,2,22.94,91.39520000000002,22.38831957824558,0.2732951570818658,0.2439837577023083,0.0263409212213065,24.76814004376368,-0.2160694250770577,0.0154478404218812,23.714210664565275,0.2382575554713608,0.0220873076754659,48.45601750547046,2.523529363226853,0.0451868664320799,0.1239561871940229,0.0154937824171131,20.715476093356216,0.5110193164887934,0
BRAT1,2466.0,0.5,0.0,0.0,0.5,0.0,1.0,0.0,0.0,1.0,0.0,0.5,0.5,1.0,1.0,0.3191828917969997,0.6836868854037839,783535.0,226.0,0.04747996,2.41771297144207e-05,13.0,0.0,0.0,0.0,0.0,0.0,0.0,0.0,0.0,0.0,0.0,0.0,0.0,1.0,0.0,0.0,0.0,0.0,0.0,1.0,0.0,0.0,0.0,0.0,0.0,2.0,0.0,2,11.9935,264.7990845,24.33127289860231,0.0743760629871402,0.3348257142857143,0.033384524170046,63.0,-0.3390366666666667,0.0394533169333333,3.0,0.3350171212121212,0.0330584293962004,66.0,3.461969261918099,0.0043841704934867,0.0421676857667916,0.0121882502614549,20.918503782131136,0.2867330193582212,0
FASTKD1,2544.0,0.5,0.0,0.0,0.5,0.0,1.0,0.0,0.0,1.0,0.0,0.5,0.5,1.0,1.0,0.3615328994938539,0.7293572788295613,358153.5,404.0,0.02975339,3.707911168735255e-06,6.0,0.0,0.0,0.0,0.0,0.0,0.0,0.0,0.0,0.0,0.0,0.0,0.0,1.0,0.0,0.0,0.0,0.0,0.0,1.0,0.0,0.0,0.0,0.0,0.0,2.0,0.0,2,14.7065,137.5642845,21.21109496546871,0.1440733355782676,0.1868516,0.0050088489556666,25.0,-0.1826875,0.0099420262022727,12.0,0.1855010810810811,0.006380979321021,37.0,3.392581976504398,0.0030037339646726,0.1239561871940229,0.0154937824171131,20.715476093356216,0.5110193164887934,0
SF3A2,1395.0,0.0,0.0,0.0,1.0,0.0,1.0,0.0,0.0,1.0,0.0,2.0,2.0,1.0,1.0,0.0903179190751445,0.3074800757654726,1603571.0,240.0,0.02653367,0.0002723640320331,145.0,0.0,0.0,0.0,0.0,0.0,0.0,0.0,0.0,0.0,0.0,0.0,0.0,2.0,0.0,0.0,0.0,0.0,0.0,0.0,0.0,0.0,0.0,0.0,0.0,2.0,0.0,2,25.85,26.645000000000017,27.13434715875232,0.022862412847075,0.16260875,0.0029368934410714,8.0,-0.2180724999999999,0.0129644676465686,52.0,0.2106773333333333,0.0119165189012429,60.0,3.239997780265579,0.0069626127607106,0.0631130230027852,0.0153316848957361,18.317041278649786,0.2643211610376187,0
ZNFX1,5757.0,0.0,0.0,0.0,1.0,0.0,1.0,0.0,0.0,1.0,0.0,2.0,2.0,1.0,1.0,0.0629603979097147,0.2370615976108429,886627.6,261.0,0.0496347,3.833818285087539e-07,4.0,0.0,0.0,0.0,0.0,0.0,0.0,0.0,0.0,0.0,0.0,0.0,0.0,2.0,0.0,0.0,0.0,0.0,0.0,0.0,0.0,0.0,0.0,0.0,0.0,2.0,0.0,2,26.8,10.580000000000007,23.575972944998465,0.0273994873105277,0.237475,0.0218554687914285,36.0,-0.241531111111111,0.0242760971111111,9.0,0.2382862222222222,0.0218015599831313,45.0,3.7280922680162014,0.0021447998218612,0.0607309142979968,0.0147301794459179,20.715476093356216,0.5110193164887934,0
ASGR1,876.0,1.0,0.0,0.0,0.0,0.0,1.0,0.0,0.0,1.0,0.0,0.0,0.0,1.0,1.0,1.0,1.0,1682013.0,348.0,0.01452191,5.434980841448575e-05,13.0,0.0,0.0,0.0,0.0,0.0,0.0,0.0,0.0,0.0,0.0,0.0,0.0,0.0,0.0,0.0,0.0,0.0,0.0,1.0,0.0,0.0,0.0,0.0,0.0,1.0,0.0,1,11.43,0.0,22.38831957824558,0.2732951570818658,0.25511,0.0009007201,3.0,-0.2546270000000001,0.0161418059662318,70.0,0.2546468493150686,0.0154942600413242,73.0,2.62247078805253,0.0366161499741563,0.1239561871940229,0.0154937824171131,20.715476093356216,0.5110193164887934,0
CWC25,1278.0,0.0,0.0,0.0,1.0,0.0,1.0,0.0,0.0,1.0,0.0,3.0,3.0,1.0,1.0,0.0360659285173296,0.1558916098999203,1198833.0,207.0,0.03698837,2.6682935461595446e-06,4.0,0.0,0.0,0.0,0.0,0.0,0.0,0.0,0.0,0.0,0.0,0.0,0.0,3.0,0.0,0.0,0.0,0.0,0.0,0.0,0.0,0.0,0.0,0.0,0.0,3.0,0.0,3,27.633333333333336,24.863333333333337,22.37854454570337,0.0603104250681179,0.2093185,0.0047745375771794,40.0,-0.223178,0.0095802119733333,10.0,0.2120904,0.0055911338610612,50.0,3.466289085311395,0.0015381634423464,0.0488454294619422,0.0004754687920221,25.160066342151858,0.241374513185833,0
SS18L1,1191.0,0.0,0.0,0.0,1.0,0.0,1.0,0.0,0.0,1.0,0.0,1.0,1.0,1.0,1.0,0.141643059490085,0.4184766361905309,861466.4,288.0,-0.01282811,0.0001903081659702,42.0,0.0,0.0,0.0,0.0,0.0,0.0,0.0,0.0,0.0,0.0,0.0,0.0,1.0,0.0,0.0,0.0,0.0,0.0,0.0,0.0,0.0,0.0,0.0,0.0,1.0,0.0,1,24.6,0.0,21.3942472242726,0.4391210941522274,0.3024004444444444,0.0318160699816161,45.0,-0.2052266666666666,0.0081793383066666,6.0,0.2909682352941176,0.0298158952708235,51.0,3.4153336934032787,0.0045748725954453,0.036277788213426,0.0132959905137971,20.715476093356216,0.5110193164887934,0
LIX1,849.0,0.5,0.0,0.0,0.0,0.0,1.0,0.5,0.0,1.0,0.0,0.0,0.5,1.0,1.0,1.0,1.0,382123.4,614.0,0.03800934,0.0,0.0,0.0,0.0,0.0,0.0,0.0,0.0,1.0,0.0,0.0,0.0,0.0,0.0,0.0,0.0,0.0,0.0,0.0,0.0,1.0,0.0,0.0,1.0,0.0,0.0,1.0,0.0,2,8.775,0.0,22.38831957824558,0.2732951570818658,0.2638839999999999,0.0117527755971428,15.0,-0.2317688571428571,0.018652922675126,35.0,0.2414034,0.0165217907045306,50.0,2.0227622009623474,0.1318360993663748,0.1239561871940229,0.0154937824171131,20.715476093356216,0.5110193164887934,0
CGREF1,957.0,0.0,0.0,0.0,1.0,0.0,1.0,0.0,0.0,1.0,0.0,2.0,2.0,1.0,1.0,0.0796114959000079,0.2810760907336292,1214097.0,238.0,0.049806,0.0,0.0,0.0,0.0,0.0,0.0,0.0,0.0,0.0,0.0,0.0,0.0,0.0,0.0,2.0,0.0,0.0,0.0,0.0,0.0,0.0,0.0,0.0,0.0,0.0,0.0,2.0,0.0,2,16.174999999999997,44.65125000000001,20.85805836677087,0.5463837793061198,0.1873945454545454,0.0103557038545454,22.0,-0.1584733333333333,0.0023346159866666,6.0,0.1811971428571428,0.008632817095238,28.0,2.8175639998306807,0.1024509421615454,0.2227641080610252,0.0247020056526431,20.715476093356216,0.5110193164887934,0
RPN2,1896.0,1.0,0.0,0.0,0.0,0.0,1.0,0.0,0.0,1.0,0.0,0.0,0.0,1.0,1.0,1.0,1.0,787991.5,404.0,0.04449565,0.0001526991506015,64.0,0.0,0.0,0.0,0.0,0.0,0.0,0.0,0.0,0.0,0.0,0.0,0.0,0.0,0.0,0.0,0.0,0.0,0.0,1.0,0.0,0.0,0.0,0.0,0.0,1.0,0.0,1,2.302,0.0,27.62882292101673,0.0864767343624286,0.2669964999999999,0.0436387660489743,40.0,-0.18621875,0.0034825870410714,8.0,0.2535335416666666,0.0376551124361259,48.0,3.850649436465941,0.0023810577077878,0.0599416302592476,0.0190737998184192,16.24148061430436,0.9750675480293476,0
RABL6,2193.0,1.0,0.0,0.0,0.0,0.0,1.0,0.0,0.0,1.0,0.0,0.0,0.0,1.0,1.0,1.0,1.0,1921909.0,176.0,0.04378507,0.000128863744761,26.0,0.0,0.0,0.0,0.0,0.0,0.0,0.0,0.0,0.0,0.0,0.0,0.0,0.0,0.0,0.0,0.0,0.0,0.0,1.0,0.0,0.0,0.0,0.0,0.0,1.0,0.0,1,14.19,0.0,24.613796290601343,0.0462588858803987,0.2439837577023083,0.0263409212213065,24.76814004376368,-0.2160694250770577,0.0154478404218812,23.714210664565275,0.2382575554713608,0.0220873076754659,48.45601750547046,3.514846882712334,0.0021242933943692,0.111738815274705,0.0075627682480767,24.98087883128324,0.0874070801544553,0
IGKV1D-16,2165.453500045633,0.2356042882615762,0.0526435572028951,0.0215204677495176,0.6686918741811249,0.0001376401614766,0.9998683014815472,0.0173268880750288,0.0015884226893291,0.9899449324980184,0.0026245018405281,1.2830489648823968,1.4740405976522657,0.8740974555764096,0.9997286520032856,0.5251519651795693,0.7527603621408234,597495.5325773084,477.3295061777369,0.0172158450890399,0.0001211400236943,19.50378753308388,0.0,0.0,0.0,0.0,0.0,0.0,0.0,0.0,0.0,0.0,0.0,0.0,0.0,0.0,0.0,2.0,0.0,0.0,0.0,0.0,0.0,0.0,0.0,0.0,2.0,0.0,2,10.7735,123.13512450000002,22.38831957824558,0.2732951570818658,0.2439837577023083,0.0263409212213065,24.76814004376368,-0.2160694250770577,0.0154478404218812,23.714210664565275,0.2382575554713608,0.0220873076754659,48.45601750547046,2.8268395389809275,0.1110072453572397,0.1239561871940229,0.0154937824171131,20.715476093356216,0.5110193164887934,0
ARL10,735.0,1.0,0.0,0.0,0.0,0.0,1.0,0.0,0.0,1.0,0.0,0.0,0.0,1.0,1.0,1.0,1.0,563059.1,347.0,0.03667531,5.0429673157144985e-06,9.0,0.0,0.0,0.0,0.0,0.0,0.0,0.0,0.0,0.0,0.0,0.0,0.0,0.0,0.0,0.0,0.0,0.0,0.0,1.0,0.0,0.0,0.0,0.0,0.0,1.0,0.0,1,8.703,0.0,22.38831957824558,0.2732951570818658,0.2879162857142857,0.0204735157946218,35.0,-0.1959331249999999,0.0079018486229166,16.0,0.2590588235294118,0.0181506257345882,51.0,3.2751719389375107,0.0075634883235526,0.0947482138762825,0.0271538091973784,20.715476093356216,0.5110193164887934,0
TRAV26-2,2165.453500045633,0.2356042882615762,0.0526435572028951,0.0215204677495176,0.6686918741811249,0.0001376401614766,0.9998683014815472,0.0173268880750288,0.0015884226893291,0.9899449324980184,0.0026245018405281,1.2830489648823968,1.4740405976522657,0.8740974555764096,0.9997286520032856,0.5251519651795693,0.7527603621408234,597495.5325773084,477.3295061777369,0.0172158450890399,0.0001211400236943,19.50378753308388,0.0,0.0,0.0,0.0,0.0,0.0,0.0,0.0,0.0,0.0,0.0,0.0,0.0,0.0,0.0,1.0,0.0,0.0,0.0,0.0,0.0,0.0,0.0,0.0,1.0,0.0,1,18.88,0.0,22.38831957824558,0.2732951570818658,0.2439837577023083,0.0263409212213065,24.76814004376368,-0.2160694250770577,0.0154478404218812,23.714210664565275,0.2382575554713608,0.0220873076754659,48.45601750547046,2.8268395389809275,0.1110072453572397,0.1239561871940229,0.0154937824171131,20.715476093356216,0.5110193164887934,0
WASHC1,2165.453500045633,0.2356042882615762,0.0526435572028951,0.0215204677495176,0.6686918741811249,0.0001376401614766,0.9998683014815472,0.0173268880750288,0.0015884226893291,0.9899449324980184,0.0026245018405281,1.2830489648823968,1.4740405976522657,0.8740974555764096,0.9997286520032856,0.5251519651795693,0.7527603621408234,597495.5325773084,477.3295061777369,0.0172158450890399,0.0001211400236943,19.50378753308388,0.0,0.0,0.0,0.0,0.0,0.0,0.0,0.0,0.0,0.0,0.0,0.0,1.0,0.0,0.0,0.0,0.0,0.0,1.0,0.0,0.0,0.0,0.0,0.0,2.0,0.0,2,11.159,26.223281999999987,25.550660285936,0.0256972405933879,0.2439837577023083,0.0263409212213065,24.76814004376368,-0.2160694250770577,0.0154478404218812,23.714210664565275,0.2382575554713608,0.0220873076754659,48.45601750547046,3.278111168729873,0.0062493032965886,0.1239561871940229,0.0154937824171131,20.78029590591708,0.4820442500783933,0
PLRG1,1545.0,0.0,0.0,0.0,0.5,0.0,1.0,0.5,0.0,1.0,0.0,1.0,2.0,1.0,1.0,0.3496503496503496,0.7170704981929235,59882.62,1034.0,0.01982099,6.314438611435858e-05,55.0,0.0,0.0,0.0,0.0,0.0,0.0,1.0,0.0,0.0,0.0,0.0,0.0,1.0,1.0,0.0,0.0,0.0,0.0,0.0,0.0,0.0,1.0,1.0,0.0,1.0,0.0,3,32.0,0.0,25.51980842010112,0.0266991306712965,0.198047,0.0060066463788888,10.0,-0.2119325,0.008434892812037,28.0,0.2082784210526315,0.0076546650623044,38.0,3.511150504184575,0.0023060887712333,0.0456960216049535,0.0143851676661611,20.207883702502105,0.856699021968368,0
PRMT5,1914.0,0.0,0.3333333333333333,0.0,0.6666666666666666,0.0,1.0,0.0,0.0,1.0,0.0,2.0,3.0,0.2061430632859204,1.0,0.4768717215069146,0.8299989279541168,1177534.0,225.0,0.0338281,0.0011930699025081,148.0,0.0,0.0,0.0,0.0,0.0,0.0,0.0,0.0,0.0,0.0,0.0,0.0,2.0,1.0,0.0,0.0,0.0,0.0,0.0,0.0,0.0,0.0,0.0,0.0,3.0,0.0,3,32.03333333333333,63.203333333333305,26.49298780206736,0.0587766914432679,0.290730909090909,0.0372678534022727,33.0,-0.2111469230769231,0.0065391849730769,13.0,0.2682397826086956,0.0295579851977294,46.0,3.535290715791993,0.0034114165092424,0.0839478948818638,0.0133479818152127,13.797429875360294,1.081425135683261,0
KDM4B,3291.0,0.1666666666666666,0.1666666666666666,0.0,0.6666666666666666,0.0,1.0,0.0,0.0,1.0,0.0,2.0,2.5,0.4512635379061372,1.0,0.8368200836820083,0.9858963894422376,993856.9,258.0,0.02599297,1.1059607020173564e-05,15.0,0.0,0.0,0.0,0.0,0.0,0.0,0.0,0.0,0.0,0.0,0.0,1.0,3.0,1.0,0.0,0.0,0.0,0.0,1.0,1.0,0.0,0.0,0.0,0.0,7.0,0.0,7,14.957714285714284,193.2228885714286,23.794338824453085,0.0717581592455633,0.1798783333333333,0.0026694557366666,6.0,-0.2207320754716981,0.0137438888129172,53.0,0.2165774576271186,0.0127073323503214,59.0,3.4456116411347097,0.0027689295028201,0.0910999936664855,0.0067883819387268,20.99666666560224,0.3070061443067848,0
DHX38,3684.0,1.0,0.0,0.0,0.0,0.0,1.0,0.0,0.0,1.0,0.0,0.0,0.0,1.0,1.0,1.0,1.0,414449.0,479.0,0.009373628,7.394875415496609e-05,42.0,0.0,0.0,0.0,0.0,0.0,0.0,0.0,0.0,0.0,0.0,0.0,0.0,0.0,0.0,0.0,0.0,0.0,0.0,1.0,0.0,0.0,0.0,0.0,0.0,1.0,0.0,1,0.069,0.0,24.91366188785019,0.0331440680769657,0.2374811538461538,0.0158687283626153,26.0,-0.2021710344827586,0.0068766432667487,29.0,0.2188630909090909,0.011228829206936,55.0,3.5633197526357985,0.0013750243418321,0.056818514420051,0.003565989051903,20.373185038227057,0.3960632695703937,0
IRF8,1281.0,0.0,0.0,0.0,1.0,0.0,1.0,0.0,0.0,1.0,0.0,3.0,3.0,1.0,1.0,0.5446623093681917,0.8755932964043021,407769.6,461.0,0.02664756,2.957015470534702e-05,23.0,0.0,0.0,0.0,0.0,0.0,0.0,0.0,0.0,0.0,0.0,0.0,0.0,3.0,0.0,0.0,0.0,0.0,0.0,0.0,0.0,0.0,0.0,0.0,0.0,3.0,0.0,3,17.519666666666666,227.27406033333327,22.883661096113048,0.0913052707522398,0.2374147619047619,0.0102219230361904,21.0,-0.2047760526315789,0.0063625656299431,38.0,0.2163932203389831,0.0078321004256575,59.0,3.411278580671223,0.0093605811072319,0.1824539381725848,0.0169098295929581,23.1218566074162,0.3251511740453019,0
BRPF3,3618.0,0.25,0.0,0.25,0.5,0.0,1.0,0.0,0.0,1.0,0.0,1.0,1.5,0.2213858755811379,1.0,0.8795074758135444,0.9924302680460853,821542.7,358.0,0.03052908,4.235285486673562e-07,2.0,0.0,0.0,0.0,0.0,0.0,0.0,0.0,0.0,0.0,0.0,0.0,0.0,2.0,0.0,0.0,0.0,0.0,0.0,1.0,1.0,0.0,0.0,0.0,0.0,4.0,0.0,4,21.78925,118.71565558333334,21.191996537269915,0.066741021538572,0.196620303030303,0.0063979340967803,33.0,-0.17923375,0.0054044957410714,8.0,0.1932278048780487,0.0061127957075609,41.0,3.529407433836745,0.0056798781539647,0.079307154565574,0.0052399294174029,22.67161411899109,0.1409720775790609,0
CLEC4F,1770.0,0.0,0.0,0.0,1.0,0.0,1.0,0.0,0.0,1.0,0.0,3.0,3.0,1.0,1.0,0.1559089491736825,0.4456630965498849,596621.5,629.0,0.02427436,0.0,1.0,0.0,0.0,0.0,0.0,0.0,0.0,0.0,0.0,0.0,0.0,0.0,1.0,3.0,0.0,0.0,0.0,0.0,0.0,0.0,0.0,0.0,0.0,0.0,0.0,4.0,0.0,4,11.94425,16.501932249999996,22.38831957824558,0.2732951570818658,0.198727619047619,0.0068994470990476,21.0,-0.1684314285714285,0.008192065047619,7.0,0.1911535714285714,0.0071096330682539,28.0,2.311576981555433,0.2313293855307407,0.1239561871940229,0.0154937824171131,20.715476093356216,0.5110193164887934,0
ODF2,2682.0,0.2,0.2,0.0,0.6,0.0,1.0,0.0,0.0,1.0,0.0,1.5,2.0,0.4293688278231,1.0,0.7347538574577517,0.9612194883683536,1916608.0,160.0,0.03532027,3.454968411607342e-05,12.0,0.0,0.0,0.0,0.0,0.0,0.0,0.0,0.0,0.0,0.0,0.0,0.0,3.0,1.0,0.0,0.0,0.0,0.0,2.0,0.0,0.0,0.0,0.0,0.0,6.0,0.0,5,24.58833333333333,49.198976666666674,22.38831957824558,0.2732951570818658,0.182444,0.00475232148,5.0,-0.2067034042553191,0.0101711940577243,47.0,0.2043707692307692,0.0095988993013574,52.0,3.5043786124137,0.0027330391078471,0.0496647611408016,0.01327112288986,22.606066871156948,0.1709364320396512,0
MBOAT1,1488.0,0.0,0.0,0.0,1.0,0.0,1.0,0.0,0.0,1.0,0.0,1.0,1.0,1.0,1.0,0.6293266205160478,0.9207708543452352,127205.0,592.0,0.0006712582,0.0,0.0,0.0,0.0,0.0,0.0,0.0,0.0,0.0,0.0,0.0,0.0,0.0,0.0,1.0,0.0,0.0,0.0,0.0,0.0,0.0,0.0,0.0,0.0,0.0,0.0,1.0,0.0,1,20.3,0.0,21.034063724207524,0.2787802946840138,0.2228961764705883,0.0208986619637254,34.0,-0.2132514285714286,0.0037537670809523,7.0,0.2212495121951219,0.017817960594756,41.0,3.505955593800891,0.0069266685666173,0.0557906844270581,0.0070613960338101,20.715476093356216,0.5110193164887934,0
CACNA1E,6942.0,0.2222222222222222,0.0555555555555555,0.0555555555555555,0.6666666666666666,0.0,1.0,0.0,0.0,0.9733541703813188,0.0,2.4,2.8,0.4226542688081149,1.0,0.4043671653861706,0.7704941320417626,111355.8,832.0,0.0096536219999999,4.110081547836592e-07,2.0,0.0,0.0,0.0,0.0,0.0,0.0,0.0,0.0,0.0,0.0,0.0,1.0,11.0,1.0,0.0,0.0,0.0,0.0,4.0,2.0,0.0,0.0,0.0,0.0,19.0,0.0,18,22.67121052631579,99.50646228654972,22.38831957824558,0.2732951570818658,0.2812435616438355,0.0208034107982496,73.0,-0.2321,0.0040187593,3.0,0.2793036842105262,0.0201712315675789,76.0,2.6052180324489123,0.138580855820485,0.3306742344485766,0.0311601347395664,20.715476093356216,0.5110193164887934,0
COL11A1,5457.0,0.125,0.125,0.09375,0.65625,0.0,1.0,0.0,0.0,0.8771782221599798,0.0,4.2,5.6,0.0887468938587149,1.0,0.2409058058299205,0.5837989084728745,37620.0,742.0,-0.01974511,0.0,1.0,0.0,0.0,0.0,0.0,0.0,0.0,0.0,0.0,0.0,0.0,0.0,0.0,18.0,4.0,0.0,0.0,0.0,0.0,3.0,8.0,0.0,0.0,0.0,0.0,32.0,1.0,24,28.25228125,142.97003375705648,23.236965721865094,0.662865692170128,0.2505563636363636,0.0485352314654545,11.0,-0.2506423809523809,0.0320380707356562,42.0,0.2506245283018867,0.0345944861406386,53.0,3.554529210036049,0.1220263223455964,0.1239561871940229,0.0154937824171131,20.715476093356216,0.5110193164887934,0
DST,15516.0,0.25,0.0625,0.0,0.625,0.0,1.0,0.0625,0.0,0.96875,0.0,2.0,2.4,0.8547008547008547,1.0,0.5494505494505495,0.8784815940047824,403209.3,446.0,0.02327611,0.0003301431741445,42.0,0.0,0.0,0.0,0.0,0.0,0.0,0.0,1.0,0.0,0.0,0.0,8.0,13.0,1.0,0.0,0.0,0.0,0.0,5.0,2.0,0.0,0.0,0.0,1.0,29.0,0.0,23,17.827689655172414,117.50152893596062,27.02475456534241,0.1258848518125189,0.2087322727272727,0.012440318627922,22.0,-0.2378961538461539,0.0196668690089743,13.0,0.2195645714285714,0.0148293876608403,35.0,3.933882693242136,0.0051511892972066,0.0804418957778129,0.0237783867417502,23.044065051491994,0.2320839730948664,0
TTN,107976.0,0.2475247524752475,0.0396039603960396,0.0099009900990099,0.6534653465346535,0.0,1.0,0.0495049504950495,0.0,0.950601783583616,0.0,2.5384615384615383,2.923076923076923,0.7256894049346879,1.0,0.2803476310625175,0.6368726959284428,172693.3,713.0,0.02289211,0.0004407189879804,46.0,0.0,0.0,0.0,0.0,0.0,0.0,3.0,2.0,0.0,0.0,0.0,16.0,65.0,4.0,0.0,0.0,0.0,0.0,25.0,2.0,0.0,4.0,0.0,3.0,110.0,0.0,48,16.839081818181818,104.44324879140947,24.86616159049083,0.4817384175405446,0.1979866666666667,0.0057720162233333,21.0,-0.2175993333333333,0.0207993941066666,15.0,0.206158611111111,0.011714216800873,36.0,3.807577139018134,0.0072271950887929,0.1239561871940229,0.0154937824171131,18.183401496956343,1.3047398145529925,0
