Hugo_Symbol,gene length,silent,nonsense,splice site,missense,recurrent missense,normalized missense position entropy,frameshift indel,inframe indel,normalized mutation entropy,lost start and stop,missense to silent,non-silent to silent,inactivating p-value,entropy p-value,vest p-value,combined p-value,expression_CCLE,replication_time,HiC_compartment,gene_betweeness,gene_degree,3'UTR,5'Flank,5'UTR,COULD_NOT_DETERMINE,DE_NOVO_START_IN_FRAME,DE_NOVO_START_OUT_FRAME,Frame_Shift_Del,Frame_Shift_Ins,IGR,In_Frame_Del,In_Frame_Ins,Intron,Missense_Mutation,Nonsense_Mutation,Nonstop_Mutation,RNA,START_CODON_INS,START_CODON_SNP,Silent,Splice_Site,Translation_Start_Site,DEL,DNP,INS,ONP,SNP,TNP,pnum,cadd_mean,cadd_var,proteome_mean,proteome_var,amp_mean,amp_var,amp_freq,del_mean,del_var,del_freq,abs_mean,abs_var,abs_freq,exp_mean,exp_var,methy_mean,methy_var,Phosphoproteome_mean,Phosphoproteome_var,gene_desc,class
NRAS,570,0.0,0.0,0.0,1.0,0.6875,0.5679455553999495,0.0,0.0,0.5679455553999495,0.0,16.0,16.0,1.0,0.0,0.00018,3.80438625096797e-08,600650.2,472.0,0.01059793,3.590398640448545e-05,18.0,0.0,0.0,0.0,0.0,0.0,0.0,0.0,0.0,0.0,0.0,0.0,0.0,16.0,0.0,0.0,0.0,0.0,0.0,0.0,0.0,0.0,0.0,0.0,0.0,0.0,16.0,0.0,16.0,27.425,8.140666667,23.66259864495613,0.9383793986929032,0.2028046031746033,0.0115903098170412,126.0,-0.2399587892376684,0.0168665946088878,223.0,0.2265449570200571,0.0152422743515067,349.0,3.620577256924877,0.0039175097574676,0.111514500398345,0.0145173604745375,15.116720522964178,1.0287142535948628,"Yes, there is a relationship between the NRAS gene and cancer. NRAS is an oncogene that encodes a protein involved in the Ras signaling pathway, which is critical for regulating cell growth, differentiation, and survival. Mutations in the NRAS gene, particularly in codons 12, 13, and 61, can lead to constitutive activation of the NRAS protein, promoting uncontrolled cellular proliferation and survival. This aberrant signaling contributes to tumorigenesis in various cancers, including melanoma, colorectal cancer, and acute myeloid leukemia. The persistent activation of downstream signaling pathways, such as the MAPK and PI3K pathways, ultimately drives cancer progression and the potential for metastasis.",1
NTRK1,2391,0.131578947368421,0.0263157894736842,0.0,0.8157894736842105,0.0,1.0,0.0,0.0263157894736842,0.9699129348799834,0.0,5.166666666666667,5.5,0.8149959250203749,1.0,0.00075,0.0061465780135754,1505782.0,208.0,0.04542559,0.0551725831502489,1945.0,0.0,0.0,0.0,0.0,0.0,0.0,0.0,0.0,0.0,1.0,0.0,0.0,31.0,1.0,0.0,0.0,0.0,0.0,5.0,0.0,0.0,1.0,0.0,0.0,0.0,37.0,0.0,31.0,22.06910811,93.36395604,21.88701420269522,1.8204614569819408,0.292779230769231,0.0271330645346252,388.0,-0.1789879487179486,0.006008794679892,39.0,0.2824345687645689,0.0262667708388906,427.0,2.176485708598904,0.2791980323009377,0.071585758130118,0.0132020631764484,20.060674391099585,2.322449260305919,"Yes, there is a relationship between the NTRK1 gene and cancer. NTRK1 encodes a receptor tyrosine kinase known as TrkA, which is involved in neuronal development and cellular signaling pathways that promote cell survival, differentiation, and proliferation. Abnormalities in NTRK1, such as gene fusions or mutations, can lead to constitutive activation of the TrkA signaling pathway, resulting in uncontrolled cell growth and tumorigenesis. This dysregulation has been implicated in various cancers, particularly those originating in soft tissues, such as certain sarcomas and thyroid cancers. The aberrant signaling can contribute to a tumor's aggressiveness and its potential for metastasis, highlighting the significance of NTRK1 in oncogenic processes.",1
RAD54L,2244,0.25,0.1666666666666666,0.0416666666666666,0.5,0.0,1.0,0.0,0.0416666666666666,0.8763199583393886,0.0,1.7142857142857142,2.571428571428572,0.0843383655224761,1.0,0.9174311926605504,0.9964932993037178,690471.6,205.0,0.03108991,3.048560145788057e-07,2.0,0.0,0.0,0.0,0.0,0.0,0.0,0.0,0.0,0.0,0.0,1.0,0.0,11.0,4.0,0.0,0.0,0.0,0.0,6.0,2.0,0.0,0.0,0.0,1.0,0.0,23.0,0.0,18.0,23.80065217,133.6944268,14.06036733976448,0.0152853294564056,0.2535084251968503,0.0325316308308336,127.0,-0.2340395882352942,0.0142122382773442,170.0,0.2423646464646462,0.0220554297898239,297.0,3.0569016305442034,0.0574033491371484,0.0370097551315415,0.0098335039806267,15.876054726075775,2.309112244568261,"Yes, there is a relationship between the RAD54L gene and cancer. RAD54L is involved in the homologous recombination repair pathway, which is critical for maintaining genomic stability by repairing DNA double-strand breaks. Dysregulation or mutations in RAD54L can impair the DNA repair process, leading to the accumulation of genetic damage and chromosomal instability, both of which are hallmarks of cancer. Moreover, alterations in RAD54L expression have been observed in various cancer types, with implications for tumor progression and response to therapy. The interplay between RAD54L and other key regulatory proteins in DNA damage response pathways may also contribute to oncogenesis by affecting cell cycle control and apoptosis, further underscoring its potential role in cancer biology.",1
ATM,9171,0.1494252873563218,0.1494252873563218,0.057471264367816,0.5287356321839081,0.0344827586206896,0.9812861482437254,0.1034482758620689,0.0114942528735632,0.7553469724054203,0.0,3.2857142857142856,5.285714285714286,0.00281,0.1133016088828461,0.3323136188533877,0.1611257194828591,415837.3,582.0,0.01619721,0.0014479221073489,135.0,0.0,0.0,0.0,0.0,0.0,0.0,8.0,1.0,0.0,1.0,0.0,13.0,45.0,13.0,0.0,0.0,0.0,0.0,12.0,7.0,0.0,21.0,1.0,2.0,0.0,76.0,0.0,69.0,23.86947368,103.4715315,24.18536177624496,0.5840935171741011,0.2177245132743362,0.0197156625035556,113.0,-0.2763232579185521,0.0194966272084286,221.0,0.2564979341317366,0.0202827523251487,334.0,3.7514465275497,0.0113941197797127,0.0615656715735132,0.01685904749162,21.85498265244383,0.9508952586922343,"Yes, there is a relationship between the ATM gene and cancer. The ATM (Ataxia Telangiectasia Mutated) gene encodes a serine/threonine protein kinase that plays a crucial role in the cellular response to DNA double-strand breaks and the maintenance of genomic stability. When DNA damage occurs, ATM is activated and facilitates the phosphorylation of various substrates involved in cell cycle control, DNA repair, and apoptosis. Mutations in the ATM gene can lead to defective DNA repair mechanisms, increased genomic instability, and ultimately contribute to tumorigenesis. Additionally, ATM is involved in the ATM-Chk2 pathway, which is essential for the orchestration of cell cycle arrest in response to DNA damage, further underscoring its role in cancer development when its function is compromised.",1
CHEK1,1431,0.2307692307692307,0.0769230769230769,0.0,0.4615384615384615,0.0,1.0,0.2307692307692307,0.0,0.8336995972754957,0.0,1.5,2.5,0.6472491909385113,1.0,0.7468259895444361,0.964841722710258,477807.3,595.0,0.01786709,0.0005432775187306,74.0,0.0,0.0,0.0,0.0,0.0,0.0,2.0,1.0,0.0,0.0,0.0,0.0,6.0,1.0,0.0,0.0,0.0,0.0,5.0,0.0,0.0,2.0,0.0,1.0,0.0,12.0,0.0,15.0,18.64933333,118.1665299,20.87105826174476,0.709227818304157,0.2079314782608695,0.0205636414706025,115.0,-0.284141605504587,0.0262651457398067,218.0,0.2578227927927928,0.0255453236370563,333.0,3.3196370947882894,0.0201286273496176,0.0853875709701122,0.0093369447016995,18.96869729033656,1.136671443182527,"Yes, there is a relationship between the CHEK1 gene and cancer. CHEK1 encodes a protein that plays a crucial role in the cellular response to DNA damage, particularly in the activation of the G2/M checkpoint during the cell cycle. When DNA damage occurs, CHEK1 is mobilized to phosphorylate and activate downstream targets, facilitating repair processes or promoting cell cycle arrest to prevent the propagation of damaged DNA. In various cancers, alterations in CHEK1, such as mutations or overexpression, can disrupt these protective mechanisms, leading to genomic instability, enhanced proliferation of tumor cells, and resistance to DNA-damaging therapies. This functional impairment contributes to the tumorigenic process and can influence cancer progression and treatment outcomes.",1
MRE11,2127,0.125,0.0625,0.0,0.625,0.0,1.0,0.1875,0.0,0.875,0.0,3.333333333333333,4.666666666666667,0.687757909215956,1.0,0.8635578583765112,0.990236942271851,320373.7,589.0,-0.01000306,0.0003433999772868,94.0,1.0,0.0,0.0,0.0,0.0,0.0,3.0,0.0,0.0,0.0,0.0,0.0,9.0,1.0,0.0,0.0,0.0,0.0,2.0,1.0,0.0,3.0,0.0,0.0,0.0,14.0,0.0,15.0,20.20285714,126.6372154,21.88701420269522,1.8204614569819408,0.2247882119205297,0.0166116188974481,151.0,-0.2650403703703703,0.0188994524067769,189.0,0.2471636764705882,0.0182325653672696,340.0,3.525116688886881,0.0030240905557301,0.0549718686024779,0.0103571654395848,20.060674391099585,2.322449260305919,"Yes, there is a relationship between the MRE11 gene and cancer. MRE11 is a key component of the MRN complex (MRE11-RAD50-NBS1), which plays a crucial role in the DNA damage response and repair pathways, particularly in homologous recombination. Mutations or dysregulation of MRE11 can lead to impaired DNA repair mechanisms, resulting in genomic instability, accumulation of DNA damage, and ultimately the promotion of tumorigenesis. Additionally, alterations in MRE11 function can affect cellular responses to ionizing radiation and certain chemotherapeutics, contributing to treatment resistance in various cancers. These mechanisms underscore the significance of MRE11 in maintaining genomic integrity and its potential role in cancer development.",1
ALK,4863,0.2452830188679245,0.0188679245283018,0.0,0.6792452830188679,0.0,1.0,0.0566037735849056,0.0,0.9670597301796142,0.0,2.571428571428572,2.857142857142857,0.968054211035818,1.0,0.3243593902043464,0.6895566490120055,202198.4,882.0,0.01878041,0.0001553712766941,62.0,0.0,0.0,0.0,0.0,0.0,0.0,2.0,1.0,0.0,0.0,0.0,5.0,34.0,1.0,0.0,0.0,0.0,0.0,13.0,2.0,0.0,2.0,0.0,2.0,0.0,54.0,0.0,44.0,16.74122222,122.7092383,17.71370561827063,0.9657686045846752,0.2411762719298243,0.0201234039397847,226.0,-0.2113410294117647,0.0139342167407155,68.0,0.2343222297297293,0.0188075572695877,294.0,2.464726883282704,0.518455436293274,0.1580294479886024,0.016863350139272,17.47894405157192,1.9506476127688115,"Yes, there is a relationship between the ALK gene and cancer. The ALK (anaplastic lymphoma kinase) gene encodes a receptor tyrosine kinase that plays a critical role in cellular signaling pathways regulating growth and development. Somatic mutations, translocations, or amplifications involving the ALK gene can lead to the expression of constitutively active fusion proteins, which inappropriately activate downstream signaling cascades such as the PI3K/AKT and MAPK pathways. This dysregulation promotes uncontrolled cell proliferation, survival, and metastasis, contributing to the development of various malignancies, particularly anaplastic large cell lymphoma and non-small cell lung cancer. Additionally, ALK alterations can affect cellular differentiation and resistance to apoptosis, further enhancing tumorigenesis.",1
BARD1,2334,0.25,0.0,0.0,0.625,0.0,1.0,0.125,0.0,0.9375,0.0,2.0,2.4,1.0,1.0,0.7818608287724785,0.974259986393046,310873.7,948.0,0.01111842,0.0017042758351843,256.0,0.0,0.0,0.0,0.0,0.0,0.0,2.0,0.0,0.0,0.0,0.0,0.0,9.0,0.0,0.0,0.0,0.0,0.0,4.0,1.0,0.0,2.0,0.0,0.0,0.0,14.0,0.0,15.0,15.12864286,72.77504379,20.48584589859565,2.957632594933575,0.2154971631205673,0.0138429838333231,141.0,-0.2596616153846154,0.019617464004347,130.0,0.2366830627306274,0.0170392561783627,271.0,3.3817166263265435,0.00750988654508,0.0663520660825793,0.0065876395609884,20.192430880711427,2.0115006855048105,"Yes, there is a relationship between the BARD1 gene and cancer. BARD1 (BRCA1-associated RING domain 1) plays a crucial role in the DNA damage response and repair processes, particularly in homologous recombination, where it interacts with BRCA1 to maintain genomic integrity. Mutations or dysregulation of BARD1 can impair these repair mechanisms, leading to the accumulation of genomic instability and an increased risk of cancer, particularly breast and ovarian cancers. Additionally, BARD1 has been implicated in multiple cellular pathways, including apoptosis and cell cycle regulation, further linking its function to oncogenic processes. Hence, abnormalities in BARD1 expression or function may contribute to tumorigenesis through the disruption of these critical pathways.",1
FANCL,1143,0.4285714285714285,0.0,0.0,0.5714285714285714,0.0,1.0,0.0,0.0,1.0,0.0,1.0,1.0,1.0,1.0,0.2238638907544213,0.5589247912178155,197919.5,617.0,0.009232438,2.290627831029591e-05,31.0,0.0,0.0,0.0,0.0,0.0,0.0,0.0,0.0,0.0,0.0,0.0,0.0,4.0,0.0,0.0,0.0,0.0,0.0,2.0,1.0,0.0,0.0,0.0,0.0,0.0,7.0,0.0,7.0,21.22571429,51.3194619,17.220900118497017,2.893880585926113,0.2416936637931033,0.0201306050094622,232.0,-0.2044820833333334,0.014814794191312,48.0,0.2353145357142856,0.0193603464148374,280.0,3.346118828869603,0.00528592548339,0.111514500398345,0.0145173604745375,20.060674391099585,2.322449260305919,"Yes, there is a relationship between the FANCL gene and cancer, particularly in the context of Fanconi anemia, a genetic disorder that predisposes individuals to various malignancies. FANCL encodes a protein crucial for the Fanconi anemia core complex, which is involved in the repair of interstrand cross-links in DNA. Deficiencies or mutations in FANCL can impair DNA repair mechanisms, leading to genomic instability, accumulation of mutations, and ultimately, increased susceptibility to cancer. The role of FANCL in maintaining genome integrity underscores its significance in tumorigenesis, particularly in cancers associated with hereditary syndromes like breast and ovarian cancer. Its involvement in the homologous recombination repair pathway further highlights its critical function in maintaining cellular fidelity and preventing oncogenic transformations.",1
IDH1,1245,0.2777777777777778,0.0,0.0,0.6666666666666666,0.3333333333333333,0.6394714728255649,0.0555555555555555,0.0,0.7667187592866301,0.0,2.0,2.1666666666666665,1.0,5e-05,0.23465,0.0001449333064377,260367.1,539.0,0.0167467,0.0001295934249323,50.0,0.0,0.0,0.0,0.0,0.0,0.0,1.0,0.0,0.0,0.0,0.0,0.0,12.0,0.0,0.0,0.0,0.0,1.0,5.0,0.0,0.0,1.0,0.0,0.0,0.0,18.0,0.0,19.0,21.45627778,53.07808351,28.85642647807982,0.5958400919713599,0.2273868387096773,0.0183183426776036,155.0,-0.2473612389380529,0.0164455867913084,113.0,0.2358088805970149,0.0175618179942478,268.0,3.71223099209722,0.0080329996154415,0.1022632254353942,0.0141039220482399,19.7436782959562,3.3470767893115343,"Yes, there is a relationship between the IDH1 gene and cancer, particularly in certain types of gliomas and acute myeloid leukemia (AML). IDH1 encodes an enzyme involved in the metabolic process of converting isocitrate to alpha-ketoglutarate, a critical step in cellular respiration. Mutations in IDH1 can lead to the accumulation of the oncometabolite 2-hydroxyglutarate (2-HG), which alters cellular metabolism and promotes tumorigenesis. Elevated levels of 2-HG inhibit various α-ketoglutarate-dependent enzymes, including those involved in DNA and histone demethylation, resulting in epigenetic changes that drive tumor progression. Additionally, the metabolic reprogramming associated with IDH1 mutations can enhance cell survival, proliferation, and resistance to apoptosis, contributing to cancer development and progression.",1
BRCA1,5655,0.2272727272727272,0.1818181818181818,0.0454545454545454,0.4772727272727273,0.0,1.0,0.0681818181818181,0.0,0.7997389085023069,0.0,1.9090909090909087,3.090909090909091,0.00824,1.0,0.9380863039399624,0.9980425194593364,1466229.0,201.0,0.02652095,0.0116286426009836,560.0,9.0,0.0,0.0,0.0,0.0,0.0,3.0,0.0,0.0,0.0,0.0,2.0,21.0,8.0,0.0,0.0,0.0,0.0,10.0,4.0,0.0,4.0,0.0,1.0,0.0,52.0,0.0,47.0,15.85773077,134.7304151,19.719005258033143,2.422500680252933,0.2976997354497357,0.0765913760898232,187.0,-0.2728926923076924,0.0212196822971313,182.0,0.2855302425876011,0.0494513466137247,368.0,3.4238385027988576,0.0231137990872904,0.6139181157400632,0.0470723796841977,21.95664972113835,1.174155066958978,"Yes, there is a well-established relationship between the BRCA1 gene and cancer, particularly breast and ovarian cancers. BRCA1 encodes a protein that is crucial for the repair of DNA double-strand breaks through homologous recombination, a critical mechanism to maintain genomic stability. When BRCA1 is mutated or dysfunctional, cells accumulate additional genetic damage due to impaired DNA repair pathways. This dysfunction can lead to the development of tumors, as the failure to correct errors in the DNA sequence can promote uncontrolled cell division and malignancy. Furthermore, BRCA1 mutations are often inherited in an autosomal dominant manner, significantly increasing the risk of cancer in individuals carrying such mutations.",1
BRIP1,3750,0.16,0.24,0.04,0.56,0.0,1.0,0.0,0.0,0.8307313262828965,0.0,2.8,4.2,0.00372,1.0,0.6626905235255136,0.9353526705008032,326357.3,412.0,-0.0093023,3.641757014883411e-05,17.0,0.0,0.0,0.0,0.0,0.0,0.0,0.0,0.0,0.0,0.0,0.0,1.0,13.0,6.0,0.0,0.0,0.0,0.0,4.0,1.0,0.0,0.0,0.0,0.0,0.0,25.0,0.0,24.0,22.51188,116.1845983,19.41966663073547,1.8975457145154304,0.3155946000000002,0.0750048042305623,242.0,-0.2335706993006993,0.0159379836614793,143.0,0.2857487531806619,0.05497808195737,383.0,3.450841695419958,0.022306538688588,0.0794466377452202,0.0094133087094229,21.67080678323144,1.597584209697715,"Yes, there is a relationship between the BRIP1 gene and cancer. BRIP1 encodes a protein that is involved in the maintenance of genomic stability, primarily through its role in the DNA damage repair pathway, specifically in the homologous recombination repair mechanism. Mutations or alterations in BRIP1 can compromise the cell's ability to repair DNA double-strand breaks, leading to genomic instability and an increased susceptibility to various cancers, particularly breast and ovarian cancers. This dysfunction can lead to the accumulation of mutations, promoting tumorigenesis. Moreover, BRIP1 is associated with Fanconi anemia, which is characterized by heightened cancer risk due to defects in DNA repair pathways. Thus, BRIP1 serves as an essential player in maintaining cellular integrity, and its dysregulation is linked to oncogenic processes.",1
CDK12,4473,0.1379310344827586,0.0689655172413793,0.0,0.6551724137931034,0.0,1.0,0.1379310344827586,0.0,0.8757126992504968,0.0,3.8,5.0,0.5,1.0,0.5461496450027308,0.8764949566861681,1409087.0,239.0,0.02758249,0.0001488428391784,25.0,0.0,0.0,0.0,0.0,0.0,0.0,2.0,2.0,0.0,0.0,0.0,0.0,17.0,2.0,0.0,0.0,0.0,0.0,4.0,2.0,0.0,2.0,0.0,2.0,0.0,25.0,0.0,23.0,23.64488,66.50813811,24.14914604136912,2.7604067898715714,0.3087032065217394,0.1122456178186237,181.0,-0.2692077368421054,0.0208097493414118,190.0,0.2886386631016043,0.0660048339478057,371.0,3.6299036545191536,0.00742085544857,0.0639505127273716,0.0121949668267608,25.793835792028748,0.4259038177746438,"Yes, there is a relationship between the CDK12 gene and cancer. CDK12 (cyclin-dependent kinase 12) is involved in regulating RNA polymerase II and plays a critical role in transcriptional elongation and DNA damage response. Alterations in CDK12 have been implicated in various malignancies, particularly in tumors with specific genomic instability. For instance, mutations in CDK12 can lead to defective DNA repair mechanisms, resulting in the accumulation of genomic lesions and the potential for tumorigenesis. Additionally, CDK12 is linked to the modulation of genes involved in the development and maintenance of cancer, specifically those associated with homologous recombination repair, which further contributes to oncogenic processes by fostering genomic instability and facilitating the progression of cancer.",1
ERBB2,3768,0.375,0.0,0.0416666666666666,0.5,0.0,1.0,0.0,0.0833333333333333,0.9818246423345388,0.0,1.2,1.5,0.8210180623973727,1.0,0.4416961130742049,0.8026206538608376,1284992.0,226.0,0.03763767,0.0006619838994493,122.0,4.0,0.0,0.0,0.0,0.0,0.0,0.0,0.0,0.0,0.0,2.0,0.0,13.0,0.0,0.0,0.0,0.0,0.0,9.0,1.0,0.0,0.0,1.0,2.0,0.0,26.0,0.0,25.0,17.64369231,116.4517981,23.90559130183773,1.2658955975800386,0.2799160571428575,0.0740126765297667,175.0,-0.271060965909091,0.0216824949047759,176.0,0.2754758974358974,0.0476557799368351,351.0,3.684921857045457,0.0161221850202989,0.0790420163085701,0.0111831377873777,23.16294255233133,0.9666867810922573,"Yes, there is a significant relationship between the ERBB2 gene (also known as HER2) and cancer, particularly breast cancer. The ERBB2 gene encodes a receptor tyrosine kinase, which, when overexpressed or amplified, leads to augmented signaling through pathways associated with cell proliferation, survival, and differentiation. This dysregulation can result in enhanced oncogenic activity, contributing to tumorigenesis. Mechanistically, the overexpression of ERBB2 can promote heterodimerization with other members of the ERBB family, resulting in increased activation of downstream signaling cascades such as the PI3K-AKT and MAPK pathways. These pathways are crucial for cell growth and survival, thus facilitating tumor progression and metastasis. The involvement of ERBB2 in cancer underscores its role in driving aggressive tumor behavior and poor prognosis in certain malignancies.",1
NF1,8520,0.1240310077519379,0.2015503875968992,0.0465116279069767,0.4418604651162791,0.0,1.0,0.1705426356589147,0.0155038759689922,0.6475598223850412,0.0,3.3529411764705883,6.647058823529412,0.0,1.0,1.0,1.0,462448.7,396.0,0.02610505,8.026580002201245e-05,26.0,0.0,0.0,0.0,0.0,0.0,0.0,19.0,3.0,0.0,2.0,0.0,1.0,53.0,26.0,0.0,0.0,0.0,0.0,16.0,12.0,0.0,23.0,1.0,3.0,0.0,105.0,0.0,79.0,27.2320381,108.5103289,23.94660406619958,0.2301187670754964,0.2783080000000003,0.0439313364041304,184.0,-0.26317832460733,0.0168761030592835,191.0,0.2706224468085105,0.0301635660419971,371.0,3.7421290136582166,0.0100378895293937,0.046688243119581,0.0093268971608193,24.65722213316448,0.4781408407099471,"Yes, there is a relationship between the NF1 gene and cancer. NF1 encodes neurofibromin, a tumor suppressor protein that plays a crucial role in regulating the RAS signaling pathway. Mutations in the NF1 gene can lead to loss of function of neurofibromin, resulting in the unchecked activation of RAS, which promotes uncontrolled cell proliferation and survival. This dysregulation can contribute to the development of various cancers, particularly neurofibromas in patients with neurofibromatosis type 1. Additionally, loss of NF1 function can lead to instabilities in genomic integrity and dysregulation of multiple downstream signaling pathways, further enhancing tumorigenesis.",1
RAD51C,1131,0.0,0.0,0.1428571428571428,0.8571428571428571,0.0,1.0,0.0,0.0,1.0,0.0,6.0,7.0,0.5711022272986864,1.0,0.7530120481927711,0.9666220263962668,524193.4,222.0,0.0172572,6.635324444417491e-05,15.0,0.0,0.0,0.0,0.0,0.0,0.0,0.0,0.0,0.0,0.0,0.0,0.0,6.0,0.0,0.0,0.0,0.0,0.0,0.0,1.0,0.0,0.0,0.0,0.0,0.0,7.0,0.0,7.0,24.15571429,19.37139524,18.30881503753444,1.4316698287773344,0.2616299103139015,0.0267274544972892,223.0,-0.2410083108108108,0.0166774979352224,148.0,0.2534035040431269,0.0227646410379587,371.0,3.252697502808497,0.008654180546062,0.0233310701347733,0.0026482679748845,14.694473664412762,1.1188223865108518,"Yes, there is a relationship between the RAD51C gene and cancer. RAD51C is crucial for the repair of double-strand DNA breaks through homologous recombination, a critical mechanism for maintaining genomic stability. Mutations in RAD51C are associated with an increased risk of breast and ovarian cancers, particularly within hereditary breast and ovarian cancer (HBOC) syndromes. The mechanisms likely involve the impaired ability of cells to repair DNA damage effectively, leading to the accumulation of genetic aberrations and chromosomal instability, which can drive tumorigenesis. Additionally, dysfunctional RAD51C can result in altered cellular responses to DNA-damaging agents, further contributing to cancer susceptibility.",1
RAD51D,1047,1.0,0.0,0.0,0.0,0.0,1.0,0.0,0.0,1.0,0.0,0.0,0.0,1.0,1.0,1.0,1.0,516190.1,504.0,0.02333248,6.954780674372754e-05,23.0,7.0,0.0,3.0,0.0,0.0,0.0,0.0,0.0,0.0,0.0,0.0,3.0,1.0,0.0,0.0,0.0,0.0,0.0,3.0,0.0,0.0,3.0,0.0,0.0,0.0,14.0,0.0,16.0,10.93207143,35.00751038,16.101268197872738,0.3339753059596824,0.2357059375000002,0.0223614493953419,160.0,-0.2705586387434556,0.0202493035686635,191.0,0.2546713675213674,0.0214531359044102,351.0,3.372420196193592,0.0065475974925207,0.0590341356033449,0.0057322957568285,20.060674391099585,2.322449260305919,"Yes, there is a relationship between the RAD51D gene and cancer. RAD51D is a crucial component of the homologous recombination repair pathway, which is responsible for repairing DNA double-strand breaks. Mutations or alterations in RAD51D can lead to impaired DNA repair mechanisms, resulting in genomic instability, accumulation of mutations, and an increased risk of tumorigenesis. Specifically, germline mutations in RAD51D have been associated with a susceptibility to ovarian and breast cancers. These mutations can disrupt the protein's function in homologous recombination, ultimately leading to failure in repairing DNA damage efficiently, which in turn may promote the development and progression of cancer by facilitating genomic alterations that drive oncogenesis.",1
RARA,1389,0.5555555555555556,0.0,0.0,0.3333333333333333,0.0,1.0,0.1111111111111111,0.0,1.0,0.0,0.5,0.6666666666666666,1.0,1.0,0.7987220447284346,0.9782286522986476,1350242.0,191.0,0.02301283,0.0009257312488657,121.0,10.0,0.0,0.0,0.0,0.0,0.0,1.0,0.0,0.0,0.0,0.0,3.0,3.0,0.0,0.0,0.0,0.0,0.0,4.0,0.0,0.0,4.0,1.0,0.0,0.0,16.0,0.0,20.0,14.864,115.6108333,20.209935168892446,2.783925357944776,0.3377778461538464,0.1564583457479142,195.0,-0.2704746327683617,0.0210778949625064,177.0,0.3057545430107526,0.0929458395510034,372.0,3.374437466495458,0.0154648308533587,0.0958445592192447,0.0181883082766921,19.410273761269952,1.0203213852772206,"Yes, there is a relationship between the RARA gene and cancer, particularly in acute promyelocytic leukemia (APL). The RARA gene encodes the retinoic acid receptor alpha, which plays a crucial role in regulating gene expression involved in hematopoiesis and cellular differentiation. In APL, the RARA gene often undergoes a chromosomal translocation with the promyelocytic leukemia gene (PML), resulting in the formation of the chimeric PML-RARA fusion protein. This fusion protein inhibits normal RARA-mediated transcriptional activation of retinoic acid-responsive genes, disrupting myeloid differentiation and promoting oncogenesis. The aberrant signaling pathways and altered regulatory mechanisms associated with RARA dysregulation are implicated in the pathophysiology of various cancers beyond APL, contributing to altered cellular proliferation, differentiation, and survival.",1
ATR,7935,0.1428571428571428,0.0892857142857142,0.0535714285714285,0.6607142857142857,0.0,1.0,0.0535714285714285,0.0,0.8829878283790189,0.0,4.111111111111111,5.333333333333333,0.2758620689655172,1.0,0.0412235138923241,0.1726748478805626,564755.9,403.0,0.0237615,0.0003133035325761,97.0,0.0,0.0,0.0,0.0,0.0,0.0,1.0,2.0,0.0,0.0,0.0,0.0,37.0,5.0,0.0,0.0,0.0,0.0,8.0,3.0,0.0,1.0,0.0,2.0,0.0,53.0,0.0,40.0,24.15462264,84.68176512,21.92558301284791,1.2385301680442269,0.3252526851851852,0.0509794382878138,323.0,-0.2579193421052631,0.025282275774228,76.0,0.3124593500000001,0.0467208739118571,399.0,3.6355314085896007,0.0060003277639332,0.0513565227617187,0.0099466977783933,21.98319424887637,0.8357242446558404,"Yes, there is a relationship between the ATR (Ataxia Telangiectasia and Rad3 related) gene and cancer. ATR is a key regulator of the DNA damage response pathway, primarily activated in response to replication stress and DNA damage. It plays a crucial role in maintaining genomic stability by facilitating the repair of damaged DNA and orchestrating cell cycle checkpoints. Dysregulation of ATR can lead to unchecked cell proliferation, accumulation of genetic mutations, and ultimately, tumorigenesis. Moreover, ATR is often upregulated in various cancers, highlighting its potential role in enabling cancer cells to survive and proliferate despite the presence of genomic instability. Thus, the ATR pathway is a significant focus of research regarding its implications in the development and progression of cancer.",1
MLH1,2271,0.3333333333333333,0.0666666666666666,0.0,0.5333333333333333,0.0,1.0,0.0666666666666666,0.0,0.9658722633586913,0.0,1.3333333333333333,1.6666666666666667,0.8077544426494345,1.0,0.5197505197505198,0.8598785614571283,392783.5,473.0,0.02126238,0.001052920099035,125.0,1.0,0.0,3.0,0.0,0.0,0.0,0.0,1.0,0.0,0.0,0.0,0.0,8.0,1.0,0.0,0.0,0.0,0.0,5.0,0.0,0.0,1.0,0.0,1.0,0.0,17.0,0.0,18.0,22.40558824,142.9828839,23.17505627355554,0.6441056263936807,0.2328255737704918,0.0199634203025606,122.0,-0.2735632911392407,0.0177764974546231,395.0,0.2639501353965184,0.0185546569230436,517.0,3.4574874553786814,0.0081079225177381,0.0821840978829897,0.0235924418121387,21.71499075702869,1.171488482489402,"Yes, there is a relationship between the MLH1 gene and cancer, particularly in the context of hereditary nonpolyposis colorectal cancer (HNPCC), also known as Lynch syndrome. MLH1 is a crucial component of the DNA mismatch repair (MMR) system, which is responsible for correcting errors that occur during DNA replication. When MLH1 is mutated or misexpressed, the integrity of the MMR pathway is compromised, leading to an accumulation of replication errors and subsequent microsatellite instability (MSI). This heightened genomic instability is associated with the development of various cancers, including colorectal, endometrial, and ovarian cancers. The failure to repair DNA mismatches may lead to mutations in oncogenes and tumor suppressor genes, driving tumorigenesis and progression.",1
PIK3CA,3207,0.015,0.005,0.0,0.895,0.585,0.6568627068804392,0.025,0.055,0.6337566413296527,0.005,44.75,49.25,1.0,0.0,0.0,2.402585092994044e-09,401889.3,613.0,0.01079402,0.0002360604864787,52.0,0.0,0.0,0.0,0.0,0.0,0.0,2.0,3.0,0.0,10.0,1.0,0.0,175.0,1.0,1.0,0.0,0.0,0.0,3.0,3.0,0.0,13.0,0.0,4.0,0.0,182.0,0.0,164.0,26.11537912,20.36625798,22.80004536846577,0.8444639092873892,0.4106311979166668,0.1049115117667075,384.0,-0.2484436507936507,0.023422735481618,63.0,0.3877725503355705,0.0965402591737503,447.0,3.595531367596855,0.0048751317692113,0.02982857009868,0.0019387376472214,21.48474158373427,0.8113696493225983,"Yes, there is a significant relationship between the PIK3CA gene and cancer. PIK3CA encodes the p110α catalytic subunit of the phosphoinositide 3-kinase (PI3K) enzyme, which plays a critical role in the PI3K/Akt signaling pathway, a key regulator of cellular processes such as proliferation, survival, and metabolism. Somatic mutations in PIK3CA can lead to constitutive activation of this pathway, promoting oncogenesis by enabling cells to bypass normal growth regulatory signals. These mutations are frequently observed in various cancers, including breast, colorectal, and endometrial cancers. The aberrant activation of the PI3K/Akt pathway can result in increased cell growth and survival, altered metabolism, and enhanced angiogenesis, contributing to tumor progression and resistance to apoptosis. Furthermore, the interplay between mutated PIK3CA and other oncogenic signals can create a complex tumor microenvironment that supports malignant transformation and metastasis.",1
ESR1,1788,0.25,0.0,0.0,0.6666666666666666,0.0,1.0,0.0833333333333333,0.0,0.9636492846690782,0.0,2.2857142857142856,2.571428571428572,1.0,1.0,0.2729257641921397,0.6273350018591388,221346.6,568.0,-0.0001700249,0.0072868559959946,630.0,0.0,0.0,0.0,0.0,0.0,0.0,0.0,2.0,0.0,0.0,0.0,2.0,16.0,0.0,0.0,0.0,0.0,0.0,6.0,0.0,0.0,0.0,0.0,2.0,0.0,24.0,0.0,21.0,18.11895833,86.15437978,23.397646278143377,2.221584343041761,0.2461837962962963,0.0308532632835842,107.0,-0.2901543262411347,0.0273397573954519,279.0,0.2779778717948715,0.0286240494939166,384.0,3.3211090658111004,0.1496432611587638,0.1315819401188721,0.0175700430446897,21.45744914432732,7.810801402876761,"Yes, there is a relationship between the ESR1 gene and cancer, particularly breast cancer. The ESR1 gene encodes the estrogen receptor alpha (ERα), which plays a crucial role in mediating the effects of estrogen in various tissues, including breast tissue. Aberrant expression or mutations in the ESR1 gene can lead to altered signaling pathways that promote tumorigenesis. For instance, mutations often found in metastatic breast cancer can allow for estrogen-independent activation of the receptor, driving cell proliferation and survival. Additionally, the expression levels of ESR1 can influence the responsiveness of tumors to hormonal therapies, making it a critical factor in the pathology and treatment of estrogen receptor-positive breast cancers. Dysregulation of ESR1 signaling also intersects with other oncogenic pathways, contributing to a more complex cancer phenotype and impacting prognosis.",1
ROS1,7044,0.25,0.0,0.0,0.6666666666666666,0.0,1.0,0.0,0.0,1.0,0.0833333333333333,2.0,2.25,0.4675081813931744,1.0,0.4189359028068705,0.7834257843974417,168681.7,310.0,-0.01750335,6.157980018650264e-07,6.0,0.0,0.0,0.0,0.0,0.0,0.0,0.0,0.0,0.0,0.0,0.0,0.0,8.0,0.0,1.0,0.0,0.0,0.0,3.0,0.0,0.0,0.0,0.0,0.0,0.0,12.0,0.0,6.0,15.81466667,49.25787752,23.972038862368485,3.185696898001576,0.2307665384615383,0.0162677621781926,104.0,-0.2738870758122744,0.0244136105569978,277.0,0.2621166404199475,0.0225113859876309,381.0,2.503465236538567,1.0609809339699203,0.111514500398345,0.0145173604745375,15.236407718304685,1.907812914810927,"Yes, there is a relationship between the ROS1 gene and cancer. ROS1 encodes a receptor tyrosine kinase that plays a crucial role in cell signaling pathways involving proliferation, survival, and differentiation. In various cancers, including non-small cell lung cancer, ROS1 can be subjected to chromosomal rearrangements, resulting in the formation of fusion proteins that drive oncogenic signaling. These fusion proteins often lead to constitutive activation of the ROS1 kinase activity, promoting aberrant cell growth and tumorigenesis. Additionally, the dysregulation of ROS1 can contribute to the activation of downstream pathways, such as the PI3K/AKT and MAPK pathways, which are critical for tumor development and progression.",1
KRAS,570,0.0,0.0,0.0,1.0,0.9444444444444444,0.144895686902155,0.0,0.0,0.1381256461944072,0.0,252.0,252.0,1.0,0.0,0.0,2.402585092994044e-09,259193.5,512.0,0.0163317999999999,0.0002688487762933,37.0,0.0,0.0,0.0,0.0,0.0,0.0,0.0,0.0,0.0,0.0,0.0,0.0,217.0,0.0,0.0,0.0,0.0,0.0,0.0,0.0,0.0,0.0,0.0,0.0,0.0,217.0,0.0,213.0,29.26774194,5.389139785,23.94298149845698,0.4305594083835437,0.3640031496062993,0.1522872670572344,254.0,-0.2502698888888889,0.0338830176752684,90.0,0.3342473546511628,0.1236264137880254,344.0,3.5742975903438783,0.0051068265053641,0.0552009632563425,0.0118112659504968,16.36814551387602,2.591826121417149,"Yes, there is a well-established relationship between the KRAS gene and cancer. KRAS encodes a small GTPase that plays a crucial role in cell signaling pathways related to growth, differentiation, and survival. Mutations in the KRAS gene lead to a constitutively active form of the protein, which results in the aberrant activation of downstream signaling cascades, such as the MAPK and PI3K-AKT pathways. This dysregulation promotes uncontrolled cell proliferation, evasion of apoptosis, and increased invasive potential, contributing to tumorigenesis. KRAS mutations are particularly prevalent in several cancers, including pancreatic, colorectal, and lung cancers, highlighting its significance as a driver of malignancy.",1
BRAF,2301,0.108695652173913,0.0217391304347826,0.0,0.8260869565217391,0.4130434782608695,0.5952757062133867,0.0217391304347826,0.0217391304347826,0.658732254085714,0.0,6.333333333333333,6.833333333333333,0.9950248756218906,0.0,0.0,2.402585092994044e-09,305190.7,616.0,0.02459647,4.782796146716341e-05,42.0,0.0,0.0,0.0,0.0,0.0,0.0,1.0,0.0,0.0,1.0,0.0,0.0,37.0,1.0,0.0,0.0,0.0,0.0,5.0,2.0,0.0,2.0,1.0,0.0,0.0,44.0,0.0,44.0,27.36886364,41.35670798,22.92195036289728,0.4558594631790582,0.3072552976190477,0.0313196972655828,336.0,-0.2545518644067797,0.0234054832597421,117.0,0.2935570484581496,0.029741972548885,453.0,3.5984433032104466,0.0078970532704656,0.0288416366867504,0.003087235482292,24.57025624607468,4.851295732610582,"Yes, there is a relationship between the BRAF gene and cancer. BRAF encodes a protein that is part of the RAS-RAF-MAPK signaling pathway, which is crucial for regulating cell division and growth. Mutations in the BRAF gene, particularly the V600E variant, lead to the constitutive activation of this pathway, promoting uncontrolled cellular proliferation and survival. This aberrant signaling can contribute to the development and progression of various malignancies, most notably melanoma, colorectal cancer, and thyroid cancer. By driving oncogenic processes, BRAF mutations alter cellular behaviors, such as apoptosis and differentiation, which ultimately can culminate in tumorigenesis and metastatic spread.",1
EGFR,3633,0.1160714285714285,0.0178571428571428,0.0,0.6696428571428571,0.3392857142857143,0.7466019324540205,0.0,0.1964285714285714,0.70031719017904,0.0,5.357142857142857,7.071428571428571,0.998003992015968,0.0,0.0,2.402585092994044e-09,423489.1,336.0,-0.01337574,0.0179367157403319,800.0,0.0,0.0,0.0,0.0,0.0,0.0,0.0,0.0,0.0,19.0,3.0,1.0,77.0,3.0,0.0,0.0,0.0,0.0,11.0,1.0,0.0,19.0,1.0,3.0,0.0,92.0,0.0,90.0,24.52696739,92.24884735,24.868611731433745,2.943702815657966,0.8065206855791969,1.7471616564471586,422.0,-0.2503555384615384,0.0204831348000961,64.0,0.7324413114754101,1.5524453685103925,486.0,3.6846031678183033,0.0632145253876886,0.0522086827822839,0.0081754225061529,24.72508201581666,2.741477805760665,"Yes, there is a well-established relationship between the EGFR (epidermal growth factor receptor) gene and cancer. EGFR encodes a receptor that, when activated by its ligands, initiates a cascade of intracellular signaling pathways involved in cell proliferation, survival, and differentiation. Mutations, amplifications, or overexpression of the EGFR gene can lead to constitutive activation of these signaling pathways, resulting in uncontrolled cell division and tumorigenesis. This dysregulation is implicated in several cancer types, notably non-small cell lung cancer (NSCLC), colorectal cancer, and head and neck squamous cell carcinoma. Additionally, aberrant EGFR signaling can promote angiogenesis, metastasis, and resistance to apoptosis, further contributing to cancer progression.",1
EZH2,2256,0.25,0.0,0.0833333333333333,0.6666666666666666,0.0,1.0,0.0,0.0,1.0,0.0,2.0,2.25,0.7942811755361397,1.0,0.574052812858783,0.8926715720036228,564320.8,434.0,0.01332411,0.0014027857644103,244.0,0.0,0.0,0.0,0.0,0.0,0.0,0.0,0.0,0.0,0.0,0.0,5.0,8.0,0.0,0.0,0.0,0.0,0.0,3.0,1.0,0.0,0.0,0.0,0.0,0.0,17.0,0.0,16.0,22.451,93.49175825,21.81046352210653,3.398899300644349,0.2946809037900876,0.0236714895275433,343.0,-0.2638857024793389,0.0252628963613774,121.0,0.2866502586206897,0.0242160317744469,464.0,3.364011150717596,0.0174441556909754,0.052159587165235,0.0138885880183876,22.60019950245109,0.9420335626217116,"Yes, there is a relationship between the EZH2 gene and cancer. EZH2 encodes a histone methyltransferase that is a core component of the Polycomb Repressive Complex 2 (PRC2), which is involved in epigenetic regulation of gene expression. In various cancers, including breast, prostate, and hematological malignancies, EZH2 is often found to be overexpressed or mutated, leading to aberrant trimethylation of histone H3 at lysine 27 (H3K27me3). This modification results in the silencing of tumor suppressor genes and the promotion of oncogenic pathways, contributing to tumor initiation, progression, and metastasis. Moreover, altered EZH2 activity can impact cellular differentiation and immune evasion, further facilitating cancer development.",1
MET,4227,0.1153846153846153,0.0769230769230769,0.0,0.7692307692307693,0.0,1.0,0.0384615384615384,0.0,0.9610929403394044,0.0,5.0,5.75,0.6101281269066504,1.0,0.1802126509280952,0.4890282449709433,558228.1,262.0,0.002308467,7.149723603019666e-05,34.0,0.0,0.0,0.0,0.0,0.0,0.0,0.0,1.0,0.0,0.0,0.0,3.0,18.0,2.0,0.0,0.0,0.0,0.0,3.0,2.0,0.0,0.0,0.0,1.0,0.0,28.0,0.0,26.0,21.03717857,128.051006,22.509974025109727,3.0351436789179296,0.3144255401662051,0.0370277431114434,361.0,-0.2425708256880733,0.0153175717317193,109.0,0.2977613617021277,0.0328711014706365,470.0,3.650319201524298,0.0709616697612849,0.0391403017387178,0.009640735927634,20.89844548460639,3.4338122660609054,"Yes, there is a relationship between the MET gene and cancer. The MET gene encodes the hepatocyte growth factor receptor (HGFR), which plays a crucial role in cellular processes such as proliferation, survival, migration, and angiogenesis. Dysregulation of the MET signaling pathway, often due to mutations, amplifications, or altered expression levels, can lead to enhanced tumorigenesis and metastatic potential in various cancer types. Specifically, activation of the MET pathway can promote epithelial-to-mesenchymal transition (EMT), a key process that enables cancer cells to acquire migratory and invasive properties. Additionally, the interaction of MET with other signaling networks contributes to an aggressive tumor phenotype, making it a significant focus in cancer research.",1
PDGFRB,3321,0.52,0.04,0.04,0.4,0.0,1.0,0.0,0.0,0.9827729376770644,0.0,0.7142857142857143,0.8571428571428571,0.4446420631391729,1.0,0.9000900090009001,0.9948339429860422,1065098.0,228.0,0.0490575,0.0001769967632165,47.0,0.0,0.0,0.0,0.0,0.0,0.0,0.0,0.0,0.0,0.0,0.0,0.0,10.0,1.0,0.0,0.0,0.0,0.0,11.0,3.0,0.0,0.0,0.0,0.0,0.0,25.0,0.0,21.0,15.71412,125.0975454,25.32872118770911,1.371098963176265,0.2776579787234042,0.0151230522226305,187.0,-0.2422618981481481,0.0140832043763802,216.0,0.2587333415841584,0.0148432580818582,403.0,3.637147447417469,0.0252857934893679,0.111514500398345,0.0145173604745375,20.46445052476352,3.107033519084317,"Yes, there is a relationship between the PDGFRB gene and cancer. PDGFRB (Platelet-Derived Growth Factor Receptor Beta) plays a critical role in cellular processes such as proliferation, migration, and survival. Aberrant signaling through PDGFRB can contribute to tumorigenesis by promoting angiogenesis, enhancing tumor growth, and facilitating metastasis. Mechanistically, mutations or dysregulation of PDGFRB can lead to its constitutive activation, resulting in uncontrolled cell signaling that favors cancer cell proliferation and survival. Additionally, PDGFRB is often implicated in the tumor microenvironment, where it can influence stromal cell behavior and immune evasion, further supporting cancer progression.",1
AKT1,1443,0.2727272727272727,0.0,0.0,0.6818181818181818,0.3181818181818182,0.664669656964677,0.0,0.0454545454545454,0.7793085602707833,0.0,2.142857142857143,2.2857142857142856,1.0,0.0,0.00575,1.0161101511257312e-06,711772.2,247.0,0.03599851,0.0027718450505091,253.0,1.0,0.0,0.0,0.0,0.0,0.0,0.0,0.0,0.0,0.0,1.0,0.0,15.0,0.0,0.0,0.0,0.0,0.0,6.0,0.0,0.0,0.0,0.0,1.0,0.0,22.0,0.0,21.0,20.44368182,92.35473127,25.627050726263374,0.5966116743513642,0.2929329213483146,0.061203153600457,178.0,-0.2767049606299212,0.0190659101104727,254.0,0.2833914814814817,0.036390242758821,432.0,3.697163135897013,0.0030344272699007,0.0996804277179849,0.0065097024040253,23.83372957474668,0.6968291280871401,"Yes, there is a relationship between the AKT1 gene and cancer. AKT1 encodes a serine/threonine kinase that is a crucial component of the phosphoinositide 3-kinase (PI3K) signaling pathway, which is often dysregulated in various cancers. Mutations in AKT1 can lead to its aberrant activation, promoting cell proliferation, survival, and growth by inhibiting apoptotic pathways and enhancing metabolic processes. This hyperactivation can result in increased tumorigenesis and metastasis by facilitating processes such as angiogenesis and resistance to treatment. The interplay between AKT1 signaling and other oncogenic pathways further underscores its role in cancer biology, making it a critical focus for understanding tumor development and progression.",1
RAD51B,1155,0.4285714285714285,0.0,0.0,0.4285714285714285,0.0,1.0,0.1428571428571428,0.0,1.0,0.0,0.75,1.0,1.0,1.0,0.9267840593141798,0.997251794509729,446884.6,404.0,0.03689567,1.3347084295392073e-06,6.0,0.0,0.0,0.0,0.0,0.0,0.0,1.0,0.0,0.0,0.0,0.0,4.0,5.0,0.0,0.0,0.0,0.0,0.0,4.0,0.0,0.0,1.0,0.0,0.0,0.0,13.0,0.0,12.0,11.11323077,75.63433869,23.26671660792489,3.4991184047715653,0.2405847972972973,0.03284315472853,145.0,-0.2925106122448978,0.0269842952637876,289.0,0.2751236877828054,0.0294779463553036,432.0,3.1602043595871354,0.0166835528028337,0.111514500398345,0.0145173604745375,20.060674391099585,2.322449260305919,"Yes, there is a relationship between the RAD51B gene and cancer. RAD51B is involved in the homologous recombination repair of double-strand DNA breaks, a critical process for maintaining genomic stability. Deficiencies or mutations in RAD51B can lead to impaired DNA repair mechanisms, resulting in the accumulation of genetic errors and chromosomal instability, which are hallmarks of cancer. Increased expression of RAD51B has been associated with various tumors, suggesting that it may contribute to tumorigenesis by promoting survival of cells with damaged DNA. Additionally, alterations in RAD51B activity can affect sensitivity to DNA-damaging agents used in cancer therapies, further implicating its role in cancer progression and treatment response.",1
FANCA,4368,0.2307692307692307,0.0,0.0384615384615384,0.6538461538461539,0.0,1.0,0.0769230769230769,0.0,0.9610929403394044,0.0,2.4285714285714284,2.857142857142857,0.8019246190858059,1.0,0.3875968992248062,0.7549571313695838,649122.9543319192,444.4009897808343,0.0198885680771551,0.0003504242128416,70.0,0.0,0.0,1.0,0.0,0.0,0.0,2.0,0.0,0.0,0.0,0.0,2.0,17.0,0.0,0.0,0.0,0.0,0.0,6.0,2.0,0.0,2.0,0.0,0.0,0.0,27.0,1.0,28.0,11.31237037,80.4761634,17.09125260836687,1.029981866632282,0.2454486363636363,0.0207026570902852,154.0,-0.2925975609756099,0.0298617013915779,246.0,0.274445225,0.0268024203092224,400.0,3.3099970490943096,0.0198855076437183,0.111514500398345,0.0145173604745375,14.226138280282102,1.7350713131209274,"Yes, there is a relationship between the FANCA gene and cancer, particularly in the context of Fanconi anemia, a genetic disorder characterized by bone marrow failure and increased cancer susceptibility. FANCA is critical for the DNA damage repair pathway, specifically through the Fanconi anemia-BRCA (FA-BRCA) signaling network, which orchestrates the repair of interstrand cross-links and maintains genomic stability. Mutations in the FANCA gene can disrupt this pathway, leading to the accumulation of DNA damage, genomic instability, and ultimately, an increased risk for various malignancies, including acute myeloid leukemia (AML) and squamous cell carcinomas. The impaired ability to repair DNA can promote carcinogenesis by enabling the proliferation of cells with deleterious mutations.",1
PALB2,3561,0.1111111111111111,0.1111111111111111,0.0555555555555555,0.6111111111111112,0.0,1.0,0.1111111111111111,0.0,0.8186799193733241,0.0,3.6666666666666665,5.333333333333333,0.1128158844765342,1.0,0.987166831194472,0.9999173003618425,544239.4,561.0,0.03782536,1.2070902774632935e-05,18.0,0.0,0.0,0.0,0.0,0.0,0.0,0.0,1.0,0.0,0.0,0.0,0.0,11.0,2.0,0.0,0.0,0.0,0.0,2.0,2.0,0.0,0.0,1.0,1.0,0.0,16.0,0.0,16.0,13.673,177.8794467,16.331235181609618,1.1462248683997869,0.2418188613861384,0.024586369055911,202.0,-0.2673565034965033,0.0305468809538855,142.0,0.252404028985507,0.0271340754665689,344.0,3.40160353710578,0.0036226607781812,0.0290297064995344,0.0062535120886006,20.234958430895663,0.9464514252696374,"Yes, there is a relationship between the PALB2 gene and cancer, particularly in breast cancer and pancreatic cancer. PALB2 (Partner and Localizer of BRCA2) is crucial for the repair of DNA double-strand breaks through homologous recombination, a key process in maintaining genomic stability. Mutations in the PALB2 gene can impair this DNA repair mechanism, leading to an accumulation of genetic errors and increased susceptibility to tumorigenesis. Additionally, PALB2 interacts with BRCA1 and BRCA2, which are well-known breast cancer susceptibility genes; hence, mutations in PALB2 can influence the penetrance of other hereditary breast and ovarian cancer syndromes. This disruption of DNA repair pathways promotes cancer development by facilitating uncontrolled cell proliferation and survival of genetically unstable cells.",1
TSC2,5424,0.325,0.0,0.0,0.6,0.0,1.0,0.075,0.0,0.9776636990514244,0.0,1.7142857142857142,1.9285714285714288,1.0,1.0,0.5376344086021505,0.8712776815726397,1722112.0,181.0,0.04351756,0.000271803744662,56.0,0.0,0.0,0.0,0.0,0.0,0.0,2.0,1.0,0.0,0.0,0.0,1.0,24.0,0.0,0.0,0.0,0.0,0.0,13.0,0.0,0.0,2.0,0.0,1.0,0.0,38.0,0.0,35.0,15.85592105,89.97561343,23.489500829161724,0.4216815267964638,0.2475700956937798,0.0216505326009523,206.0,-0.2403038709677418,0.0179931743823208,152.0,0.2444759615384615,0.0200522273133979,356.0,3.5415171923442914,0.0105655703322915,0.0409890280854334,0.011297149467316,26.17940925696725,3.028023329364408,"Yes, there is a relationship between the TSC2 gene and cancer. TSC2 is a tumor suppressor gene that encodes a protein involved in the regulation of cell growth and metabolism through the mTOR (mechanistic target of rapamycin) signaling pathway. Mutations or deletions in TSC2 can lead to dysregulation of this pathway, resulting in uncontrolled cell proliferation and survival, which contributes to the development of tumors. Furthermore, TSC2 mutations are often associated with tuberous sclerosis complex, a condition characterized by the growth of benign tumors in multiple organs, and can predispose individuals to various malignancies. This highlights the gene's role in maintaining cellular homeostasis and its importance in cancer biology.",1
ABL1,3450,0.3571428571428571,0.0,0.0,0.4642857142857143,0.0,1.0,0.1428571428571428,0.0357142857142857,0.940567257806712,0.0,1.181818181818182,1.6363636363636365,1.0,1.0,0.7251631617113851,0.9582005792684298,505505.7,211.0,0.02867805,0.001863735488563,180.0,0.0,0.0,0.0,0.0,0.0,0.0,4.0,0.0,0.0,1.0,0.0,1.0,13.0,0.0,0.0,0.0,0.0,0.0,10.0,0.0,0.0,5.0,0.0,0.0,0.0,24.0,0.0,25.0,14.72916667,171.3260187,22.48437523800653,0.2865752579847032,0.2402573758865248,0.0129176808609219,141.0,-0.2464632330827068,0.0190153547457341,265.0,0.2443132923832925,0.016874614187163,406.0,3.600025052663056,0.0047694850486125,0.0733043505313709,0.0080205526296472,23.22463701532308,1.7410370517741622,"Yes, there is a relationship between the ABL1 gene and cancer. ABL1 encodes a non-receptor tyrosine kinase that plays a crucial role in cell signaling pathways involved in cell proliferation, differentiation, and survival. Aberrant activation of ABL1, particularly through chromosomal translocation resulting in the BCR-ABL fusion protein, is prominently associated with certain hematologic malignancies, such as chronic myeloid leukemia (CML). The constitutively active BCR-ABL protein promotes oncogenic signaling by enhancing cell proliferation and inhibiting apoptosis, thus contributing to malignant transformation. Furthermore, ABL1's role in cellular responses to DNA damage and its interactions with various signaling pathways underline its potential involvement in a wider range of cancers beyond those directly linked to the BCR-ABL fusion.",1
NTRK2,2517,0.2,0.1,0.05,0.65,0.0,1.0,0.0,0.0,0.9449911312986874,0.0,2.6,3.2,0.119047619047619,1.0,0.4349717268377555,0.7970744870730946,17423.62,692.0,0.001115233,4.81741941777915e-05,24.0,0.0,0.0,0.0,0.0,0.0,0.0,0.0,0.0,0.0,0.0,0.0,2.0,11.0,2.0,0.0,0.0,0.0,0.0,4.0,2.0,0.0,0.0,0.0,0.0,0.0,21.0,0.0,18.0,23.3752381,114.3253957,20.813782637253983,7.210190704608856,0.221471037037037,0.0127546284959314,135.0,-0.2436893893129771,0.0167026806693574,262.0,0.2361340302267003,0.0154356090710899,397.0,3.298298437380874,0.1806894403417109,0.143371521796107,0.0167901835479589,19.81821952586257,4.159828685320807,"Yes, there is a relationship between the NTRK2 gene and certain cancers. NTRK2 encodes for the neurotrophic receptor tyrosine kinase 2, which plays a significant role in neuronal development and function. Alterations in this gene, including mutations or fusion events, can lead to dysregulated signaling pathways that promote uncontrolled cellular proliferation and survival. These aberrations can disrupt normal apoptosis and contribute to the tumorigenesis process by enhancing oncogenic signaling through pathways such as MAPK/ERK and PI3K/AKT. Additionally, NTRK2 may also influence the tumor microenvironment and immune evasion, thereby further facilitating cancer progression. Such mechanisms illustrate the potential impact of NTRK2 on oncogenesis and tumor behavior.",1
TSC1,3495,0.1785714285714285,0.1785714285714285,0.0357142857142857,0.5357142857142857,0.0,1.0,0.0714285714285714,0.0,0.8217017734201348,0.0,2.5,3.8333333333333335,0.0186703011519575,1.0,0.4528985507246377,0.8116336632313628,1919595.0,461.0,0.03330065,9.03933306208628e-05,40.0,0.0,0.0,0.0,0.0,0.0,0.0,2.0,0.0,0.0,0.0,0.0,0.0,15.0,4.0,0.0,0.0,0.0,0.0,4.0,2.0,0.0,2.0,0.0,0.0,0.0,25.0,0.0,25.0,24.24416,129.4889519,23.492318378843493,0.6822864769298773,0.2495076056338029,0.0161701268311057,142.0,-0.246368641509434,0.0179400836026929,264.0,0.2474638083538084,0.0172834505960518,406.0,3.5688025435118864,0.0090113582644207,0.0685613559076538,0.0042235623112461,23.19623224254792,0.7714701253260401,"Yes, there is a relationship between the TSC1 gene and cancer. TSC1 is part of the TSC complex, which regulates the mTOR signaling pathway, an essential regulator of cell growth, proliferation, and metabolism. Mutations in the TSC1 gene can lead to dysregulation of mTOR signaling, resulting in increased cell growth and survival, leading to tumorigenesis. Furthermore, TSC1 loss has been associated with various cancers, particularly those characterized by increased cell proliferation and metabolic alterations. The disrupted regulation of mTOR also contributes to the tumor microenvironment, promoting angiogenesis and immune evasion, further facilitating cancer progression.",1
FGFR2,2469,0.1351351351351351,0.0,0.0,0.7837837837837838,0.2972972972972973,0.852678349986448,0.054054054054054,0.027027027027027,0.8611936767882484,0.0,4.833333333333333,5.333333333333333,1.0,0.0,0.00426,7.655821334643895e-07,204199.6,386.0,-0.008783812,6.552224830111998e-05,21.0,0.0,0.0,0.0,0.0,0.0,0.0,1.0,1.0,0.0,1.0,0.0,2.0,28.0,0.0,0.0,0.0,0.0,0.0,5.0,1.0,0.0,2.0,0.0,1.0,0.0,36.0,0.0,31.0,24.72613889,63.82975567,19.904930557331053,3.311577707101683,0.2286107627118643,0.0202702060806098,118.0,-0.3314834602076127,0.045992147492152,289.0,0.3016579606879609,0.0406504210359787,407.0,3.4734112407967093,0.047555857355149,0.1408590684578734,0.0122098047929833,18.59464469244393,1.4606007925881894,"Yes, there is a relationship between the FGFR2 gene and cancer. FGFR2 is a member of the fibroblast growth factor receptor family, which plays a crucial role in various cellular processes, including proliferation, differentiation, and survival. Aberrations in FGFR2, such as mutations, amplifications, or chromosomal rearrangements, can lead to dysregulation of signaling pathways that promote tumorigenesis. For example, constitutive activation of FGFR2 can enhance pathways like MAPK and PI3K/Akt, which are known to contribute to cell survival and proliferation. Additionally, FGFR2 overexpression has been associated with aggressive tumor phenotypes and poor prognosis in certain cancers, highlighting its role in cancer biology and progression.",1
PTEN,1212,0.0097560975609756,0.1756097560975609,0.0292682926829268,0.5024390243902439,0.2585365853658536,0.7760355433804863,0.2682926829268293,0.0146341463414634,0.4885369627677949,0.0,34.333333333333336,67.66666666666667,0.0,0.0,0.0,2.402585092994044e-09,259677.5,300.0,0.03373138,0.0007879442241884,90.0,0.0,0.0,0.0,0.0,0.0,0.0,40.0,15.0,0.0,3.0,0.0,0.0,98.0,36.0,0.0,0.0,0.0,0.0,2.0,14.0,0.0,46.0,2.0,15.0,0.0,145.0,0.0,147.0,33.15193103,33.22331986,23.38291023705104,0.4668557757950635,0.2133678640776699,0.0135975614797068,103.0,-0.3377024025974027,0.0528581031056094,307.0,0.3065431386861315,0.0458722783308563,410.0,3.7159484663698814,0.005406475946732,0.0693013077931115,0.012170580187624,22.088376626259183,0.843608497893486,"Yes, there is a significant relationship between the PTEN gene and cancer. PTEN (phosphatase and tensin homolog) is a critical tumor suppressor gene that negatively regulates the phosphoinositide 3-kinase (PI3K) signaling pathway, which is involved in cellular growth, proliferation, and survival. Loss or mutation of PTEN can lead to constitutive activation of the PI3K pathway, resulting in enhanced cell growth and survival, increased cell proliferation, and inhibition of apoptosis. This dysregulation is implicated in various malignancies, including breast, prostate, and endometrial cancers. Additionally, PTEN dysfunction can contribute to genomic instability, further promoting tumorigenesis. Thus, the alteration of PTEN function is a key factor in the oncogenic processes of several cancer types.",1
RET,3345,0.2727272727272727,0.0454545454545454,0.0227272727272727,0.6136363636363636,0.0,1.0,0.0454545454545454,0.0,0.951669792066382,0.0,2.076923076923077,2.4615384615384617,0.4541326067211626,1.0,0.3920031360250882,0.7591083650175126,454068.1,563.0,-0.01916108,0.0001403082504264,30.0,0.0,0.0,0.0,0.0,0.0,0.0,2.0,0.0,0.0,0.0,0.0,0.0,28.0,2.0,0.0,0.0,0.0,0.0,11.0,1.0,0.0,2.0,1.0,0.0,0.0,41.0,0.0,38.0,18.51443902,114.667929,17.007944559839842,2.3323939715421687,0.2382185714285714,0.0207102153035428,126.0,-0.3295090043290044,0.0523894374211782,231.0,0.2972888515406164,0.0430275533753627,357.0,2.773554197052128,0.1805880167965522,0.0660263490794959,0.0134452216230832,18.168446425915512,4.10554315561004,"Yes, there is a relationship between the RET gene and cancer. The RET gene encodes a receptor tyrosine kinase that plays a crucial role in cell signaling pathways regulating cell proliferation, differentiation, and survival. Mutations in the RET gene can lead to its constitutive activation, resulting in uncontrolled cell growth and tumorigenesis. Specifically, germline mutations in RET are associated with multiple endocrine neoplasia type 2 (MEN2) syndromes, which increase the risk of medullary thyroid carcinoma and pheochromocytoma. Additionally, somatic alterations in RET have been implicated in other malignancies, including non-small cell lung cancer, where RET fusions can lead to aberrant signaling and contribute to oncogenesis. The dysregulation of RET pathways ultimately affects cellular homeostasis, promoting cancer development and progression.",1
FGFR3,2427,0.5,0.0,0.0,0.4375,0.0,1.0,0.0625,0.0,1.0,0.0,0.7777777777777778,0.8888888888888888,1.0,1.0,0.5817335660267597,0.8968834941249053,859387.6,222.0,0.04176044,0.0003301336253256,38.0,2.0,0.0,0.0,0.0,0.0,0.0,1.0,0.0,0.0,0.0,0.0,4.0,8.0,0.0,0.0,0.0,0.0,0.0,6.0,1.0,0.0,1.0,0.0,0.0,0.0,21.0,0.0,20.0,16.89766667,112.1255735,20.70142170011368,3.380537356247082,0.3270208333333331,0.1252645183354342,119.0,-0.2594586800000001,0.0207167932107004,250.0,0.2813707297297301,0.0553795813206043,369.0,3.337845610916419,0.1043118463528028,0.0360892203274394,0.0075344864076155,19.55395838569529,4.208582226676757,"Yes, there is a relationship between the FGFR3 gene and cancer. FGFR3 encodes a receptor that plays a crucial role in cellular proliferation, differentiation, and survival. Mutations or dysregulation of FGFR3 are particularly implicated in various malignancies, especially in bladder cancer, where activating mutations can lead to aberrant signaling pathways that promote tumor growth and inhibit apoptosis. The altered receptor can engage downstream signaling cascades such as the MAPK and PI3K/AKT pathways, contributing to oncogenic processes like enhanced proliferation and decreased sensitivity to growth inhibition. Moreover, FGFR3 overexpression has been associated with poor prognosis in certain cancers, indicating its potential role as a contributor to tumor aggressiveness.",1
KIT,2931,0.2894736842105263,0.0263157894736842,0.0,0.631578947368421,0.0,1.0,0.0526315789473684,0.0,0.9761565650140092,0.0,2.0,2.25,0.942507068803016,1.0,0.916590284142988,0.9964204462428358,92734.38,649.0,0.0004208712,0.0001933754910323,40.0,0.0,0.0,0.0,0.0,0.0,0.0,1.0,1.0,0.0,0.0,0.0,0.0,24.0,1.0,0.0,0.0,0.0,0.0,11.0,0.0,0.0,1.0,0.0,1.0,0.0,36.0,0.0,30.0,14.82391667,131.004004,22.93552380022507,2.964825059179101,0.3690437414965985,0.2051172488961793,147.0,-0.2284167403314916,0.0140371268876488,181.0,0.2914416463414636,0.1042140820113485,328.0,3.2827608708653866,0.05824708651006,0.141974354791647,0.0157292784927068,21.076832476105203,1.8008703165666289,"Yes, there is a relationship between the KIT gene and cancer. The KIT gene encodes a receptor tyrosine kinase that plays a crucial role in cell signaling, influencing processes such as cell growth, proliferation, and survival. Aberrant activation of the KIT protein, often through mutations or amplification, has been implicated in various cancers, including gastrointestinal stromal tumors (GISTs), melanomas, and certain leukemias. Mechanistically, these mutations can lead to constitutive activation of the receptor, resulting in unchecked signaling through downstream pathways such as the PI3K/AKT and RAS/MAPK pathways, which in turn promote oncogenic processes like sustained cell division and evasion of apoptosis. This dysregulation underscores the significance of KIT as a key player in tumorigenesis and cancer progression.",1
PDGFRA,3270,0.1956521739130435,0.0652173913043478,0.0,0.6521739130434783,0.0,1.0,0.0652173913043478,0.0217391304347826,0.9389580447335324,0.0,3.0,3.7,0.8169934640522876,1.0,0.9505703422053232,0.9987577132276788,51422.46,518.0,0.02673092,0.0001328034484652,29.0,0.0,0.0,0.0,0.0,0.0,0.0,1.0,2.0,0.0,1.0,0.0,4.0,29.0,3.0,0.0,0.0,0.0,0.0,9.0,1.0,0.0,2.0,0.0,2.0,0.0,46.0,0.0,43.0,18.34780435,100.1587184,20.271410829176656,1.8541577464414176,0.3689168211920529,0.183251815951161,151.0,-0.237991111111111,0.0267616383942892,179.0,0.2977185498489427,0.1020778181342543,330.0,3.5775682922829626,0.0621007596649821,0.111514500398345,0.0145173604745375,13.86397180538536,0.5259905853442277,"Yes, there is a relationship between the PDGFRA gene and cancer. PDGFRA encodes the platelet-derived growth factor receptor alpha, which is involved in cell growth, survival, and differentiation. Dysregulation of PDGFRA can result from mutations or amplifications, leading to constitutive activation of signaling pathways such as the PI3K/AKT and RAS/MAPK cascades. This aberrant signaling promotes oncogenic processes, including enhanced cellular proliferation, invasiveness, and resistance to apoptosis. In particular, PDGFRA has been implicated in various malignancies, including gastrointestinal stromal tumors (GISTs), where mutations in the gene result in gain-of-function effects, contributing to tumorigenesis. Thus, the PDGFRA gene is a critical player in the pathophysiology of certain cancers through its regulatory role in cell signaling and growth.",1
FGFR1,2562,0.1333333333333333,0.0666666666666666,0.1333333333333333,0.6,0.2,0.8333333333333334,0.0666666666666666,0.0,0.7823522792183224,0.0,3.0,4.333333333333333,0.0469836496899079,0.0001899999999999,0.8345899999999999,0.0015459671614053,841062.1,381.0,0.04749547,0.0002704401658439,44.0,0.0,0.0,1.0,0.0,0.0,0.0,1.0,0.0,0.0,0.0,0.0,11.0,9.0,1.0,0.0,0.0,0.0,0.0,2.0,4.0,0.0,1.0,1.0,1.0,0.0,26.0,0.0,25.0,21.29065385,120.1467935,20.47234366860804,1.9069168139672736,0.5160945059288534,0.3456445228939015,250.0,-0.3531916333333328,0.0530430441040123,299.0,0.4277204339963836,0.193124233101623,544.0,3.560763547912184,0.0207279276903609,0.0850873976519468,0.0137162549661731,17.13198777625539,2.6318049396424863,"Yes, there is a relationship between the FGFR1 gene and cancer. FGFR1, which encodes the fibroblast growth factor receptor 1, is involved in various cellular processes, including cell proliferation, differentiation, and survival. Alterations in FGFR1 can lead to dysregulated signaling pathways, such as the PI3K/AKT and MAPK pathways, contributing to oncogenesis. Amplifications and mutations of FGFR1 have been implicated in several malignancies, including breast, lung, and bladder cancers. These alterations can result in ligand-independent activation of the receptor, promoting uncontrolled cell growth and tumor progression. Additionally, FGFR1 may influence the tumor microenvironment and angiogenesis, further facilitating cancer development and metastasis.",1
NBN,2265,0.25,0.05,0.0,0.6,0.0,1.0,0.1,0.0,0.9449911312986874,0.0,2.0,2.5,0.9380863039399624,1.0,0.4415011037527593,0.8024612622229569,251471.8,419.0,0.03523735,7.7337991882191e-05,65.0,0.0,0.0,0.0,0.0,0.0,0.0,2.0,0.0,0.0,0.0,0.0,0.0,11.0,1.0,0.0,0.0,0.0,0.0,5.0,2.0,0.0,3.0,0.0,0.0,0.0,18.0,0.0,21.0,16.73783333,85.30649062,24.505794641539577,0.2566367909248874,0.3401532946635728,0.0537765616584222,431.0,-0.2661208064516129,0.029792083361634,62.0,0.3308429208924947,0.0512973862337274,493.0,3.6511967438914654,0.0038326858058662,0.0495670140568682,0.0068898447187481,23.594485589329903,0.509912305624221,"Yes, there is a relationship between the NBN gene and cancer. The NBN gene encodes the protein nibrin, which is crucial for the DNA damage response and repair mechanisms, particularly in facilitating the detection and repair of double-strand breaks through homologous recombination. Mutations or deletions in the NBN gene can lead to impaired DNA repair, resulting in genomic instability, which is a hallmark of cancer development. Additionally, individuals with mutations in the NBN gene, such as those associated with Nijmegen breakage syndrome, exhibit an increased predisposition to various types of cancer, including lymphoma and breast cancer. This relationship underscores the importance of NBN in maintaining genomic integrity and its role in tumorigenesis.",1
IDH2,1359,0.4285714285714285,0.0,0.0,0.5714285714285714,0.0,1.0,0.0,0.0,0.8982265179691364,0.0,1.0,1.0,1.0,1.0,0.7027406886858749,0.9506446374615006,851518.3,192.0,0.0381749,8.932250021729206e-06,14.0,0.0,0.0,0.0,0.0,0.0,0.0,0.0,0.0,0.0,0.0,0.0,1.0,4.0,0.0,0.0,0.0,0.0,0.0,3.0,0.0,0.0,0.0,0.0,1.0,0.0,7.0,0.0,8.0,17.81285714,200.4543601,28.70013531952024,0.475841323387769,0.2944414166666667,0.0533489164660434,120.0,-0.2552293548387098,0.0206696973116188,217.0,0.2691921068249261,0.032535669579179,337.0,3.676540763620373,0.0062830040161276,0.0843254034537299,0.0058017897020804,19.03548900916811,4.860174124194364,"Yes, there is a relationship between the IDH2 gene and cancer. Mutations in IDH2 have been implicated in various tumor types, including acute myeloid leukemia (AML) and gliomas. These mutations typically lead to a neomorphic enzyme activity that converts α-ketoglutarate to 2-hydroxyglutarate (2-HG), an oncometabolite that disrupts normal cellular processes. Elevated levels of 2-HG can inhibit α-ketoglutarate-dependent dioxygenases, including those involved in histone and DNA demethylation, resulting in altered gene expression patterns and contributing to oncogenesis. Furthermore, the dysregulation of epigenetic mechanisms may foster a tumorigenic microenvironment and enhance cellular proliferation, thereby promoting cancer progression.",1
NTRK3,2520,0.2539682539682539,0.0158730158730158,0.0158730158730158,0.7142857142857143,0.0,1.0,0.0,0.0,0.9734444160618768,0.0,2.647058823529412,2.764705882352941,0.9765625,1.0,0.0412235138923241,0.1726748478805626,124518.7,730.0,-0.05718258,1.3255979225576116e-05,11.0,0.0,0.0,0.0,0.0,0.0,0.0,0.0,0.0,0.0,0.0,0.0,5.0,44.0,1.0,0.0,0.0,0.0,0.0,15.0,2.0,0.0,0.0,0.0,0.0,0.0,67.0,0.0,55.0,22.12402985,88.58387579,21.69986591096197,1.4073726537768638,0.2828707258064515,0.0463664518588185,121.0,-0.2528370353982301,0.0191044628040609,225.0,0.2634775428571431,0.0288647603647188,344.0,2.840643437221078,0.2946821778414643,0.1165133848785466,0.0234315187410227,22.499927635393973,0.7143424267258531,"Yes, there is a relationship between the NTRK3 gene and cancer. NTRK3 encodes a receptor tyrosine kinase that is involved in neurotrophic signaling, which plays a critical role in neuronal development and survival. Aberrations in NTRK3, including gene fusions and mutations, can lead to dysregulated signaling pathways that promote cellular proliferation, survival, and differentiation, contributing to oncogenesis. These alterations can result in the activation of downstream pathways such as MAPK/ERK and PI3K/AKT, which are commonly implicated in various cancers. Furthermore, NTRK3 has been associated with specific tumor types, where its altered expression or functional changes may enhance tumorigenic properties and metastasis.",1
CHEK2,1761,0.15,0.0,0.0,0.65,0.0,1.0,0.2,0.0,0.8843108934201204,0.0,3.25,4.25,1.0,1.0,0.00145,0.0109274779976969,515702.5,219.0,-0.0075448969999999,0.0003148817142584,64.0,0.0,0.0,0.0,0.0,0.0,0.0,1.0,3.0,0.0,0.0,0.0,2.0,14.0,0.0,0.0,0.0,0.0,0.0,3.0,0.0,0.0,1.0,1.0,3.0,0.0,18.0,0.0,21.0,20.43422222,113.5550144,22.68578639793945,0.8928114448428639,0.2591956521739131,0.0391111584700095,138.0,-0.2901079310344827,0.0306940481257029,261.0,0.2794164661654137,0.0337310077435108,399.0,3.2514125658216835,0.017499885058222,0.0751424438254365,0.0133849319688654,20.306159829762063,2.493577354374532,"Yes, there is a relationship between the CHEK2 gene and cancer. CHEK2 encodes a protein involved in the DNA damage response, particularly in the activation of cell cycle checkpoints in response to DNA damage. Mutations in CHEK2 can lead to impaired DNA repair mechanisms, resulting in genomic instability, which is a hallmark of cancer progression. Specifically, CHEK2 mutations have been associated with an increased risk of various cancers, including breast, prostate, and colorectal cancers. The gene plays a crucial role in phosphorylating key substrates, such as p53, which regulates cell cycle arrest and apoptosis. Dysfunction in this regulatory pathway can allow aberrantly proliferating cells to escape programmed cell death, contributing to tumor development.",1
PDGFB,726,0.4285714285714285,0.0,0.0,0.5714285714285714,0.0,1.0,0.0,0.0,1.0,0.0,1.0,1.0,1.0,1.0,0.6756756756756757,0.940568978227043,1046938.0,205.0,0.06021966,2.34700779689375e-05,20.0,0.0,0.0,0.0,0.0,0.0,0.0,0.0,0.0,0.0,0.0,0.0,1.0,4.0,0.0,0.0,0.0,0.0,0.0,3.0,0.0,0.0,0.0,0.0,0.0,0.0,8.0,0.0,7.0,15.863625,93.32449427,21.88701420269522,1.8204614569819408,0.2358862992125985,0.0261662394346081,127.0,-0.300849446366782,0.0299234750753868,288.0,0.2810169471153846,0.0296078295504164,415.0,3.285318625590928,0.0208635677909536,0.1324653094551289,0.0067438706506057,20.060674391099585,2.322449260305919,"Yes, there is a relationship between the PDGFB gene and cancer. PDGFB encodes platelet-derived growth factor subunit B, which plays a crucial role in cell proliferation, survival, and angiogenesis. Dysregulation of PDGFB signaling can lead to the activation of pathways that promote tumor growth and metastasis. For instance, overexpression of PDGFB has been implicated in various malignancies, where it may contribute to tumor-associated stromal cell recruitment and enhance the extracellular matrix remodeling necessary for tumor progression. Additionally, the interaction between PDGFB and its receptors can lead to autocrine and paracrine signaling loops, fostering an immunosuppressive tumor microenvironment that further supports cancer development and resistance to therapies.",1
SMARCB1,1158,0.25,0.0833333333333333,0.0,0.5833333333333334,0.0,1.0,0.0833333333333333,0.0,0.9070190181162902,0.0,1.75,2.25,0.2574665293511844,1.0,0.5060728744939271,0.8507462547194716,637355.2,196.0,0.05239067,0.0006713941893489,114.0,0.0,0.0,0.0,0.0,0.0,0.0,1.0,0.0,0.0,0.0,0.0,5.0,7.0,1.0,0.0,0.0,0.0,0.0,3.0,0.0,0.0,1.0,0.0,0.0,0.0,16.0,0.0,15.0,17.477,197.3536735,24.245666849868087,0.6424572479355923,0.2642270469798659,0.0389755522304099,148.0,-0.2845184860557769,0.0247710636856988,250.0,0.2769599250000002,0.0300742971075131,398.0,3.5148649963091785,0.0037189302166327,0.111514500398345,0.0145173604745375,16.79900427218512,0.9809124331616172,"Yes, there is a relationship between the SMARCB1 gene and cancer, particularly in the context of malignancies such as atypical teratoid rhabdoid tumors (ATRT) and certain soft tissue sarcomas. SMARCB1 encodes for a protein that is a critical component of the SWI/SNF chromatin remodeling complex, which plays a vital role in regulating gene expression through alterations in chromatin structure. Loss or mutation of SMARCB1 disrupts this complex's function, leading to aberrant epigenetic modifications that can result in uncontrolled cell proliferation, altered differentiation, and evasion of apoptosis. This dysregulation contributes to tumorigenesis by promoting an aggressive cancer phenotype, highlighting the importance of SMARCB1 as a tumor suppressor gene in certain types of cancer.",1
BRCA2,10257,0.1772151898734177,0.0759493670886076,0.0379746835443038,0.5569620253164557,0.0,1.0,0.1518987341772152,0.0,0.8107652292421105,0.0,2.933333333333333,4.333333333333333,0.1962708537782139,1.0,0.7256894049346879,0.9583695011549106,221300.0,462.0,0.04401204,0.0003139680842848,67.0,0.0,0.0,0.0,0.0,0.0,0.0,6.0,6.0,0.0,0.0,0.0,2.0,44.0,6.0,0.0,0.0,0.0,0.0,14.0,4.0,0.0,7.0,1.0,6.0,0.0,68.0,0.0,57.0,17.36166176,136.0383275,19.9812402458504,1.4365540852508465,0.3076665745856353,0.0403983323659791,181.0,-0.2789097651006711,0.023694387690517,298.0,0.2897761169102294,0.0301298169233838,479.0,3.42020406576282,0.0161982907127195,0.111514500398345,0.0145173604745375,18.37624089764498,1.599749864708437,"Yes, there is a significant relationship between the BRCA2 gene and cancer, particularly breast and ovarian cancers. BRCA2 is a crucial component of the homologous recombination repair pathway, which is responsible for fixing double-strand breaks in DNA. Mutations in the BRCA2 gene impair this repair mechanism, leading to genomic instability, accumulation of mutations, and ultimately an increased risk of tumorigenesis. The loss of BRCA2 function can hinder cellular ability to maintain genomic integrity, often resulting in the proliferation of cells with damaged DNA, which is a hallmark of cancer. The mechanism underscores the importance of BRCA2 in maintaining cellular homeostasis and highlights its role as a tumor suppressor gene.",1
FLT3,2982,0.1428571428571428,0.1785714285714285,0.0714285714285714,0.6071428571428571,0.0,1.0,0.0,0.0,0.8540072988382549,0.0,3.4,4.8,0.0108687382481767,1.0,0.9398496240601504,0.9981535628942224,346091.5,614.0,0.04212426,5.362875833096068e-06,12.0,0.0,0.0,0.0,0.0,0.0,0.0,0.0,0.0,0.0,0.0,0.0,0.0,15.0,5.0,0.0,0.0,0.0,0.0,4.0,4.0,0.0,0.0,0.0,0.0,0.0,28.0,0.0,26.0,22.46382143,149.8734679,18.550563428685987,0.4793759766450797,0.3162958031088084,0.0682989195411484,193.0,-0.2776569655172413,0.0229098580627323,290.0,0.2930965010351966,0.0413015468601384,483.0,2.646444440602648,0.1820344785231298,0.1790676099491598,0.030714785860494,20.060674391099585,2.322449260305919,"Yes, there is a relationship between the FLT3 gene and cancer, particularly acute myeloid leukemia (AML). FLT3 encodes a receptor tyrosine kinase that plays a crucial role in hematopoiesis and the proliferation of hematopoietic precursor cells. Mutations in the FLT3 gene, especially internal tandem duplications (ITD) and point mutations in the tyrosine kinase domain, lead to constitutive activation of the receptor, resulting in enhanced cell proliferation, survival, and resistance to apoptosis. This dysregulation promotes the accumulation of abnormal hematopoietic cells and contributes to leukemogenesis. Additionally, the aberrant signaling pathways activated by mutant FLT3 can influence downstream effectors, such as the PI3K/AKT and MAPK pathways, further driving malignant transformation and tumor progression.",1
TMOD2,1056,0.0,0.0,0.0,1.0,0.0,1.0,0.0,0.0,1.0,0.0,6.0,6.0,1.0,1.0,0.3996802557953637,0.7662231862688726,443665.1,165.0,0.0271674,5.564584763785306e-05,21.0,0.0,0.0,0.0,0.0,0.0,0.0,0.0,0.0,0.0,0.0,0.0,0.0,6.0,0.0,0.0,0.0,0.0,0.0,0.0,0.0,0.0,0.0,0.0,0.0,0.0,6.0,0.0,6.0,25.93333333,29.66266667,23.601032653540347,1.4853890378351435,0.1968029411764705,0.0117938762031606,68.0,-0.2671770106761567,0.0200982956153177,281.0,0.2534651575931232,0.0192208791072308,349.0,3.4218044826486143,0.034343119932451,0.0663913870807251,0.0094168279339015,18.46567124629001,2.426569871181645,"The TMOD2 gene encodes a protein that is involved in the regulation of actin filaments in muscle and non-muscle cells. Alterations in actin dynamics can impact cell motility, adhesion, and proliferation, which are critical processes in cancer progression and metastasis. Dysregulation of TMOD2 may lead to changes in the cytoskeletal architecture, promoting an environment conducive to tumor invasion and migration. Moreover, aberrant expression or mutation of TMOD2 could affect signaling pathways that are vital for maintaining cell homeostasis and responding to stress, potentially contributing to tumorigenesis. However, the specific relationship between TMOD2 and cancer remains an area of ongoing research, and further studies are necessary to elucidate the precise mechanisms involved.",0
SGSM3,2250,0.1578947368421052,0.0526315789473684,0.0,0.7368421052631579,0.0,1.0,0.0526315789473684,0.0,0.975220114382459,0.0,3.5,4.0,0.6640106241699867,1.0,0.1061345786457227,0.3441994672339045,469297.2,355.0,0.05633451,9.877873895525626e-06,10.0,0.0,0.0,0.0,0.0,0.0,0.0,1.0,0.0,0.0,0.0,0.0,0.0,13.0,1.0,0.0,0.0,0.0,0.0,3.0,1.0,0.0,1.0,0.0,0.0,0.0,18.0,0.0,15.0,23.55288889,172.6089606,23.153893896919897,1.031596747437689,0.2306711200000001,0.0201430457164774,125.0,-0.2974241724137931,0.0265185620022539,290.0,0.2773178313253012,0.0254850927131598,414.0,3.483704553587658,0.0055912652374363,0.0743437625878254,0.0113102504411435,20.667141731526566,2.6018402641975378,"The SGSM3 gene, part of the small GTPase signaling pathway, has been implicated in various cellular processes, including endocytosis and signal transduction. Its dysregulation may contribute to oncogenic processes through alteration of cell proliferation, migration, and apoptosis. Specifically, aberrant expression or mutations in SGSM3 could disrupt normal cellular signaling networks, leading to altered cell behavior that promotes tumor development and metastasis. Furthermore, SGSM3's interactions with Rho family GTPases may influence cytoskeletal dynamics, potentially facilitating invasive phenotypes in cancer cells. However, the precise mechanisms linking SGSM3 to cancer progression remain an area for further research.",0
CCDC160,978,0.1578947368421052,0.1052631578947368,0.0,0.6842105263157895,0.0,1.0,0.0526315789473684,0.0,0.9410872157860573,0.0,3.25,4.0,0.7434944237918215,1.0,0.0627549419516786,0.2364931250623972,217139.4,444.4009897808343,0.01921635,0.0,0.0,0.0,0.0,0.0,0.0,0.0,0.0,1.0,0.0,0.0,0.0,0.0,0.0,13.0,2.0,0.0,0.0,0.0,0.0,3.0,0.0,0.0,1.0,0.0,0.0,0.0,18.0,0.0,14.0,12.09966667,124.4016391,15.031033091001587,0.0292873194768169,0.2467792307692306,0.0207597260660703,130.0,-0.2760805504587156,0.0253565447922867,109.0,0.2601425941422594,0.0229723312764354,239.0,2.1255454543800347,0.8678923454701486,0.2269415711346326,0.0685634306541829,16.244185874632606,4.025851038982297,"Current research indicates that the CCDC160 gene may be implicated in cancer through its role in cellular processes such as cell cycle regulation and apoptosis. Dysregulation of CCDC160 can potentially lead to abnormal cell proliferation and survival, contributing to tumorigenesis. Additionally, the gene has been associated with specific pathways that modulate cellular responses to stress and DNA damage, which are critical in maintaining genomic stability. Furthermore, alterations in CCDC160 expression have been observed in various cancer types, suggesting a potential involvement in the oncogenic processes. However, the precise mechanisms remain under investigation and require further exploration to fully elucidate its role in cancer biology.",0
CCR3,1131,0.0909090909090909,0.0909090909090909,0.0,0.7272727272727273,0.0,1.0,0.0909090909090909,0.0,0.8948855177025862,0.0,4.0,5.0,0.3024803387779794,1.0,0.4692632566870014,0.824303779031666,212198.0,634.0,0.04556597,1.2153961382164272e-05,7.0,0.0,0.0,0.0,0.0,0.0,0.0,1.0,0.0,0.0,0.0,0.0,0.0,8.0,1.0,0.0,0.0,0.0,0.0,1.0,0.0,0.0,1.0,0.0,0.0,0.0,10.0,0.0,10.0,15.0565,172.4343887,21.88701420269522,1.8204614569819408,0.2150361739130435,0.0131074553273379,115.0,-0.2768781219512197,0.0208488717350951,410.0,0.2633317904761905,0.0197803594906812,525.0,1.8884865403183484,0.4851391254426603,0.111514500398345,0.0145173604745375,16.704861026359502,2.034828766770916,"The CCR3 gene encodes a chemokine receptor involved in the regulation of immune responses and inflammatory processes. Research has suggested a potential relationship between CCR3 and cancer through its role in the recruitment of eosinophils and other immune cells to tumor sites, which can influence tumor microenvironments. Elevated CCR3 expression has been observed in various malignancies, where it may facilitate angiogenesis, tumor progression, and metastasis by modulating inflammatory signaling pathways and promoting the migration of cancerous cells. Additionally, CCR3's involvement in the release of various cytokines and growth factors may further contribute to tumorigenic processes, underscoring its potential significance in cancer biology. However, the exact mechanisms and implications of CCR3 in specific cancer types remain an active area of research.",0
DDOST,1371,0.25,0.0,0.0,0.625,0.0,1.0,0.125,0.0,1.0,0.0,1.6666666666666667,2.0,1.0,1.0,0.1641766540797898,0.4608130474231402,631461.2,208.0,0.0352159,0.0001545267573122,75.0,0.0,0.0,0.0,0.0,0.0,0.0,1.0,0.0,0.0,0.0,0.0,0.0,5.0,0.0,0.0,0.0,0.0,0.0,2.0,0.0,0.0,1.0,0.0,0.0,0.0,7.0,0.0,8.0,22.70414286,132.4185508,26.96760368643138,0.5185008896896852,0.2106808695652172,0.0135125155860487,92.0,-0.2561301136363634,0.0171350856140554,264.0,0.2443848033707865,0.0165551935765809,356.0,3.7700234611376753,0.0024337978267074,0.0445894529946637,0.0114188502909903,15.338010467833069,1.921099493916396,"The DDOST gene encodes an enzyme involved in the N-glycosylation process, which is essential for protein folding, stability, and function. Alterations in glycosylation patterns have been implicated in tumorigenesis and cancer progression, as they can influence cell adhesion, migration, and immune evasion. Furthermore, aberrations in the activity of glycosylation-related enzymes, including those encoded by the DDOST gene, may contribute to the development of a tumor microenvironment that supports cancer cell proliferation and metastasis. Dysregulation of DDOST expression has been observed in various cancers, suggesting that it may play a role in the malignancy process, potentially reflecting its involvement in the modulation of key regulatory pathways associated with tumor biology.",0
HLTF,3030,0.1290322580645161,0.064516129032258,0.032258064516129,0.7096774193548387,0.0,1.0,0.064516129032258,0.0,0.9244066024093016,0.0,4.4,5.4,0.7309941520467836,1.0,0.6060606060606061,0.9095607805530236,369132.3,386.0,0.0076753,0.0001229000530465,39.0,0.0,0.0,0.0,0.0,0.0,0.0,1.0,1.0,0.0,0.0,0.0,2.0,21.0,2.0,0.0,0.0,0.0,0.0,4.0,2.0,0.0,2.0,0.0,2.0,0.0,29.0,0.0,23.0,22.24837931,96.2699801,24.11924346113169,1.4386348428239109,0.3446129745042496,0.0650713529675476,353.0,-0.2492627272727272,0.0214658803032167,66.0,0.3295936038186161,0.0593443301776512,419.0,3.597912091117298,0.0094869618820256,0.1045611601593478,0.0131107712747783,20.43497234165312,2.3570384935169493,"The HLTF gene (helicase-like transcription factor) is involved in DNA repair and maintenance of genomic stability, which is crucial for preventing tumorigenesis. Dysregulation or mutations in HLTF can lead to impaired homologous recombination and increased susceptibility to DNA damage, potentially contributing to the development of cancer. Mechanistically, altered HLTF function may disrupt cell cycle regulation and DNA damage response pathways, leading to genomic instability, accumulation of mutations, and promoting oncogenic transformation. Additionally, HLTF's role in transcriptional regulation may influence the expression of genes associated with cell proliferation and survival pathways, further implicating it in cancer biology.",0
R3HCC1,762,0.6,0.0,0.0,0.4,0.0,1.0,0.0,0.0,1.0,0.0,0.5,0.5,1.0,1.0,0.651890482398957,0.930820536470055,649122.9543319192,444.4009897808343,0.0198885680771551,0.0,1.0,0.0,0.0,0.0,0.0,0.0,0.0,0.0,0.0,0.0,0.0,0.0,0.0,4.0,0.0,0.0,0.0,0.0,0.0,4.0,0.0,0.0,0.0,0.0,0.0,0.0,8.0,0.0,7.0,11.609125,104.6158956,21.879233011103967,0.7074907737891094,0.2461778512396693,0.019049249137011,121.0,-0.3206974764150943,0.0381156993777772,424.0,0.3041527522935782,0.0348007410821168,545.0,3.3593583120014223,0.0058338669536918,0.111514500398345,0.0145173604745375,20.075915933662568,1.86370905657866,"The R3HCC1 gene has been implicated in various cellular processes, including DNA repair, cellular stress response, and regulation of gene expression, which are critical for maintaining genomic integrity. Dysregulation or mutations in R3HCC1 may contribute to tumorigenesis through mechanisms such as impaired DNA repair pathways, leading to increased genomic instability. Additionally, its potential role in modulating the cellular response to stressors, such as oncogene activation or DNA damage, could further influence cancer development and progression. Research has shown that alterations in such genes can affect cellular proliferation, apoptosis, and interaction with signaling pathways, thereby enhancing the malignant phenotype. Therefore, while further investigation is essential, R3HCC1 may play a significant role in the pathology of certain cancers.",0
CRK,915,0.2,0.0,0.0,0.7,0.0,1.0,0.0,0.1,1.0,0.0,2.333333333333333,2.6666666666666665,1.0,1.0,0.1774937877174298,0.4843485391292477,1380844.0,220.0,0.01810438,0.0010394798797778,166.0,0.0,0.0,0.0,0.0,0.0,0.0,0.0,0.0,0.0,1.0,0.0,0.0,7.0,0.0,0.0,0.0,0.0,0.0,2.0,0.0,0.0,1.0,0.0,0.0,0.0,9.0,0.0,10.0,23.08777778,42.79114444,25.909688683738366,0.2895390053619369,0.2470861363636363,0.036675320934326,88.0,-0.2786743325526932,0.0214507986490252,427.0,0.2732767378640775,0.0241276201659915,515.0,3.6336204834823342,0.0021200170002152,0.0521088669444389,0.0058764268876234,24.40489925444077,1.7857032319677553,"Yes, there is a relationship between the CRK gene and cancer. The CRK protein plays a critical role in signal transduction pathways, particularly those involving cell growth, survival, and migration. It acts as an adaptor protein, facilitating the assembly of multi-protein complexes and promoting signaling cascades that can influence cellular behavior. Aberrant expression or mutations in the CRK gene can disrupt normal signaling processes, leading to enhanced cell proliferation, evasion of apoptosis, and increased metastatic potential. Moreover, CRK is involved in various oncogenic pathways, including those mediated by receptor tyrosine kinases, suggesting its potential role in tumorigenesis and cancer progression.",0
NHLH1,402,0.4444444444444444,0.0,0.0,0.4444444444444444,0.0,1.0,0.1111111111111111,0.0,1.0,0.0,0.8,1.0,1.0,1.0,0.8764241893076249,0.99202898411914,987854.8,526.0,0.02785902,0.0001099307496759,9.0,0.0,0.0,0.0,0.0,0.0,0.0,1.0,0.0,0.0,0.0,0.0,0.0,4.0,0.0,0.0,0.0,0.0,0.0,4.0,0.0,0.0,1.0,0.0,0.0,0.0,8.0,0.0,9.0,13.5505,49.07612771,21.88701420269522,1.8204614569819408,0.2917982957393484,0.030812518312666,399.0,-0.1847921875,0.0072953456498991,32.0,0.2838535266821347,0.0298342869577661,431.0,1.5719309507689954,0.5199394615062443,0.111514500398345,0.0145173604745375,20.060674391099585,2.322449260305919,"The NHLH1 gene encodes a transcription factor involved in various biological processes, including the regulation of metabolism and differentiation. Alterations in NHLH1 expression or function may contribute to cancer development through mechanisms such as dysregulation of cellular metabolism and growth signaling pathways. Specifically, NHLH1's role in the control of glucose metabolism and its interaction with regulatory networks can influence tumorigenesis by promoting an environment conducive to cancer cell proliferation and survival. Additionally, aberrant expression of NHLH1 may affect the differentiation of stem cells or progenitor cells, potentially leading to increased tumorigenic potential. Further research is necessary to clarify the direct relationships and causal mechanisms linking NHLH1 to specific cancers.",0
ATOH7,459,0.6666666666666666,0.0,0.0,0.3333333333333333,0.0,1.0,0.0,0.0,1.0,0.0,0.3333333333333333,0.3333333333333333,1.0,1.0,0.9107468123861566,0.9958928443418388,459383.5,251.0,0.01672253,0.0,0.0,0.0,0.0,0.0,0.0,0.0,0.0,0.0,0.0,0.0,0.0,0.0,0.0,1.0,0.0,0.0,0.0,0.0,0.0,2.0,0.0,0.0,0.0,0.0,0.0,0.0,3.0,0.0,3.0,14.303,63.401737,21.88701420269522,1.8204614569819408,0.2269479130434782,0.0160987376271853,115.0,-0.3267290441176469,0.0471622388455774,272.0,0.2970783204134368,0.0399506666430266,387.0,1.4394624245856935,0.5473907175064636,0.0611074893550073,0.0038248922291513,20.060674391099585,2.322449260305919,"The ATOH7 gene, primarily known for its role in neurogenesis and retinal development, has been implicated in cancer through its regulatory functions in cellular differentiation and proliferation. Alterations in the expression or function of ATOH7 could potentially disrupt normal cellular pathways, leading to aberrant growth or survival of cancer cells. For instance, the misregulation of transcription factors like ATOH7 may influence the epithelial-mesenchymal transition (EMT), a process crucial for cancer progression and metastasis. Additionally, interactions with signaling pathways, such as those involving Notch or Wnt, may highlight ATOH7's role in tumorigenesis by modulating stem cell-like properties in various cancers. Therefore, while direct evidence remains limited, the association between ATOH7 and cancer biology warrants further investigation into its potential mechanisms and implications in oncogenesis.",0
OR2M5,939,0.2,0.0,0.0,0.8,0.0,1.0,0.0,0.0,1.0,0.0,3.4285714285714284,3.4285714285714284,1.0,1.0,0.012279581511862,0.0663074983506364,649122.9543319192,444.4009897808343,0.0198885680771551,0.0,0.0,0.0,0.0,0.0,0.0,0.0,0.0,0.0,0.0,0.0,0.0,0.0,0.0,26.0,0.0,0.0,0.0,0.0,0.0,5.0,0.0,0.0,0.0,3.0,0.0,0.0,28.0,0.0,27.0,14.71585714,62.32751894,21.88701420269522,1.8204614569819408,0.2896127567567567,0.0252567796698864,370.0,-0.2401433333333332,0.0242522003283018,54.0,0.2833124056603774,0.0253438249833243,424.0,0.0926501821242709,0.1150719002085929,0.111514500398345,0.0145173604745375,20.060674391099585,2.322449260305919,"The OR2M5 gene is a member of the olfactory receptor family, primarily involved in the perception of odorants. While its direct relationship with cancer is not well established, there is emerging evidence suggesting that olfactory receptors may play roles in various physiological processes, including cellular signaling pathways that could influence tumorigenesis. Potential mechanisms could involve the modulation of cell proliferation, apoptosis, or metabolic processes through the activation of specific signaling cascades. Additionally, altered expression of olfactory receptors has been observed in several cancer types, which may suggest a role in tumor microenvironment interactions or in distinguishing between normal and malignant tissues. Nonetheless, more research is needed to elucidate the precise mechanisms connecting OR2M5 expression and cancer.",0
CDYL2,1521,0.2105263157894736,0.0,0.0526315789473684,0.6842105263157895,0.0,1.0,0.0526315789473684,0.0,0.9504402287649184,0.0,2.6,3.0,0.7142857142857143,1.0,0.3175611305176246,0.6818307215366426,161731.0,507.0,-0.01640313,1.0652105564712842e-06,5.0,0.0,0.0,0.0,0.0,0.0,0.0,1.0,0.0,0.0,0.0,0.0,1.0,13.0,0.0,0.0,0.0,0.0,0.0,4.0,1.0,0.0,1.0,0.0,0.0,0.0,19.0,0.0,20.0,18.82426316,138.2609081,19.39503040977942,2.2265694095950272,0.2267243333333332,0.0149232096717002,150.0,-0.299110209205021,0.0307999395180232,239.0,0.2711979177377893,0.0258681256453952,389.0,3.3564024015205027,0.0203923135986836,0.0843466626000839,0.0128008644524133,18.1766206475007,1.8644151830133595,"The CDYL2 gene, which encodes a chromatin-associated protein, has been implicated in cancer through its roles in gene regulation, chromatin remodeling, and cellular differentiation. Alterations in CDYL2 expression can affect the regulation of target genes involved in cell cycle control and apoptosis, potentially leading to uncontrolled cell proliferation and tumorigenesis. Additionally, as a component of various protein complexes, CDYL2 may influence the epigenetic landscape of cancer cells, thereby contributing to oncogenic pathways. Studies suggesting abnormal expression or mutation of CDYL2 in certain cancers indicate its potential relevance in the tumorigenic process, although further investigation is needed to fully elucidate its role and mechanisms in specific cancer types.",0
SULT1C4,909,0.2,0.0,0.0,0.7,0.0,1.0,0.1,0.0,1.0,0.0,2.333333333333333,2.6666666666666665,1.0,1.0,0.3524850193866761,0.7200377708236567,361799.0,483.0,-0.001550505,3.619304252031353e-07,4.0,0.0,0.0,0.0,0.0,0.0,0.0,1.0,0.0,0.0,0.0,0.0,0.0,7.0,0.0,0.0,0.0,0.0,0.0,2.0,0.0,0.0,1.0,0.0,0.0,0.0,9.0,0.0,9.0,17.80888889,80.45471011,18.10679910159953,6.373254721138431,0.2094578770949721,0.0109106870415353,179.0,-0.2556525806451613,0.0348052709178212,62.0,0.2213419917012448,0.0173478825143499,241.0,2.917769283842377,0.0999038452314212,0.111514500398345,0.0145173604745375,18.54681664384484,5.98731611622368,"The relationship between the SULT1C4 gene and cancer is currently not well-established, but emerging studies suggest that sulfotransferases, including SULT1C4, may influence cancer biology through the metabolism of estrogens and other steroids. Dysregulation of sulfotransferases can lead to altered hormone levels and activity, which might affect cell proliferation and tumorigenesis. Additionally, differential expression of SULT1C4 in various tissues could contribute to individual susceptibility to carcinogens and impact the pharmacokinetics of therapeutic agents, potentially influencing cancer outcomes. Further investigation is necessary to elucidate the precise roles and mechanisms by which SULT1C4 may be implicated in cancer development and progression.",0
CCL11,294,0.2,0.0,0.0,0.8,0.0,1.0,0.0,0.0,1.0,0.0,2.0,2.0,1.0,1.0,0.2452783909737552,0.5899831797491089,40425.23,871.0,-0.03173784,4.68998462751081e-07,4.0,0.0,0.0,0.0,0.0,0.0,0.0,0.0,0.0,0.0,0.0,0.0,0.0,4.0,0.0,0.0,0.0,0.0,0.0,1.0,0.0,0.0,0.0,0.0,0.0,0.0,5.0,0.0,5.0,7.1196,106.4800853,21.88701420269522,1.8204614569819408,0.2602549101796411,0.0466191019287569,167.0,-0.2667863959390864,0.0195067853170465,197.0,0.2637898076923077,0.0318621392850868,364.0,2.230441683464289,1.0968505609268815,0.111514500398345,0.0145173604745375,20.060674391099585,2.322449260305919,"CCL11, also known as Eotaxin-1, is a chemokine primarily involved in the recruitment of eosinophils and other immune cells. Research indicates that CCL11 may play a role in cancer biology through its influence on the tumor microenvironment and immune cell dynamics. Elevated levels of CCL11 have been associated with increased tumor inflammation and could potentially facilitate tumor progression by promoting angiogenesis, enhancing cell migration, or modulating immune cell infiltration. Moreover, CCL11 can interact with its receptors (such as CCR3) on various cell types, including cancer cells, potentially influencing their behavior and survival in the context of the tumor. This dual role in driving inflammation and impacting immune surveillance suggests that CCL11 may contribute to both tumor-promoting and tumor-suppressive mechanisms, thus complicating its overall role in cancer development.",0
DERL2,720,0.3333333333333333,0.0,0.0,0.6666666666666666,0.0,1.0,0.0,0.0,1.0,0.0,1.0,1.0,1.0,1.0,0.3806623524933384,0.7483222347557679,1145030.0,544.0,0.02422891,0.0001396648254201,34.0,0.0,0.0,0.0,0.0,0.0,0.0,0.0,0.0,0.0,0.0,0.0,0.0,1.0,0.0,0.0,0.0,0.0,0.0,1.0,0.0,0.0,0.0,0.0,0.0,0.0,2.0,0.0,1.0,20.255,129.44405,20.961266820335027,0.8432643797466711,0.231887875,0.0187815763789715,80.0,-0.2742571395348837,0.019625221046111,430.0,0.2676109803921568,0.0196936135538502,510.0,3.459991572112018,0.0031139786279977,0.0719803530751219,0.0139633199668371,20.060674391099585,2.322449260305919,"The DERL2 gene, involved in the endoplasmic reticulum (ER) quality control pathway, may have a potential relationship with cancer through its role in the regulation of protein homeostasis and ER stress response. Dysregulation of this pathway can lead to the accumulation of misfolded proteins, triggering unfolded protein response (UPR) mechanisms that can promote tumorigenesis by enabling cancer cells to survive under stressful conditions. Additionally, DERL2 may affect apoptosis and autophagy processes, both of which are crucial in cancer development and progression. Further research is necessary to elucidate the exact mechanisms linking DERL2 to specific oncogenic pathways and cancer types.",0
USE1,780,0.4,0.0,0.0,0.6,0.0,1.0,0.0,0.0,1.0,0.0,1.0,1.0,1.0,1.0,0.5040322580645161,0.8493523230154643,865137.5,212.0,0.03834604,0.0001888957873538,19.0,0.0,0.0,0.0,0.0,0.0,0.0,0.0,0.0,0.0,0.0,0.0,0.0,3.0,0.0,0.0,0.0,0.0,0.0,2.0,0.0,0.0,0.0,0.0,0.0,0.0,5.0,0.0,4.0,17.7036,81.6978848,23.575040817207224,0.5439876585349958,0.3185421301775148,0.0467527991263876,169.0,-0.2193810144927535,0.0134170815402279,207.0,0.2639507712765956,0.0307553160530035,376.0,3.2717918277321942,0.0062254358378008,0.111514500398345,0.0145173604745375,18.409184035293208,1.063404639429255,"The relationship between the USE1 gene and cancer has not been definitively established in the scientific literature. However, some studies suggest that genes involved in cellular processes such as membrane trafficking, endoplasmic reticulum function, and stress responses may play roles in tumorigenesis and cancer progression. USE1, known for its role in vesicular transport and its involvement in the maintenance of cellular homeostasis, could theoretically influence oncogenic pathways through the modulation of these processes. Aberrations in vesicular transport can disrupt protein secretion and signaling pathways, potentially leading to an altered tumor microenvironment or evasion of apoptosis, which are hallmarks of cancer. Nonetheless, further research is necessary to clarify any direct association between USE1 and cancer development or progression.",0
RUNX3,1290,0.5,0.0,0.0,0.5,0.0,1.0,0.0,0.0,1.0,0.0,0.8333333333333334,0.8333333333333334,1.0,1.0,0.8237232289950577,0.983460208103218,566264.3,443.0,0.02681069,6.170620169376422e-05,24.0,0.0,0.0,0.0,0.0,0.0,0.0,0.0,0.0,0.0,0.0,0.0,2.0,5.0,0.0,0.0,0.0,0.0,0.0,5.0,0.0,0.0,0.0,0.0,0.0,0.0,12.0,0.0,11.0,15.7005,89.06124064,21.458404452403,1.6223659872577918,0.3455542056074765,0.1426092183283724,106.0,-0.3413234782608695,0.5189314357842216,272.0,0.3425054308093999,0.4131520998081253,367.0,3.1547941109493087,0.039514864125933,0.1740155891132286,0.0331024410202488,21.673087058421924,0.9151097619683424,"Yes, there is a relationship between the RUNX3 gene and cancer. RUNX3 is a transcription factor that plays a crucial role in regulating cell differentiation, proliferation, and apoptosis. Dysregulation of RUNX3 expression or activity has been implicated in several types of cancer, including gastric, breast, and colorectal cancers. Mechanistically, loss of RUNX3 function can lead to increased cellular proliferation and survival through the upregulation of oncogenes and the inhibition of pro-apoptotic factors. Additionally, RUNX3 has been shown to be involved in the TGF-β signaling pathway, which is known for its tumor-suppressive functions. Its inactivation can disrupt this pathway, allowing for enhanced tumor cell growth and metastasis. Furthermore, RUNX3 can influence immune responses, linking its dysregulation to the tumor microenvironment and immune evasion, thus further contributing to cancer progression.",0
FAM50B,978,0.2307692307692307,0.0,0.0,0.7692307692307693,0.0,1.0,0.0,0.0,1.0000000000000002,0.0,2.5,2.5,1.0,1.0,0.2942041776993233,0.6541574788802528,271690.3,208.0,0.0295714999999999,6.45872445007797e-06,15.0,0.0,0.0,0.0,0.0,0.0,0.0,0.0,0.0,0.0,0.0,0.0,0.0,10.0,0.0,0.0,0.0,0.0,0.0,3.0,0.0,0.0,0.0,0.0,0.0,0.0,13.0,0.0,11.0,18.81853846,54.19964977,19.77962641043586,1.0867988569881424,0.2773263243243243,0.0344640189885899,185.0,-0.2614800000000002,0.0206703263467532,155.0,0.2701022647058822,0.0281586654506081,340.0,3.059133657128497,0.0658284556778959,0.5690031769259839,0.019102466049367,18.95422397579171,2.4243713825916045,"The potential relationship between the FAM50B gene and cancer has been suggested through various studies indicating its involvement in cellular processes that may influence tumorigenesis. FAM50B is implicated in the regulation of cell proliferation and apoptosis, and its altered expression has been associated with oncogenic pathways. For instance, the gene may play a role in chromatin remodeling and transcriptional regulation, potentially affecting gene expression profiles linked to cancer progression. Additionally, FAM50B's involvement in the DNA damage response may influence genomic stability, where dysregulation could lead to an increased risk of malignancy. However, the precise mechanisms by which FAM50B may contribute to cancer development and progression require further investigation to fully elucidate its role in oncogenic processes.",0
XRCC2,843,0.1111111111111111,0.0,0.0,0.6666666666666666,0.0,1.0,0.2222222222222222,0.0,0.9298966940476158,0.0,3.0,4.0,1.0,1.0,0.5488474204171241,0.8781200871776985,256955.0,444.0,0.005990263,5.8381574757379184e-06,9.0,0.0,0.0,0.0,0.0,0.0,0.0,1.0,1.0,0.0,0.0,0.0,0.0,5.0,0.0,0.0,0.0,0.0,0.0,1.0,1.0,0.0,1.0,0.0,1.0,0.0,7.0,0.0,9.0,17.40428571,50.25294157,16.21848313956418,2.1015090954654565,0.2939996501457727,0.0237352156835029,343.0,-0.2714960655737704,0.0267019667728221,122.0,0.2880954838709678,0.0245559362192157,465.0,3.2896941423645814,0.0189028097515576,0.0398353673125123,0.0088097636897759,16.559769607031882,1.2907863321146371,"The XRCC2 gene is involved in DNA repair processes, particularly in the homologous recombination repair pathway, which is crucial for maintaining genomic stability. Mutations or polymorphisms in XRCC2 can impair the DNA repair mechanisms, potentially leading to an accumulation of DNA damage. This accumulation can result in genomic instability, a hallmark of cancer, thereby increasing the risk of various malignancies. Studies have indicated that altered XRCC2 expression may contribute to susceptibility to breast, prostate, and other cancers by enhancing the likelihood of mutations and chromosomal aberrations, suggesting that XRCC2 plays a significant role in cancer predisposition through its direct involvement in DNA repair.",0
AWAT1,987,0.3,0.0,0.1,0.6,0.0,1.0,0.0,0.0,1.0,0.0,1.5,1.75,0.5931198102016607,1.0,0.7246376811594203,0.9580315211370386,161347.0,444.4009897808343,0.02728001,0.0,0.0,0.0,0.0,0.0,0.0,0.0,0.0,0.0,0.0,0.0,0.0,0.0,0.0,6.0,0.0,0.0,0.0,0.0,0.0,3.0,1.0,0.0,0.0,0.0,0.0,0.0,10.0,0.0,10.0,16.5215,82.00596383,21.88701420269522,1.8204614569819408,0.2145284042553191,0.0130822002995767,94.0,-0.2810307299270073,0.0272308209391691,137.0,0.2539691774891775,0.0224634311797553,231.0,1.087497817588131,0.6825994423308537,0.111514500398345,0.0145173604745375,20.060674391099585,2.322449260305919,"The relationship between the AWAT1 gene and cancer is not well-established, but some studies suggest potential involvement in metabolic processes that could influence tumorigenesis. AWAT1 encodes a protein involved in the synthesis of acylated compounds, which are crucial for membrane composition and cellular signaling. Dysregulation of lipid metabolism, including the activity of enzymes like AWAT1, can lead to alterations in cell proliferation, apoptosis, and inflammation—all key factors in cancer development. Additionally, aberrant lipid profiles have been associated with various cancer types, suggesting that AWAT1 may play a role in tumor biology through its impact on cellular metabolism and microenvironmental interactions. However, further research is needed to clarify its specific contributions and mechanisms in cancer.",0
EHD4,1626,0.3157894736842105,0.0,0.0526315789473684,0.5789473684210527,0.0,1.0,0.0526315789473684,0.0,0.9504402287649184,0.0,1.5714285714285714,1.8571428571428568,0.7369196757553427,1.0,0.328515111695138,0.6942090801575032,830034.7,224.0,0.03943379,5.85309019293266e-05,32.0,0.0,0.0,0.0,0.0,0.0,0.0,1.0,0.0,0.0,0.0,0.0,1.0,11.0,0.0,0.0,0.0,0.0,0.0,6.0,1.0,0.0,1.0,1.0,0.0,0.0,18.0,0.0,17.0,21.61133333,84.59430906,26.1659311639756,0.2529806178291843,0.1887917543859648,0.0108947857432957,57.0,-0.2898212987012984,0.0292410932386987,307.0,0.2740440821917805,0.0276869913302679,364.0,3.567605828410533,0.0049265510166838,0.0297791626944618,0.0035947595739885,21.755260573340887,2.249362539174489,"The EHD4 gene, which encodes a member of the EH domain-containing protein family involved in endocytic recycling and membrane trafficking, has been implicated in cellular processes relevant to cancer progression. Altered expression of EHD4 has been associated with changes in cell morphology, motility, and the dynamics of intracellular vesicles, potentially influencing tumor invasiveness and metastasis. Mechanistically, EHD4 is thought to regulate the endosomal pathways that control the availability of growth factor receptors on the cell surface, thereby modulating signaling pathways such as those involving EGFR and others that promote oncogenic processes. Aberrant regulation of these pathways may contribute to the hallmarks of cancer, including sustained proliferative signaling and evasion of growth suppressors. Additionally, its interaction with cytoskeletal elements may affect cancer cell migration and invasion, further establishing a link between EHD4 and cancer biology.",0
KCNH3,3252,0.2727272727272727,0.0,0.0,0.5151515151515151,0.0,1.0,0.2121212121212121,0.0,0.8819482548685064,0.0,1.7,2.4,1.0,1.0,0.3891050583657588,0.7563836182518009,2227486.0,224.0,0.05308511,0.0,0.0,0.0,0.0,0.0,0.0,0.0,0.0,4.0,3.0,0.0,0.0,0.0,1.0,17.0,0.0,0.0,0.0,0.0,0.0,8.0,1.0,0.0,4.0,0.0,3.0,0.0,27.0,0.0,31.0,18.63003704,72.37494788,21.88701420269522,1.8204614569819408,0.2289867320261438,0.0148325448945132,153.0,-0.250567380952381,0.0278132765698857,126.0,0.2387328315412184,0.0207316059333204,279.0,2.419736744290085,0.3426226329791442,0.0619770152394629,0.0136973039812718,20.060674391099585,2.322449260305919,"The KCNH3 gene encodes a member of the potassium channel family, which is involved in regulating cellular excitability and functions such as cell proliferation and apoptosis. Aberrant expression or mutations in KCNH3 have been implicated in various biological processes related to cancer, including alterations in cellular signaling pathways and ion homeostasis, potentially contributing to tumorigenesis and cancer progression. Dysregulation of ion channels, including those encoded by KCNH3, can lead to changes in the tumor microenvironment, cell cycle control, and metastatic potential, thereby influencing cancer cell behavior. Although direct associations between KCNH3 and specific cancer types warrant further investigation, its role in cellular excitability and proliferation suggests a potential link to oncogenic processes.",0
MTSS1,2268,0.0454545454545454,0.0,0.0,0.9545454545454546,0.0,1.0,0.0,0.0,0.9999999999999998,0.0,10.5,10.5,1.0,1.0,0.0942240648261566,0.3167888122849038,481244.0,561.0,0.03893808,5.587058802455795e-07,7.0,0.0,0.0,0.0,0.0,0.0,0.0,0.0,0.0,0.0,0.0,0.0,7.0,21.0,0.0,0.0,0.0,0.0,0.0,1.0,2.0,0.0,5.0,0.0,1.0,0.0,25.0,0.0,24.0,23.1578,102.1046787,22.200070638077293,1.1756846505866694,0.3834824631578949,0.0821790468570002,475.0,-0.2371257692307692,0.0179232315072398,52.0,0.3690411954459203,0.0777013340519901,527.0,3.476477270927108,0.0277947730053604,0.5312203286445448,0.0281660018541554,23.299866039233493,1.0764592166580302,"The MTSS1 gene, known for its role in actin cytoskeleton remodeling and cell migration, has been implicated in cancer biology, particularly in tumor suppression. Alterations in MTSS1 expression can lead to enhanced cell motility and invasiveness, processes critical for metastatic progression. Mechanistically, MTSS1 may interact with key signaling pathways that regulate cellular adhesion and migration, such as the Wnt and TGF-β signaling pathways, thereby influencing epithelial-to-mesenchymal transition (EMT). Loss of MTSS1 function has been associated with poor prognosis in various cancers, suggesting that it may play a critical role in maintaining cellular homeostasis and preventing malignant transformation. Further studies are needed to clarify the precise mechanisms by which MTSS1 contributes to cancer pathogenesis and its potential role as a biomarker or therapeutic target.",0
AIDA,921,0.0,0.0,0.0,0.8333333333333334,0.0,1.0,0.1666666666666666,0.0,1.0,0.0,5.0,6.0,1.0,1.0,0.0517089818501473,0.2048773867511329,222205.8,392.0,0.001234602,2.220389713053781e-05,12.0,0.0,0.0,0.0,0.0,0.0,0.0,1.0,0.0,0.0,0.0,0.0,0.0,5.0,0.0,0.0,0.0,0.0,0.0,1.0,0.0,0.0,1.0,1.0,0.0,0.0,5.0,0.0,7.0,24.86,23.658,24.732833162550044,0.2522263481390435,0.285056393442623,0.0261299734532584,366.0,-0.2214285999999999,0.0186224120735102,50.0,0.2774088221153846,0.0256097190422237,416.0,3.639320510460944,0.0035981132087291,0.041719249700965,0.0074529030293586,20.933723025368483,1.5823945550128464,"The AIDA gene, while primarily associated with developmental processes and cellular signaling, may have implications in cancer biology through its potential role in cell differentiation and proliferation. Aberrations in AIDA expression or function could disrupt normal cellular pathways, leading to hyperproliferation or impaired apoptosis, thus contributing to tumorigenesis. Additionally, AIDA might interact with key regulatory networks involved in growth factor signaling, inflammation, or epithelial-mesenchymal transition (EMT), processes often associated with cancer progression and metastasis. Overall, the possible involvement of AIDA in cancer may arise from its influence on cellular behavior and microenvironmental interactions, warranting further investigation into its precise role and mechanisms in oncogenesis.",0
C2ORF83,453,0.0,0.0,0.0,1.0,0.0,1.0,0.0,0.0,1.0,0.0,1.0,1.0,1.0,1.0,0.2312138728323699,0.5698062752332587,186198.6,353.0,0.02545982,0.0,0.0,0.0,0.0,0.0,0.0,0.0,0.0,0.0,0.0,0.0,0.0,0.0,0.0,1.0,0.0,0.0,0.0,0.0,0.0,0.0,0.0,0.0,0.0,0.0,0.0,0.0,1.0,0.0,1.0,12.68,0.0,21.88701420269522,1.8204614569819408,0.20436484375,0.0118584536739911,128.0,-0.2599171621621622,0.0176549948735245,148.0,0.2341537681159421,0.0156841013486587,276.0,0.1638760448328932,0.165619536652114,0.111514500398345,0.0145173604745375,20.060674391099585,2.322449260305919,"The relationship between the C2ORF83 gene and cancer is currently not well-defined in the scientific literature. Some studies have suggested potential roles for various C2ORF genes in cellular processes, such as proliferation and apoptosis, which could imply a broader involvement in cancer biology. However, specific mechanisms linking C2ORF83 directly to cancer pathogenesis—such as dysregulation of its expression in oncogenic pathways or its interactions with tumor suppressor genes—remain largely unexplored and require further investigation to establish any definitive connections. As of now, significant research is needed to clarify its potential relevance to oncogenesis.",0
SRD5A1,780,0.1,0.1,0.0,0.8,0.0,1.0,0.0,0.0,0.8795880017344075,0.0,4.0,4.5,0.6410256410256411,1.0,0.1571585730001571,0.4479805067186321,253440.3,585.0,-0.001183948,0.0,1.0,0.0,0.0,0.0,0.0,0.0,0.0,0.0,0.0,0.0,0.0,0.0,4.0,8.0,1.0,0.0,0.0,0.0,0.0,1.0,0.0,0.0,0.0,0.0,0.0,0.0,14.0,0.0,13.0,15.032,140.9454042,17.396215054563537,1.4010401320459824,0.3503320775623269,0.056670314366505,361.0,-0.2799624137931034,0.0422546991344222,58.0,0.3405911694510741,0.0551609657448013,419.0,3.477443790603569,0.012675866764074,0.057381955886713,0.0099244181052093,20.060674391099585,2.322449260305919,"The SRD5A1 gene encodes an enzyme involved in steroid metabolism, specifically contributing to the conversion of testosterone to dihydrotestosterone (DHT). Dysregulation of this pathway has been implicated in various cancers, particularly prostate cancer, where elevated DHT levels may promote tumorigenesis through androgen receptor signaling pathways. Additionally, SRD5A1 expression may influence cellular proliferation and apoptosis, potentially affecting tumor growth dynamics. The interplay of androgen signaling, along with the gene's involvement in the synthesis of other steroid hormones, highlights its potential role in mediating cancer progression and metastasis. However, the precise mechanisms remain an active area of research and are not fully delineated.",0
SLC38A1,1464,0.3333333333333333,0.0476190476190476,0.0,0.4761904761904761,0.0,1.0,0.1428571428571428,0.0,0.9132684766868748,0.0,1.25,1.75,0.8051529790660226,1.0,0.8097165991902834,0.9806242672712068,752720.3,334.0,0.008885503,9.685896364238744e-07,2.0,0.0,0.0,1.0,0.0,0.0,0.0,3.0,0.0,0.0,0.0,0.0,0.0,8.0,2.0,0.0,0.0,0.0,0.0,8.0,1.0,0.0,3.0,1.0,0.0,0.0,19.0,0.0,18.0,16.12357895,107.9294539,21.938028934416074,1.4746296755282602,0.2509951764705882,0.0402704438535189,170.0,-0.2383593137254902,0.0240313012341778,102.0,0.2462567279411763,0.0341071774220954,272.0,3.792477742898386,0.0109482549450926,0.0920873692546351,0.0138977301472008,24.491154314939493,1.3453029597763473,"The SLC38A1 gene encodes a sodium-coupled neutral amino acid transporter that plays a critical role in cellular amino acid homeostasis. Dysregulation of amino acid transport is increasingly recognized as a contributor to cancer biology, as cancer cells often exhibit altered metabolic profiles to support their rapid proliferation. Abnormal expression of SLC38A1 can affect cellular signaling pathways, mTORC1 activation, and overall tumor microenvironment, potentially influencing oncogenic processes such as growth, survival, and metastasis. Elevated or diminished levels of SLC38A1 and associated amino acid transporters may disrupt nutrient supply, thereby impacting tumor growth dynamics and therapeutic responses. Nonetheless, the precise relationship between SLC38A1 and specific cancer types continues to be an active area of investigation, warranting further studies to elucidate the underlying mechanisms.",0
HMX3,1074,0.3333333333333333,0.0,0.0,0.6190476190476191,0.0,1.0,0.0476190476190476,0.0,0.9783171191717188,0.0,1.625,1.75,1.0,1.0,0.9319664492078286,0.9976313733910172,237830.1,708.0,0.02316334,4.764713092024897e-08,2.0,0.0,0.0,0.0,0.0,0.0,0.0,1.0,0.0,0.0,0.0,0.0,0.0,13.0,0.0,0.0,0.0,0.0,0.0,7.0,0.0,0.0,1.0,0.0,0.0,0.0,20.0,0.0,20.0,18.83735,63.36184571,14.454428321154731,0.7012564012045023,0.2340337190082643,0.021397989236887,121.0,-0.3337107665505228,0.0464441190036061,287.0,0.3041496813725493,0.0410231939785223,408.0,2.028038092740399,0.9008022959486914,0.1585591248125763,0.0350319712659756,15.95288727281277,2.5170581852530534,"The HMX3 gene, part of the homeobox gene family, is involved in developmental processes and the regulation of gene expression during embryogenesis. Abnormalities in homeobox genes, including HMX3, have been associated with various cancers due to their roles in cell differentiation, proliferation, and apoptosis. Dysregulation of HMX3 may contribute to tumorigenesis through mechanisms such as altered signaling pathways that affect cell cycle control, invasion, and metastasis. Additionally, aberrant expression of HMX3 can influence the tumor microenvironment and immune responses, potentially enhancing the cancer cell's ability to evade immune surveillance. Further research is necessary to elucidate the precise relationships and mechanisms by which HMX3 may contribute to cancer progression.",0
WFDC10B,270,0.3333333333333333,0.3333333333333333,0.0,0.3333333333333333,0.0,1.0,0.0,0.0,1.0,0.0,0.5,1.0,0.5356186395286556,1.0,0.2908667830133799,0.6500552376267182,777303.4,359.0,0.01569489,0.0,1.0,0.0,0.0,0.0,0.0,0.0,0.0,0.0,0.0,0.0,0.0,0.0,0.0,1.0,1.0,0.0,0.0,0.0,0.0,1.0,0.0,0.0,0.0,0.0,0.0,0.0,3.0,0.0,3.0,12.32533333,52.15898533,21.88701420269522,1.8204614569819408,0.33389625,0.0499776017739315,352.0,-0.2305974603174603,0.0202653231321556,63.0,0.3182147469879519,0.0467845075264454,415.0,1.1568383988908304,0.8419875927501861,0.111514500398345,0.0145173604745375,20.060674391099585,2.322449260305919,"The WFDC10B gene, part of the whey acidic protein family, has been implicated in various cellular processes, including immune responses and tissue development. While direct links between WFDC10B and cancer are not conclusively established, emerging studies suggest potential roles in tumorigenesis through modulation of the tumor microenvironment, influencing cell adhesion, and regulating inflammatory pathways. Alterations in expression levels of WFDC10B may affect cancer cell proliferation and metastasis by impacting extracellular matrix composition and immune cell infiltration, potentially providing a mechanism for its involvement in cancer progression. However, further research is needed to clarify these associations and the specific pathways involved.",0
PGA5,1167,0.2,0.0,0.0,0.6,0.0,1.0,0.2,0.0,1.0,0.0,1.5,2.0,1.0,1.0,0.1348072256672957,0.4049487030287678,1124603.0,480.0,0.04289541,0.0,0.0,0.0,0.0,0.0,0.0,0.0,0.0,1.0,0.0,0.0,0.0,0.0,1.0,3.0,0.0,0.0,0.0,0.0,0.0,1.0,0.0,0.0,1.0,0.0,0.0,0.0,5.0,0.0,6.0,11.987,89.462219,21.88701420269522,1.8204614569819408,0.2167096428571427,0.0169723808049075,140.0,-0.2605363200000001,0.0237220197492516,125.0,0.2373826037735849,0.0205588454034219,265.0,1.2377865829259231,0.980997205905797,0.111514500398345,0.0145173604745375,20.060674391099585,2.322449260305919,"The PGA5 gene, encoding a member of the pepsinogen gene family, has been implicated in certain types of cancer, particularly in the context of gastric and colorectal cancers. Its protein product is involved in the regulation of gastric acidity and digestion, processes that may influence the tumor microenvironment and the overall cancer progression. Dysregulation of PGA5 expression can lead to alterations in local immunological responses, carcinogenic processes, and tissue remodeling. Furthermore, aberrant expression of pepsinogens has been suggested to correlate with inflammatory conditions, which are known to contribute to cancer development. Therefore, the mechanisms linking PGA5 to cancer may involve inflammation modulation, alteration of the extracellular matrix, and impacts on the local immune landscape, potentially facilitating tumor growth and invasion.",0
C1ORF159,597,0.25,0.0,0.0,0.625,0.0,1.0,0.125,0.0,1.0,0.0,1.6666666666666667,2.0,1.0,1.0,0.2081598667776852,0.5348561415940336,2134483.0,234.0,0.02119903,0.0,1.0,0.0,0.0,1.0,0.0,0.0,0.0,1.0,0.0,0.0,0.0,0.0,8.0,5.0,0.0,0.0,0.0,0.0,0.0,2.0,0.0,0.0,3.0,0.0,0.0,0.0,14.0,0.0,17.0,12.28635714,67.60007979,16.045524723159303,1.5925291248220257,0.2543126086956521,0.0262426438913806,115.0,-0.2537735169491525,0.0174579415411954,236.0,0.2539501424501424,0.0202694289631224,350.0,3.1125282517197523,0.0148538198170484,0.5534880707350562,0.0156105150165246,20.060674391099585,2.322449260305919,"The relationship between the C1ORF159 gene and cancer is currently not well established; however, emerging research suggests it may play a role in tumorigenesis through mechanisms involving gene regulation and cellular signaling pathways. C1ORF159 could potentially influence cell cycle progression and apoptosis, which are critical processes in cancer development. Additionally, alterations in the expression or function of proteins encoded by C1ORF159 may affect the tumor microenvironment, impacting cellular interactions and inflammatory responses that could promote cancerous cell behavior. Further studies are needed to clarify its specific roles and mechanisms in various cancer types.",0
VOPP1,519,0.5,0.0,0.0,0.5,0.0,1.0,0.0,0.0,1.0,0.0,0.75,0.75,1.0,1.0,0.303030303030303,0.6648249904461924,947740.2,541.0,0.02278994,0.0,0.0,0.0,0.0,2.0,0.0,0.0,0.0,0.0,0.0,0.0,0.0,0.0,0.0,3.0,0.0,0.0,0.0,0.0,0.0,3.0,0.0,0.0,0.0,0.0,0.0,0.0,8.0,0.0,8.0,22.05925,131.0435016,17.634139677983043,2.0383725369384287,0.5060510120481926,0.6527662368844813,413.0,-0.2527873239436619,0.0199847405027364,71.0,0.4690515843621398,0.5681091910999596,484.0,3.681058232113427,0.0052262751523162,0.0393462133661538,0.0060574704721041,15.826716098872446,0.7531803584244696,"The VOPP1 gene has been implicated in various cellular processes, including cell proliferation, apoptosis, and stress response, which are critical in cancer biology. Studies have suggested that VOPP1 may influence the proliferation and survival of cancer cells by modulating pathways related to the cell cycle and apoptosis. Additionally, VOPP1 has been associated with the regulation of immune responses, potentially affecting tumor microenvironment interactions. Its overexpression in certain tumor types may contribute to oncogenic signaling pathways, thereby promoting tumorigenesis and cancer progression. However, the precise mechanisms linking VOPP1 to specific cancer phenotypes continue to be an area of active research.",0
DHX38,3684,0.4117647058823529,0.0,0.0588235294117647,0.4705882352941176,0.0,1.0,0.0588235294117647,0.0,0.9712175832802088,0.0,1.0,1.25,0.6734006734006734,1.0,0.8960573476702509,0.9944004157339776,414449.0,479.0,0.009373628,7.394875415496609e-05,42.0,0.0,0.0,0.0,0.0,0.0,0.0,1.0,0.0,0.0,0.0,0.0,0.0,7.0,0.0,0.0,0.0,0.0,0.0,7.0,1.0,0.0,1.0,0.0,0.0,0.0,15.0,0.0,14.0,17.36793333,179.2681336,24.433371243162977,0.3341000063095845,0.241103086419753,0.0240225974674334,162.0,-0.3083609777777778,0.0336829768177896,225.0,0.280206511627907,0.0306701742362453,386.0,3.539883213316628,0.0053940161045913,0.0569802400473344,0.0027584547038767,21.64550300291548,3.160088893690459,"The DHX38 gene has been implicated in various cellular processes, including RNA metabolism and the regulation of gene expression, which are critical for maintaining cellular homeostasis. Dysregulation of DHX38 has been associated with cancer through mechanisms such as altered splicing of pre-mRNAs, leading to the production of oncogenic isoforms or the loss of tumor suppressor proteins. Additionally, aberrant expression of this gene may impact the cellular responses to stress and apoptosis, contributing to tumorigenesis and cancer progression. While direct associations are still being explored, the involvement of DHX38 in these fundamental processes suggests a potential link to cancer development and progression.",0
NRTN,594,0.25,0.25,0.0,0.25,0.0,1.0,0.25,0.0,0.75,0.0,0.5,1.5,0.4253509145044661,1.0,0.6230529595015576,0.9178341162504544,1217326.0,294.0,0.03461542,4.395141132271205e-07,3.0,0.0,0.0,0.0,0.0,0.0,0.0,1.0,0.0,0.0,0.0,0.0,0.0,1.0,1.0,0.0,0.0,0.0,0.0,1.0,0.0,0.0,1.0,0.0,0.0,0.0,3.0,0.0,4.0,24.07333333,137.5041333,21.88701420269522,1.8204614569819408,0.2810296240601506,0.0573380601172818,133.0,-0.2482608097165991,0.0182850731237319,247.0,0.2597298947368418,0.0320833285445799,380.0,2.257912291450086,0.4012053705472593,0.8445394616191924,0.067724280030075,20.060674391099585,2.322449260305919,"The NRTN gene, which encodes Neurturin, is part of the GDNF (glial cell line-derived neurotrophic factor) family of neurotrophic factors and plays a crucial role in neuronal survival and differentiation. While the direct relationship between NRTN and cancer is not fully elucidated, there is evidence suggesting that neurotrophic factors can influence tumor biology. Neurturin may promote cancer cell survival, angiogenesis, and metastasis by activating specific signaling pathways such as the Akt and MAPK pathways, which are involved in cell proliferation and survival. Additionally, alterations in neurotrophic factor signaling can affect the tumor microenvironment, potentially enhancing the invasive properties of certain cancers. Further research is needed to clarify the precise mechanisms and the extent of NRTN's involvement in oncogenesis.",0
MCFD2,441,0.3333333333333333,0.0,0.0,0.6666666666666666,0.0,1.0,0.0,0.0,1.0,0.0,1.0,1.0,1.0,1.0,0.3431708991077557,0.7102013410339785,809701.6,242.0,0.03324475,4.14528571156486e-05,42.0,0.0,0.0,1.0,0.0,0.0,0.0,0.0,0.0,0.0,0.0,0.0,0.0,2.0,0.0,0.0,0.0,0.0,0.0,1.0,0.0,0.0,0.0,0.0,0.0,0.0,4.0,0.0,4.0,13.797,137.2155513,24.73543716406928,0.9301301271255492,0.2463639055793989,0.0249569288351117,233.0,-0.2180521666666666,0.0184847639867514,60.0,0.2405662798634808,0.0236947033789214,293.0,3.7098920257684966,0.0021605304900076,0.0352002423804158,0.009739027625906,17.823988744307844,5.6543491581443925,"The relationship between the MCFD2 gene and cancer is currently not fully elucidated, but emerging evidence suggests potential roles in tumor biology. MCFD2 encodes a protein involved in the intracellular transport of glycoproteins, specifically through the endoplasmic reticulum-to-Golgi network, which is essential for proper protein folding and secretion. Disruptions in these processes can lead to the accumulation of misfolded proteins, which may trigger stress responses and contribute to tumorigenesis. Additionally, aberrations in glycosylation patterns due to dysfunctional MCFD2 may influence cell signaling, alter the immune response, or affect the tumor microenvironment, potentially promoting cancer progression. However, further research is necessary to clarify the mechanisms and specific contexts in which MCFD2 may be implicated in cancer.",0
AMHR2,1722,0.4615384615384615,0.0,0.0,0.4615384615384615,0.0,1.0,0.0769230769230769,0.0,1.0000000000000002,0.0,0.8571428571428571,1.0,1.0,1.0,0.7283321194464676,0.959212036988954,1712232.0,191.0,0.05616089,1.3952297243207132e-07,2.0,0.0,0.0,0.0,0.0,0.0,0.0,1.0,0.0,0.0,0.0,0.0,4.0,6.0,0.0,0.0,0.0,0.0,0.0,6.0,0.0,0.0,1.0,0.0,0.0,0.0,16.0,0.0,15.0,17.6424375,97.26430346,21.88701420269522,1.8204614569819408,0.2175098742138365,0.0119067095582119,159.0,-0.2482707079646017,0.02478846607628,113.0,0.2302891911764705,0.0174172383742511,272.0,0.9395719584183284,0.7168252706680532,0.111514500398345,0.0145173604745375,19.615514333422617,2.6099551301216684,"The AMHR2 gene, coding for the anti-Müllerian hormone receptor type 2, has been implicated in various reproductive processes and the regulation of sex differentiation. Recent studies suggest a potential relationship between AMHR2 and cancer, particularly in ovarian and endometrial malignancies. Alterations in AMHR2 expression may disrupt normal signaling pathways involved in cell proliferation and apoptosis, contributing to tumorigenesis. Additionally, AMHR2 has been associated with the modulation of tumor microenvironments and the regulation of immune responses, which can further influence cancer progression. Aberrant signaling through AMHR2 could also affect hormone-responsive pathways, thereby linking it to hormone-driven cancers. These mechanisms highlight the need for further investigation into the role of AMHR2 in cancer biology and its implications for tumorigenesis.",0
GPX7,564,1.0,0.0,0.0,0.0,0.0,1.0,0.0,0.0,1.0,0.0,0.0,0.0,1.0,1.0,1.0,1.0,647360.9,355.0,0.01208624,3.3320392440515734e-06,10.0,0.0,0.0,0.0,0.0,0.0,0.0,0.0,0.0,0.0,0.0,0.0,0.0,0.0,0.0,0.0,0.0,0.0,0.0,2.0,0.0,0.0,0.0,0.0,0.0,0.0,2.0,0.0,2.0,6.803,47.765538,24.60805572180088,1.3301758525369318,0.2240192660550457,0.0157705988939007,109.0,-0.2401041361256546,0.0218627507317497,190.0,0.2342599666666664,0.019649170021738,299.0,3.218018542901503,0.0194686574336651,0.1710104155060376,0.0214725211947426,20.060674391099585,2.322449260305919,"The GPX7 gene encodes a member of the glutathione peroxidase family, which plays a critical role in cellular antioxidant defense by reducing hydrogen peroxide and lipid peroxides. Dysregulation of GPX7 has been associated with cancer through several proposed mechanisms. Altered expression of GPX7 can lead to increased oxidative stress, which may promote genomic instability, inflammation, and disruption of cellular signaling pathways, thereby facilitating tumorigenesis. Additionally, GPX7 may interact with other signaling cascades involved in cell proliferation and apoptosis, contributing to malignant transformation. These pathways underscore the potential relevance of GPX7 in the complex biology of cancer.",0
CBFB,564,0.0,0.1111111111111111,0.0,0.6666666666666666,0.0,1.0,0.2222222222222222,0.0,0.7632300273809492,0.0,6.0,9.0,0.4777830864787386,1.0,0.2670226969292389,0.6196052381760169,1068656.0,125.0,0.04752437,4.212966233520406e-05,25.0,0.0,0.0,0.0,0.0,0.0,0.0,2.0,0.0,0.0,0.0,0.0,0.0,6.0,1.0,0.0,0.0,0.0,0.0,0.0,2.0,0.0,4.0,0.0,0.0,0.0,7.0,0.0,11.0,30.37142857,28.18904762,25.11869792361349,0.3811635093011133,0.2365818064516127,0.0204088024265856,155.0,-0.3082958293838862,0.0331524146482374,211.0,0.2779251366120218,0.0289438948261456,366.0,3.5412015450633056,0.0038008747291285,0.0705379263037423,0.0132149222167052,22.707107803917456,0.8561736749154503,"Yes, there is a relationship between the CBFB gene and cancer. CBFB encodes a transcription factor that forms heterodimers with RUNX proteins, playing a crucial role in hematopoiesis and the regulation of gene expression associated with cell differentiation and proliferation. Aberrant expression or mutations in CBFB can disrupt normal hematopoietic development and lead to myeloid malignancies, such as acute myeloid leukemia (AML). In particular, the CBFB-MYH11 fusion protein, resulting from a chromosomal translocation, can drive leukemogenesis by altering transcriptional programs essential for cell growth and survival, contributing to oncogenic transformation. Additionally, dysregulation of CBFB may influence pathways related to cell cycle control and apoptosis, further implicating it in tumorigenesis.",0
SUFU,1455,0.125,0.125,0.0,0.5,0.0,1.0,0.25,0.0,0.8018796874098554,0.0,2.0,3.5,0.5344735435595938,1.0,0.5356186395286556,0.8700229590570893,872435.8,165.0,0.03627374,0.000121435846014,27.0,0.0,0.0,0.0,0.0,0.0,0.0,1.0,1.0,0.0,0.0,0.0,1.0,4.0,1.0,0.0,0.0,0.0,0.0,1.0,0.0,0.0,1.0,0.0,1.0,0.0,7.0,0.0,9.0,21.22285714,145.1043775,22.07797532639968,2.2028779727708514,0.2080552525252525,0.0128874780190682,99.0,-0.3307588782051283,0.0435607693122423,312.0,0.3012025304136255,0.0388826669882155,411.0,3.2825133737789547,0.0080829072532667,0.0317874341655733,0.0073590075608058,22.417229702849244,1.988385951187505,"Yes, there is a relationship between the SUFU gene and cancer. SUFU (Suppressor of Fused) acts as a key regulator in the Hedgehog signaling pathway, which is critical for embryonic development and tissue homeostasis. Dysregulation of SUFU can lead to aberrant activation of this pathway, contributing to tumorigenesis in various cancers, particularly medulloblastoma and basal cell carcinoma. Mechanistically, loss-of-function mutations or deletions in SUFU can result in sustained Hedgehog pathway signaling, promoting cell proliferation and survival. Additionally, SUFU interacts with other oncogenic pathways and tumor suppressors, suggesting its role as a pivotal node in maintaining cellular signaling integrity. Thus, alterations in SUFU function can have significant implications in cancer biology.",0
SLC45A4,2397,0.2424242424242424,0.0,0.0,0.6363636363636364,0.0,1.0,0.0909090909090909,0.0303030303030303,0.9594215765405634,0.0,2.333333333333333,2.7777777777777777,1.0,1.0,0.0023,0.0162721461589081,277189.7,239.0,0.05746744,0.0,0.0,0.0,4.0,0.0,0.0,0.0,0.0,2.0,1.0,0.0,1.0,0.0,0.0,23.0,1.0,0.0,0.0,0.0,0.0,8.0,0.0,0.0,3.0,1.0,1.0,0.0,35.0,0.0,35.0,17.54077143,113.2230671,18.20932483740983,3.581677546834676,0.3682726872246699,0.0717864608051249,454.0,-0.2564794117647059,0.0234287639399473,68.0,0.3537095785440614,0.0668486220504938,522.0,3.386956994544558,0.0129652327886371,0.111514500398345,0.0145173604745375,21.73783949924749,1.5280310229045555,"The SLC45A4 gene encodes a protein that functions as a solute carrier, which is involved in cellular transport processes. While direct links between SLC45A4 and cancer are not well-established, some studies suggest that its expression may be altered in certain cancer types, potentially impacting cellular metabolism and ion homeostasis. Dysregulation of solute transporters like SLC45A4 can contribute to the tumor microenvironment by influencing nutrient availability, promoting altered cell proliferation, and affecting apoptotic pathways. These mechanisms may facilitate tumor growth and metastasis, highlighting the need for further research to elucidate the precise roles and regulatory pathways associated with SLC45A4 in cancer biology.",0
OR5B17,945,0.3333333333333333,0.0,0.0,0.5,0.0,1.0,0.1666666666666666,0.0,0.953509509058145,0.0,1.2,1.6,1.0,1.0,0.8952551477170994,0.9943120144020264,475497.4,835.0,-0.02900079,0.0,0.0,0.0,0.0,0.0,0.0,0.0,0.0,1.0,1.0,0.0,0.0,0.0,0.0,6.0,0.0,0.0,0.0,0.0,0.0,4.0,0.0,0.0,1.0,0.0,1.0,0.0,10.0,0.0,12.0,10.991,86.23259933,21.88701420269522,1.8204614569819408,0.2162361702127659,0.0217244504866565,141.0,-0.2571056410256411,0.0225716150437665,117.0,0.2347699999999999,0.0224378730552528,258.0,0.2585819849346053,0.3379911164190389,0.111514500398345,0.0145173604745375,20.060674391099585,2.322449260305919,"The relationship between the OR5B17 gene and cancer is currently unknown. However, emerging research in the field of olfactory receptors suggests that non-canonical roles of these genes could potentially influence cellular mechanisms relevant to tumor biology. For instance, olfactory receptors are involved in various signaling pathways that can affect cell proliferation, apoptosis, and differentiation. If OR5B17 holds any oncogenic or tumor-suppressive properties, it may impact local microenvironments or modulate interactions within tumor-immune cell communication, thereby influencing tumor progression or response to the microenvironment. More empirical studies are needed to elucidate any specific pathways or mechanisms linking OR5B17 to cancer pathology.",0
TESPA1,1566,0.2,0.0666666666666666,0.0,0.6666666666666666,0.0,1.0,0.0666666666666666,0.0,0.9658722633586913,0.0,2.5,3.0,0.8333333333333334,1.0,0.4058441558441558,0.7718287523016532,246748.7,748.0,0.01051447,3.255408500464949e-06,9.0,0.0,0.0,0.0,0.0,0.0,0.0,1.0,0.0,0.0,0.0,0.0,0.0,10.0,1.0,0.0,0.0,0.0,0.0,3.0,0.0,0.0,1.0,1.0,0.0,0.0,13.0,0.0,15.0,17.40515385,103.874796,19.25382918155416,0.4296019449488231,0.2243754777070064,0.016318211010828,157.0,-0.2348878571428571,0.0189576307467181,112.0,0.2287523791821561,0.017377469251781,269.0,2.832042116641409,0.0916370943738796,0.111514500398345,0.0145173604745375,20.158571109758984,1.989887472255026,"Current research indicates that the TESPA1 gene may be involved in cellular mechanisms relevant to cancer, although the exact relationship is not fully established. TESPA1 is thought to play a role in T cell activation and immune response modulation, which are critical processes in tumor immunology. Dysregulation of this gene could potentially lead to altered immune surveillance, enabling tumor cells to evade detection and destruction by the immune system. Additionally, aberrant expression of TESPA1 may influence pathways linked to cell proliferation, differentiation, and apoptosis, further contributing to oncogenic processes. However, more targeted studies are needed to clarify the specific mechanisms by which TESPA1 may be associated with cancer development and progression.",0
DLK2,1152,0.3,0.1,0.0,0.4,0.0,1.0,0.2,0.0,0.8568636235841013,0.0,1.0,1.75,0.2700513097488523,1.0,0.9970089730807578,0.9999955224125608,1278255.0,230.0,0.05552362,2.669505696168656e-06,4.0,0.0,0.0,0.0,0.0,0.0,0.0,2.0,0.0,0.0,0.0,0.0,0.0,4.0,1.0,0.0,0.0,0.0,0.0,3.0,0.0,0.0,2.0,0.0,0.0,0.0,8.0,0.0,10.0,16.648,131.5026777,21.155646909638865,0.5025507292503041,0.3047126737967914,0.0578796649347478,187.0,-0.2494301550387597,0.0189166678968507,129.0,0.2821448101265822,0.0426039807285352,316.0,2.602644310925241,0.1778375422338612,0.1059819971996428,0.0161741208848199,20.060674391099585,2.322449260305919,"The DLK2 gene, part of the DLK family of proteins, has been implicated in various cellular processes, including differentiation and apoptosis. Emerging evidence suggests that DLK2 may play a role in tumorigenesis, particularly in certain cancers where its expression is dysregulated. Mechanistically, alterations in DLK2 expression can influence signaling pathways associated with cell proliferation and survival, possibly through interactions with the Notch and MAPK pathways. Furthermore, DLK2's involvement in the regulation of the cell cycle and its potential role in the modulation of the tumor microenvironment may contribute to cancer progression and metastasis. However, the precise mechanisms and the extent of DLK2's role in different cancer types are still under investigation.",0
SFRP4,1041,0.2857142857142857,0.0714285714285714,0.1428571428571428,0.5,0.0,1.0,0.0,0.0,0.8732737098805868,0.0,1.4,2.0,0.0382584742520468,1.0,0.973709834469328,0.9996513446411112,100825.5,683.0,0.01049116,5.882275302627892e-06,18.0,0.0,0.0,1.0,0.0,0.0,0.0,0.0,0.0,0.0,0.0,0.0,0.0,7.0,1.0,0.0,0.0,0.0,0.0,4.0,2.0,0.0,0.0,0.0,0.0,0.0,15.0,0.0,15.0,21.9494,106.8984097,23.90081669993739,3.968476476356887,0.3011679468599034,0.0257107407165976,414.0,-0.2460651351351351,0.0156398600308034,74.0,0.2928121926229509,0.0245397574475439,488.0,3.4872301160433024,0.0851389752877386,0.1335949840924565,0.0212290199326122,20.060674391099585,2.322449260305919,"Yes, there is a relationship between the SFRP4 gene and cancer. SFRP4 (Secreted Frizzled-Related Protein 4) functions as an antagonist of the Wnt signaling pathway, and its altered expression has been implicated in various cancer types. In many tumors, loss of SFRP4 expression can lead to aberrant activation of Wnt signaling, promoting cell proliferation, migration, and invasion. Additionally, SFRP4 may influence tumor microenvironment interactions and modulate apoptosis, thereby contributing to tumor progression. The downregulation of SFRP4 has been associated with poor prognosis in certain cancers, highlighting its potential role as a tumor suppressor. Understanding the precise mechanistic pathways involved in SFRP4's regulatory functions could provide deeper insights into its role in cancer biology.",0
MRPS34,657,0.0,0.0,0.0,1.0,0.0,1.0,0.0,0.0,1.0,0.0,3.0,3.0,1.0,1.0,0.8424599831508003,0.9868821530139268,1604603.0,288.0,0.03598955,3.004164228135436e-05,27.0,0.0,0.0,0.0,0.0,0.0,0.0,0.0,0.0,0.0,0.0,0.0,0.0,3.0,0.0,0.0,0.0,0.0,0.0,0.0,0.0,0.0,0.0,0.0,0.0,0.0,3.0,0.0,3.0,15.63333333,42.80743333,24.34893603518383,0.3819982539552389,0.246172,0.0178339394663316,200.0,-0.2409780392156862,0.0182921048948142,153.0,0.2439207932011331,0.0179877625959599,353.0,3.504851754119834,0.0069890553650158,0.0460640048413844,0.013342780393647,20.060674391099585,2.322449260305919,"The MRPS34 gene encodes a mitochondrial ribosomal protein that plays a role in mitochondrial protein synthesis. There is emerging evidence suggesting a potential relationship between MRPS34 and cancer, primarily through its involvement in mitochondrial function and cellular metabolism. Alterations in mitochondrial protein synthesis can affect the bioenergetics of cancer cells, contributing to increased oxidative stress and promoting a metabolic shift towards anaerobic glycolysis, commonly referred to as the Warburg effect. Additionally, aberrations in mitochondrial dynamics and apoptosis pathways, which MRPS34 may influence, could further enhance tumorigenesis by facilitating uncontrolled cell proliferation and resistance to cell death. However, further research is necessary to elucidate the precise mechanisms and pathways linking MRPS34 to specific cancer types.",0
TPRN,2136,0.4615384615384615,0.0,0.0,0.5384615384615384,0.0,1.0,0.0,0.0,1.0000000000000002,0.0,1.0,1.0,1.0,1.0,0.6289308176100629,0.9205874315925408,1722012.0,202.0,0.03571653,1.7369970516924984e-06,6.0,0.0,0.0,0.0,0.0,0.0,0.0,0.0,0.0,0.0,0.0,0.0,0.0,7.0,0.0,0.0,0.0,0.0,0.0,6.0,0.0,0.0,0.0,0.0,0.0,0.0,13.0,0.0,12.0,11.27192308,71.47371158,22.31989714111981,1.2604471551066292,0.2638164016874681,0.0370683991865753,190.13201675643327,-0.2623792743604192,0.0349935889004216,187.6534410532616,0.2724842722630945,0.0397860230283488,377.6466786355476,3.255479951569128,0.0206037317935948,0.0532997132419468,0.0063086646497348,23.1631970167838,1.2209929646274753,"The relationship between the TPRN gene and cancer is currently not well-defined in the literature. However, emerging evidence suggests that TPRN may have roles in cellular processes such as cell adhesion and cytoskeletal organization, which are critical for maintaining normal cellular architecture and function. Disruptions in these processes can lead to increased cell motility and invasiveness, characteristics often associated with cancer progression. Furthermore, aberrations in gene expression or mutations in TPRN could potentially influence tumor microenvironment interactions and contribute to oncogenic signaling pathways. Nevertheless, more research is needed to elucidate the precise mechanisms and any potential implications of TPRN in cancer biology.",0
TMX3,1365,0.0,0.1428571428571428,0.0,0.7142857142857143,0.0,1.0,0.1428571428571428,0.0,0.8982265179691364,0.0,5.0,7.0,0.7407407407407407,1.0,0.0119050453582228,0.0646538368655926,70752.62,920.0,-0.0241995,1.0480430759552458e-05,6.0,0.0,0.0,0.0,0.0,0.0,0.0,1.0,0.0,0.0,0.0,0.0,2.0,6.0,1.0,0.0,0.0,0.0,0.0,0.0,0.0,0.0,1.0,1.0,0.0,0.0,8.0,0.0,9.0,24.07125,84.8610125,24.83775964760415,0.3983681762354313,0.2596735779816513,0.0269787969435609,109.0,-0.2835096749999999,0.0240864450036534,400.0,0.2784052848722986,0.0247497423655191,509.0,3.5634276814264325,0.0033476310356058,0.111514500398345,0.0145173604745375,17.219195397314586,2.8518431560126247,"The TMX3 gene, which encodes a member of the thioredoxin family of proteins, has been implicated in various cellular processes, including redox regulation and protein folding. Alterations in TMX3 expression have been observed in several cancer types, suggesting a potential role in tumorigenesis. One proposed mechanism by which TMX3 could influence cancer progression involves the modulation of oxidative stress responses. By regulating the balance between oxidized and reduced states in cells, TMX3 may affect cellular proliferation, survival, and apoptosis. Additionally, its involvement in the endoplasmic reticulum stress response may impact tumor cell adaptability to stressful microenvironments, further implicating TMX3 in cancer biology. However, the specific pathways and interactions through which TMX3 exerts its effects on cancer are still under investigation.",0
GBE1,2109,0.1428571428571428,0.0,0.0,0.7142857142857143,0.0,1.0,0.1428571428571428,0.0,0.9624786378518296,0.0,3.333333333333333,4.0,1.0,1.0,0.0680225834977212,0.2508615413020765,54244.42,720.0,-0.0003214500999999,2.1489199441233955e-05,17.0,0.0,0.0,0.0,0.0,0.0,0.0,2.0,0.0,0.0,0.0,0.0,0.0,9.0,0.0,0.0,0.0,0.0,0.0,2.0,2.0,0.0,3.0,0.0,0.0,0.0,12.0,0.0,13.0,24.60008333,70.01731499,26.43647470267694,0.6127729673016081,0.2595106211180125,0.0328763569508618,161.0,-0.2864586994219656,0.0263457444177238,345.0,0.2779012228796843,0.0285163817151023,505.0,3.497284217104309,0.0085495263567687,0.0794588818686837,0.0017072543066652,18.559937194832045,4.0667840430518885,"The GBE1 gene, which encodes the glycogen branching enzyme, has been implicated in metabolic pathways that could relate to cancer biology. Dysregulation of glycogen metabolism has been observed in various cancer types, potentially influencing cellular energy homeostasis, proliferation, and survival. Alterations in GBE1 expression or function may lead to abnormal glycogen accumulation, thereby disrupting normal cellular processes and contributing to oncogenic signaling pathways. Additionally, the interaction between altered glycogen metabolism and the tumor microenvironment could play a role in cancer cell adaptation and invasion. Further research is needed to establish direct links between GBE1 and specific cancer mechanisms.",0
KEAP1,1875,0.1176470588235294,0.0392156862745098,0.0,0.7647058823529411,0.0,1.0,0.0588235294117647,0.0196078431372549,0.9391288474840984,0.0,5.571428571428571,6.428571428571429,0.5288207297726071,1.0,0.0063799999999999,0.0386282662187702,1996822.0,207.0,0.0303180999999999,0.0006135660927849,90.0,0.0,0.0,0.0,0.0,0.0,0.0,3.0,0.0,0.0,1.0,0.0,0.0,38.0,2.0,0.0,0.0,0.0,0.0,6.0,1.0,0.0,4.0,0.0,0.0,0.0,47.0,0.0,43.0,24.38012766,61.21831951,23.323038065315693,0.4868830897310828,0.334574588235294,0.0811068480084093,170.0,-0.2207648543689319,0.0131400284182713,206.0,0.2722213829787232,0.0469524038066156,376.0,3.5523121435913114,0.0041279063980856,0.0489862349614228,0.012442072681936,15.71650152776039,1.5636369047412582,"Yes, there is a relationship between the KEAP1 gene and cancer. KEAP1 (Kelch-like ECH-associated protein 1) serves as a critical regulator of the Nrf2 (nuclear factor erythroid 2-related factor 2) pathway, which plays a vital role in cellular antioxidant defense and oxidative stress response. In many cancers, mutations or loss of function in the KEAP1 gene can lead to the stabilization and constitutive activation of Nrf2. This aberrant activation promotes tumorigenesis by enhancing cell survival, proliferation, and resistance to chemotherapeutic agents, while simultaneously reducing apoptosis. Furthermore, altered KEAP1-Nrf2 interactions may contribute to metabolic reprogramming and the inflammatory microenvironment characteristic of various malignancies, underscoring its potential role in cancer progression and development.",0
RBCK1,1533,0.375,0.125,0.0,0.5,0.0,1.0,0.0,0.0,1.0,0.0,1.0,1.25,0.5500550055005501,1.0,0.2449179524859172,0.5894763684392452,802743.7,165.0,0.04098186,0.0002865664710592,72.0,0.0,0.0,0.0,0.0,0.0,0.0,0.0,0.0,0.0,0.0,0.0,3.0,5.0,1.0,0.0,0.0,0.0,0.0,4.0,0.0,0.0,0.0,0.0,0.0,0.0,13.0,0.0,12.0,20.23292308,103.4058444,23.722764713717595,0.8193149293536545,0.3058845084745761,0.0404759793357269,295.0,-0.2706891304347826,0.034983266521866,138.0,0.2946675057736719,0.0389099710650607,433.0,3.554146541935064,0.005994224802911,0.044878881195222,0.0041659461382035,20.57991306562283,1.4885889282101,"The RBCK1 gene, known for its role in ubiquitination and regulation of cellular processes, has been implicated in cancer through its involvement in the modulation of cell cycle progression and apoptosis. Dysregulation of RBCK1 can lead to abnormal protein turnover and enhanced survival of malignant cells. It has been shown to interact with various oncogenic pathways, including those related to the NF-κB signaling pathway, affecting inflammatory responses and tumor microenvironment interactions. Additionally, alterations in RBCK1 expression levels have been associated with tumorigenesis in certain cancer types, suggesting that its functional perturbation may contribute to malignancy by promoting uncontrolled cell growth and evasion of programmed cell death.",0
ANKFY1,3636,0.25,0.0625,0.0,0.6875,0.0,1.0,0.0,0.0,1.0,0.0,2.2,2.4,0.4826254826254826,1.0,0.2458814851241701,0.5908300041615657,816228.9,357.0,0.02644424,4.90844746427149e-05,27.0,0.0,0.0,0.0,0.0,0.0,0.0,0.0,0.0,0.0,0.0,0.0,1.0,11.0,1.0,0.0,0.0,0.0,0.0,4.0,0.0,0.0,0.0,0.0,0.0,0.0,17.0,0.0,15.0,20.36164706,125.2263106,25.849254813599845,0.4014604445124418,0.2480058888888888,0.0368164881300998,89.0,-0.2821238850574712,0.0237468791178208,427.0,0.2762750857142856,0.0260870552139716,515.0,3.6228526335450257,0.0085270814327255,0.034533282423553,0.0076395225306262,21.617417429036657,1.4967877435986234,"The relationship between the ANKFY1 gene and cancer is currently not well established, and further research is needed to elucidate any potential links. However, ANKFY1 is involved in cellular processes such as endocytosis and vesicle trafficking, which are critical for maintaining cellular homeostasis and regulating signaling pathways. Dysregulation of these processes can lead to oncogenic signaling, altered tumor microenvironments, and immune evasion, all of which may contribute to tumorigenesis. Additionally, any aberrations in the expression or function of ANKFY1 could potentially interact with other oncogenes or tumor suppressor genes, further implicating it in cancer biology. Nonetheless, definitive conclusions regarding its specific role in cancer remain unclear without more comprehensive studies.",0
NEUROG1,714,0.5,0.0,0.0,0.5,0.0,1.0,0.0,0.0,1.0,0.0,0.8333333333333334,0.8333333333333334,1.0,1.0,0.4418912947414936,0.8027801001552808,496830.1,608.0,0.03380772,8.933719659663174e-07,7.0,0.0,0.0,0.0,0.0,0.0,0.0,0.0,0.0,0.0,0.0,0.0,0.0,6.0,0.0,0.0,0.0,0.0,0.0,5.0,0.0,0.0,0.0,1.0,0.0,0.0,10.0,0.0,11.0,15.2899,117.5448477,21.88701420269522,1.8204614569819408,0.2581269642857142,0.0141125846919268,168.0,-0.2480273140495867,0.0151770094861167,242.0,0.2521657073170733,0.0147300137903297,410.0,0.1520901387340436,0.2027733215628762,0.1891124218312212,0.0305912384419951,20.060674391099585,2.322449260305919,"The NEUROG1 gene, which encodes a transcription factor involved in neurogenesis, has been implicated in various cancers through mechanisms related to its roles in cell differentiation and proliferation. Aberrant expression of NEUROG1 may disrupt normal signaling pathways, leading to altered cellular identities and promoting an undifferentiated state in tumors. This can facilitate the acquisition of aggressive traits, such as enhanced migration and invasion, potentially contributing to tumor progression and metastasis. Additionally, NEUROG1's involvement in neural crest development suggests a possible link to neuroectodermal tumors where misregulation may drive oncogenic processes. Investigating the exact pathways and interactions influenced by NEUROG1 may yield further insights into its role in cancer biology.",0
IBTK,4062,0.2727272727272727,0.0454545454545454,0.0,0.6363636363636364,0.0,1.0,0.0454545454545454,0.0,0.979614197798402,0.0,2.0,2.2857142857142856,0.8841732979664014,1.0,0.7751937984496124,0.9725908669562642,124945.6,466.0,-0.0008339831,7.666204573321754e-06,16.0,0.0,0.0,1.0,0.0,0.0,0.0,0.0,1.0,0.0,0.0,0.0,3.0,13.0,1.0,0.0,0.0,0.0,0.0,6.0,1.0,0.0,0.0,0.0,1.0,0.0,25.0,0.0,19.0,16.72388,86.66002578,21.58205108168461,0.3967853004791583,0.2425192741935483,0.0252891028197941,124.0,-0.2717115899581591,0.0285516295419992,239.0,0.2617395592286501,0.027556414287098,363.0,3.657346877353018,0.0031052770900499,0.0908557413477735,0.0092092519982797,23.325962158128824,0.7916361623956777,"The IBTK gene has been implicated in cancer through its role in various cellular processes, including cell proliferation, apoptosis, and the regulation of the cell cycle. It encodes a protein that may function in the modulation of signaling pathways, potentially influencing tumorigenesis by affecting the behavior of key regulatory proteins. For instance, dysregulation of IBTK could lead to aberrant activation of oncogenic pathways or suppression of tumor suppressor mechanisms, contributing to the malignant phenotype observed in various cancers. Additionally, alterations in IBTK expression have been associated with changes in the tumor microenvironment, which can further facilitate cancer progression and metastasis.",0
RNF182,744,0.4444444444444444,0.1111111111111111,0.0,0.3333333333333333,0.0,1.0,0.1111111111111111,0.0,0.9298966940476158,0.0,0.6,1.0,0.4355400696864111,1.0,0.9813542688910696,0.999825077763089,256934.2,590.0,0.01960172,1.6768650976315587e-05,5.0,0.0,0.0,0.0,0.0,0.0,0.0,0.0,1.0,0.0,0.0,0.0,0.0,3.0,1.0,0.0,0.0,0.0,0.0,4.0,0.0,0.0,0.0,0.0,1.0,0.0,8.0,0.0,8.0,14.69975,189.9061951,21.88701420269522,1.8204614569819408,0.2810384615384615,0.0432438328108797,182.0,-0.262973445945946,0.0253547544172963,148.0,0.2729365757575757,0.0352003656055641,330.0,2.475393542240824,0.3666727134976927,0.0888530001001687,0.013411755665173,15.39999506973955,1.151565690721801,"The RNF182 gene is implicated in various cellular processes, including protein degradation and cellular stress responses, functions often disrupted in cancer. Various studies suggest that RNF182 may play a role in modulating tumorigenesis through its involvement in the ubiquitin-proteasome system, which regulates protein stability and turnover. Anomalies in RNF182 expression or function could lead to the accumulation of oncogenic proteins or the degradation of tumor suppressors, thereby influencing cell cycle progression, apoptosis, and DNA repair mechanisms. Furthermore, alterations in RNF182 might also affect the cellular response to stress, potentially promoting a tumorigenic microenvironment. Nonetheless, further research is necessary to elucidate the specific mechanisms through which RNF182 may contribute to cancer development and progression.",0
EID1,564,0.0,0.25,0.0,0.75,0.0,1.0,0.0,0.0,1.0,0.0,3.0,4.0,0.5042864346949067,1.0,0.1341021858656296,0.4035340201906472,649122.9543319192,444.4009897808343,0.0198885680771551,1.983338134883297e-05,21.0,0.0,0.0,0.0,0.0,0.0,0.0,0.0,0.0,0.0,0.0,0.0,0.0,3.0,1.0,0.0,0.0,0.0,0.0,0.0,0.0,0.0,0.0,0.0,0.0,0.0,4.0,0.0,4.0,27.05,44.29666667,15.509333720587794,0.16880725405953,0.2278594594594594,0.0295511754736764,74.0,-0.266738303886926,0.0227296780722903,283.0,0.2586793837535013,0.0243136938513045,357.0,3.672076427364961,0.0043452769675311,0.0574910711994081,0.0122001512615524,20.060674391099585,2.322449260305919,"Yes, there is a relationship between the EID1 gene and cancer. EID1 (Epigenase Inhibitor Domain 1) has been implicated in the regulation of various cellular processes, including cell cycle progression and apoptosis, through its role in modulating chromatin structure and gene expression. EID1 can interact with transcriptional co-repressors and histone deacetylases, influencing the expression of genes involved in tumorigenesis. Dysregulation of EID1 expression has been observed in several cancers, suggesting that it may contribute to tumor development and metastasis by altering the epigenetic landscape and disrupting normal cellular signaling pathways. Additionally, EID1's involvement in the response to cellular stress and DNA damage could further link its function to cancer biology, as these processes are critical for maintaining genomic integrity.",0
KLF11,1539,0.3076923076923077,0.0,0.0,0.6153846153846154,0.0,1.0,0.0769230769230769,0.0,1.0000000000000002,0.0,1.6,1.8,1.0,1.0,0.0225978486848052,0.1082414482548283,922436.7,234.0,0.04166601,3.656359490052695e-05,16.0,0.0,0.0,0.0,0.0,0.0,0.0,1.0,0.0,0.0,0.0,0.0,0.0,8.0,0.0,0.0,0.0,0.0,0.0,4.0,0.0,0.0,1.0,0.0,0.0,0.0,12.0,0.0,10.0,21.08541667,167.6008975,21.88701420269522,1.8204614569819408,0.2394436986301368,0.0173098908720372,219.0,-0.2420054794520547,0.020401805889003,73.0,0.2400841438356162,0.0180166513508108,292.0,3.393489138925158,0.0115484452435511,0.1498474741520354,0.0221684375353761,17.624448214415597,1.213775766378382,"Yes, there is a relationship between the KLF11 gene and cancer. KLF11 is a member of the Krüppel-like factor (KLF) family of transcription factors, which play crucial roles in regulating cellular processes such as proliferation, differentiation, and apoptosis. Dysregulation of KLF11 has been implicated in various cancers, particularly through its role in modulating insulin signaling and glucose metabolism, which can influence tumor growth and survival. KLF11 can act as a tumor suppressor in some contexts, promoting apoptosis and inhibiting proliferation when functioning normally. In contrast, loss of KLF11 expression or function may lead to increased cell survival and proliferation, contributing to cancer progression. Additionally, KLF11's involvement in the epithelial-mesenchymal transition (EMT) suggests it may also play a role in metastasis, a crucial step in cancer advancement.",0
DERL1,756,0.0,0.0,0.0,1.0,0.0,1.0,0.0,0.0,1.0,0.0,3.0,3.0,1.0,1.0,0.0161443954731115,0.0827591146263517,470881.2,412.0,0.03264195,0.000272704869932,58.0,0.0,0.0,0.0,0.0,0.0,0.0,0.0,0.0,0.0,0.0,0.0,0.0,3.0,0.0,0.0,0.0,0.0,0.0,0.0,0.0,0.0,0.0,0.0,0.0,0.0,3.0,0.0,3.0,25.33333333,13.17333333,24.43913320760633,1.5688217363434,0.3769310084033614,0.0740036639897178,476.0,-0.2385238181818182,0.0189606456055218,55.0,0.3625950470809791,0.0700379141842901,531.0,3.622154171677657,0.0048924915333839,0.0287601235617264,0.0060953401546011,20.005058315023906,2.9695767183009107,"The DERL1 gene, involved in the endoplasmic reticulum-associated degradation (ERAD) pathway, has been implicated in cancer through its role in protein quality control and cellular stress responses. Dysregulation of DERL1 can lead to the accumulation of misfolded proteins, which may contribute to tumorigenesis by triggering unfolded protein response (UPR) pathways, promoting chronic inflammation, or enhancing survival of cancer cells in adverse microenvironments. Additionally, altered DERL1 expression may influence apoptosis and cell proliferation, potentially facilitating cancer progression and metastasis. Exploration of its precise role in various cancer types may reveal deeper insights into its mechanistic contributions to oncogenesis.",0
GOLGA8K,1893,0.3333333333333333,0.0666666666666666,0.0,0.5333333333333333,0.0,1.0,0.0666666666666666,0.0,0.9658722633586913,0.0,1.3333333333333333,1.6666666666666667,0.8223684210526315,1.0,0.074399226248047,0.2677114602402359,649122.9543319192,444.4009897808343,0.0198885680771551,0.0,0.0,0.0,0.0,0.0,0.0,0.0,0.0,1.0,0.0,0.0,0.0,0.0,0.0,8.0,1.0,0.0,0.0,0.0,0.0,5.0,0.0,0.0,1.0,0.0,0.0,0.0,14.0,0.0,14.0,9.229857143,87.07968952,21.88701420269522,1.8204614569819408,0.1954484210526315,0.0123059787563909,57.0,-0.2786145270270268,0.0235214318133348,296.0,0.2651854390934842,0.0226094980129458,353.0,1.9907002216095333,0.7459875088231629,0.111514500398345,0.0145173604745375,20.060674391099585,2.322449260305919,"The GOLGA8K gene, which encodes a member of the golgin protein family involved in Golgi apparatus organization and transport processes, may be implicated in cancer through mechanisms related to cellular proliferation and survival. Alterations in golgins can disrupt normal vesicular trafficking, leading to aberrant secretion of growth factors and cytokines that promote tumor growth and metastasis. Additionally, changes in Golgi architecture have been associated with oncogenic signaling pathways, which can further influence cell fate decisions and enhance the tumor microenvironment. Moreover, any dysregulation of GOLGA8K could potentially affect the integrity of the immune response, contributing to an environment conducive to tumor development.",0
DOK5,921,0.0714285714285714,0.1428571428571428,0.0,0.7142857142857143,0.0,1.0,0.0714285714285714,0.0,0.9107950720287574,0.0,5.0,6.5,0.2279981760145919,1.0,0.4208754208754209,0.7851087548402351,139298.5,847.0,-0.03702153,1.8581690639019835e-06,5.0,0.0,0.0,0.0,0.0,0.0,0.0,1.0,0.0,0.0,0.0,0.0,0.0,10.0,2.0,0.0,0.0,0.0,0.0,1.0,0.0,0.0,1.0,0.0,0.0,0.0,13.0,0.0,13.0,28.22615385,70.27289231,18.78742115543588,1.6270707119255885,0.3501025136612022,0.0544304705816094,366.0,-0.2133890566037735,0.0127578884856313,53.0,0.3328094033412888,0.0511861949549062,419.0,2.848442890443957,0.141425704119169,0.1153734008000896,0.0209000498361924,20.090175226310727,1.0233017602925798,"The DOK5 gene, part of the DOK family of adapter proteins, is implicated in various cellular processes, including signal transduction and cellular growth regulation. Its potential relationship with cancer may be linked to its role in modulating pathways such as the PI3K/AKT signaling cascade, which is often dysregulated in tumors. Aberrant expression or mutations in DOK5 could disrupt normal signaling mechanisms, contributing to uncontrolled cell proliferation, survival, and invasion, thereby promoting oncogenesis. Additionally, DOK5 might interact with various growth factor receptors, influencing the tumor microenvironment and cellular responses to external stimuli. These mechanisms underscore the need for further research to elucidate the precise role of DOK5 in cancer biology.",0
RAB17,639,0.0,0.5,0.0,0.5,0.0,1.0,0.0,0.0,1.0,0.0,1.0,2.0,0.3732736095558044,1.0,0.6648936170212766,0.9362554691008298,492798.9,440.0,0.01127401,8.758442290656607e-06,12.0,3.0,1.0,0.0,0.0,0.0,0.0,0.0,0.0,0.0,0.0,0.0,3.0,1.0,1.0,0.0,0.0,0.0,0.0,0.0,0.0,0.0,0.0,0.0,0.0,0.0,9.0,0.0,9.0,11.31822222,199.4268569,21.511847113742785,2.6796576143998574,0.2141695419847328,0.0179123964951732,131.0,-0.2686803846153846,0.0210812243817865,156.0,0.2437991289198607,0.0203069365205672,287.0,3.080519122214424,0.192130433410562,0.111514500398345,0.0145173604745375,19.39272797844238,10.681982394375453,"The RAB17 gene, a member of the RAB family of small GTPases, is implicated in intracellular transport processes and may play a role in regulating endocytic trafficking. Recent studies have suggested that RAB17 may be involved in cellular processes that are often dysregulated in cancer, such as cell proliferation, survival, and migration. Overexpression of RAB17 has been linked to enhanced metastatic potential in certain cancer types, potentially through its role in promoting the secretion of proteins that facilitate tumor growth and invasion. Mechanistically, RAB17 may influence signaling pathways associated with epithelial-to-mesenchymal transition (EMT), a critical process in cancer metastasis, by modulating the trafficking of key receptors and signaling molecules. However, further research is needed to fully elucidate RAB17's specific contributions to oncogenesis and tumor progression.",0
OR4K14,933,0.1818181818181818,0.1818181818181818,0.0,0.6363636363636364,0.0,1.0,0.0,0.0,0.9474427588512933,0.0,2.333333333333333,3.0,0.0912408759124087,1.0,0.3901677721420211,0.7573852701451167,420009.5,827.0,-0.05140858,0.0,0.0,0.0,0.0,0.0,0.0,0.0,0.0,0.0,0.0,0.0,0.0,0.0,0.0,7.0,2.0,0.0,0.0,0.0,0.0,2.0,0.0,0.0,0.0,0.0,0.0,0.0,11.0,0.0,11.0,20.244,121.611591,21.88701420269522,1.8204614569819408,0.2576942372881355,0.0416124849631933,177.0,-0.282441659574468,0.0235798058882596,235.0,0.2718098786407769,0.0313948968050947,412.0,0.0092995847559608,0.0103566781117018,0.111514500398345,0.0145173604745375,20.060674391099585,2.322449260305919,"The relationship between the OR4K14 gene and cancer is not well-established in the literature. However, given that OR4K14 encodes an olfactory receptor, it may play a role in cell signaling pathways that influence tumor biology. Alterations in olfactory receptor signaling can affect various processes, such as cell proliferation, apoptosis, and differentiation, which are critical in cancer development and progression. Additionally, changes in the expression of olfactory receptors have been implicated in tumor microenvironments, suggesting potential interactions with tumor-associated cells. Further research is necessary to elucidate any direct or indirect mechanisms linking OR4K14 to cancer pathology.",0
ZNF468,1569,0.3636363636363636,0.0,0.0,0.5454545454545454,0.0,1.0,0.0909090909090909,0.0,1.0000000000000002,0.0,1.2,1.4,1.0,1.0,0.2946375957572186,0.6546874386599983,557083.2,1008.0,-0.03907911,5.2515137883697336e-08,2.0,0.0,0.0,0.0,0.0,0.0,0.0,1.0,0.0,0.0,0.0,0.0,0.0,6.0,0.0,0.0,0.0,0.0,0.0,4.0,0.0,0.0,1.0,0.0,0.0,0.0,10.0,0.0,10.0,10.3149,47.60594077,14.781114088292512,0.2366901083986398,0.2707220441988951,0.0369492910319091,181.0,-0.2652222352941177,0.0247126945500034,170.0,0.2680583190883189,0.0309427697454521,351.0,3.4224362150418925,0.0105094023456687,0.0979844413285347,0.0087721363508798,16.60121048464746,2.0697593980940385,"The ZNF468 gene encodes a zinc-finger protein that is believed to play a role in transcriptional regulation and cellular processes. While research directly linking ZNF468 to cancer is limited, some studies suggest that alterations in the expression or function of zinc-finger transcription factors can influence oncogenic pathways. For instance, dysregulation of ZNF468 may affect the modulation of genes involved in cell proliferation, apoptosis, and the DNA damage response. Such disruptions could lead to enhanced tumorigenesis or resistance to therapy. Furthermore, variations in the regulatory elements that control ZNF468 expression might interact with oncogenic signals, contributing to the overall genomic instability associated with cancer progression. However, the specific mechanisms connecting ZNF468 to cancer remain to be fully elucidated.",0
RASSF8,1260,0.2857142857142857,0.1428571428571428,0.0,0.5714285714285714,0.0,1.0,0.0,0.0,1.0,0.0,1.3333333333333333,1.6666666666666667,0.7479431563201197,1.0,0.2568053415511042,0.6059160007575779,143649.2,396.0,0.003793507,6.265121678442199e-05,28.0,0.0,0.0,0.0,0.0,0.0,0.0,0.0,0.0,0.0,0.0,0.0,0.0,4.0,1.0,0.0,0.0,0.0,0.0,2.0,0.0,0.0,0.0,0.0,0.0,0.0,7.0,0.0,6.0,21.29942857,115.6135546,21.226139699027872,0.9619000893626988,0.3659021621621623,0.1504177312224389,259.0,-0.2513595505617978,0.034159974988432,89.0,0.3366082183908047,0.1230054821432144,348.0,3.4538007987341977,0.0245127113427143,0.0537423615901905,0.0106054175312229,23.67892941615253,6.244922674120802,"The RASSF8 gene, a member of the RASSF family of tumor suppressor genes, has been implicated in various cancer-related processes. While its precise role in cancer is still being elucidated, studies suggest that RASSF8 may function as a regulator of cell cycle progression and apoptosis, potentially influencing tumorigenesis. RASSF8 is believed to be involved in the Ras signaling pathway, which plays a critical role in cell growth and differentiation. Dysregulation of RASSF8 expression or mutations affecting its function could disrupt these processes, leading to uncontrolled cell proliferation and survival, common hallmarks of cancer. Additionally, RASSF8 may interact with other proteins involved in cellular signaling pathways, further contributing to its potential role in cancer development. However, more research is needed to fully understand the relationship between RASSF8 and specific cancer types.",0
RWDD4,567,0.0,0.0,0.0,0.5,0.0,1.0,0.5,0.0,1.0,0.0,1.0,2.0,1.0,1.0,0.6514657980456026,0.9306386847160656,150716.8,254.0,-0.003079487,4.336258611000009e-06,6.0,0.0,0.0,0.0,0.0,0.0,0.0,1.0,0.0,0.0,0.0,0.0,0.0,1.0,0.0,0.0,0.0,0.0,0.0,0.0,0.0,0.0,1.0,0.0,0.0,0.0,1.0,0.0,2.0,25.2,0.0,23.12401808520628,0.4463399075626453,0.2050590410958903,0.0195587008865677,73.0,-0.2934233881578951,0.0307785491848521,304.0,0.276313050397878,0.0297706324185958,377.0,3.4259409909995986,0.0044149778002182,0.0502621099489485,0.0086860051452915,17.55895378253721,2.662776903345253,"The RWDD4 gene, which encodes a protein involved in the regulation of various cellular processes, has been implicated in cancer through its potential roles in cell proliferation, apoptosis, and stress response pathways. Dysregulation of RWDD4 expression has been observed in several cancer types, suggesting a possible contribution to tumorigenesis. Mechanistically, alterations in RWDD4 could impact the regulation of transcriptional networks that control cell cycle progression and survival signals, thereby facilitating tumor growth and metastasis. Additionally, RWDD4 may interact with molecular partners involved in the maintenance of genomic stability or cellular stress responses, linking its function to the development and progression of cancer. Further research is necessary to elucidate the precise mechanisms by which RWDD4 contributes to oncogenesis.",0
MAN1B1,2100,0.1176470588235294,0.0588235294117647,0.0588235294117647,0.7058823529411765,0.0,1.0,0.0,0.0588235294117647,0.9424351665604176,0.0,4.0,5.0,0.2345765892563922,1.0,0.5330490405117271,0.8684125003113182,1836975.0,202.0,0.03781981,1.9520587305808128e-07,3.0,3.0,3.0,0.0,0.0,0.0,0.0,0.0,0.0,0.0,1.0,0.0,8.0,12.0,1.0,0.0,0.0,0.0,0.0,3.0,1.0,0.0,3.0,1.0,0.0,0.0,28.0,0.0,31.0,12.51082143,151.9378126,23.960053073684406,0.7446259251725148,0.2638164016874681,0.0370683991865753,190.13201675643327,-0.2623792743604192,0.0349935889004216,187.6534410532616,0.2724842722630945,0.0397860230283488,377.6466786355476,3.5678534843525167,0.0028111185677154,0.0405606104444432,0.0047729586777171,17.79620181317949,1.6565601527596103,"Yes, there is a relationship between the MAN1B1 gene and cancer. MAN1B1 is involved in the glycosylation process, which is critical for protein folding, stability, and function. Alterations in glycoprotein processing due to aberrations in MAN1B1 expression or activity can lead to the accumulation of misfolded proteins and the subsequent activation of stress response pathways, potentially promoting tumorigenesis. Furthermore, abnormal glycosylation patterns are frequently observed in cancer cells, impacting cell signaling, immune evasion, and metastasis. Thus, the dysregulation of MAN1B1 may contribute to the altered glycosylation landscape observed in various cancers, influencing tumor progression and behavior.",0
LIN28B,753,0.0,0.0,0.0,1.0,0.0,1.0,0.0,0.0,1.0,0.0,4.0,4.0,1.0,1.0,0.2360717658168083,0.5768695532906423,108629.5,702.0,-0.004160843,3.669367304702665e-05,34.0,0.0,0.0,0.0,0.0,0.0,0.0,0.0,0.0,0.0,0.0,0.0,0.0,4.0,0.0,0.0,0.0,0.0,0.0,0.0,0.0,0.0,0.0,0.0,0.0,0.0,4.0,0.0,4.0,23.29,90.89686667,16.18006107641207,6.560188100980692,0.2537053982300885,0.0645421796839917,113.0,-0.2862779629629629,0.0304877120118201,270.0,0.2766677806788509,0.0406137075722868,383.0,0.8898750041278505,1.3959831897888733,0.5764534970587369,0.0322369621343084,17.951371111917236,4.460581519261335,"Yes, there is a relationship between the LIN28B gene and cancer. LIN28B is involved in the regulation of cellular proliferation and differentiation, particularly during development. It plays a critical role in the regulation of microRNAs, especially the let-7 family, which are known tumor suppressors. Dysregulation of LIN28B can lead to the suppression of let-7 microRNAs, resulting in the upregulation of oncogenes and promoting tumorigenesis. Additionally, LIN28B has been implicated in the maintenance of stem-like properties in various cancers, contributing to increased malignancy and resistance to therapy. Its expression levels can correlate with poor prognosis in certain cancer types, highlighting its potential role as an oncogenic factor.",0
CHST13,1026,0.5238095238095238,0.0,0.0,0.4761904761904761,0.0,1.0,0.0,0.0,0.9783171191717188,0.0,0.8333333333333334,0.8333333333333334,1.0,1.0,0.8726003490401396,0.9915162463285756,289633.0,508.0,0.05167628,0.0,0.0,0.0,0.0,0.0,0.0,0.0,0.0,0.0,0.0,0.0,0.0,0.0,1.0,10.0,0.0,0.0,0.0,0.0,0.0,11.0,0.0,0.0,0.0,1.0,0.0,0.0,21.0,0.0,21.0,12.63414286,89.36192693,18.71422574871787,2.820187781297764,0.2672398653198652,0.0259180192648466,297.0,-0.2554679000000001,0.0221023197460505,100.0,0.2642746347607051,0.0249248247850303,397.0,2.0417985105399974,0.4504412638660337,0.1536613086128414,0.0116383752770592,20.060674391099585,2.322449260305919,"The CHST13 gene encodes a protein that is involved in the sulfation of glycoproteins and glycolipids, which plays a role in various biological processes, including cell signaling and adhesion. Dysregulation of such processes has been implicated in cancer progression and metastasis. Specifically, alterations in sulfation patterns can influence the interaction between cells and the extracellular matrix, potentially contributing to tumor growth and invasion. Additionally, aberrant glycosylation and sulfation may affect the stability and activity of growth factor receptors, enhancing signaling pathways associated with cell proliferation and survival. While direct associations between CHST13 and specific cancer types may not be extensively documented, the gene's involvement in critical cellular mechanisms suggests a potential link to oncogenic processes.",0
PPP1R2,618,0.0,0.0,0.0,1.0,0.0,1.0,0.0,0.0,1.0,0.0,3.0,3.0,1.0,1.0,0.4051863857374392,0.7712350510709649,762315.5,331.0,0.04182874,0.0001502850578677,45.0,0.0,0.0,0.0,0.0,0.0,0.0,0.0,0.0,0.0,0.0,0.0,0.0,3.0,0.0,0.0,0.0,0.0,0.0,0.0,0.0,0.0,0.0,0.0,0.0,0.0,3.0,0.0,3.0,19.17,73.1199,24.666332231008614,0.4806144835588278,0.3635160000000002,0.0718597782808913,360.0,-0.2980130487804877,0.0324211398807136,82.0,0.3513638687782806,0.0651027956877197,442.0,3.5749737888070943,0.0048564009720113,0.0409281358670997,0.0029023415391166,23.244483204727786,1.1535490804907975,"The PPP1R2 gene encodes a regulatory subunit of protein phosphatase 1, which plays a critical role in various cellular processes, including cell division and apoptosis. Dysregulation of this gene has been implicated in cancer due to its potential impact on cell cycle control and the modulation of signaling pathways that promote tumorigenesis. Specifically, alterations in PPP1R2 expression can affect the phosphorylation status of key proteins involved in oncogenic pathways, potentially leading to enhanced cell proliferation and survival. Additionally, its interactions with other cellular regulators may contribute to the tumor microenvironment and influence resistance to therapy. However, the precise mechanisms linking PPP1R2 dysregulation to specific cancer types remain to be fully elucidated.",0
NBPF4,1917,0.0,0.0,0.0,1.0,0.0,1.0,0.0,0.0,1.0,0.0,1.0,1.0,1.0,1.0,0.2460024600246002,0.5909996907748523,649122.9543319192,444.4009897808343,0.0198885680771551,0.0,0.0,0.0,0.0,0.0,0.0,0.0,0.0,0.0,0.0,0.0,0.0,0.0,0.0,1.0,0.0,0.0,0.0,0.0,0.0,0.0,0.0,0.0,0.0,0.0,0.0,0.0,1.0,0.0,1.0,14.42,0.0,21.88701420269522,1.8204614569819408,0.2012465765765766,0.010511770482719,111.0,-0.2386542978723405,0.0151444464280305,235.0,0.2266535549132945,0.0139292507899346,346.0,1.2678940827096197,1.1711192556886354,0.111514500398345,0.0145173604745375,20.060674391099585,2.322449260305919,"The relationship between the NBPF4 gene and cancer is currently not well-established in the literature. However, some studies suggest that NBPF4, part of the NBPF gene family, may be involved in cellular processes such as proliferation and differentiation, which can be disrupted in cancer. Aberrant expression of NBPF4 could potentially influence pathways related to cell cycle regulation or apoptosis, contributing to oncogenesis. Additionally, as a gene associated with neurodevelopment, any dysregulation may have implications in neurogenic cancers. Further research is needed to elucidate the specific mechanisms by which NBPF4 might be implicated in cancer development or progression.",0
FDXACB1,1875,0.0,0.5,0.0,0.5,0.0,1.0,0.0,0.0,1.0,0.0,1.0,2.0,0.1295672454003628,1.0,0.7639419404125286,0.9696436110983674,437513.2,221.0,0.0222412,8.390652940595531e-07,3.0,0.0,0.0,0.0,0.0,0.0,0.0,0.0,0.0,0.0,0.0,0.0,0.0,2.0,1.0,0.0,0.0,0.0,0.0,0.0,0.0,0.0,0.0,1.0,0.0,0.0,2.0,0.0,3.0,19.5565,417.2293845,15.731302598904334,0.1034721080388671,0.2049710280373831,0.0139045612055369,107.0,-0.2771411555555556,0.0196234838933016,225.0,0.2538815060240964,0.0188738385234048,332.0,3.017694107527588,0.0090256605341625,0.0476114337686469,0.0096448283350368,20.060674391099585,2.322449260305919,"The FDXACB1 gene is not widely characterized in the context of cancer; however, its potential relationship with cancer could be speculated based on its involvement in various biological processes. Genes involved in metabolic pathways or cellular stress responses may influence tumorigenesis through mechanisms such as the regulation of oxidative stress, apoptosis, and cellular proliferation. If FDXACB1 is implicated in such pathways, aberrations in its expression or function could contribute to the development or progression of cancer by altering normal cellular homeostasis. Nevertheless, direct evidence linking FDXACB1 to specific oncogenic processes remains to be elucidated.",0
AOC3,2292,0.3076923076923077,0.1538461538461538,0.0,0.3846153846153846,0.0,1.0,0.1538461538461538,0.0,0.8336995972754957,0.0,1.0,1.8,0.0751032669921141,1.0,0.9345794392523364,0.9978118210035652,1629499.0,190.0,0.02335529,2.741596354293965e-07,2.0,0.0,0.0,0.0,0.0,0.0,0.0,2.0,0.0,0.0,0.0,0.0,0.0,6.0,2.0,0.0,0.0,0.0,0.0,4.0,0.0,0.0,2.0,1.0,0.0,0.0,11.0,0.0,14.0,16.55172727,191.881668,25.490429133788435,5.00420918584702,0.2913802127659577,0.0666024265357833,188.0,-0.2716956284153007,0.021950946261004,183.0,0.2816705660377358,0.0445558337550841,371.0,3.183462134435146,0.0940655338676047,0.111514500398345,0.0145173604745375,17.153001982431128,2.517435564453009,"The AOC3 gene, which encodes for the enzyme aldehyde oxidase 3, has been implicated in various physiological processes, including xenobiotic metabolism and regulation of reactive oxygen species. Its potential relationship with cancer may arise from its role in the detoxification of aldehydes, which can contribute to cellular stress and DNA damage when accumulated. Additionally, AOC3 has been associated with the modulation of inflammatory responses, which can influence tumor microenvironments and contribute to cancer progression. Alterations in AOC3 expression or function could, therefore, affect tumorigenesis through mechanisms such as oxidative stress regulation, inflammation modulation, and metabolic pathways that impact cell proliferation and survival. However, the specifics of these connections require further research to clarify the extent and mechanisms of AOC3's involvement in cancer biology.",0
MAPK12,1104,0.1428571428571428,0.0,0.0,0.8571428571428571,0.0,1.0,0.0,0.0,1.0,0.0,3.0,3.0,1.0,1.0,0.1532567049808429,0.4407112571967448,649122.9543319192,444.4009897808343,0.0198885680771551,5.797245331809456e-05,24.0,1.0,0.0,0.0,0.0,0.0,0.0,0.0,0.0,0.0,0.0,0.0,3.0,5.0,0.0,0.0,0.0,0.0,0.0,1.0,1.0,0.0,1.0,0.0,0.0,0.0,10.0,0.0,11.0,18.1492,96.19420973,21.053180796983856,1.9711874837230767,0.2388764341085272,0.0207275472574975,129.0,-0.3042395439739412,0.040301165214824,307.0,0.2849004587155961,0.0353410341846166,436.0,3.0624281211146616,0.0510345997976766,0.0742281552752653,0.0070232353242569,20.242708340653863,1.5560488424657744,"Yes, there is a relationship between the MAPK12 gene (also known as p38 MAPK) and cancer. MAPK12 is part of the mitogen-activated protein kinase (MAPK) signaling pathways, which play critical roles in various cellular processes including proliferation, differentiation, and apoptosis. Aberrant activation or expression of MAPK12 has been implicated in oncogenesis through its influence on cell survival and the stress response. In some cancer types, MAPK12 can promote cell migration, invasion, and resistance to apoptosis, contributing to tumor progression and metastasis. Additionally, its involvement in the inflammatory response and interactions with various transcription factors may further facilitate a tumor-supportive microenvironment. Consequently, MAPK12's dual role in promoting survival and modulating inflammation positions it as a significant player in cancer biology.",0
PLEKHA6,3147,0.2682926829268293,0.048780487804878,0.0,0.5121951219512195,0.0,1.0,0.1707317073170731,0.0,0.8610153139714571,0.0,1.75,2.5,0.5205622071837585,1.0,0.4310344827586207,0.7937789593440597,554013.6,370.0,0.03250147,1.0547055440754464e-05,5.0,0.0,0.0,0.0,0.0,0.0,0.0,7.0,0.0,0.0,0.0,0.0,1.0,21.0,2.0,0.0,0.0,0.0,0.0,11.0,0.0,0.0,7.0,0.0,0.0,0.0,35.0,0.0,39.0,21.24185714,99.95527677,23.933431364629115,1.6493457073572195,0.3255245501285346,0.1209130865944491,385.0,-0.210500625,0.0133445504576612,32.0,0.3167816389548691,0.1136170337223073,417.0,3.3811071824189582,0.055827679585901,0.111514500398345,0.0145173604745375,24.31877383432474,6.498158583706182,"The PLEKHA6 gene has been implicated in various cellular processes that may relate to cancer development, although the specific mechanisms remain under investigation. Notably, PLEKHA6 is involved in the regulation of cell signaling, cytoskeletal organization, and membrane dynamics, which are critical in maintaining cellular homeostasis and proliferation. Dysregulation of these processes can contribute to oncogenesis by promoting uncontrolled cell division, enhancing migration and invasion of cancer cells, and facilitating metastasis. Furthermore, its interaction with other signaling pathways, including those involved in cell survival and apoptosis, may also influence tumorigenesis, making it a potential player in the complex network contributing to cancer pathology. However, more research is needed to fully elucidate its role and establish any direct causative relationships with specific cancer types.",0
GPR15,1083,0.1111111111111111,0.0555555555555555,0.0,0.8333333333333334,0.1666666666666666,0.9188632257835574,0.0,0.0,0.9366510388806776,0.0,5.0,5.333333333333333,0.5178663904712584,0.0158105266486426,0.7402646682160983,0.0637612248272738,390531.7,796.0,0.0019480279999999,0.0,1.0,0.0,0.0,0.0,0.0,0.0,0.0,0.0,0.0,0.0,0.0,0.0,0.0,16.0,1.0,0.0,0.0,0.0,0.0,2.0,0.0,0.0,0.0,1.0,0.0,0.0,18.0,0.0,15.0,15.73038889,86.06095378,21.88701420269522,1.8204614569819408,0.252607738515901,0.027256921406215,283.0,-0.2631870338983051,0.0203379400859988,118.0,0.2557208478802991,0.0251882782277793,401.0,2.375319467676383,0.5872645556123505,0.111514500398345,0.0145173604745375,15.726120895642344,1.3866338671707843,"The GPR15 gene, which encodes a G protein-coupled receptor, has been implicated in various biological processes, including immune regulation and inflammation. Emerging evidence suggests a potential involvement of GPR15 in cancer through mechanisms such as modulation of tumor microenvironments and immune evasion. GPR15 can influence the migration and infiltration of immune cells, particularly regulatory T cells, into tumor sites, which may enhance tumor growth and metastatic spread. Additionally, the receptor's interactions with specific ligands in the tumor microenvironment can affect cell signaling pathways linked to cancer cell proliferation and survival. Thus, while direct cancer-specific roles of GPR15 are still being elucidated, its function in immune modulation highlights it as a potential player in tumor biology.",0
IGFBP1,780,0.5384615384615384,0.0,0.0,0.4615384615384615,0.0,1.0,0.0,0.0,1.0000000000000002,0.0,0.75,0.75,1.0,1.0,0.2198285337436799,0.5528484125275595,146330.0,623.0,0.007614143,0.0,1.0,0.0,0.0,0.0,0.0,0.0,0.0,0.0,0.0,0.0,0.0,0.0,1.0,6.0,0.0,0.0,0.0,0.0,0.0,6.0,0.0,0.0,0.0,0.0,0.0,0.0,13.0,0.0,13.0,13.09607692,110.4295249,20.10232419009019,4.843283693263229,0.3040975930521091,0.0342672987441921,403.0,-0.2423940298507462,0.0145797082789687,67.0,0.2953015531914894,0.0318900679811645,470.0,1.5490421199216966,1.0999854221808314,0.2406547756000866,0.015497888335325,21.76483291741849,3.726097523608742,"The IGFBP1 gene encodes insulin-like growth factor binding protein 1, which plays a crucial role in regulating the availability and activity of insulin-like growth factors (IGFs). Dysregulation of IGFBP1 and its associated pathways has been implicated in various cancers. Mechanistically, IGFBP1 can modulate cell proliferation, survival, and apoptosis by influencing IGF signaling, thereby impacting tumor growth and metastasis. Additionally, altered expression of IGFBP1 has been associated with inflammatory processes and metabolic changes that can create a tumorigenic microenvironment. In some contexts, IGFBP1 can exhibit both tumor-suppressive and tumor-promoting roles, depending on the cancer type and stage, suggesting a complex involvement in tumor biology that warrants further investigation.",0
RER1,591,0.5,0.0,0.0,0.5,0.0,1.0,0.0,0.0,1.0,0.0,0.6666666666666666,0.6666666666666666,1.0,1.0,0.7518796992481203,0.9662999565666636,561270.5,302.0,0.02396606,0.0001021933626104,25.0,0.0,0.0,0.0,0.0,0.0,0.0,0.0,0.0,0.0,0.0,0.0,1.0,2.0,0.0,0.0,0.0,0.0,0.0,2.0,0.0,0.0,0.0,0.0,0.0,0.0,5.0,0.0,5.0,12.5832,97.9929007,25.11249110104752,0.7015591141232868,0.2685378761061946,0.0464461647740202,112.0,-0.2540455462184875,0.0202655864214303,238.0,0.2587111680911681,0.0286314485160602,350.0,3.6578838601252497,0.0018568797951197,0.0427668581228974,0.0098776007780824,21.98412727788228,1.6191130497823505,"The RER1 gene, which encodes a protein involved in the recycling and sorting of membrane proteins, has been implicated in cancer through its potential role in cellular signaling and homeostasis. Disruption of cellular trafficking and the misfolding of proteins can lead to dysregulated signaling pathways, contributing to tumorigenesis. Additionally, altered expression of RER1 may affect the stability of oncogenes and tumor suppressor genes by influencing endoplasmic reticulum (ER) stress responses and the unfolded protein response (UPR). These processes can result in enhanced cell survival, proliferation, and resistance to apoptosis, collectively fostering a tumorigenic environment. Overall, while direct evidence linking RER1 to specific cancer types is still emerging, its involvement in critical cellular functions suggests a potential role in cancer biology.",0
NTHL1,939,0.0,0.0,0.0,1.0,0.0,1.0,0.0,0.0,1.0,0.0,1.0,1.0,1.0,1.0,0.2871088142405972,0.6453901784047844,1747301.0,183.0,0.04588438,2.3568014932064983e-05,15.0,0.0,0.0,0.0,0.0,0.0,0.0,0.0,0.0,0.0,0.0,0.0,1.0,1.0,0.0,0.0,0.0,0.0,0.0,0.0,0.0,0.0,0.0,0.0,0.0,0.0,2.0,0.0,2.0,15.938,267.359688,22.367353068636422,0.5299778314811514,0.2497964215686274,0.0218931974221071,204.0,-0.2384363999999998,0.0181547057439999,150.0,0.2449828531073445,0.0202847745320633,354.0,3.2004113134206182,0.0188010875687108,0.0516809392822029,0.0124056601288273,22.842012449796147,0.8833324756382644,"Yes, there is a relationship between the NTHL1 gene and cancer. NTHL1 encodes a DNA glycosylase involved in the base excision repair (BER) pathway, which is crucial for repairing oxidative DNA damage. Deficiencies or mutations in NTHL1 can lead to an accumulation of DNA lesions, resulting in genomic instability, increased mutagenesis, and ultimately promoting tumorigenesis. This has been implicated in certain types of cancer, particularly in hereditary cancer syndromes characterized by defects in DNA repair mechanisms. Studies have shown that individuals with biallelic mutations in NTHL1 are at risk for various malignancies, suggesting that the integrity of this gene is vital for maintaining genomic stability and preventing the development of cancer.",0
NTMT1,672,0.3333333333333333,0.0,0.0,0.5,0.0,1.0,0.1666666666666666,0.0,1.0,0.0,1.0,1.3333333333333333,1.0,1.0,0.5170630816959669,0.858112925041935,886774.9,205.0,0.03879456,2.9329541935268525e-05,18.0,0.0,0.0,0.0,0.0,0.0,0.0,1.0,0.0,0.0,0.0,0.0,0.0,3.0,0.0,0.0,0.0,0.0,0.0,2.0,0.0,0.0,1.0,0.0,0.0,0.0,5.0,0.0,5.0,17.9652,53.2275552,24.128604235566883,0.2919369341256114,0.2392829710144927,0.016049973816656,138.0,-0.2463318518518519,0.0205874624604984,269.0,0.2439476715686276,0.0190206667849827,407.0,3.3198976597039085,0.0094033313204441,0.0914614126436756,0.0108638939618496,14.34335483740966,0.5419937394282656,"The NTMT1 gene encodes a protein involved in the N-terminal methylation of proteins, a post-translational modification that can influence protein stability, localization, and interactions. Alterations in methylation patterns have been associated with various cancer types, as they can affect key signaling pathways and regulatory networks. For instance, aberrant methylation of tumor suppressor proteins or oncogenes may disrupt normal cell signaling, promoting unchecked cell proliferation and survival. Additionally, NTMT1 may intersect with cellular processes such as DNA damage response and gene expression regulation, implicating it in oncogenic pathways. Consequently, dysregulation of NTMT1 and its associated methylation processes could contribute to tumorigenesis and cancer progression.",0
NCOA3,4275,0.3103448275862069,0.0,0.0344827586206896,0.5862068965517241,0.0,1.0,0.0344827586206896,0.0344827586206896,0.9858036667268664,0.0,1.7,2.0,0.9216589861751152,1.0,0.1781578478531979,0.4854953386709538,266823.5,287.0,0.04926447,0.0005472603978137,100.0,0.0,0.0,0.0,0.0,0.0,0.0,1.0,0.0,0.0,1.0,0.0,0.0,16.0,0.0,0.0,0.0,0.0,0.0,9.0,2.0,0.0,2.0,0.0,0.0,0.0,27.0,0.0,27.0,19.89548148,106.7801013,22.414990035386207,0.7569221845617974,0.3412215598885795,0.0507528667953253,358.0,-0.2218667241379311,0.0187630320750453,58.0,0.3246206474820144,0.0479575515488585,416.0,3.677352476354157,0.0087365066297724,0.0389154572658287,0.007947396796021,24.16876962921793,0.4218002809357745,"Yes, there is a relationship between the NCOA3 gene and cancer. NCOA3 (Nuclear Coactivator 3), also known as AIB1, is a coactivator that enhances the transcriptional activity of various nuclear receptors and transcription factors implicated in cellular proliferation and survival. Aberrant expression or mutations in NCOA3 have been associated with several cancer types, including breast and prostate cancers. The gene is thought to contribute to oncogenesis through mechanisms such as the amplification of pro-tumorigenic signaling pathways, modulation of estrogen responsiveness, and promotion of cellular invasive properties. This can result in enhanced cell growth, resistance to apoptosis, and increased metastatic potential, underscoring its potential role in cancer progression and therapeutic resistance.",0
KRTAP4-9,633,0.3333333333333333,0.0,0.0,0.6666666666666666,0.0,1.0,0.0,0.0,1.0,0.0,1.3333333333333333,1.3333333333333333,1.0,1.0,0.4170141784820684,0.7817493980839544,649122.9543319192,444.4009897808343,0.0198885680771551,0.0,0.0,0.0,0.0,0.0,0.0,0.0,0.0,0.0,0.0,0.0,0.0,0.0,0.0,4.0,0.0,0.0,0.0,0.0,0.0,2.0,0.0,0.0,0.0,0.0,0.0,0.0,6.0,0.0,6.0,14.40833333,103.3906883,21.88701420269522,1.8204614569819408,0.3967692424242421,0.3477351862811481,198.0,-0.2628589772727274,0.0201663172652337,176.0,0.3337526470588235,0.1975972490071835,374.0,0.0609575091170289,0.0877390771746146,0.111514500398345,0.0145173604745375,15.847987065239789,1.17875553371094,"The relationship between the KRTAP4-9 gene and cancer is currently unknown. KRTAP4-9, part of the keratin-associated protein family, primarily contributes to the structural integrity of hair and skin. While alterations in keratin-associated proteins can influence cellular processes such as proliferation and apoptosis, specific mechanisms linking KRTAP4-9 to cancer pathogenesis remain unclear and warrant further investigation to elucidate any potential roles in oncogenesis or tumor biology.",0
NUP98,5403,0.2307692307692307,0.0769230769230769,0.0256410256410256,0.6666666666666666,0.0,1.0,0.0,0.0,0.9611896698426932,0.0,2.6,3.0,0.4380201489268506,1.0,0.8547008547008547,0.9888920929997136,449629.8,310.0,0.02455409,0.0004817346546265,61.0,0.0,0.0,0.0,0.0,0.0,0.0,0.0,0.0,0.0,0.0,0.0,1.0,25.0,3.0,0.0,0.0,0.0,0.0,9.0,2.0,0.0,0.0,0.0,0.0,0.0,40.0,0.0,33.0,20.4499,95.07361461,25.507235543939377,0.2266770574000498,0.1966468292682926,0.0106831167333066,123.0,-0.2528031877729255,0.0161894763253198,229.0,0.2331803693181816,0.0149483945414586,351.0,3.711362272808103,0.0035410944501228,0.0644692376308636,0.0142024798204715,26.072709606175,0.3629109495632661,"Yes, there is a relationship between the NUP98 gene and cancer. NUP98 encodes a nucleoporins protein involved in nuclear transport and cellular signaling, and its dysregulation has been implicated in various malignancies, particularly through chromosomal rearrangements. In particular, NUP98 is known to form fusion proteins with multiple partners, such as the transcription factors HOXA9 and NSD1, resulting in aberrant gene expression and altered regulatory networks that promote oncogenesis. These fusion proteins can disrupt normal hematopoiesis and cellular differentiation, contributing to the pathogenesis of acute myeloid leukemia (AML) and other hematological cancers. Additionally, the involvement of NUP98 in the pathways that regulate gene expression and chromatin organization further elucidates its potential role in cancer development and progression.",0
DENND6A,1827,0.4,0.0,0.0,0.6,0.0,1.0,0.0,0.0,1.0,0.0,1.0,1.0,1.0,1.0,0.6067961165048543,0.9099286598830582,718676.9,332.0,0.02988475,3.732719709764024e-06,8.0,0.0,0.0,0.0,0.0,0.0,0.0,0.0,0.0,0.0,0.0,0.0,0.0,3.0,0.0,0.0,0.0,0.0,0.0,2.0,0.0,0.0,0.0,0.0,0.0,0.0,5.0,0.0,5.0,19.704,50.46548,21.882938244716595,0.5697218515648805,0.2206758474576272,0.0168207732672243,116.0,-0.2817066906474821,0.0221145481284449,417.0,0.2682456822429906,0.0215548001773894,532.0,3.496976059549292,0.0037648882663601,0.0300221469833744,0.0045414583394425,22.630795226578016,2.012904417261503,"The DENND6A gene has been implicated in various cellular processes, including the regulation of intracellular signaling pathways and vesicle trafficking. Dysregulation of these pathways can contribute to tumorigenesis by affecting cell proliferation, migration, and apoptosis. Overexpression of DENND6A has been associated with certain cancer types, potentially enhancing oncogenic signaling through its role in the RAB GTPase family, which is crucial for membrane trafficking and cellular communication. Additionally, DENND6A may interact with other proteins involved in signaling cascades that promote cancer cell survival and metastasis, suggesting a multifaceted role in cancer biology. However, the precise mechanisms and the extent of DENND6A's involvement in specific cancers require further investigation.",0
DALRD3,1632,0.3333333333333333,0.0,0.0,0.5555555555555556,0.0,1.0,0.0,0.1111111111111111,1.0,0.0,1.25,1.5,1.0,1.0,0.925925925925926,0.9971861492001188,1799657.0,241.0,0.04135552,4.004122223589998e-06,5.0,0.0,0.0,2.0,0.0,0.0,0.0,0.0,0.0,0.0,1.0,0.0,2.0,5.0,0.0,0.0,0.0,0.0,0.0,3.0,0.0,0.0,1.0,0.0,0.0,0.0,12.0,0.0,12.0,12.24533333,92.6553717,20.30009244044108,1.082672942677097,0.2262901904761904,0.0219278607095787,105.0,-0.2794970396270398,0.0220850088559353,429.0,0.2690350187265917,0.0224609468201684,534.0,3.2956068193971984,0.0071695846960173,0.0683374325855015,0.0169757636954335,16.50035845919976,1.000568582545696,"The DALRD3 gene has been implicated in certain cancer contexts, although the relationship is not fully elucidated. Preliminary studies suggest that DALRD3 may play a role in regulating cellular processes such as apoptosis and proliferation, which can become dysregulated in cancerous cells. The gene may also interact with signaling pathways that are critical for cell survival and growth, potentially influencing tumorigenesis. Additionally, alterations in gene expression of DALRD3 have been observed in specific tumor types, suggesting that it may contribute to the cancer phenotype through mechanisms such as evasion of growth control or modulation of the tumor microenvironment. Further research is needed to clarify its functional role and the extent of its involvement in cancer biology.",0
SLC3A2,1896,0.1363636363636363,0.0454545454545454,0.0,0.3181818181818182,0.0,1.0,0.5,0.0,0.5615059813609192,0.0,1.75,4.75,0.6697923643670463,1.0,0.8920606601248885,0.9939528493220544,2342595.0,181.0,0.07051182,0.0003600377881888,40.0,0.0,0.0,0.0,0.0,0.0,0.0,10.0,1.0,0.0,0.0,0.0,0.0,6.0,1.0,0.0,0.0,0.0,0.0,3.0,0.0,0.0,10.0,0.0,1.0,0.0,10.0,0.0,21.0,10.4237,79.88237246,26.177147361755107,0.9447846463728404,0.2055966197183098,0.0116268202140245,142.0,-0.2553374603174603,0.0224608315086984,126.0,0.2289822388059701,0.0172740182721225,268.0,3.68141695329185,0.0052966575561351,0.0516709720732947,0.0130483612748509,19.2870124596881,5.438042047282225,"The SLC3A2 gene, which encodes a protein involved in amino acid transport, has been implicated in various cancer types through its role in cellular metabolism and nutrient uptake. Dysregulation of SLC3A2 expression can lead to altered amino acid availability, influencing tumor growth and proliferation. Additionally, SLC3A2 may contribute to the tumor microenvironment by affecting the metabolic demands of cancer cells, thereby facilitating their adaptation to hypoxic conditions. Furthermore, interactions between SLC3A2 and other signaling pathways related to cell survival and proliferation suggest a complex involvement in oncogenesis. Overall, while the precise mechanisms linking SLC3A2 to cancer progression require further investigation, its role in nutrient transport and metabolic regulation positions it as a potential player in cancer biology.",0
PPP1R16B,1704,0.2916666666666667,0.125,0.0,0.5833333333333334,0.0,1.0,0.0,0.0,0.9567891094945744,0.0,1.75,2.125,0.2055076037813399,1.0,0.6285355122564424,0.9204039907955058,264783.3,548.0,0.03218626,1.877022929253489e-05,14.0,0.0,0.0,0.0,0.0,0.0,0.0,0.0,0.0,0.0,0.0,0.0,0.0,12.0,3.0,0.0,0.0,0.0,0.0,7.0,1.0,0.0,0.0,0.0,0.0,0.0,23.0,0.0,22.0,20.14934783,122.5125536,19.39196646421492,2.83984335059224,0.3258940579710144,0.0477975820427873,345.0,-0.2286354098360656,0.0224349719552459,61.0,0.3112813054187192,0.0451328055624891,406.0,3.3132388587270345,0.0348769941547629,0.1721571457413027,0.032490837314244,21.238728696747025,1.6534683577749578,"The PPP1R16B gene, which encodes a regulatory subunit of protein phosphatase 1, has been implicated in various aspects of cellular signaling and proliferation, potentially influencing cancer development. Dysregulation of protein phosphatases, including those associated with PPP1R16B, can affect cell cycle progression, apoptosis, and the response to cellular stress, contributing to tumorigenesis. Alterations in the expression or function of PPP1R16B may lead to aberrant signaling pathways, such as those involved in the Akt/mTOR and MAPK pathways, fostering an environment conducive to cancer cell survival and proliferation. While specific studies directly linking PPP1R16B to particular cancer types are limited, its role in cellular homeostasis suggests a potential relevance in tumor biology that warrants further investigation.",0
ARID2,5508,0.15,0.075,0.05,0.6,0.0,1.0,0.125,0.0,0.8345558211190983,0.0,3.4285714285714284,4.857142857142857,0.1492760113449768,1.0,0.1050530517911545,0.3417680219843647,820796.4,602.0,0.01035756,4.172611937288468e-06,20.0,0.0,2.0,0.0,0.0,0.0,0.0,3.0,2.0,0.0,0.0,0.0,1.0,24.0,3.0,0.0,0.0,0.0,0.0,6.0,2.0,0.0,3.0,0.0,2.0,0.0,38.0,0.0,35.0,24.13473684,85.77553917,24.223192969673708,1.9167612726555645,0.2507871676300577,0.0395783109146054,172.0,-0.2379154807692308,0.0236051447395724,104.0,0.2459544765342959,0.0335129015610474,275.0,3.613963908460658,0.0063276093677399,0.060389156466382,0.0105362578489336,21.969014172650148,0.5884576093698032,"Yes, there is a relationship between the ARID2 gene and cancer. ARID2, a member of the ARID (AT-rich interactive domain) family of proteins, is known to play a crucial role in chromatin remodeling and gene regulation. Its loss or mutation can lead to dysregulation of critical pathways involved in cell proliferation and apoptosis, thereby promoting tumorigenesis. Specifically, ARID2 is implicated in maintaining genomic stability; its inactivation can result in increased mutagenesis and chromosomal instability. Furthermore, ARID2 has been associated with epigenetic modifications that influence tumor suppressor gene expression. Collectively, these mechanisms contribute to cancer development, particularly in certain malignancies such as renal cell carcinoma and others where ARID2 alterations have been observed.",0
CHD1L,2694,0.1111111111111111,0.0,0.0,0.7777777777777778,0.0,1.0,0.1111111111111111,0.0,0.9733541703813188,0.0,4.666666666666667,5.333333333333333,1.0,1.0,0.040661976985321,0.1708804070101226,649122.9543319192,444.4009897808343,0.0198885680771551,8.702626287301809e-05,42.0,0.0,0.0,0.0,0.0,0.0,0.0,2.0,0.0,0.0,0.0,0.0,0.0,14.0,0.0,0.0,0.0,0.0,0.0,2.0,1.0,0.0,2.0,1.0,0.0,0.0,16.0,0.0,14.0,19.9185625,73.4364512,23.27340123394638,0.7906014838393891,0.3140726016260164,0.0425950322301696,369.0,-0.2013405454545454,0.0794405937682154,55.0,0.2994493396226417,0.0486360857196574,424.0,3.5289152233010688,0.00408867769413,0.0683924960910497,0.0055643171346516,20.089965555933443,2.4070646817403363,"Yes, there is a relationship between the CHD1L gene and cancer. CHD1L (Chromodomain-Helicase-DNA-binding protein 1-like) has been implicated in various malignancies, often linked to its role in regulating chromatin structure and gene expression. Mechanistically, CHD1L is thought to promote cancer cell proliferation and survival by facilitating the unwinding of DNA, thereby enabling access to transcription factors and other regulatory proteins involved in oncogenic pathways. Additionally, its involvement in DNA repair processes may contribute to genomic instability, a hallmark of cancer, enabling tumorigenesis through the accumulation of mutations. The overexpression of CHD1L has been associated with more aggressive tumor phenotypes, indicating its potential role as an oncogene in certain cancer types.",0
MARK1,2388,0.1333333333333333,0.0333333333333333,0.0,0.7333333333333333,0.0,1.0,0.1,0.0,0.9456546541091984,0.0,4.4,5.2,0.975609756097561,1.0,0.1652073352056831,0.4626720662331986,544425.9,520.0,-0.009205511,3.385824120212344e-05,13.0,0.0,0.0,0.0,0.0,0.0,0.0,3.0,0.0,0.0,0.0,0.0,0.0,22.0,1.0,0.0,0.0,0.0,0.0,4.0,1.0,0.0,3.0,1.0,0.0,0.0,27.0,0.0,26.0,23.67059259,65.4377694,21.94409841800432,3.408798551858551,0.2858482655826559,0.0259191821274183,369.0,-0.2333682692307692,0.02210471065773,52.0,0.2793661757719715,0.0256931564398642,420.0,3.168103608979951,0.0888155275348402,0.0433567128308033,0.0083973613754301,23.01255290094884,0.6821544656841373,"The MARK1 gene, which encodes for the microtubule affinity-regulating kinase 1, has been implicated in various cellular processes, including the regulation of microtubule dynamics, cell polarity, and mitotic progression. Dysregulation of MARK1 has been associated with several cancer types, as it can influence cell proliferation and migration. Mechanistically, aberrant expression or activity of MARK1 may affect signaling pathways linked to tumorigenesis, such as the Wnt and MAPK pathways, thereby facilitating cancer cell survival and metastasis. Additionally, MARK1's role in the phosphorylation of microtubule-associated proteins could contribute to altered cell motility and invasion, further linking it to cancer progression.",0
TBC1D2,2787,0.3684210526315789,0.0,0.0,0.5789473684210527,0.0,1.0,0.0526315789473684,0.0,1.0,0.0,1.375,1.5,1.0,1.0,0.4426737494466578,0.8034184318219858,490664.8,254.0,0.05220593,2.9097787591744674e-06,11.0,0.0,0.0,0.0,0.0,0.0,0.0,1.0,0.0,0.0,0.0,0.0,0.0,12.0,0.0,0.0,0.0,0.0,0.0,7.0,0.0,0.0,1.0,1.0,0.0,0.0,18.0,0.0,20.0,15.94994444,93.61570053,23.66533368785208,1.22728203057852,0.2265113138686131,0.0126537036644375,137.0,-0.2423812741312741,0.017923775923564,259.0,0.236890909090909,0.0161210254234752,396.0,3.404415212946796,0.0199324735673785,0.0715002005985274,0.0105616677235634,23.74734341114143,2.259041566680593,"The TBC1D2 gene has been implicated in various cellular processes that may relate to cancer. It encodes a protein involved in the regulation of the Rab GTPase signaling pathway, which plays a critical role in vesicle trafficking and cellular signaling. Dysregulation of vesicular transport and membrane dynamics can contribute to tumorigenesis by affecting cell proliferation, migration, and invasion. Moreover, alterations in TBC1D2 expression levels have been observed in certain cancer types, indicating that its function may influence cancer cell metabolism and stress response. The potential interplay between TBC1D2 and oncogenic pathways suggests that it may serve as a contributor to cancer development or progression, although the precise mechanisms remain to be fully elucidated.",0
ZNF157,1521,0.0588235294117647,0.0,0.0,0.9411764705882352,0.1764705882352941,0.9257048827786958,0.0,0.0,0.9027890065087104,0.0,8.0,8.0,1.0,0.04282,0.00089,0.0004258785047524,792781.3,444.4009897808343,0.02870814,0.0,0.0,0.0,0.0,0.0,0.0,0.0,0.0,0.0,0.0,0.0,0.0,0.0,0.0,16.0,0.0,0.0,0.0,0.0,0.0,1.0,0.0,0.0,0.0,0.0,0.0,0.0,17.0,0.0,12.0,19.66017647,40.71626928,21.88701420269522,1.8204614569819408,0.2718892207792207,0.0735980480151743,77.0,-0.2915852976190477,0.0448139297555995,168.0,0.2853951020408163,0.0536797578267313,245.0,2.491361935950104,0.7629155065000698,0.111514500398345,0.0145173604745375,20.060674391099585,2.322449260305919,"The ZNF157 gene encodes a protein that belongs to the zinc finger family, which is involved in regulating gene expression. Emerging evidence suggests that ZNF157 may have a role in cancer through mechanisms involving the modulation of key pathways related to cell growth, differentiation, and apoptosis. Specifically, ZNF157 has been implicated in the regulation of oncogenes and tumor suppressor genes, potentially influencing cellular responses to stress and the maintenance of genomic integrity. Aberrant expression or mutations in ZNF157 could lead to dysregulated transcriptional programs, thereby contributing to tumorigenesis and cancer progression across various types of malignancies. However, the specific mechanisms and clinical relevance of ZNF157 in cancer remain subjects of ongoing research.",0
NKX2-4,1065,0.4166666666666667,0.0,0.0,0.5,0.0,1.0,0.0,0.0833333333333333,1.0,0.0,1.0,1.1666666666666667,1.0,1.0,0.2308935580697298,0.569336980427728,283501.0,638.0,-0.003341007,0.0,0.0,0.0,0.0,0.0,0.0,0.0,0.0,0.0,0.0,0.0,1.0,0.0,0.0,6.0,0.0,0.0,0.0,0.0,0.0,5.0,0.0,0.0,1.0,0.0,0.0,0.0,11.0,0.0,11.0,18.87181818,50.77707636,21.88701420269522,1.8204614569819408,0.3073492356687898,0.041162653909318,314.0,-0.2621467010309279,0.03351992723692,97.0,0.29668099756691,0.0396420593870512,411.0,0.249622389396654,0.3680924378402805,0.24013802456827,0.0286158042910405,17.67847900073497,1.5046653575882487,"The NKX2-4 gene, a member of the NKX family of transcription factors, has been implicated in various developmental processes and tissue differentiation. Emerging research suggests a potential relationship between NKX2-4 and cancer, particularly in certain malignancies where it may influence tumorigenesis through the regulation of key pathways associated with cell proliferation and apoptosis. Overexpression of NKX2-4 has been observed in some cancer types, potentially contributing to oncogenic processes by modifying the expression of target genes involved in cell cycle regulation and differentiation. Additionally, its role in embryonic development hints at a mechanism where aberrant expression in adult tissues could disrupt normal cellular signaling, leading to tumorigenic transformations. However, the specifics of these mechanisms and the contexts in which NKX2-4 may function as an oncogene or tumor suppressor remain an ongoing area of investigation.",0
RGS5,558,0.4285714285714285,0.0,0.0,0.5714285714285714,0.0,1.0,0.0,0.0,1.0,0.0,1.0,1.0,1.0,1.0,0.8097165991902834,0.9806242672712068,194452.0,794.0,-0.008172601,1.4388599313182736e-05,7.0,0.0,0.0,0.0,0.0,0.0,0.0,0.0,0.0,0.0,0.0,0.0,0.0,3.0,0.0,0.0,0.0,0.0,0.0,3.0,1.0,0.0,0.0,0.0,0.0,0.0,7.0,0.0,7.0,18.53971429,53.0033339,17.30627803765355,0.1155892559473529,0.2832254060913705,0.0266251568264249,394.0,-0.187856,0.0067110392110344,30.0,0.276477570754717,0.0257963602056687,424.0,3.635926166069509,0.0289931182392421,0.0400523094279534,0.0098925381196584,20.060674391099585,2.322449260305919,"Yes, there is a relationship between the RGS5 gene and cancer. RGS5 (Regulator of G-protein signaling 5) is involved in the regulation of G-protein signaling pathways, which play critical roles in cellular processes such as proliferation, differentiation, and apoptosis. Alterations in RGS5 expression levels have been implicated in tumorigenesis, as overexpression can lead to decreased signaling through certain G-proteins that mediate pathways promoting cell survival and growth. Additionally, RGS5 has been associated with angiogenesis; it is thought to modulate the balance between pro-angiogenic and anti-angiogenic signals, thereby influencing vascularization in tumors. Abnormal RGS5 expression can affect the tumor microenvironment, promoting characteristics that enhance cancer progression and metastasis.",0
UBQLNL,1428,0.217391304347826,0.0434782608695652,0.0,0.6956521739130435,0.0,1.0,0.0434782608695652,0.0,0.9807769800471736,0.0,2.6666666666666665,3.0,0.8503401360544217,1.0,0.612369871402327,0.9126875774576412,99343.23,946.0,-0.001701051,0.0,0.0,0.0,0.0,1.0,0.0,0.0,0.0,0.0,1.0,0.0,0.0,0.0,0.0,16.0,2.0,0.0,0.0,0.0,0.0,5.0,0.0,0.0,0.0,1.0,1.0,0.0,23.0,0.0,23.0,10.63513043,86.99369275,21.88701420269522,1.8204614569819408,0.1918668253968253,0.0061148114906412,126.0,-0.2514270796460175,0.0166216394163225,226.0,0.2301072159090907,0.013650139131258,352.0,2.344852921251321,0.2522588423684057,0.111514500398345,0.0145173604745375,20.060674391099585,2.322449260305919,"The UBQLNL gene, involved in protein ubiquitination and degradation, has been implicated in cancer through its role in regulating protein homeostasis and the cellular response to stress. Dysregulation of the ubiquitin-proteasome system can lead to the accumulation of oncogenic proteins and the attenuation of tumor suppressor functions. Specifically, aberrant expression of UBQLNL may influence processes such as cell cycle regulation, apoptosis, and DNA repair, which are critical for tumorigenesis. Additionally, its involvement in the modulation of signaling pathways related to cellular growth and survival could further elucidate its connection to cancer biology. Overall, the perturbation of UBQLNL’s normal functions may contribute to the initiation and progression of various malignancies.",0
NUS1,882,0.1111111111111111,0.1111111111111111,0.0,0.7777777777777778,0.0,1.0,0.0,0.0,1.0,0.0,3.5,4.0,0.5574136008918618,1.0,0.1898253606681852,0.5052488200229754,190018.5,639.0,0.003459856,2.966465283815324e-06,3.0,0.0,0.0,0.0,0.0,0.0,0.0,0.0,0.0,0.0,0.0,0.0,0.0,6.0,1.0,0.0,0.0,0.0,0.0,1.0,1.0,0.0,0.0,0.0,0.0,0.0,9.0,0.0,9.0,24.46111111,69.20351111,19.192274569760645,1.3796168401275757,0.2307665384615383,0.0162677621781926,104.0,-0.2738870758122744,0.0244136105569978,277.0,0.2621166404199475,0.0225113859876309,381.0,3.576661938822167,0.0072144702792641,0.0879603931189672,0.0098321385499971,15.998444539593155,6.143701956252897,"The NUS1 gene has been implicated in various cellular processes, including protein folding and lipid metabolism, which can have relevance in cancer biology. Alterations in NUS1 expression may influence the tumor microenvironment and affect pathways related to cell proliferation, survival, and metastasis. Furthermore, dysregulation of protein homeostasis, a role associated with NUS1, can lead to aggregate formation and stress responses in cancer cells, potentially contributing to oncogenesis. Additional research is needed to elucidate specific mechanisms linking NUS1 to cancer pathology and to understand its role within the broader context of tumorigenesis.",0
LRRC59,924,0.2,0.0,0.0,0.8,0.0,1.0,0.0,0.0,1.0,0.0,2.0,2.0,1.0,1.0,0.0959140610013428,0.3207656518651366,1335838.0,196.0,0.02431614,3.821767289373666e-05,28.0,0.0,0.0,0.0,0.0,0.0,0.0,0.0,0.0,0.0,0.0,0.0,0.0,4.0,0.0,0.0,0.0,0.0,0.0,1.0,0.0,0.0,0.0,0.0,0.0,0.0,5.0,0.0,5.0,25.03,75.012,27.483711486034373,0.6542562325181919,0.2554069194312798,0.0236770784395125,211.0,-0.2474609722222223,0.0165675137305167,144.0,0.2521837746478874,0.0207535165077456,355.0,3.6958111539526097,0.0046964158646083,0.0400459663644668,0.0104827119480312,15.173906544403664,1.2624764514057083,"The relationship between the LRRC59 gene and cancer is not extensively characterized, but some studies suggest potential involvement in cellular processes that could influence tumorigenesis. LRRC59 is thought to be involved in vesicular trafficking and autophagy, processes critical for maintaining cellular homeostasis. Disruptions in these pathways can lead to abnormal cell proliferation and survival, contributing to cancer progression. Additionally, alterations in the expression or function of LRRC59 may affect the interaction of cancer cells with their microenvironment, potentially impacting metastasis and tumorigenic capabilities. Further investigation is needed to fully elucidate the specific mechanisms by which LRRC59 may be linked to cancer development and progression.",0
SOX4,1425,0.2857142857142857,0.1428571428571428,0.0,0.2857142857142857,0.0,1.0,0.2857142857142857,0.0,0.7580392711198943,0.0,0.6666666666666666,1.6666666666666667,0.2423067603586139,1.0,0.4286326618088298,0.7917509614399026,117516.0,676.0,0.001315362,0.0003552517436088,26.0,0.0,0.0,0.0,0.0,0.0,0.0,1.0,1.0,0.0,0.0,0.0,0.0,1.0,1.0,0.0,0.0,0.0,0.0,2.0,0.0,0.0,1.0,0.0,1.0,0.0,4.0,0.0,6.0,23.1025,253.8334917,20.30844633329898,2.335051015755321,0.2687832065217392,0.0359318075913013,184.0,-0.2470694244604317,0.0203978445880721,139.0,0.2594388854489164,0.0292787485832259,323.0,3.638823576143676,0.0151224924579219,0.111514500398345,0.0145173604745375,20.819556844873983,1.014070530420311,"Yes, there is a relationship between the SOX4 gene and cancer. SOX4, a transcription factor, plays a crucial role in regulating cell fate, differentiation, and survival. Its overexpression has been linked to various cancers, including breast, colorectal, and pancreatic cancers. SOX4 can promote tumorigenesis through several mechanisms, including the activation of oncogenic signaling pathways, such as Wnt and Hedgehog, and the suppression of pro-apoptotic factors, contributing to increased cell proliferation and survival. Moreover, SOX4 is involved in epithelial-to-mesenchymal transition (EMT), a critical process associated with increased metastatic potential. Dysregulation of SOX4 expression can lead to the disruption of normal cellular processes, facilitating cancer progression and metastasis.",0
SHOX2,1068,0.1333333333333333,0.0666666666666666,0.0,0.7333333333333333,0.0,1.0,0.0666666666666666,0.0,0.9658722633586913,0.0,3.6666666666666665,4.333333333333333,0.6024096385542169,1.0,0.1581527755812114,0.4498171404517597,162818.7,946.0,-0.007621409,3.336008738705365e-06,5.0,0.0,0.0,0.0,0.0,0.0,0.0,1.0,0.0,0.0,0.0,0.0,4.0,10.0,1.0,0.0,0.0,0.0,0.0,2.0,1.0,0.0,1.0,0.0,0.0,0.0,18.0,0.0,16.0,23.4815,77.13296756,21.88701420269522,1.8204614569819408,0.3569215833333338,0.0668822627214414,360.0,-0.2452566666666666,0.0204567927483871,63.0,0.3402906382978727,0.0614872203325299,423.0,2.518302352628072,0.470340713442276,0.2660528894411237,0.0263984777507754,16.26695826374785,6.027285861602157,"Yes, there is a relationship between the SHOX2 gene and cancer. SHOX2 (short stature homeobox 2) is involved in regulating developmental processes and cellular proliferation. In various cancers, aberrant expression of SHOX2 has been observed, often leading to altered cellular behavior. For instance, increased SHOX2 expression has been linked to metastasis and poor prognosis in certain tumors. Mechanistically, SHOX2 may influence tumorigenesis through its role in the regulation of key signaling pathways and transcriptional networks that control cell cycle progression, apoptosis, and invasion. Moreover, altered SHOX2 expression may contribute to epigenetic modifications and stemness characteristics in cancer cells, further promoting tumor growth and resistance to therapies.",0
APOL1,1245,0.25,0.125,0.0,0.625,0.0,1.0,0.0,0.0,1.0,0.0,1.6666666666666667,2.0,0.3407155025553662,1.0,0.3874467260751647,0.7548147697545436,1237332.0,331.0,0.04196384,6.199544139269666e-07,2.0,0.0,0.0,0.0,0.0,0.0,0.0,0.0,0.0,0.0,0.0,0.0,1.0,5.0,1.0,0.0,0.0,0.0,0.0,2.0,0.0,0.0,0.0,0.0,0.0,0.0,9.0,0.0,9.0,9.911555556,88.28313403,25.315978302414887,0.4616484376717133,0.24622671875,0.0529292656411171,128.0,-0.2895410877192983,0.0249026032590239,285.0,0.2761167796610171,0.0338836740539246,413.0,3.5968875321544376,0.0316726210021327,0.111514500398345,0.0145173604745375,24.551278537088987,1.6743676220951758,"The relationship between the APOL1 gene and cancer is not fully elucidated, but emerging evidence suggests that variations in this gene may influence cancer susceptibility and progression. APOL1, known for its role in kidney function and innate immunity, has been implicated in the modulation of cellular stress responses and inflammatory pathways, which are critical in tumor biology. Specific APOL1 variants may affect cell survival, apoptosis, and immune evasion mechanisms, potentially contributing to oncogenic processes. Furthermore, the altered expression of APOL1 has been observed in various cancers, indicating a potential link to tumor behavior, though further research is needed to clarify the mechanisms and establish definitive connections.",0
BLK,1518,0.3529411764705882,0.1176470588235294,0.0,0.4705882352941176,0.0,1.0,0.0588235294117647,0.0,0.9315714232285016,0.0,1.1428571428571428,1.5714285714285714,0.2157962883038412,1.0,0.8431703204047217,0.9870036261176508,476916.3,493.0,0.0547031999999999,0.0002641572151476,46.0,3.0,0.0,0.0,0.0,0.0,0.0,1.0,0.0,0.0,0.0,0.0,4.0,8.0,2.0,0.0,0.0,0.0,0.0,4.0,1.0,0.0,1.0,0.0,0.0,0.0,22.0,0.0,22.0,14.06886364,153.3287179,16.30610568728676,2.952484184758175,0.2548123255813953,0.0200677216289244,129.0,-0.3227595652173913,0.038323814613854,414.0,0.3066174033149172,0.0347794932768241,543.0,2.14624071136824,0.628037484464793,0.111514500398345,0.0145173604745375,17.272833699631462,2.852968356785178,"Yes, there is a relationship between the BLK gene and cancer. BLK encodes a non-receptor tyrosine kinase that plays a critical role in B-cell receptor signaling and immune responses. Alterations in BLK expression or function can disrupt these pathways, potentially leading to aberrant B-cell proliferation and survival. This dysregulation may contribute to the development of B-cell malignancies, such as certain lymphomas and leukemias. Additionally, BLK is involved in the regulation of apoptosis and cell cycle control, and its aberrations can influence tumorigenic processes by altering cellular responses to growth factors and survival signals, thereby promoting oncogenesis.",0
RNMT,1431,0.0,0.0909090909090909,0.0,0.7272727272727273,0.0,1.0,0.1818181818181818,0.0,0.8750481154569111,0.0,8.0,11.0,0.7320644216691069,1.0,0.0770772313858486,0.2746221176808126,142673.5,697.0,0.04194445,6.529112510844379e-06,12.0,2.0,0.0,0.0,0.0,0.0,0.0,2.0,0.0,0.0,0.0,0.0,0.0,8.0,1.0,0.0,0.0,0.0,0.0,0.0,0.0,0.0,2.0,0.0,0.0,0.0,11.0,0.0,13.0,22.56072727,125.1700666,24.92479191415608,0.3487106227611028,0.270343009708738,0.0504773099557755,206.0,-0.2885112093023256,0.0246439441106802,215.0,0.2796213064133018,0.0372770904513844,421.0,3.5867944025027616,0.0025915113195932,0.0301846998761103,0.0066257593235521,19.60351339532057,2.1385626794548296,"The RNMT gene encodes a protein involved in the post-transcriptional modification of RNA, specifically in the methylation of the 5' cap structure of mRNAs. This modification is crucial for mRNA stability, nuclear export, and translation efficiency. Dysregulation of RNA methylation processes can potentially lead to aberrant gene expression and contribute to oncogenesis. Moreover, altered expression levels of RNMT have been observed in various cancer types, suggesting a role in tumor proliferation and survival. Mechanistically, RNMT may affect the stability of oncogenes or tumor suppressor genes, thereby influencing cellular pathways linked to cancer progression, including apoptosis, cell cycle regulation, and response to stress.",0
MEOX2,915,0.375,0.0,0.0,0.5,0.0,1.0,0.125,0.0,0.96875,0.0,1.1428571428571428,1.4285714285714286,1.0,1.0,0.7524454477050414,0.9664610833191184,25584.77,1039.0,-0.01680494,0.0030623962146392,212.0,0.0,0.0,0.0,0.0,0.0,0.0,1.0,1.0,0.0,0.0,0.0,0.0,8.0,0.0,0.0,0.0,0.0,0.0,6.0,1.0,0.0,1.0,1.0,1.0,0.0,14.0,0.0,17.0,16.35921429,100.4494956,18.524705345585414,2.8276204985569264,0.3038441567695963,0.025701076712442,421.0,-0.2848203614457831,0.0284010958157214,83.0,0.30071126984127,0.0261400266866547,504.0,2.686390579910192,0.46064416628612,0.111514500398345,0.0145173604745375,21.209475560341208,2.0275673962604635,"Yes, there is emerging evidence suggesting a relationship between the MEOX2 gene and cancer. MEOX2, a homeobox gene involved in embryonic development and tissue differentiation, has been implicated in various malignancies through its roles in regulating cell proliferation, apoptosis, and differentiation. Dysregulation of MEOX2 expression can lead to aberrant signaling pathways, contributing to tumorigenesis. For instance, its overexpression may promote epithelial-mesenchymal transition (EMT), a key process in cancer metastasis, by modulating the expression of critical EMT-related genes. Additionally, MEOX2 may influence tumor microenvironments by impacting stromal interactions and extracellular matrix composition, further facilitating cancer progression. Thus, the mechanisms by which MEOX2 affects cancer development and progression are multifaceted and warrant further investigation.",0
CAAP1,1086,0.2857142857142857,0.0,0.0,0.5714285714285714,0.0,1.0,0.1428571428571428,0.0,0.8982265179691366,0.0,1.3333333333333333,1.6666666666666667,1.0,1.0,0.5154639175257731,0.8570556562243489,104669.2,632.0,-0.02765037,9.699175071520528e-06,6.0,0.0,0.0,0.0,0.0,0.0,0.0,0.0,1.0,0.0,0.0,0.0,0.0,4.0,0.0,0.0,0.0,0.0,0.0,2.0,0.0,0.0,0.0,0.0,1.0,0.0,6.0,0.0,6.0,17.36,94.9904,24.32591602438117,1.1778209399535762,0.2524950955414013,0.0252685743302792,156.0,-0.3713857608695649,0.1671864937089562,367.0,0.3358317904761903,0.1275856674399178,523.0,3.3080672904506816,0.0146369769235854,0.0455548880828375,0.0099851735480137,23.92928320252871,0.8028211143234646,"The CAAP1 gene, also known as ""C2 calcium-dependent domain-containing protein 1,"" has been implicated in various cellular processes, including apoptosis, cell differentiation, and signaling pathways crucial for cellular homeostasis. Dysregulation of CAAP1 expression has been associated with altered cellular responses to stress and inflammation, which can contribute to tumorigenesis. Specifically, aberrant signaling pathways influenced by CAAP1 may impact the balance between cell survival and death, promote invasive behaviors, and facilitate the evasion of immune surveillance—all of which are hallmarks of cancer progression. Additionally, CAAP1's role in modulating the tumor microenvironment could further influence cancer development and metastasis, making it a gene of interest in cancer research.",0
CMIP,2322,0.3076923076923077,0.0,0.0,0.6153846153846154,0.0,1.0,0.0769230769230769,0.0,1.0000000000000002,0.0,1.6,1.8,1.0,1.0,0.2998500749625187,0.6610112981611955,334491.7,428.0,0.02060925,1.3955213685405688e-07,3.0,0.0,0.0,0.0,0.0,0.0,0.0,1.0,0.0,0.0,0.0,0.0,1.0,8.0,0.0,0.0,0.0,0.0,0.0,4.0,0.0,0.0,1.0,0.0,0.0,0.0,13.0,0.0,14.0,20.16530769,92.03967056,22.63342007465289,0.7866747743739247,0.2294198701298701,0.0157273992195908,154.0,-0.3003852083333334,0.0310790068300819,240.0,0.2726474873096448,0.0262254318926524,393.0,3.456672557667083,0.0177961919390319,0.0303250139305103,0.0047503902957406,22.23775867629536,1.1550680734750525,"The CMIP gene (Cytokine Modulated Signaling Pathway Interactor Protein) has been implicated in various cellular signaling processes, which can influence cancer development and progression. CMIP is involved in the regulation of T-cell signaling and immune responses, suggesting a role in tumor immunology. Aberrations in CMIP expression or function could disrupt normal immune surveillance, potentially allowing malignant cells to evade detection by the immune system. Additionally, CMIP has been associated with pathways that modulate inflammation and cell proliferation, both of which are critical in the tumor microenvironment. Thus, dysregulation of CMIP might contribute to the promotion of oncogenic signaling, tumor growth, and metastatic behavior in certain cancer types. Further studies are needed to clarify its specific mechanistic roles in cancer biology.",0
CTAGE8,2334,0.0,0.1666666666666666,0.0,0.8333333333333334,0.0,1.0,0.0,0.0,1.0,0.0,5.0,6.0,0.3217503217503217,1.0,0.683526999316473,0.9436015871756576,649122.9543319192,444.4009897808343,0.0198885680771551,0.0,0.0,0.0,0.0,0.0,0.0,0.0,0.0,0.0,0.0,0.0,0.0,0.0,0.0,4.0,1.0,0.0,0.0,0.0,0.0,0.0,0.0,0.0,0.0,0.0,0.0,0.0,5.0,0.0,5.0,12.1128,115.2458452,21.88701420269522,1.8204614569819408,0.2988082954545455,0.0263108904757187,352.0,-0.2656028099173553,0.0299862263820385,121.0,0.2903138689217759,0.0273999054894489,473.0,2.8388558246348032,0.715838227830929,0.111514500398345,0.0145173604745375,20.060674391099585,2.322449260305919,"The CTAGE8 gene has been implicated in various cancer types, primarily through its role in cellular processes such as proliferation and apoptosis. Overexpression of CTAGE8 may contribute to tumorigenesis by promoting cell survival and enhancing the invasive potential of cancer cells. Mechanistically, CTAGE8 is thought to interact with signaling pathways that regulate the cell cycle and apoptosis, potentially leading to altered expression of oncogenes and tumor suppressor genes. This dysregulation can facilitate malignant transformation and progression, underscoring the need for further investigation into its specific contributions to cancer biology and the molecular networks it influences.",0
SLC52A3,1410,0.3333333333333333,0.0666666666666666,0.0,0.5333333333333333,0.0,1.0,0.0666666666666666,0.0,0.9658722633586913,0.0,1.3333333333333333,1.6666666666666667,0.3466204506065858,1.0,0.9000900090009001,0.9948339429860422,764796.2,557.0,0.03114086,0.0,0.0,0.0,0.0,0.0,0.0,0.0,0.0,1.0,0.0,0.0,0.0,0.0,2.0,8.0,1.0,0.0,0.0,0.0,0.0,5.0,0.0,0.0,1.0,0.0,0.0,0.0,16.0,0.0,14.0,11.9389375,172.5453147,15.632909445112542,2.3262087727443745,0.3058845084745761,0.0404759793357269,295.0,-0.2625843795620439,0.0296061383145019,137.0,0.2921527546296295,0.0373591086204686,432.0,3.0403784414841937,0.0945390047711431,0.111514500398345,0.0145173604745375,15.423735240780408,1.1106136687875212,"The SLC52A3 gene encodes a protein involved in the transport of riboflavin (vitamin B2), which plays a critical role in cellular metabolism and redox balance. Emerging research suggests that alterations in riboflavin metabolism, potentially mediated by SLC52A3, may influence cancer cell proliferation and survival. Deficient transport of riboflavin could lead to impaired cofactor availability for crucial metabolic pathways, such as those involved in oxidative phosphorylation and fatty acid metabolism. Additionally, aberrant expression of SLC52A3 has been observed in certain cancer types, potentially contributing to altered cellular energetics and tumorigenesis. Such modifications in nutrient transport and metabolism could create a favorable environment for cancer progression. However, the exact mechanisms linking SLC52A3 to cancer remain to be fully elucidated.",0
KLF17,1170,0.4,0.0,0.0,0.5,0.0,1.0,0.0,0.1,1.0,0.0,1.0,1.2,1.0,1.0,0.7722007722007722,0.9718229306189198,865526.6,167.0,0.03750627,0.0,1.0,0.0,0.0,0.0,0.0,0.0,0.0,0.0,0.0,0.0,1.0,0.0,0.0,5.0,0.0,0.0,0.0,0.0,0.0,4.0,0.0,0.0,1.0,0.0,0.0,0.0,9.0,0.0,10.0,4.261888889,21.35291811,15.8283399891072,10.764721245137869,0.2786121830985915,0.0431485241661222,142.0,-0.2281598684210526,0.0129544590900488,152.0,0.2525279931972786,0.0280782878208737,294.0,1.691805589420014,0.497415961233095,0.111514500398345,0.0145173604745375,14.44315603590234,1.244326382000171,"The KLF17 gene, a member of the Kruppel-like factor family of transcription factors, has been implicated in various cellular processes, including differentiation and proliferation. Emerging studies suggest that KLF17 may play a role in cancer through its regulatory influence on key signaling pathways involved in tumorigenesis, such as the Wnt and TGF-β pathways. Alterations in KLF17 expression have been observed in several cancers, where it may function as a tumor suppressor or promoter depending on the context. Its mechanistic involvement may include modulation of cell cycle progression, apoptosis, and epithelial-mesenchymal transition, thereby influencing tumor growth, invasiveness, and metastatic potential. Further research is needed to elucidate the precise role of KLF17 in different cancer types and its underlying mechanisms.",0
VSIG10,1623,0.0769230769230769,0.0,0.0,0.8461538461538461,0.0,1.0,0.0769230769230769,0.0,1.0000000000000002,0.0,5.5,6.0,1.0,1.0,0.2853881278538813,0.6432377777038085,637548.5,608.0,0.01692657,0.0,1.0,0.0,0.0,0.0,0.0,0.0,0.0,1.0,0.0,0.0,0.0,0.0,0.0,10.0,0.0,0.0,0.0,0.0,0.0,1.0,0.0,0.0,1.0,0.0,0.0,0.0,11.0,0.0,11.0,17.57118182,50.92966336,18.68389459116364,2.655723867694798,0.2195905035971223,0.0128377412309039,139.0,-0.2187077027027027,0.0143559505375436,148.0,0.2191352613240417,0.0135733876970468,287.0,3.3974366500092184,0.0127083503665152,0.0713770195523688,0.0068055465380797,19.092745697266245,1.829375094411153,"The VSIG10 gene encodes a protein that is involved in immune regulation, specifically in modulating T cell responses. Dysregulation of immune checkpoints and alterations in immune cell signaling are well-established mechanisms in cancer progression and immune evasion. Studies suggest that VSIG10 may influence the tumor microenvironment by affecting T cell activation and differentiation, potentially allowing tumors to escape immune surveillance. Additionally, changes in expression levels of VSIG10 in various cancers could interfere with normal cellular processes related to immune responses, possibly contributing to tumorigenesis or impacting tumor progression. However, more research is needed to fully elucidate the precise mechanisms and implications of VSIG10 in cancer biology.",0
RNF167,1053,0.3333333333333333,0.0,0.0,0.6666666666666666,0.0,1.0,0.0,0.0,1.0,0.0,1.3333333333333333,1.3333333333333333,1.0,1.0,0.9049773755656108,0.995335144768974,1416161.0,231.0,0.0299059,2.620239758293672e-05,16.0,0.0,0.0,0.0,0.0,0.0,0.0,0.0,0.0,0.0,0.0,0.0,0.0,4.0,0.0,0.0,0.0,0.0,0.0,2.0,0.0,0.0,0.0,0.0,0.0,0.0,6.0,0.0,6.0,18.14333333,29.61162667,21.58399028854868,0.3957382628708308,0.2353263095238095,0.0242311845006741,84.0,-0.2762119392523363,0.0199615250522024,428.0,0.269504140625,0.0208456743859527,512.0,3.4917945916877864,0.0045932883960259,0.0516226754479168,0.0109761537788007,18.11832149512332,3.522310373373856,"The RNF167 gene, which encodes a RING finger protein, has been implicated in various cellular processes, including ubiquitination, which plays a crucial role in protein degradation and signal transduction. Dysregulation of RNF167 may contribute to cancer progression through its potential influence on cell cycle regulation, apoptosis, and oncogenic signaling pathways. Specifically, altered expression levels of RNF167 could disrupt the proteasomal degradation of key regulatory proteins, leading to the accumulation of oncoproteins or the stabilization of tumor suppressors. Additionally, RNF167's involvement in the immune response may affect tumor immune evasion, further implicating it in the oncogenic landscape. However, more research is required to elucidate the precise mechanisms linking RNF167 with specific cancer types.",0
HSD17B2,1164,0.4545454545454545,0.0,0.0909090909090909,0.3636363636363636,0.0,1.0,0.0909090909090909,0.0,0.9474427588512933,0.0,0.6666666666666666,1.0,0.3156565656565656,1.0,0.5941770647653001,0.9034925224056264,192404.9,635.0,0.00208725,1.0102301961864276e-07,2.0,0.0,0.0,0.0,0.0,0.0,0.0,0.0,1.0,0.0,0.0,0.0,2.0,4.0,0.0,0.0,0.0,0.0,0.0,5.0,1.0,0.0,0.0,0.0,1.0,0.0,12.0,0.0,12.0,11.32083333,110.4760482,21.436224664931203,5.550367197779742,0.2297070129870129,0.0157112641557253,154.0,-0.2992134453781513,0.0311304912977839,238.0,0.2719073469387756,0.0261725366517667,392.0,2.358241069709901,0.8932750879364204,0.111514500398345,0.0145173604745375,20.060674391099585,2.322449260305919,"Yes, there is a relationship between the HSD17B2 gene and cancer. HSD17B2 encodes an enzyme involved in the metabolism of steroid hormones, particularly the conversion of estrone to estradiol. Dysregulation of steroid hormone metabolism can influence cancer progression, particularly in hormone-sensitive cancers such as breast and prostate cancer. Altered expression levels of HSD17B2 may impact local estrogen levels, promoting tumor growth through enhanced estrogen signaling. Furthermore, variations in the gene's expression could contribute to the modulation of the tumor microenvironment, affecting cell proliferation, apoptosis, and overall tumorigenesis. These mechanisms highlight the potential role of HSD17B2 in the development and progression of certain cancers.",0
CTSS,996,0.25,0.0,0.0,0.75,0.0,1.0,0.0,0.0,1.0,0.0,1.5,1.5,1.0,1.0,0.4578754578754578,0.8155485613015836,1818753.0,188.0,0.03481144,0.0001042133813094,2.0,0.0,0.0,0.0,0.0,0.0,0.0,0.0,0.0,0.0,0.0,0.0,0.0,2.0,0.0,0.0,0.0,0.0,0.0,1.0,1.0,0.0,0.0,0.0,0.0,0.0,4.0,0.0,4.0,20.36225,69.28050025,25.07680588743341,1.0032965685275816,0.3156550383631715,0.0415993473173702,391.0,-0.1738643902439024,0.0061903014952439,41.0,0.3021980555555555,0.0399475976110595,432.0,3.716680437496101,0.0166406115136251,0.111514500398345,0.0145173604745375,20.060674391099585,2.322449260305919,"The relationship between the CTSS gene (cathepsin S) and cancer is increasingly recognized, as CTSS is involved in various processes that contribute to tumorigenesis. This gene encodes a cysteine protease that plays a role in extracellular matrix remodeling and antigen processing, both of which are crucial for tumor invasion and metastasis. Upregulation of CTSS has been associated with enhanced cancer cell motility and invasion, as it can degrade extracellular matrix components and modulate immune responses within the tumor microenvironment. Furthermore, CTSS may influence tumor-related inflammation, contributing to a pro-tumorigenic milieu. Overall, the dysregulation of CTSS in various cancers highlights its potential role in promoting malignant characteristics of tumors.",0
RGS13,480,0.25,0.0,0.125,0.5,0.0,1.0,0.125,0.0,0.9166666666666666,0.0,1.3333333333333333,2.0,0.6459948320413437,1.0,0.5561735261401557,0.8824665940208167,306249.6,526.0,-0.01316321,5.027480748560294e-07,4.0,0.0,0.0,0.0,0.0,0.0,0.0,0.0,1.0,0.0,0.0,0.0,0.0,4.0,0.0,0.0,0.0,0.0,0.0,2.0,1.0,0.0,0.0,0.0,1.0,0.0,7.0,0.0,8.0,14.27785714,90.82466748,21.88701420269522,1.8204614569819408,0.2837395618556702,0.0317399494791357,388.0,-0.2406525581395349,0.0292742896671096,43.0,0.2794408584686775,0.0315924309185636,431.0,2.144814196577915,0.4408053625873903,0.111514500398345,0.0145173604745375,20.060674391099585,2.322449260305919,"The RGS13 gene, which encodes a regulator of G-protein signaling, has been implicated in cancer through various proposed mechanisms. Its protein product is involved in the modulation of G-protein coupled receptor (GPCR) signaling pathways, which play critical roles in cell proliferation, survival, and migration. Dysregulation of RGS13 expression may influence tumorigenesis by altering cellular responses to extracellular signals, thereby affecting oncogenic pathways and tumor microenvironment interactions. For instance, aberrant RGS13 expression has been associated with altered immune responses and inflammatory processes, which can contribute to cancer progression and metastasis. Furthermore, RGS13 may affect tumor cell communication and interact with pathways that modulate apoptosis, impacting overall tumor behavior. Nonetheless, the exact relationship between RGS13 and specific cancer types requires further investigation to elucidate the underlying mechanisms.",0
DSCC1,1182,0.1666666666666666,0.1666666666666666,0.1666666666666666,0.5,0.0,1.0,0.0,0.0,0.8710490642551527,0.0,1.5,2.5,0.3064664419246093,1.0,0.6184291898577613,0.9156293015429622,294227.5,677.0,0.01174337,1.5842915776642142e-05,12.0,0.0,0.0,0.0,0.0,0.0,0.0,0.0,0.0,0.0,0.0,0.0,0.0,3.0,1.0,0.0,0.0,0.0,0.0,1.0,1.0,0.0,0.0,0.0,0.0,0.0,6.0,0.0,6.0,25.12333333,94.45490667,20.78080409462985,1.991058870547844,0.3636198720682304,0.0685348902311801,469.0,-0.258528679245283,0.0250264928424528,53.0,0.35294969348659,0.0650702793814797,522.0,3.141203371480534,0.0317225814916956,0.111514500398345,0.0145173604745375,15.731059998012698,1.8594854133252503,"Yes, there is a relationship between the DSCC1 gene and cancer. DSCC1 is involved in DNA repair mechanisms, specifically in the assembly of the MRE11-RAD50-NBS1 (MRN) complex, which plays a critical role in the detection and repair of DNA double-strand breaks. Dysregulation of DNA repair pathways can lead to the accumulation of genetic mutations and chromosomal instability, both of which are hallmarks of cancer. Moreover, aberrant expression or mutations in DSCC1 may influence cellular responses to genotoxic stress and alter tumor progression by affecting the cellular repair capacity, potentially contributing to cancer development or progression through compromised genomic integrity.",0
ZNF506,1335,0.0714285714285714,0.0,0.0,0.5714285714285714,0.0,1.0,0.3571428571428571,0.0,0.7821952376742992,0.0,4.0,6.5,1.0,1.0,0.6042296072507553,0.908641092948052,575637.0,609.0,-0.04951688,0.0,1.0,0.0,0.0,0.0,0.0,0.0,0.0,5.0,0.0,0.0,0.0,0.0,1.0,7.0,0.0,0.0,0.0,0.0,0.0,1.0,1.0,0.0,6.0,0.0,0.0,0.0,9.0,0.0,15.0,10.08511111,36.04064761,15.064283368451749,1.191738802428427,0.2886558974358975,0.0368958299572539,156.0,-0.233852196261682,0.020876369202196,214.0,0.2569586216216216,0.0282832310471464,370.0,3.4723430053338524,0.0101635930044682,0.111514500398345,0.0145173604745375,20.060674391099585,2.322449260305919,"There is emerging evidence suggesting a relationship between the ZNF506 gene and cancer, particularly in the context of its potential role in regulating gene expression and maintaining genomic stability. ZNF506, a member of the zinc finger protein family, may influence cancer pathways through its involvement in transcriptional regulation, chromatin remodeling, and possibly in the modulation of oncogenic or tumor suppressor pathways. Dysregulation of ZNF506 expression could lead to alterations in cellular processes such as proliferation, differentiation, and apoptosis, which are critical in tumorigenesis. Additionally, variants or aberrations in ZNF506 may impact its functional interactions with other proteins involved in DNA repair mechanisms, thereby contributing to genomic instability, a hallmark of cancer. Further research is required to elucidate the precise mechanisms and clinical implications of ZNF506 in various cancer types.",0
PTCD2,1167,0.375,0.0,0.0,0.625,0.0,1.0,0.0,0.0,1.0,0.0,1.25,1.25,1.0,1.0,0.2824060999717594,0.6394829633238539,421218.3,342.0,0.02661298,1.8830861535899785e-05,9.0,0.0,0.0,0.0,0.0,0.0,0.0,0.0,0.0,0.0,0.0,0.0,2.0,4.0,0.0,0.0,0.0,0.0,0.0,3.0,1.0,0.0,0.0,0.0,0.0,0.0,10.0,0.0,10.0,12.844,148.7701224,20.43845980429522,1.7109170065438015,0.2305026229508197,0.011349642735212,122.0,-0.2692602836879433,0.0222215571102395,282.0,0.2575562376237626,0.0192195671634768,404.0,3.337284178440749,0.0045771356302021,0.0775152985089959,0.0092284443368976,20.060674391099585,2.322449260305919,"The PTCD2 gene encodes a protein that is involved in RNA processing and mitochondrial function. Alterations in PTCD2 expression or function have been implicated in cancer through mechanisms such as dysregulation of mitochondrial metabolism, which can affect cellular energy production and apoptosis, thereby contributing to tumorigenesis and cancer progression. Additionally, the gene's role in RNA metabolism may influence the expression of oncogenes and tumor suppressor genes, further linking it to the complex regulatory networks that control cell proliferation, differentiation, and survival in cancerous cells. Ongoing research aims to clarify the exact mechanisms by which PTCD2 may influence cancer biology.",0
PBX2,1293,0.1666666666666666,0.0,0.0,0.8333333333333334,0.0,1.0,0.0,0.0,1.0,0.0,2.5,2.5,1.0,1.0,0.0362423890982893,0.1564774527266794,2119974.0,392.0,0.02761448,4.324128645211602e-05,13.0,0.0,0.0,0.0,0.0,0.0,0.0,0.0,0.0,0.0,0.0,0.0,0.0,5.0,0.0,0.0,0.0,0.0,0.0,1.0,0.0,0.0,0.0,0.0,0.0,0.0,6.0,0.0,6.0,24.45633333,102.9847527,21.01859573041133,1.8250650191637388,0.2417442631578945,0.0190714056722055,190.0,-0.2399755147058823,0.015693203125659,136.0,0.241006380368098,0.0176102340570118,326.0,3.533736006401418,0.0052163493534186,0.111514500398345,0.0145173604745375,22.62624140275281,0.736997409367485,"Yes, there is a relationship between the PBX2 gene and cancer. PBX2 is part of the PBX homeobox gene family, which plays a crucial role in regulating gene expression during development and differentiation. Aberrant expression of PBX2 has been implicated in various cancers, including leukemia and solid tumors. Mechanistically, PBX2 can act as a transcriptional regulator, often working with other oncogenes and transcription factors to promote tumorigenesis. Its upregulation may lead to the activation of specific target genes involved in cell proliferation, survival, and metastasis. Additionally, PBX2 has been shown to influence hematopoietic development and may contribute to the leukemogenic transformation in hematopoietic malignancies through its interactions with other regulatory proteins and signaling pathways.",0
CALN1,786,0.1739130434782608,0.0869565217391304,0.0,0.7391304347826086,0.0,1.0,0.0,0.0,0.9423309401415207,0.0,3.4,3.8,0.5431830526887561,1.0,0.0661288189392937,0.2457446526343128,17685.23,956.0,-0.02881636,0.0,0.0,0.0,0.0,0.0,0.0,0.0,0.0,0.0,0.0,0.0,0.0,0.0,1.0,16.0,2.0,0.0,0.0,0.0,0.0,4.0,1.0,0.0,0.0,0.0,0.0,0.0,24.0,0.0,23.0,26.140875,105.6077502,17.095163449773917,0.369092281719786,0.2994850274725277,0.0255350062046824,362.0,-0.2424314545454545,0.0190667433611676,110.0,0.2862447468354433,0.0245717755053268,471.0,1.96164882550486,0.8250884923915849,0.312791726028075,0.0588420842473424,20.060674391099585,2.322449260305919,"The CALN1 gene encodes a calcium-binding protein involved in various cellular processes, including calcium homeostasis and signaling. Dysregulation of calcium signaling pathways has been implicated in cancer progression, as altered calcium levels can influence cell proliferation, apoptosis, and migration. Specifically, CALN1 may affect the tumor microenvironment by modulating calcium-dependent interactions among cancer cells and stromal cells. Additionally, aberrant expression of CALN1 has been observed in certain tumor types, suggesting a possible correlation between CALN1 expression levels and cancer characteristics, such as metastasis and chemoresistance. However, the precise mechanisms through which CALN1 contributes to oncogenesis or cancer advancement remain to be fully elucidated.",0
HIBCH,1161,0.1,0.2,0.1,0.5,0.0,1.0,0.1,0.0,0.7591760034688151,0.0,2.5,4.5,0.0436376330947809,1.0,0.8116883116883117,0.9810380398630908,499048.5,471.0,0.02388604,2.950119214281388e-05,31.0,0.0,0.0,0.0,0.0,0.0,0.0,1.0,0.0,0.0,0.0,0.0,0.0,5.0,2.0,0.0,0.0,0.0,0.0,1.0,1.0,0.0,1.0,0.0,0.0,0.0,9.0,0.0,9.0,21.87455556,214.3048793,26.68790538739013,0.3596732649570028,0.2336319806763283,0.0185521689421743,207.0,-0.2266259090909091,0.0173250112706993,66.0,0.231938205128205,0.0181997387655165,273.0,3.43159401664865,0.0069837417766386,0.0656072774987418,0.0132648396746216,19.753311172059387,9.788238794779796,"The HIBCH gene encodes for the enzyme beta-hydroxyisobutyryl-CoA hydrolase, which plays a role in the metabolism of branched-chain amino acids and the degradation of specific metabolites. Alterations in metabolic pathways are increasingly recognized as a hallmark of cancer, where dysregulated energy production and metabolite accumulation can promote tumor growth and survival. Specifically, aberrations in the HIBCH gene could potentially influence metabolic reprogramming in cancer cells, leading to altered cellular proliferation, resistance to apoptosis, or modification of the tumor microenvironment. This could occur through mechanisms such as modulation of key signaling pathways, redox balance, or enabling tumors to thrive in nutrient-depleted conditions. However, further research is required to elucidate the precise involvement of HIBCH in cancer biology.",0
DVL3,2151,0.391304347826087,0.0434782608695652,0.0434782608695652,0.5217391304347826,0.0,1.0,0.0,0.0,0.9807769800471736,0.0,1.2,1.4,0.3191828917969997,1.0,0.6544502617801047,0.9319107923719429,1453689.0,334.0,0.0417882,0.0002342669994145,59.0,0.0,0.0,0.0,0.0,0.0,0.0,0.0,0.0,0.0,0.0,0.0,1.0,12.0,1.0,0.0,0.0,0.0,0.0,9.0,2.0,0.0,0.0,1.0,0.0,0.0,24.0,0.0,24.0,20.97775,108.7737761,22.932156661020137,0.5446352552359438,0.4201787466666667,0.1166906680441469,375.0,-0.26551828125,0.0246333184176339,64.0,0.3976314350797266,0.1061687227118628,439.0,3.5843188181371275,0.0066199869507576,0.111514500398345,0.0145173604745375,22.47970085668488,0.6795364299505278,"The DVL3 gene, which encodes a component of the Wnt signaling pathway, has been implicated in cancer biology through its role in cellular signaling and proliferation. Dysregulation of DVL3 can lead to enhanced Wnt signaling, which is associated with the promotion of oncogenic processes, including increased cell proliferation, survival, and invasion. Overexpression or mutations in DVL3 may result in aberrant activation of downstream targets and pathways that facilitate tumorigenesis. Additionally, DVL3 might influence the epithelial-to-mesenchymal transition (EMT), a critical step in metastasis, by modulating interactions with other signaling cascades and transcription factors. Collectively, these mechanisms suggest that alterations in DVL3 expression or function could contribute to the development and progression of various cancers.",0
MEI1,3825,0.2222222222222222,0.037037037037037,0.0,0.6666666666666666,0.1111111111111111,0.9366510388806776,0.037037037037037,0.037037037037037,0.9473844505291,0.0,2.571428571428572,3.0,0.8613264427217916,0.00458,0.11674,0.0045627933395779,1452842.0,180.0,0.04862793,0.0,1.0,0.0,0.0,0.0,0.0,0.0,0.0,0.0,1.0,0.0,0.0,0.0,1.0,17.0,1.0,0.0,0.0,0.0,0.0,6.0,1.0,0.0,0.0,0.0,1.0,0.0,26.0,0.0,23.0,19.54803846,44.28734556,20.486042921021628,1.6583476993039732,0.2590603816793894,0.0369036829467763,128.0,-0.3005984664536741,0.0290341695739227,300.0,0.2883428603603603,0.0316376523224996,423.0,2.769372656987456,0.1010138362622358,0.3963938345962949,0.0429663681508402,20.060674391099585,2.322449260305919,"The MEI1 gene, which is involved in meiotic recombination and the formation of gametes, has been implicated in cancer, particularly in the context of genomic stability and chromosomal segregation. Abnormalities in its function could lead to impaired homologous recombination, resulting in genomic instability, a hallmark of many cancers. Additionally, aberrant expression of MEI1 may disrupt normal cellular processes, contributing to tumorigenesis through mechanisms such as altered DNA repair pathways and aneuploidy. Studies exploring the multifaceted roles of MEI1 in cell division and genomic maintenance are essential for understanding its potential link to oncogenic processes.",0
TIGIT,735,0.1052631578947368,0.0,0.0526315789473684,0.7894736842105263,0.0,1.0,0.0526315789473684,0.0,0.9504402287649184,0.0,5.0,5.666666666666667,0.8264462809917356,1.0,0.6317119393556538,0.9218709923555748,369332.1,614.0,0.01904032,1.713511645217281e-07,4.0,0.0,0.0,1.0,0.0,0.0,0.0,1.0,0.0,0.0,0.0,0.0,2.0,14.0,0.0,0.0,0.0,0.0,0.0,2.0,1.0,0.0,2.0,0.0,0.0,0.0,19.0,0.0,20.0,12.45815789,55.55734881,14.528811840305266,0.224924234014487,0.2664860211267605,0.0320421380063741,284.0,-0.2664752173913044,0.021931929918154,115.0,0.2664829072681703,0.0290657413970542,399.0,3.0654943899848828,0.0836446572286408,0.111514500398345,0.0145173604745375,16.78928622389467,1.2537456876971922,"The TIGIT gene encodes an immune checkpoint receptor that plays a crucial role in modulating the immune response against tumors. It is primarily expressed on immune cells, including T cells and natural killer (NK) cells, where it acts to inhibit their activation and cytotoxic functions when it binds to CD155 and CD112, which are expressed on tumor cells and antigen-presenting cells. This inhibitory signaling can contribute to the immune evasion of cancer cells, allowing tumors to grow and metastasize by dampening anti-tumor immunity. Increased expression of TIGIT has been associated with poor prognosis in various cancers, highlighting its potential role in promoting tumor progression by fostering an immunosuppressive microenvironment.",0
CLCNKA,2064,0.3333333333333333,0.0,0.0,0.6666666666666666,0.0,1.0,0.0,0.0,1.0,0.0,1.7142857142857142,1.7142857142857142,1.0,1.0,0.2437835202340321,0.5878777814846878,886120.8,197.0,0.04297886,0.0,0.0,0.0,0.0,0.0,0.0,0.0,0.0,0.0,0.0,0.0,0.0,0.0,1.0,9.0,0.0,0.0,0.0,0.0,0.0,6.0,3.0,0.0,0.0,0.0,0.0,0.0,19.0,0.0,18.0,15.26468421,112.3792636,23.677727505564032,0.9091730804134034,0.2267587628865978,0.0250466865880369,97.0,-0.2557249027237352,0.0175295543157131,257.0,0.2477878531073447,0.0196915965421199,354.0,1.699320750243451,0.6333509665877345,0.111514500398345,0.0145173604745375,20.060674391099585,2.322449260305919,"The relationship between the CLCNKA gene and cancer is currently not well-established. However, CLCNKA encodes a chloride channel that plays a crucial role in maintaining ion homeostasis and cellular function. Disruptions in ion transport can lead to altered cellular signaling and proliferation, potentially contributing to tumorigenesis. Additionally, fluctuations in chloride concentrations may influence the tumor microenvironment, affecting cell migration and invasion. While direct links between CLCNKA and specific cancer types remain to be elucidated, its involvement in cellular mechanisms underscores the need for further research to explore potential associations in the context of cancer biology.",0
CRB2,3858,0.3111111111111111,0.0,0.0,0.6666666666666666,0.0,1.0,0.0,0.0222222222222222,1.0,0.0,2.0,2.066666666666667,1.0,1.0,0.6075334143377886,0.910296538429452,346407.2,389.0,0.04380987,7.852892463641407e-09,2.0,0.0,0.0,0.0,0.0,0.0,0.0,0.0,0.0,0.0,1.0,0.0,1.0,29.0,0.0,0.0,0.0,0.0,0.0,14.0,1.0,0.0,1.0,0.0,0.0,0.0,45.0,0.0,43.0,13.15484444,75.52166223,20.27337184659902,7.272822467291735,0.2345577697841727,0.0138516129449901,139.0,-0.244558814229249,0.0189919654787471,253.0,0.2410125255102042,0.0171520995769814,392.0,2.4847626633004505,0.4139417734186097,0.111514500398345,0.0145173604745375,20.31303101227012,2.641881758943742,"Yes, there is a relationship between the CRB2 gene and cancer. CRB2, part of the Crumbs family of genes, plays a vital role in maintaining epithelial cell polarity and tissue architecture, processes that are often disrupted in cancer. Dysregulation of CRB2 can lead to abnormal cellular proliferation and survival, contributing to tumorigenesis. Additionally, CRB2 may interact with various signaling pathways that regulate cell adhesion and migration, enabling cancer cells to invade surrounding tissues and metastasize. Its potential involvement in epithelial-mesenchymal transition (EMT) further underscores its importance in cancer progression, as EMT is a key process that allows cancer cells to acquire invasive properties. Collectively, these mechanisms suggest that alterations in CRB2 expression or function could influence tumor behavior and progression.",0
A4GNT,1023,0.1333333333333333,0.0,0.0,0.8,0.0,1.0,0.0666666666666666,0.0,1.0,0.0,4.0,4.333333333333333,1.0,1.0,0.2370791844476055,0.5783217359072034,190055.5,464.0,0.009230724,2.110065142342228e-05,19.0,0.0,0.0,0.0,0.0,0.0,0.0,0.0,1.0,0.0,0.0,0.0,0.0,13.0,0.0,0.0,0.0,0.0,0.0,2.0,0.0,0.0,0.0,0.0,1.0,0.0,14.0,1.0,14.0,14.95657143,92.91092596,18.899797650354284,0.2902577615115111,0.3041906209150327,0.0375635090130558,306.0,-0.248191375,0.0184790457309968,80.0,0.2925845595854922,0.0340664770144808,386.0,1.648424678674015,0.7984367351738488,0.111514500398345,0.0145173604745375,20.060674391099585,2.322449260305919,"The relationship between the A4GNT gene and cancer is currently under investigation, with emerging evidence suggesting a potential role in tumor biology. A4GNT encodes an enzyme involved in the modification of glycoproteins, specifically the transfer of GlcNAc to certain glycan structures. Aberrant glycosylation patterns, which can result from alterations in glycosylation genes like A4GNT, have been implicated in tumor progression, metastasis, and immune evasion. These changes in glycosylation can affect cell-cell interactions, signaling pathways, and the tumor microenvironment, potentially contributing to oncogenic processes and altering the immune response to cancerous cells. However, further research is needed to elucidate the specific mechanisms and implications of A4GNT dysregulation in various cancers.",0
SERPINA1,1257,0.25,0.0,0.0,0.5,0.0,1.0,0.25,0.0,1.0,0.0,1.0,1.5,1.0,1.0,0.4768717215069146,0.8299989279541168,201687.9,843.0,0.008840772,0.0001973749708062,31.0,0.0,0.0,0.0,0.0,0.0,0.0,1.0,0.0,0.0,0.0,0.0,0.0,2.0,0.0,0.0,0.0,0.0,0.0,1.0,0.0,0.0,1.0,0.0,0.0,0.0,3.0,0.0,4.0,7.439666667,0.304876333,30.711784287025267,0.6028144033053809,0.2373740127388535,0.020185909166487,157.0,-0.2809464015151514,0.0201265387052526,264.0,0.2646973159144894,0.0205457060449213,421.0,3.6883532347458914,0.0539893037911195,0.111514500398345,0.0145173604745375,21.743928357048578,1.9954194634397584,"The SERPINA1 gene encodes the protein alpha-1 antitrypsin (AAT), which primarily functions as a serine protease inhibitor. Dysregulation of AAT has been implicated in various pathological processes, including inflammation and tissue remodeling, both of which can contribute to cancer progression. Elevated levels of AAT may promote a tumorigenic microenvironment by inhibiting proteases that typically regulate cell proliferation and apoptosis, thereby facilitating cancer cell survival and metastasis. Moreover, aberrant expression of AAT has been observed in several cancer types, suggesting that it may play a role in modulating immune responses and tumor-host interactions. Thus, while the direct causal relationship between SERPINA1 and cancer is still being explored, it is clear that AAT's functional roles may influence tumor biology.",0
MRPL50,477,0.5,0.5,0.0,0.0,0.0,1.0,0.0,0.0,1.0,0.0,0.0,0.5,0.3442340791738382,1.0,1.0,1.0,112947.1,898.0,-0.02239457,7.81224714787952e-06,29.0,0.0,0.0,0.0,0.0,0.0,0.0,0.0,0.0,0.0,0.0,0.0,0.0,0.0,1.0,0.0,0.0,0.0,0.0,1.0,0.0,0.0,0.0,0.0,0.0,0.0,2.0,0.0,2.0,19.9155,455.0842805,24.197516882298554,0.5349731439917935,0.2246977611940298,0.0121560657919425,134.0,-0.236380888030888,0.0152083970205261,259.0,0.2323973282442749,0.0141647376379965,393.0,3.421445147093213,0.0054857131153426,0.0690779015237193,0.0069763772020414,20.060674391099585,2.322449260305919,"The MRPL50 gene encodes a mitochondrial ribosomal protein, which is crucial for mitochondrial protein synthesis and function. Alterations in mitochondrial function and dynamics have been implicated in various cancer types, as they can influence cellular metabolism, apoptosis, and the production of reactive oxygen species. Aberrant expression of MRPL50 may affect mitochondrial biogenesis and function, potentially leading to metabolic reprogramming in cancer cells, promoting the Warburg effect, or contributing to the generation of a microenvironment conducive to tumor growth and metastasis. Furthermore, mutations or dysregulation in MRPL50 could impact the stability and translation of mitochondrial mRNAs crucial for oxidative phosphorylation, further linking it to oncogenic processes and tumorigenesis.",0
TREX1,1110,0.3333333333333333,0.0,0.0,0.6666666666666666,0.0,1.0,0.0,0.0,1.0,0.0,1.0,1.0,1.0,1.0,0.2589331952356292,0.6087998922854281,1480689.0,223.0,0.04529131,2.249676366730251e-05,8.0,0.0,0.0,0.0,0.0,0.0,0.0,0.0,0.0,0.0,0.0,0.0,1.0,2.0,0.0,0.0,0.0,0.0,0.0,1.0,0.0,0.0,0.0,0.0,0.0,0.0,4.0,0.0,4.0,16.0245,136.9815477,22.60457754622094,1.7521945889691102,0.2131045283018868,0.0152923655431087,106.0,-0.2781808139534886,0.0209184327715969,430.0,0.26531125,0.020448285068528,536.0,3.1647044166065648,0.0120355705032262,0.111514500398345,0.0145173604745375,22.031967185370046,1.7804474236481045,"The TREX1 gene, which encodes a 3' to 5' exonuclease, plays a crucial role in the degradation of cytosolic DNA, thereby preventing inappropriate activation of the innate immune response. Dysregulation of TREX1 has been implicated in several cancers, particularly in the context of genomic instability and the accumulation of endogenous DNA damage. This accumulation can lead to an increased inflammatory response via the activation of STING (stimulator of interferon genes) signaling pathways, promoting a tumor-promoting microenvironment. Additionally, mutations in TREX1 have been associated with autoimmune conditions that can influence tumorigenesis, highlighting a potential interplay between immune regulation and cancer development through inflammaging and the modulation of the tumor immune landscape.",0
SH2B1,2271,0.0666666666666666,0.1333333333333333,0.0,0.6666666666666666,0.0,1.0,0.1333333333333333,0.0,0.863489053434765,0.0,5.0,7.0,0.1792435920415845,1.0,0.2514458134272064,0.5985737405646352,1146511.0,221.0,0.05554069,0.00016590883495,15.0,6.0,0.0,0.0,0.0,0.0,0.0,2.0,0.0,0.0,0.0,0.0,13.0,10.0,2.0,0.0,0.0,0.0,0.0,1.0,1.0,0.0,3.0,1.0,0.0,0.0,31.0,0.0,31.0,19.13287097,106.3356266,22.3847855991415,1.533697460017005,0.2626049760765549,0.0472519335664657,209.0,-0.2478859349593495,0.0254174175735039,123.0,0.2571518373493974,0.0391120921606622,332.0,3.476009679675682,0.0053364827163237,0.0827983195864416,0.0161779400186983,22.680664484973907,0.8717753085032691,"The SH2B1 gene encodes an adaptor protein that plays a role in various signaling pathways, including those related to insulin and growth factor signaling. Dysregulation of SH2B1 has been implicated in several cellular processes, such as proliferation, survival, and metabolic regulation, which can contribute to oncogenesis. Notably, aberrant expression or mutations in SH2B1 have been observed in certain cancers, potentially influencing tumor growth and metastasis through enhanced signaling pathways, including the phosphatidylinositol 3-kinase (PI3K)/Akt pathway. This could lead to increased cell proliferation and resistance to apoptosis, characteristic of cancerous cells, indicating a possible relationship between SH2B1 and cancer biology.",0
LSAMP,1017,0.2,0.0,0.0,0.7333333333333333,0.0,1.0,0.0666666666666666,0.0,0.9658722633586913,0.0,2.75,3.0,1.0,1.0,0.2797985450475657,0.6361738714989469,121423.8,967.0,-0.006129203,5.12482336415789e-07,6.0,0.0,0.0,0.0,0.0,0.0,0.0,0.0,1.0,0.0,0.0,0.0,1.0,11.0,0.0,0.0,0.0,0.0,1.0,3.0,0.0,0.0,0.0,0.0,1.0,0.0,16.0,0.0,16.0,22.690125,85.29365625,22.82412134389864,4.576511631723422,0.2673248620689654,0.0304515160257594,288.0,-0.2649698245614036,0.0218630976052786,114.0,0.2666603217821781,0.027968913190715,402.0,3.155796423164934,0.2917708985667806,0.111514500398345,0.0145173604745375,21.436300894603367,1.159332485119257,"The LSAMP gene has been implicated in various cellular processes, including cell adhesion and signaling, which are critical in maintaining tissue integrity and preventing tumor progression. Alterations in LSAMP expression can influence the behavior of cancer cells, potentially affecting processes such as migration, invasion, and metastasis. In some studies, downregulation of LSAMP has been associated with enhanced tumorigenic properties, suggesting that its loss may contribute to the epithelial-mesenchymal transition (EMT), a key event in cancer progression. Additionally, LSAMP's role in neural tissue suggests potential relevance in neuroblastomas, where changes in neurodevelopmental pathways may impact tumor behavior. Overall, while the relationship between LSAMP and cancer is an active area of research, the precise mechanisms and implications remain to be fully elucidated.",0
DEPDC1,2436,0.0,0.0,0.0,1.0,0.0,1.0,0.0,0.0,1.0,0.0,6.0,6.0,1.0,1.0,0.851063829787234,0.9883133171030828,196163.0,601.0,-0.01775803,0.0,1.0,0.0,0.0,0.0,0.0,0.0,0.0,0.0,0.0,0.0,0.0,0.0,13.0,7.0,0.0,0.0,0.0,0.0,0.0,0.0,0.0,0.0,0.0,1.0,0.0,0.0,19.0,0.0,14.0,14.95652632,72.52576815,14.654105317688716,10.58132310050522,0.2012046956521739,0.0124692022882837,115.0,-0.2300627500000001,0.0155499972964196,200.0,0.2195272698412698,0.0145756217027135,315.0,3.2680263149928743,0.0536274606983057,0.0364186638150081,0.0089587930341612,14.64219772593606,2.155619171528022,"There is evidence suggesting a relationship between the DEPDC1 gene and cancer, as DEPDC1 has been implicated in various oncogenic processes. Overexpression of DEPDC1 has been associated with enhanced cell proliferation, migration, and invasion in several cancer types, indicating its potential role in tumorigenesis. Mechanistically, DEPDC1 may influence cellular pathways involved in cell cycle regulation and apoptosis, as well as modulate signaling cascades related to cancer progression, such as the PI3K/AKT pathway. Additionally, DEPDC1 has been noted to affect epithelial-mesenchymal transition (EMT), further linking it to metastatic potential in cancer cells. Overall, these mechanisms suggest that DEPDC1 could serve as a contributing factor in cancer development and progression.",0
CLPP,834,0.2,0.0,0.0,0.8,0.0,1.0,0.0,0.0,1.0,0.0,2.0,2.0,1.0,1.0,0.1135976371691468,0.3606830140268964,943949.3,407.0,0.0308020999999999,3.4069944409011887e-06,9.0,0.0,0.0,0.0,0.0,0.0,0.0,0.0,0.0,0.0,0.0,0.0,0.0,4.0,0.0,0.0,0.0,0.0,0.0,1.0,0.0,0.0,0.0,0.0,0.0,0.0,5.0,0.0,5.0,24.756,66.30468,25.062100719324977,0.2604399884279109,0.2694855639097746,0.0394249570278992,133.0,-0.2498693495934959,0.0194882595097793,246.0,0.2567531398416884,0.0264866038311205,379.0,3.335848787094177,0.0077552045990017,0.0580204167075091,0.0051958872418601,19.326892372275147,5.860776483075031,"The CLPP gene encodes a mitochondrial protease involved in protein homeostasis, specifically in the degradation of misfolded or damaged proteins within the mitochondrial matrix. Dysregulation of mitochondrial proteostasis has been implicated in various cancers, as the accumulation of damaged proteins can impact mitochondrial function, leading to altered energy metabolism, increased reactive oxygen species (ROS) production, and activation of apoptotic pathways. Furthermore, CLPP's role in regulating mitochondrial dynamics and stress responses may influence tumor progression and resistance to therapy. Consequently, mutations or changes in the expression of CLPP could contribute to oncogenic processes by impairing mitochondrial integrity and promoting an altered cellular microenvironment conducive to cancer development.",0
SGPP2,1200,0.0,0.0,0.0,0.8571428571428571,0.0,1.0,0.1428571428571428,0.0,1.0,0.0,6.0,7.0,1.0,1.0,0.3343363423604146,0.7006378400694787,283423.4,596.0,0.01334673,0.0,0.0,0.0,0.0,0.0,0.0,0.0,0.0,1.0,0.0,0.0,0.0,0.0,0.0,6.0,0.0,0.0,0.0,0.0,0.0,0.0,0.0,0.0,1.0,0.0,0.0,0.0,6.0,0.0,7.0,18.63333333,13.98126667,21.0631274925218,5.82627469061259,0.2075400793650793,0.0141041577751936,126.0,-0.2616487837837837,0.0213045322189189,148.0,0.2367666788321168,0.0186595020164019,274.0,3.4795318661604155,0.0504107358071519,0.1707319003645484,0.0261179847884142,20.060674391099585,2.322449260305919,"The SGPP2 gene encodes sphingosine-1-phosphate phosphatase 2, which is involved in the regulation of sphingosine-1-phosphate (S1P) levels within the cell. Dysregulation of S1P signaling has been implicated in various cancer types, as S1P plays crucial roles in cell proliferation, survival, migration, and angiogenesis. Overexpression of SGPP2 may lead to reduced S1P levels, potentially suppressing tumor proliferation and metastatic potential. Conversely, decreased SGPP2 expression could result in elevated S1P, promoting oncogenic pathways. Thus, the relationship between SGPP2 and cancer may be mediated through its role in modulating sphingolipid metabolism and cellular signaling, influencing tumorigenesis and cancer progression.",0
SPANXD,294,0.3333333333333333,0.0,0.0,0.6666666666666666,0.0,1.0,0.0,0.0,0.8710490642551527,0.0,1.3333333333333333,1.3333333333333333,1.0,1.0,0.9066183136899364,0.9954974979794792,28354.69,444.4009897808343,-0.01978882,0.0,1.0,0.0,0.0,0.0,0.0,0.0,0.0,0.0,0.0,0.0,0.0,0.0,0.0,4.0,0.0,0.0,0.0,0.0,0.0,2.0,0.0,0.0,0.0,0.0,0.0,0.0,6.0,0.0,5.0,2.068333333,12.52080347,21.88701420269522,1.8204614569819408,0.2662708088235292,0.027455103930452,136.0,-0.2789830357142857,0.0270198884069176,112.0,0.272011814516129,0.0271885508311071,248.0,0.4070219121518646,0.4810880729913801,0.111514500398345,0.0145173604745375,20.060674391099585,2.322449260305919,"The SPANXD gene, a member of the cancer/testis antigen family, exhibits expression primarily in testicular tissues and certain malignancies, suggesting a potential link to cancer. This gene is often upregulated in various tumors, which may allow for immune system recognition due to its restricted expression pattern. Mechanistically, SPANXD may facilitate tumorigenesis through multiple pathways, including alterations in cell cycle regulation, evasion of apoptosis, and modulation of immune responses. Its expression can evoke an immune response against tumor cells, providing a potential target for immunotherapeutic strategies. However, the precise molecular interactions and pathways involving SPANXD in cancer progression remain an area of ongoing research.",0
CC2D1A,2856,0.25,0.1875,0.0625,0.5,0.0,1.0,0.0,0.0,0.875,0.0,1.6,2.4,0.0208689845152134,1.0,0.8223684210526315,0.9831963680460324,930314.5,231.0,0.03226632,1.4569267461182327e-05,9.0,0.0,0.0,1.0,0.0,0.0,0.0,0.0,0.0,0.0,0.0,0.0,0.0,8.0,3.0,0.0,0.0,0.0,0.0,4.0,2.0,0.0,0.0,1.0,0.0,0.0,17.0,0.0,17.0,23.086,176.5606854,24.877353042231416,0.4196042589908658,0.3459839361702128,0.0819723945010012,188.0,-0.2223651832460732,0.0138086366377294,191.0,0.2836853034300789,0.0513235958704765,379.0,3.393164477011175,0.0099672002821024,0.03686610933954,0.0095846147014336,24.02855736856734,0.8134469238993496,"Yes, there is a relationship between the CC2D1A gene and cancer. CC2D1A has been implicated in various malignancies through its roles in cellular processes such as proliferation, apoptosis, and DNA repair. Specifically, CC2D1A is involved in the regulation of the ubiquitin-proteasome pathway, influencing protein stability and turnover, which can affect tumor suppressor proteins and oncogenes. Additionally, its potential role in the modulation of signaling pathways, such as those involving AKT and MAPK, may contribute to tumorigenesis by altering cell survival and growth signals. Aberrations in CC2D1A expression or function could thus contribute to the initiation and progression of cancer by disrupting homeostatic cellular mechanisms.",0
CHRNB2,1509,0.2962962962962963,0.0,0.0,0.7037037037037037,0.0,1.0,0.0,0.0,0.9844214875661372,0.0,2.111111111111111,2.111111111111111,1.0,1.0,0.3559985760056959,0.7236840683951964,1896659.0,403.0,0.04139054,0.0,0.0,0.0,0.0,0.0,0.0,0.0,0.0,0.0,0.0,0.0,0.0,0.0,0.0,19.0,0.0,0.0,0.0,0.0,0.0,7.0,0.0,0.0,0.0,0.0,0.0,0.0,26.0,0.0,23.0,18.41388462,131.7809438,20.29033953802383,0.0829375652955901,0.3041017948717949,0.0360595917319886,390.0,-0.1766997142857143,0.0061046492087394,35.0,0.2936098588235296,0.0348020049641309,425.0,2.54691633273582,0.4352927747885265,0.0414180000682997,0.0032982057709673,20.060674391099585,2.322449260305919,"The CHRNB2 gene encodes the beta-2 subunit of the nicotinic acetylcholine receptor, which plays a critical role in neurotransmission and is involved in various cellular processes. Emerging evidence suggests that altered expression or mutations in this gene may influence tumor biology, specifically through pathways related to cell proliferation, apoptosis, and the modulation of the tumor microenvironment. For instance, aberrant nAChR signaling can promote tumor progression by enhancing angiogenesis and facilitating the survival of cancer cells in response to stress. Moreover, nicotine, the primary psychoactive component of tobacco, can activate nAChRs, potentially linking CHRNB2 to smoking-related cancers. Overall, while a direct and well-characterized causal relationship between CHRNB2 and cancer remains to be fully elucidated, its involvement in critical cellular functions presents a plausible mechanism by which it may influence oncogenesis.",0
PITX1,945,0.0,0.0,0.0,0.6666666666666666,0.0,1.0,0.1666666666666666,0.1666666666666666,1.0,0.0,4.0,6.0,1.0,1.0,0.0250118806433055,0.1172658097912933,725156.5,226.0,0.0272684,2.918565429349481e-05,25.0,0.0,0.0,0.0,0.0,0.0,0.0,1.0,0.0,0.0,1.0,0.0,2.0,4.0,0.0,0.0,0.0,0.0,0.0,0.0,0.0,0.0,2.0,0.0,0.0,0.0,6.0,0.0,8.0,24.001,145.7271224,21.25548828349159,2.044668900306796,0.2564074096385541,0.0142008828920372,166.0,-0.2492852845528455,0.0153272398201227,246.0,0.2521548786407768,0.0148499929067978,412.0,2.9087794544894354,0.5122526546660849,0.1171230442905569,0.017065001115723,19.859433089961502,3.3813694288926794,"Yes, there is a relationship between the PITX1 gene and cancer. PITX1 is a transcription factor involved in various developmental processes and tissue differentiation. Its dysregulation can lead to alterations in gene expression that may contribute to oncogenic processes, including cell proliferation, migration, and apoptosis. In certain cancers, downregulation of PITX1 has been associated with tumor progression and poor prognosis, potentially through the disruption of pathways governing cell cycle control and invasion. Additionally, PITX1 may influence the tumor microenvironment and immune response, further linking it to cancer biology. These mechanisms highlight the multifaceted role of PITX1 in tumorigenesis and cancer progression.",0
GCSAM,543,0.0,0.5,0.0,0.5,0.0,1.0,0.0,0.0,1.0,0.0,1.0,2.0,0.4151100041511001,1.0,0.8984725965858041,0.9946622392573296,268780.4,440.0,0.02803913,0.0,1.0,0.0,0.0,0.0,0.0,0.0,0.0,0.0,0.0,0.0,0.0,0.0,0.0,1.0,1.0,0.0,0.0,0.0,0.0,0.0,0.0,0.0,0.0,0.0,0.0,0.0,2.0,0.0,2.0,17.5915,606.1117445,12.022088575408034,0.6885429339793752,0.2558824647887323,0.0282364057486736,284.0,-0.264828695652174,0.021738367281617,115.0,0.2584609523809523,0.0263206732076334,399.0,2.883314036261482,0.1407211665974901,0.111514500398345,0.0145173604745375,17.78315247395894,1.742169096469815,"The relationship between the GCSAM gene and cancer is not extensively characterized in the literature. However, some studies suggest that GCSAM may play a role in immune regulation and cell signaling, which could impact tumor microenvironments and cancer progression. For instance, GCSAM is associated with B cell activation and may influence lymphocyte development and function, potentially affecting tumor immunity and the response to cancer therapies. Aberrations in immune responses governed by GCSAM may lead to altered tumor surveillance mechanisms, contributing to tumorigenesis or tumor progression in certain contexts. Further research is needed to elucidate the precise mechanisms by which GCSAM may be implicated in cancer biology.",0
HOXC9,783,0.2222222222222222,0.0,0.0,0.5555555555555556,0.0,1.0,0.2222222222222222,0.0,0.9298966940476158,0.0,1.6666666666666667,2.333333333333333,1.0,1.0,0.253613999492772,0.6015576603843498,1257445.0,274.0,0.02312141,0.0001194109667029,19.0,0.0,0.0,0.0,0.0,0.0,0.0,1.0,1.0,0.0,0.0,0.0,0.0,5.0,0.0,0.0,0.0,0.0,0.0,2.0,0.0,0.0,1.0,0.0,1.0,0.0,7.0,0.0,8.0,23.34642857,70.76305595,16.321531495593376,1.9860777158553589,0.2273867924528302,0.0158148797814186,159.0,-0.2423671551724137,0.0230624672466191,116.0,0.2337057818181817,0.0188539627682734,275.0,2.3407703871218,0.6235039307463741,0.2167131192382551,0.0284008529870334,18.64947105122384,4.0279218671742125,"Yes, there is a relationship between the HOXC9 gene and cancer. HOXC9 is part of the homeobox gene family, which plays critical roles in regulating gene expression during development and differentiation. Abnormal expression of HOXC9 has been implicated in various cancers, including breast cancer and glioblastoma. Mechanistically, HOXC9 may promote tumorigenesis by influencing cell proliferation, migration, and invasion through the regulation of epithelial-mesenchymal transition (EMT) markers and signaling pathways. Additionally, it may affect the expression of oncogenes and tumor suppressor genes, contributing to altered cellular behaviors associated with malignant transformation. Its dysregulation can lead to disrupted cell signaling and changes in the tumor microenvironment, fostering an environment conducive to cancer progression.",0
TRIM37,2895,0.1153846153846153,0.1538461538461538,0.0384615384615384,0.6538461538461539,0.0,1.0,0.0384615384615384,0.0,0.8730906375511095,0.0,4.25,5.75,0.1418439716312056,1.0,0.7513148009015778,0.9661386471923176,678138.8,530.0,0.01260173,0.0001835767676996,65.0,0.0,0.0,0.0,0.0,0.0,0.0,1.0,0.0,0.0,0.0,0.0,0.0,18.0,4.0,0.0,0.0,0.0,0.0,3.0,2.0,0.0,1.0,2.0,0.0,0.0,25.0,0.0,23.0,24.9644,81.38219408,19.64608823687708,2.423098388884652,0.2600028699551571,0.0250090788944289,223.0,-0.2437595205479452,0.0180678680680443,146.0,0.2535759620596208,0.022269392283379,369.0,3.520565678953909,0.0042480297772766,0.038318724021117,0.0111905367926369,19.607282659000447,0.7298099442593656,"Yes, there is a relationship between the TRIM37 gene and cancer. TRIM37 is a member of the tripartite motif (TRIM) family of proteins, which are implicated in various cellular processes, including cell proliferation, apoptosis, and DNA damage response. Dysregulation of TRIM37 has been associated with several malignancies, including breast cancer and hepatocellular carcinoma. Mechanistically, TRIM37 may contribute to tumorigenesis through the modulation of pathways involved in cell cycle regulation and apoptosis. For instance, TRIM37 can regulate the stability and activity of key oncogenic proteins and influence signaling pathways such as the p53 pathway, where its overexpression may suppress p53-mediated cell cycle arrest and apoptosis. Moreover, it has been suggested that TRIM37 can affect the process of autophagy and immune response, thereby potentially impacting tumor microenvironment and progression.",0
CPLX3,477,0.0,0.0,0.0,1.0,0.0,1.0,0.0,0.0,1.0,0.0,2.0,2.0,1.0,1.0,0.2416626389560174,0.5848749587538307,764533.1,195.0,0.04559244,0.0,0.0,0.0,0.0,0.0,0.0,0.0,0.0,0.0,0.0,0.0,0.0,0.0,0.0,2.0,0.0,0.0,0.0,0.0,0.0,0.0,0.0,0.0,0.0,0.0,0.0,0.0,2.0,0.0,2.0,25.9,6.48,21.329772232902645,1.21206628811851,0.2306354945054944,0.0193523255383638,91.0,-0.25781837398374,0.022893280789182,246.0,0.2504781899109793,0.0220227583845114,337.0,0.9201686634091234,0.7832975432815168,0.111514500398345,0.0145173604745375,17.11283364297796,2.462290157561012,"The relationship between the CPLX3 gene and cancer is currently under investigation, with some studies suggesting potential roles in tumorigenesis and cancer progression. CPLX3, which encodes a protein involved in synaptic function and neurotransmission, may influence various cellular processes that can affect cancer development, such as cell signaling, proliferation, and apoptosis. Dysregulation of genes like CPLX3 might impact the neural microenvironment of tumors or alter the signaling pathways associated with growth and survival in cancerous cells. Further research is needed to elucidate the specific mechanisms and pathways through which CPLX3 may contribute to cancer-related processes.",0
ENDOG,894,0.4,0.0,0.0,0.6,0.0,1.0,0.0,0.0,1.0,0.0,1.0,1.0,1.0,1.0,0.4024144869215292,0.7687213921724717,1768145.0,201.0,0.03435171,4.81906976182017e-05,14.0,0.0,0.0,0.0,0.0,0.0,0.0,0.0,0.0,0.0,0.0,0.0,0.0,3.0,0.0,0.0,0.0,0.0,0.0,2.0,0.0,0.0,0.0,0.0,0.0,0.0,5.0,0.0,5.0,20.0438,80.9156572,22.977238929245967,0.5142981826177796,0.2462986131386861,0.021703613512033,137.0,-0.2432584074074074,0.0192467372758928,270.0,0.2442817690417692,0.0200243935884884,407.0,3.1280795111412485,0.0195247118147516,0.0616056770408031,0.0020626246419972,14.490140900849116,0.3991790628578201,"The ENDOG gene encodes for endonuclease G, a mitochondrial enzyme involved in various cellular processes, including apoptosis and mitochondrial DNA maintenance. Dysregulation of ENDOG has been implicated in the promotion of tumorigenesis, as its expression can influence cell survival and death pathways. Elevated levels of endonuclease G have been observed in certain cancers, suggesting a potential role in facilitating cancer cell proliferation and resistance to apoptotic signals. Additionally, the enzyme's involvement in mitochondrial genome integrity may contribute to alterations in cellular metabolism and the production of reactive oxygen species, further promoting a tumorigenic microenvironment. Overall, the interplay between ENDOG and cancer development involves complex mechanisms related to cell cycle regulation, apoptosis, and mitochondrial function.",0
GTF3C2,2736,0.25,0.15,0.0,0.5,0.0,1.0,0.05,0.05,0.9074487147360962,0.0,1.6666666666666667,2.5,0.407000407000407,1.0,0.7017543859649122,0.9502960096285008,1245306.0,182.0,0.05165094,2.2213034213392023e-05,23.0,0.0,0.0,1.0,0.0,0.0,0.0,1.0,0.0,0.0,1.0,0.0,0.0,10.0,3.0,0.0,0.0,0.0,0.0,5.0,0.0,0.0,2.0,0.0,0.0,0.0,19.0,0.0,21.0,22.66278947,89.12702851,23.725341964401988,0.4590816154626495,0.2481724888888886,0.0233226750741349,225.0,-0.213067794117647,0.0160797945099868,68.0,0.2400253242320816,0.0218012886564869,293.0,3.55008616146945,0.0026202493080197,0.0877820189072645,0.0075745302923557,25.45382427549388,0.5457943832124291,"The GTF3C2 gene, which encodes a subunit of the general transcription factor IIIC, is implicated in the regulation of gene expression and RNA polymerase III transcription. Alterations in the expression levels or functionality of GTF3C2 could potentially influence cellular processes such as proliferation, differentiation, and apoptosis, which may contribute to tumorigenesis. In particular, dysregulation of transcription factors can lead to aberrant expression of oncogenes or tumor suppressor genes, facilitating the onset and progression of cancer. Moreover, the role of GTF3C2 in the transcriptional landscape may affect the production of non-coding RNAs and other regulatory molecules, further impacting cancer-related pathways. However, direct evidence linking GTF3C2 to specific cancer types or mechanisms remains largely underexplored.",0
TCFL5,1503,0.2857142857142857,0.0,0.0,0.7142857142857143,0.0,1.0,0.0,0.0,1.0,0.0,1.6666666666666667,1.6666666666666667,1.0,1.0,0.0323321154903165,0.1432860504738,1044503.0,208.0,0.0477428,0.0,1.0,0.0,0.0,0.0,0.0,0.0,0.0,0.0,0.0,0.0,0.0,0.0,3.0,6.0,0.0,0.0,0.0,0.0,0.0,2.0,1.0,0.0,1.0,1.0,0.0,0.0,10.0,0.0,12.0,15.667,102.2008222,21.88701420269522,1.8204614569819408,0.3506823670212766,0.0539699982277156,376.0,-0.2088821428571428,0.0095206612644155,56.0,0.3323008564814814,0.050446474652861,432.0,3.2464697809182685,0.0113804104443148,0.111514500398345,0.0145173604745375,20.060674391099585,2.322449260305919,"The TCFL5 gene, also known as TCF-like 5, encodes a transcription factor that is involved in the Wnt signaling pathway, which plays a crucial role in cell proliferation, differentiation, and apoptosis. Alterations in this pathway have been implicated in various cancers, as dysregulation can lead to increased cellular growth and survival, contributing to tumorigenesis. Specifically, TCFL5 may influence the expression of target genes that are involved in stem cell maintenance and epithelial-mesenchymal transition, processes that are critical for cancer progression and metastasis. Therefore, the expression levels and functional status of TCFL5 could potentially impact cancer development and progression through these mechanisms, although direct associations in specific cancer types may still need further elucidation.",0
CLDND2,504,0.0,0.0,0.0,1.0,0.0,1.0,0.0,0.0,0.8277293767706428,0.0,5.0,5.0,1.0,1.0,0.4403346543372964,0.8015060603801943,368509.5,610.0,-0.009432051,0.0,0.0,0.0,0.0,0.0,0.0,0.0,0.0,0.0,0.0,0.0,0.0,0.0,0.0,5.0,0.0,0.0,0.0,0.0,0.0,0.0,0.0,0.0,0.0,0.0,0.0,0.0,5.0,0.0,5.0,12.63,127.3600875,21.88701420269522,1.8204614569819408,0.2731564480874318,0.038920402676875,183.0,-0.2596664912280703,0.0222257020076161,171.0,0.2666401129943502,0.0308157769348313,354.0,1.7948923430424673,0.2932317764992908,0.111514500398345,0.0145173604745375,20.060674391099585,2.322449260305919,"The CLDND2 gene, which encodes a member of the fungal lipid transport protein family, may play a role in cancer mechanisms primarily through its involvement in cellular membrane dynamics and lipid homeostasis. Disruption of lipid metabolism is a hallmark of cancer, and any aberrations in the function of CLDND2 could potentially alter membrane composition, affecting signaling pathways related to growth and survival. Additionally, its influence on cellular stress responses and the regulation of apoptotic pathways could also contribute to tumorigenesis. While the exact relationship between CLDND2 and cancer remains to be fully elucidated, evidence suggests that variations in lipid transport and metabolism can impact tumor biology. Further research is needed to clarify the specific roles and mechanisms of CLDND2 in cancer development and progression.",0
OR10G7,936,0.45,0.05,0.0,0.5,0.0,1.0,0.0,0.0,1.0,0.0,1.0,1.1,0.5464480874316939,1.0,0.916590284142988,0.9964204462428358,158395.9,830.0,-0.009757031,0.0,0.0,0.0,0.0,0.0,0.0,0.0,0.0,0.0,0.0,0.0,0.0,0.0,0.0,10.0,1.0,0.0,0.0,0.0,0.0,9.0,0.0,0.0,0.0,0.0,0.0,0.0,20.0,0.0,19.0,12.18325,91.18498136,21.88701420269522,1.8204614569819408,0.2091780530973451,0.0207365653515328,113.0,-0.2796347706422017,0.0249616801559379,218.0,0.2555815709969788,0.0245715957054032,331.0,0.1815460938689372,0.2438259214093008,0.111514500398345,0.0145173604745375,20.060674391099585,2.322449260305919,"The OR10G7 gene, part of the olfactory receptor gene family, is primarily known for its role in the sense of smell. While there is limited direct evidence linking OR10G7 to cancer, some studies suggest that olfactory receptors may have functions beyond chemoreception, potentially influencing cellular behavior in various tissues. Factors such as differential expression of olfactory receptors in tumor versus normal tissues, modulation of cellular signaling pathways, and involvement in tumor microenvironment interactions could hint at a candidate role in tumor biology. However, further research is necessary to elucidate any specific mechanisms by which OR10G7 might contribute to cancer progression or development.",0
HNRNPUL2,2244,0.1666666666666666,0.0,0.0833333333333333,0.5833333333333334,0.0,1.0,0.0833333333333333,0.0833333333333333,0.953509509058145,0.0,2.333333333333333,3.333333333333333,0.5868544600938967,1.0,0.554016620498615,0.8811970037589164,2425755.0,248.0,0.05069368,2.74397719781244e-05,43.0,0.0,1.0,0.0,0.0,0.0,0.0,1.0,0.0,0.0,1.0,0.0,0.0,7.0,0.0,0.0,0.0,0.0,0.0,2.0,1.0,0.0,2.0,0.0,0.0,0.0,11.0,0.0,13.0,19.93818182,101.9434412,24.898413384045668,1.007946513056763,0.2099150704225352,0.0144177128166616,142.0,-0.2566739370078741,0.0224556222827896,127.0,0.2319908178438661,0.0186898640247017,269.0,3.5696863449776752,0.0063442254821012,0.098418243024475,0.0077900016959898,20.060674391099585,2.322449260305919,"Yes, there is evidence suggesting a relationship between the HNRNPUL2 gene and cancer. HNRNPUL2 is involved in the regulation of RNA processing and splicing, which are crucial for maintaining normal cellular functions. Dysregulation of alternative splicing has been linked to cancer progression, as it can lead to the generation of oncogenic isoforms or the loss of tumor suppressor isoforms. Additionally, HNRNPUL2 may influence the expression of genes associated with cell proliferation, apoptosis, and the epithelial-mesenchymal transition (EMT), processes that are often altered in various cancer types. Thus, aberrations in HNRNPUL2's function could contribute to tumorigenesis through the disruption of cellular homeostasis and the promotion of malignant traits.",0
TNNT1,837,0.1428571428571428,0.0714285714285714,0.0,0.6428571428571429,0.0,1.0,0.1428571428571428,0.0,0.9107950720287574,0.0,3.0,4.0,0.7587253414264037,1.0,0.4145936981757877,0.7796253229124955,1036976.0,266.0,-0.001064632,0.0002359897162238,54.0,0.0,0.0,0.0,0.0,0.0,0.0,2.0,0.0,0.0,0.0,0.0,0.0,9.0,0.0,0.0,0.0,0.0,0.0,2.0,1.0,0.0,2.0,0.0,0.0,0.0,12.0,0.0,14.0,25.30166667,192.1616652,23.8368954304386,6.607682957242184,0.2929150731707317,0.0530079603741367,205.0,-0.2642990384615385,0.0274580192487468,156.0,0.2805491412742382,0.0420615527967605,361.0,2.705013174682251,0.6091273681990318,0.111514500398345,0.0145173604745375,17.68354126934841,3.3835076094440506,"The TNNT1 gene encodes the slow skeletal muscle troponin T protein, which plays a crucial role in muscle contraction regulation. While direct associations between TNNT1 and cancer are not well-established, dysregulation of muscle-specific proteins can influence the tumor microenvironment and muscle metabolism in cancer patients, potentially impacting cachexia and physical function. Additionally, alterations in muscle-related pathways might influence tumor progression and metastasis indirectly through systemic effects on energy metabolism and inflammatory responses. Further investigation is needed to elucidate any potential links between TNNT1 and specific cancer types or mechanisms.",0
ZNF610,1389,0.2222222222222222,0.0,0.0,0.7777777777777778,0.0,1.0,0.0,0.0,1.0,0.0,2.8,2.8,1.0,1.0,0.4065040650406504,0.7724233129854762,526379.5,960.0,-0.03166251,0.0,0.0,0.0,0.0,0.0,0.0,0.0,0.0,0.0,0.0,0.0,0.0,0.0,0.0,14.0,0.0,0.0,0.0,0.0,0.0,4.0,0.0,0.0,0.0,0.0,0.0,0.0,18.0,0.0,16.0,8.130944444,50.04540841,21.88701420269522,1.8204614569819408,0.2727273076923078,0.0386298150109434,181.0,-0.2645884795321638,0.0245389518459098,171.0,0.268784702549575,0.0317314158539595,352.0,2.978644709889485,0.0711722460785376,0.0,0.0,20.060674391099585,2.322449260305919,"The relationship between the ZNF610 gene and cancer is currently an area of ongoing research. ZNF610 encodes a zinc finger protein that may play a role in regulating gene expression and chromatin remodeling, which are processes crucial to cellular growth and differentiation. Dysregulation of ZNF610 has been associated with oncogenic pathways, potentially leading to altered cellular proliferation and survival. Moreover, its interactions with other transcription factors or signaling pathways could influence tumor microenvironment dynamics, apoptosis, and metastasis. However, specific mechanisms linking ZNF610 to particular cancer types are still being elucidated, necessitating further investigation to understand its full implications in oncogenesis.",0
BCL2A1,528,0.2,0.0,0.0,0.8,0.0,1.0,0.0,0.0,1.0,0.0,2.0,2.0,1.0,1.0,0.3070310101320233,0.6695752306705853,234803.1,702.0,0.02807041,4.037760183810495e-05,16.0,0.0,0.0,0.0,0.0,0.0,0.0,0.0,0.0,0.0,0.0,0.0,1.0,5.0,0.0,0.0,0.0,0.0,0.0,1.0,0.0,0.0,0.0,1.0,0.0,0.0,6.0,0.0,6.0,14.81166667,83.80748707,14.342623961830173,0.3700737473223622,0.2483399999999999,0.0235555724489795,99.0,-0.2535022727272728,0.0209394288325726,242.0,0.2520035483870969,0.0216374140000189,341.0,3.107851720320509,0.0610125270531458,0.111514500398345,0.0145173604745375,20.060674391099585,2.322449260305919,"Yes, there is a relationship between the BCL2A1 gene and cancer. BCL2A1 encodes an anti-apoptotic protein that plays a critical role in regulating cell survival by inhibiting programmed cell death (apoptosis). Overexpression of BCL2A1 can contribute to tumorigenesis by allowing cancer cells to evade apoptosis, leading to increased cell proliferation and resistance to chemotherapeutic agents. This anti-apoptotic function can promote the survival of malignant cells in various types of cancer, contributing to tumor aggressiveness and poor patient outcomes. Dysregulation of BCL2A1 expression has been implicated in several malignancies, highlighting its potential role in the malignant transformation and progression of tumors.",0
EHF,969,0.4444444444444444,0.0,0.0,0.3333333333333333,0.0,1.0,0.1111111111111111,0.1111111111111111,1.0,0.0,0.6,1.0,1.0,1.0,0.6027727546714888,0.9079053714335792,1039672.0,320.0,0.01199213,2.478218458310036e-06,6.0,0.0,0.0,0.0,0.0,0.0,0.0,0.0,1.0,0.0,1.0,0.0,0.0,3.0,0.0,0.0,0.0,0.0,0.0,4.0,0.0,0.0,1.0,0.0,1.0,0.0,7.0,0.0,9.0,20.47114286,78.02920248,21.675460892600167,1.5130185400810925,0.2704281168831169,0.0497153429421823,154.0,-0.2458866666666666,0.0148212091797849,156.0,0.2580782258064513,0.0322019736748356,310.0,3.4254313980173934,0.3749522594491959,0.111514500398345,0.0145173604745375,17.86014316581211,4.909694791694967,"Yes, there is a relationship between the EHF gene and cancer. EHF (Ets homologous factor) is a member of the ETS transcription factor family and has been implicated in various oncogenic processes. Its expression can influence cell proliferation, differentiation, and apoptosis, all of which are critical for tumor development and progression. Alterations in EHF expression may lead to dysregulation of target genes involved in these processes, contributing to tumorigenesis. In several cancers, such as lung and breast cancer, EHF has been identified as a potential tumor suppressor, where its downregulation promotes malignant transformation. Conversely, in some contexts, EHF can also function as an oncogene, thereby facilitating cancer progression through the activation of pathways that enhance cell survival and proliferation. These dual roles highlight the complex nature of EHF in cancer biology, warranting further investigations into its mechanisms and effects across different cancer types.",0
PAX8,1353,0.1538461538461538,0.0,0.0,0.7692307692307693,0.0,1.0,0.0769230769230769,0.0,1.0000000000000002,0.0,3.333333333333333,3.6666666666666665,1.0,1.0,0.3441156228492774,0.7112104491218484,633218.4,385.0,0.03600913,1.5881989327262077e-05,9.0,0.0,0.0,0.0,0.0,0.0,0.0,1.0,0.0,0.0,0.0,0.0,1.0,10.0,0.0,0.0,0.0,0.0,0.0,2.0,0.0,0.0,1.0,0.0,0.0,0.0,13.0,0.0,14.0,22.83576923,56.48432436,23.81364596789594,0.8217879297824545,0.2112376966292135,0.0130833081579413,178.0,-0.2581501694915254,0.0336122498879018,59.0,0.2229163291139241,0.0184863454479081,237.0,3.0287218870747816,0.2294462911095455,0.6021590333358537,0.0431958022239036,23.229862226839284,0.9604832516316676,"Yes, there is a relationship between the PAX8 gene and cancer. PAX8 is a transcription factor that plays a crucial role in organogenesis, particularly in the development of the thyroid, kidney, and Müllerian ducts. Dysregulation of PAX8 has been implicated in various cancers, including ovarian, thyroid, and renal cancers. Mechanistically, aberrant expression or mutations in PAX8 can lead to alterations in downstream signaling pathways that promote cell proliferation, survival, and transformation. For instance, PAX8 has been shown to interact with other oncogenic pathways and transcription factors, enhancing the expression of genes associated with tumor progression and metastasis. Furthermore, PAX8 expression levels have been correlated with the prognosis in certain malignancies, suggesting its potential role in tumor biology and aggressive behavior of cancer cells.",0
LRRC25,918,0.25,0.0,0.0,0.75,0.0,1.0,0.0,0.0,1.0,0.0,2.0,2.0,1.0,1.0,0.6317119393556538,0.9218709923555748,1384225.0,259.0,0.04170712,0.0,1.0,0.0,0.0,0.0,0.0,0.0,0.0,0.0,0.0,0.0,0.0,0.0,0.0,6.0,0.0,0.0,0.0,0.0,0.0,2.0,0.0,0.0,0.0,0.0,0.0,0.0,8.0,0.0,8.0,6.259625,38.73658884,21.34987330071517,1.05122351643045,0.3079620370370371,0.0563739246436508,162.0,-0.231493095238095,0.0183672028109478,210.0,0.2647940860215051,0.0362525888829898,372.0,3.1247843453140813,0.0303655805452872,0.111514500398345,0.0145173604745375,14.669678006347072,1.8034670920495075,"The LRRC25 gene has been implicated in cancer through its influence on immune responses and cellular signaling pathways. It encodes a protein that is thought to be involved in the regulation of T cell receptor signaling, which is crucial for proper immune function. Dysregulation of immune responses can lead to tumor progression and evasion of immune surveillance. Additionally, studies have indicated that alterations or aberrant expression of LRRC25 may contribute to tumor microenvironment changes, affecting both immune cell infiltration and tumor cell behavior. These relationships suggest that LRRC25 may play a role in the complex interplay between cancer cells and the immune system, although the precise mechanisms remain an active area of investigation.",0
MDH2,1017,0.5,0.0,0.0,0.5,0.0,1.0,0.0,0.0,1.0,0.0,0.75,0.75,1.0,1.0,0.5617977528089888,0.8857378451146033,1072825.0,218.0,0.04854818,4.992930986338789e-05,50.0,0.0,0.0,1.0,0.0,0.0,0.0,0.0,0.0,0.0,0.0,0.0,2.0,3.0,0.0,0.0,0.0,0.0,0.0,3.0,0.0,0.0,0.0,0.0,0.0,0.0,9.0,0.0,8.0,16.12988889,118.9795601,29.897858350072863,0.3979861881799664,0.2995447397260277,0.0250918675832425,365.0,-0.2459406481481481,0.0205506469463049,108.0,0.2873053276955605,0.0245165872016402,473.0,3.663380159730529,0.0038086939064765,0.0807883905681356,0.0117276497413235,21.50749143557256,2.489517792612321,"The MDH2 gene encodes mitochondrial malate dehydrogenase, an enzyme involved in the citric acid cycle and cellular metabolism. Alterations in metabolic pathways, including those regulated by MDH2, can contribute to tumorigenesis by affecting energy production, redox balance, and biosynthetic processes critical for rapidly proliferating cancer cells. Dysregulation of malate dehydrogenase activity has been implicated in various cancers, where it may influence the Warburg effect, facilitating a shift toward aerobic glycolysis, thus enhancing the availability of metabolic intermediates necessary for nucleic acid and lipid synthesis. Furthermore, changes in MDH2 expression may impact the tumor microenvironment, influencing not only cancer cell behavior but also the surrounding stroma and immune response. Therefore, while direct causal links between MDH2 and specific cancers may require more investigation, its role in metabolic reprogramming suggests a potential involvement in cancer biology.",0
ABTB2,3078,0.1764705882352941,0.0588235294117647,0.1176470588235294,0.6470588235294118,0.0,1.0,0.0,0.0,0.9315714232285016,0.0,2.75,3.5,0.0389271672700377,1.0,0.5524861878453039,0.8802910747390797,769732.6,368.0,0.03210051,3.326302149805385e-07,5.0,0.0,0.0,0.0,0.0,0.0,0.0,0.0,0.0,0.0,0.0,0.0,0.0,10.0,1.0,0.0,0.0,0.0,0.0,3.0,3.0,0.0,0.0,0.0,0.0,0.0,17.0,0.0,15.0,24.89105882,65.65616906,19.841695887994742,1.208152078499173,0.2711489102564102,0.0495176778497725,155.0,-0.2517859748427673,0.0166848365406575,159.0,0.2613752380952377,0.0329330151893539,313.0,3.1604638164364687,0.0296343900014501,0.0887149855941248,0.0048677422960606,19.627045508576845,2.363873154341491,"The ABTB2 gene, part of the BTB/POZ protein family, has been implicated in various cellular processes, including transcription regulation and protein-protein interactions, which may relate to oncogenesis. Alterations in ABTB2 expression have been observed in several cancer types, suggesting that it may play a role in tumorigenesis. Potential mechanisms that link ABTB2 to cancer could involve its influence on cell cycle regulation, apoptosis, or the modulation of signaling pathways associated with proliferation and survival. Moreover, the protein's involvement in the ubiquitin-proteasome system might affect the degradation of tumor suppressors or oncogenes, further contributing to cancer development. However, the exact mechanisms and clinical implications remain to be fully elucidated.",0
BHMT,1221,0.1538461538461538,0.0,0.0,0.8461538461538461,0.0,1.0,0.0,0.0,0.958424899318874,0.0,3.6666666666666665,3.6666666666666665,1.0,1.0,0.1317523056653491,0.3987920410286611,164476.5,578.0,0.03605664,3.401525791878257e-06,11.0,0.0,0.0,0.0,0.0,0.0,0.0,0.0,0.0,0.0,0.0,0.0,0.0,10.0,0.0,0.0,0.0,0.0,0.0,2.0,1.0,0.0,0.0,0.0,0.0,0.0,13.0,0.0,12.0,21.03076923,58.83762436,23.75119832961357,39.83704963435883,0.2291388596491228,0.0106083581641748,114.0,-0.2693852397260273,0.0207374409961622,292.0,0.2580845320197046,0.018188012531015,406.0,1.9594869564633808,0.9383954425122436,0.111514500398345,0.0145173604745375,23.89455888488838,0.9031533825955004,"There is evidence suggesting a potential relationship between the BHMT gene and cancer, primarily through its role in the regulation of homocysteine metabolism and methylation processes. BHMT (Betaine-Homocysteine Methyltransferase) is involved in the conversion of homocysteine to methionine using betaine as a methyl donor, which is crucial for maintaining proper methylation of DNA. Aberrant methylation patterns can lead to gene silencing or activation that may contribute to oncogenesis. Additionally, altered levels of homocysteine have been associated with various malignancies, potentially through mechanisms involving oxidative stress, inflammation, and disruption of cellular signaling pathways. Thus, dysregulation of BHMT activity could impact tumor development and progression by influencing metabolic and epigenetic landscapes.",0
ROPN1L,693,0.2857142857142857,0.1428571428571428,0.0,0.5714285714285714,0.0,1.0,0.0,0.0,0.8982265179691366,0.0,1.3333333333333333,1.6666666666666667,0.1618646811265781,1.0,0.2809778027535825,0.6376733932363181,628188.1,219.0,0.0212885,1.6289342069137094e-05,5.0,0.0,0.0,0.0,0.0,0.0,0.0,0.0,0.0,0.0,0.0,0.0,0.0,4.0,1.0,0.0,0.0,0.0,1.0,2.0,0.0,0.0,0.0,0.0,0.0,0.0,8.0,0.0,8.0,19.3275,202.5500603,20.011566823414785,2.389632475847875,0.3557891280653951,0.0676133205063414,367.0,-0.2865344827586207,0.0445457422427102,58.0,0.3463379058823531,0.0649193376765005,425.0,2.0847257499761707,0.4812193943897007,0.037402563604157,0.0097870798551699,14.845601956917816,1.4730641795521002,"The ROPN1L gene, involved in processes related to cell division and morphology, may play a role in cancer biology, although the specific mechanisms are not fully elucidated. Research suggests that alterations in ROPN1L expression could affect pathways related to cell proliferation, apoptosis, and cellular signaling networks, potentially contributing to tumorigenesis. For instance, dysregulation of ROPN1L might interfere with the normal cell cycle control or impact the tumor microenvironment, facilitating cancer progression. Additionally, as ROPN1L is located on the X chromosome, its expression may vary between sexes, further complicating its role and influence in cancer development. However, further studies are required to clarify these associations and the underlying molecular mechanisms.",0
CCDC74A,1137,0.2666666666666666,0.0666666666666666,0.0,0.4666666666666667,0.0,1.0,0.1333333333333333,0.0,0.863489053434765,0.0666666666666666,1.4,2.2,0.0812942037232745,1.0,0.7751937984496124,0.9725908669562642,455704.6,540.0,0.02930479,0.0,1.0,0.0,0.0,0.0,0.0,0.0,0.0,1.0,1.0,0.0,0.0,0.0,5.0,7.0,1.0,1.0,0.0,0.0,0.0,4.0,1.0,0.0,1.0,0.0,2.0,0.0,18.0,0.0,21.0,8.229944444,101.3198595,21.88701420269522,1.8204614569819408,0.2109861046511627,0.0131689796554977,172.0,-0.2377281176470588,0.0205427762297478,85.0,0.2198307392996109,0.0156959794451544,257.0,3.045269950165304,0.0611993561963378,0.111514500398345,0.0145173604745375,17.004135323472358,1.90003544575581,"The CCDC74A gene has been implicated in a variety of cellular processes, but its direct relationship with cancer remains largely underexplored. Some studies suggest that genes involved in ciliary function, where CCDC74A may play a role, can influence cancer pathogenesis through mechanisms related to cell signaling, proliferation, and tumor suppression. Additionally, alterations in genes associated with the regulation of cellular structures may affect pathways like the Hedgehog or Wnt signaling pathways, both of which are known to be critical in cancer development. However, concrete experimental evidence linking CCDC74A directly to specific cancer phenotypes or mechanisms is still limited, warranting further investigation.",0
MRGPRX4,969,0.3888888888888889,0.0555555555555555,0.0,0.5555555555555556,0.0,1.0,0.0,0.0,1.0,0.0,1.25,1.375,0.463821892393321,1.0,0.0848608282416836,0.2941906550543387,631291.5,436.0,0.01994129,0.0,0.0,0.0,0.0,0.0,0.0,0.0,0.0,0.0,0.0,0.0,0.0,0.0,0.0,10.0,1.0,0.0,0.0,0.0,0.0,7.0,0.0,0.0,0.0,0.0,0.0,0.0,18.0,0.0,15.0,12.35511111,82.20916363,21.88701420269522,1.8204614569819408,0.2284780379746835,0.0243199501636418,158.0,-0.2473695454545454,0.0170186644923636,176.0,0.238432844311377,0.0204991355765702,334.0,0.3736804027865704,0.3688642334316763,0.111514500398345,0.0145173604745375,20.060674391099585,2.322449260305919,"The relationship between the MRGPRX4 gene and cancer is currently not well established; however, emerging evidence suggests potential roles in tumor biology. MRGPRX4 is primarily recognized for its involvement in pain signaling and mast cell function. Dysregulation of mast cells has been implicated in various tumor microenvironments, where they can influence inflammation, angiogenesis, and immune responses, potentially affecting tumor progression. Additionally, MRGPRX4 may interact with certain growth factors or cytokines that are relevant in oncogenesis. Further research is needed to elucidate the precise mechanisms and implications of MRGPRX4 in cancer contexts.",0
FXYD6-FXYD2,435,0.0,0.25,0.0,0.5,0.0,1.0,0.25,0.0,0.75,0.0,2.0,4.0,0.4782400765184122,1.0,0.9157509157509156,0.996346957255232,649122.9543319192,444.4009897808343,0.0198885680771551,0.0,0.0,0.0,0.0,0.0,0.0,0.0,0.0,1.0,0.0,0.0,0.0,0.0,4.0,2.0,1.0,0.0,0.0,0.0,0.0,0.0,0.0,0.0,2.0,0.0,0.0,0.0,6.0,0.0,8.0,14.91433333,180.6394731,21.88701420269522,1.8204614569819408,0.2106105555555555,0.0127873159436137,108.0,-0.2780530530973451,0.0205148425359704,226.0,0.2562452994011977,0.0189683971631232,334.0,1.0297295502331014,0.8910443594304505,0.0628646281768024,0.010930160100145,20.060674391099585,2.322449260305919,"The relationship between FXYD6 and FXYD2 genes and cancer is an area of ongoing research, and there are indications that alterations in these genes may influence cancer development and progression. FXYD proteins are known to be involved in various cellular processes, including ion transport and cellular signaling, which can affect tumor microenvironments and cancer cell behavior. For instance, FXYD2 has been implicated in modulating epithelial communication and maintaining tissue homeostasis, while FXYD6 may play a role in ion transport that could influence cell proliferation and apoptosis. Dysregulation of these processes can potentially lead to enhanced tumor growth, metastasis, and resistance to therapy. Further studies are needed to clarify the exact mechanisms and their implications in specific cancer types.",0
UBXN2B,996,0.1111111111111111,0.3333333333333333,0.1111111111111111,0.4444444444444444,0.0,1.0,0.0,0.0,0.7195867761904634,0.0,2.0,4.0,0.0029,1.0,0.9389671361502347,0.99809840296844,197666.2,638.0,0.02622775,7.46618721920246e-06,15.0,0.0,0.0,0.0,0.0,0.0,0.0,0.0,0.0,0.0,0.0,0.0,1.0,4.0,3.0,0.0,0.0,0.0,0.0,1.0,1.0,0.0,0.0,0.0,0.0,0.0,10.0,0.0,10.0,26.823,99.35813444,21.872716149883924,0.552661251602278,0.3162042175066312,0.0516921906345589,377.0,-0.2562771604938272,0.0172298181205864,81.0,0.3056057641921395,0.0460702290809245,458.0,3.52118977953208,0.0033869427824297,0.111514500398345,0.0145173604745375,23.37517507810079,0.88196315700409,"The UBXN2B gene has been implicated in various cellular processes, including the regulation of the cell cycle and apoptosis, which are critical in cancer biology. It encodes a protein that interacts with the ubiquitin-proteasome system, playing a role in protein degradation and turnover. Altered expression or mutations in UBXN2B could disrupt these processes, potentially leading to dysregulation of tumor suppressor pathways and enhanced cell survival, both of which may contribute to oncogenesis. Furthermore, UBXN2B has been shown to interact with the p53 pathway, which is pivotal in maintaining genomic stability, suggesting that its dysregulation may lead to increased DNA damage and genomic instability, hallmarks of cancer progression. Thus, while the precise mechanisms connecting UBXN2B and cancer require further exploration, evidence points to its possible involvement in tumorigenesis through effects on cell cycle regulation, apoptosis, and genomic integrity.",0
CDK2,897,0.5,0.0,0.25,0.25,0.0,1.0,0.0,0.0,1.0,0.0,0.3333333333333333,0.6666666666666666,0.3572704537334763,1.0,0.9775171065493646,0.9997453440561967,2080397.0,229.0,0.03105502,0.0067890746017899,603.0,0.0,0.0,0.0,0.0,0.0,0.0,0.0,0.0,0.0,0.0,0.0,1.0,1.0,0.0,0.0,0.0,0.0,0.0,2.0,1.0,0.0,0.0,0.0,0.0,0.0,5.0,0.0,5.0,18.6212,93.2463472,23.58008847468992,1.037870549067307,0.246654131736527,0.029189034405115,167.0,-0.2263166037735849,0.0188107525369272,106.0,0.238757509157509,0.0251740020489199,273.0,3.4448557288728443,0.0065101906156739,0.0703101289964811,0.0084698689319032,18.76398612233345,3.607862466364805,"Yes, there is a relationship between the CDK2 gene and cancer. CDK2 (Cyclin-Dependent Kinase 2) plays a critical role in cell cycle regulation, primarily facilitating the transition from the G1 phase to the S phase and progression through the G2 phase. Dysregulation of CDK2 activity can lead to unchecked cellular proliferation, a hallmark of cancer. Overexpression or aberrant activation of CDK2 has been implicated in various cancers, as it may promote genomic instability and contribute to the loss of cell cycle checkpoints. Additionally, CDK2 interacts with multiple signaling pathways and regulatory proteins, such as cyclins, which can further influence tumorigenesis. These mechanisms underscore the importance of CDK2 in maintaining cellular homeostasis, where its dysregulation can facilitate cancer progression.",0
C9ORF43,1386,0.125,0.125,0.0,0.625,0.0,1.0,0.125,0.0,0.9166666666666666,0.0,2.5,3.5,0.630119722747322,1.0,0.1172745396974316,0.3686217426715037,390185.8,297.0,0.03573573,0.0,1.0,1.0,0.0,1.0,0.0,0.0,0.0,0.0,0.0,0.0,0.0,0.0,0.0,5.0,1.0,0.0,0.0,0.0,0.0,1.0,0.0,0.0,0.0,0.0,0.0,0.0,9.0,0.0,8.0,11.03644444,143.0961653,21.88701420269522,1.8204614569819408,0.2423600714285715,0.0190428492165416,140.0,-0.2361075,0.0148915764355577,252.0,0.2383405612244899,0.0163382614958478,392.0,2.509412981583908,0.0439029242288581,0.0550388353189831,0.0106971367308819,20.060674391099585,2.322449260305919,"The C9ORF43 gene has been associated with a range of neurodegenerative diseases, particularly frontotemporal dementia and amyotrophic lateral sclerosis, but its relationship with cancer is less well-established. Emerging evidence suggests that C9ORF43 may play a role in cellular stress responses and RNA metabolism, which are processes often altered in cancer cells. Dysregulation of these pathways could potentially influence tumorigenesis or tumor progression. Additionally, C9ORF43 might interact with transcriptional regulation and cellular signaling networks, impacting cell proliferation and survival. However, more research is needed to clarify its specific roles and mechanisms in the context of cancer biology.",0
SHROOM2,4851,0.3484848484848485,0.0303030303030303,0.0,0.5454545454545454,0.0,1.0,0.0757575757575757,0.0,0.9507395185388312,0.0,1.5,1.7916666666666667,0.723589001447178,1.0,0.8680555555555556,0.9908850366959197,157954.9,444.4009897808343,-0.0004546689,0.0,1.0,2.0,1.0,0.0,0.0,0.0,0.0,2.0,3.0,0.0,0.0,0.0,0.0,38.0,3.0,0.0,0.0,0.0,0.0,23.0,0.0,0.0,2.0,3.0,3.0,0.0,63.0,1.0,49.0,8.242015873,102.9092095,23.125238225711463,1.0018331425445155,0.2424513749999998,0.0389220910955537,80.0,-0.3091078350515463,0.0621149873724908,194.0,0.2896460948905108,0.056097818301544,271.0,3.240346233488527,0.0523214733518404,0.1861907928669859,0.037491991697329,24.24683124402542,0.6203795902694991,"The SHROOM2 gene has been implicated in various cellular processes, including cell morphology and motility, which could have relevance in cancer progression. Alterations in SHROOM2 expression may affect the dynamics of the cytoskeleton and cell adhesion properties, potentially promoting a more migratory and invasive phenotype characteristic of cancer cells. Additionally, SHROOM2 may play a role in signaling pathways that regulate cell proliferation and survival, further linking it to tumorigenesis. Its differential expression in various cancer types suggests that it could influence tumor behavior and the metastatic process, although the specific mechanisms and pathways involved require further investigation to establish a clearer relationship with cancer.",0
CACNB4,1563,0.15,0.05,0.0,0.75,0.0,1.0,0.05,0.0,0.976862178684024,0.0,3.75,4.25,0.9009009009009008,1.0,0.4681647940074906,0.8234714050084028,279730.2,592.0,0.02061187,2.30708271203595e-06,6.0,0.0,0.0,1.0,0.0,0.0,0.0,1.0,0.0,0.0,0.0,0.0,4.0,14.0,1.0,0.0,0.0,0.0,0.0,3.0,1.0,0.0,1.0,0.0,0.0,0.0,24.0,0.0,22.0,21.727,103.9054032,22.01668609953204,0.354607156249025,0.2207887684729063,0.0185518888672877,203.0,-0.19725375,0.008803355668838,72.0,0.2146268727272728,0.0160655435427392,275.0,2.99216684338628,0.0765835710003594,0.0455259834847858,0.0110315000422958,21.898002853279912,0.5862451746846016,"The CACNB4 gene encodes a subunit of voltage-gated calcium channels and has been implicated in various physiological processes, including neurotransmission and muscle contraction. Although direct associations with specific cancer types are not well established, there is emerging evidence suggesting that dysregulation of calcium signaling pathways may contribute to tumorigenesis. Alterations in calcium homeostasis can influence critical cellular functions such as proliferation, apoptosis, and migration, which are often aberrant in cancerous cells. Furthermore, the role of calcium channels in promoting cancer cell invasion and metastasis highlights the potential relevance of CACNB4 in the context of tumor biology, warranting further investigation into its precise contributions to cancer development and progression.",0
SLC16A9,1530,0.1538461538461538,0.0,0.0,0.8461538461538461,0.0,1.0,0.0,0.0,1.0000000000000002,0.0,3.6666666666666665,3.6666666666666665,1.0,1.0,0.0168690958164642,0.0857333330126152,135396.4,527.0,-0.01611624,5.074977673820231e-07,4.0,0.0,0.0,0.0,0.0,0.0,0.0,0.0,0.0,0.0,0.0,0.0,0.0,11.0,0.0,0.0,0.0,0.0,0.0,2.0,0.0,0.0,0.0,0.0,0.0,0.0,13.0,0.0,12.0,22.07676923,70.12276903,18.308464470307435,0.2653995096596678,0.2448806338028168,0.0419403768159075,142.0,-0.3299141634241245,0.0488480604564263,257.0,0.2996516040100252,0.0479398065180237,399.0,3.1754349021862844,0.1242685571168775,0.0483513963615776,0.0118735800497985,20.672917103287155,5.7546972403527965,"The SLC16A9 gene, part of the solute carrier family, encodes a protein involved in the transport of monocarboxylates, such as lactate and pyruvate, across the plasma membrane. Studies have suggested that altered expression or activity of SLC16A9 may impact cellular metabolism, which is a hallmark of cancer. For instance, tumor cells often exhibit increased lactate production through the Warburg effect, and the dysregulation of lactate transport can influence tumor microenvironment acidity, promote angiogenesis, and affect immune cell infiltration. Moreover, variations in SLC16A9 expression have been correlated with poor prognosis in certain cancers, potentially linking it to metabolic adaptations that facilitate tumor growth and survival. However, further research is essential to delineate its precise role and regulatory mechanisms in the context of various malignancies.",0
VAPB,732,0.5,0.0,0.0,0.5,0.0,1.0,0.0,0.0,1.0,0.0,0.6666666666666666,0.6666666666666666,1.0,1.0,0.482392667631452,0.8340553948160361,962331.3,385.0,0.02430978,0.0012974475682109,121.0,73.0,2.0,0.0,0.0,0.0,0.0,0.0,0.0,0.0,0.0,0.0,0.0,2.0,0.0,0.0,0.0,0.0,0.0,2.0,0.0,0.0,15.0,0.0,1.0,0.0,63.0,0.0,53.0,5.903634921,40.17830217,26.622611512399,0.3288623686154029,0.3558790190735694,0.0585616897034067,367.0,-0.2098751851851851,0.0099253715537386,54.0,0.3371516864608075,0.0546740414521491,421.0,3.58088976180447,0.0034256519211673,0.0653305471316881,0.0088170349157369,23.468219122127163,0.8912117914936036,"The VAPB gene has been implicated in various cellular processes, including vesicle trafficking and endoplasmic reticulum function, which are crucial for maintaining cellular homeostasis. Dysregulation of these processes can contribute to cancer development through mechanisms such as altered cell signaling, disrupted apoptosis, and enhanced cellular proliferation. Specifically, VAPB has been linked to the modulation of the unfolded protein response and oxidative stress response, both of which can influence tumorigenesis. Furthermore, aberrant expression levels of VAPB have been observed in certain cancer types, suggesting that its dysregulation may play a role in the tumor microenvironment and cancer progression. These insights indicate a potential association between VAPB and cancer, although further research is needed to elucidate the precise mechanisms involved.",0
MED13L,6633,0.325,0.075,0.0,0.55,0.0,1.0,0.05,0.0,0.9454631842659156,0.0,1.5714285714285714,1.9285714285714288,0.7137758743754461,1.0,0.9328358208955224,0.9976922226199724,186212.2,605.0,-0.01203512,2.362950480870729e-07,17.0,0.0,0.0,0.0,0.0,0.0,0.0,1.0,1.0,0.0,0.0,0.0,3.0,22.0,3.0,0.0,0.0,0.0,0.0,13.0,0.0,0.0,1.0,0.0,1.0,0.0,41.0,0.0,33.0,19.21214634,111.0267183,21.23781726222976,1.0086322815791868,0.2212398550724638,0.012937310258373,138.0,-0.2200941721854305,0.0147742773671434,151.0,0.2206412456747403,0.0138494713651095,289.0,3.731487338158634,0.01066633757396,0.1056722492101258,0.0043338770100982,22.726938022769584,0.8258851569367679,"The MED13L gene encodes a subunit of the Mediator complex, which plays a crucial role in regulating transcription by serving as a bridge between transcription factors and the RNA polymerase II machinery. Dysregulation of MED13L has been implicated in various cellular processes, including cell proliferation, differentiation, and apoptosis. In the context of cancer, alterations in MED13L expression or function could potentially influence oncogenic pathways, promote tumorigenesis, or affect the response to signaling cascades such as those involving growth factors. Furthermore, the gene's role in coordinating the transcriptional responses to developmental cues suggests that its dysregulation might contribute to the abnormal gene expression patterns frequently observed in tumors, thereby facilitating cancer progression. However, the specific mechanisms linking MED13L to cancer remain an area of ongoing research.",0
CCT3,1638,0.4444444444444444,0.0,0.0,0.3333333333333333,0.0,1.0,0.1111111111111111,0.0,0.9298966940476158,0.1111111111111111,0.6,1.0,0.3685956505713233,1.0,0.9842519685039368,0.999875343657766,2232742.0,187.0,0.03005351,0.0007727180281652,172.0,0.0,0.0,0.0,0.0,0.0,0.0,1.0,0.0,0.0,0.0,0.0,1.0,2.0,0.0,0.0,0.0,0.0,0.0,4.0,2.0,0.0,1.0,0.0,0.0,0.0,9.0,0.0,10.0,16.79511111,157.8140819,28.313828376331912,0.1495778786124333,0.3018052295918367,0.0355111289058295,390.0,-0.1785681578947368,0.0061641360370554,38.0,0.2909145116279071,0.034123644266311,428.0,3.801249988701741,0.004677479569949,0.0546355503904772,0.0117663919567403,21.847660120264287,1.0485939207157575,"Yes, there is a relationship between the CCT3 gene and cancer. CCT3, part of the chaperonin-containing TCP1 (CCT) complex, is implicated in the proper folding of proteins involved in cell cycle regulation and stress responses. Dysregulation of CCT3 has been associated with tumorigenesis, where it may contribute to oncogenic processes by promoting the stability and activity of proteins that drive cell proliferation and inhibit apoptosis. Additionally, overexpression of CCT3 has been observed in various cancer types, suggesting its role in enhancing cancer cell survival and proliferation, potentially through mechanisms involving the modulation of protein interactions and pathways influencing tumor growth and metastasis.",0
POLR3C,1605,0.1428571428571428,0.0,0.1428571428571428,0.5714285714285714,0.0,1.0,0.0,0.0,0.8982265179691364,0.1428571428571428,2.0,3.0,0.178699070764832,1.0,0.4887585532746823,0.8386542852050023,649122.9543319192,444.4009897808343,0.0198885680771551,9.919038950802272e-05,38.0,0.0,0.0,0.0,0.0,0.0,0.0,0.0,0.0,0.0,0.0,0.0,0.0,3.0,1.0,0.0,0.0,0.0,0.0,1.0,3.0,0.0,1.0,0.0,0.0,0.0,7.0,0.0,8.0,21.705,28.80405,23.28653136588554,1.0136999863882523,0.3107016991643454,0.0409974689767136,359.0,-0.1829619696969696,0.0161707688806759,66.0,0.2908644705882354,0.0392403317568534,425.0,3.46371830616212,0.0026281228222725,0.0506518263485752,0.0146059550108671,23.61751036515753,0.873757238191328,"The POLR3C gene encodes a subunit of RNA polymerase III, which is responsible for synthesizing various small RNAs, including tRNAs and 5S rRNA. Dysregulation of RNA polymerase III activity has been implicated in cancer, as altered expression of its components may lead to increased transcription of oncogenic factors and the production of non-coding RNAs that promote tumorigenesis. In certain cancers, such as gliomas and breast cancer, elevated levels of POLR3C expression have been correlated with aggressive tumor behavior and poor prognosis. Furthermore, the interplay between POLR3C and other oncogenic signaling pathways, as well as its role in the regulation of cellular metabolism and proliferation, may contribute to the malignant phenotype, suggesting that POLR3C could play a relevant role in cancer biology.",0
CD52,186,0.0,0.0,0.0,1.0,0.0,1.0,0.0,0.0,1.0,0.0,1.0,1.0,1.0,1.0,0.2391200382592061,0.581250502392741,1021101.0,217.0,0.02159451,0.0,1.0,0.0,0.0,0.0,0.0,0.0,0.0,0.0,0.0,0.0,0.0,0.0,0.0,1.0,0.0,0.0,0.0,0.0,0.0,0.0,0.0,0.0,0.0,0.0,0.0,0.0,1.0,0.0,1.0,17.5,0.0,21.88701420269522,1.8204614569819408,0.1959407777777777,0.0086175713600624,90.0,-0.2646596168582374,0.0205798744867757,261.0,0.2470394017094015,0.0183821732799267,351.0,3.21582573150825,0.0824964060204953,0.111514500398345,0.0145173604745375,20.060674391099585,2.322449260305919,"The CD52 gene encodes a glycoprotein that is predominantly expressed on the surface of lymphocytes and plays a role in modulating immune responses. Its involvement in cancer has been suggested through mechanisms such as immune evasion, where tumor cells may exploit the CD52 pathway to evade detection and destruction by the immune system. Additionally, the interaction between CD52 and the immune regulatory pathways can influence the tumor microenvironment, potentially affecting tumor growth and metastasis. Alterations in CD52 expression have been observed in various cancers, indicating a possible correlation with tumor progression and immune landscape shifts, thereby implicating CD52 in the complex interplay between the immune system and cancer development.",0
ARMC2,2604,0.2727272727272727,0.0454545454545454,0.0,0.6363636363636364,0.0,1.0,0.0454545454545454,0.0,0.979614197798402,0.0,2.0,2.2857142857142856,0.8285004142502072,1.0,0.9242144177449167,0.9970528469725414,414038.9,431.0,0.03161512,0.0,1.0,0.0,0.0,0.0,0.0,0.0,0.0,1.0,0.0,0.0,0.0,0.0,0.0,15.0,1.0,0.0,0.0,0.0,0.0,6.0,0.0,0.0,1.0,1.0,0.0,0.0,21.0,0.0,20.0,12.2292381,88.57475109,21.391710471944105,3.60293516060667,0.243151909090909,0.0491318142651293,110.0,-0.2838880434782609,0.0295962983030671,276.0,0.2722793005181346,0.0353892698563925,386.0,3.0662815787148285,0.0194375028655648,0.0405907675024284,0.0082983627309598,17.68104179632716,1.10113383691946,"The ARMC2 gene has been implicated in various cellular processes, including the regulation of mitochondrial functions and cellular stress responses, which can influence cancer biology. Dysregulation of ARMC2 may contribute to oncogenesis through mechanisms such as altered apoptosis, impaired energy metabolism, and enhanced oxidative stress. Additionally, its potential roles in the regulation of cellular signaling pathways could affect cell proliferation and differentiation, thereby facilitating tumor promotion or progression. Research continues to explore these associations, aiming to elucidate the specific contributions of ARMC2 to cancer biology.",0
RYR2,14904,0.2659574468085106,0.050531914893617,0.0106382978723404,0.6329787234042553,0.0,1.0,0.0372340425531914,0.0026595744680851,0.9253046318496982,0.0,2.3564356435643563,2.732673267326733,0.9460737937559128,1.0,0.3783579265985623,0.7460895329633571,86856.38,1024.0,-0.02437893,0.000103288858046,25.0,0.0,0.0,0.0,0.0,0.0,0.0,13.0,1.0,0.0,1.0,0.0,3.0,233.0,19.0,0.0,0.0,0.0,0.0,98.0,8.0,0.0,14.0,1.0,1.0,0.0,360.0,0.0,206.0,20.55126389,126.7166759,23.8099789484794,1.813984253544236,0.29456,0.0282471117101604,370.0,-0.236672857142857,0.0213196713875,49.0,0.287870212264151,0.027737550279151,419.0,3.1518106840085376,0.1121274082826935,0.4436752699907207,0.0533834032894567,20.020387579106444,14.11602719548434,"The RYR2 gene encodes the ryanodine receptor type 2, a calcium release channel predominantly found in cardiac muscle, which plays a critical role in calcium signaling and homeostasis. Dysregulation of calcium signaling is increasingly recognized as a factor in tumorigenesis and cancer progression. Abnormal RYR2 expression or function can influence cell proliferation, apoptosis, and invasiveness by modulating calcium-dependent signaling pathways, potentially leading to changes in cellular behavior that favor cancer development. Additionally, altered intracellular calcium dynamics may enhance cellular responses to mitogenic signals or contribute to a pro-survival phenotype in malignant cells. Thus, while a direct relationship is not firmly established, the involvement of RYR2 in calcium signaling suggests potential implications for cancer biology.",0
QRFP,411,0.0,1.0,0.0,0.0,0.0,1.0,0.0,0.0,1.0,0.0,0.0,1.0,0.0745879018423211,1.0,1.0,1.0,727814.8,241.0,0.02188379,0.0,0.0,0.0,0.0,0.0,0.0,0.0,0.0,0.0,0.0,0.0,0.0,0.0,0.0,0.0,1.0,0.0,0.0,0.0,0.0,0.0,0.0,0.0,0.0,0.0,0.0,0.0,1.0,0.0,1.0,36.0,0.0,21.88701420269522,1.8204614569819408,0.2402573758865248,0.0129176808609219,141.0,-0.245768446969697,0.0190888777135485,264.0,0.2438497777777779,0.0169100041452475,405.0,2.059122294263759,0.2461158698605704,0.111514500398345,0.0145173604745375,20.060674391099585,2.322449260305919,"The QRFP gene, which encodes the neuropeptide QRFP (pyroglutamyl-phenylalanine), has been implicated in various physiological processes, including appetite regulation and metabolic functions. Emerging research indicates a potential link between QRFP and cancer biology, particularly in the context of tumor growth and metastasis. QRFP may influence cancer cell proliferation and survival through its role in the modulation of energy homeostasis and neuroendocrine signaling pathways. For instance, altered QRFP expression has been observed in certain tumors, which could affect the tumor microenvironment and contribute to immune evasion or angiogenesis. These mechanisms suggest that QRFP might play a role in the intricate network of signaling pathways that govern tumor development and progression, warranting further investigation into its specific contributions to cancer pathology.",0
MEDAG,912,0.0,0.0,0.0,0.3846153846153846,0.0,1.0,0.5384615384615384,0.0,0.5010987918264866,0.0769230769230769,5.0,13.0,0.243605359317905,1.0,0.1845018450184501,0.4963276412272242,369916.1,547.0,0.05859765,0.0,0.0,0.0,0.0,0.0,0.0,0.0,0.0,7.0,0.0,0.0,0.0,0.0,0.0,5.0,0.0,1.0,0.0,0.0,0.0,0.0,0.0,0.0,7.0,0.0,0.0,0.0,6.0,0.0,12.0,20.96,31.65636,15.563483513689446,1.5113566778416831,0.297064262295082,0.0339823032641505,183.0,-0.278241609589041,0.0231282410877783,292.0,0.2854932842105263,0.0273311268153515,475.0,3.0186075257071714,0.1107042373308826,0.3035667400200747,0.0385386838038632,20.148411869282985,2.680778798135135,"The MEDAG gene, which encodes a protein within the Mediator complex, has been implicated in various cellular processes, including transcription regulation and cellular response to stress. While direct associations between MEDAG and cancer are not extensively characterized, potential mechanisms could involve its role in altering gene expression patterns that contribute to tumorigenesis. For instance, dysregulation of the Mediator complex can influence the transcription of oncogenes or tumor suppressors, thereby affecting cell proliferation, apoptosis, and differentiation. Additionally, aberrant expression of MEDAG may impact signaling pathways associated with cancer progression, such as those related to inflammation and metabolic adaptation, which are commonly altered in the tumor microenvironment. Thus, while direct links remain to be established, the functional context of the MEDAG gene suggests a plausible involvement in cancer biology.",0
CCDC71L,708,0.3333333333333333,0.0,0.0,0.6666666666666666,0.0,1.0,0.0,0.0,1.0,0.0,1.0,1.0,1.0,1.0,0.2812939521800281,0.6380745606906341,276499.1,628.0,0.02233194,0.0,0.0,0.0,0.0,0.0,0.0,0.0,0.0,0.0,0.0,0.0,0.0,0.0,0.0,2.0,0.0,0.0,0.0,0.0,0.0,1.0,0.0,0.0,0.0,0.0,0.0,0.0,3.0,0.0,3.0,19.38666667,26.80323333,22.30498393930485,3.287109038154336,0.3271923466666668,0.0557047946623928,375.0,-0.2390787640449438,0.0141425814745914,89.0,0.3102912499999998,0.0488911370196004,464.0,3.4156712311302946,0.0162892124032957,0.111514500398345,0.0145173604745375,17.710270989174322,1.4278962905835944,"The relationship between the CCDC71L gene and cancer is not extensively characterized, but emerging research suggests it may play a role in cellular processes that could influence tumorigenesis. CCDC71L is thought to be involved in various cellular functions, including cell cycle regulation and chromosomal stability. Dysregulation of these functions can lead to genomic instability, a hallmark of cancer. Furthermore, alterations in genes associated with cell adhesion and migration, like CCDC71L, could impact tumor invasion and metastasis. As investigations continue, a clearer understanding of CCDC71L's involvement in cancer progression and its potential mechanisms of action is required to elucidate its role in this context.",0
DENND1A,3030,0.2666666666666666,0.0666666666666666,0.0,0.6666666666666666,0.0,1.0,0.0,0.0,0.9864136635272996,0.0,2.2222222222222223,2.4444444444444446,0.547645125958379,1.0,0.4038772213247173,0.7700502240801088,314874.8,517.0,0.03226623,0.0,1.0,0.0,0.0,0.0,0.0,0.0,0.0,0.0,0.0,0.0,0.0,0.0,2.0,20.0,2.0,0.0,0.0,0.0,0.0,8.0,1.0,0.0,1.0,0.0,0.0,0.0,32.0,0.0,26.0,18.82584375,119.0861394,22.7274875236984,0.4952181505606958,0.2345577697841727,0.0138516129449901,139.0,-0.2455292941176471,0.0190865355554052,255.0,0.2416586294416245,0.0172273071904832,394.0,3.3768535417612067,0.0067063499759905,0.111514500398345,0.0145173604745375,25.173189293632586,1.200969262133564,"Yes, there is a relationship between the DENND1A gene and cancer. DENND1A is involved in various cellular processes, including endocytosis, signal transduction, and cytoskeletal organization, which are crucial for maintaining cellular homeostasis. Dysregulation of DENND1A may impact oncogenic signaling pathways by altering the trafficking of key receptors or ligands involved in cell proliferation and survival, as well as affecting the immune response to tumors. Studies have suggested that aberrant expression of DENND1A can influence metastatic behavior and angiogenesis, thereby contributing to cancer progression. Additionally, its involvement in regulating actin dynamics may facilitate changes in cell motility, further promoting invasion and metastasis.",0
SYNPR,858,0.3333333333333333,0.0,0.0,0.6666666666666666,0.0,1.0,0.0,0.0,1.0,0.0,1.3333333333333333,1.3333333333333333,1.0,1.0,0.2727768685215493,0.6271416119524039,152982.7,976.0,-0.005124426,1.7368398289397294e-07,2.0,2.0,0.0,0.0,0.0,0.0,0.0,0.0,0.0,0.0,0.0,0.0,1.0,6.0,0.0,0.0,0.0,0.0,0.0,2.0,1.0,0.0,1.0,0.0,0.0,0.0,11.0,0.0,12.0,17.59127273,111.3628456,23.389778281823137,0.7114979313957444,0.2544550724637682,0.0254763453726224,138.0,-0.280426683168317,0.020061658090212,404.0,0.2738139852398524,0.02152401379407,541.0,1.3743601189169907,1.1332615279593126,0.3439460442326493,0.0381957571175874,17.755422472390254,1.3445486224335264,"The SYNPR gene, which encodes the synaptoporin protein, has been implicated in cancer through various mechanisms, particularly in the context of tumor biology and neuronal signaling pathways. Alterations in SYNPR expression may influence cell proliferation, migration, and apoptosis, potentially impacting tumor progression and metastasis. Its involvement in synaptic functions suggests that SYNPR could modulate neurotransmitter release and neuropeptide signaling, which are increasingly recognized as crucial factors in the tumor microenvironment. Furthermore, aberrant synaptic mechanisms may contribute to cancer's neurobiology, influencing pain perception and response to therapy. However, the specific direct roles of SYNPR in various cancer types remain an active area of investigation.",0
RHEB,555,0.0,0.0,0.0,1.0,0.0,1.0,0.0,0.0,1.0,0.0,2.0,2.0,1.0,1.0,0.254323499491353,0.602530061618749,660831.3,196.0,0.03220793,0.0002238612540454,33.0,0.0,0.0,0.0,0.0,0.0,0.0,0.0,0.0,0.0,0.0,0.0,0.0,2.0,0.0,0.0,0.0,0.0,0.0,0.0,0.0,0.0,0.0,0.0,0.0,0.0,2.0,0.0,2.0,26.25,12.005,25.281020388650923,0.5116363272608392,0.3064332753623188,0.059847759278485,345.0,-0.2716994262295081,0.0265934690550399,121.0,0.2973593361884368,0.0513179690456957,466.0,3.5893529814654763,0.0061608997915225,0.086308220414223,0.0144196972159675,19.36795247083405,1.7457837360347337,"Yes, there is a relationship between the RHEB gene and cancer. RHEB encodes a small GTPase that is a key regulator of the mTOR signaling pathway, which is crucial for cell growth, proliferation, and metabolism. Dysregulation of RHEB can lead to aberrant activation of mTOR, promoting oncogenesis by enhancing protein synthesis, cell growth, and survival. This hyperactivation can occur through various mechanisms, including mutations in RHEB itself, altered upstream signaling pathways, or loss of negative regulators. Consequently, the RHEB-mTOR axis has been implicated in several malignancies, contributing to tumorigenesis and making it a focal point in understanding cancer progression and therapeutic targeting strategies.",0
PPM1E,2268,0.1538461538461538,0.0,0.0,0.7692307692307693,0.0,1.0,0.0,0.0769230769230769,1.0000000000000002,0.0,3.333333333333333,3.6666666666666665,1.0,1.0,0.639386189258312,0.9253495154239894,469297.8,448.0,0.01104373,7.373590444291204e-06,8.0,0.0,0.0,0.0,0.0,0.0,0.0,0.0,0.0,0.0,0.0,1.0,0.0,10.0,0.0,0.0,0.0,0.0,0.0,2.0,0.0,0.0,0.0,0.0,1.0,0.0,12.0,0.0,12.0,19.27758333,34.85663554,20.89643299751941,9.690827849538213,0.2614351541850222,0.0249191119631398,225.0,-0.2422353020134228,0.0167891327426446,149.0,0.2538267021276598,0.0217324569912283,370.0,2.6075064566317456,0.1998113184066074,0.1185218530065526,0.0209663094178709,19.25656038937539,5.308801331464902,"The PPM1E gene encodes a protein that is a member of the protein phosphatase 2C family, which plays a role in various cellular processes by modulating signaling pathways such as those involved in stress response and apoptosis. Dysregulation of PPM1E has been implicated in cancer through mechanisms such as altered cell cycle regulation, impaired apoptosis, and disrupted DNA damage response pathways. Overexpression of PPM1E may contribute to oncogenesis by increasing cell proliferation and survival while diminishing the efficacy of genotoxic stress responses. Additionally, its involvement in the regulation of oncogenic signaling pathways, such as those mediated by p53, may further underscore its potential role in tumor progression and resistance to therapies. However, the precise relationship between PPM1E and specific cancer types remains an area of ongoing research.",0
RAB11FIP4,1914,0.2,0.0,0.0,0.8,0.0,1.0,0.0,0.0,1.0,0.0,3.333333333333333,3.333333333333333,1.0,1.0,0.032419114309797,0.1435844868800306,501371.0,307.0,0.02977262,1.497148312109422e-06,10.0,0.0,0.0,0.0,0.0,0.0,0.0,0.0,0.0,0.0,0.0,0.0,0.0,19.0,0.0,0.0,0.0,0.0,0.0,5.0,1.0,0.0,0.0,0.0,0.0,0.0,25.0,0.0,21.0,22.44188,84.62815603,20.77303684717798,2.344838381974573,0.2602719411764709,0.0266967555470971,170.0,-0.2684475510204082,0.0193261538626896,196.0,0.2646501366120218,0.0227025664155977,366.0,3.46126743604819,0.0170146458830593,0.2072825737493959,0.0114236946627412,19.950685753440165,1.6792040931320893,"The RAB11FIP4 gene encodes a protein that interacts with the RAB11 family of GTPases, which are involved in endosomal recycling and trafficking. Dysregulation of these processes has been implicated in cancer progression and metastasis. Specifically, alterations in vesicular transport can lead to abnormal membrane protein localization, affecting processes such as cell adhesion, migration, and growth factor signaling. Moreover, RAB11FIP4 may play a role in the regulation of oncogenic pathways by modulating the availability of receptors and signaling molecules on the cell surface. Consequently, changes in RAB11FIP4 expression or function could contribute to tumorigenesis through enhanced cellular proliferation, migration, and invasion.",0
SLC46A2,1428,0.2666666666666666,0.0,0.0,0.7333333333333333,0.0,1.0,0.0,0.0,1.0,0.0,2.2,2.2,1.0,1.0,0.5157297576070139,0.8572317567099096,514711.8,498.0,0.009806582,0.0,0.0,0.0,0.0,0.0,0.0,0.0,0.0,0.0,0.0,0.0,0.0,0.0,0.0,11.0,0.0,0.0,0.0,0.0,0.0,4.0,0.0,0.0,0.0,0.0,0.0,0.0,15.0,0.0,13.0,15.11706667,79.30434235,21.88701420269522,1.8204614569819408,0.2426570503597123,0.0191684038948597,139.0,-0.2366250597609561,0.0148833699674964,251.0,0.2387749230769232,0.0163736174451097,390.0,2.569239141552106,0.1401840794995915,0.208725984214306,0.0269037429245408,20.060674391099585,2.322449260305919,"The SLC46A2 gene encodes a member of the solute carrier family, specifically a member of the proton-coupled folate transporter family, which is involved in the transport of folate across cellular membranes. While the direct relationship between SLC46A2 and cancer is not definitively established, alterations in folate metabolism are recognized to influence carcinogenesis. Folate is crucial for DNA synthesis, repair, and methylation; hence, dysregulation of folate transport can lead to genomic instability and aberrant gene expression. Moreover, some studies suggest that variations in SLC46A2 may affect individual susceptibility to certain cancers through the modulation of folate levels and subsequent impact on cellular proliferation and survival. These mechanisms warrant further investigation to elucidate the precise role of SLC46A2 in cancer biology.",0
SLITRK6,2526,0.0789473684210526,0.0526315789473684,0.0,0.8421052631578947,0.0,1.0,0.0263157894736842,0.0,0.9761565650140092,0.0,8.0,8.75,0.6653359946773121,1.0,0.7880220646178093,0.9757519217748232,18897.54,822.0,-0.02666649,0.0,0.0,0.0,0.0,0.0,0.0,0.0,0.0,1.0,0.0,0.0,0.0,0.0,0.0,31.0,2.0,0.0,0.0,0.0,0.0,3.0,0.0,0.0,1.0,0.0,0.0,0.0,36.0,0.0,32.0,18.45552778,71.917349,18.854005455284305,1.315965827762644,0.3007653475935828,0.0557066098647979,187.0,-0.3060609890109889,0.0337173337567388,273.0,0.3039081956521737,0.0425613432065411,460.0,2.692199591071697,0.9158197319977116,0.111514500398345,0.0145173604745375,19.20933091360806,2.002417935707497,"The SLITRK6 gene has been implicated in various oncogenic processes, though its exact relationship with cancer remains an area of active research. One proposed mechanism involves the role of SLITRK6 in neuronal development and synaptic function, which may be co-opted in tumorigenesis. Aberrant expression of SLITRK6 can influence cellular signaling pathways, including those related to cell proliferation, apoptosis, and migration, potentially facilitating cancer progression. Additionally, alterations in neural guidance cues and interactions with the SLIT/ROBO pathway may contribute to abnormal tissue architecture and tumor microenvironment, promoting metastasis and the invasive capabilities of cancer cells. However, further investigation is needed to clarify these associations and their functional implications in specific cancer types.",0
FLOT2,1287,0.1428571428571428,0.1428571428571428,0.0,0.7142857142857143,0.0,1.0,0.0,0.0,1.0,0.0,2.5,3.0,0.3756574004507889,1.0,0.6675567423230975,0.9373370394492844,1834230.0,220.0,0.0370228,0.0003978452361506,48.0,0.0,0.0,0.0,0.0,0.0,0.0,0.0,0.0,0.0,0.0,0.0,3.0,5.0,1.0,0.0,0.0,0.0,0.0,1.0,0.0,0.0,0.0,0.0,1.0,0.0,9.0,0.0,10.0,22.53011111,103.9477351,26.31699565872885,0.3565492568886756,0.2321618604651161,0.0118087466668241,129.0,-0.2623990476190477,0.0161505180820668,189.0,0.2501330188679244,0.0145675559050532,318.0,3.596906533362569,0.0033052271375604,0.1171159833330762,0.0089957805485382,16.78721822956028,1.845783183913657,"Yes, there is a relationship between the FLOT2 gene and cancer. FLOT2 (flotillin-2) is involved in the formation of lipid rafts, which are microdomains within cellular membranes that play critical roles in signaling pathways, cellular adhesion, and migration. Alterations in FLOT2 expression and function have been associated with various cancer types, where it may contribute to tumor progression and metastasis. Mechanistically, FLOT2 can influence cellular signaling cascades, such as those involving receptor tyrosine kinases, thereby impacting cell proliferation and survival. Additionally, its role in modulating the cytoskeleton can facilitate cancer cell migration and invasion, emphasizing its potential significance in the metastatic spread of tumors.",0
CPNE2,1647,0.4545454545454545,0.0,0.0909090909090909,0.4545454545454545,0.0,1.0,0.0,0.0,1.0000000000000002,0.0,0.8333333333333334,1.0,0.5411255411255411,1.0,0.7032348804500703,0.9508187984395564,745404.1,154.0,0.04848292,0.0003186290620666,23.0,0.0,0.0,3.0,0.0,0.0,0.0,0.0,0.0,0.0,0.0,0.0,2.0,5.0,0.0,0.0,0.0,0.0,0.0,5.0,1.0,0.0,0.0,0.0,0.0,0.0,16.0,0.0,15.0,15.24925,156.6308923,23.92009685396326,0.6851982639887155,0.2261821893491124,0.0173582033660115,169.0,-0.2923302010050251,0.0263949618120806,198.0,0.2619524456521738,0.0232759040850106,367.0,3.4335226923598725,0.0120804821864685,0.030537575719915,0.0048321342979032,20.060674391099585,2.322449260305919,"The CPNE2 gene, which encodes for a member of the copine family of proteins, has been implicated in various cellular processes, including calcium-dependent membrane binding and signal transduction. While direct associations between CPNE2 and specific cancers remain under investigation, there are indications that dysregulation of this gene could influence tumorigenesis. Potential mechanisms may involve alterations in cell proliferation, migration, or apoptosis, as copines have been shown to play roles in cellular signaling pathways that are often disrupted in cancer. Moreover, aberrations in gene expression or protein function could lead to an altered tumor microenvironment, contributing to cancer development or progression. Further research is required to elucidate the precise contributions of CPNE2 in oncogenesis.",0
TECRL,1092,0.1904761904761904,0.0952380952380952,0.0476190476190476,0.6190476190476191,0.0,1.0,0.0476190476190476,0.0,0.9132684766868748,0.0,2.6,3.4,0.3505082369435682,1.0,0.7942811755361397,0.9772182327737968,2643.769,1049.0,-0.02230481,0.0,0.0,0.0,0.0,0.0,0.0,0.0,0.0,1.0,0.0,0.0,0.0,0.0,0.0,13.0,1.0,0.0,0.0,0.0,0.0,3.0,3.0,0.0,1.0,0.0,0.0,0.0,20.0,0.0,20.0,21.0671,139.5954188,21.88701420269522,1.8204614569819408,0.2609520720720721,0.036746475811122,111.0,-0.2439725118483411,0.0218765827560415,211.0,0.2498257142857146,0.026969361094971,322.0,0.5531352581256835,0.4948209196171429,0.111514500398345,0.0145173604745375,20.060674391099585,2.322449260305919,"The TECRL gene has been implicated in cancer through its potential role in cellular processes such as proliferation and apoptosis, suggesting that it may influence tumorigenesis. TECRL is thought to be involved in the regulation of RNA splicing and gene expression, with alterations in its activity potentially leading to oncogenic pathways. Additionally, studies have shown that dysregulation of TECRL could contribute to the modulation of the tumor microenvironment and impact immune responses, creating conditions favorable for cancer progression. The exact mechanisms by which TECRL exerts its effects in cancer remain to be fully elucidated, but its involvement in cellular signaling and metabolic processes highlights its relevance in oncological research.",0
GRM3,2640,0.2765957446808511,0.0425531914893617,0.0,0.6382978723404256,0.0,1.0,0.0425531914893617,0.0,0.96169546241347,0.0,2.142857142857143,2.4285714285714284,0.6715916722632639,1.0,0.6925207756232687,0.9469647094671984,123689.5,1072.0,-0.01825809,8.140477306287055e-07,4.0,1.0,0.0,3.0,0.0,0.0,0.0,1.0,1.0,0.0,0.0,0.0,0.0,28.0,2.0,0.0,0.0,0.0,0.0,13.0,1.0,0.0,1.0,0.0,1.0,0.0,48.0,0.0,42.0,20.687,66.27364651,23.09267187206257,0.3504965242712473,0.3009759445843832,0.0264498463317443,397.0,-0.2572138888888889,0.0178148546184663,72.0,0.2942576759061836,0.0253327220272793,469.0,1.7036008995287288,0.8864826571122895,0.111514500398345,0.0145173604745375,20.143519749350983,0.4554188323967126,"Yes, there is a relationship between the GRM3 gene and cancer. The GRM3 gene encodes metabotropic glutamate receptor 3, which plays a role in various signaling pathways that influence cellular processes such as proliferation, apoptosis, and migration. Dysregulation of GRM3 has been observed in several cancers, including gliomas and melanoma. Alterations in glutamate signaling through GRM3 may contribute to tumorigenesis by promoting an oncogenic microenvironment, enhancing cell survival and proliferation, and facilitating metastasis. Furthermore, GRM3 has been implicated in the modulation of the tumor microenvironment, potentially affecting immune responses and interactions with surrounding stromal cells, which can further influence cancer progression and treatment resistance.",0
ATG101,657,0.0,0.0,0.0,1.0,0.0,1.0,0.0,0.0,1.0,0.0,2.0,2.0,1.0,1.0,0.1093972213105787,0.3514680875912572,468067.3,234.0,0.04113099,0.0002384793163907,40.0,0.0,0.0,0.0,0.0,0.0,0.0,0.0,0.0,0.0,0.0,0.0,0.0,2.0,0.0,0.0,0.0,0.0,0.0,0.0,0.0,0.0,0.0,0.0,0.0,0.0,2.0,0.0,2.0,22.835,21.32045,21.88701420269522,1.8204614569819408,0.2638164016874681,0.0370683991865753,190.13201675643327,-0.2623792743604192,0.0349935889004216,187.6534410532616,0.2724842722630945,0.0397860230283488,377.6466786355476,2.842285090327978,0.2097717354995392,0.111514500398345,0.0145173604745375,20.060674391099585,2.322449260305919,"The ATG101 gene plays a critical role in autophagy, a cellular process involved in the degradation and recycling of cellular components. Dysregulation of autophagy is linked to cancer development and progression, as it can influence tumor cell survival, metabolism, and the response to stress. Specifically, ATG101 is involved in the formation of autophagosomes and is hypothesized to contribute to the balance between cell survival and apoptosis in cancer cells. Aberrant expression or dysfunction of ATG101 could lead to enhanced survival of tumor cells under stress conditions, potentially promoting tumor growth and resistance to therapy. Furthermore, its interaction with other autophagy-related genes might impact the modulation of the tumor microenvironment, thereby influencing cancer progression and metastasis.",0
C11ORF94,297,0.0,0.0,0.0,0.3333333333333333,0.0,1.0,0.6666666666666666,0.0,0.5793801642856949,0.0,1.0,3.0,1.0,1.0,0.6830601092896175,0.943423781105956,427820.4,291.0,0.04805838,0.0,0.0,0.0,0.0,0.0,0.0,0.0,0.0,2.0,0.0,0.0,0.0,0.0,0.0,1.0,0.0,0.0,0.0,0.0,0.0,0.0,0.0,0.0,2.0,0.0,0.0,0.0,1.0,0.0,3.0,0.348,0.0,21.88701420269522,1.8204614569819408,0.2267238356164382,0.02801516817829,146.0,-0.2584177702702702,0.0212294048133618,148.0,0.2426786054421766,0.0247670635854205,294.0,0.4078209150631889,0.3185561869077806,0.111514500398345,0.0145173604745375,20.060674391099585,2.322449260305919,"The relationship between the C11ORF94 gene and cancer is currently not well established in the scientific literature. There is limited information directly linking C11ORF94 to oncogenesis or tumor progression. However, any potential mechanisms could involve its role in cellular processes such as apoptosis, cell cycle regulation, or intracellular signaling, which are often altered in cancerous cells. Further investigation into its expression patterns, functional roles in normal versus malignant tissues, and interactions with oncogenic pathways would be necessary to elucidate any definitive relationship with cancer.",0
FOXQ1,1212,0.0,0.0,0.0,1.0,0.0,1.0,0.0,0.0,1.0,0.0,3.0,3.0,1.0,1.0,0.2513826043237808,0.5984864706967775,114943.8,481.0,0.01446384,0.0,1.0,0.0,0.0,0.0,0.0,0.0,0.0,0.0,0.0,0.0,0.0,0.0,0.0,3.0,0.0,0.0,0.0,0.0,0.0,0.0,0.0,0.0,0.0,0.0,0.0,0.0,3.0,0.0,3.0,20.52,2.1204,21.88701420269522,1.8204614569819408,0.2807371584699454,0.0364676744303428,183.0,-0.2644363125000002,0.0207089712360023,160.0,0.2731332653061223,0.0291009532249791,343.0,3.068401214707954,0.2696458693637216,0.1236797974006759,0.016963324012111,19.271988692827136,0.9932313054913312,"Yes, there is a relationship between the FOXQ1 gene and cancer. FOXQ1, a member of the forkhead box family of transcription factors, has been implicated in various malignancies, including breast and colorectal cancers. Its overexpression is associated with enhanced cell proliferation, migration, and invasion, which can contribute to tumor progression and metastasis. Mechanistically, FOXQ1 can modulate the expression of target genes involved in epithelial-mesenchymal transition (EMT), promoting a more invasive phenotype. Additionally, FOXQ1 has been shown to regulate cancer stem cell properties and the response to certain signaling pathways, such as those activated by transforming growth factor-beta (TGF-β), further linking it to tumor aggressiveness and poor prognosis.",0
TP53INP2,663,0.6,0.0,0.0,0.2,0.0,1.0,0.2,0.0,1.0,0.0,0.25,0.5,1.0,1.0,0.5717552887364208,0.8913917644576701,1047752.0,147.0,0.04734843,3.973285521449736e-09,2.0,0.0,0.0,0.0,0.0,0.0,0.0,1.0,0.0,0.0,0.0,0.0,0.0,1.0,0.0,0.0,0.0,0.0,0.0,3.0,0.0,0.0,1.0,0.0,0.0,0.0,4.0,0.0,5.0,16.41,75.9004,20.707667936863643,2.5157861242744985,0.344935300546448,0.0520866074523751,366.0,-0.2036889583333333,0.0146403772095301,48.0,0.3285589130434781,0.0497489244988156,414.0,3.337445978855978,0.0208954137262454,0.0430760006247668,0.0066647564780592,17.070888658920424,2.988802407608284,"Yes, there is a relationship between the TP53INP2 gene and cancer. TP53INP2 is known to be involved in cellular stress responses, particularly in the context of p53 signaling. It functions as a regulator of autophagy and has been implicated in apoptosis, both of which are critical processes in tumor suppression. Dysregulation of TP53INP2 can lead to altered cellular responses to stress, contributing to tumorigenesis. Additionally, its interaction with p53 suggests that variations in TP53INP2 expression may influence p53-mediated pathways, which are frequently disrupted in various cancers. Consequently, changes in TP53INP2 activity could influence the propensity of cells to survive under oncogenic stress, thus playing a role in cancer progression.",0
DAB2,2313,0.1666666666666666,0.1388888888888889,0.0833333333333333,0.5,0.0,1.0,0.0833333333333333,0.0277777777777777,0.7955389004977291,0.0,2.571428571428572,4.285714285714286,0.00256,1.0,0.6711409395973155,0.938775919434475,167695.0,374.0,-0.007116263,0.0002834858349059,60.0,0.0,0.0,0.0,0.0,0.0,0.0,3.0,0.0,0.0,1.0,0.0,1.0,16.0,5.0,0.0,0.0,0.0,0.0,6.0,5.0,0.0,4.0,0.0,0.0,0.0,33.0,0.0,28.0,24.59930303,133.7648797,25.465662690067024,0.892467064171113,0.3355540350877194,0.0577690035250192,342.0,-0.2416674193548387,0.0234386232981491,61.0,0.321145693069307,0.0535772379258212,403.0,3.595224997483383,0.0187070096949616,0.1063455522521226,0.0119545598471506,25.192572414097693,2.2038461096687234,"Yes, there is a relationship between the DAB2 gene and cancer. DAB2 (Disabled homolog 2) is involved in various cellular processes, including endocytosis and signal transduction. Alterations in DAB2 expression have been linked to tumorigenesis in several cancer types, such as ovarian and colorectal cancers. DAB2 may function as a tumor suppressor by modulating signaling pathways, including those related to growth factor receptors and the cytoskeleton, thereby influencing cell proliferation, migration, and apoptosis. Epigenetic modifications leading to DAB2 silencing can disrupt these regulatory mechanisms, contributing to increased malignancy and metastasis. Additionally, DAB2's interaction with oncogenic pathways highlights its potential role in tumor progression.",0
HDX,2073,0.1333333333333333,0.1666666666666666,0.0,0.7,0.0,1.0,0.0,0.0,0.9075474226209096,0.0,4.2,5.2,0.2760143527463428,1.0,0.3955696202531645,0.7624321504290392,20849.62,444.4009897808343,-0.02022548,1.9843056019442e-06,3.0,0.0,0.0,0.0,0.0,0.0,0.0,0.0,0.0,0.0,0.0,0.0,0.0,21.0,5.0,0.0,0.0,0.0,0.0,4.0,0.0,0.0,0.0,0.0,0.0,0.0,30.0,0.0,25.0,23.08286667,87.37634005,17.516284669344728,0.9665503873872672,0.21671101010101,0.0097021620765203,99.0,-0.2776914925373134,0.0263167324007631,134.0,0.251781330472103,0.0200976689365842,233.0,3.050960211653661,0.0384467086301478,0.111514500398345,0.0145173604745375,20.060674391099585,2.322449260305919,"The HDX gene, which encodes the histone demethylase enzyme, has been implicated in various cancer types through its role in the regulation of gene expression and chromatin dynamics. Dysregulation of HDX can lead to altered epigenetic modifications, resulting in the activation of oncogenes or the silencing of tumor suppressor genes. This disruption in the balance of methylation marks on histones can promote cellular proliferation, resistance to apoptosis, and enhanced metastatic potential. Additionally, HDX may influence pathways involved in cell cycle regulation and differentiation, further contributing to tumorigenesis. As such, the intricate relationship between HDX activity and cancer development underscores the significance of epigenetic regulation in oncogenic processes.",0
VAV1,2538,0.4285714285714285,0.0357142857142857,0.0357142857142857,0.3928571428571428,0.0,1.0,0.1071428571428571,0.0,0.8988927182924319,0.0,0.8461538461538461,1.2307692307692308,0.7751937984496124,1.0,0.992063492063492,0.9999684222710088,739481.1,272.0,0.03090568,0.0001593124976352,67.0,0.0,0.0,0.0,0.0,0.0,0.0,2.0,1.0,0.0,0.0,0.0,0.0,11.0,1.0,0.0,0.0,0.0,0.0,11.0,2.0,0.0,2.0,0.0,1.0,0.0,25.0,0.0,23.0,18.59104,81.26683479,24.14548356710343,0.8321621023843077,0.2864456115107915,0.0576218662219059,139.0,-0.2509813821138211,0.021457854790735,246.0,0.2637853506493503,0.034689313411921,382.0,3.282383610127896,0.0243852942218642,0.111514500398345,0.0145173604745375,20.46495898045008,1.9657865904310952,"The VAV1 gene encodes a guanine nucleotide exchange factor that plays a critical role in the regulation of Rho GTPases, which are involved in various cellular processes including cell proliferation, survival, and migration. Dysregulation of VAV1 has been implicated in cancer through several mechanisms: it can enhance the activation of signaling pathways, such as those involving Rac and Rho, promoting the aggressive phenotypes associated with tumor cell invasion and metastasis. Additionally, VAV1 is involved in immune cell signaling, where aberrant expression may affect the tumor microenvironment and influence immune evasion. Altered expression of VAV1 has been observed in several cancers, suggesting its potential role in tumorigenesis and cancer progression.",0
ZNF45,2049,0.1875,0.0,0.0,0.75,0.0,1.0,0.0625,0.0,0.96875,0.0,3.0,3.25,1.0,1.0,0.5790387955993052,0.8954173706801052,464210.0,419.0,-0.03828643,1.2937038424231976e-07,2.0,0.0,0.0,0.0,0.0,0.0,0.0,1.0,0.0,0.0,0.0,0.0,0.0,12.0,0.0,0.0,0.0,0.0,0.0,2.0,1.0,0.0,1.0,0.0,0.0,0.0,15.0,0.0,15.0,15.45093333,59.35162835,21.88701420269522,1.8204614569819408,0.2649034375000001,0.0280873413399541,192.0,-0.2558256329113925,0.0200458097559663,158.0,0.2608054571428571,0.024409790416266,350.0,3.353981758898678,0.0061654802120637,0.1068091950243748,0.0077447190274451,20.060674391099585,2.322449260305919,"The relationship between the ZNF45 gene and cancer is not extensively characterized in the literature, yet some studies suggest a potential involvement in tumorigenesis. ZNF45 encodes a zinc finger protein that may play a role in transcriptional regulation and chromatin remodeling. Alterations in its expression or function could disrupt normal cellular processes such as cell cycle regulation, apoptosis, and DNA damage response, thereby contributing to cancer development. Furthermore, aberrant regulation of zinc finger proteins is associated with various malignancies, implicating ZNF45 in pathways that modulate oncogenic signaling or metastasis in certain contexts. However, more research is needed to elucidate the precise mechanisms and implications of ZNF45 in cancer biology.",0
RASGEF1B,1422,0.0,0.0,0.0,0.9090909090909092,0.0,1.0,0.0,0.0909090909090909,1.0000000000000002,0.0,10.0,11.0,1.0,1.0,0.00667,0.0400876032450942,9755.385,972.0,0.009332785,0.0,0.0,0.0,0.0,0.0,1.0,0.0,0.0,0.0,0.0,0.0,1.0,0.0,1.0,8.0,0.0,0.0,0.0,0.0,0.0,0.0,1.0,0.0,2.0,0.0,0.0,0.0,10.0,0.0,11.0,23.7699,51.51308232,15.852771446591486,0.8095727149516275,0.2018261764705882,0.0104174684951368,101.0,-0.2491165367965367,0.0186718503270844,231.0,0.2346312012012013,0.0165811107232515,332.0,3.4494734344682896,0.0164148346888283,0.0634528058645848,0.0147892292396647,20.060674391099585,2.322449260305919,"The RASGEF1B gene encodes a protein that is involved in the regulation of RAS signaling, which plays a crucial role in cell proliferation and differentiation. Abnormalities in RAS signaling pathways are well-established in various cancers, as they can lead to unchecked cell growth and survival. Alterations in RASGEF1B expression or function could potentially disrupt normal RAS signaling, contributing to oncogenic processes. This disruption may occur through mechanisms such as impaired GTPase activity, leading to sustained activation of RAS proteins, which in turn can drive tumorigenesis by promoting pathways linked to cell cycle progression and apoptosis resistance. Therefore, while direct evidence linking RASGEF1B to specific cancer types may be limited, its role in RAS regulation suggests a plausible involvement in cancer biology.",0
SLFN13,2694,0.1666666666666666,0.1111111111111111,0.0,0.6111111111111112,0.0,1.0,0.1111111111111111,0.0,0.8934166815252749,0.0,2.75,3.75,0.6112469437652812,1.0,0.8149959250203749,0.9817214064619189,763418.9,456.0,0.01830069,0.0,0.0,0.0,0.0,0.0,0.0,0.0,0.0,2.0,0.0,0.0,0.0,0.0,0.0,11.0,2.0,0.0,0.0,0.0,0.0,3.0,0.0,0.0,2.0,0.0,0.0,0.0,16.0,0.0,15.0,10.9840625,109.4492125,20.45745782876936,1.4662473022209777,0.2357059375000002,0.0223614493953419,160.0,-0.2705586387434556,0.0202493035686635,191.0,0.2546713675213674,0.0214531359044102,351.0,3.388587839775314,0.0483453145734396,0.5252671893364205,0.0414409157341225,18.89306214716915,1.5486282682437778,"The SLFN13 gene, part of the Schlafen family, has been implicated in cellular processes such as stress response and differentiation, which can influence tumor biology. Studies suggest that SLFN13 may play a role in apoptosis and immune regulation, potentially impacting the tumor microenvironment and influencing cancer progression. Alterations in SLFN13 expression or function could affect cellular responses to oncogenic stress or modulate pathways involved in immune evasion, thereby contributing to the development or progression of various cancers. However, the precise mechanisms linking SLFN13 to specific cancer types or its functional impacts remain areas of ongoing research.",0
CLIC4,762,0.2,0.2,0.0,0.6,0.0,1.0,0.0,0.0,1.0,0.0,1.5,2.0,0.4235493434985176,1.0,0.6770480704129993,0.9411056219019924,518507.3,198.0,0.0297207,0.0001586807396802,45.0,0.0,0.0,0.0,0.0,0.0,0.0,0.0,0.0,0.0,0.0,0.0,0.0,3.0,1.0,0.0,0.0,0.0,0.0,1.0,0.0,0.0,0.0,0.0,0.0,0.0,5.0,0.0,5.0,24.576,116.91588,28.13299573241984,0.4000721983285293,0.2164791304347826,0.0313863696344003,92.0,-0.2549091791044774,0.0173746717828442,268.0,0.2450881666666666,0.0211597384261559,360.0,3.7905539973743423,0.0065760437585174,0.0621630689192107,0.0105564440995564,20.707515809212573,2.591774160133529,"The CLIC4 gene (Chloride Intracellular Channel 4) has been implicated in various cancers, with evidence suggesting its role in processes such as cell proliferation, apoptosis, and migration. CLIC4 is often associated with the regulation of intracellular chloride ion transport, which may influence cell signaling pathways and tumor microenvironment dynamics. Overexpression of CLIC4 has been observed in certain malignancies, potentially contributing to enhanced tumor growth and metastasis. Mechanistically, CLIC4 may interact with key signaling molecules and structural proteins, affecting cytoskeletal organization and influencing the aggressive behavior of cancer cells. Its involvement in the epithelial-to-mesenchymal transition (EMT) further underscores its relevance in cancer progression. Overall, CLIC4 is emerging as a significant player in cancer biology, warranting further investigation into its functional roles and regulatory networks.",0
PET117,246,0.0,0.0,0.0,1.0,0.0,1.0,0.0,0.0,1.0,0.0,2.0,2.0,1.0,1.0,0.3472222222222222,0.7145105188013384,782026.9,479.0,-0.005686501,0.0,1.0,0.0,0.0,0.0,0.0,0.0,0.0,0.0,0.0,0.0,0.0,0.0,0.0,2.0,0.0,0.0,0.0,0.0,0.0,0.0,0.0,0.0,0.0,0.0,0.0,0.0,2.0,0.0,2.0,23.19,60.7202,20.769398770445743,1.0278568624357065,0.3060140999999999,0.0438443079640702,300.0,-0.2641030172413794,0.0327913253203823,116.0,0.2943273557692308,0.0410298595770875,416.0,3.210188831453621,0.0064915953178006,0.0736182999341102,0.0124299214891891,20.060674391099585,2.322449260305919,"The PET117 gene, associated with mitochondrial function, has been suggested to have potential links to cancer through its role in oxidative phosphorylation and cellular metabolism. Given that cancer cells often exhibit altered metabolic pathways, dysregulation of PET117 may impact energy production and reactive oxygen species (ROS) levels, fostering an environment conducive to tumorigenesis. Additionally, impairment in mitochondrial dynamics, which PET117 is a part of, could affect apoptosis and cell proliferation, further intertwining with oncogenic processes. However, more detailed investigations are needed to elucidate the exact mechanisms and pathways involved in any potential relationship with cancer.",0
TMEM89,480,0.3333333333333333,0.0,0.0,0.6666666666666666,0.0,1.0,0.0,0.0,1.0,0.0,1.0,1.0,1.0,1.0,0.4572473708276178,0.8150574950592733,1386275.0,212.0,0.03662422,0.0,1.0,0.0,2.0,0.0,0.0,0.0,0.0,0.0,0.0,0.0,0.0,0.0,0.0,2.0,0.0,0.0,0.0,0.0,0.0,1.0,0.0,0.0,0.0,0.0,0.0,0.0,5.0,0.0,5.0,8.567,73.148034,21.88701420269522,1.8204614569819408,0.2209543396226415,0.0224076213714645,106.0,-0.2779293023255816,0.0208671941118664,430.0,0.2666618656716418,0.0216464861396903,536.0,0.6558523281642322,0.5105184350530074,0.111514500398345,0.0145173604745375,20.060674391099585,2.322449260305919,"The TMEM89 gene has been implicated in certain cancer contexts, although the mechanisms are not fully elucidated. One proposed mechanism involves TMEM89's role in cellular signaling pathways that regulate apoptosis and cell proliferation. Dysregulation of these pathways can lead to unchecked cell growth and tumorigenesis. Additionally, studies suggest that TMEM89 may interact with proteins involved in the ubiquitin-proteasome system, which is crucial for protein degradation and modulation of oncogenic signals. Aberrations in TMEM89 expression or function could therefore contribute to the malignancy by disrupting normal cellular homeostasis and promoting oncogenic characteristics in cancer cells. Overall, while there is some evidence linking TMEM89 to cancer, further research is necessary to clarify its roles and mechanisms in this context.",0
JRK,1707,0.2608695652173913,0.0,0.0,0.6521739130434783,0.0,1.0,0.0434782608695652,0.0434782608695652,0.9999999999999998,0.0,2.142857142857143,2.4285714285714284,1.0,1.0,0.1230314960629921,0.3808212218056256,384373.8,412.0,0.02289624,0.0,1.0,1.0,0.0,0.0,0.0,0.0,0.0,0.0,1.0,0.0,1.0,0.0,0.0,15.0,0.0,0.0,0.0,0.0,0.0,6.0,0.0,0.0,1.0,0.0,1.0,0.0,22.0,0.0,23.0,10.15354545,39.25689445,21.88701420269522,1.8204614569819408,0.3658924611973395,0.0702572140181513,451.0,-0.2530395833333333,0.0229531271139084,71.0,0.3503563097514341,0.0652033646808004,522.0,2.842285090327978,0.2097717354995392,0.111514500398345,0.0145173604745375,20.060674391099585,2.322449260305919,"The JRK gene, known for its roles in cellular proliferation and DNA repair, has been implicated in cancer through several potential mechanisms. Overexpression of JRK may lead to enhanced cell survival and proliferation, contributing to tumor growth. Additionally, perturbations in the gene's normal function can impair the DNA damage response, allowing for the accumulation of genetic mutations that drive oncogenesis. Furthermore, JRK's involvement in stress response pathways suggests that it might help cancer cells resist therapeutic insults, thereby promoting tumor resilience and recurrence. Further studies are needed to clarify its precise role in various cancer types.",0
PNPO,786,0.0,0.0,0.0,1.0,0.0,1.0,0.0,0.0,1.0,0.0,3.0,3.0,1.0,1.0,0.054848617814831,0.2140839343979477,1183803.0,203.0,0.02139614,5.308834730329463e-05,19.0,0.0,0.0,0.0,0.0,0.0,0.0,0.0,0.0,0.0,0.0,0.0,0.0,2.0,0.0,0.0,0.0,0.0,0.0,0.0,1.0,0.0,0.0,0.0,0.0,0.0,3.0,0.0,2.0,24.73333333,14.86333333,25.696748094641222,1.1337343306439076,0.2266014136125654,0.0099084227669385,191.0,-0.2621160795454547,0.0193075309919707,176.0,0.2436329700272479,0.0146911159187504,367.0,3.513256062665532,0.0056536247085562,0.111514500398345,0.0145173604745375,22.23612163135252,2.244559190062502,"The PNPO gene, which encodes the enzyme pyridoxamine 5'-phosphate oxidase, is involved in the metabolism of vitamin B6 and plays a crucial role in the synthesis of pyridoxal 5'-phosphate, the active form of vitamin B6. Emerging evidence suggests that alterations in vitamin B6 metabolism can influence cellular processes such as proliferation and apoptosis, potentially impacting cancer development. Deficiencies or dysregulation of PNPO could lead to impaired synthesis of pyridoxal 5'-phosphate, which may perturb the functions of various enzymes and signaling pathways associated with tumorigenesis. Additionally, the enzyme's role in redox regulation and its involvement in the maintenance of mitochondrial function may further connect PNPO to cancer biology, as mitochondrial dysfunction is a well-established factor in cancer progression. However, the specific mechanisms linking PNPO and cancer remain to be fully elucidated.",0
CACNG5,828,0.2222222222222222,0.2222222222222222,0.0,0.5555555555555556,0.0,1.0,0.0,0.0,0.9298966940476158,0.0,1.6666666666666667,2.333333333333333,0.0208663717552791,1.0,0.7390983000739099,0.962545712630193,284959.4,536.0,-0.0391421,0.0,0.0,0.0,0.0,0.0,0.0,0.0,0.0,0.0,0.0,0.0,0.0,0.0,6.0,5.0,2.0,0.0,0.0,0.0,0.0,2.0,0.0,0.0,0.0,0.0,0.0,0.0,15.0,0.0,15.0,15.4036,231.411403,21.88701420269522,1.8204614569819408,0.2908774000000003,0.0388065567655019,250.0,-0.2341845112781954,0.0171373476355548,133.0,0.2711903133159273,0.0319476229742471,383.0,2.3667320074963234,1.4101316448669574,0.2106615306372961,0.0217812159012439,17.44302937036685,0.4059657698773947,"The CACNG5 gene, which encodes a subunit of the voltage-dependent calcium channel complex, has been implicated in various cellular processes, including calcium signaling and synaptic transmission. Dysregulation of calcium homeostasis is a known feature in different types of cancer, where aberrant calcium signaling can promote cell proliferation, invasion, and resistance to apoptosis. Preliminary evidence suggests that altered expression of CACNG5 may affect calcium channel activity and, consequently, influence tumorigenic pathways. Additionally, calcium entry is essential for processes such as cell cycle progression and possibly metastatic behavior, indicating that CACNG5 could play a role in the cancer biology landscape, although further studies are needed to elucidate the exact relationship and mechanisms involved.",0
SRMS,1467,0.3333333333333333,0.037037037037037,0.0,0.5925925925925926,0.0,1.0,0.037037037037037,0.0,0.968842975132274,0.0,1.6,1.8,0.6635700066357001,1.0,0.7593014426727411,0.9683799717244828,1262904.0,298.0,0.05373654,6.085905421900093e-07,3.0,0.0,0.0,0.0,0.0,0.0,0.0,1.0,0.0,0.0,0.0,0.0,0.0,16.0,1.0,0.0,0.0,0.0,0.0,9.0,1.0,0.0,1.0,0.0,0.0,0.0,26.0,1.0,21.0,12.85953846,117.1951962,10.0196601191646,0.0150971031264815,0.360354840425532,0.0611589410565078,376.0,-0.2223558333333333,0.0129596019670903,60.0,0.3413641513761468,0.056746209645485,436.0,1.849939602594595,0.8818870916213207,0.6667950921329946,0.0328431579573826,14.017098878804337,2.4532404938503176,"The SRMS gene, which encodes a member of the Src family kinase family, has been implicated in various biological processes, including cell growth, proliferation, and motility. Alterations in the expression or activity of SRMS could influence oncogenic pathways, potentially promoting tumorigenesis through mechanisms such as aberrant signaling in pathways like MAPK and PI3K/Akt, which are often dysregulated in cancer. Additionally, SRMS may play a role in cytoskeletal reorganization and cell adhesion, further contributing to cancer cell invasion and metastasis. While direct connections between SRMS and specific cancer types require more investigation, its involvement in key signaling pathways suggests a possible link to cancerous processes.",0
EBAG9,642,0.25,0.0,0.0,0.625,0.0,1.0,0.0,0.125,1.0,0.0,1.6666666666666667,2.0,1.0,1.0,0.2780867630700778,0.6339883527834744,134329.2,623.0,0.007759155,0.0,1.0,0.0,0.0,0.0,0.0,0.0,0.0,0.0,0.0,0.0,1.0,0.0,2.0,5.0,0.0,0.0,0.0,0.0,0.0,2.0,0.0,0.0,1.0,0.0,0.0,0.0,9.0,0.0,9.0,16.90644444,80.20133703,22.51193474646585,1.305537160225895,0.3592946475770925,0.0582049337436944,454.0,-0.2500229090909091,0.0205854238136026,55.0,0.3474872888015717,0.0552444950658632,509.0,3.396941659152934,0.0103291083363247,0.0338693002578869,0.0082622026424069,25.24374805135924,1.4623368538619332,"Yes, there is a relationship between the EBAG9 gene and cancer. EBAG9 (Estrogen Receptor Binding Fragment Associated Gene 9) has been implicated in various malignancies, often functioning as a potential oncogene. It is believed to play a role in promoting tumor progression by inhibiting apoptosis and enhancing cell proliferation. EBAG9 can modulate critical signaling pathways, such as those involving the estrogen receptor and the PI3K/Akt pathway, which are crucial for cell survival and growth. Furthermore, its expression has been correlated with poor prognosis in certain cancers, suggesting that EBAG9 may contribute to a more aggressive tumor phenotype via its regulatory effects on cellular stress responses and immune evasion mechanisms.",0
STEAP1,1020,0.1428571428571428,0.0,0.0,0.8571428571428571,0.0,1.0,0.0,0.0,1.0,0.0,3.0,3.0,1.0,1.0,0.3727171077152441,0.7405648794049523,128669.1,1182.0,-0.009990127,0.0,0.0,0.0,0.0,0.0,0.0,0.0,0.0,0.0,0.0,0.0,0.0,0.0,0.0,6.0,0.0,0.0,0.0,0.0,0.0,1.0,0.0,0.0,0.0,0.0,0.0,0.0,7.0,0.0,7.0,17.58928571,121.8431516,20.18394146513412,1.263342748777654,0.3049081728395065,0.0307582474644749,405.0,-0.2368786567164179,0.0123425815299864,67.0,0.2952514406779664,0.0286772912892151,472.0,3.238337745039314,0.0796112655835276,0.0396394737026315,0.0039918868934725,13.699690744622751,1.0205669693689905,"Yes, there is a relationship between the STEAP1 gene and cancer. STEAP1 (Six-Transmembrane Epithelial Antigen of the Prostate 1) is primarily expressed in prostate tissue but is also found in various tumors. Its overexpression has been associated with tumor progression and metastasis, particularly in prostate cancer. Mechanistically, STEAP1 may influence tumor biology through its role in regulating cellular processes such as proliferation, apoptosis, and iron metabolism. The gene encodes a protein that is involved in reducing extracellular iron, which can alter the redox status of the tumor microenvironment, subsequently impacting tumor growth and immune evasion. Additionally, STEAP1 expression has been linked to the evasion of immune surveillance, potentially affecting the effectiveness of anti-tumor immune responses. Overall, STEAP1 serves as a potential oncofetal antigen and a marker of aggressive cancer subtypes.",0
FAM78B,786,0.5384615384615384,0.0769230769230769,0.0,0.3846153846153846,0.0,1.0,0.0,0.0,1.0000000000000002,0.0,0.625,0.75,0.5414185165132648,1.0,1.0,1.0,320492.5,733.0,-0.01151991,0.0,0.0,0.0,0.0,0.0,0.0,0.0,0.0,0.0,0.0,0.0,0.0,0.0,2.0,5.0,1.0,0.0,0.0,0.0,0.0,6.0,0.0,0.0,0.0,0.0,0.0,0.0,14.0,0.0,13.0,15.32621429,109.5604146,21.88701420269522,1.8204614569819408,0.2825511557788945,0.0270199676112552,397.0,-0.2056255882352941,0.0100520093163101,34.0,0.2764968287037038,0.0260881786602211,431.0,2.660411865989559,0.0960188174877182,0.0661077017683035,0.018877654380684,20.060674391099585,2.322449260305919,"The FAM78B gene has been implicated in several studies related to cancer, although its exact role remains under investigation. It is thought to be involved in cell proliferation and apoptosis, processes that are often dysregulated in cancer. Some research suggests that alterations or dysregulation of FAM78B may contribute to genomic instability, a hallmark of cancer, potentially through mechanisms such as aberrant DNA repair or changes in chromosomal integrity. Additionally, expression levels of FAM78B have been correlated with various tumor types, indicating a potential involvement in tumorigenesis or cancer progression. However, further research is needed to fully elucidate the precise mechanisms and pathways by which FAM78B may influence cancer biology.",0
OPN1LW,1095,0.3,0.0,0.0,0.6,0.0,1.0,0.1,0.0,1.0,0.0,1.5,1.75,1.0,1.0,0.2374732842555212,0.5788886604558989,2438903.0,444.4009897808343,0.01722316,0.0,1.0,0.0,0.0,0.0,0.0,0.0,0.0,1.0,0.0,0.0,0.0,0.0,0.0,6.0,0.0,0.0,0.0,0.0,0.0,3.0,0.0,0.0,1.0,0.0,0.0,0.0,9.0,0.0,6.0,15.05177778,85.98354469,21.88701420269522,1.8204614569819408,0.2749379285714286,0.0283652401402826,140.0,-0.2774844144144143,0.0262495872812448,111.0,0.27606406374502,0.0273224978266199,251.0,0.0897353207498104,0.1116584082753045,0.111514500398345,0.0145173604745375,20.060674391099585,2.322449260305919,"The OPN1LW gene encodes a cone opsin protein involved in color vision. While its primary function is related to phototransduction in the retina, emerging evidence suggests a potential link to cancer through mechanisms involving the modulation of cellular signaling pathways and apoptosis. Abnormal expression or mutations in opsins, including OPN1LW, may influence intracellular signaling cascades that affect cell proliferation and survival. Additionally, given that alterations in sensory receptors can impact cellular microenvironments and intercellular communication, there could be implications for tumor microenvironments or metastasis. However, the specific relationship between OPN1LW and cancer is not well established and requires further investigation to elucidate these mechanisms more clearly.",0
ZNF366,2235,0.3181818181818182,0.0,0.0,0.5454545454545454,0.0,1.0,0.1363636363636363,0.0,0.951533901945023,0.0,1.5,1.875,1.0,1.0,0.3211303789338472,0.6859049689825969,447936.2,344.0,0.02768005,1.429312318000036e-07,2.0,0.0,0.0,0.0,0.0,0.0,0.0,2.0,1.0,0.0,0.0,0.0,0.0,11.0,0.0,0.0,0.0,0.0,0.0,7.0,0.0,0.0,2.0,0.0,1.0,0.0,18.0,0.0,18.0,17.47527778,76.52470127,21.88701420269522,1.8204614569819408,0.2305026229508197,0.011349642735212,122.0,-0.2690973928571429,0.0221634068473003,280.0,0.2573845522388062,0.0191607793271057,402.0,3.008557508011315,0.1007243445202268,0.111514500398345,0.0145173604745375,20.060674391099585,2.322449260305919,"The ZNF366 gene, part of the zinc finger protein family, has emerged as a potential player in cancer biology, although the specifics of its role are still under investigation. Its expression has been linked to various cellular processes, including transcriptional regulation, cell proliferation, and apoptosis, all of which are critical in cancer development. Dysregulation of ZNF366 may influence oncogenic pathways by altering gene expression profiles or interacting with other signaling molecules, thereby promoting tumorigenesis. Studies suggest that aberrant levels of ZNF366 could impact epithelial-mesenchymal transition (EMT) and metastasis, highlighting its potential relevance in the progression of certain cancers. However, more research is needed to elucidate the exact mechanisms involved and the broader implications for cancer pathology.",0
CCDC81,1959,0.2352941176470588,0.0,0.0588235294117647,0.7058823529411765,0.0,1.0,0.0,0.0,1.0,0.0,2.4,2.6,0.6042296072507553,1.0,0.7621951219512195,0.9691712580197388,356404.8,283.0,0.01191447,0.0,0.0,0.0,0.0,0.0,0.0,0.0,0.0,0.0,0.0,0.0,0.0,0.0,0.0,11.0,0.0,0.0,0.0,0.0,0.0,4.0,2.0,0.0,0.0,0.0,0.0,0.0,17.0,0.0,15.0,15.94529412,89.67028447,17.301393247315648,0.6049502439842851,0.2545861538461538,0.049606648572619,169.0,-0.2720057647058823,0.0200675792789975,170.0,0.263321651917404,0.0347664331818784,339.0,2.531226382767654,0.0794535565019978,0.4182211192429217,0.0525535504241488,14.65357802862518,1.662070994722183,"Research on the CCDC81 gene suggests a potential relationship with cancer, particularly through its role in cellular processes such as cell cycle regulation and apoptosis. CCDC81 is implicated in the organization of the cytoskeleton and may influence cellular motility and adhesion, which are crucial in tumor progression and metastasis. Alterations in the expression of CCDC81 could disrupt these processes, leading to enhanced proliferation and survival of malignant cells. Additionally, the gene may interact with signaling pathways involved in cancer development, potentially affecting tumor microenvironment interactions and immune evasion. However, the exact mechanisms linking CCDC81 to specific cancer types are still being elucidated and require further investigation.",0
SHANK2,5359,0.3181818181818182,0.0454545454545454,0.0,0.5757575757575758,0.0,1.0,0.0303030303030303,0.0,0.9407126970891913,0.0303030303030303,1.7272727272727273,2.0454545454545454,0.6489292667099286,1.0,0.5817335660267597,0.8968834941249053,544814.8,678.0,0.03648124,2.4915415002893976e-05,15.0,0.0,0.0,0.0,0.0,0.0,0.0,2.0,0.0,0.0,0.0,0.0,14.0,42.0,3.0,0.0,0.0,0.0,0.0,18.0,1.0,0.0,2.0,0.0,0.0,0.0,78.0,0.0,65.0,16.67303846,125.7265315,23.74379673784645,3.3294981741497502,0.6694541454545454,0.5566023135469864,265.0,-0.2163211627906977,0.012433645558632,86.0,0.5615055678670363,0.4639375987275231,347.0,3.289880099890474,0.0981085377744051,0.4330244602507219,0.0421823361531839,23.111341857049915,1.9625646413900617,"Yes, there is evidence suggesting a potential relationship between the SHANK2 gene and cancer. SHANK2 encodes a protein involved in synaptic signaling and cellular scaffolding, which plays a crucial role in neuronal function. Dysregulation of SHANK2 has been implicated in various neurodevelopmental disorders and may also influence cancer pathophysiology. Mechanistically, alterations in SHANK2 expression or function can affect cellular signaling pathways related to proliferation, apoptosis, and metastasis. For instance, changes in synaptic architecture and signaling can modulate tumor microenvironment interactions and impact cancer cell behavior. Additionally, SHANK2 has been linked to the regulation of Rho GTPases, which are critical in cell motility and invasion, suggesting that its dysfunction could contribute to cancer cell aggressiveness and metastatic potential. Further research is needed to elucidate the specific roles and mechanisms by which SHANK2 may influence cancer development and progression.",0
BCL9,4281,0.1351351351351351,0.081081081081081,0.0,0.5675675675675675,0.0,1.0,0.2162162162162162,0.0,0.7921982118887747,0.0,3.5,5.333333333333333,0.3965107057890563,1.0,0.3378378378378378,0.7044558338972868,649122.9543319192,444.4009897808343,0.0198885680771551,5.969847888224832e-06,6.0,0.0,0.0,0.0,0.0,0.0,0.0,5.0,3.0,0.0,0.0,0.0,0.0,21.0,3.0,0.0,0.0,0.0,0.0,5.0,0.0,0.0,5.0,0.0,3.0,0.0,29.0,0.0,28.0,22.65413793,85.97842819,22.0761777714545,1.9402432903897704,0.3070975853018374,0.0406191236541538,381.0,-0.178366,0.00646152237,45.0,0.293499178403756,0.0385565445148527,426.0,3.3804046163638497,0.0180268971813279,0.111514500398345,0.0145173604745375,24.18027440713508,0.4476966221267854,"Yes, there is a relationship between the BCL9 gene and cancer. BCL9 encodes a protein that functions as a co-activator of β-catenin in the Wnt signaling pathway, which is crucial for cell proliferation and differentiation. Dysregulation of Wnt signaling, often associated with mutations in components of the pathway, can lead to enhanced β-catenin activity and subsequent transcription of oncogenes. In various cancers, including colorectal and breast cancer, overexpression of BCL9 has been linked to tumor progression and metastasis. Mechanistically, BCL9's interaction with β-catenin and its role in the transcriptional activation of Wnt target genes are thought to drive oncogenic processes, highlighting its potential importance as a facilitator of cancer biology.",0
CDKL5,3093,0.1538461538461538,0.0,0.0,0.7307692307692307,0.0,1.0,0.1153846153846153,0.0,0.9610929403394044,0.0,3.8,4.4,1.0,1.0,0.0265378695398333,0.1228486419737755,66107.69,444.4009897808343,0.02458881,1.6953475360319238e-05,17.0,0.0,0.0,0.0,0.0,0.0,0.0,3.0,0.0,0.0,0.0,0.0,0.0,21.0,1.0,0.0,0.0,0.0,0.0,3.0,2.0,0.0,3.0,2.0,0.0,0.0,25.0,0.0,22.0,22.39788,36.60727769,20.66559498806365,2.5992184461903745,0.2269678048780487,0.0239666788963565,82.0,-0.2919726842105262,0.0449322375837621,190.0,0.2723756249999999,0.0393931208232241,272.0,3.4527328112442,0.0203928164211579,0.1644468822320232,0.0359423068809715,22.71171387139348,1.508524932991062,"The relationship between the CDKL5 gene and cancer is not well-established, but emerging evidence suggests that it may play a role in the regulation of key cellular processes, such as cell cycle control and apoptosis, which are critical in tumorigenesis. CDKL5, a serine/threonine kinase primarily implicated in neurodevelopmental disorders, may influence pathways such as the mTOR signaling pathway, which is known to be involved in cancer cell proliferation and survival. Additionally, disruptions in CDKL5 expression could potentially affect genomic stability, thereby contributing to cancer progression. However, the precise mechanisms by which CDKL5 may be involved in cancer remain largely unexplored and require further investigation to elucidate any definitive relationships.",0
ZNF484,2565,0.0833333333333333,0.0416666666666666,0.0,0.8333333333333334,0.0,1.0,0.0416666666666666,0.0,0.9818246423345388,0.0,6.666666666666667,7.333333333333333,0.9560229445506692,1.0,0.0311808175610364,0.1393144022640003,599194.5,463.0,0.0393252,0.0,0.0,0.0,0.0,0.0,0.0,0.0,0.0,1.0,0.0,0.0,0.0,0.0,0.0,20.0,1.0,0.0,0.0,0.0,0.0,2.0,0.0,0.0,1.0,0.0,0.0,0.0,23.0,0.0,18.0,18.30304348,56.1414695,15.767479208719244,1.6669895337905527,0.2234597810218978,0.0124778878153928,137.0,-0.2428610727969349,0.0167040164657677,261.0,0.2361827386934673,0.0152993812405914,398.0,3.367417522746824,0.0214306463756112,0.111514500398345,0.0145173604745375,20.060674391099585,2.322449260305919,"The ZNF484 gene, which encodes a zinc finger protein, has been implicated in various biological processes, including transcriptional regulation and chromatin remodeling, both of which are crucial for normal cellular functions. Dysregulation of ZNF484 has been associated with cancer development, potentially through mechanisms such as altered gene expression profiles that may contribute to oncogenesis. Specific mutations or expression changes in ZNF484 could influence pathways involved in cell proliferation, apoptosis, and differentiation. Further research is needed to elucidate the precise roles and mechanisms by which ZNF484 may contribute to tumorigenesis and cancer progression, as a comprehensive understanding remains to be fully established in the context of specific cancer types.",0
ARHGAP5,4509,0.1587301587301587,0.1269841269841269,0.0,0.5873015873015873,0.0952380952380952,0.9195341470967476,0.1111111111111111,0.0158730158730158,0.8031882450780022,0.0,3.363636363636364,4.818181818181818,0.046513791339132,0.0,0.54318,7.128281496267367e-05,153921.1,392.0,0.0009736486999999,2.016925068973481e-05,11.0,0.0,0.0,1.0,0.0,0.0,0.0,6.0,1.0,0.0,1.0,0.0,0.0,37.0,8.0,0.0,0.0,0.0,0.0,10.0,0.0,0.0,7.0,0.0,1.0,0.0,56.0,0.0,33.0,23.07666071,95.40378459,24.23386762529569,0.4978787161952693,0.2791828342245989,0.0505444296935368,186.0,-0.291738987341772,0.02521792800236,237.0,0.2862012500000001,0.0363337450974881,422.0,3.709580535638461,0.0070476256588738,0.1045365983692961,0.0051462889715496,24.435958058517183,0.728105789934658,"Yes, there is a relationship between the ARHGAP5 gene and cancer. ARHGAP5 encodes a Rho GTPase-activating protein that regulates the Rho family of GTPases, which are critical for various cellular processes, including cell shape, migration, and proliferation. Dysregulation of Rho GTPases has been implicated in the promotion of cancer cell invasion and metastasis, suggesting that ARHGAP5 may influence tumor progression. Additionally, alterations in ARHGAP5 expression have been observed in certain tumors, and its loss of function could contribute to enhanced cellular motility and a more aggressive cancer phenotype. Therefore, ARHGAP5 may play a role in tumorigenesis through its effects on the Rho signaling pathway and cellular dynamics.",0
DMBX1,1149,0.4736842105263157,0.0526315789473684,0.0,0.3684210526315789,0.0,1.0,0.1052631578947368,0.0,0.9410872157860573,0.0,0.7,1.0,0.429000429000429,1.0,0.8496176720475785,0.9880788685455733,592810.5,255.0,0.02317935,0.0,1.0,0.0,0.0,0.0,0.0,0.0,0.0,2.0,0.0,0.0,0.0,0.0,0.0,8.0,1.0,0.0,0.0,0.0,0.0,9.0,0.0,0.0,2.0,1.0,0.0,0.0,17.0,0.0,17.0,16.67217647,157.4761045,21.88701420269522,1.8204614569819408,0.2519830158730158,0.0324940068260317,126.0,-0.2330676470588236,0.013959873635851,170.0,0.2411194594594592,0.0218537661285203,296.0,2.02327243484279,0.5642000934039535,0.1171847424569187,0.0061997192347905,20.060674391099585,2.322449260305919,"The relationship between the DMBX1 gene and cancer is not widely established in current scientific literature. DMBX1 is known to be involved in developmental processes and neural differentiation, and while its direct role in oncogenesis is not well characterized, perturbations in developmental regulators can lead to dysregulation of pathways that contribute to tumorigenesis. Potential mechanisms could include alterations in gene expression influencing cell proliferation and differentiation, or aberrant interactions within signaling networks that facilitate tumor growth or metastasis. Further research is necessary to elucidate any definitive links between DMBX1 and specific cancer types or pathways.",0
ACER1,795,0.2,0.0,0.0,0.8,0.0,1.0,0.0,0.0,1.0,0.0,2.6666666666666665,2.6666666666666665,1.0,1.0,0.068865780593623,0.2531227792540872,943949.3,407.0,0.0308020999999999,0.0,0.0,0.0,0.0,0.0,0.0,0.0,0.0,0.0,0.0,0.0,0.0,0.0,0.0,7.0,0.0,0.0,0.0,0.0,0.0,2.0,1.0,0.0,0.0,0.0,0.0,0.0,10.0,0.0,10.0,16.5092,139.5073126,21.88701420269522,1.8204614569819408,0.2714367910447762,0.0396387052821063,134.0,-0.2500069076305221,0.0192637560795116,248.0,0.2575045691906003,0.0264119558625757,380.0,1.924299022505281,0.8398683588368562,0.111514500398345,0.0145173604745375,20.060674391099585,2.322449260305919,"The ACER1 gene, which encodes the enzyme lysophosphatidic acid acyltransferase, has been implicated in various cellular processes, including lipid metabolism and signaling. Dysregulation of lipid metabolism is a known contributing factor in cancer progression, as altered lipid profiles can affect cell growth, proliferation, and survival. Additionally, ACER1 might influence the levels of lipid mediators that are involved in pathways related to inflammation and cell signaling, which can create a tumor-promoting microenvironment. Some studies suggest that changes in ACER1 expression may correlate with the aggressiveness of certain tumors, indicating a potential role in cancer biology. However, the exact nature of this relationship and the underlying mechanisms remain to be fully elucidated.",0
BEND6,840,0.125,0.125,0.0,0.75,0.0,1.0,0.0,0.0,1.0,0.0,3.0,3.5,0.2575328354365181,1.0,0.112057373375168,0.3573223079975668,428243.8,271.0,0.02255592,0.0,0.0,0.0,0.0,0.0,0.0,0.0,0.0,0.0,0.0,0.0,0.0,0.0,3.0,6.0,0.0,0.0,0.0,0.0,0.0,1.0,1.0,0.0,0.0,0.0,0.0,0.0,11.0,0.0,9.0,21.38590909,132.9885041,21.88701420269522,1.8204614569819408,0.2609913684210526,0.0280990958658423,190.0,-0.2401639344262295,0.0227274901843923,122.0,0.2528473076923077,0.0260224540499629,312.0,2.879210962698588,0.0940000742315544,0.05377184737318,0.0174273443260367,15.969557243567552,1.4204503846443717,"The relationship between the BEND6 gene and cancer is currently unknown. While BEND6 is implicated in chromatin remodeling and gene regulation, its specific role in oncogenesis or tumor progression has not been extensively characterized in the literature. Further research is needed to elucidate any potential mechanisms, including its interaction with other oncogenic pathways or its influence on cellular processes such as apoptosis, proliferation, and differentiation, which are critical in cancer biology.",0
RAD52,1257,0.1428571428571428,0.1428571428571428,0.0,0.7142857142857143,0.0,1.0,0.0,0.0,1.0,0.0,2.5,3.0,0.5503577325261421,1.0,0.4484304932735426,0.8080724598529271,473725.0,289.0,0.04360275,3.131968252466224e-05,40.0,0.0,0.0,0.0,0.0,0.0,0.0,0.0,0.0,0.0,0.0,0.0,6.0,5.0,1.0,0.0,0.0,0.0,0.0,1.0,0.0,0.0,0.0,0.0,2.0,0.0,11.0,0.0,13.0,13.53354545,130.5226063,18.28064469272245,1.068384397222462,0.3505439463601534,0.0785648194124432,261.0,-0.2508132743362833,0.0267449767972187,113.0,0.3204114171122996,0.0648971348733215,374.0,3.2532042666690435,0.0072885014929012,0.0456979269944266,0.0134167001519752,15.739132916308646,2.25332527706414,"The RAD52 gene plays a critical role in homologous recombination and DNA repair processes, and its aberrations have been implicated in cancer susceptibility. Insufficient or dysfunctional RAD52 can lead to the accumulation of DNA double-strand breaks and genomic instability, which are hallmark features of cancer. In certain cancer types, such as breast and ovarian cancers influenced by BRCA1/2 mutations, RAD52 can facilitate alternative DNA repair pathways that may promote cancer cell survival and tumor progression. Additionally, the relationship between RAD52 and tumorigenesis may involve its interactions with other proteins in the DNA damage response network, potentially altering the robustness of cellular recovery after genotoxic stress, thereby influencing cancer development.",0
MPV17,531,0.2222222222222222,0.0,0.0,0.7777777777777778,0.0,1.0,0.0,0.0,1.0,0.0,2.333333333333333,2.333333333333333,1.0,1.0,0.6788866259334692,0.9418201883777958,1245306.0,182.0,0.05165094,6.673715934548957e-05,48.0,0.0,0.0,0.0,0.0,0.0,0.0,0.0,0.0,0.0,0.0,0.0,3.0,8.0,1.0,0.0,0.0,0.0,0.0,1.0,0.0,0.0,2.0,1.0,0.0,0.0,10.0,0.0,11.0,19.529,51.37367667,24.215468684815622,0.7076325530375477,0.2481724888888886,0.0233226750741349,225.0,-0.213067794117647,0.0160797945099868,68.0,0.2400253242320816,0.0218012886564869,293.0,3.4198350632532573,0.0040407567650271,0.111514500398345,0.0145173604745375,20.060674391099585,2.322449260305919,"The relationship between the MPV17 gene and cancer is not entirely elucidated, but some studies suggest a potential link through its role in mitochondrial function. MPV17 is implicated in processes such as mitochondrial DNA maintenance and oxidative stress response. Dysregulation of mitochondrial dynamics can lead to altered apoptosis, promoting tumorigenesis. Additionally, impaired mitochondrial function can result in the accumulation of reactive oxygen species, which may induce genomic instability and facilitate cancer progression. Therefore, while direct evidence connecting MPV17 to specific cancer types is limited, its involvement in critical cellular processes hints at a potential relevance to cancer biology.",0
BTNL8,1503,0.375,0.0,0.0,0.625,0.0,1.0,0.0,0.0,1.0,0.0,1.4285714285714286,1.4285714285714286,1.0,1.0,0.6333122229259025,0.9226040122061464,783856.5,602.0,0.01399916,0.0002707050787009,42.0,0.0,0.0,0.0,0.0,0.0,0.0,0.0,0.0,0.0,0.0,0.0,1.0,9.0,0.0,0.0,0.0,0.0,0.0,6.0,0.0,0.0,0.0,0.0,0.0,0.0,16.0,0.0,15.0,6.3936875,57.55991863,21.88701420269522,1.8204614569819408,0.2951586976744186,0.0291334530188567,214.0,-0.2526729383886256,0.016788427484658,211.0,0.274115281690141,0.0234172905920381,425.0,2.029529220763748,0.6555787809544894,0.111514500398345,0.0145173604745375,20.060674391099585,2.322449260305919,"The BTNL8 gene has been implicated in immune system regulation, particularly in T-cell activation and differentiation. Alterations in BTNL8 expression or function may affect immune responses, which can influence tumorigenesis and cancer progression. For instance, disrupted immune surveillance due to impaired T-cell activity could facilitate the emergence and growth of tumors, as the immune system may be less effective at recognizing and eliminating malignant cells. Moreover, the involvement of BTNL8 in inflammatory pathways suggests that it could play a role in the tumor microenvironment, potentially affecting cancer cell behavior and metastasis through interactions with immune cells. Thus, while a direct causal relationship between BTNL8 and cancer remains to be fully elucidated, its regulatory role in immune processes presents a plausible mechanism by which it could influence cancer development.",0
ENTPD8,1488,0.4444444444444444,0.0,0.0,0.3333333333333333,0.0,1.0,0.1111111111111111,0.0,0.9298966940476158,0.1111111111111111,0.6,1.0,0.4329004329004329,1.0,0.7917656373713381,0.9766348720256168,649122.9543319192,444.4009897808343,0.0198885680771551,0.0,0.0,0.0,0.0,0.0,0.0,0.0,0.0,1.0,0.0,0.0,0.0,0.0,0.0,3.0,0.0,1.0,0.0,0.0,0.0,4.0,0.0,0.0,1.0,0.0,0.0,0.0,8.0,0.0,8.0,7.597,102.2651674,15.722431094406224,0.4362634132767181,0.2638164016874681,0.0370683991865753,190.13201675643327,-0.2623792743604192,0.0349935889004216,187.6534410532616,0.2724842722630945,0.0397860230283488,377.6466786355476,2.448118193391685,0.4106649839998575,0.0443543918538012,0.0116965479823918,20.060674391099585,2.322449260305919,"The ENTPD8 gene, which encodes a nucleotide triphosphate diphosphohydrolase, has been suggested to play a potential role in cancer biology, primarily through its involvement in purinergic signaling. Alterations in nucleotide metabolism can affect cellular proliferation and apoptosis, impacting tumorigenesis. ENTPD8 may influence the extracellular levels of nucleotides, thereby modulating signaling pathways associated with inflammation and immune response, which have implications for tumor microenvironment dynamics. Additionally, dysregulation of purinergic signaling can affect the adenosine pathway, promoting cancer cell survival and proliferation. However, extensive research is necessary to elucidate the precise mechanisms linking ENTPD8 to specific cancer types or stages.",0
FOSB,1017,0.3333333333333333,0.0,0.0,0.6666666666666666,0.0,1.0,0.0,0.0,1.0,0.0,1.0,1.0,1.0,1.0,0.7320644216691069,0.9603856230956064,1259254.0,191.0,0.03895806,1.380845114993846e-06,4.0,0.0,0.0,0.0,0.0,0.0,0.0,0.0,0.0,0.0,0.0,0.0,5.0,2.0,0.0,0.0,0.0,0.0,0.0,1.0,0.0,0.0,0.0,0.0,1.0,0.0,7.0,0.0,8.0,15.37785714,94.15441414,18.12852761096474,1.485416775195647,0.2480135393258428,0.0231631273156509,178.0,-0.2605417964071856,0.0199820100280787,167.0,0.2540779420289855,0.0216000319710431,345.0,3.2760513299857315,0.0903259515227209,0.1088317012744137,0.0115904647721187,18.102543184375254,1.4202808259414117,"Yes, there is a relationship between the FOSB gene and cancer. FOSB is a member of the FOS family of proto-oncogenes, which are known to play a crucial role in cellular proliferation, differentiation, and survival. Abnormal expression of FOSB can lead to dysregulation of these processes, contributing to oncogenesis. Specifically, FOSB may influence tumor cell growth through the activation of signaling pathways such as the MAPK and PI3K/AKT pathways, which are often associated with increased cell survival and proliferation. Additionally, FOSB can interact with other transcription factors and co-factors to modulate the expression of genes involved in cell cycle regulation and apoptosis, further linking its aberrant activity to cancer development and progression.",0
ELF2,1746,0.0,0.25,0.0,0.75,0.0,1.0,0.0,0.0,1.0,0.0,3.0,4.0,0.2782415136338341,1.0,0.4403346543372964,0.8015060603801943,358887.0,261.0,0.0298912,2.299060155077427e-05,10.0,0.0,0.0,0.0,0.0,0.0,0.0,0.0,0.0,0.0,0.0,0.0,2.0,2.0,1.0,0.0,0.0,0.0,0.0,0.0,0.0,0.0,0.0,0.0,0.0,0.0,5.0,0.0,5.0,23.49,76.3372,22.222934871244576,1.1396818060683596,0.2129592771084336,0.0175923959141052,83.0,-0.2665103125,0.0218653010014705,256.0,0.2533989970501475,0.021295775434494,339.0,3.547172981655534,0.002096391534182,0.0651588788461513,0.0108401634099055,22.346610597025776,0.7358407174982549,"The ELF2 gene has been implicated in various biological processes that may relate to cancer development. Emerging evidence suggests that ELF2 plays a role in regulating gene expression and cell differentiation, which are critical for maintaining normal cellular functions and preventing oncogenic transformations. Dysregulation of ELF2 could impact pathways such as proliferation and apoptosis, leading to unchecked cell growth and survival. Additionally, ELF2's involvement in inflammatory responses and immune modulation may influence tumor microenvironments, potentially facilitating tumor progression and metastasis. While direct links between ELF2 mutations or expression levels and specific cancer types are still being investigated, its foundational roles in cellular mechanisms suggest that alterations in ELF2 may contribute to oncogenic processes.",0
RLN1,558,0.1111111111111111,0.0,0.0,0.7777777777777778,0.0,1.0,0.1111111111111111,0.0,0.9298966940476158,0.0,3.5,4.0,1.0,1.0,0.4557885141294439,0.8139135651107741,398278.2,629.0,0.01296301,0.0,0.0,0.0,0.0,0.0,0.0,0.0,0.0,0.0,1.0,0.0,0.0,0.0,0.0,7.0,0.0,0.0,0.0,0.0,1.0,1.0,0.0,0.0,0.0,0.0,1.0,0.0,9.0,0.0,9.0,9.209333333,44.04853375,21.88701420269522,1.8204614569819408,0.2710057988165682,0.0268972151578402,169.0,-0.2947180219780216,0.0348007735712832,364.0,0.2871995121951216,0.0323614794824683,533.0,1.3703276840344014,0.4525328525659732,0.111514500398345,0.0145173604745375,20.060674391099585,2.322449260305919,"The RLN1 gene, which encodes relaxin-1, has been implicated in various cancer-related processes, although the relationship is still being elucidated. Relaxin-1 is involved in tissue remodeling, angiogenesis, and influencing cellular proliferation and differentiation. It may promote tumor progression by enhancing the invasive and metastatic potential of cancer cells through the modulation of extracellular matrix components and the promotion of a supportive microenvironment. Additionally, RLN1 has been shown to influence immune responses, which may affect tumor immune evasion. However, the precise mechanisms through which RLN1 contributes to cancer pathogenesis require further investigation to establish concrete links.",0
CMTM5,471,0.3333333333333333,0.0,0.0,0.6666666666666666,0.0,1.0,0.0,0.0,1.0,0.0,1.0,1.0,1.0,1.0,0.4728132387706856,0.8269762706847477,1220624.0,456.0,0.03144399,0.0003523019434161,46.0,0.0,0.0,0.0,0.0,0.0,0.0,0.0,0.0,0.0,0.0,0.0,5.0,2.0,0.0,0.0,0.0,0.0,0.0,1.0,0.0,0.0,1.0,0.0,0.0,0.0,7.0,0.0,8.0,11.015,136.940984,20.807924478712906,7.354021061847848,0.247573625730994,0.0248494084656002,171.0,-0.2856797499999998,0.0226956421321548,240.0,0.2698253771289537,0.0238869599936988,411.0,1.0143402472490008,0.9496123706716908,0.111514500398345,0.0145173604745375,20.060674391099585,2.322449260305919,"The CMTM5 gene, part of the CKLF-like Marvel protein family, has been implicated in various cancer-related processes, although its exact role is still being elucidated. Studies suggest that CMTM5 may act as a tumor suppressor in certain contexts, with its downregulation correlating with increased cell proliferation and invasion in various cancer types. Mechanistically, CMTM5 has been shown to engage in the regulation of cellular signaling pathways, including those related to the NF-kB and Wnt/β-catenin pathways, both of which play crucial roles in tumorigenesis. Furthermore, CMTM5 can influence cell adhesion and migration, suggesting that it may contribute to the metastatic potential of cancer cells. Overall, while the involvement of CMTM5 in cancer is acknowledged, further research is necessary to fully elucidate its functional contributions and regulatory mechanisms in the cancer context.",0
ATP2A3,3159,0.32,0.0,0.0,0.6,0.0,1.0,0.04,0.0,0.9655458753541288,0.04,1.6666666666666667,1.8888888888888888,0.5399568034557235,1.0,0.1485222040695084,0.4317571379122449,617494.4,268.0,0.03290792,5.6554378469338674e-05,20.0,0.0,0.0,0.0,0.0,0.0,0.0,1.0,0.0,0.0,0.0,0.0,1.0,15.0,0.0,1.0,0.0,0.0,0.0,8.0,0.0,0.0,1.0,0.0,0.0,0.0,25.0,0.0,23.0,19.47064,111.2649233,24.01238345219285,2.530970064174275,0.2454503370786517,0.0373039683192032,89.0,-0.2769975175644028,0.0202626663271563,427.0,0.2715562403100774,0.0232775584223421,515.0,3.324153864241877,0.0627614272259198,0.0762172071351277,0.0108386937989333,17.953486532121726,1.8015361344776453,"The ATP2A3 gene encodes a calcium pump that plays a crucial role in cellular calcium homeostasis. Dysregulation of calcium signaling is implicated in various cancer-related processes, including cell proliferation, apoptosis, and metastatic behavior. Aberrant expression or mutation of ATP2A3 may lead to disrupted calcium levels within cells, which can influence oncogenic signaling pathways, alter the tumor microenvironment, and facilitate tumor progression. Additionally, calcium signaling can modulate key transcription factors and signaling cascades associated with cancer, thereby linking ATP2A3 to potential oncogenic mechanisms. Although the explicit relationship between ATP2A3 and specific cancer types requires further investigation, its role in calcium regulation positions it as a potential contributor to cancer biology.",0
STEAP1B,1029,0.5,0.0,0.0,0.5,0.0,1.0,0.0,0.0,1.0,0.0,0.8,0.8,1.0,1.0,0.3960396039603961,0.7628677476147816,649122.9543319192,444.4009897808343,0.0198885680771551,0.0,0.0,0.0,0.0,0.0,0.0,0.0,0.0,0.0,0.0,0.0,0.0,0.0,4.0,3.0,0.0,0.0,0.0,0.0,0.0,4.0,1.0,0.0,0.0,0.0,0.0,0.0,12.0,0.0,11.0,10.0785,59.18813173,21.88701420269522,1.8204614569819408,0.3058969503546101,0.0265050833146112,423.0,-0.2638984615384614,0.0221526529768231,78.0,0.2993582634730539,0.0260141231387784,501.0,2.546556810218336,0.1688183418956634,0.2900455175265093,0.0493770534422734,20.060674391099585,2.322449260305919,"The STEAP1B gene, part of the STEAP family, encodes a protein implicated in several cellular processes, including metal ion transport and cellular signaling. Alterations in the expression of STEAP1B have been associated with various cancers, particularly prostate cancer, where it is suggested to play a role in tumor progression and metastasis. The potential mechanisms include modulation of cell proliferation and survival pathways, as well as involvement in the epithelial-mesenchymal transition (EMT), which is crucial for metastasis. Moreover, the gene may influence the tumor microenvironment through interactions with immune cells, potentially affecting cancer immunology. These factors collectively suggest that STEAP1B may contribute to oncogenic processes, although further research is necessary to clarify the exact pathways involved.",0
FZD1,1944,0.25,0.0,0.0,0.6875,0.0,1.0,0.0,0.0625,1.0,0.0,2.2,2.4,1.0,1.0,0.1896094046264694,0.5048898536084747,64493.08,946.0,-0.0019405929999999,3.627920036229005e-06,4.0,0.0,0.0,0.0,0.0,0.0,0.0,0.0,0.0,0.0,0.0,1.0,0.0,11.0,0.0,0.0,0.0,0.0,0.0,4.0,0.0,0.0,0.0,0.0,1.0,0.0,15.0,0.0,16.0,22.70873333,88.5563035,21.99487056750593,0.7458877721555754,0.311895392156863,0.0356317161344895,408.0,-0.2426089705882352,0.0127996692601185,68.0,0.3019973319327733,0.0329252488124453,476.0,3.476899338161927,0.0192273233597978,0.0438999693722239,0.0061401361115164,20.060674391099585,2.322449260305919,"Yes, there is a relationship between the FZD1 gene and cancer. FZD1, encoding a member of the Frizzled family of receptors, is involved in the Wnt signaling pathway, which plays a critical role in cell proliferation, differentiation, and apoptosis. Dysregulation of Wnt signaling, often due to mutations or altered expression of FZD genes, has been implicated in various cancers. For instance, overexpression of FZD1 can lead to aberrant Wnt signaling activation, promoting tumor growth and metastasis by enhancing oncogenic transcriptional programs and stemness properties of cancer cells. Additionally, alterations in FZD1 expression have been associated with specific tumor types, suggesting a potential role in tumorigenesis and cancer progression.",0
MTRNR2L6,75,1.0,0.0,0.0,0.0,0.0,1.0,0.0,0.0,1.0,0.0,0.0,0.0,1.0,1.0,1.0,1.0,649122.9543319192,444.4009897808343,0.0198885680771551,0.0,0.0,0.0,0.0,0.0,0.0,0.0,0.0,0.0,0.0,0.0,0.0,0.0,0.0,0.0,0.0,0.0,0.0,0.0,0.0,1.0,0.0,0.0,0.0,0.0,0.0,0.0,1.0,0.0,1.0,2.764,0.0,21.88701420269522,1.8204614569819408,0.2996651841359775,0.0262173581790143,353.0,-0.2493835593220339,0.020371254298334,118.0,0.2870680891719743,0.0251819954895324,471.0,2.176824991554534,2.007257695171008,0.111514500398345,0.0145173604745375,20.060674391099585,2.322449260305919,"The relationship between the MTRNR2L6 gene and cancer is not well established, but there are indications that it may play a role in tumor biology. MTRNR2L6 encodes a mitochondrial ribosomal RNA component, which has been implicated in mitochondrial function and energy metabolism—both of which are critical in cancer cell proliferation and survival. Alterations in mitochondrial activity can lead to shifts in the metabolic pathways of cancer cells, promoting the Warburg effect, where cells preferentially produce energy through glycolysis even in the presence of oxygen. Additionally, mitochondrial dysfunction may influence the apoptotic pathways, providing cancer cells with enhanced survival capabilities. Therefore, while direct links between MTRNR2L6 and specific cancer types remain to be fully elucidated, mitochondrial dynamics and metabolism are key areas where this gene may exert influence in the context of oncogenesis.",0
CXCR3,1248,0.3846153846153846,0.0769230769230769,0.0,0.5384615384615384,0.0,1.0,0.0,0.0,1.0000000000000002,0.0,1.1666666666666667,1.3333333333333333,0.3435245620061834,1.0,0.6702412868632708,0.9384165561538668,947641.8,444.4009897808343,0.05209773,2.8650833344768336e-05,6.0,0.0,0.0,0.0,0.0,0.0,0.0,0.0,0.0,0.0,0.0,0.0,1.0,7.0,1.0,0.0,0.0,0.0,0.0,5.0,0.0,0.0,0.0,0.0,0.0,0.0,14.0,0.0,12.0,13.55221429,135.156578,21.88701420269522,1.8204614569819408,0.2195145744680851,0.0159440118250858,94.0,-0.2799979259259259,0.0275341206568601,135.0,0.2551706986899563,0.0235749379196851,229.0,2.629181966304739,0.1553913076652187,0.111514500398345,0.0145173604745375,17.496801576327712,0.8591105922987851,"Yes, there is a relationship between the CXCR3 gene and cancer. CXCR3 encodes a chemokine receptor that plays a crucial role in immune responses, particularly in the trafficking of T cells to sites of inflammation and tumors. Several studies have demonstrated that CXCR3 is involved in the recruitment of immune effector cells, such as cytotoxic T lymphocytes, to the tumor microenvironment. The expression levels of CXCR3 and its ligands, CXCL9, CXCL10, and CXCL11, have been shown to correlate with the presence and progression of various malignancies. Moreover, increased CXCR3 signaling can influence tumor growth and metastasis by modulating the immune landscape and promoting an anti-tumorigenic response. However, the role of CXCR3 can also be context-dependent; in some cases, its activation may contribute to tumor escape mechanisms, underscoring the complexity of its involvement in cancer biology.",0
SNRPN,723,0.0869565217391304,0.0,0.0,0.8695652173913043,0.0,1.0,0.0434782608695652,0.0,0.9807769800471736,0.0,6.666666666666667,7.0,1.0,1.0,0.0835142809420411,0.2908583290882879,649122.9543319192,444.4009897808343,0.0198885680771551,3.067457127268314e-05,24.0,0.0,0.0,3.0,0.0,0.0,0.0,1.0,0.0,0.0,0.0,0.0,0.0,19.0,0.0,0.0,0.0,0.0,0.0,2.0,1.0,0.0,1.0,0.0,0.0,0.0,25.0,0.0,26.0,23.12568,31.51941489,19.07607435347882,1.677818975536627,0.294630882352941,0.1118899327544337,68.0,-0.2757655254237286,0.0253518304907944,292.0,0.2792995316804406,0.0413528491553049,360.0,3.5253609078272,0.0207413450506209,0.6030767601741497,0.0259197532565034,20.060674391099585,2.322449260305919,"The SNRPN gene, which plays a critical role in the regulation of small nuclear ribonucleoproteins and is involved in the processing of pre-mRNA, has been implicated in certain cancer contexts, particularly through its association with genomic imprinting and the regulation of gene expression. Dysregulation of SNRPN may lead to aberrant expression of imprinted genes, potentially contributing to tumorigenesis. Moreover, its involvement in alternative splicing can affect the production of proteins that are crucial in cell cycle regulation, apoptosis, and cellular stress responses, thereby influencing cancer progression. Changes in these pathways may facilitate oncogenic processes such as uncontrolled proliferation and evasion from cell death, linking SNRPN to cancer biology.",0
UTP14A,2316,0.1176470588235294,0.0588235294117647,0.0,0.7647058823529411,0.0,1.0,0.0588235294117647,0.0,0.9712175832802088,0.0,4.333333333333333,5.0,0.8912655971479501,1.0,0.3215434083601286,0.6863738669424897,379882.8,444.4009897808343,0.0348302,0.0002408217243264,101.0,0.0,0.0,0.0,0.0,0.0,0.0,1.0,0.0,0.0,0.0,0.0,2.0,13.0,1.0,0.0,0.0,0.0,0.0,2.0,0.0,0.0,1.0,0.0,0.0,0.0,18.0,0.0,12.0,17.71005556,88.39373723,23.19400727583988,0.3361143932424866,0.2398816393442621,0.0212209613807614,122.0,-0.3092599130434781,0.0875222531535011,115.0,0.2735462025316456,0.0543653181295859,237.0,3.4441848167038547,0.0078597386219242,0.2375108150229969,0.0604843329600707,24.175672450667925,1.0522996289081574,"The UTP14A gene is implicated in several cellular processes, including ribosome biogenesis and pre-rRNA processing. Alterations in these processes can affect cell proliferation and genomic stability, which are crucial in cancer development. Dysregulation of UTP14A has been observed in various cancer types, where it may contribute to tumorigenesis by promoting uncontrolled cell growth or influencing the cellular response to stress. Additionally, UTP14A’s role in modulating the interactions between ribosomal proteins and rRNA can affect protein synthesis, potentially enhancing the expression of oncogenes or suppressing tumor suppressor genes. Overall, the involvement of UTP14A in cell growth regulation and its potential role in maintaining ribosomal integrity may establish a link between its dysregulation and cancer pathogenesis.",0
RETN,327,0.4285714285714285,0.0,0.1428571428571428,0.2857142857142857,0.0,1.0,0.1428571428571428,0.0,0.8982265179691364,0.0,0.5,1.0,0.2701972439881113,1.0,0.6056935190793459,0.9093768412707396,688482.2,384.0,0.03076278,0.0,3.0,0.0,0.0,0.0,0.0,0.0,0.0,1.0,0.0,0.0,0.0,0.0,0.0,2.0,0.0,0.0,0.0,0.0,0.0,3.0,1.0,0.0,1.0,0.0,0.0,0.0,6.0,0.0,6.0,9.814166667,145.436691,23.76059748804777,2.9977400527087337,0.2998702054794522,0.0548835481316815,146.0,-0.2384746610169491,0.0172672398700973,236.0,0.2619399738219894,0.0324302176989494,382.0,1.6272334056938915,0.7920204340716872,0.111514500398345,0.0145173604745375,20.060674391099585,2.322449260305919,"The RETN gene, which encodes the resistin protein, has been implicated in various biological processes, including inflammation and insulin resistance, both of which can contribute to cancer pathogenesis. Resistin is associated with the modulation of immune responses and has been shown to influence the tumor microenvironment by promoting the activation of inflammatory pathways. Increased levels of resistin have been correlated with obesity, a well-established risk factor for multiple cancers. Furthermore, resistin may also facilitate tumor progression through the promotion of angiogenesis and the modulation of cell proliferation and migration in certain cancer types. These interactions suggest that dysregulation of the RETN gene's expression or function could play a role in cancer development and progression.",0
EIF4A3,1236,0.3333333333333333,0.0,0.0,0.6666666666666666,0.0,1.0,0.0,0.0,1.0,0.0,1.5,1.5,1.0,1.0,0.0626684213824653,0.2362535316430588,674340.1,219.0,0.02211707,0.0010123489062113,248.0,0.0,0.0,0.0,0.0,0.0,0.0,0.0,0.0,0.0,0.0,0.0,0.0,6.0,0.0,0.0,0.0,0.0,0.0,3.0,0.0,0.0,0.0,0.0,0.0,0.0,9.0,0.0,9.0,20.61544444,129.4568173,27.403698204286727,0.3333240223639378,0.2731813414634149,0.0250500089839073,246.0,-0.2294994852941176,0.0134230888419553,136.0,0.2576296858638747,0.0213031054849404,382.0,3.5877473001555207,0.003961960026525,0.0389891360849713,0.0107535832715081,19.284992538252467,1.9522946353961137,"Yes, there is a relationship between the EIF4A3 gene and cancer. EIF4A3 encodes a member of the eukaryotic initiation factor 4A (eIF4A) family, which is involved in the regulation of mRNA translation. Aberrant expression or mutations in EIF4A3 can lead to altered mRNA processing and translation, influencing oncogenic pathways and tumor suppression mechanisms. Specifically, EIF4A3 has been implicated in the regulation of genes associated with cell proliferation, apoptosis, and metastasis. Its role in spliceosomal functions also highlights its significance in alternative splicing, which can result in the production of cancer-related isoforms of proteins. Consequently, dysregulation of EIF4A3 can contribute to the pathogenesis of various cancers by promoting a favorable environment for tumor growth and progression.",0
CYP26B1,1539,0.1111111111111111,0.0,0.0,0.8888888888888888,0.0,1.0,0.0,0.0,1.0,0.0,4.0,4.0,1.0,1.0,0.5099439061703213,0.8533679486049002,72897.62,411.0,-0.0054243619999999,0.0,2.0,0.0,0.0,3.0,0.0,0.0,0.0,0.0,0.0,0.0,0.0,0.0,1.0,7.0,0.0,0.0,0.0,0.0,0.0,1.0,1.0,0.0,1.0,0.0,0.0,0.0,12.0,0.0,13.0,22.84758333,93.75657917,21.88701420269522,1.8204614569819408,0.239405789473684,0.0209088291786691,228.0,-0.2150771111111112,0.0140705743982828,45.0,0.2353955677655677,0.0198075512902095,273.0,2.7296115824617524,0.1757988249492847,0.1184885822982519,0.0110857068046528,20.060674391099585,2.322449260305919,"The CYP26B1 gene encodes an enzyme involved in the oxidative metabolism of retinoic acid, a metabolite of vitamin A that plays critical roles in cell proliferation, differentiation, and apoptosis. Dysregulation of CYP26B1 can lead to altered retinoic acid levels, which may disrupt normal signaling pathways and contribute to oncogenesis. Overexpression of CYP26B1 has been implicated in certain cancers, as it can result in reduced retinoic acid availability, thereby impairing its tumor-suppressive functions. Furthermore, the enzyme's role in modulating the cellular microenvironment through retinoic acid catabolism may influence tumor progression and immune cell regulation, suggesting a multifaceted relationship between CYP26B1 and cancer development. However, the exact mechanisms and their clinical implications continue to be an active area of investigation.",0
F11R,900,0.4,0.2,0.0,0.3,0.0,1.0,0.1,0.0,0.8568636235841013,0.0,0.6,1.2,0.1637733377006223,1.0,0.9066183136899364,0.9954974979794792,777836.0,441.0,0.01878483,2.1197854459701545e-05,11.0,0.0,0.0,0.0,0.0,0.0,0.0,1.0,0.0,0.0,0.0,0.0,0.0,3.0,2.0,0.0,0.0,0.0,0.0,3.0,1.0,0.0,1.0,0.0,0.0,0.0,9.0,0.0,9.0,19.04922222,216.0840824,25.424826482868905,1.1044298056661217,0.288730897755611,0.027374074759692,401.0,-0.1874474193548387,0.0073053953664516,31.0,0.2814628703703705,0.0265985622594912,432.0,3.7427367819781097,0.0148126059510009,0.0835418316169102,0.0129170229876582,25.27452382822032,1.6056126727990272,"The F11R gene, which encodes the Junctional Adhesion Molecule A (JAM-A), has been implicated in various aspects of tumor biology. This protein is involved in the regulation of tight junctions and cellular adhesion, which can influence tumor progression and metastasis. In several cancers, altered expression of JAM-A has been associated with enhanced cell proliferation, increased migration, and invasion capability of tumor cells. Additionally, JAM-A may play a role in modulating immune responses within the tumor microenvironment, potentially impacting immune evasion mechanisms. Dysregulation of F11R could contribute to the promotion of an inflammatory milieu that supports tumor growth and progression. Thus, the interplay between F11R expression and cancer pathophysiology is an area of active investigation, with potential implications for understanding tumor aggressiveness and progression.",0
TNRC18,8907,0.2247191011235955,0.0224719101123595,0.0112359550561797,0.5056179775280899,0.0,1.0,0.2359550561797752,0.0,0.8090726872257266,0.0,2.142857142857143,3.2857142857142856,0.7042253521126759,1.0,0.3435245620061834,0.7105794107741279,1893797.0,256.0,0.01442919,7.904697338713141e-07,3.0,1.0,9.0,0.0,0.0,0.0,0.0,18.0,3.0,0.0,0.0,0.0,2.0,45.0,2.0,0.0,0.0,0.0,0.0,19.0,2.0,0.0,20.0,1.0,5.0,0.0,75.0,0.0,79.0,16.6216,104.7895063,21.76761815333134,1.2154661263588045,0.298876806930693,0.023886958423774,404.0,-0.3203274400000001,0.0520096578417806,125.0,0.3039454820415877,0.0305294834058751,528.0,3.60802970204246,0.0177544209077477,0.10789925334174,0.0142796048496584,23.7949919849654,0.4203172970596018,"The TNRC18 gene has been implicated in various oncogenic processes, although its precise role in cancer remains to be fully elucidated. Some studies suggest that TNRC18 may be involved in cellular signaling pathways that regulate proliferation and apoptosis, potentially influencing tumorigenesis. Additionally, its expression levels have been associated with specific cancer types, indicating a correlation that may reflect its involvement in cancer cell dynamics. Mechanistically, TNRC18 might interact with transcriptional regulators or participate in RNA processing, thereby influencing gene expression profiles that can promote malignant transformation. Further research is needed to clarify the exact contributions and pathways associated with TNRC18 in the context of cancer biology.",0
EPHA10,3027,0.3333333333333333,0.0277777777777777,0.0,0.5833333333333334,0.0,1.0,0.0555555555555555,0.0,0.9744522003014392,0.0,1.6153846153846154,1.8461538461538465,0.8481764206955047,1.0,0.4589261128958238,0.8163680844251869,445059.7,375.0,0.02995554,9.483475830672716e-07,4.0,1.0,0.0,0.0,0.0,0.0,0.0,2.0,0.0,0.0,0.0,0.0,0.0,22.0,1.0,0.0,0.0,0.0,0.0,12.0,1.0,0.0,2.0,2.0,0.0,0.0,35.0,0.0,37.0,18.92674286,110.2373184,21.88701420269522,1.8204614569819408,0.3056284732824426,0.0780157497253435,131.0,-0.2394257058823529,0.0165384109086703,170.0,0.2682382059800663,0.0442043611301041,301.0,3.156804883128619,0.155805015618748,0.288107315542069,0.0470109108679578,20.060674391099585,2.322449260305919,"The EPHA10 gene, a member of the Eph receptor tyrosine kinase family, has been implicated in various cellular processes, including cell adhesion, migration, and proliferation. Alterations in EPHA10 expression or function may contribute to cancer progression through mechanisms such as promoting tumor cell invasiveness and metastasis, mediating interactions between tumor cells and the surrounding stroma, and affecting angiogenesis. Additionally, dysregulation of Eph kinases has been associated with epithelial-to-mesenchymal transition (EMT), a crucial step in the metastatic cascade, suggesting that EPHA10 may play a role in facilitating cancer cell dissemination and resistance to therapies. Overall, the relationship between EPHA10 and cancer is emerging, warranting further investigation to elucidate the specific mechanisms involved.",0
CAT,1584,0.2,0.0,0.2,0.6,0.0,1.0,0.0,0.0,1.0,0.0,1.5,2.0,0.2663115845539281,1.0,0.3400204012240734,0.7068172932920291,653478.0,256.0,0.02328313,0.0001384874796479,42.0,0.0,0.0,0.0,0.0,0.0,0.0,0.0,0.0,0.0,0.0,0.0,0.0,2.0,0.0,0.0,0.0,0.0,0.0,1.0,2.0,0.0,0.0,0.0,0.0,0.0,5.0,0.0,5.0,24.8242,155.1966282,21.88701420269522,1.8204614569819408,0.2696498709677419,0.049486394379204,155.0,-0.2494705063291139,0.0160471472723534,158.0,0.2594634824281146,0.0326031021080261,313.0,3.6177498818039897,0.0074613979110733,0.0988442385291519,0.0144032722564719,20.060674391099585,2.322449260305919,"The CAT gene, which encodes the enzyme catalase, plays a crucial role in the detoxification of hydrogen peroxide, a reactive oxygen species (ROS) that can cause oxidative damage to cellular components, including DNA. Alterations in CAT expression or activity may lead to an accumulation of ROS, contributing to genomic instability and promoting carcinogenesis. Furthermore, oxidative stress resulting from impaired catalase function can activate various signaling pathways, including those related to inflammation and cell proliferation, further facilitating tumor development. While the exact relationship between CAT gene alterations and specific cancer types requires more investigation, its involvement in oxidative stress management underscores its potential relevance in cancer biology.",0
RASIP1,2892,0.2307692307692307,0.1153846153846153,0.0,0.5769230769230769,0.0,1.0,0.0769230769230769,0.0,0.9050036463803912,0.0,2.142857142857143,2.857142857142857,0.05005005005005,1.0,0.5743825387708213,0.8928544863791223,1635420.0,190.0,0.04364473,9.79596500590365e-07,4.0,0.0,0.0,0.0,0.0,0.0,0.0,2.0,0.0,0.0,0.0,0.0,0.0,14.0,3.0,0.0,0.0,0.0,0.0,6.0,1.0,0.0,2.0,0.0,0.0,0.0,24.0,0.0,25.0,20.95941667,105.4914669,24.06068469171087,1.8244050944357355,0.244395260115607,0.0193109306785656,173.0,-0.2588925730994152,0.0200019029792225,171.0,0.251601773255814,0.0196497894210446,344.0,3.042947742570664,0.0368195250660811,0.111514500398345,0.0145173604745375,24.900978258934227,2.3108919326474955,"The RASIP1 gene has been implicated in cancer through its roles in regulating cellular processes such as endocytosis and cytoskeletal dynamics. It is known to interact with RAS signaling pathways, which are frequently associated with oncogenesis. Alterations in RASIP1 expression or function may influence cell proliferation, migration, and invasion, thereby contributing to tumorigenesis. Additionally, RASIP1 has been suggested to affect angiogenesis, a critical component in tumor growth and metastasis, by modulating endothelial cell functions. Collectively, these mechanisms highlight a potential relationship between RASIP1 and cancer progression, warranting further investigation into its role in specific malignancies.",0
IVL,1758,0.4,0.1,0.0,0.5,0.0,1.0,0.0,0.0,0.976862178684024,0.0,1.1111111111111112,1.3333333333333333,0.927643784786642,1.0,0.835421888053467,0.9856461374902558,59998.77,804.0,0.01218269,3.708857950625864e-05,20.0,0.0,0.0,1.0,0.0,0.0,0.0,0.0,0.0,0.0,0.0,0.0,0.0,10.0,2.0,0.0,0.0,0.0,0.0,8.0,0.0,0.0,0.0,0.0,0.0,0.0,21.0,0.0,21.0,7.739714286,103.5418997,23.890100005459903,8.32048712218201,0.3106982142857144,0.0418544053257033,392.0,-0.1789921052631579,0.0057726958927453,38.0,0.299059069767442,0.0400456345772212,430.0,1.4868331309735874,2.0179312497073427,0.111514500398345,0.0145173604745375,18.535124546044973,6.110014585919448,"Yes, there is a relationship between the IVL gene and cancer. The IVL gene, which encodes for involucrin, a protein that plays a crucial role in keratinocyte differentiation and the formation of the skin barrier, has been linked to various cancer types, particularly skin cancers. Alterations in the IVL gene expression can affect cell proliferation, apoptosis, and differentiation in epithelial tissues. Mechanistically, reduced expression of IVL has been implicated in the dysregulation of keratinocyte homeostasis, leading to increased cell proliferation and impaired differentiation, which are hallmarks of cancer development. Furthermore, changes in the IVL pathway may influence inflammatory responses and tumor microenvironment interactions, contributing to tumor progression and metastasis. Overall, the IVL gene may play a significant role in epithelial tumorigenesis through these interconnected mechanisms.",0
MGLL,942,0.5714285714285714,0.0,0.0,0.4285714285714285,0.0,1.0,0.0,0.0,1.0,0.0,0.6,0.6,1.0,1.0,0.8802816901408451,0.9925293312490842,587659.3,313.0,0.05120292,1.8527432825612952e-07,4.0,0.0,0.0,0.0,0.0,0.0,0.0,0.0,0.0,0.0,0.0,0.0,2.0,5.0,0.0,0.0,0.0,0.0,0.0,4.0,0.0,0.0,0.0,1.0,0.0,0.0,10.0,0.0,11.0,9.1398,78.96068818,24.935420894993293,1.809167613051209,0.2696502675585285,0.0273925218616731,299.0,-0.2458660000000001,0.0197871665370212,95.0,0.2639154822335025,0.0256075014558737,394.0,3.5817361540314088,0.0214934367461544,0.074990114350571,0.0105722259907885,20.608905453806404,2.5330731638530453,"Yes, there is a relationship between the MGLL gene and cancer. MGLL encodes monoacylglycerol lipase, an enzyme involved in lipid metabolism, particularly the hydrolysis of monoacylglycerols to glycerol and free fatty acids. Dysregulation of this enzyme can lead to altered endocannabinoid signaling pathways, which have been implicated in cancer progression and metastasis. Increased MGLL activity may promote tumor growth by enhancing the availability of free fatty acids that fuel cellular proliferation and by modulating inflammatory responses within the tumor microenvironment. Additionally, the endocannabinoid system, where MGLL plays a critical role, has been shown to influence tumor angiogenesis and immune evasion, further linking MGLL to cancer biology. Therefore, alterations in MGLL expression or activity could contribute to tumorigenesis through various mechanisms, including metabolic reprogramming and immunomodulation.",0
C16ORF71,1563,0.3076923076923077,0.0,0.0,0.6153846153846154,0.0,1.0,0.0769230769230769,0.0,1.0000000000000002,0.0,1.6,1.8,1.0,1.0,0.7002801120448179,0.949772313667642,717235.2,194.0,0.03539135,0.0,0.0,0.0,0.0,0.0,0.0,0.0,0.0,1.0,0.0,0.0,0.0,0.0,0.0,8.0,0.0,0.0,0.0,0.0,0.0,4.0,0.0,0.0,1.0,0.0,0.0,0.0,12.0,0.0,13.0,8.990166667,70.00382615,15.426933940859522,0.7753449693614264,0.2502484263959392,0.0234482776225111,196.0,-0.2563247142857142,0.0221776292653854,140.0,0.2527727002967359,0.0228618288995319,336.0,2.394280607998785,0.1482213086686277,0.0699066317332137,0.0097501748653387,20.060674391099585,2.322449260305919,"The relationship between the C16ORF71 gene and cancer is not well established; however, emerging studies suggest potential involvement in tumorigenesis. C16ORF71 may play a role in cellular processes such as regulation of cell proliferation, apoptosis, or DNA repair, which are critical factors in cancer development. Altered expression or mutations in this gene could disrupt normal cellular homeostasis, potentially leading to aberrant signaling pathways that promote tumor growth or resistance to cell death. More research is needed to elucidate the precise mechanisms and any potential implications in various cancer types.",0
WDR46,1833,0.0,0.125,0.0,0.875,0.0,1.0,0.0,0.0,1.0,0.0,7.0,8.0,0.6510416666666666,1.0,0.7680491551459293,0.9707385128927628,1456953.0,262.0,0.03001948,9.151436937007352e-09,4.0,0.0,0.0,0.0,0.0,0.0,0.0,0.0,0.0,0.0,0.0,0.0,0.0,7.0,1.0,0.0,0.0,0.0,0.0,0.0,0.0,0.0,0.0,0.0,0.0,0.0,8.0,0.0,6.0,18.687875,59.8437047,23.08948010187219,0.4027774144231372,0.2458582777777777,0.0178730304232743,180.0,-0.2390960740740741,0.0163901129404422,135.0,0.2429601904761903,0.0171945067579253,315.0,3.481991854632439,0.0028337613235428,0.0768390545002494,0.0019915160819911,19.30100890505961,1.0433275723092743,"The relationship between the WDR46 gene and cancer is still not fully elucidated, but emerging evidence suggests that it may play a role in tumorigenesis. WDR46 is involved in cellular processes such as protein stability, cellular signaling, and ribosome biogenesis, which are crucial for maintaining cellular homeostasis. Dysregulation of these processes can lead to uncontrolled cell proliferation and survival, contributing to cancer development. Aberrant expression of WDR46 has been linked to certain types of malignancies, potentially through mechanisms involving its interaction with cellular pathways that regulate apoptosis and the cell cycle. Further research is needed to clarify its specific contributions to oncogenic processes.",0
LRRC74A,1467,0.3846153846153846,0.0,0.0,0.6153846153846154,0.0,1.0,0.0,0.0,1.0000000000000002,0.0,1.3333333333333333,1.3333333333333333,1.0,1.0,0.115326951908661,0.3644313371462372,357783.0,370.0,0.04100576,0.0,0.0,0.0,0.0,0.0,0.0,0.0,0.0,0.0,0.0,0.0,0.0,0.0,4.0,9.0,0.0,0.0,0.0,0.0,0.0,3.0,1.0,0.0,0.0,1.0,0.0,0.0,16.0,0.0,12.0,9.07475,98.1669662,21.88701420269522,1.8204614569819408,0.2638164016874681,0.0370683991865753,190.13201675643327,-0.2623792743604192,0.0349935889004216,187.6534410532616,0.2724842722630945,0.0397860230283488,377.6466786355476,0.4569052249837806,0.3618132133791214,0.111514500398345,0.0145173604745375,20.060674391099585,2.322449260305919,"The relationship between the LRRC74A gene and cancer is not well-defined, with limited direct evidence connecting it to oncogenesis. However, LRRC74A is implicated in cellular processes such as signaling pathways and cellular adhesion, which can influence cancer progression and metastasis. Alterations in genes involved in these pathways may disrupt normal cellular functions, potentially leading to increased cell proliferation, survival, and invasive capabilities typical of tumor cells. Additionally, aberrant expression of LRRC74A could affect the tumor microenvironment, thereby influencing cancer cell behavior and immune responses. Further research is needed to elucidate the precise mechanisms by which LRRC74A may contribute to cancer biology.",0
ZKSCAN4,1638,0.1818181818181818,0.0909090909090909,0.0,0.5454545454545454,0.0,1.0,0.1818181818181818,0.0,0.8750481154569111,0.0,2.0,3.0,0.8090614886731392,1.0,0.7012622720897616,0.950121544173986,273319.3,502.0,0.03471911,1.2442946687149902e-05,15.0,0.0,0.0,0.0,0.0,0.0,0.0,1.0,1.0,0.0,0.0,0.0,1.0,7.0,1.0,0.0,0.0,0.0,0.0,2.0,0.0,0.0,1.0,1.0,1.0,0.0,10.0,0.0,12.0,14.3776,106.442408,19.255624681518768,1.170036105167107,0.2597219565217391,0.0231916273010691,184.0,-0.2368692592592593,0.0155329649457158,135.0,0.2500507523510972,0.0200193443692435,319.0,3.2247052524534285,0.0044526094130433,0.111514500398345,0.0145173604745375,20.37074482555668,1.605770622469618,"The ZKSCAN4 gene has been implicated in various cellular processes that may relate to cancer biology, although the exact mechanisms remain under investigation. It encodes a zinc finger transcription factor that can influence gene expression associated with cell proliferation, differentiation, and apoptosis. Dysregulation or altered expression of ZKSCAN4 may disrupt normal cellular homeostasis, potentially fostering an environment conducive to tumorigenesis. Research suggests that ZKSCAN4 might interact with signaling pathways involved in cancer progression, such as those related to cell cycle regulation and stress responses, which could contribute to its role in oncogenesis. However, further studies are necessary to elucidate the precise mechanisms linking ZKSCAN4 to specific cancer types.",0
MEF2B,1107,0.3333333333333333,0.1111111111111111,0.0,0.5555555555555556,0.0,1.0,0.0,0.0,0.9298966940476158,0.0,1.25,1.5,0.390625,1.0,0.9940357852882704,0.999982178605912,1260413.0,215.0,0.03529643,1.6137737500378794e-07,3.0,1.0,0.0,0.0,0.0,0.0,0.0,0.0,0.0,0.0,0.0,0.0,0.0,6.0,0.0,0.0,0.0,0.0,0.0,3.0,0.0,0.0,0.0,0.0,0.0,0.0,10.0,0.0,10.0,16.8846,81.37717249,16.353128831780904,1.7159391377101187,0.2893138216560509,0.0332334068827371,157.0,-0.2389275700934578,0.0244247654222368,212.0,0.2602500539083557,0.0286940528535105,369.0,2.80755191065383,0.054258664992944,0.1679880213132465,0.0226036889990652,19.291053796269058,1.2286230136562286,"Yes, there is a relationship between the MEF2B gene and cancer. MEF2B, a member of the MEF2 family of transcription factors, has been implicated in various malignancies. It plays a crucial role in cellular differentiation, proliferation, and survival. Dysregulation of MEF2B can result from genetic alterations such as mutations or chromosomal rearrangements, leading to aberrant expression that may promote oncogenic pathways. For instance, overexpression of MEF2B has been associated with enhanced tumor cell proliferation and survival in certain cancers, potentially through the modulation of downstream targets involved in apoptosis and cell cycle regulation. Moreover, MEF2B's interaction with signaling pathways, such as those involving MYC and MAPK, further underscores its role as a potential contributor to tumorigenesis.",0
TFG,1203,0.1666666666666666,0.0,0.0,0.8333333333333334,0.0,1.0,0.0,0.0,1.0,0.0,2.5,2.5,1.0,1.0,0.1954652071931196,0.5145373111252144,345617.9,509.0,0.01629311,0.0005391087363138,73.0,0.0,0.0,0.0,0.0,0.0,0.0,0.0,0.0,0.0,0.0,0.0,0.0,5.0,0.0,0.0,0.0,0.0,0.0,1.0,0.0,0.0,0.0,0.0,0.0,0.0,6.0,0.0,6.0,25.27766667,76.76347267,27.29577941406642,0.2369013507799399,0.2518567491166077,0.0268702173872666,283.0,-0.2654410256410257,0.0204658981972148,117.0,0.2558301499999999,0.0249792497212807,400.0,3.624376772614293,0.0042436569837555,0.0434258698860132,0.0076573379724728,24.10977896639293,0.9050590452787006,"The TFG gene, which encodes a protein involved in cellular processes such as protein transport and the regulation of endoplasmic reticulum functions, has been implicated in several cancer-related pathways. Alterations in TFG expression or function can disrupt cellular homeostasis and lead to increased cellular stress, potentially driving oncogenic processes. Additionally, TFG has been associated with the formation of specific protein complexes that may contribute to the regulation of pathways involved in cell proliferation and survival. Dysregulation of these pathways can result in enhanced tumorigenesis, suggesting a potential relationship between TFG and various types of cancer. Further studies are needed to elucidate the precise mechanisms and implications of TFG involvement in cancer biology.",0
ADAD2,1998,0.3225806451612903,0.0,0.032258064516129,0.5806451612903226,0.0,1.0,0.064516129032258,0.0,0.9690396871254086,0.0,1.6363636363636365,1.9090909090909087,0.5938242280285035,1.0,0.6531678641410843,0.9313658502126366,582429.2,364.0,0.01169003,0.0,1.0,0.0,0.0,0.0,0.0,0.0,0.0,2.0,0.0,0.0,0.0,0.0,2.0,18.0,0.0,0.0,0.0,0.0,0.0,10.0,1.0,0.0,2.0,0.0,0.0,0.0,31.0,0.0,29.0,10.27093548,99.8259476,21.88701420269522,1.8204614569819408,0.2306765333333333,0.0156702864456196,150.0,-0.2981380737704919,0.0304644489110892,244.0,0.2724547461928935,0.0258536823288158,394.0,1.17478513833875,0.773578992907387,0.8135752953499539,0.0466484458418502,20.060674391099585,2.322449260305919,"The ADAD2 gene encodes a protein involved in adenosine binding and could play a role in cellular signaling pathways that impact cancer biology. Dysregulation of adenosine signaling is known to promote tumor growth and immune evasion, potentially influencing angiogenesis, tumor proliferation, and metastasis. Aberrations in the expression or function of ADAD2 could thus contribute to the tumor microenvironment, affecting interactions between cancer cells and immune cells. Additionally, given its involvement in RNA metabolism and repair processes, any perturbations in ADAD2 function might lead to genomic instability, a hallmark of cancer progression. However, the specific relationship between ADAD2 and cancer remains to be fully elucidated.",0
PRSS41,957,0.1428571428571428,0.0,0.0,0.8571428571428571,0.0,1.0,0.0,0.0,0.8982265179691364,0.0,3.0,3.0,1.0,1.0,0.091441111923921,0.3101737472038814,649122.9543319192,444.4009897808343,0.0198885680771551,0.0,0.0,0.0,0.0,0.0,0.0,0.0,0.0,0.0,0.0,0.0,0.0,0.0,0.0,6.0,0.0,0.0,0.0,0.0,0.0,1.0,1.0,0.0,0.0,0.0,1.0,0.0,7.0,0.0,8.0,8.423857143,37.56564081,21.88701420269522,1.8204614569819408,0.2470245454545456,0.0206753925183202,198.0,-0.2535521379310344,0.0244090049335919,145.0,0.249784023323615,0.022197413919438,343.0,2.842285090327978,0.2097717354995392,0.111514500398345,0.0145173604745375,20.060674391099585,2.322449260305919,"The relationship between the PRSS41 gene and cancer is currently not well-established and remains largely unexplored in the literature. However, given that PRSS41 encodes a serine protease, it is conceivable that alterations in its expression or activity could impact cancer-related processes such as cell proliferation, apoptosis, or invasion. Serine proteases are known to play roles in the regulation of the extracellular matrix and the modulation of inflammatory responses, both of which can influence tumor microenvironments. Moreover, changes in the proteolytic landscape of cells can affect the activation of growth factors or cytokines, potentially contributing to oncogenesis or tumor progression. Further research would be necessary to elucidate any direct or indirect mechanisms linking PRSS41 to cancer.",0
PLA2R1,4392,0.2051282051282051,0.0512820512820512,0.0256410256410256,0.6410256410256411,0.0,1.0,0.0769230769230769,0.0,0.9150549813877392,0.0,2.7777777777777777,3.4444444444444446,0.5931198102016607,1.0,0.0722595563263241,0.2621208680716665,260652.6,401.0,0.02360382,0.0,0.0,0.0,0.0,0.0,0.0,0.0,0.0,2.0,1.0,0.0,0.0,0.0,0.0,25.0,1.0,0.0,0.0,0.0,0.0,7.0,3.0,0.0,2.0,0.0,1.0,0.0,36.0,0.0,35.0,20.09244444,136.6511466,19.26005232849053,2.0359920430852343,0.237725896226415,0.0222488101882924,212.0,-0.2064204411764706,0.0101695966878621,68.0,0.2301231428571429,0.0194491740158934,280.0,3.4899152153071755,0.0329419828314105,0.0681969000290533,0.0141289232113826,16.606400010398836,0.8985958314424364,"The PLA2R1 gene, which encodes the paired immunoglobulin-like type 2 receptor, has been implicated in various biological processes, including immune response regulation and cellular signaling. Research suggests that dysregulation of PLA2R1 expression may influence cancer development and progression through several mechanisms, such as modulation of inflammation, promotion of tumor microenvironment alterations, and changes in sphingolipid metabolism. Elevated PLA2R1 levels have been associated with enhanced proliferation and survival of malignant cells, possibly via alterations in lipid signaling pathways that support tumor growth. Furthermore, the receptor's role in mediating immune evasion could contribute to tumorigenesis, as cancer cells may exploit such pathways to escape antitumor immunity. Overall, while the direct relationship between PLA2R1 and specific cancer types requires further elucidation, its involvement in crucial cellular processes suggests a potential link worth exploring in cancer biology.",0
HADHB,1425,0.5714285714285714,0.0,0.0,0.4285714285714285,0.0,1.0,0.0,0.0,1.0,0.0,0.6,0.6,1.0,1.0,0.9505703422053232,0.9987577132276788,642780.3,250.0,0.03372798,0.0004566095015271,58.0,0.0,0.0,0.0,0.0,0.0,0.0,0.0,0.0,0.0,0.0,0.0,0.0,3.0,0.0,0.0,0.0,0.0,0.0,4.0,0.0,0.0,0.0,0.0,0.0,0.0,7.0,0.0,7.0,15.41342857,62.62885295,28.290857525883588,0.1720169923158523,0.2383399999999997,0.0175226815811659,224.0,-0.215007536231884,0.0164591996688405,69.0,0.2328453242320815,0.0173133607482678,293.0,3.682171852023853,0.0026632163469823,0.0436538327890119,0.010509032764244,18.146677931691013,4.181711487191114,"The HADHB gene encodes a subunit of the mitochondrial enzyme hydroxyacyl-CoA dehydrogenase, which plays a critical role in the beta-oxidation of fatty acids. Dysregulation of fatty acid metabolism has been implicated in various cancers, as cancer cells often rely on altered metabolic pathways to support rapid growth and survive in low-nutrient environments. Changes in the expression or function of HADHB could potentially affect the metabolic flexibility of cancer cells, influencing processes such as apoptosis, proliferation, and energy homeostasis. Furthermore, aberrations in mitochondrial function and lipid metabolism have been linked to tumorigenesis, suggesting that altered HADHB activity may contribute to the malignant phenotype through mechanisms such as enhanced survival of cancer cells under metabolic stress and promotion of tumor growth. However, direct evidence linking HADHB mutations or expression changes to specific cancer types remains limited and warrants further investigation.",0
CCL14,330,0.5,0.0,0.0,0.5,0.0,1.0,0.0,0.0,1.0,0.0,0.5,0.5,1.0,1.0,0.8438818565400844,0.9871247042929068,779228.0,525.0,0.01922532,3.094785101569193e-06,5.0,0.0,0.0,0.0,0.0,0.0,0.0,0.0,0.0,0.0,0.0,0.0,0.0,1.0,0.0,0.0,0.0,0.0,0.0,1.0,0.0,0.0,0.0,0.0,0.0,0.0,2.0,0.0,2.0,0.5375,0.0836405,21.99577606167255,1.3803014092805626,0.2453557317073173,0.0280426307117312,164.0,-0.2705586387434556,0.0202493035686635,191.0,0.2589156056338028,0.0239388790840248,355.0,2.736493749643889,0.2827904368229382,0.111514500398345,0.0145173604745375,17.74910038727208,0.5679155872051811,"The CCL14 gene, which encodes for a member of the chemokine family, has been implicated in cancer through its role in immune cell signaling and inflammation. Elevated expression of CCL14 has been associated with tumor progression and metastasis in various cancers. The gene may influence tumor microenvironment by recruiting immune cells, such as macrophages, that can either promote or inhibit tumor growth depending on the context. Additionally, CCL14 can affect the migration of both cancer cells and immune cells, potentially facilitating metastatic spread. Its interactions with specific chemokine receptors on tumor cells may also contribute to altered cellular behaviors, including proliferation and survival, highlighting the complexity of its role in cancer biology.",0
HOXB1,906,0.4444444444444444,0.0,0.0,0.4444444444444444,0.0,1.0,0.1111111111111111,0.0,1.0,0.0,0.8,1.0,1.0,1.0,0.3952569169960474,0.7621420168930549,946207.5,524.0,0.02939152,1.6659352471931069e-07,4.0,0.0,0.0,0.0,0.0,0.0,0.0,1.0,0.0,0.0,0.0,0.0,1.0,4.0,0.0,0.0,0.0,0.0,0.0,4.0,0.0,0.0,1.0,0.0,0.0,0.0,9.0,0.0,10.0,16.057,142.324406,21.88701420269522,1.8204614569819408,0.2259057692307691,0.011377339426753,182.0,-0.2665971698113209,0.0281923297621924,159.0,0.2448791788856306,0.0195711778769708,341.0,0.8043615962461418,0.8465879210930439,0.8131996004580507,0.0459658349686438,20.060674391099585,2.322449260305919,"Yes, there is a relationship between the HOXB1 gene and cancer. HOXB1 is a member of the homeobox gene family, which plays a critical role in embryonic development and regulation of gene expression. Dysregulation of HOXB1 has been implicated in the progression of several cancer types, including breast and colorectal cancers. Mechanistically, aberrant expression of HOXB1 can lead to alterations in cell proliferation, differentiation, and apoptosis. It may enhance tumorigenesis by modulating transcriptional networks that control key oncogenic pathways, influencing epithelial-mesenchymal transition (EMT), or by interacting with signaling cascades that promote a malignant phenotype. Moreover, aberrant HOXB1 expression can affect the tumor microenvironment, potentially contributing to immune evasion and metastasis.",0
MED4,813,0.2,0.2,0.0,0.6,0.0,1.0,0.0,0.0,1.0,0.0,1.5,2.0,0.3442340791738382,1.0,0.925925925925926,0.9971861492001188,324466.5,567.0,0.03442088,0.0002635948791972,82.0,0.0,0.0,0.0,0.0,0.0,0.0,0.0,0.0,0.0,0.0,0.0,0.0,3.0,1.0,0.0,0.0,0.0,0.0,1.0,0.0,0.0,0.0,0.0,0.0,0.0,5.0,0.0,5.0,18.8784,229.8884528,23.293079201535924,0.2055974415594922,0.2899581333333332,0.0349164444407874,150.0,-0.312939851190476,0.0362246919805748,336.0,0.3058467283950618,0.0358610187969034,486.0,3.4546935376737933,0.0076539216744226,0.0409242765159467,0.007330039741219,16.432698966619665,3.18013399904928,"The MED4 gene is part of the Mediator complex, which plays a crucial role in regulating transcription by serving as a bridge between transcriptional regulators and the RNA polymerase II machinery. Dysregulation of components of the Mediator complex, including MED4, has been implicated in various cancer types, potentially through mechanisms involving aberrant gene expression and altered signal transduction pathways. For instance, overexpression or mutation of MED4 can disrupt normal transcriptional control and contribute to the proliferation, survival, and metastasis of cancer cells by influencing oncogenic pathways and hindering the proper responses to tumor suppressor signals. Moreover, alterations in MED4 expression may influence the tumor microenvironment, further enhancing cancer progression. However, the specific relationship between MED4 and cancer remains an area of ongoing research, and additional studies are necessary to clarify its role in oncogenesis.",0
ARID5A,1785,0.75,0.0,0.0,0.25,0.0,1.0,0.0,0.0,1.0,0.0,0.2857142857142857,0.2857142857142857,1.0,1.0,0.99601593625498,0.9999920530573082,872382.8,360.0,0.04739969,2.638184589306933e-05,19.0,2.0,0.0,0.0,0.0,0.0,0.0,0.0,0.0,0.0,0.0,0.0,0.0,3.0,0.0,0.0,0.0,0.0,0.0,6.0,1.0,0.0,1.0,1.0,0.0,0.0,10.0,0.0,12.0,4.6814,43.53859782,16.78387180917135,0.678909336054358,0.2570666513761468,0.0557175880094723,214.0,-0.8268337209302327,0.6679294010754033,81.0,0.4182507565789477,0.2933507190116367,288.0,3.3492800723708327,0.0120491462590818,0.1300069666006548,0.0144873783496102,21.601977480188527,0.8632864842701533,"Yes, there is a relationship between the ARID5A gene and cancer. ARID5A encodes a DNA-binding protein that plays a critical role in transcriptional regulation, and its expression is often deregulated in various cancers. The mechanisms by which ARID5A may influence tumorigenesis include its impact on cell proliferation, apoptosis, and differentiation pathways. For instance, loss of ARID5A function has been linked to altered cytokine signaling and immune responses, which can contribute to an immunosuppressive tumor microenvironment. Additionally, ARID5A may interact with oncogenic signaling pathways, affecting the transcription of genes involved in cell cycle regulation and tumor progression. The dysregulation of ARID5A has been observed in several malignancies, suggesting its potential role as a tumor suppressor or oncogene depending on the context.",0
ZNF583,1710,0.1764705882352941,0.0,0.0,0.8235294117647058,0.1764705882352941,0.9107950720287572,0.0,0.0,0.9027890065087104,0.0,3.5,3.5,1.0,0.0106648465328583,0.1190303521532325,0.0097355660479455,135115.4,713.0,-0.04993473,0.0,0.0,0.0,0.0,0.0,0.0,0.0,0.0,0.0,0.0,0.0,0.0,0.0,0.0,14.0,0.0,0.0,0.0,0.0,0.0,3.0,0.0,0.0,0.0,0.0,0.0,0.0,17.0,0.0,12.0,19.47476471,37.01741969,21.88701420269522,1.8204614569819408,0.2713890104166667,0.0304021239388061,192.0,-0.2643773125000001,0.0263568536361281,160.0,0.2682018750000001,0.0284952594551638,352.0,3.0915838438201364,0.0283815748792867,0.1337878966970833,0.0461041573236232,20.060674391099585,2.322449260305919,"The relationship between the ZNF583 gene and cancer is not fully elucidated, but emerging evidence suggests that it may play a role in tumorigenesis through its involvement in regulating gene expression and cellular processes. ZNF583 encodes a zinc finger protein, a type of transcription factor that can modulate the expression of genes involved in cell proliferation, differentiation, and apoptosis. Dysregulation of ZNF583 expression could potentially influence cancer-related pathways, such as the cell cycle, DNA damage response, and tumor microenvironment interactions. Additionally, alterations in ZNF583 expression have been observed in various cancers, indicating a possible correlation between its activity and neoplastic transformation, although the precise mechanisms and implications remain to be thoroughly investigated.",0
LRP5L,759,0.4285714285714285,0.0,0.0,0.5714285714285714,0.0,1.0,0.0,0.0,0.8982265179691364,0.0,1.0,1.0,1.0,1.0,0.8496176720475785,0.9880788685455733,155931.6,535.0,-0.03134542,2.6563519699640652e-08,2.0,0.0,0.0,0.0,0.0,0.0,0.0,0.0,0.0,0.0,0.0,0.0,0.0,4.0,0.0,0.0,0.0,0.0,0.0,3.0,0.0,0.0,0.0,0.0,0.0,0.0,7.0,0.0,7.0,11.83528571,98.9325299,21.88701420269522,1.8204614569819408,0.249440142857143,0.0303719731596916,140.0,-0.2868796470588236,0.0251446158837332,255.0,0.2736099493670887,0.0272465063040583,395.0,3.09398365103302,0.028464865120686,0.0,0.0,20.060674391099585,2.322449260305919,"The LRP5L gene, part of the low-density lipoprotein receptor-related protein family, has been implicated in various cellular processes, including cell signaling and proliferation. While direct evidence linking LRP5L to cancer is limited, alterations in the pathways involving LRP5L may influence tumorigenesis. For instance, since LRP5L can interact with the Wnt signaling pathway, which is crucial for cell fate determination and proliferation, dysregulation of this signaling could potentially contribute to cancer development. Furthermore, gene expression profiling has suggested a correlation between LRP5L expression levels and certain cancer types, hinting at its possible role in tumor biology. However, further investigation is needed to establish a definitive relationship and elucidate the underlying mechanisms.",0
MTFR1L,879,0.0,0.0,0.0,1.0,0.0,1.0,0.0,0.0,1.0,0.0,4.0,4.0,1.0,1.0,0.00228,0.016150562026116,746382.2,372.0,0.02388579,1.866699354120264e-06,6.0,1.0,0.0,2.0,0.0,0.0,0.0,0.0,0.0,0.0,0.0,0.0,9.0,4.0,0.0,0.0,0.0,0.0,0.0,0.0,0.0,0.0,1.0,0.0,0.0,0.0,15.0,0.0,14.0,17.9204,127.4586611,23.7950940170905,0.2391661251814544,0.1982813043478261,0.009815276631247,92.0,-0.2635761389961387,0.0204028480299961,259.0,0.2464618233618233,0.0184187181578087,351.0,3.4662293088077485,0.003367456043285,0.0495926821305374,0.0085559953747691,26.74643656336136,1.1912891760130029,"The MTFR1L gene, which encodes a mitochondrial trafficking protein, has been implicated in certain cancer processes, although the exact relationship remains an area of ongoing research. One proposed mechanism is its involvement in mitochondrial dynamics, which can influence cellular metabolism and apoptosis. Alterations in mitochondrial function are frequently associated with cancer progression, as tumor cells often exhibit altered energy metabolism and resistance to programmed cell death. Additionally, MTFR1L may play a role in maintaining mitochondrial integrity and regulating reactive oxygen species (ROS) levels, both of which can affect oncogenic signaling pathways and contribute to tumorigenesis. Further investigation is needed to fully elucidate the connection between MTFR1L dysregulation and specific cancer types.",0
TM6SF2,1134,0.5555555555555556,0.0,0.0,0.4444444444444444,0.0,1.0,0.0,0.0,1.0,0.0,0.6666666666666666,0.6666666666666666,1.0,1.0,0.9017132551848512,0.995003343884788,940952.2,232.0,0.01710873,0.0,0.0,0.0,0.0,0.0,0.0,0.0,0.0,0.0,0.0,0.0,0.0,0.0,3.0,3.0,0.0,0.0,0.0,0.0,0.0,5.0,1.0,0.0,0.0,0.0,0.0,0.0,12.0,0.0,10.0,10.51558333,40.90971954,14.46308379271468,0.3054623406626269,0.2893138216560509,0.0332334068827371,157.0,-0.2350416666666665,0.0217678488484051,210.0,0.2582589100817438,0.0273183124261312,367.0,2.245907667258708,0.2905142673438232,0.2313385522724492,0.025560586049014,20.060674391099585,2.322449260305919,"The TM6SF2 gene has been implicated in various metabolic processes, particularly in lipid metabolism and liver function, which can have indirect associations with cancer development. Alterations in lipid metabolism can lead to dysregulation of cellular signaling pathways, affecting processes such as proliferation, apoptosis, and inflammation, all of which are critical in cancer biology. In particular, impaired lipid homeostasis may contribute to non-alcoholic fatty liver disease (NAFLD), which is a known risk factor for hepatocellular carcinoma. Furthermore, TM6SF2 has been associated with altered steatosis and inflammation in the liver, both of which are conditions that could foster a tumorigenic microenvironment. Thus, while the direct relationship between TM6SF2 and cancer remains an area of investigation, its role in metabolic disorders highlights potential mechanisms by which it could influence cancer risk.",0
RBM6,3372,0.1333333333333333,0.0666666666666666,0.0333333333333333,0.5666666666666667,0.0,1.0,0.2,0.0,0.7926091590446069,0.0,3.4,5.2,0.6211180124223602,1.0,0.8110300081103001,0.9809004251274998,1079795.0,152.0,0.03864563,4.486898409512527e-06,9.0,0.0,0.0,1.0,1.0,0.0,0.0,6.0,0.0,0.0,0.0,0.0,0.0,16.0,2.0,0.0,0.0,0.0,0.0,4.0,2.0,0.0,7.0,0.0,0.0,0.0,25.0,0.0,27.0,22.87124,81.43310344,23.57220891751477,0.3356738102969988,0.2384448648648648,0.025184572347027,109.0,-0.2788614055299541,0.021815118766842,433.0,0.2706297798165137,0.0227217619646573,538.0,3.6542843942954817,0.0037154899901346,0.0466706316110341,0.0123358958044246,25.224855452395737,0.5001699601305992,"The RBM6 gene has garnered interest in cancer research due to its involvement in splicing regulation and potential roles in cellular signaling pathways. It is thought to contribute to the regulation of gene expression and may influence tumorigenesis by modulating the splicing of transcripts critical for cell cycle control and apoptosis. Alterations in RBM6 expression levels have been observed in various cancer types, suggesting that it may impact cancer cell proliferation and survival. The underlying mechanisms may involve aberrant splicing events leading to the production of oncogenic isoforms, as well as interactions with key regulators of cell growth and differentiation, thereby contributing to the malignancy and progression of tumors. Further functional studies are required to elucidate these relationships definitively.",0
ZNF562,1281,0.2857142857142857,0.0,0.0,0.7142857142857143,0.0,1.0,0.0,0.0,1.0,0.0,1.6666666666666667,1.6666666666666667,1.0,1.0,0.1926411096127913,0.5099068304459818,776093.9,617.0,-0.05125709,1.957302117171939e-05,11.0,0.0,0.0,0.0,0.0,0.0,0.0,0.0,0.0,0.0,0.0,0.0,0.0,5.0,0.0,0.0,0.0,0.0,0.0,2.0,0.0,0.0,0.0,0.0,0.0,0.0,7.0,0.0,7.0,14.07371429,62.98680157,17.96801101328283,1.7136503212085548,0.3265148170731708,0.076272363360089,164.0,-0.2247317788461537,0.0130116662572068,208.0,0.2696038709677418,0.0433309742841665,372.0,3.6087447790849856,0.0058607260527268,0.0597223290871053,0.0090579279448705,20.060674391099585,2.322449260305919,"The ZNF562 gene, which encodes a zinc finger protein, has been implicated in various cellular processes, including transcriptional regulation and chromatin remodeling. Although specific studies directly linking ZNF562 to cancer are limited, its potential role in oncogenesis may be mediated through its involvement in gene expression modulation and interaction with signaling pathways critical for cell proliferation and differentiation. Abnormal regulation of zinc finger proteins can lead to dysregulated gene networks, enhanced cell survival, and resistance to apoptosis, which are hallmark features of cancer. Moreover, changes in the expression of ZNF562 could affect the stability of genomic integrity, potentially contributing to tumorigenesis. However, further research is needed to establish a definitive connection between ZNF562 and cancer.",0
AADACL4,1224,0.25,0.0,0.0,0.5833333333333334,0.0,1.0,0.0833333333333333,0.0,0.953509509058145,0.0833333333333333,1.75,2.25,0.5760368663594471,1.0,0.6476683937823834,0.9290002924887204,145424.0,454.0,0.02278783,0.0,0.0,0.0,0.0,0.0,0.0,0.0,0.0,0.0,1.0,0.0,0.0,0.0,0.0,7.0,0.0,1.0,0.0,0.0,0.0,3.0,0.0,0.0,0.0,0.0,1.0,0.0,11.0,0.0,12.0,9.016181818,85.25710816,21.88701420269522,1.8204614569819408,0.2381492783505153,0.0193862950900987,97.0,-0.2590705882352941,0.0174340263394164,255.0,0.253305340909091,0.0180059379856384,352.0,0.2606030521938955,0.2891984312458878,0.111514500398345,0.0145173604745375,20.060674391099585,2.322449260305919,"The AADACL4 gene (aromatic-L-amino-acid decarboxylase-like 4) has been implicated in various biological processes, including lipid metabolism and inflammation, which could potentially relate to cancer development. Dysregulation of AADACL4 may influence tumor microenvironment dynamics, affect the immune response, or alter metabolic pathways that contribute to carcinogenesis. Moreover, its expression levels have been noted to vary across different cancer types, suggesting that it may play a role in tumor progression and transformation. However, the specific mechanisms by which AADACL4 might contribute to cancer biology remain to be fully elucidated through further research.",0
C12ORF10,1131,0.2,0.0,0.2,0.6,0.0,1.0,0.0,0.0,1.0,0.0,1.5,2.0,0.5980861244019139,1.0,0.499001996007984,0.8458808299514065,1689542.0,166.0,0.05335691,5.352661474673644e-05,31.0,0.0,0.0,1.0,0.0,0.0,0.0,0.0,0.0,0.0,0.0,0.0,0.0,3.0,0.0,0.0,0.0,0.0,0.0,1.0,1.0,0.0,0.0,0.0,0.0,0.0,6.0,0.0,6.0,21.31466667,114.6252507,25.00850834488481,0.2206249878809981,0.2638164016874681,0.0370683991865753,190.13201675643327,-0.2623792743604192,0.0349935889004216,187.6534410532616,0.2724842722630945,0.0397860230283488,377.6466786355476,3.360270430436984,0.0052418050639985,0.0734451884921038,0.0087292142031567,20.060674391099585,2.322449260305919,"The relationship between the C12ORF10 gene and cancer is currently not well established, and research on its role in oncogenesis is limited. However, it has been speculated that C12ORF10 may participate in cellular processes such as apoptosis, cell cycle regulation, or DNA repair, mechanisms that are often dysregulated in cancer. Alterations in expression levels or mutations in C12ORF10 could potentially impact these pathways, contributing to tumorigenesis or cancer progression. Additionally, its genomic context and interactions with other genes may further elucidate its involvement in neoplastic processes. Nevertheless, more investigations are needed to clarify any definitive links between C12ORF10 and cancer.",0
JADE3,2472,0.2105263157894736,0.0526315789473684,0.0,0.5789473684210527,0.0,1.0,0.1578947368421052,0.0,0.9008804575298364,0.0,2.2,3.0,0.7923930269413629,1.0,0.7012622720897616,0.950121544173986,830379.9,444.4009897808343,0.0447843,3.94439827735567e-06,6.0,0.0,0.0,0.0,0.0,0.0,0.0,1.0,2.0,0.0,0.0,0.0,0.0,10.0,1.0,0.0,0.0,0.0,0.0,4.0,0.0,0.0,1.0,0.0,2.0,0.0,15.0,0.0,16.0,17.92973333,64.92699664,20.986244059464163,4.269241790873295,0.268076883116883,0.0736536182296309,76.0,-0.2905582738095238,0.0446834190934095,168.0,0.283492693877551,0.0536331630189427,244.0,3.358114062784056,0.0100733979007787,0.2219971076667599,0.0512047572712633,20.937060527745054,1.0013353689388205,"The JADE3 gene has been implicated in various cancer types, particularly due to its role in chromatin remodeling and transcriptional regulation. JADE3 is part of the BES non-canonical co-activator complex, which is known to interact with histone acetyltransferases and influence gene expression related to cell proliferation and survival. Dysregulation of JADE3 can lead to aberrant gene expression profiles, contributing to tumorigenesis by promoting uncontrolled cell division and evasion of apoptosis. Furthermore, its involvement in DNA damage response pathways suggests that altered JADE3 activity may impair genomic stability, enhancing the risk of malignancy development.",0
MANEAL,1374,0.0,0.0,0.0,1.0,0.0,1.0,0.0,0.0,1.0,0.0,6.0,6.0,1.0,1.0,0.0113397970176333,0.0621357019960575,445096.4,375.0,0.03260543,3.960436274242848e-06,7.0,0.0,0.0,0.0,0.0,0.0,0.0,0.0,0.0,0.0,0.0,0.0,0.0,6.0,0.0,0.0,0.0,0.0,0.0,0.0,0.0,0.0,0.0,0.0,0.0,0.0,6.0,0.0,5.0,28.13333333,15.15066667,18.64644398995225,5.234122151497861,0.3056284732824426,0.0780157497253435,131.0,-0.2394257058823529,0.0165384109086703,170.0,0.2682382059800663,0.0442043611301041,301.0,3.1176718143396904,0.0645863982415633,0.0482641501201725,0.0114575765492759,20.060674391099585,2.322449260305919,"The MANEAL gene has been implicated in cancer through its role in regulating cellular processes such as survival, proliferation, and apoptosis. Studies suggest that alterations in MANEAL expression or function may disrupt normal cellular signaling pathways, contributing to tumorigenesis. Specifically, MANEAL may interact with various proteins involved in the cell cycle or apoptosis, potentially leading to unchecked cell growth and resistance to cell death in cancer cells. Additionally, genomic studies have identified mutations or aberrant expression patterns of MANEAL in various cancer types, indicating that it may serve as a potential contributor to cancer development and progression. However, the exact mechanisms and pathways remain an area of ongoing research.",0
HLX,1467,0.4,0.05,0.0,0.55,0.0,1.0,0.0,0.0,1.0,0.0,1.2222222222222223,1.3333333333333333,0.6901311249137336,1.0,0.9578544061302682,0.9990991278356772,177315.5,564.0,-0.002080209,0.0,1.0,0.0,0.0,0.0,0.0,0.0,0.0,0.0,0.0,0.0,0.0,0.0,2.0,11.0,1.0,0.0,0.0,0.0,0.0,8.0,0.0,0.0,1.0,0.0,0.0,0.0,21.0,0.0,19.0,14.90495238,130.1028421,17.667875456058223,0.1483786385522623,0.286201553133515,0.0260318473464882,367.0,-0.2333682692307692,0.02210471065773,52.0,0.2796446778042959,0.0257945764909844,419.0,2.888419045427842,0.0586540135059398,0.1148696831911846,0.0130023143361643,18.53774605015624,1.3709864790211304,"Yes, there is a relationship between the HLX gene and cancer. HLX (H2.0-like homeobox) is known to be involved in various cellular processes, including development and differentiation. Dysregulation of HLX expression has been observed in several cancers, where it may contribute to tumor progression and metastasis. Possible mechanisms include the modulation of pathways linked to cell proliferation, survival, and apoptosis; HLX can influence the expression of target genes involved in these processes. Additionally, aberrant HLX activity may impact the epithelial-to-mesenchymal transition (EMT), which plays a critical role in cancer invasion and metastasis. Thus, HLX may serve as a potential regulatory factor in the oncogenic process, although the specific mechanisms remain an active area of research.",0
C19ORF25,357,0.25,0.25,0.0,0.5,0.0,1.0,0.0,0.0,1.0,0.0,1.0,1.5,0.2331545814875262,1.0,0.9082652134423252,0.995657454805216,2352825.0,221.0,0.03810794,1.740745743750408e-05,18.0,2.0,0.0,0.0,0.0,0.0,0.0,0.0,0.0,0.0,0.0,0.0,0.0,2.0,1.0,0.0,0.0,0.0,0.0,1.0,0.0,0.0,1.0,0.0,0.0,0.0,5.0,0.0,6.0,11.491,196.830197,23.77763101821029,0.5476033608582699,0.2482489830508476,0.015324379318615,118.0,-0.2611669097222222,0.0219296253433785,288.0,0.2574124384236452,0.0200017848135455,406.0,3.343513868993223,0.0073532978384528,0.0711441500490984,0.0138219085117195,20.060674391099585,2.322449260305919,"The relationship between the C19ORF25 gene and cancer is currently not well-established, but emerging studies suggest that it may play a role in tumorigenesis. C19ORF25 is thought to be involved in cellular processes such as apoptosis, proliferation, and possibly in the regulation of the cell cycle. Dysregulation of these processes can lead to uncontrolled cell growth and cancer development. Additionally, C19ORF25 can interact with other oncogenic pathways, influencing signaling networks that promote malignancy. Further research is needed to elucidate the specific mechanisms by which C19ORF25 may contribute to cancer progression and to validate its potential as a biomarker or therapeutic target.",0
MCMDC2,2046,0.16,0.04,0.04,0.68,0.0,1.0,0.08,0.0,0.9310917507082572,0.0,3.4,4.2,0.6648936170212766,1.0,0.3084515731030228,0.6712493594427773,392324.7,393.0,0.02231331,0.0,0.0,0.0,0.0,0.0,0.0,0.0,0.0,1.0,1.0,0.0,0.0,0.0,0.0,17.0,1.0,0.0,0.0,0.0,0.0,4.0,2.0,0.0,1.0,1.0,1.0,0.0,23.0,0.0,21.0,19.86347826,91.24998953,21.88701420269522,1.8204614569819408,0.3251520565552698,0.0529994766699865,389.0,-0.2601341772151899,0.0170766499989938,79.0,0.3141768162393162,0.0474804302628612,468.0,2.892974584192016,0.0301999011398895,0.111514500398345,0.0145173604745375,20.060674391099585,2.322449260305919,"The MCMDC2 gene has been implicated in cancer through its role in the regulation of cell proliferation and DNA damage response mechanisms. It's known to participate in the recruitment of repair factors to sites of DNA damage, thereby influencing genomic stability. Dysregulation of the MCMDC2 gene may lead to impaired DNA repair processes, contributing to the accumulation of mutations and genomic instability often observed in cancerous cells. This gene's expression levels and activity can affect various signaling pathways associated with tumorigenesis, such as those involved in the cell cycle and survival, thereby potentially impacting cancer development and progression. However, specific mechanisms and the extent of its involvement in various cancer types are still under investigation.",0
COX16,321,0.0,0.0,0.0,1.0,0.0,1.0,0.0,0.0,1.0,0.0,1.0,1.0,1.0,1.0,0.5991611743559018,0.906066293996224,500895.7,549.0,0.03229876,3.797525238924224e-06,6.0,0.0,0.0,0.0,0.0,0.0,0.0,0.0,0.0,0.0,0.0,0.0,0.0,1.0,0.0,0.0,0.0,0.0,0.0,0.0,0.0,0.0,0.0,0.0,0.0,0.0,1.0,0.0,1.0,18.08,0.0,18.55728879876084,1.621356761606055,0.2303989130434781,0.0249243143586639,138.0,-0.2840431707317072,0.0221660637818693,287.0,0.2666245647058823,0.0236375010833595,425.0,3.3692573954208336,0.0078679824669587,0.0632623593833029,0.0029295801452226,20.060674391099585,2.322449260305919,"The COX16 gene, which is involved in mitochondrial function and heme a biosynthesis, has been implicated in various cellular processes that could influence cancer development. Dysregulation of mitochondrial activity, including alterations in oxidative phosphorylation and reactive oxygen species (ROS) generation, can lead to an altered tumor microenvironment and promote oncogenic pathways. Additionally, COX16 may play a role in maintaining mitochondrial DNA integrity, and defects in mitochondrial maintenance are associated with increased genomic instability, a hallmark of cancer. Furthermore, as mitochondrial dynamics are closely linked to apoptosis and cellular metabolism, any aberrations in COX16 expression or function could contribute to altered cell survival and proliferation, further facilitating cancer progression. Thus, while direct relationships between COX16 and specific cancer types require further investigation, its involvement in critical cellular pathways suggests potential connections to oncogenesis.",0
REG4,477,0.5,0.0,0.0,0.5,0.0,1.0,0.0,0.0,1.0,0.0,0.6666666666666666,0.6666666666666666,1.0,1.0,0.0955748829207684,0.3199699153587794,415110.0,581.0,0.02599772,0.0,0.0,2.0,0.0,0.0,0.0,0.0,0.0,0.0,0.0,0.0,0.0,0.0,4.0,2.0,0.0,0.0,0.0,0.0,0.0,2.0,0.0,0.0,0.0,0.0,0.0,0.0,10.0,0.0,8.0,11.4002,130.1466488,24.049697891234544,3.178235443979508,0.2738541250000002,0.0871095224357075,160.0,-0.3167915714285717,0.6287698889831236,140.0,0.2938916,0.3390872438710099,300.0,1.283497604697117,1.748303396735554,0.111514500398345,0.0145173604745375,20.060674391099585,2.322449260305919,"The REG4 gene has been implicated in various cancers, particularly in relation to epithelial tumors. Its expression is often upregulated in malignancies, suggesting a potential role in tumorigenesis. REG4 may influence cancer progression through mechanisms such as promoting cellular proliferation, inhibiting apoptosis, and enhancing inflammatory responses within the tumor microenvironment. Additionally, REG4 can modulate signaling pathways, including those related to cellular stress responses, which may contribute to cancer cell survival and resistance to treatment. By interacting with key oncogenic pathways, REG4 could play a role in the metastatic potential and overall aggressiveness of certain cancers.",0
TAX1BP3,375,0.25,0.0,0.25,0.5,0.0,1.0,0.0,0.0,1.0,0.0,1.0,1.5,0.1849454410948769,1.0,0.1829156758734224,0.4936400255922558,504736.1,354.0,0.01951905,7.256952728369111e-06,16.0,0.0,0.0,0.0,0.0,0.0,0.0,0.0,0.0,0.0,0.0,0.0,0.0,2.0,0.0,0.0,0.0,0.0,0.0,1.0,1.0,0.0,0.0,0.0,0.0,0.0,4.0,0.0,4.0,25.6775,95.42469167,26.183435984757903,0.3075317963803536,0.2451235227272727,0.0375772634851489,88.0,-0.2757210280373832,0.0198086911394558,428.0,0.2705028488372092,0.0229045998398295,516.0,3.5517956899537992,0.0072315924934341,0.0502077081780529,0.0134135700028893,19.361135435336102,0.9428100647423504,"Yes, there is a relationship between the TAX1BP3 gene and cancer. TAX1BP3 (Tax1-binding protein 3) has been implicated in various tumorigenic processes, particularly through its interactions with signaling pathways and cellular mechanisms that govern apoptosis, proliferation, and inflammation. One proposed mechanism is that TAX1BP3 functions as a negative regulator of the NF-kB signaling pathway, which is often constitutively activated in many cancers and contributes to cell survival and inflammation. Dysregulation of TAX1BP3 expression can lead to enhanced survival of cancer cells through evasion of programmed cell death. Additionally, its involvement in cellular stress responses and potential interactions with oncogenic proteins further underscores its role in tumorigenesis, making it a candidate for research into cancer biology and therapy.",0
GOLGA6D,2082,0.2666666666666666,0.1333333333333333,0.0,0.5333333333333333,0.0,1.0,0.0666666666666666,0.0,0.9188632257835572,0.0,1.6,2.2,0.4043671653861706,1.0,0.3156565656565656,0.6796403011212686,649122.9543319192,444.4009897808343,0.0198885680771551,0.0,0.0,0.0,0.0,0.0,0.0,0.0,0.0,1.0,0.0,0.0,0.0,0.0,0.0,8.0,2.0,0.0,0.0,0.0,0.0,4.0,0.0,0.0,1.0,0.0,0.0,0.0,14.0,0.0,13.0,14.45242857,97.52926734,21.88701420269522,1.8204614569819408,0.2315059139784945,0.0190147002657316,93.0,-0.2582884146341465,0.0231190194680885,246.0,0.2509410029498526,0.0220766881078668,339.0,1.522631093032495,0.8594469690225847,0.111514500398345,0.0145173604745375,20.060674391099585,2.322449260305919,"The relationship between the GOLGA6D gene and cancer is not well established, and available data is limited. GOLGA6D is involved in the Golgi apparatus functions, which include protein sorting and transport. Dysregulation of Golgi-associated processes can lead to altered glycosylation patterns of proteins, potentially affecting cell signaling and adhesion. This disruption may contribute to oncogenic processes such as enhanced proliferation, invasion, and metastasis. Furthermore, changes in Golgi function can influence the immune response and susceptibility to tumor microenvironment changes. However, the exact mechanisms linking GOLGA6D to specific cancer types remain largely unexplored, necessitating further research to clarify its role in oncogenesis.",0
MRPL48,639,0.3333333333333333,0.0,0.0,0.6666666666666666,0.0,1.0,0.0,0.0,1.0,0.0,1.0,1.0,1.0,1.0,0.6854009595613434,0.9443120421800196,553004.7,214.0,0.04160006,1.7055193594891988e-05,21.0,0.0,0.0,2.0,0.0,0.0,0.0,0.0,0.0,0.0,0.0,0.0,0.0,2.0,0.0,0.0,0.0,0.0,0.0,1.0,0.0,0.0,0.0,0.0,0.0,0.0,5.0,0.0,5.0,15.9912,79.7364572,24.12955869409839,0.2766832482596123,0.3386957635467978,0.1235854017641419,203.0,-0.246079262295082,0.018552104902757,122.0,0.3039289538461536,0.0859960242137171,325.0,3.350627422400021,0.0081666149625274,0.111514500398345,0.0145173604745375,20.060674391099585,2.322449260305919,"The MRPL48 gene, which encodes a mitochondrial ribosomal protein, is implicated in the regulation of mitochondrial function and protein synthesis. Dysregulation of mitochondrial protein synthesis has been observed in various cancer types, suggesting that MRPL48 may influence tumorigenesis through its role in mitochondrial dynamics and metabolism. Altered mitochondrial function can affect cellular energy production, apoptosis, and reactive oxygen species (ROS) generation, all of which are critical in cancer development and progression. Furthermore, MRPL48's involvement in the assembly of mitochondrial ribosomes links it to the modulation of oxidative phosphorylation, which can impact cellular proliferation and survival in cancer cells. Thus, aberrations in MRPL48 expression or function may contribute to the pathophysiology of cancer by disrupting normal mitochondrial activities.",0
SNX15,1029,0.4166666666666667,0.0,0.0,0.5833333333333334,0.0,1.0,0.0,0.0,1.0,0.0,1.1666666666666667,1.1666666666666667,1.0,1.0,0.5617977528089888,0.8857378451146033,3209258.0,207.0,0.04910855,2.202409260132028e-05,8.0,0.0,0.0,0.0,0.0,0.0,0.0,0.0,0.0,0.0,0.0,0.0,0.0,7.0,0.0,0.0,0.0,0.0,0.0,5.0,0.0,0.0,0.0,1.0,0.0,0.0,11.0,0.0,11.0,15.612,62.4453792,23.503861656331487,0.6057433136075984,0.2301049999999999,0.0238386628627272,166.0,-0.2550966949152543,0.0520760529026582,118.0,0.2404888732394364,0.0355807643824715,284.0,3.2444223285751743,0.0260010290293295,0.0210915697818964,0.0008254631699216,22.542229561241456,1.358292993723102,"The relationship between the SNX15 gene and cancer is currently not well-established or extensively studied. However, SNX15, which is involved in the process of endosomal sorting and trafficking, could potentially influence cancer progression through mechanisms related to cellular signaling and the modulation of membrane receptor availability. Alterations in endosomal pathways can affect the degradation or recycling of key receptors involved in growth factor signaling, apoptosis, and immune responses, potentially leading to enhanced tumor cell survival and proliferation. Given the complex interplay of cellular processes, further research is needed to clarify any direct roles that SNX15 may have in oncogenesis or tumor biology.",0
GIT2,2280,0.25,0.0625,0.0,0.6875,0.0,1.0,0.0,0.0,1.0,0.0,2.2,2.4,0.8382229673093042,1.0,0.6993006993006993,0.9494226883019692,939215.3,254.0,0.04569715,0.0001731550543574,49.0,0.0,0.0,0.0,0.0,0.0,0.0,0.0,0.0,0.0,0.0,0.0,2.0,11.0,1.0,0.0,0.0,0.0,0.0,4.0,0.0,0.0,0.0,0.0,0.0,0.0,18.0,0.0,15.0,22.44655556,76.5110112,25.05802807397704,0.3850225983090004,0.2157787142857143,0.0110754234242343,140.0,-0.2211135570469799,0.0179978278838835,149.0,0.218529204152249,0.0146014467469338,289.0,3.5700231464008483,0.0067633746185786,0.0712026200786605,0.005136323433093,24.43194344691812,2.331887924707674,"The GIT2 gene, part of the GIT (G-protein coupled receptor kinase interacting), has been implicated in various cellular processes, including cell adhesion, migration, and cytoskeletal organization, which are essential for normal cellular function. Alterations in GIT2 expression or function may influence oncogenic pathways, contributing to cancer cell proliferation and metastasis. Evidence suggests that GIT2 may interact with signaling pathways like those involving Rho GTPases, which are critical in regulating cancer-related processes such as invasion and epithelial-to-mesenchymal transition (EMT). Dysregulation of GIT2 could, therefore, disrupt normal signaling cascades, promoting a tumorigenic environment and enhancing cancer progression and metastasis.",0
C3ORF70,753,0.1428571428571428,0.0714285714285714,0.0,0.7142857142857143,0.2857142857142857,0.7591760034688151,0.0714285714285714,0.0,0.8123931892591476,0.0,3.333333333333333,4.0,0.4965243296921549,0.00327,0.8146,0.0184544668485364,760533.2,598.0,0.03249569,0.0,0.0,0.0,0.0,0.0,0.0,0.0,0.0,1.0,0.0,0.0,0.0,0.0,0.0,10.0,1.0,0.0,0.0,0.0,0.0,2.0,0.0,0.0,1.0,0.0,0.0,0.0,13.0,0.0,12.0,21.27230769,33.04296923,17.54932784715294,0.1625066541560597,0.4003342318059299,0.1039287217715028,371.0,-0.2703425373134329,0.024369094419222,67.0,0.3804496575342466,0.0938694714715071,438.0,3.0733898632077543,0.0840640680278118,0.051738494051191,0.0083213451855552,20.060674391099585,2.322449260305919,"The relationship between the C3ORF70 gene and cancer is not well-established, but emerging studies suggest potential roles in tumor biology. C3ORF70 may be involved in cellular processes such as cell proliferation, apoptosis, and DNA repair, features critical to cancer development and progression. Additionally, its expression levels could be correlated with certain tumor types, potentially influencing oncogenic pathways or affecting the tumor microenvironment. Further investigation into its functional mechanisms, including gene regulation and interaction with other oncogenes or tumor suppressors, is necessary to elucidate its role in cancer. However, conclusive evidence linking C3ORF70 directly with cancer remains limited.",0
PROS1,2031,0.1176470588235294,0.0588235294117647,0.0294117647058823,0.7647058823529411,0.0,1.0,0.0294117647058823,0.0,0.9306253062707684,0.0,5.2,6.0,0.9182736455463728,1.0,0.5640157924421884,0.8870124236277895,79314.69,1341.0,-0.009682563,1.7853011027609012e-05,9.0,0.0,0.0,0.0,0.0,0.0,0.0,1.0,0.0,0.0,0.0,0.0,0.0,25.0,2.0,0.0,0.0,0.0,0.0,3.0,3.0,0.0,1.0,0.0,0.0,0.0,33.0,0.0,25.0,19.71666667,103.0447185,25.56230828387944,0.6899499103836811,0.210706540880503,0.0221848060822625,159.0,-0.2498121333333333,0.0205556622155525,150.0,0.2296898381877022,0.0217078804288698,309.0,3.501734960289318,0.0265555108959602,0.0657239570149612,0.0098489778742807,16.03497779135065,2.665237962712572,"The PROS1 gene encodes the protein protein S, which plays a crucial role in the regulation of anticoagulation and inflammation. Alterations in the expression or function of PROS1 have been implicated in various cancer types, potentially influencing tumor progression and metastasis. One proposed mechanism involves the protein's role in the activation of the complement system and modulation of the immune response; a decrease in protein S can lead to a hypercoagulable state, which is often observed in cancer patients. Additionally, protein S has been associated with the inhibition of cell proliferation and promotion of apoptosis, suggesting that its dysregulation may contribute to oncogenesis. This interplay between coagulation, inflammation, and immune evasion underscores the potential relevance of PROS1 in cancer biology.",0
JMJD6,1245,0.3076923076923077,0.0,0.0,0.6923076923076923,0.0,1.0,0.0,0.0,1.0000000000000002,0.0,1.8,1.8,1.0,1.0,0.4173622704507513,0.782053706282639,827287.5,206.0,0.02197633,0.0004315561477008,73.0,0.0,0.0,0.0,0.0,0.0,0.0,0.0,0.0,0.0,0.0,0.0,3.0,8.0,0.0,0.0,0.0,0.0,0.0,5.0,0.0,0.0,0.0,0.0,0.0,0.0,16.0,0.0,16.0,20.3888125,84.37970816,22.86326291628547,0.3261216979853772,0.2742825506072876,0.028581149349159,247.0,-0.2229825735294117,0.0126939322207352,136.0,0.2560663707571805,0.0234959751912443,383.0,3.404459809621752,0.0041368929109808,0.0651721333155074,0.0149910686062711,20.81080539948133,0.6422155523135965,"Yes, there is a relationship between the JMJD6 gene and cancer. JMJD6 is a Jumonji C-domain containing enzyme that is involved in various cellular processes, including gene regulation, splicing, and repair of damaged DNA. Its overexpression has been implicated in several cancer types, potentially through mechanisms such as altering histone modifications, thereby influencing the transcriptional landscape of oncogenes and tumor suppressor genes. Additionally, JMJD6 can interact with key regulatory proteins, such as p53, affecting cell-cycle progression and apoptosis. The dysregulation of JMJD6 may contribute to the development and progression of tumors by promoting an aberrant cellular environment conducive to malignancy.",0
SFR1,738,0.5,0.0,0.0,0.5,0.0,1.0,0.0,0.0,1.0,0.0,0.75,0.75,1.0,1.0,0.9523809523809524,0.9988477753994592,401935.2,324.0,0.001687522,1.6666385291845777e-05,15.0,0.0,0.0,0.0,0.0,0.0,0.0,0.0,0.0,0.0,0.0,0.0,2.0,3.0,0.0,0.0,0.0,0.0,0.0,3.0,0.0,0.0,0.0,0.0,1.0,0.0,7.0,0.0,8.0,7.914,56.447665,18.685906487281045,1.0732334359613485,0.2069788888888888,0.0129972936895691,99.0,-0.3291531511254021,0.0431424984822964,311.0,0.2996525365853661,0.03855457317888,410.0,3.110088538479678,0.0113364100523413,0.0477032762387788,0.0156546935277266,19.84855447594628,1.899969910805772,"The SFR1 gene, implicated in various biological processes, may have a relationship with cancer through its role in regulating cellular signaling pathways and metabolic processes. Emerging studies suggest that SFR1 could influence cellular response to stress and apoptosis, which are critical in cancer development and progression. Additionally, if SFR1 is involved in lipid metabolism, alterations in this gene may affect cell membrane composition and signaling, potentially leading to enhanced tumorigenesis. The precise mechanisms remain to be fully elucidated, but the interplay between SFR1 expression, metabolic regulation, and cellular homeostasis may contribute to the oncogenic landscape. Further research is needed to clarify its specific roles and impact in cancer biology.",0
MED14,4365,0.1923076923076923,0.0384615384615384,0.0,0.7307692307692307,0.0,1.0,0.0384615384615384,0.0,0.9836349189574336,0.0,3.1666666666666665,3.5,0.8613264427217916,1.0,0.2263980076975323,0.5627033580743468,479032.7,444.4009897808343,0.06330436,0.0001679303459194,63.0,1.0,3.0,0.0,0.0,0.0,0.0,1.0,0.0,0.0,0.0,0.0,0.0,20.0,1.0,0.0,0.0,0.0,0.0,4.0,1.0,0.0,1.0,1.0,1.0,0.0,28.0,0.0,25.0,19.43314286,57.48909546,24.40190902103725,1.7871612311948153,0.2053529850746268,0.0151088965909543,67.0,-0.2926961081081081,0.0453635346184665,185.0,0.2694739285714285,0.0387223610215566,252.0,3.594144290313712,0.0041124335908437,0.0646262719828565,0.0146593241817832,23.08518675522105,1.437604217260333,"Yes, there is a relationship between the MED14 gene and cancer. MED14 encodes a subunit of the Mediator complex, which is essential for the regulation of gene transcription by RNA polymerase II. Dysregulation of MED14 can lead to aberrant expression of genes involved in cell proliferation, differentiation, and apoptosis, pathways frequently altered in cancer. Overexpression of MED14 has been observed in several cancer types, potentially contributing to oncogenic processes by enhancing the transcriptional activity of proto-oncogenes or repressing tumor suppressor genes. Furthermore, MED14 may influence the tumor microenvironment by modulating inflammatory responses, thereby supporting tumor progression and metastasis. Overall, alterations in MED14 activity can disrupt normal cellular homeostasis, facilitating cancer development and progression.",0
NFATC2IP,1260,0.2222222222222222,0.2222222222222222,0.0,0.5555555555555556,0.0,1.0,0.0,0.0,0.9298966940476158,0.0,1.6666666666666667,2.333333333333333,0.1292156609381057,1.0,0.5889281507656066,0.9007368008770056,1189140.0,257.0,0.05450103,2.704950779042233e-05,16.0,0.0,0.0,0.0,0.0,0.0,0.0,0.0,0.0,0.0,0.0,0.0,0.0,5.0,2.0,0.0,0.0,0.0,0.0,2.0,0.0,0.0,0.0,0.0,0.0,0.0,9.0,0.0,9.0,23.34644444,115.3464738,22.44005673660932,0.6465855273951013,0.2626049760765549,0.0472519335664657,209.0,-0.2478859349593495,0.0254174175735039,123.0,0.2571518373493974,0.0391120921606622,332.0,3.49799386227757,0.0029566007853143,0.0794610778161252,0.0098662298728142,23.176126981147405,0.800722910750556,"Yes, there is evidence to suggest a relationship between the NFATC2IP gene and cancer. NFATC2IP, also known as BCL10-interacting protein, plays a role in various cellular processes, including apoptosis, immune response, and cell proliferation. Alterations in NFATC2IP expression or function can disrupt these critical pathways, potentially leading to oncogenic processes. For instance, its interaction with signaling pathways that regulate T cell activation and growth can influence tumor microenvironments, thereby affecting tumor progression and immune evasion. Moreover, dysregulation of NFATC2IP has been implicated in the modulation of NF-κB signaling, which is often associated with various malignancies. Consequently, such perturbations might contribute to the initiation or progression of certain cancers.",0
TGFB1I1,1386,0.4,0.0,0.1,0.4,0.0,1.0,0.1,0.0,0.939794000867204,0.0,0.8,1.2,0.3079765937788728,1.0,0.7547169811320755,0.9671037429722156,839075.8,558.0,0.01138035,0.0001271953721327,29.0,0.0,0.0,0.0,0.0,0.0,0.0,1.0,0.0,0.0,0.0,0.0,0.0,4.0,0.0,0.0,0.0,0.0,0.0,4.0,1.0,0.0,1.0,0.0,0.0,0.0,9.0,0.0,10.0,19.49411111,91.47502211,26.08541816463821,1.0496813674534715,0.2525101923076921,0.0286114980733928,208.0,-0.2450716101694915,0.0226450640973851,118.0,0.2498176993865029,0.0263883645943832,326.0,3.189640801730013,0.0264852878932683,0.111514500398345,0.0145173604745375,27.30028199756685,1.8159079636038569,"Yes, there is a relationship between the TGFB1I1 gene and cancer. TGFB1I1, which encodes a protein involved in the transforming growth factor-beta (TGF-β) signaling pathway, is implicated in various cellular processes, including proliferation, differentiation, and apoptosis. Dysregulation of this pathway can lead to tumorigenesis, as TGF-β has dual roles in cancer, acting as a tumor suppressor in early stages but promoting tumor progression and metastasis in later stages. Alterations in TGFB1I1 expression may influence this pathway's balance, potentially contributing to an environment that favors cancer cell survival and invasion. Additionally, TGFB1I1 interacts with several other signaling molecules, which may further impact cellular responses to the tumor microenvironment, enhancing its relevance in cancer biology.",0
CFAP97,1599,0.0714285714285714,0.0,0.0,0.5,0.0,1.0,0.4285714285714285,0.0,0.7090260576130032,0.0,3.5,6.5,1.0,1.0,0.0909835319807114,0.3090780416783516,316425.0,530.0,0.03650622,1.601619610126766e-09,2.0,0.0,0.0,0.0,0.0,0.0,0.0,5.0,1.0,0.0,0.0,0.0,0.0,6.0,0.0,0.0,0.0,0.0,0.0,1.0,1.0,0.0,5.0,0.0,1.0,0.0,8.0,0.0,13.0,20.039375,141.3596174,21.88701420269522,1.8204614569819408,0.2638164016874681,0.0370683991865753,190.13201675643327,-0.2623792743604192,0.0349935889004216,187.6534410532616,0.2724842722630945,0.0397860230283488,377.6466786355476,2.842285090327978,0.2097717354995392,0.111514500398345,0.0145173604745375,20.060674391099585,2.322449260305919,"The CFAP97 gene encodes a protein involved in ciliary and flagellar assembly, suggesting it may play a role in cellular motility and signaling pathways. Alterations in ciliary function have been associated with various cancers through mechanisms such as disrupted cell signaling, impaired primary cilia function, and aberrant cellular proliferation. Specifically, cilia are known to play a critical role in regulating Hedgehog signaling, which, when dysregulated, can lead to tumorigenesis. Additionally, CFAP97’s involvement in maintaining cellular architecture and integrity may also contribute to oncogenic processes when mutated or misregulated. However, the direct relationship between CFAP97 and specific cancer types remains to be fully elucidated, necessitating further research.",0
PARVG,996,0.125,0.125,0.0,0.75,0.0,1.0,0.0,0.0,1.0,0.0,3.0,3.5,0.3770739064856712,1.0,0.3650967506389193,0.7329656408473681,201265.8,327.0,0.02958394,9.09355560099142e-05,15.0,0.0,0.0,0.0,0.0,0.0,0.0,0.0,0.0,0.0,0.0,0.0,1.0,6.0,1.0,0.0,0.0,0.0,0.0,1.0,0.0,0.0,0.0,0.0,0.0,0.0,9.0,0.0,9.0,19.91622222,132.7269402,23.26496691744148,0.6255422677401326,0.2289883928571429,0.0191009065145109,112.0,-0.3057481612903224,0.0318025591244399,310.0,0.2853759004739335,0.029529596436123,422.0,3.2759200274863263,0.0179742626841155,0.111514500398345,0.0145173604745375,15.961246488207127,2.7833098968024133,"The PARVG gene, which encodes a protein involved in cellular processes such as tissue remodeling and cytoskeletal organization, has been implicated in various cancers, although the exact relationship remains under investigation. One possible mechanism is that PARVG may influence cell adhesion and migration, which are critical in tumor metastasis. Dysregulation of these processes due to altered PARVG expression could facilitate cancer cell spread and invasion. Additionally, interactions between PARVG and signaling pathways that regulate cell proliferation and apoptosis might contribute to tumorigenesis. These pathways include those involving integrins and cytoskeletal dynamics, suggesting a potential role for PARVG in modulating the tumor microenvironment and impacting cancer progression.",0
ABCB6,2529,0.1538461538461538,0.0384615384615384,0.0384615384615384,0.6923076923076923,0.0,1.0,0.0769230769230769,0.0,0.918174594787168,0.0,3.6,4.4,0.4982561036372696,1.0,0.0177667229279559,0.089374221725269,773231.8,177.0,0.03644875,1.319597460535718e-05,12.0,0.0,0.0,0.0,0.0,0.0,0.0,1.0,1.0,0.0,0.0,0.0,0.0,18.0,1.0,0.0,0.0,0.0,0.0,4.0,1.0,0.0,1.0,0.0,1.0,0.0,24.0,0.0,24.0,23.03691667,73.15332556,23.52033261053436,3.044638291294864,0.2165504411764705,0.0148970039538779,136.0,-0.2563976978417266,0.0201990015714732,139.0,0.2366914181818182,0.0179113367706091,275.0,3.341107117211612,0.0176983960520164,0.0859867532415508,0.0157408503774487,18.39225617910846,2.3651099616900297,"The ABCB6 gene encodes a member of the ATP-binding cassette (ABC) transporter family, which is involved in the transport of various substrates across cellular membranes. The potential relationship between ABCB6 and cancer has been explored, as alterations in ABC transporters can influence drug resistance, tumor proliferation, and metabolism. Overexpression of ABCB6 has been linked to the efflux of chemotherapeutic agents, thereby contributing to multidrug resistance in various cancer types. Additionally, ABCB6 may play a role in modulating cellular responses to oxidative stress and regulating the intracellular levels of porphyrins, which can influence tumorigenesis. These mechanisms highlight the importance of ABCB6 in cancer biology and its potential impact on treatment outcomes.",0
PCF11,4668,0.1538461538461538,0.1282051282051282,0.0,0.6153846153846154,0.0,1.0,0.1025641025641025,0.0,0.8615959346351383,0.0,3.4285714285714284,4.714285714285714,0.2752546105147261,1.0,0.6657789613848203,0.9366162139427052,308252.1,305.0,0.009921198,2.739299105612769e-05,28.0,0.0,0.0,0.0,0.0,0.0,0.0,3.0,1.0,0.0,0.0,0.0,1.0,24.0,5.0,0.0,0.0,0.0,0.0,6.0,0.0,0.0,3.0,0.0,1.0,0.0,36.0,0.0,34.0,24.59152778,111.9668544,23.76898016554523,0.4455570249432104,0.3050665193370163,0.114074582756151,181.0,-0.2668635714285715,0.0201970461838935,154.0,0.287504567164179,0.071092841863809,335.0,3.6411861322832553,0.0031270220789031,0.0422863588113772,0.0072112291573668,25.426467185206832,0.8561126313410926,"Yes, there is a relationship between the PCF11 gene and cancer. PCF11 is involved in mRNA transcription and processing, playing a crucial role in the regulation of gene expression. Dysregulation of PCF11 can lead to aberrant splicing and altered mRNA stability, which may contribute to the oncogenic processes by promoting cellular proliferation, survival, and metastasis. Additionally, its interaction with other splicing factors and RNA-binding proteins can influence the expression of genes associated with tumor development and progression. Consequently, alterations in PCF11 expression or function may impact pathways relevant to cancer pathogenesis, highlighting its potential significance in tumor biology.",0
RABEPK,1119,0.4,0.0,0.0,0.6,0.0,1.0,0.0,0.0,1.0,0.0,1.0,1.0,1.0,1.0,0.8375209380234506,0.9860209505614828,951080.5,168.0,0.04584991,9.582809454320946e-06,9.0,0.0,0.0,2.0,0.0,0.0,0.0,0.0,0.0,0.0,0.0,0.0,0.0,3.0,0.0,0.0,0.0,0.0,0.0,2.0,0.0,0.0,0.0,0.0,0.0,0.0,7.0,0.0,7.0,13.15514286,58.37979414,23.214231375670145,0.7738320845884814,0.2362129078014185,0.0128206557293414,141.0,-0.2383658365758755,0.0169945138415825,257.0,0.2376031155778896,0.0154808800028631,398.0,3.336929250678069,0.0057593954350931,0.0859809239191759,0.0099327955690998,21.69711530604026,4.806151659785505,"The RABEPK gene encodes a member of the Rab family of small GTPases, which are pivotal in regulating intracellular trafficking and membrane dynamics. Alterations in the function of RAB proteins can disrupt several cellular processes, including endocytosis, exocytosis, and signal transduction, potentially leading to oncogenic transformations. Aberrant expression or mutations in RABEPK may influence pathways such as the PI3K-Akt signaling cascade, contributing to cancer cell proliferation, survival, and metastasis. While a direct causal relationship between RABEPK and specific cancer types remains an area of ongoing research, there is evidence suggesting that dysregulation of RAB proteins can be implicated in the tumorigenic processes across various cancers.",0
FBXL13,2208,0.2105263157894736,0.0526315789473684,0.0,0.6842105263157895,0.0,1.0,0.0526315789473684,0.0,0.975220114382459,0.0,2.6,3.0,0.8257638315441783,1.0,0.3396739130434783,0.7064433426856759,720635.7,510.0,0.03037368,1.157695565453787e-06,2.0,0.0,0.0,0.0,0.0,0.0,0.0,1.0,0.0,0.0,0.0,0.0,7.0,13.0,1.0,0.0,0.0,0.0,0.0,4.0,0.0,0.0,1.0,0.0,0.0,0.0,25.0,0.0,25.0,12.07316,92.45623872,21.88701420269522,1.8204614569819408,0.3482524355971895,0.0643294484330211,387.0,-0.300117328244275,0.0995790680412683,115.0,0.3369518996415767,0.0728579741475519,494.0,2.855413938369986,0.0719648426519523,0.0808632412095438,0.0132779758470437,20.060674391099585,2.322449260305919,"The FBXL13 gene encodes an F-box protein that is part of the SKP1-CUL1-F-box (SCF) E3 ubiquitin ligase complex, which plays a crucial role in targeting substrates for ubiquitination and subsequent proteasomal degradation. Aberrant regulation of ubiquitination pathways has been implicated in various malignancies, as they can affect the stability and activity of key oncogenic and tumor-suppressor proteins. Additionally, alterations in FBXL13 expression or function may disrupt cellular homeostasis, contributing to tumor progression and metastasis. While specific links between FBXL13 and cancer remain under investigation, its involvement in the ubiquitin-proteasome system suggests a potential role in cancer biology through the modulation of protein degradation pathways that influence cell cycle regulation, apoptosis, and response to stress stimuli.",0
ECT2L,2715,0.1851851851851851,0.1111111111111111,0.074074074074074,0.6296296296296297,0.0,1.0,0.0,0.0,0.9095695357581526,0.0,2.833333333333333,3.6666666666666665,0.1877229209686502,1.0,0.3125976867771178,0.6760982372514477,336688.0,610.0,0.01960624,0.0,1.0,0.0,0.0,0.0,0.0,0.0,0.0,0.0,0.0,0.0,0.0,0.0,0.0,17.0,3.0,0.0,0.0,0.0,0.0,5.0,2.0,0.0,0.0,0.0,0.0,0.0,27.0,0.0,20.0,19.46518519,165.9777316,19.9943009184975,0.3167388421961293,0.2456766981132074,0.0210491121537556,106.0,-0.2755144981412639,0.0228775669099151,269.0,0.2670803466666666,0.022484065008703,375.0,2.501094262889507,0.2824259806523924,0.5005984579375816,0.0361440758155203,20.060674391099585,2.322449260305919,"The ECT2L gene has been implicated in various cancer-related processes, particularly in the regulation of cell division and cytokinesis. ECT2L encodes a protein that functions as a guanine nucleotide exchange factor (GEF) for Rho GTPases, which play crucial roles in cytoskeletal dynamics and cell cycle progression. Dysregulation of Rho GTPases can lead to abnormal cell proliferation and tumorigenesis. Additionally, ECT2L may influence apoptosis and cellular signaling pathways that are frequently altered in cancer. Studies have suggested that aberrant expression of ECT2L could contribute to the invasiveness and metastatic potential of tumor cells, highlighting its potential relevance in cancer biology.",0
CCL27,339,0.0,0.0,0.0,1.0,0.0,1.0,0.0,0.0,1.0,0.0,1.0,1.0,1.0,1.0,0.5025125628140703,0.8483088636866337,731413.4,298.0,0.05119004,0.0,0.0,0.0,0.0,0.0,0.0,0.0,0.0,0.0,0.0,0.0,0.0,0.0,0.0,0.0,0.0,0.0,0.0,0.0,0.0,0.0,1.0,0.0,0.0,0.0,0.0,0.0,1.0,0.0,1.0,24.7,0.0,21.88701420269522,1.8204614569819408,0.2796071502590675,0.0424109341986074,193.0,-0.2618386111111112,0.0271490431604336,288.0,0.2689681912681912,0.0332732484035966,481.0,0.2417109489911909,0.2840123310865455,0.111514500398345,0.0145173604745375,20.060674391099585,2.322449260305919,"Yes, there is evidence to suggest a relationship between the CCL27 gene and cancer. CCL27 encodes a chemokine involved in the recruitment of immune cells to sites of inflammation and tissue repair. In the context of cancer, aberrant expression of CCL27 can influence tumor microenvironments by modulating immune cell infiltration and promoting inflammatory responses, which may either suppress or enhance tumor progression depending on the context. Elevated CCL27 levels have been associated with malignancies such as melanoma, where it can facilitate the chemotaxis of T cells and other immune components into the tumor, potentially contributing to a pro-tumorigenic environment. Furthermore, its interactions with various receptors can alter signaling pathways linked to tumor growth, angiogenesis, and metastasis, highlighting its dual role in cancer biology.",0
STS,1752,0.2916666666666667,0.0833333333333333,0.0,0.5416666666666666,0.0,1.0,0.0833333333333333,0.0,0.9272985693381562,0.0,1.625,2.125,0.3915426781519185,1.0,0.327653997378768,0.693249381855246,61316.5,444.4009897808343,0.0234284999999999,0.0,0.0,0.0,0.0,0.0,0.0,0.0,0.0,1.0,1.0,0.0,0.0,0.0,0.0,13.0,2.0,0.0,0.0,0.0,0.0,7.0,0.0,0.0,1.0,0.0,1.0,0.0,22.0,0.0,17.0,14.94822727,121.0076932,19.38093414180412,1.4088133147983717,0.2441926249999998,0.0385487407056803,80.0,-0.3054510360360358,0.0601509535251661,222.0,0.2892236423841057,0.055014596447154,302.0,3.4614998882936003,0.0172411403421312,0.0257286115244157,0.0009819563063213,20.060674391099585,2.322449260305919,"Yes, there is a relationship between the STS (steroid sulfatase) gene and cancer. The STS gene encodes an enzyme that catalyzes the hydrolysis of sulfate esters, particularly in steroid hormones, which influences hormone availability and signaling. Aberrant expression of STS has been implicated in various cancers, including breast and prostate cancer, as it can lead to increased levels of active estrogens or androgens in tumor tissues. This dysregulation may drive tumor growth and progression through enhanced proliferative signals and inhibition of apoptosis. Furthermore, the alteration in steroid metabolism linked to STS expression can contribute to the tumor microenvironment, affecting angiogenesis and immune response, thereby further complicating the cancer landscape.",0
NFATC3,3228,0.217391304347826,0.1304347826086956,0.0,0.6086956521739131,0.0,1.0,0.0434782608695652,0.0,0.9231079201886944,0.0,2.333333333333333,3.0,0.2512562814070351,1.0,0.9049773755656108,0.995335144768974,882378.0,152.0,0.04295894,1.6951811688254916e-05,10.0,0.0,0.0,0.0,0.0,0.0,0.0,1.0,0.0,0.0,0.0,0.0,0.0,14.0,3.0,0.0,0.0,0.0,0.0,5.0,0.0,0.0,1.0,0.0,0.0,0.0,22.0,0.0,19.0,22.16304545,81.52879928,21.66456069321073,0.6933157093323918,0.2379198124999998,0.0201439191829834,160.0,-0.3104645070422536,0.0325009160144964,211.0,0.2793461394101875,0.0284245133931203,370.0,3.5554609210999035,0.0037055861272544,0.052909536637506,0.0139041393456614,22.274080884277005,2.887561363992768,"Yes, there is a relationship between the NFATC3 gene and cancer. NFATC3 (Nuclear Factor of Activated T-cells Cytoplasmic 3) plays a significant role in the regulation of immune responses and cellular differentiation. Dysregulation of NFATC3 has been implicated in various malignancies, where it may contribute to tumorigenesis through mechanisms such as the modulation of apoptosis, enhancement of cell proliferation, and promotion of epithelial-to-mesenchymal transition (EMT). Furthermore, NFATC3 can interact with other oncogenic pathways, influencing the tumor microenvironment and immune evasion strategies in cancer cells. Consequently, aberrant expression or activity of NFATC3 may facilitate cancer progression and metastasis.",0
CFAP57,3852,0.1842105263157894,0.1578947368421052,0.0,0.6578947368421053,0.0,1.0,0.0,0.0,0.9121970432013288,0.0,3.125,3.875,0.0775073631995039,1.0,0.6887052341597796,0.9455522840238322,1068006.0,294.0,0.02977922,0.0,0.0,0.0,0.0,1.0,0.0,0.0,0.0,0.0,0.0,0.0,0.0,0.0,2.0,25.0,6.0,0.0,0.0,0.0,0.0,7.0,1.0,0.0,0.0,1.0,0.0,0.0,41.0,0.0,26.0,21.10568293,133.2428155,21.88701420269522,1.8204614569819408,0.2638164016874681,0.0370683991865753,190.13201675643327,-0.2623792743604192,0.0349935889004216,187.6534410532616,0.2724842722630945,0.0397860230283488,377.6466786355476,2.842285090327978,0.2097717354995392,0.111514500398345,0.0145173604745375,20.060674391099585,2.322449260305919,"The CFAP57 gene, involved in cilia formation and motility, has been implicated in certain cancer types through its role in cellular signaling pathways and tissue homeostasis. Disruption of ciliary function can lead to dysregulation of pathways such as Hedgehog and Wnt, which are critical in cell proliferation and differentiation. Abnormal activation or suppression of these pathways due to CFAP57 dysfunction may result in increased cellular growth, survival, and invasiveness, potentially contributing to tumorigenesis. Additionally, alterations in cilia structure and function have been associated with the development of certain cancers, suggesting a mechanistic link between CFAP57 and oncogenesis. However, comprehensive studies are still needed to fully elucidate the relationship and the specific roles of CFAP57 in cancer biology.",0
PPP2R2B,1650,0.2352941176470588,0.0,0.0,0.7058823529411765,0.0,1.0,0.0588235294117647,0.0,0.9712175832802088,0.0,2.4,2.6,1.0,1.0,0.049830576041459,0.1992787774876424,309460.5,509.0,0.0005797292,0.000107706346074,44.0,0.0,0.0,0.0,0.0,0.0,0.0,1.0,0.0,0.0,0.0,0.0,4.0,11.0,0.0,0.0,0.0,0.0,0.0,4.0,1.0,0.0,1.0,0.0,0.0,0.0,20.0,0.0,18.0,22.55565,110.821734,21.46817202694345,7.355255290652873,0.2674091623036648,0.0147117880898208,190.0,-0.2488431838565021,0.0167233992983759,222.0,0.2574086473429952,0.0158433346882385,412.0,2.848370106472734,0.1757832988444817,0.112368985929593,0.0160102220282596,15.25114190914955,0.9967966630558112,"Yes, there is a relationship between the PPP2R2B gene and cancer. PPP2R2B encodes a regulatory subunit of protein phosphatase 2A (PP2A), which is crucial for various cellular processes including cell growth, differentiation, and apoptosis. Alterations in PP2A activity, often due to mutations or dysregulation of its regulatory subunits like PPP2R2B, can lead to aberrant signaling pathways that promote oncogenesis. These changes can disrupt the balance of phosphorylation states of key substrates involved in cell cycle regulation and tumor suppression, facilitating uncontrolled cell proliferation and survival. Additionally, the loss of PPP2R2B has been associated with increased activity of oncogenic pathways and decreased apoptosis, further linking it to cancer development and progression.",0
APBB2,2280,0.1739130434782608,0.0434782608695652,0.0434782608695652,0.6956521739130435,0.0,1.0,0.0434782608695652,0.0,0.9542983513362336,0.0,3.2,3.8,0.3404834865509023,1.0,0.1537988311288834,0.4417271334791932,227094.8,394.0,0.03861029,0.0002053593080647,22.0,0.0,0.0,0.0,0.0,0.0,0.0,1.0,0.0,0.0,0.0,0.0,0.0,15.0,1.0,0.0,0.0,0.0,0.0,4.0,2.0,0.0,1.0,0.0,0.0,0.0,22.0,0.0,22.0,21.98668182,111.9445202,22.52274458819392,0.8090566368585378,0.2259739655172414,0.0131484314676161,115.0,-0.2625966814159293,0.0188136300053824,226.0,0.2501749415204679,0.0171494070508763,340.0,3.59016059091604,0.0110227850066627,0.0763916433848182,0.0089705164696347,23.55786998557772,0.9012597632229624,"The APBB2 gene has been implicated in several cellular processes that could relate to cancer biology. It encodes a protein involved in the Wnt signaling pathway, which plays a critical role in cell proliferation, differentiation, and survival. Dysregulation of Wnt signaling is frequently associated with various cancers, as it can lead to uncontrolled cell growth and tumorigenesis. Additionally, APBB2 may interact with other proteins involved in the regulation of gene expression and cellular signaling pathways, potentially affecting tumor suppressor functions or oncogenic activities. Alterations or mutations in APBB2 can disrupt these interactions, thereby contributing to the molecular changes observed in cancer cells.",0
THTPA,693,0.0,0.0,0.0,0.6666666666666666,0.0,1.0,0.3333333333333333,0.0,1.0,0.0,2.0,3.0,1.0,1.0,0.3209242618741977,0.6856707727883511,1250373.0,553.0,0.03509139,6.77076351959487e-06,12.0,0.0,0.0,1.0,0.0,0.0,0.0,1.0,0.0,0.0,0.0,0.0,0.0,2.0,0.0,0.0,0.0,0.0,0.0,0.0,0.0,0.0,1.0,0.0,0.0,0.0,3.0,0.0,3.0,17.09,44.8441,23.830875128885506,1.2321952039316213,0.2509072455089819,0.027773570692367,167.0,-0.2843123430962341,0.0228033883717977,239.0,0.2705718226600985,0.0250551135462993,406.0,3.2538216790851884,0.0075096393971674,0.0566076517707705,0.0078563588370083,17.144559750024595,1.6382895278118983,"The THTPA gene, which encodes a protein involved in various metabolic processes, has been implicated in cancer biology through its potential roles in cell proliferation and apoptosis. Dysregulation of this gene may lead to alterations in metabolic pathways that support tumor growth. For instance, the involvement of THTPA in the synthesis of certain metabolites could impact cellular redox status and signaling pathways, promoting an environment conducive to oncogenic transformation. Additionally, aberrant expression of THTPA may influence cellular responses to stress and damage, contributing to genomic instability—one of the hallmarks of cancer. However, the precise mechanisms linking THTPA to specific cancer types remain to be fully elucidated.",0
TVP23B,618,0.0,0.0,0.0,1.0,0.0,1.0,0.0,0.0,1.0,0.0,2.0,2.0,1.0,1.0,0.2585315408479835,0.6082568711455656,832901.9,284.0,-0.006656252,0.0,0.0,0.0,0.0,0.0,0.0,0.0,0.0,0.0,0.0,0.0,0.0,0.0,0.0,2.0,0.0,0.0,0.0,0.0,0.0,0.0,0.0,0.0,0.0,0.0,0.0,0.0,2.0,0.0,2.0,23.6,38.72,21.88701420269522,1.8204614569819408,0.3015159999999998,0.1129757668782022,90.0,-0.2852808312958435,0.0221625678767582,409.0,0.2882090180360721,0.0383867763948169,499.0,3.5009623885951338,0.0057291743939488,0.111514500398345,0.0145173604745375,20.060674391099585,2.322449260305919,"The relationship between the TVP23B gene and cancer is not well-established in the current scientific literature. TVP23B is involved in cellular processes such as membrane trafficking and autophagy, and alterations in these pathways can contribute to cancer development or progression. Dysregulation of autophagy may lead to tumorigenesis by affecting cellular stress responses, impacting metabolic pathways, and influencing apoptosis. However, more research is needed to elucidate the specific mechanisms linking TVP23B to cancer, as well as to determine the extent of its involvement in various cancer types.",0
HMCN1,16908,0.2019704433497537,0.0738916256157635,0.0147783251231527,0.6699507389162561,0.0147783251231527,0.9950670065032784,0.0394088669950738,0.0,0.9145495369810362,0.0,3.238095238095238,3.857142857142857,0.3888024883359253,0.6428259921500218,0.4361098996947231,0.6368665253439176,260399.8,509.0,-0.019329,9.05324271089669e-08,3.0,0.0,0.0,0.0,0.0,0.0,0.0,6.0,1.0,0.0,0.0,0.0,0.0,136.0,14.0,0.0,0.0,0.0,0.0,40.0,7.0,0.0,7.0,1.0,1.0,0.0,195.0,0.0,119.0,21.15154872,113.5550517,24.189532862270287,3.9438955726276026,0.2805203608247422,0.0284187115404379,387.0,-0.2591372727272727,0.0293468742016913,42.0,0.2783424537037037,0.0284872999169352,429.0,3.5632615825110734,0.0624648401026658,0.111514500398345,0.0145173604745375,15.548711018508437,1.6681119810704006,"The relationship between the HMCN1 gene and cancer is currently not well-established. However, it has been suggested that HMCN1 may play a role in cellular processes such as cell adhesion and signaling, which are critical for maintaining tissue integrity and regulating cell behavior. Dysregulation of these processes can contribute to tumorigenesis by promoting features such as invasion, metastasis, and altered cellular communication. Further research is needed to elucidate any specific mechanisms linking HMCN1 expression or mutation to cancer progression or susceptibility.",0
TGM2,2064,0.2962962962962963,0.037037037037037,0.0,0.6666666666666666,0.0,1.0,0.0,0.0,0.9844214875661372,0.0,2.0,2.111111111111111,0.7225433526011561,1.0,0.1399776035834266,0.4152117642181129,565544.7,141.0,0.04052972,0.0003021129527342,63.0,0.0,0.0,0.0,0.0,0.0,0.0,0.0,0.0,0.0,0.0,0.0,6.0,17.0,1.0,0.0,0.0,0.0,0.0,7.0,1.0,0.0,0.0,0.0,0.0,0.0,32.0,0.0,27.0,15.266,120.6949979,28.28703101208763,1.7112318805315512,0.3384129829545456,0.0522240241395096,351.0,-0.2253615254237288,0.0218392128855639,59.0,0.3221841849148421,0.0493734571809803,410.0,3.68142474146429,0.0294212171551956,0.0486517746248614,0.0130851104531121,21.78562232909029,1.9234682501479352,"Yes, there is a relationship between the TGM2 gene and cancer. Tissue transglutaminase (TGM2), encoded by this gene, is involved in various cellular processes including apoptosis, cell signaling, and the stabilization of extracellular matrix proteins. In the context of cancer, TGM2 can contribute to tumor progression and metastasis through its role in promoting cell survival and proliferation, as well as enhancing the invasiveness of cancer cells. The enzyme is often overexpressed in several malignancies, which may lead to alterations in the tumor microenvironment, facilitating angiogenesis and immune evasion. Additionally, TGM2's involvement in the regulation of cellular stress response pathways can further support cancer cell resilience in adverse conditions, making it a focal point in understanding the molecular underpinnings of tumor biology.",0
SLC11A1,1653,0.2142857142857142,0.0714285714285714,0.0,0.5,0.0,1.0,0.2142857142857142,0.0,0.8499145514073181,0.0,1.75,2.75,0.4518752824220515,1.0,0.324254215304799,0.6894382152078739,734741.5,197.0,0.03669609,0.0,0.0,0.0,0.0,0.0,0.0,0.0,0.0,3.0,0.0,0.0,0.0,0.0,1.0,6.0,1.0,0.0,0.0,0.0,0.0,3.0,1.0,0.0,3.0,0.0,0.0,0.0,12.0,0.0,14.0,16.32183333,190.3710754,19.476591501643195,0.7735360943739448,0.2209669014084506,0.0153632877506143,141.0,-0.2571507971014493,0.0193365862438855,138.0,0.238800392857143,0.0175876931392716,279.0,3.2620168022185534,0.0440838724955422,0.111514500398345,0.0145173604745375,19.038318226121984,2.354834171108142,"The SLC11A1 gene, known for its role in iron metabolism and innate immune responses, has garnered interest in relation to cancer. Alterations in iron homeostasis can influence tumor growth and progression, as many cancers exhibit dysregulated iron metabolism, which can promote oxidative stress and enhance proliferation. Additionally, SLC11A1 can affect macrophage activation and cytokine profiles, potentially influencing the tumor microenvironment and immune evasion mechanisms. Variants of the SLC11A1 gene may also impact susceptibility to certain cancers through their effects on inflammatory responses and the modulation of host-pathogen interactions, as chronic inflammation is a recognized risk factor for cancer development. However, the precise mechanisms linking SLC11A1 to various cancer types require further investigation to establish definitive connections.",0
NUFIP1,1488,0.1666666666666666,0.0,0.0,0.8333333333333334,0.0,1.0,0.0,0.0,1.0,0.0,2.5,2.5,1.0,1.0,0.0695410292072322,0.2549261719257928,685617.4,360.0,0.03234761,0.0006423235632263,94.0,0.0,0.0,0.0,0.0,0.0,0.0,0.0,0.0,0.0,0.0,0.0,0.0,5.0,0.0,0.0,0.0,0.0,0.0,1.0,0.0,0.0,0.0,0.0,0.0,0.0,6.0,0.0,5.0,18.99666667,48.68650667,19.837980957834297,1.704951544202106,0.2863404697986577,0.0349482641072102,149.0,-0.3076146546546546,0.0325234772038713,333.0,0.3010381950207469,0.0332988090559868,482.0,3.177329973348662,0.0060582277802272,0.0616528576928103,0.0100148003846418,20.955643953536363,1.3028477189029224,"The relationship between the NUFIP1 gene and cancer is still being investigated, but emerging evidence suggests that it may play a role in tumorigenesis. NUFIP1 is involved in biological processes such as RNA metabolism and cellular response to stress, which are crucial in maintaining cellular homeostasis. Dysregulation of these processes can lead to aberrant cell proliferation and survival, characteristics of cancer. Additionally, NUFIP1 has been implicated in pathways related to cell cycle regulation and apoptosis, suggesting that altered expression or function of this gene may contribute to cancer development. However, further research is needed to fully elucidate the precise mechanisms by which NUFIP1 may influence cancer biology.",0
PKIA,231,0.75,0.0,0.0,0.25,0.0,1.0,0.0,0.0,1.0,0.0,0.25,0.25,1.0,1.0,0.778816199376947,0.9735048327630604,46989.0,984.0,-0.0019813639999999,8.945080953848606e-07,4.0,0.0,0.0,0.0,0.0,0.0,0.0,0.0,0.0,0.0,0.0,0.0,0.0,1.0,0.0,0.0,0.0,0.0,0.0,3.0,0.0,0.0,0.0,0.0,0.0,0.0,4.0,0.0,4.0,15.52,81.40286667,20.72342084110575,4.096401690347039,0.3307002891566264,0.0485711034119934,415.0,-0.2673398529411765,0.0231236106522168,68.0,0.3217799792960661,0.0454196567151448,483.0,3.022762434926426,0.1196832627083393,0.1144206075905517,0.0174784627353472,16.808438868206306,0.4170881500589189,"The relationship between the PKIA gene and cancer is not extensively characterized, but some studies suggest that it may play a role in modulating cellular processes relevant to tumorigenesis. PKIA encodes a protein that acts as an inhibitor of protein kinase A (PKA), which is involved in various signaling pathways that regulate cell growth, differentiation, and apoptosis. Dysregulation of PKA signaling due to altered PKIA expression might influence cancer cell proliferation and survival. Furthermore, changes in the expression or function of PKIA could affect the apoptotic response and cellular metabolism, thereby contributing to the malignant phenotype. However, specific connections between PKIA mutations or expression changes and particular cancer types remain largely unexplored and warrant further investigation.",0
ONECUT2,1515,0.25,0.0,0.0833333333333333,0.6666666666666666,0.0,1.0,0.0,0.0,1.0,0.0,2.0,2.25,0.2079002079002079,1.0,0.2379819133745835,0.5796193723043335,300344.0,480.0,0.01485598,0.0,1.0,0.0,0.0,0.0,0.0,0.0,0.0,0.0,0.0,0.0,0.0,0.0,1.0,9.0,0.0,0.0,0.0,0.0,0.0,3.0,1.0,0.0,0.0,0.0,0.0,0.0,13.0,1.0,14.0,23.60646154,102.8938961,21.88701420269522,1.8204614569819408,0.2664847222222222,0.0288503457429127,108.0,-0.2783486716791979,0.0228040332291356,399.0,0.2758214398422089,0.0240611767135353,507.0,2.737750735450252,0.5392576318593388,0.0981331624274713,0.0142462292672298,14.8035164535094,2.040876277786857,"The ONECUT2 gene is implicated in several mechanisms relevant to cancer biology. It encodes a transcription factor that plays a crucial role in the regulation of gene expression involved in cell differentiation, proliferation, and apoptosis. Dysregulation of ONECUT2 can lead to aberrant activation or repression of target genes associated with tumorigenesis, including those involved in cell cycle regulation and survival pathways. Its expression has been correlated with various cancer types, suggesting that ONECUT2 may influence oncogenic processes such as epithelial-mesenchymal transition (EMT) and metabolic reprogramming. Additionally, the interplay between ONECUT2 and signaling pathways, such as those mediated by growth factors, enhances its potential role in cancer progression and metastasis. However, further research is necessary to fully elucidate the mechanisms by which ONECUT2 contributes to cancer pathogenesis.",0
ALG1L2,648,0.3333333333333333,0.0,0.0,0.6666666666666666,0.0,1.0,0.0,0.0,1.0,0.0,1.0,1.0,1.0,1.0,0.2551020408163265,0.6035948096434621,649122.9543319192,444.4009897808343,0.0198885680771551,0.0,0.0,0.0,0.0,0.0,0.0,0.0,0.0,0.0,0.0,0.0,0.0,0.0,0.0,2.0,0.0,0.0,0.0,0.0,0.0,1.0,0.0,0.0,0.0,0.0,0.0,0.0,3.0,0.0,3.0,10.239,43.279473,21.88701420269522,1.8204614569819408,0.2760066889632108,0.0275122654651747,299.0,-0.2435945054945056,0.017442504620586,91.0,0.2684438461538461,0.0253001898993079,390.0,2.842285090327978,0.2097717354995392,0.111514500398345,0.0145173604745375,20.060674391099585,2.322449260305919,"The relationship between the ALG1L2 gene and cancer is currently not well characterized in the scientific literature. However, ALG1L2 is involved in the biosynthesis of asparagine-linked glycoproteins, a process crucial for proper protein folding and cellular signaling. Alterations in glycosylation pathways can impact tumor progression, immune evasion, and metastasis, suggesting a potential indirect role for ALG1L2 in cancer biology. Dysregulation of glycoprotein synthesis could influence cell adhesion, migration, or response to the tumor microenvironment, which may contribute to oncogenic processes. Further research is needed to elucidate any direct connections between ALG1L2 expression or mutation and specific cancer phenotypes.",0
NHLRC3,1044,0.25,0.0,0.0,0.75,0.0,1.0,0.0,0.0,1.0,0.0,1.5,1.5,1.0,1.0,0.5060728744939271,0.8507462547194716,150238.5,998.0,0.01109202,5.028303249690226e-06,8.0,0.0,0.0,0.0,0.0,0.0,0.0,0.0,0.0,0.0,0.0,0.0,0.0,3.0,0.0,0.0,0.0,0.0,0.0,1.0,0.0,0.0,0.0,0.0,0.0,0.0,4.0,0.0,4.0,13.52925,98.07696092,22.46527089597749,1.1315499710669412,0.2983266091954022,0.0357551744132914,174.0,-0.2854205431309903,0.0255023050211784,313.0,0.2900317453798766,0.0291378431000338,487.0,3.491227560865083,0.0047673024807514,0.076550182624783,0.0079555252160981,20.060674391099585,2.322449260305919,"The NHLRC3 gene has been implicated in various cellular processes, and emerging research suggests a potential relationship between NHLRC3 and cancer. NHLRC3 may play a role in regulating cellular stress responses and autophagy, processes that are often dysregulated in cancerous cells. Its involvement in the modulation of immune responses and inflammatory pathways could also affect tumor microenvironments and the immune evasion mechanisms employed by tumors. Additionally, alterations in the expression or function of NHLRC3 could influence cell proliferation and apoptosis, further contributing to tumorigenesis. While specific mechanisms linking NHLRC3 directly to cancer pathways are still being elucidated, its involvement in fundamental cellular processes makes it a gene of interest in cancer research.",0
MROH7,3972,0.3478260869565217,0.0869565217391304,0.0217391304347826,0.5434782608695652,0.0,1.0,0.0,0.0,0.9543078378440282,0.0,1.4705882352941178,1.7647058823529411,0.3362474781439139,1.0,0.9940357852882704,0.999982178605912,652891.7,415.0,0.0152613,0.0,0.0,0.0,0.0,0.0,0.0,0.0,0.0,0.0,0.0,0.0,0.0,0.0,5.0,24.0,3.0,0.0,0.0,0.0,0.0,16.0,3.0,0.0,0.0,0.0,0.0,0.0,51.0,0.0,41.0,12.04662745,129.6171279,21.88701420269522,1.8204614569819408,0.2196699999999999,0.0170372715648855,129.0,-0.2365327979274613,0.0171238278327558,191.0,0.2296839076923076,0.0171047758306704,320.0,2.763413362144478,0.3294833432622159,0.111514500398345,0.0145173604745375,20.060674391099585,2.322449260305919,"The relationship between the MROH7 gene and cancer is currently unknown. However, if explored in future research, potential mechanisms could involve its role in cellular processes such as transcription regulation, apoptosis, or cellular signaling pathways that may influence tumorigenesis. Given that many genes associated with cellular mechanics can impact cancer development through dysregulation, understanding the specific functions of MROH7 could provide insights into its potential involvement in oncogenic pathways, cell proliferation, or the tumor microenvironment.",0
TRAPPC9,3741,0.2051282051282051,0.0,0.0,0.717948717948718,0.0,1.0,0.0769230769230769,0.0,0.9672300732331964,0.0,3.111111111111111,3.4444444444444446,1.0,1.0,0.0217490593531829,0.1050084771420037,327070.8,689.0,0.01648436,0.000106703700789,22.0,0.0,0.0,2.0,0.0,0.0,0.0,3.0,0.0,0.0,0.0,0.0,4.0,28.0,0.0,0.0,0.0,0.0,0.0,8.0,0.0,0.0,4.0,0.0,0.0,0.0,41.0,0.0,37.0,17.74034146,102.5345079,24.282580363976955,0.2171664300503163,0.3787513569937372,0.074053816684138,463.0,-0.2653683333333334,0.0274212568760563,69.0,0.3639354264972778,0.0693623522495904,529.0,3.458355035181219,0.0107608982621272,0.111514500398345,0.0145173604745375,21.603486139728563,1.381490076029685,"The TRAPPC9 gene has been implicated in various cellular processes, including vesicle transport and signaling pathways that are crucial for cell growth and differentiation. Dysregulation of TRAPPC9 has been associated with abnormal cellular proliferation and survival, potentially contributing to tumorigenesis. Mechanistically, alterations in TRAPPC9 expression or function may disrupt endosomal and Golgi apparatus trafficking, leading to aberrant signal transduction related to oncogenes or tumor suppressor pathways. This dysregulation can affect critical processes such as apoptosis, immune response, and cellular migration, which are pivotal in cancer development and progression. Additionally, TRAPPC9 has been suggested to interact with pathways like NF-κB and mTOR, further connecting its functionality to mechanisms involved in cancer biology.",0
DCAF4L1,1191,0.2,0.0,0.0,0.7333333333333333,0.0,1.0,0.0666666666666666,0.0,0.9658722633586913,0.0,2.75,3.0,1.0,1.0,0.376081233546446,0.7438699181124042,272280.6,261.0,0.02521655,0.0,3.0,0.0,0.0,0.0,0.0,0.0,0.0,0.0,1.0,0.0,0.0,0.0,0.0,11.0,0.0,0.0,0.0,0.0,0.0,3.0,0.0,0.0,0.0,0.0,1.0,0.0,14.0,0.0,14.0,13.44114286,42.15274198,21.88701420269522,1.8204614569819408,0.2313738524590164,0.0170237329627218,122.0,-0.259347668161435,0.0185080003512947,223.0,0.2494554782608697,0.0181115024382153,345.0,2.563332471167356,0.0964331001325151,0.111514500398345,0.0145173604745375,20.060674391099585,2.322449260305919,"The DCAF4L1 gene is involved in various cellular processes, including the regulation of cellular stress responses and the modulation of protein degradation pathways such as ubiquitin-proteasome. Alterations in these pathways can contribute to tumorigenesis by affecting the stability and activity of oncogenic factors or tumor suppressors. Additionally, DCAF4L1 may impact the cellular response to DNA damage, which is pivotal for maintaining genomic integrity. Dysregulation of these mechanisms could potentially lead to enhanced cell proliferation, evasion of apoptosis, or increased metastatic potential in cancer cells, suggesting a possible link between DCAF4L1 and cancer progression. However, further research is necessary to elucidate the specific roles and mechanisms involved in the context of different cancer types.",0
COX19,273,0.3333333333333333,0.3333333333333333,0.0,0.3333333333333333,0.0,1.0,0.0,0.0,1.0,0.0,0.5,1.0,0.4568296025582458,1.0,0.8561643835616438,0.9891206202106466,765059.6,346.0,0.03367729,0.0,0.0,0.0,0.0,0.0,0.0,0.0,0.0,0.0,0.0,0.0,0.0,0.0,0.0,1.0,1.0,0.0,0.0,0.0,0.0,1.0,0.0,0.0,0.0,0.0,0.0,0.0,3.0,0.0,2.0,19.92633333,285.8892803,23.88048774391548,0.3123754568112109,0.3036221182266009,0.0252437121530328,406.0,-0.3080762809917355,0.0483345460635537,121.0,0.3046448007590132,0.03046710714554,527.0,3.3393353978652267,0.0049541869058282,0.0291108310238862,0.005527930057165,17.195278279427974,0.7613245779782738,"The COX19 gene, which encodes a mitochondrial protein involved in the assembly of cytochrome c oxidase, has been implicated in the regulation of mitochondrial function and oxidative phosphorylation. Dysregulation of mitochondrial bioenergetics is often associated with cancer, where alterations in metabolism can promote tumorigenesis and support increased cell proliferation. While a direct causal relationship between COX19 and cancer remains unclear, potential mechanisms include its influence on reactive oxygen species (ROS) production, which can lead to oxidative stress and DNA damage; cellular metabolic shifts that favor anaerobic glycolysis in tumor cells; and alterations in apoptosis pathways due to impaired mitochondrial function. These factors together may contribute to the cancer phenotype, suggesting that COX19 could play a role in the complexity of cancer biology. However, specific connections between COX19 and particular cancer types are still being investigated.",0
CSF2,435,0.0,0.0,0.3333333333333333,0.6666666666666666,0.0,1.0,0.0,0.0,1.0,0.0,2.0,3.0,0.1310959622443628,1.0,0.5313496280552603,0.867340616983628,362855.1,407.0,0.0211507999999999,7.1934039665986615e-06,12.0,0.0,0.0,0.0,0.0,0.0,0.0,0.0,0.0,0.0,0.0,0.0,0.0,2.0,0.0,0.0,0.0,0.0,0.0,0.0,1.0,0.0,0.0,0.0,0.0,0.0,3.0,0.0,3.0,16.36766667,209.2945363,21.88701420269522,1.8204614569819408,0.2613442352941175,0.0143891685263348,170.0,-0.2518912244897959,0.01802470958456,245.0,0.2557635421686747,0.0165187605301763,415.0,1.5563137829382003,1.0541857107819064,0.111514500398345,0.0145173604745375,20.060674391099585,2.322449260305919,"Yes, there is a relationship between the CSF2 gene, which encodes granulocyte-macrophage colony-stimulating factor (GM-CSF), and cancer. GM-CSF plays a crucial role in hematopoiesis and the regulation of immune responses, particularly in the differentiation and activation of macrophages and dendritic cells. Elevated levels of GM-CSF have been observed in various tumors, where it can contribute to the tumor microenvironment by promoting inflammation, enhancing angiogenesis, and facilitating immune evasion. This cytokine can potentially skew the immune response toward a tumor-promoting phenotype by supporting the survival and function of myeloid-derived suppressor cells (MDSCs) and regulatory T cells (Tregs), which can inhibit effective anti-tumor immunity. Additionally, GM-CSF may influence the growth and metastasis of cancer cells through interactions with various signaling pathways, including those involved in cell proliferation and survival.",0
B4GALT5,1167,0.5,0.0,0.0,0.3333333333333333,0.0,1.0,0.1666666666666666,0.0,1.0,0.0,0.5,0.75,1.0,1.0,0.835421888053467,0.9856461374902558,1040657.0,132.0,0.05541325,1.4504767064043584e-05,7.0,0.0,0.0,0.0,0.0,0.0,0.0,1.0,0.0,0.0,0.0,0.0,0.0,3.0,0.0,0.0,0.0,0.0,0.0,2.0,1.0,0.0,1.0,1.0,0.0,0.0,5.0,0.0,7.0,16.1746,140.9165958,18.7151151640577,0.9208763100221788,0.3397293802816902,0.0509810819510273,355.0,-0.2236439285714286,0.0204472124861039,56.0,0.3239123844282239,0.0483505448801542,411.0,3.643190200329878,0.0064635625734637,0.0416182923696724,0.0104941312922385,20.060674391099585,2.322449260305919,"The B4GALT5 gene encodes a protein involved in the synthesis of glycosaminoglycans and glycoproteins, which are critical for cell signaling, adhesion, and interactions within the extracellular matrix. Dysregulation of B4GALT5 has been implicated in cancer through mechanisms such as altered glycosylation patterns that can affect tumor progression, immune evasion, and metastasis. For example, aberrant expression of glycosyltransferases, including those encoded by B4GALT5, has been linked to changes in cell surface glycoproteins, which may enhance the aggressive characteristics of cancer cells by promoting increased proliferation and survival in the tumor microenvironment. Additionally, altered glycosylation can influence the binding of growth factors and cytokines, further contributing to a pro-tumorigenic milieu.",0
RBM12,2799,0.2,0.0666666666666666,0.0,0.6,0.0,1.0,0.0666666666666666,0.0666666666666666,0.9658722633586913,0.0,2.25,3.0,0.4450378282153983,1.0,0.6079027355623101,0.9104804767278634,1423559.0,169.0,0.05300956,7.08519435905016e-05,27.0,0.0,0.0,0.0,0.0,0.0,0.0,1.0,0.0,0.0,1.0,0.0,0.0,10.0,1.0,0.0,0.0,0.0,0.0,2.0,0.0,0.0,2.0,1.0,0.0,0.0,12.0,0.0,13.0,21.38933333,68.26112224,25.813357163448227,0.2242799349291272,0.3487771038251367,0.0596264501028221,366.0,-0.2143776923076923,0.0194128690102564,52.0,0.3320575598086124,0.0565375253331198,418.0,3.683318608452792,0.0012626236444633,0.0944537889058673,0.0056014459644421,24.22081072639012,2.4105239985106848,"The RBM12 gene has been implicated in cancer through its roles in RNA binding and regulation of splicing processes, which can affect gene expression profiles associated with tumorigenesis. Dysregulation of splicing factors, including RBM12, may lead to the production of aberrant protein isoforms that contribute to malignant phenotypes by promoting cellular proliferation, migration, and resistance to apoptosis. Additionally, RBM12 has been shown to interact with various oncogenic pathways, potentially influencing the cellular response to growth signals and stressors. While direct links to specific cancer types continue to be explored, alterations in RBM12 expression have been noted in certain tumors, suggesting a potential role in cancer development and progression.",0
GLTPD2,876,0.2,0.0,0.0,0.6,0.0,1.0,0.2,0.0,1.0,0.0,1.5,2.0,1.0,1.0,0.6024096385542169,0.9077214472099108,1272092.0,222.0,0.02794595,0.0,1.0,0.0,0.0,0.0,0.0,0.0,0.0,1.0,0.0,0.0,0.0,0.0,0.0,3.0,0.0,0.0,0.0,0.0,0.0,1.0,0.0,0.0,1.0,0.0,0.0,0.0,4.0,0.0,5.0,12.45675,107.0044289,16.413562091700125,0.0597805476379606,0.2331034523809524,0.0238856619795037,84.0,-0.2764590654205606,0.020035443330272,428.0,0.26934603515625,0.020879912085032,512.0,1.8753443871393,0.561612576297049,0.7149832303213964,0.053651608083852,20.060674391099585,2.322449260305919,"The GLTPD2 gene, which encodes a protein involved in lipid metabolism and membrane dynamics, has been implicated in various cellular processes that could influence cancer biology. Alterations in lipid metabolism are known to affect cancer cell proliferation, apoptosis, and migration, and GLTPD2 might play a role in these pathways by modulating the transfer of lipids within cells. Additionally, dysregulation of genes involved in lipid signaling can contribute to the tumor microenvironment, potentially influencing cancer progression and metastasis. While specific mechanisms linking GLTPD2 directly to cancer have not been thoroughly elucidated, its functional role in lipid homeostasis suggests a potential relevance that warrants further investigation.",0
DEFA5,285,0.0,0.0,0.0,1.0,0.0,1.0,0.0,0.0,1.0,0.0,2.0,2.0,1.0,1.0,0.3918495297805642,0.7589644849069527,124400.4,715.0,-0.003115189,0.0,1.0,0.0,0.0,0.0,0.0,0.0,0.0,0.0,0.0,0.0,0.0,0.0,0.0,2.0,0.0,0.0,0.0,0.0,0.0,0.0,0.0,0.0,0.0,0.0,0.0,0.0,2.0,0.0,2.0,5.909,14.225778,23.67784458761046,10.457077734492662,0.2438104761904762,0.0189137678557714,126.0,-0.3295874407582941,0.0398435762879715,422.0,0.3098649999999999,0.0362930111961608,548.0,0.4424058958301423,0.9799776041951372,0.111514500398345,0.0145173604745375,18.79359458477261,2.5371642506276504,"The DEFA5 gene encodes a member of the defensin family, which produces antimicrobial peptides that play a crucial role in the innate immune response. Emerging studies suggest that defensins, including the products of the DEFA5 gene, may influence tumorigenesis and cancer progression through several mechanisms. These peptides can modulate the tumor microenvironment by exerting anti-inflammatory effects, affecting immune cell recruitment, and altering angiogenesis. Additionally, defensins have been implicated in promoting or inhibiting tumor cell proliferation and migration, potentially through pathways involving inflammatory cytokines or direct interactions with growth factor receptors. Consequently, the expression and activity of DEFA5 may influence cancer susceptibility and progression, making it a potential area of exploration in cancer biology.",0
CCDC80,2853,0.074074074074074,0.0,0.0,0.8888888888888888,0.0,1.0,0.037037037037037,0.0,1.0000000000000002,0.0,8.0,8.333333333333334,1.0,1.0,0.0551632833186231,0.2149965635638597,255515.9,510.0,0.02386747,0.0,1.0,0.0,0.0,0.0,0.0,0.0,0.0,1.0,0.0,0.0,0.0,0.0,2.0,24.0,0.0,0.0,0.0,0.0,0.0,2.0,0.0,0.0,2.0,0.0,0.0,0.0,27.0,0.0,29.0,20.21837037,74.6550644,22.82846129100949,2.37138456917365,0.2586659999999999,0.028555187422676,285.0,-0.2666519827586207,0.0216892909760344,116.0,0.2609761596009974,0.0265229990632144,401.0,3.681772202761026,0.0345260628068639,0.111514500398345,0.0145173604745375,22.591628999810588,2.8704425121640864,"Yes, there is a relationship between the CCDC80 gene and cancer. CCDC80 encodes a protein that is involved in the regulation of cellular adhesion and migration, processes critical for tumor progression and metastasis. Altered expression of CCDC80 has been observed in various cancer types, suggesting a role in the modulation of the tumor microenvironment. Mechanistically, CCDC80 may influence the extracellular matrix interactions and signaling pathways that regulate cell growth, invasion, and the epithelial-mesenchymal transition (EMT), which are pivotal for cancer metastasis. Additionally, its interactions with other proteins can affect the behavior of cancer cells, potentially contributing to tumor aggressiveness and resistance to therapies.",0
DDX49,1452,0.2,0.0,0.0,0.8,0.0,1.0,0.0,0.0,0.9397940008672035,0.0,2.6666666666666665,2.6666666666666665,1.0,1.0,0.3473428273706148,0.7146380728134905,1390116.0,198.0,0.02036148,2.400876525176261e-06,7.0,0.0,0.0,0.0,0.0,0.0,0.0,0.0,0.0,0.0,0.0,0.0,3.0,6.0,0.0,0.0,0.0,0.0,0.0,2.0,2.0,0.0,0.0,0.0,0.0,0.0,13.0,0.0,13.0,16.04515385,135.6957596,22.138163453745808,0.6615323248123699,0.292829358974359,0.0340484416382961,156.0,-0.2341757619047617,0.0212583096886511,210.0,0.2591756557377048,0.027475137687103,366.0,3.449216057595984,0.0052226169541908,0.0766208155396405,0.0132799656458375,13.918533453351316,1.084745884869728,"The DDX49 gene encodes a member of the DEAD-box RNA helicase family, which is involved in various aspects of RNA metabolism, including RNA unwinding, splicing, translation, and degradation. Dysregulation of RNA helicases, such as DDX49, has been implicated in cancer through several mechanisms. First, altered expression levels of DDX49 can affect cell proliferation and apoptosis, contributing to tumor growth. Additionally, DDX49 may influence the stability and translation of transcripts that regulate oncogenic pathways or tumor suppressor genes. Furthermore, its role in the processing of non-coding RNAs, such as microRNAs, might also impact key regulatory networks associated with cancer progression. Overall, aberrations in DDX49 activity could promote oncogenesis through pathways that affect cell cycle regulation, stress responses, and cellular signaling.",0
NFX1,3363,0.2916666666666667,0.0416666666666666,0.0,0.6666666666666666,0.0,1.0,0.0,0.0,1.0,0.0,2.0,2.125,0.8382229673093042,1.0,0.8223684210526315,0.9831963680460324,909394.3,141.0,0.03846892,4.495711158528544e-05,42.0,0.0,0.0,0.0,0.0,0.0,0.0,0.0,0.0,0.0,0.0,0.0,0.0,16.0,1.0,0.0,0.0,0.0,0.0,6.0,1.0,0.0,0.0,0.0,0.0,0.0,24.0,0.0,20.0,19.49375,94.53853976,23.53045875922352,1.602380889768379,0.2697912631578948,0.0313544674608298,190.0,-0.2624139864864864,0.0275409035854099,296.0,0.2652981069958846,0.0289832141988833,486.0,3.581016655190904,0.0032984171974585,0.111514500398345,0.0145173604745375,22.635715032471,2.393074597935812,"Yes, there is evidence suggesting a relationship between the NFX1 gene and cancer. NFX1 encodes a transcription factor that plays a crucial role in regulating gene expression related to cellular responses to stress and apoptosis. Dysregulation of NFX1 has been implicated in tumorigenesis, as altered expression levels can affect key pathways involved in cell proliferation, survival, and differentiation. Specifically, NFX1 may modulate the expression of genes involved in the DNA damage response and cell cycle regulation, potentially leading to genomic instability and oncogenic transformations. Furthermore, its interaction with other regulatory proteins can influence the tumor microenvironment and immune evasion mechanisms. Thus, aberrations in NFX1 expression or function can contribute to the development and progression of various cancers.",0
CRACR2A,2196,0.1481481481481481,0.037037037037037,0.0,0.8148148148148148,0.0,1.0,0.0,0.0,1.0000000000000002,0.0,4.4,4.6,0.8163265306122449,1.0,0.5032712632108707,0.8488303792499646,241693.2,793.0,0.01809705,4.178663701138125e-06,11.0,0.0,0.0,0.0,0.0,0.0,0.0,0.0,0.0,0.0,0.0,0.0,2.0,20.0,1.0,0.0,0.0,0.0,0.0,4.0,2.0,0.0,0.0,0.0,0.0,0.0,29.0,0.0,23.0,15.26134483,114.0442243,21.88701420269522,1.8204614569819408,0.2638164016874681,0.0370683991865753,190.13201675643327,-0.2623792743604192,0.0349935889004216,187.6534410532616,0.2724842722630945,0.0397860230283488,377.6466786355476,2.842285090327978,0.2097717354995392,0.111514500398345,0.0145173604745375,20.060674391099585,2.322449260305919,"The CRACR2A gene, which encodes a protein involved in calcium signaling and T-cell activation, has been implicated in several cellular processes that could influence cancer development. Dysregulation of calcium signaling pathways is known to affect cell proliferation, apoptosis, and immune responses, which are critical in tumorigenesis. In particular, alterations in CRACR2A expression may disrupt normal immune surveillance and enhance the survival of malignant cells by modulating calcium-dependent signaling cascades. Additionally, aberrant CRACR2A activity may influence the tumor microenvironment's dynamics, potentially promoting tumor growth and metastasis through altered interactions among immune cells and cancer cells. While direct evidence linking CRACR2A to specific cancer types is limited, the gene's functional roles suggest it could be a relevant player in cancer biology.",0
ZDHHC19,930,0.5384615384615384,0.0769230769230769,0.0,0.3846153846153846,0.0,1.0,0.0,0.0,1.0000000000000002,0.0,0.625,0.75,0.4916420845624385,1.0,0.7385524372230429,0.9623804833752462,1042183.0,210.0,0.05060601,0.0,0.0,0.0,2.0,0.0,0.0,0.0,0.0,0.0,0.0,0.0,0.0,0.0,0.0,5.0,1.0,0.0,0.0,0.0,0.0,7.0,0.0,0.0,0.0,0.0,0.0,0.0,15.0,0.0,14.0,14.35986667,114.2466981,21.88701420269522,1.8204614569819408,0.3674670773638971,0.0727268804977554,349.0,-0.2988511494252874,0.0330055322847099,87.0,0.3537753669724771,0.0654604712989454,436.0,0.90376815442035,0.5695930196550087,0.111514500398345,0.0145173604745375,20.060674391099585,2.322449260305919,"The ZDHHC19 gene encodes a member of the ZDHHC family of palmitoyltransferases, enzymes that are involved in the post-translational modification of proteins through the addition of palmitate, a fatty acid. This modification can influence protein stability, localization, and interactions, which are critical for various cellular processes. Dysregulation of palmitoylation has been implicated in several cancers, as altered membrane dynamics and signaling pathways can promote tumorigenesis. For instance, aberrant activity of ZDHHC enzymes may affect oncogenic proteins or tumor suppressors, altering their functions and contributing to cancer cell proliferation, survival, and metastasis. While direct evidence linking ZDHHC19 specifically to cancer is limited, its role in palmitoylation suggests potential involvement in oncogenic processes through the modulation of critical protein interactions and signaling pathways.",0
PDE8A,2490,0.2,0.2,0.0,0.5333333333333333,0.0,1.0,0.0666666666666666,0.0,0.863489053434765,0.0,2.0,3.0,0.1418238547723727,1.0,0.4950495049504951,0.8431175799074819,393929.8,366.0,0.02722519,0.0,1.0,0.0,0.0,0.0,0.0,0.0,0.0,1.0,0.0,0.0,0.0,0.0,1.0,8.0,3.0,0.0,0.0,0.0,0.0,3.0,0.0,0.0,1.0,0.0,0.0,0.0,15.0,0.0,14.0,23.99186667,159.3392493,19.707522660477032,2.333973017535163,0.2895710344827585,0.0853142633867466,115.0,-0.2602856465517242,0.0236881096636494,232.0,0.2700474425287358,0.0442346320277344,347.0,3.488108896144154,0.007437575792061,0.0557735215767794,0.0137023317580265,22.60532263911083,1.8663051673074056,"The PDE8A gene encodes a member of the phosphodiesterase family that is involved in the hydrolysis of cyclic AMP (cAMP), a key second messenger in various signaling pathways. Dysregulation of cAMP signaling has been implicated in tumorigenesis, as altered levels can impact cell proliferation, apoptosis, and differentiation. Some studies have indicated that PDE8A may play a role in specific cancers by modulating pathways linked to growth factor signaling and cellular stress responses. Moreover, variations in PDE8A expression may influence the metastatic potential of certain tumors, suggesting a potential involvement in cancer progression. However, the precise relationship between PDE8A and cancer remains an area of active investigation, with more research needed to fully elucidate its mechanisms in oncogenesis.",0
SLC13A5,1707,0.625,0.0,0.0,0.3125,0.0,1.0,0.0,0.0,1.0,0.0625,0.4545454545454545,0.5454545454545454,0.5537098560354374,1.0,0.9551098376313276,0.9989770123098376,800049.3,424.0,0.007207228,0.0,0.0,0.0,0.0,0.0,0.0,0.0,0.0,0.0,0.0,0.0,0.0,0.0,1.0,5.0,0.0,1.0,0.0,0.0,0.0,10.0,0.0,0.0,0.0,0.0,0.0,0.0,17.0,0.0,16.0,10.36252941,94.45635551,18.74908985242191,0.4181452546888333,0.2338461538461538,0.0187864769356643,78.0,-0.2743338747099768,0.0192685140600679,431.0,0.2681294695481337,0.0193706455286551,509.0,1.8005092887264664,1.0344119497605022,0.3027376162030083,0.0364716513983526,16.41594599233818,0.5274869543196309,"The SLC13A5 gene encodes a member of the solute carrier family involved in sodium-dependent citrate transport. Research has indicated that dysregulation of metabolic pathways, including those mediated by SLC13A5, may contribute to tumorigenesis. Altered citrate transport can affect cellular metabolism, lead to changes in the tricarboxylic acid (TCA) cycle, and influence energy production, which are critical in cancer cell proliferation and survival. Additionally, aberrant expression of SLC13A5 may impact the accumulation of metabolites that regulate key oncogenic and tumor suppressor pathways, potentially influencing cell signaling and promoting an oncogenic phenotype. However, the specific relationship between SLC13A5 and cancer remains an area of active investigation, and definitive connections are still being explored.",0
ZNF92,1761,0.1538461538461538,0.0,0.0,0.6923076923076923,0.0,1.0,0.1538461538461538,0.0,0.958424899318874,0.0,3.0,3.6666666666666665,1.0,1.0,0.3415300546448087,0.7084424850065114,300914.2,894.0,0.01757995,3.530423949113465e-07,3.0,0.0,0.0,0.0,0.0,0.0,0.0,1.0,1.0,0.0,0.0,0.0,0.0,9.0,0.0,0.0,0.0,0.0,0.0,2.0,0.0,0.0,1.0,0.0,1.0,0.0,11.0,0.0,12.0,9.110727273,50.45912742,14.374077557405634,0.3086743650521885,0.299342426666667,0.0264501341355393,375.0,-0.2462993203883494,0.0243806844593375,103.0,0.2879126359832639,0.026428787908341,478.0,3.3769804560258003,0.0087357094284808,0.111514500398345,0.0145173604745375,20.060674391099585,2.322449260305919,"The relationship between the ZNF92 gene and cancer is currently not well-established, but emerging evidence suggests it may play a role in cellular processes relevant to cancer biology. ZNF92 is a member of the zinc finger protein family, which is known to be involved in gene regulation, DNA binding, and chromatin remodeling. Dysregulation of zinc finger proteins can lead to aberrant transcriptional control that may contribute to oncogenesis, by promoting cell proliferation, survival, or metastasis. Additionally, alterations in the expression or function of ZNF92 may impact pathways such as those involved in DNA damage response and apoptosis, thereby influencing cancer susceptibility and progression. However, definitive conclusions regarding its specific role in cancer have yet to be clarified.",0
HNRNPD,1068,0.1428571428571428,0.2142857142857142,0.0,0.5714285714285714,0.0,1.0,0.0714285714285714,0.0,0.8499145514073181,0.0,2.6666666666666665,4.0,0.0411353352529823,1.0,0.6983240223463687,0.9490726735603728,651472.5,390.0,0.02570395,0.0014821445527534,190.0,0.0,0.0,0.0,0.0,0.0,0.0,0.0,1.0,0.0,0.0,0.0,0.0,8.0,3.0,0.0,0.0,0.0,0.0,2.0,0.0,0.0,0.0,0.0,1.0,0.0,13.0,0.0,11.0,28.90238462,105.5117356,29.08616587514708,0.3776799581111038,0.1997014,0.0081726944444848,100.0,-0.2491824675324675,0.0182054947169283,231.0,0.2342335045317222,0.0156582699228325,331.0,3.6052016257607615,0.0068023502841354,0.0445012303962005,0.0116256589249267,26.39941417067451,4.622259821917101,"There is evidence suggesting a relationship between the HNRNPD gene and cancer, primarily through its role in alternative splicing, RNA metabolism, and regulation of gene expression. HNRNPD, a member of the heterogeneous nuclear ribonucleoprotein family, impacts the processing of pre-mRNA and has been implicated in the modulation of oncogenes and tumor suppressor genes. Dysregulation of HNRNPD expression has been associated with altered splicing patterns that may contribute to the malignant phenotype by promoting the expression of pro-tumorigenic isoforms or by inhibiting the expression of tumor-suppressive variants. Additionally, HNRNPD has been linked to pathways involved in cell proliferation, invasion, and apoptosis, suggesting it may play a multifaceted role in tumor development and progression. Further investigation is necessary to fully elucidate its mechanistic contributions to specific cancer types.",0
SMIM12,279,0.0,0.0,0.0,1.0,0.0,1.0,0.0,0.0,1.0,0.0,1.0,1.0,1.0,1.0,0.8123476848090982,0.9811753429750742,603922.1,534.0,0.02765677,0.0,1.0,1.0,0.0,0.0,0.0,0.0,0.0,0.0,0.0,0.0,0.0,0.0,0.0,1.0,0.0,0.0,0.0,0.0,0.0,0.0,0.0,0.0,0.0,0.0,0.0,0.0,2.0,0.0,2.0,13.67,14.7968,23.17230457321478,0.7880739315599293,0.2645486861313868,0.042744013830614,137.0,-0.2413052298850576,0.016862723785785,174.0,0.2515443086816719,0.028296282680085,311.0,3.455054639447117,0.0019795413631156,0.0326173005586714,0.0053121427646142,20.060674391099585,2.322449260305919,"The relationship between the SMIM12 gene and cancer is currently unknown. Although some research may explore its expression levels in various cancers or its role in cellular processes, the precise mechanisms linking SMIM12 to oncogenesis or tumor progression have not been clearly established in the literature. Further studies are required to elucidate any potential associations and underlying pathways involving SMIM12 in the context of cancer biology.",0
CADM4,1167,0.2857142857142857,0.0,0.0,0.6428571428571429,0.0,1.0,0.0714285714285714,0.0,1.0000000000000004,0.0,1.8,2.0,1.0,1.0,0.3683241252302026,0.7362032977480291,441738.4,209.0,0.005700885,1.2987471679965851e-06,4.0,0.0,0.0,0.0,0.0,0.0,0.0,1.0,0.0,0.0,0.0,0.0,0.0,9.0,0.0,0.0,0.0,0.0,0.0,3.0,1.0,0.0,1.0,0.0,0.0,0.0,13.0,0.0,14.0,21.58153846,48.67508077,22.99070828131504,2.553983428947584,0.2625778865979382,0.0247585700716761,194.0,-0.2546582692307693,0.0204307633718238,156.0,0.259048,0.0227810764601719,350.0,3.2478659528680187,0.0647923679570526,0.0812126825129069,0.0059577334891004,20.460050991222403,4.633339965002914,"The CADM4 gene, which encodes a cell adhesion molecule, has been implicated in various cancer types through its potential role in regulating cell adhesion and migration. Dysregulation of CADM4 expression may contribute to tumor progression and metastasis by altering cell-cell interactions and promoting an invasive phenotype. Loss of CADM4 function can disrupt normal epithelial architecture, facilitating epithelial-mesenchymal transition (EMT) and enhancing the ability of cancer cells to detach and invade surrounding tissues. Additionally, CADM4 may influence the immune response within the tumor microenvironment, potentially affecting tumor immune evasion. Thus, the relationship between CADM4 and cancer highlights its potential role as a modulator of tumor biology through cellular adhesion dynamics and interactions.",0
CALY,654,0.4285714285714285,0.1428571428571428,0.0,0.4285714285714285,0.0,1.0,0.0,0.0,1.0,0.0,0.75,1.0,0.4293688278231,1.0,0.7930214115781126,0.9769270872187016,386585.0,472.0,0.0129668,0.0,0.0,6.0,0.0,0.0,0.0,0.0,0.0,0.0,0.0,0.0,0.0,0.0,2.0,3.0,1.0,0.0,0.0,0.0,0.0,3.0,0.0,0.0,1.0,0.0,0.0,0.0,14.0,0.0,15.0,11.10478571,114.1049182,15.199891267738646,0.2521913772691518,0.2638164016874681,0.0370683991865753,190.13201675643327,-0.2623792743604192,0.0349935889004216,187.6534410532616,0.2724842722630945,0.0397860230283488,377.6466786355476,1.2591151041220623,0.8771383367482244,0.065064112512309,0.0168186825829421,17.407106105108458,0.366207123741355,"The CALY gene, which encodes the Calcyon protein, has been implicated in various cellular processes, including the regulation of neuronal activity and intracellular signaling pathways. Although direct evidence linking CALY to cancer is limited, some studies suggest its involvement in cellular proliferation, apoptosis, and response to stress, which are critical processes in tumorigenesis. CALY may affect the stability and trafficking of neurotransmitter receptors, thereby influencing signaling pathways that, when dysregulated, can contribute to cancer development. Additionally, its potential interaction with apoptotic and survival pathways could position CALY as a modulator of cell fate decisions in the context of malignant transformation. Further research is needed to elucidate the precise mechanisms and relevance of CALY in cancer biology.",0
ESYT3,2661,0.25,0.05,0.0,0.6,0.0,1.0,0.05,0.05,0.976862178684024,0.0,2.0,2.5,0.6793478260869565,1.0,0.1148501205926266,0.3634004019577902,201755.7,408.0,0.01913705,0.0,0.0,0.0,0.0,0.0,0.0,0.0,0.0,1.0,0.0,0.0,1.0,0.0,0.0,11.0,1.0,0.0,0.0,0.0,0.0,5.0,1.0,0.0,2.0,0.0,0.0,0.0,18.0,0.0,17.0,21.37383333,74.69870709,19.72932140926725,3.425199151794029,0.3057505806451612,0.0380703043575905,310.0,-0.25875075,0.0249670237994303,80.0,0.2961095897435897,0.0356724618455896,389.0,2.918007539753774,0.2274986056224993,0.0817877260970056,0.0062933759088544,18.606061581715554,3.700188357271333,"The ESYT3 gene, which encodes a protein involved in endoplasmic reticulum (ER) and plasma membrane contact sites, has been studied in the context of cancer due to its potential role in regulating lipid metabolism and calcium signaling. Dysregulation of these pathways can contribute to tumorigenesis through mechanisms such as altered cell proliferation, survival, and apoptosis. Additionally, ESYT3 may influence the tumor microenvironment by modulating lipid-mediated signaling and inflammation. Aberrant expression of this gene has been observed in various cancer types, suggesting that it could play a role in cancer progression, although the precise mechanisms and impacts are still being investigated.",0
APOL5,1302,0.0909090909090909,0.0909090909090909,0.0,0.8181818181818182,0.0,1.0,0.0,0.0,0.9474427588512933,0.0,4.5,5.0,0.7855459544383346,1.0,0.4849660523763337,0.8359245322962018,1161568.0,376.0,-0.04331107,0.0,0.0,0.0,0.0,0.0,0.0,0.0,0.0,0.0,0.0,0.0,0.0,0.0,0.0,9.0,1.0,0.0,0.0,0.0,1.0,1.0,0.0,0.0,0.0,0.0,0.0,0.0,12.0,0.0,11.0,10.09916667,88.80634906,21.88701420269522,1.8204614569819408,0.2542010000000001,0.0622677677966666,130.0,-0.2865066666666667,0.023669058653618,282.0,0.2763131310679613,0.0359523422264256,412.0,0.5466355520468209,0.4581758601145758,0.111514500398345,0.0145173604745375,20.060674391099585,2.322449260305919,"The relationship between the APOL5 gene and cancer remains largely unexplored, but there are some intriguing insights that may suggest potential connections. APOL5 is part of the apolipoprotein L family, which is involved in lipid metabolism and may play a role in modulating immune responses and cell signaling pathways. Aberrant regulation of lipid metabolism and immune evasion are well-documented hallmarks of cancer. It has been posited that alterations in the expression or function of apolipoproteins, including APOL5, might influence tumor microenvironments and the behavior of cancer cells through mechanisms such as inflammation, oxidative stress modulation, or impacts on apoptosis. However, direct evidence and mechanistic investigations linking APOL5 specifically to oncogenesis or cancer progression are currently limited.",0
ADAMTS17,3288,0.2307692307692307,0.0,0.0,0.717948717948718,0.0,1.0,0.0512820512820512,0.0,0.9902974174606732,0.0,2.8,3.0,1.0,1.0,0.2185314685314685,0.5508796446847678,649122.9543319192,444.4009897808343,0.0198885680771551,0.0,1.0,0.0,0.0,0.0,0.0,0.0,0.0,2.0,0.0,0.0,0.0,0.0,2.0,28.0,0.0,0.0,0.0,0.0,0.0,9.0,1.0,0.0,4.0,0.0,0.0,0.0,38.0,0.0,34.0,19.13039474,97.84864279,20.557167335208103,1.0498311628115466,0.2879149253731345,0.0431719519966109,134.0,-0.2564571226415095,0.0191808600376531,212.0,0.2686402023121389,0.0286095092808285,346.0,2.85339686176504,0.1117120103259078,0.0719313363011345,0.013311741190873,20.060674391099585,2.322449260305919,"The ADAMTS17 gene encodes a member of the ADAMTS (a disintegrin and metalloproteinase with thrombospondin motifs) family, which is involved in the degradation of extracellular matrix components. While direct evidence linking ADAMTS17 to cancer is limited, alterations in extracellular matrix remodeling are pivotal in tumor progression, metastasis, and angiogenesis. Dysregulation of ADAMTS proteins can influence the tumor microenvironment, potentially facilitating the transition from a benign to a malignant phenotype. Additionally, aberrant expression of ADAMTS genes has been associated with altered cell adhesion and migration, processes that are crucial in cancer invasion and metastasis. Therefore, while specific direct associations of ADAMTS17 with cancer remain to be fully elucidated, its role in extracellular matrix dynamics suggests a potential relevance in cancer biology.",0
HCN4,3612,0.1777777777777777,0.0444444444444444,0.0,0.6666666666666666,0.0,1.0,0.1111111111111111,0.0,0.9123894811920044,0.0,3.333333333333333,4.111111111111111,0.4518752824220515,1.0,0.3018412315122246,0.6634029952664531,314299.7,642.0,0.01648704,5.4367401168625135e-06,3.0,0.0,0.0,0.0,0.0,0.0,0.0,5.0,0.0,0.0,0.0,0.0,0.0,30.0,2.0,0.0,0.0,0.0,0.0,8.0,1.0,0.0,5.0,1.0,0.0,0.0,40.0,0.0,41.0,21.0417,106.3904515,17.2476218366173,0.5435156116609783,0.2346052688172042,0.027598574016503,93.0,-0.2565816326530613,0.0228758270014219,245.0,0.2505348816568049,0.0241938503556239,338.0,1.5088436866044723,0.786925457092626,0.1527970264466073,0.0149447351177602,19.062465078800184,4.458719559921771,"The HCN4 gene encodes a member of the hyperpolarization-activated cyclic nucleotide-gated (HCN) channel family, primarily involved in regulating cardiac rhythmicity. While direct associations between HCN4 and cancer are not extensively documented, altered expression of ion channels, including HCN channels, has been implicated in tumor biology. Mechanistically, dysregulation of HCN4 could influence cellular excitability and apoptotic pathways, potentially impacting tumor growth and metastasis. Moreover, abnormalities in ion channel function can modify the tumor microenvironment and affect cell proliferation, migration, and apoptosis through alterations in the electrochemical gradient, calcium signaling, and modulation of intracellular signaling pathways. Thus, while the direct relationship between HCN4 and cancer requires further investigation, its functional role in cellular physiology suggests potential contributory mechanisms in a cancer context.",0
ETNK2,1161,0.3333333333333333,0.0,0.0,0.6666666666666666,0.0,1.0,0.0,0.0,1.0,0.0,1.3333333333333333,1.3333333333333333,1.0,1.0,0.4228329809725159,0.7867983179466792,557651.6,370.0,0.03423691,1.270088853683132e-06,4.0,0.0,0.0,2.0,0.0,0.0,0.0,0.0,0.0,0.0,0.0,0.0,3.0,4.0,0.0,0.0,0.0,0.0,0.0,2.0,0.0,0.0,0.0,0.0,0.0,0.0,11.0,0.0,11.0,17.67581818,171.8544042,24.080640608846444,10.87740082872548,0.3087461518324608,0.084724001147095,382.0,-0.2124490909090909,0.0130528183960227,33.0,0.3010887951807229,0.0796599375478202,415.0,3.17495161640822,0.0562488873079627,0.0455175739548465,0.0086125579590679,18.64656038469148,7.807117929969038,"The ETNK2 gene, which encodes the enzyme ethanolamine kinase 2, is involved in the biosynthesis of phosphatidylethanolamine, a crucial component of cellular membranes. Alterations in ETNK2 expression or function may disrupt phospholipid metabolism, leading to changes in membrane composition and cellular signaling pathways that can promote oncogenesis. Additionally, aberrant lipid metabolism is a recognized feature of cancer cells, contributing to altered cell proliferation, survival, and migration.Furthermore, changes in the regulation of ETNK2 could impact the balance of sphingolipids and other lipids, affecting apoptotic processes and tumor microenvironment interactions. While direct links between ETNK2 and specific cancer types are still under investigation, the gene's involvement in key metabolic pathways suggests potential relevance in cancer biology.",0
TPM2,855,0.375,0.125,0.0,0.5,0.0,1.0,0.0,0.0,1.0,0.0,1.0,1.25,0.6506180871828237,1.0,0.526592943654555,0.8643114438284092,1202125.0,248.0,0.0373463,0.0001077843511344,61.0,0.0,0.0,0.0,0.0,0.0,0.0,0.0,0.0,0.0,0.0,0.0,3.0,4.0,1.0,0.0,0.0,0.0,0.0,3.0,0.0,0.0,1.0,0.0,0.0,0.0,10.0,0.0,10.0,22.143,161.8760471,29.27546509678176,1.463656417849994,0.3086335897435899,0.0833667053808616,195.0,-0.2641334154929577,0.0282448942140882,284.0,0.2822493528183716,0.0510363933449777,478.0,3.623886120297788,0.0170315528593482,0.1413241241248543,0.0154973287657227,21.650006151237168,5.459933845225515,"Yes, there is a relationship between the TPM2 gene and cancer. TPM2 encodes tropomyosin 2, a cytoskeletal protein involved in regulating actin filament stability and organization. Alterations in TPM2 expression or function can impact cellular processes such as cell migration, proliferation, and apoptosis, which are critical in tumor progression and metastasis. Dysregulation of TPM2 has been associated with changes in the tumor microenvironment and can influence the mechanical properties of cancer cells, potentially affecting their invasiveness. Additionally, aberrant interactions between TPM2 and other signaling pathways may contribute to oncogenic processes, further implicating this gene in cancer biology.",0
WDR66,3450,0.2727272727272727,0.0454545454545454,0.0909090909090909,0.5909090909090909,0.0,1.0,0.0,0.0,0.9311480997434252,0.0,1.8571428571428568,2.2857142857142856,0.2906131938390003,1.0,0.7751937984496124,0.9725908669562642,814233.8,162.0,0.0377386999999999,0.0,1.0,0.0,0.0,1.0,0.0,0.0,0.0,0.0,0.0,0.0,0.0,0.0,0.0,14.0,1.0,0.0,0.0,0.0,0.0,6.0,2.0,0.0,0.0,0.0,0.0,0.0,24.0,0.0,16.0,14.94620833,95.83922861,19.106362762645304,0.920834862331135,0.2638164016874681,0.0370683991865753,190.13201675643327,-0.2623792743604192,0.0349935889004216,187.6534410532616,0.2724842722630945,0.0397860230283488,377.6466786355476,3.1194066685370965,0.0814423557829713,0.3004681287097922,0.0462522572355203,18.59191836812189,3.1774299900095726,"The WDR66 gene, part of the WD-repeat protein family, is implicated in cellular processes such as signal transduction and protein-protein interactions. Although specific roles of WDR66 in cancer have not been extensively characterized, emerging evidence suggests it may influence pathways related to cell proliferation and apoptosis. Dysregulation of WDR66 could potentially disrupt normal cellular functions and contribute to oncogenic processes through mechanisms like altered gene expression profiles or aberrant protein interactions that promote tumorigenesis. Further research is necessary to elucidate the precise relationship between WDR66 and cancer.",0
ARRDC3,1245,0.2222222222222222,0.1111111111111111,0.0,0.6666666666666666,0.0,1.0,0.0,0.0,1.0,0.0,2.0,2.333333333333333,0.547945205479452,1.0,0.318775900541919,0.6832218454601662,51436.0,334.0,0.005277476,0.00011415782899,22.0,0.0,0.0,0.0,0.0,0.0,0.0,0.0,0.0,0.0,0.0,0.0,0.0,5.0,1.0,0.0,0.0,0.0,0.0,2.0,0.0,0.0,0.0,0.0,0.0,0.0,8.0,0.0,6.0,23.220625,95.12264598,15.972058480689975,0.1536927627901585,0.2513847244094488,0.0167983077028996,127.0,-0.2738157142857144,0.0218250341931068,287.0,0.2669347101449277,0.0203458700956785,414.0,3.7320470743185337,0.0099460189169448,0.111514500398345,0.0145173604745375,15.858107913589574,1.3680156603622022,"The ARRDC3 gene has been implicated in cancer through several mechanisms, primarily related to its role in cellular signaling and regulation of protein stability. ARRDC3 is known to mediate the ubiquitination and subsequent proteasomal degradation of various target proteins, including those involved in tumorigenesis and cell proliferation. By modulating the levels of these proteins, ARRDC3 may influence pathways such as the epithelial-to-mesenchymal transition (EMT), which is critical for metastasis. Additionally, altered expression of ARRDC3 has been observed in various cancer types, suggesting that it may contribute to oncogenic processes or serve as a tumor suppressor depending on the context. While the exact details remain to be fully elucidated, these mechanisms highlight a potential relationship between ARRDC3 and cancer development and progression.",0
TOR1B,1011,0.3333333333333333,0.0,0.0,0.6666666666666666,0.0,1.0,0.0,0.0,1.0,0.0,1.3333333333333333,1.3333333333333333,1.0,1.0,0.9250693802035151,0.9971198322452092,600400.9,187.0,0.04391731,1.4352871809106203e-05,8.0,0.0,0.0,0.0,0.0,0.0,0.0,0.0,0.0,0.0,0.0,0.0,0.0,4.0,0.0,0.0,0.0,0.0,0.0,2.0,0.0,0.0,0.0,0.0,0.0,0.0,6.0,0.0,6.0,16.20333333,34.80722667,23.28892823683725,0.5333801566509137,0.2392829710144927,0.016049973816656,138.0,-0.2467663197026022,0.0206131253546884,269.0,0.2442289680589682,0.0190351520925285,407.0,3.4203591090184844,0.0041899261518932,0.0392632520874132,0.0061394704396624,20.060674391099585,2.322449260305919,"The TOR1B gene, part of the torsin family, has been implicated in various cellular processes, including protein folding and movement within the cell. Recent studies suggest a potential relationship between TOR1B and tumorigenesis, as its expression levels may influence cellular stress responses and cytoskeletal organization, both of which are critical in cancer progression. Additionally, abnormalities in the functions associated with TOR1B, such as mitotic fidelity and neuroprotection, could contribute to oncogenic pathways by promoting cellular survival under stress, supporting unchecked cell division, or facilitating metastasis. However, the precise mechanisms linking TOR1B to specific cancer types and outcomes remain an area of ongoing research.",0
FAM227A,1713,0.1111111111111111,0.0,0.0,0.8888888888888888,0.0,1.0,0.0,0.0,1.0,0.0,4.0,4.0,1.0,1.0,0.6451612903225806,0.9279064070523582,649122.9543319192,444.4009897808343,0.0198885680771551,0.0,0.0,0.0,0.0,0.0,0.0,0.0,0.0,0.0,0.0,0.0,0.0,0.0,0.0,8.0,0.0,0.0,0.0,0.0,0.0,3.0,0.0,0.0,0.0,0.0,0.0,0.0,11.0,0.0,11.0,9.580545455,98.35095487,21.88701420269522,1.8204614569819408,0.2386966929133859,0.026458811323897,127.0,-0.2928724738675958,0.026638250756446,287.0,0.2762533333333334,0.0271446774924939,413.0,3.195007801355538,0.0367699928715288,0.0697237327461035,0.0149979402133255,20.060674391099585,2.322449260305919,"The FAM227A gene has been implicated in several studies related to cancer biology, although the specifics of its role are still under investigation. Some research suggests that FAM227A may be involved in cellular processes such as proliferation and apoptosis, which are critical in tumorigenesis. Alterations in FAM227A expression or function could disrupt these processes, potentially leading to enhanced cell survival and increased tumor growth. Furthermore, its involvement in signaling pathways related to inflammation and immune response may also contribute to the cancer microenvironment, influencing tumor development and progression. However, the precise mechanisms and the extent of its relationship with different cancer types require further elucidation.",0
ITIH5,2829,0.2407407407407407,0.0,0.0,0.7222222222222222,0.0,1.0,0.037037037037037,0.0,0.9678212328015852,0.0,2.7857142857142856,2.9285714285714284,1.0,1.0,0.0280229788426509,0.1281975741186221,199273.0,528.0,-0.003151794,0.0,1.0,4.0,0.0,0.0,0.0,0.0,0.0,1.0,1.0,0.0,0.0,0.0,3.0,40.0,0.0,0.0,0.0,0.0,0.0,13.0,0.0,0.0,1.0,1.0,3.0,0.0,57.0,0.0,50.0,15.79633333,103.4131672,23.65156600580759,1.243087320535116,0.3191874999999998,0.0722796657040322,156.0,-0.3406988655462187,0.0486594855476527,238.0,0.3321816751269038,0.0579624726750494,394.0,3.3637089113495926,0.040542600474448,0.1205172061641133,0.0241709427938167,20.060674391099585,2.322449260305919,"The ITIH5 gene encodes inter-alpha-trypsin inhibitor heavy chain 5, a protein involved in the regulation of extracellular matrix (ECM) components and inflammatory processes. Dysregulation of ITIH5 has been implicated in various cancer types, potentially due to its role in modulating the tumor microenvironment, ECM remodeling, and cellular signaling pathways that affect cancer cell proliferation and metastasis. The protein's involvement in inflammation may also contribute to tumorigenesis, as chronic inflammation is a known risk factor for cancer. Additionally, altered expression levels of ITIH5 in certain cancers could influence the balance of proteolytic processes in the ECM, thereby affecting tumor progression and response to therapy. Further studies are needed to elucidate the precise mechanisms linking ITIH5 with cancer biology.",0
OR4C12,930,0.2666666666666666,0.0333333333333333,0.0,0.7,0.0,1.0,0.0,0.0,0.9864136635272994,0.0,2.333333333333333,2.4444444444444446,0.7898894154818326,1.0,0.9182736455463728,0.9965655132698104,11630.23,1171.0,-0.03820275,0.0,0.0,0.0,0.0,0.0,0.0,0.0,0.0,0.0,0.0,0.0,0.0,0.0,0.0,21.0,1.0,0.0,0.0,0.0,0.0,8.0,0.0,0.0,0.0,0.0,0.0,0.0,30.0,0.0,23.0,11.2478,62.6037443,21.88701420269522,1.8204614569819408,0.1893713953488371,0.0093204767621002,129.0,-0.2418843220338983,0.0208860838914167,118.0,0.2144585425101215,0.0154741356864849,247.0,0.0323851553193619,0.0385946116483948,0.111514500398345,0.0145173604745375,20.060674391099585,2.322449260305919,"The OR4C12 gene encodes a member of the olfactory receptor family and is primarily involved in the detection of odorants. While direct evidence linking OR4C12 to cancer is currently limited or unknown, studies have suggested that alterations in olfactory receptor expression can influence various signaling pathways, including those related to cell proliferation and apoptosis. Dysregulation of these pathways may contribute to tumorigenesis or cancer progression. Additionally, the potential interaction of olfactory receptors with other cellular processes might suggest indirect roles in modifying the tumor microenvironment or influencing metastasis, warranting further investigation into the gene's possible implications in cancer biology.",0
LGALS1,408,0.375,0.0,0.0,0.625,0.0,1.0,0.0,0.0,1.0,0.0,1.25,1.25,1.0,1.0,0.8764241893076249,0.99202898411914,1136064.0,180.0,0.06469408,0.0002379990651265,65.0,0.0,0.0,0.0,0.0,0.0,0.0,0.0,0.0,0.0,0.0,0.0,0.0,5.0,0.0,0.0,0.0,0.0,0.0,3.0,0.0,0.0,0.0,0.0,0.0,0.0,8.0,0.0,8.0,15.65375,64.75829221,30.46917017557592,0.4873892951602817,0.2366853731343284,0.0221149678009875,134.0,-0.2933193406593407,0.0257022633363283,273.0,0.2746732678132679,0.0251738784259946,407.0,3.7547570837551385,0.0097308294711349,0.111514500398345,0.0145173604745375,21.832219888424635,1.6148877158467756,"Yes, there is a relationship between the LGALS1 gene and cancer. LGALS1, also known as galectin-1, is a member of the galectin family of proteins that binds β-galactoside sugars and is implicated in various biological processes, including cell adhesion, immune modulation, and apoptosis. In the context of cancer, galectin-1 is often overexpressed in tumor cells and the tumor microenvironment, where it can facilitate tumor progression and metastasis by promoting immune evasion, enhancing angiogenesis, and contributing to the transformation of normal cells to a malignant phenotype. It achieves these effects by influencing the behavior of both cancer cells and stromal cells, thus playing a crucial role in the complex interplay of tumor biology and the host immune response.",0
RASGRF1,3822,0.3555555555555555,0.0222222222222222,0.0222222222222222,0.5777777777777777,0.0,1.0,0.0222222222222222,0.0,0.9807598337280068,0.0,1.5294117647058822,1.7058823529411764,0.6531678641410843,1.0,0.7057163020465773,0.951688045665874,420514.1,488.0,0.04198197,2.0465159500458248e-06,9.0,0.0,0.0,0.0,0.0,0.0,0.0,1.0,0.0,0.0,0.0,0.0,6.0,26.0,1.0,0.0,0.0,0.0,0.0,16.0,1.0,0.0,2.0,0.0,0.0,0.0,49.0,0.0,38.0,17.6094898,106.3405132,20.985877065316533,4.229644160585688,0.2458719587628865,0.0236389644409149,97.0,-0.256342,0.0234118574734426,244.0,0.2533724269005849,0.0234294757779638,341.0,2.6563942695498515,0.2529273982618218,0.1354164552357704,0.0221073927585959,17.713616975733487,8.52030734116502,"Yes, there is a relationship between the RASGRF1 gene and cancer. RASGRF1 is a guanine nucleotide exchange factor that activates RAS proteins, which are critical regulators of cell proliferation and survival. Aberrant activation or overexpression of RASGRF1 can lead to increased RAS signaling, contributing to uncontrolled cell growth and oncogenesis. Additionally, RASGRF1 has been implicated in the regulation of other signaling pathways that intersect with RAS, including the PI3K-AKT and MAPK pathways. The dysregulation of these pathways can promote malignant transformation and tumor progression, suggesting that RASGRF1 may play a role in the development of certain cancers. Further research is warranted to delineate its precise contributions to tumorigenesis and potential interactions with other oncogenic factors.",0
MARVELD3,1233,0.2105263157894736,0.1052631578947368,0.0,0.4736842105263157,0.0,1.0,0.2105263157894736,0.0,0.783054889101951,0.0,1.8,3.0,0.2857959416976279,1.0,0.9380863039399624,0.9980425194593364,446645.2,530.0,0.01017098,0.0,0.0,0.0,0.0,0.0,0.0,0.0,0.0,3.0,1.0,0.0,0.0,0.0,0.0,10.0,2.0,0.0,0.0,0.0,0.0,5.0,0.0,0.0,3.0,0.0,1.0,0.0,17.0,0.0,20.0,15.40335294,113.2760296,20.043766017092963,2.1742811737021936,0.2461847826086955,0.0375251575113587,161.0,-0.3044848181818181,0.031750815640606,220.0,0.279848845144357,0.0349300921318207,381.0,3.243040206176505,0.0317730726058161,0.1526443620461882,0.0130157956052646,19.99926783130472,1.2163785605168764,"The MARVELD3 gene, which encodes a protein involved in cellular adhesion, has been implicated in cancer through its potential roles in cellular signaling and tumor microenvironment interactions. Dysregulation of MARVELD3 may affect cell-cell adhesion and communication, leading to increased tumor cell proliferation, invasion, and metastasis. Additionally, alterations in the expression of MARVELD3 could influence the immune response within the tumor microenvironment, potentially impacting immune evasion mechanisms. Further investigation is required to elucidate the precise mechanisms by which MARVELD3 contributes to tumorigenesis and cancer progression.",0
MTMR10,2334,0.2727272727272727,0.0,0.0,0.7272727272727273,0.0,1.0,0.0,0.0,1.0000000000000002,0.0,2.0,2.0,1.0,1.0,0.683526999316473,0.9436015871756576,279766.7,591.0,0.02249205,7.421754399079899e-07,3.0,0.0,0.0,0.0,0.0,0.0,0.0,0.0,0.0,0.0,0.0,0.0,0.0,8.0,0.0,0.0,0.0,0.0,0.0,3.0,0.0,0.0,0.0,0.0,0.0,0.0,11.0,0.0,9.0,17.34481818,79.09594136,23.29129642489688,0.6743174774966322,0.1914673770491803,0.0098394801963387,61.0,-0.2822947079037798,0.0264505563229316,291.0,0.2665547443181815,0.0247209380044928,352.0,3.475848936759167,0.0086742048450283,0.0926966996521473,0.0086291643529415,23.74934814345619,2.259796736625995,"The MTMR10 gene is part of the myotubularin family, which is involved in phosphoinositide signaling pathways that regulate cellular processes such as membrane trafficking and cytoskeletal organization. Dysregulation of these pathways has been implicated in various cancer types. Specifically, alterations in lipid metabolism and signaling can contribute to oncogenic processes, including cell proliferation, migration, and invasion. Additionally, MTMR10 may play a role in the regulation of autophagy, a process that can influence tumorigenesis and cancer progression. While direct connections between MTMR10 and specific cancers remain to be fully elucidated, its involvement in key cellular functions suggests a potential impact on cancer biology.",0
MTMR7,1983,0.3181818181818182,0.0,0.0,0.6363636363636364,0.0,1.0,0.0454545454545454,0.0,0.9999999999999998,0.0,1.75,1.875,1.0,1.0,0.1846381093057607,0.4965578906222259,317985.3,345.0,0.006749485,0.0001042133813094,4.0,0.0,0.0,0.0,0.0,0.0,0.0,1.0,0.0,0.0,0.0,0.0,0.0,14.0,0.0,0.0,0.0,0.0,0.0,7.0,0.0,0.0,1.0,0.0,0.0,0.0,21.0,0.0,19.0,20.91771429,92.25383321,19.6921528300144,5.459258180741936,0.2735465354330709,0.0308076125450443,127.0,-0.3156482850241545,0.0365824616563737,414.0,0.3057648798521258,0.0354862681957725,541.0,3.020793117373132,0.0404625660610231,0.4744565927066806,0.0780700390788885,18.51360630513614,4.371130558344755,"The MTMR7 gene, which encodes a member of the myotubule morphology regulating protein family, has been implicated in various cellular processes, including autophagy and lipid metabolism. Alterations in MTMR7 expression or function may influence cancer development and progression through mechanisms such as impaired autophagic flux, leading to increased cellular stress and dysregulation of apoptosis. Furthermore, MTMR7 is believed to be involved in the regulation of PI3K/Akt signaling pathways, which are crucial for cell survival and proliferation. Aberrant activation of these pathways can contribute to oncogenesis, suggesting that MTMR7 may play a role in cancer biology, although its specific contributions in various cancer types remain to be further elucidated.",0
ALDH3A2,1527,0.25,0.0,0.0,0.75,0.0,1.0,0.0,0.0,1.0,0.0,1.5,1.5,1.0,1.0,0.8726003490401396,0.9915162463285756,544087.0,332.0,-0.002249642,4.588781805183183e-05,46.0,1.0,0.0,0.0,0.0,0.0,0.0,0.0,0.0,0.0,0.0,0.0,0.0,3.0,0.0,0.0,0.0,0.0,0.0,1.0,0.0,0.0,0.0,0.0,0.0,0.0,5.0,0.0,5.0,11.9722,42.1425652,26.08797449486369,0.6328437103157737,0.2885301851851851,0.0866062490803392,108.0,-0.2834167362924281,0.0203124957948177,383.0,0.2845414867617106,0.0347519281914584,491.0,3.65436097638048,0.009404704154597,0.0650177970638615,0.0133977856617372,18.83869688132774,2.274927800108112,"The ALDH3A2 gene encodes an enzyme involved in the oxidation of aldehydes and plays a role in cellular detoxification. Its link to cancer is of interest, as altered expression or mutations in ALDH enzymes, including ALDH3A2, can influence cancer cell metabolism, survival, and response to oxidative stress. For instance, dysregulated ALDH activity may affect the redox balance in cells, contributing to the tumor microenvironment and promoting resistance to oxidative damage. Moreover, variations in ALDH3A2 expression have been associated with changes in cell proliferation and differentiation, potentially impacting tumorigenesis. However, the precise mechanisms and pathways linking ALDH3A2 to specific cancer types remain to be clarified through further research.",0
SCD5,993,0.25,0.0,0.125,0.625,0.0,1.0,0.0,0.0,1.0,0.0,1.6666666666666667,2.0,0.1572327044025157,1.0,0.4278990158322636,0.7911288213764318,740142.3,473.0,0.02096047,3.116759182370593e-07,3.0,0.0,0.0,0.0,0.0,0.0,0.0,0.0,0.0,0.0,0.0,0.0,2.0,6.0,0.0,0.0,0.0,0.0,0.0,1.0,1.0,0.0,0.0,1.0,0.0,0.0,9.0,0.0,9.0,16.34622222,96.24900944,22.307148474458284,4.101869244610561,0.2003795918367347,0.0083156219152956,98.0,-0.2482999572649572,0.0180727505351913,234.0,0.2341547891566266,0.015638009488475,332.0,3.4173188887107417,0.0529208052331675,0.0531638217219937,0.0078775010585105,20.06264731112067,3.8725039603390328,"The SCD5 gene, which encodes for stearoyl-CoA desaturase 5, is involved in the metabolism of fatty acids and the regulation of lipid profiles within cells. Alterations in lipid metabolism are known to play a role in cancer progression and development. Abnormal expression of SCD5 may disrupt normal fatty acid composition, leading to changes in membrane fluidity, energy metabolism, and signaling pathways that promote cell proliferation and survival. Additionally, aberrations in lipid metabolism can affect the tumor microenvironment, influencing inflammation and immune responses, thereby contributing to tumorigenesis. While research on SCD5's specific relationship with cancer is ongoing, its involvement in lipid metabolism presents plausible mechanisms by which it could influence cancer biology.",0
DRC1,2223,0.15,0.05,0.0,0.8,0.0,1.0,0.0,0.0,0.976862178684024,0.0,4.0,4.25,0.942507068803016,1.0,0.2366863905325444,0.5777560380613345,751542.4,408.0,0.04174321,0.0,1.0,0.0,0.0,0.0,0.0,0.0,0.0,0.0,0.0,0.0,0.0,0.0,2.0,16.0,1.0,0.0,0.0,0.0,0.0,3.0,0.0,0.0,0.0,0.0,0.0,0.0,22.0,0.0,18.0,16.07618182,93.37579073,19.23079097426516,1.0650707321324813,0.2373952232142855,0.0173901662995015,224.0,-0.215007536231884,0.0164591996688405,69.0,0.2321230375426618,0.0172043556157417,293.0,2.0410076111097086,0.7622264988670522,0.2846843231317675,0.0303562638394857,13.557707070579776,1.103930584227002,"The DRC1 gene, which encodes a protein involved in ciliary function and microtubule assembly, has been implicated in various cellular processes that may relate to cancer progression. Dysregulation of ciliary signaling pathways, to which DRC1 contributes, can lead to altered cellular proliferation, survival, and tissue homeostasis. In particular, aberrations in cilia function have been associated with the development of certain cancers, often through disruptions in pathway signaling, such as the Hedgehog and Wnt pathways, which are critical for cell growth and differentiation. Furthermore, the potential impact of DRC1 on centrosome integrity and mitotic fidelity may also play a role in tumorigenesis, highlighting its possible relevance in cancer biology.",0
PAX7,1563,0.1764705882352941,0.0588235294117647,0.0,0.7647058823529411,0.0,1.0,0.0,0.0,0.9712175832802088,0.0,3.25,3.5,0.6365372374283895,1.0,0.0737463126843657,0.2660121152295169,520847.1,598.0,0.0277373,3.4626545430746218e-06,5.0,0.0,0.0,0.0,0.0,0.0,0.0,0.0,0.0,0.0,0.0,0.0,0.0,14.0,1.0,0.0,0.0,0.0,0.0,4.0,0.0,0.0,0.0,0.0,0.0,0.0,19.0,0.0,18.0,23.74705263,106.7250339,17.19510288284258,1.3147820741041771,0.2074175824175823,0.0133449963963125,91.0,-0.2579247148288972,0.0179824014219603,263.0,0.2449412429378531,0.0172376860760711,354.0,0.9637491394544468,1.362983979618431,0.2571257780883976,0.0439759494783272,18.28620095052282,3.680460097859833,"Yes, there is a relationship between the PAX7 gene and cancer. PAX7 is a member of the paired box (PAX) gene family, which is known for its role in developmental processes, including muscle and neural tissue formation. Dysregulation of PAX7 expression has been associated with various malignancies, particularly rhabdomyosarcoma, where it contributes to oncogenic processes. Potential mechanisms include the enhancement of cellular proliferation and survival through the activation of downstream signaling pathways, as well as the modulation of stemness properties in cancer cells. PAX7 may facilitate tumorigenesis by promoting the epithelial-mesenchymal transition (EMT), thereby enhancing metastasis and resistance to therapy. Additionally, PAX7's interactions with transcriptional co-factors can lead to aberrant gene expression profiles that support tumor growth and progression.",0
METTL22,1215,0.5,0.0,0.1,0.4,0.0,1.0,0.0,0.0,1.0,0.0,0.6666666666666666,0.8333333333333334,0.5586592178770949,1.0,0.8431703204047217,0.9870036261176508,403747.4,542.0,-0.01124707,5.468926132375798e-06,20.0,3.0,0.0,0.0,0.0,0.0,0.0,0.0,0.0,0.0,0.0,0.0,0.0,3.0,0.0,0.0,0.0,0.0,0.0,4.0,2.0,0.0,0.0,0.0,0.0,0.0,12.0,0.0,12.0,11.27616667,175.2617034,14.525576669569215,0.7427927475298868,0.2428759278350516,0.0224022749278911,194.0,-0.2469758394160583,0.0180300482803563,137.0,0.2445728700906344,0.0205365919574952,331.0,3.268541043282754,0.005160258420413,0.02133632620873,0.003027366759714,20.40396434697952,1.00539276322968,"The relationship between the METTL22 gene and cancer is not well-established, but emerging evidence suggests that it may play a role in tumorigenesis through its involvement in mRNA methylation and post-transcriptional regulation. METTL22 is known to catalyze N6-methyladenosine (m6A) modification of RNA, which can influence RNA stability, splicing, and translation. Aberrant m6A methylation has been implicated in various cancer types, as it can affect the expression of oncogenes and tumor suppressor genes. Furthermore, changes in the levels of METTL22 and its associated proteins may lead to altered cellular signaling pathways, impacting cell proliferation, differentiation, and apoptosis. Thus, while direct associations remain to be fully elucidated, the potential mechanisms linked to METTL22 suggest a complicated interplay in cancer development.",0
SWT1,2703,0.125,0.0,0.0,0.875,0.0,1.0,0.0,0.0,0.96875,0.0,4.666666666666667,4.666666666666667,1.0,1.0,0.5747126436781609,0.8930374213945044,333911.2,535.0,-0.00698429,0.0,0.0,0.0,0.0,0.0,0.0,0.0,0.0,0.0,0.0,0.0,0.0,0.0,0.0,15.0,0.0,0.0,0.0,0.0,0.0,2.0,0.0,0.0,0.0,1.0,0.0,0.0,16.0,0.0,13.0,14.374875,70.02468625,14.797328506742527,1.6385371450488262,0.2763611227154048,0.0232258969838147,383.0,-0.2364043243243243,0.0170733086252252,37.0,0.2728411190476191,0.0227704056605585,420.0,3.284360491719722,0.0057871566754135,0.0596921111493769,0.0136441373818082,16.615162718106077,1.5572635911677388,"The SWT1 gene, also known as SWI/SNF-related matrix-associated actin-dependent regulator of chromatin subfamily E member 1, is involved in chromatin remodeling and transcriptional regulation. Dysregulation or mutation of SWT1 has the potential to influence cellular processes such as proliferation, differentiation, and apoptosis, which are critical in cancer biology. Alterations in chromatin structure and gene expression patterns due to SWT1 dysfunction can lead to the activation of oncogenes or the silencing of tumor suppressor genes, contributing to tumorigenesis. Additionally, the gene may interact with various signaling pathways and epigenetic regulators, further implicating it in the complex network that governs cancer development and progression.",0
SMARCD3,1452,0.3076923076923077,0.0769230769230769,0.0769230769230769,0.5384615384615384,0.0,1.0,0.0,0.0,0.958424899318874,0.0,1.4,1.8,0.1583280557314756,1.0,0.4716981132075472,0.8261396644735477,610105.5,290.0,0.03197283,1.9123001540357807e-05,41.0,0.0,0.0,0.0,0.0,0.0,0.0,0.0,0.0,0.0,0.0,0.0,2.0,7.0,1.0,0.0,0.0,0.0,0.0,4.0,1.0,0.0,0.0,0.0,0.0,0.0,15.0,0.0,11.0,21.96586667,160.9812654,21.196596888952083,1.4134781790362427,0.2963057558139536,0.0245487859591938,344.0,-0.2742697560975609,0.0268769831351859,123.0,0.290501841541756,0.0252000459760005,467.0,3.2213348395449963,0.0398146358142021,0.0813921383990168,0.0152635463698895,19.38470063644423,3.6699049625373767,"The SMARCD3 gene, part of the SWI/SNF chromatin remodeling complex, has been implicated in cancer through its role in regulating gene expression and maintaining genomic integrity. Alterations in chromatin remodeling can lead to abnormal cellular proliferation, loss of differentiation, and genomic instability, which are hallmarks of cancer. Dysregulation of SMARCD3 has been associated with changes in the expression of tumor suppressor genes and oncogenes, potentially contributing to tumorigenesis. Additionally, SMARCD3 interactions with various signaling pathways may influence cell cycle regulation and apoptosis, further implicating its role in cancer progression and therapy resistance.",0
PLD4,1521,0.375,0.0,0.0,0.4375,0.0,1.0,0.1875,0.0,0.9257048827786958,0.0,1.0,1.4285714285714286,1.0,1.0,0.2951593860684769,0.6553246094420923,855494.1,247.0,0.04051406,0.0,0.0,0.0,0.0,0.0,0.0,0.0,0.0,3.0,0.0,0.0,0.0,0.0,0.0,7.0,0.0,0.0,0.0,0.0,0.0,6.0,0.0,0.0,3.0,0.0,0.0,0.0,13.0,0.0,15.0,9.474923077,109.1533581,20.86908923541576,2.3807845055920827,0.2922008988764046,0.0612425271110518,178.0,-0.2765372727272727,0.0191343978564213,253.0,0.2830062412993041,0.036482398644909,431.0,2.858291068842906,0.1085801725718985,0.7254500996545712,0.0366862250641303,20.060674391099585,2.322449260305919,"The PLD4 gene has been implicated in various cellular processes, including the regulation of inflammation and apoptosis, which can be relevant in cancer biology. Aberrant expression of PLD4 may contribute to tumorigenesis by modulating inflammatory pathways that foster a tumor-promoting microenvironment or by affecting cell death mechanisms that allow for the survival of transformed cells. Additionally, PLD4 has been suggested to play a role in autophagy, which is intricately linked to cancer progression and therapy resistance. While direct associations between PLD4 and specific cancer types require further elucidation, its involvement in critical cellular mechanisms highlights a potential relationship worthy of investigation.",0
BIRC6,14574,0.2758620689655172,0.0689655172413793,0.0086206896551724,0.5862068965517241,0.0,1.0,0.043103448275862,0.0172413793103448,0.9279684339117036,0.0,2.060606060606061,2.5454545454545454,0.3847633705271257,1.0,0.9025270758122744,0.995087173578603,388754.5,517.0,0.02384979,0.0002144644538178,42.0,0.0,0.0,0.0,0.0,0.0,0.0,4.0,1.0,0.0,2.0,0.0,1.0,65.0,8.0,0.0,0.0,0.0,0.0,32.0,5.0,0.0,7.0,0.0,2.0,0.0,109.0,0.0,78.0,21.0907156,109.7176654,24.31711168007411,0.2485988612831239,0.2424393886462879,0.0218538617698,229.0,-0.2221138356164382,0.0175849377600837,73.0,0.2375262582781453,0.02083609442283,298.0,3.845683799446853,0.01357129353387,0.0678237396699635,0.0089042790012736,23.706492858224387,0.4441145634803481,"Yes, there is a relationship between the BIRC6 gene and cancer. BIRC6 encodes a member of the inhibitor of apoptosis (IAP) family, which is involved in regulating apoptosis and cell survival. Elevated expression of BIRC6 has been associated with several cancer types, contributing to tumorigenesis by inhibiting caspases and preventing programmed cell death. This dysregulation allows cancer cells to evade apoptosis, promoting uncontrolled proliferation and contributing to resistance against anti-cancer therapies. Additionally, BIRC6 may also influence cellular pathways involved in DNA repair and cellular stress responses, further enhancing tumor survival and growth. Thus, BIRC6 serves as a critical player in managing cell fate decisions that can lead to the development and progression of cancer.",0
CLDN22,663,0.5,0.0,0.0,0.5,0.0,1.0,0.0,0.0,1.0,0.0,0.5,0.5,1.0,1.0,0.8620689655172413,0.9900172457916148,649122.9543319192,444.4009897808343,0.0198885680771551,0.0,0.0,0.0,0.0,0.0,0.0,0.0,0.0,0.0,0.0,0.0,0.0,0.0,0.0,1.0,0.0,0.0,0.0,0.0,0.0,1.0,0.0,0.0,0.0,0.0,0.0,0.0,2.0,0.0,2.0,7.4565,18.4042445,21.88701420269522,1.8204614569819408,0.2050590410958903,0.0195587008865677,73.0,-0.293192376237624,0.0308641877724804,303.0,0.2760813829787235,0.0298297333036822,376.0,0.2733735962013286,0.672086642292926,0.111514500398345,0.0145173604745375,20.060674391099585,2.322449260305919,"Yes, there is a growing body of evidence suggesting a relationship between the CLDN22 gene and cancer. CLDN22 encodes claudin-22, a member of the claudin family of tight junction proteins, which play crucial roles in maintaining epithelial integrity and regulating paracellular transport. Dysregulation of claudin expression, including CLDN22, has been associated with altered cell adhesion and increased tumor invasiveness in various cancers. Mechanistically, aberrant expression of CLDN22 may disrupt tight junctions, leading to increased permeability and facilitating tumor progression and metastasis by allowing cancer cells to escape the primary tumor microenvironment. Additionally, the modulation of signaling pathways related to cell proliferation, migration, and epithelial-mesenchymal transition has been implicated in the oncogenic behavior associated with altered claudin expression.",0
CCDC84,999,0.1666666666666666,0.0,0.0,0.8333333333333334,0.0,1.0,0.0,0.0,1.0,0.0,2.5,2.5,1.0,1.0,0.6234413965087282,0.9180177739677824,1457410.0,180.0,0.05523976,2.798064666460398e-07,6.0,0.0,1.0,0.0,0.0,0.0,0.0,0.0,0.0,0.0,0.0,0.0,0.0,5.0,0.0,0.0,0.0,0.0,0.0,1.0,0.0,0.0,0.0,0.0,0.0,0.0,7.0,0.0,6.0,16.214,69.95560533,18.874281841409672,1.7324480862416838,0.2638164016874681,0.0370683991865753,190.13201675643327,-0.2623792743604192,0.0349935889004216,187.6534410532616,0.2724842722630945,0.0397860230283488,377.6466786355476,3.1717577501394527,0.0067723617623553,0.0311886949386029,0.0070591825057311,20.060674391099585,2.322449260305919,"There is emerging evidence suggesting a relationship between the CCDC84 gene and cancer, particularly in relation to tumor development and progression. CCDC84 is involved in cellular processes such as cell adhesion and maintaining the integrity of tight junctions, which are crucial for tissue architecture and function. Dysregulation of CCDC84 can lead to altered cellular adhesion properties, promoting tumor cell migration, invasion, and metastasis. Furthermore, changes in the expression levels of CCDC84 have been implicated in various cancer types, suggesting that it may play a role in the epithelial-mesenchymal transition (EMT), a key process in cancer metastasis. The specific mechanisms, however, remain an area of active investigation, warranting further research to elucidate its role in oncogenesis and tumor biology.",0
SDHA,1995,0.3333333333333333,0.0,0.0,0.6666666666666666,0.0,1.0,0.0,0.0,0.953509509058145,0.0,1.6,1.6,1.0,1.0,0.351000351000351,0.7184865059725417,1040169.0,530.0,0.02431387,0.0004176348928222,83.0,0.0,0.0,0.0,0.0,0.0,0.0,0.0,0.0,0.0,0.0,0.0,2.0,8.0,0.0,0.0,0.0,0.0,0.0,4.0,0.0,0.0,0.0,0.0,0.0,0.0,14.0,0.0,14.0,17.69921429,132.1902626,27.14385689850993,0.1343044939059917,0.3553398895027626,0.0566880986470792,362.0,-0.287377435897436,0.0669307707154179,78.0,0.343292,0.0590307062693394,439.0,3.6678876337526622,0.004399326667256,0.031605263195821,0.0020211163678549,20.0016725727506,8.897766768428056,"Yes, there is a relationship between the SDHA gene and cancer. SDHA (succinate dehydrogenase complex subunit A) is a core component of the mitochondrial succinate dehydrogenase enzyme, which plays a crucial role in the tricarboxylic acid (TCA) cycle and cellular respiration. Mutations in the SDHA gene can lead to dysfunction in the enzyme, resulting in the accumulation of succinate, which can activate the hypoxia-inducible factor (HIF) signaling pathway. This pathway is often associated with tumorigenesis due to its role in promoting angiogenesis and metabolic adaptation in response to hypoxic conditions. Additionally, altered succinate levels can lead to the inhibition of α-ketoglutarate-dependent dioxygenases, affecting processes like DNA demethylation and thus contributing to the epigenetic changes observed in various cancers. Consequently, SDHA mutations have been implicated in several tumor types, including hereditary paraganglioma-pheochromocytoma syndrome and various other malignancies.",0
TSGA10,2097,0.1764705882352941,0.0588235294117647,0.0,0.6470588235294118,0.0,1.0,0.1176470588235294,0.0,0.9315714232285016,0.0,2.75,3.5,0.8936550491510277,1.0,0.3982477100756671,0.7649068419655309,504326.7,770.0,0.01866784,6.077393337007603e-05,48.0,0.0,0.0,3.0,0.0,0.0,0.0,1.0,1.0,0.0,0.0,0.0,2.0,11.0,1.0,0.0,0.0,0.0,0.0,2.0,1.0,0.0,1.0,0.0,1.0,0.0,20.0,0.0,16.0,20.918,55.56643789,23.00627055749712,1.9507545018639527,0.211952,0.0111473078084782,185.0,-0.2298752000000001,0.0267978897724081,50.0,0.2157654468085106,0.0144309650941371,235.0,3.0388116158404497,0.0359061378916471,0.0529304300163925,0.013470787354613,19.08775927337967,1.60604433012225,"The TSGA10 gene, which is expressed in testicular tissue, has been implicated in various cancers due to its overexpression patterns. Research suggests that TSGA10 may play a role in cellular proliferation and survival, potentially contributing to tumorigenesis when dysregulated. One proposed mechanism involves its potential interaction with signaling pathways related to cell cycle regulation and apoptosis, which may promote an environment conducive to cancer progression. Additionally, its expression in certain tumors could suggest a role in tumor immune evasion or the modulation of the tumor microenvironment, although specific pathways and interactions remain to be clearly elucidated. Overall, while there is a suggestion of a relationship between TSGA10 and cancer, detailed mechanisms require further investigation to establish a definitive link.",0
DNAH10,13416,0.2516556291390728,0.0397350993377483,0.0066225165562913,0.6688741721854304,0.0,1.0,0.0331125827814569,0.0,0.9551513360740128,0.0,2.58974358974359,2.8974358974358974,0.9041591320072332,1.0,0.1797914419273642,0.4883059611312069,1032254.0,482.0,0.03874666,0.0,0.0,0.0,0.0,0.0,0.0,0.0,0.0,5.0,0.0,0.0,0.0,0.0,5.0,104.0,7.0,0.0,0.0,0.0,0.0,35.0,6.0,0.0,6.0,2.0,0.0,0.0,154.0,0.0,90.0,17.69812338,128.7807406,20.24267029753844,0.8622095973129499,0.2266467605633802,0.016542964555389,142.0,-0.2308506622516557,0.0177748653808918,151.0,0.2288132764505117,0.0171235654789541,293.0,2.7173084070677778,0.1728543472109277,0.1377192382479088,0.0506855970942663,15.617808181844158,3.6212956860174654,"The DNAH10 gene encodes a member of the axonemal dynein family, which is involved in the movement of cilia and flagella. Dysregulation of ciliary function has been implicated in various pathologies, including cancer, as cilia play crucial roles in cellular signaling pathways, such as the Hedgehog and Wnt pathways, which regulate cell growth and differentiation. Alterations in these pathways due to aberrant ciliary function can lead to uncontrolled cell proliferation and tumorigenesis. Additionally, mutations or expression changes in DNAH10 may affect the assembly or stability of cilia, potentially disrupting their signaling capabilities and contributing to a cancerous phenotype. However, the specific relationship between DNAH10 and cancer is not yet fully elucidated, and further research is needed to clarify these connections.",0
RAB5B,648,0.0,0.0,0.5,0.5,0.0,1.0,0.0,0.0,1.0,0.0,1.0,2.0,0.2093802345058626,1.0,0.5851375073142189,0.898717615057609,2080397.0,229.0,0.03105502,0.0001257215487048,46.0,2.0,0.0,1.0,0.0,0.0,0.0,0.0,0.0,0.0,0.0,0.0,1.0,1.0,0.0,0.0,0.0,0.0,0.0,0.0,1.0,0.0,0.0,0.0,1.0,0.0,5.0,0.0,5.0,24.158,94.25532,25.62973579627367,0.253199821713691,0.2456331325301205,0.029190795192552,166.0,-0.2263166037735849,0.0188107525369272,106.0,0.2381053676470587,0.0251503628441447,272.0,3.690793746529133,0.0027082397693356,0.111514500398345,0.0145173604745375,19.65818244634567,1.5034888612606674,"The RAB5B gene is involved in the regulation of endocytosis and is part of the RAB family of GTPases, which play a crucial role in vesicle trafficking and membrane dynamics. Alterations in RAB5B expression or function have been implicated in cancer through mechanisms such as enhanced cell proliferation, increased invasion, and evasion of apoptosis. Aberrant endocytic pathways may facilitate tumor progression by modulating the availability of growth factor receptors on the cell surface, thereby affecting signaling pathways crucial for cell survival and growth. Additionally, RAB5B may influence the tumor microenvironment by mediating the transport of signaling molecules and proteins involved in cell-cell interaction, which is critical in cancer metastasis and immune evasion.",0
CACNG7,828,0.3666666666666666,0.0,0.0,0.6333333333333333,0.0,1.0,0.0,0.0,0.9864136635272994,0.0,1.5833333333333333,1.5833333333333333,1.0,1.0,0.1699235344095157,0.4710971522025898,813774.5,360.0,-0.03256132,0.0,0.0,0.0,0.0,1.0,0.0,0.0,0.0,0.0,0.0,0.0,0.0,0.0,0.0,18.0,0.0,0.0,0.0,0.0,0.0,11.0,1.0,0.0,0.0,1.0,0.0,0.0,30.0,0.0,25.0,20.7363,59.99176036,20.54339688372398,0.3794218922318352,0.2818381904761905,0.0516680844311597,208.0,-0.2593892857142858,0.0241596039177871,154.0,0.2723405769230769,0.0400546098076552,361.0,0.4659664072250125,0.9704801695275646,0.2130172127002708,0.0411867104126923,22.009091990165192,0.173796209131512,"The CACNG7 gene encodes a subunit of voltage-gated calcium channels, which play critical roles in cellular signaling and function. Dysregulation of calcium signaling is increasingly recognized as a contributor to cancer progression. Specifically, aberrant expression or mutation of CACNG7 may disrupt calcium homeostasis, influence cell proliferation, apoptosis, and metastasis. Additionally, its potential involvement in neuroendocrine signaling pathways could affect tumor microenvironment interactions. While specific studies linking CACNG7 directly to cancer are limited, its role in calcium dynamics suggests a plausible association warranting further investigation into its mechanistic contributions to oncogenesis and tumor behavior.",0
PLA2G1B,447,0.0,0.0,1.0,0.0,0.0,1.0,0.0,0.0,1.0,0.0,0.0,1.0,0.1532097441397273,1.0,1.0,1.0,1621662.0,187.0,0.05590413,2.4492826130256032e-08,2.0,3.0,0.0,0.0,0.0,0.0,0.0,0.0,0.0,0.0,0.0,0.0,2.0,0.0,0.0,0.0,0.0,0.0,0.0,0.0,1.0,0.0,0.0,1.0,0.0,0.0,5.0,0.0,6.0,13.048,124.4089355,20.844263697531154,15.015784777473709,0.2203475,0.0139130207167266,140.0,-0.2250641721854305,0.0165635386791434,151.0,0.2227949828178693,0.0152415753030169,291.0,1.4220197379046131,1.1650647641443537,0.111514500398345,0.0145173604745375,20.060674391099585,2.322449260305919,"The PLA2G1B gene, encoding Group IIB secreted phospholipase A2, has been implicated in various cancer types through mechanisms involving inflammation and lipid metabolism. Elevated levels of phospholipase A2 activity can lead to the release of arachidonic acid, a precursor for bioactive lipids like prostaglandins, which are known to promote tumorigenesis by enhancing angiogenesis, cell proliferation, and evasion of apoptosis. Additionally, PLA2G1B has been associated with the modulation of the tumor microenvironment and the facilitation of metastasis through its effects on membrane lipid remodeling and inflammatory responses. Thus, dysregulation of PLA2G1B may play a role in cancer progression and metastasis.",0
GABRB2,1539,0.2,0.04,0.04,0.6,0.0,1.0,0.12,0.0,0.8827729376770642,0.0,2.5,3.333333333333333,0.3749531308586427,1.0,0.2958579881656805,0.6561762454127005,11638.15,1049.0,0.0073395619999999,4.280888533695206e-07,2.0,0.0,0.0,0.0,0.0,0.0,0.0,1.0,2.0,0.0,0.0,0.0,2.0,16.0,1.0,0.0,0.0,0.0,0.0,5.0,1.0,0.0,1.0,1.0,2.0,0.0,24.0,0.0,28.0,22.81025,85.97249689,22.21240396725571,4.766180106989822,0.2815688832487309,0.0177215948671138,197.0,-0.2434642396313364,0.0146610340865719,217.0,0.2615961594202899,0.01644102542565,414.0,2.4768802169120807,0.4517680113133064,0.283131293540131,0.0506011839387208,19.39276309072635,0.9020918985774768,"The GABRB2 gene, which encodes the beta-2 subunit of the GABA(A) receptor, has been implicated in some cancer types, although the specific relationship remains an area of ongoing research. Alterations in GABA(A) receptor signaling, via GABRB2, may influence tumor microenvironments by modulating cell proliferation, apoptosis, and neurotransmission, thereby affecting tumorigenesis and progression. Additionally, aberrant expression of GABRB2 can impact local immune responses and neuronal signaling in the tumor microenvironment, potentially creating conditions that favor cancer development or metastasis. Overall, while there is emerging evidence linking GABRB2 to cancer, further studies are required to elucidate the exact mechanisms involved.",0
CATSPER4,1419,0.4,0.0,0.0,0.4666666666666667,0.0,1.0,0.0666666666666666,0.0666666666666666,0.9658722633586913,0.0,1.0,1.2857142857142858,1.0,1.0,0.4248088360237893,0.7884944812396283,896535.5,217.0,0.02952692,2.04982360394466e-07,3.0,0.0,0.0,0.0,0.0,0.0,0.0,1.0,0.0,0.0,1.0,0.0,1.0,7.0,0.0,0.0,0.0,0.0,0.0,6.0,1.0,0.0,2.0,0.0,1.0,0.0,14.0,0.0,14.0,12.32142857,90.12824857,21.88701420269522,1.8204614569819408,0.1999191397849462,0.0100298188383824,93.0,-0.2634889922480617,0.0204527113803034,258.0,0.2466456980056978,0.0184438211320113,351.0,0.4198743470982845,0.3657199039229272,0.111514500398345,0.0145173604745375,20.060674391099585,2.322449260305919,"The relationship between the CATSPER4 gene and cancer is currently not well-established, but emerging research suggests potential involvement. CATSPER4 is part of the CATSPER family of calcium channels primarily implicated in sperm motility. Its expression has been observed in various tissues, including some cancer types, which raises the possibility of a role in tumor biology. Potential mechanisms could involve the modulation of calcium signaling pathways that influence cellular processes such as proliferation, migration, and apoptosis. Dysregulation of calcium homeostasis has been linked to cancer progression and metastasis, suggesting that alterations in CATSPER4 expression may have implications in oncogenesis. However, further studies are needed to elucidate its specific role and relevance in cancer pathology.",0
TMEM14B,345,0.0,0.25,0.0,0.75,0.0,1.0,0.0,0.0,1.0,0.0,3.0,4.0,0.2925687536571094,1.0,0.1913509376195943,0.5077776821849255,263716.1,468.0,0.01391419,4.096412383261925e-08,5.0,0.0,0.0,0.0,0.0,0.0,0.0,0.0,0.0,0.0,0.0,0.0,0.0,3.0,1.0,0.0,0.0,0.0,0.0,0.0,0.0,0.0,0.0,0.0,0.0,0.0,4.0,0.0,4.0,26.925,78.04916667,16.298686950857718,0.2287456427073147,0.2789784699453552,0.0366293196361076,183.0,-0.2654322875816994,0.0234132955519693,153.0,0.272810119047619,0.0305690989241649,335.0,3.480783991223176,0.0077093513841072,0.0292857174865636,0.0027435665451697,20.060674391099585,2.322449260305919,"The TMEM14B gene has been implicated in various cellular processes, including the regulation of mitochondrial function and apoptosis, which are critical in cancer biology. Alterations in TMEM14B expression may disrupt mitochondrial dynamics and energy metabolism, potentially leading to increased cell proliferation and survival in tumorigenic contexts. Additionally, changes in the gene's expression could influence the cellular response to oxidative stress and endoplasmic reticulum (ER) stress, contributing to cancer cell survival and resistance to therapy. Furthermore, aberrant regulation of TMEM14B may affect signaling pathways involved in tumor progression and metastasis, suggesting a multifaceted role in cancer development and maintenance. However, the exact mechanisms and the extent of TMEM14B's involvement in specific cancer types remain areas requiring further research.",0
GINS4,672,0.0,0.0,0.0,1.0,0.0,1.0,0.0,0.0,1.0,0.0,1.0,1.0,1.0,1.0,0.3793626707132017,0.7470647255843175,325054.9,496.0,0.02869618,1.984915065732003e-05,29.0,0.0,0.0,0.0,0.0,0.0,0.0,0.0,0.0,0.0,0.0,0.0,1.0,1.0,0.0,0.0,0.0,0.0,0.0,0.0,0.0,0.0,0.0,0.0,0.0,0.0,2.0,0.0,2.0,12.406,297.387272,21.730315685697818,1.3989838082726298,0.351164734848485,0.0856610891565834,264.0,-0.2968385648148147,0.0339898242011865,216.0,0.3267179583333333,0.0630214968313134,480.0,3.1937277701824307,0.0252459308284472,0.0275431416361407,0.005460253089766,20.060674391099585,2.322449260305919,"The GINS4 gene, part of the GINS complex, plays a crucial role in DNA replication and cell cycle regulation. Abnormal expression or mutations in GINS4 have been implicated in several cancers. This may occur through mechanisms such as dysregulation of the cell cycle, leading to uncontrolled cell proliferation, or through the disruption of DNA repair processes, which can increase genomic instability. Additionally, the modulation of chromatin dynamics by GINS4 could affect gene expression profiles associated with oncogenesis. These interactions underscore the potential significance of GINS4 as a contributor to the malignant phenotype in various tumor types.",0
RECQL,1950,0.0,0.0,0.0,0.7857142857142857,0.0,1.0,0.1428571428571428,0.0714285714285714,0.9624786378518296,0.0,11.0,14.0,1.0,1.0,0.00534,0.0332817082028935,518837.1,836.0,-0.02301981,3.888635894972197e-06,13.0,0.0,0.0,0.0,0.0,0.0,0.0,2.0,0.0,0.0,1.0,0.0,1.0,10.0,0.0,0.0,0.0,0.0,0.0,0.0,1.0,0.0,3.0,0.0,1.0,0.0,11.0,0.0,15.0,26.54,41.58272,27.11666784958385,0.3961940060955875,0.3281618253968255,0.0710531351767343,252.0,-0.2489335135135135,0.0310125288902702,111.0,0.3039349862258954,0.0600260135438534,363.0,3.5791058913142484,0.004485923389004,0.0727031367592347,0.0075045625723741,22.14162836665749,0.9738170693647048,"Yes, there is a relationship between the RECQL gene and cancer. RECQL encodes a DNA helicase involved in maintaining genomic stability by facilitating the repair of DNA and processing of homologous recombination. Dysregulation or mutations in RECQL can lead to impaired DNA damage response mechanisms, resulting in increased genomic instability and the accumulation of mutations. This instability is a hallmark of many cancers, as it can drive oncogenic transformations. Additionally, RECQL has been implicated in cellular responses to replication stress and resistance to various types of genotoxic stress, which may further influence tumorigenesis and the cancer phenotype. Thus, alterations in RECQL activity may contribute to the pathogenesis and progression of several cancer types.",0
UPK1B,783,0.1666666666666666,0.0,0.0,0.6666666666666666,0.0,1.0,0.1666666666666666,0.0,0.8710490642551527,0.0,2.0,2.5,1.0,1.0,0.6993006993006993,0.9494226883019692,222932.5,588.0,-0.0001063157,1.285005452989046e-06,4.0,0.0,0.0,6.0,0.0,0.0,0.0,0.0,1.0,0.0,0.0,0.0,1.0,4.0,0.0,0.0,0.0,0.0,0.0,1.0,0.0,0.0,0.0,0.0,1.0,0.0,12.0,0.0,11.0,20.35208333,65.96508845,21.28047293506958,3.397694074261757,0.262029275862069,0.0267820460627956,290.0,-0.2609471296296297,0.0217027339739269,108.0,0.2617356281407034,0.0253458337546422,398.0,2.652286438972164,1.4568704411819375,0.111514500398345,0.0145173604745375,20.060674391099585,2.322449260305919,"The UPK1B gene, which is involved in the formation of the urothelial surface, has garnered attention in cancer research, particularly in bladder cancer. Aberrant expression of UPK1B can disrupt normal cellular processes, such as differentiation and adhesion, potentially leading to tumorigenesis. Its role in maintaining the integrity of the urothelium suggests that alterations in UPK1B may contribute to the invasive properties of cancer cells. Additionally, UPK1B has been implicated in modulating pathways related to apoptosis and cell proliferation, further linking it to cancer progression. However, the specific mechanisms by which UPK1B influences cancer development and progression are still under investigation.",0
NKAIN1,624,0.2,0.2,0.0,0.6,0.0,1.0,0.0,0.0,1.0,0.0,1.5,2.0,0.4393673110720562,1.0,0.1386962552011095,0.412686401012047,586762.6,234.0,0.02841273,0.0,0.0,0.0,0.0,0.0,0.0,0.0,0.0,0.0,0.0,0.0,0.0,0.0,0.0,3.0,1.0,0.0,0.0,0.0,0.0,1.0,0.0,0.0,0.0,0.0,0.0,0.0,5.0,0.0,5.0,26.728,101.34992,21.88701420269522,1.8204614569819408,0.2352474999999998,0.0237695404661417,126.0,-0.2479467605633802,0.0171523013210603,212.0,0.243179882697947,0.019611510734692,337.0,1.9788133955499512,0.748645751810831,0.111514500398345,0.0145173604745375,13.947472931750148,0.6401831471551312,"The NKAIN1 gene has been implicated in various cellular processes, including ion transport and cellular proliferation, which are critical in the context of cancer biology. Aberrant expression or mutations in NKAIN1 may influence the regulation of sodium and potassium ions, potentially impacting cell signaling pathways that are vital for maintaining cellular homeostasis and growth. Dysregulation of ion transport can lead to altered cellular microenvironments, promoting oncogenic signaling or enabling tumorigenic characteristics such as increased proliferation, survival, and invasion. Moreover, NKAIN1 may interact with specific pathways related to cancer progression, but further research is necessary to elucidate the precise mechanisms linking NKAIN1 alterations to cancer development and progression.",0
JAM2,939,0.2222222222222222,0.0,0.1111111111111111,0.6666666666666666,0.0,1.0,0.0,0.0,0.9298966940476158,0.0,2.0,2.333333333333333,0.6662225183211192,1.0,0.3831417624521073,0.7507088970630659,534548.6,723.0,0.02612591,5.4641014077712096e-06,11.0,0.0,0.0,0.0,0.0,0.0,0.0,0.0,0.0,0.0,0.0,0.0,3.0,5.0,0.0,0.0,0.0,0.0,0.0,2.0,2.0,0.0,0.0,0.0,0.0,0.0,12.0,0.0,11.0,17.7075,95.35319445,20.8394641371683,5.270299699467532,0.2395645121951219,0.0169782172966726,82.0,-0.26166772,0.0199835554489975,250.0,0.2562084939759037,0.0192788746515014,332.0,3.195075318142711,0.0435760972932023,0.0693349964351862,0.0198181652770249,21.15182027272997,5.452850046609095,"Yes, there is evidence suggesting a relationship between the JAM2 gene and cancer. JAM2 (Junctional Adhesion Molecule 2) plays a role in cellular adhesion and maintaining tight junctions, which are crucial for epithelial barrier integrity. Dysregulation of JAM2 expression has been implicated in various malignancies, potentially contributing to tumor progression and metastasis. For instance, altered JAM2 levels may affect cell-cell adhesion dynamics, enabling cancer cells to detach and invade surrounding tissues. Additionally, JAM2's involvement in immune cell migration could influence tumor microenvironment interactions and immune evasion. Moreover, its role in endothelial cell function suggests that aberrations in JAM2 signaling may impact angiogenesis, further facilitating tumor growth and dissemination.",0
TRMT2A,1878,0.2,0.0,0.1,0.7,0.0,1.0,0.0,0.0,1.0,0.0,2.333333333333333,2.6666666666666665,0.3051571559353067,1.0,0.8976660682226212,0.9945755309740504,545125.9,218.0,0.05687422,5.287969637028226e-05,27.0,0.0,0.0,0.0,0.0,0.0,0.0,0.0,0.0,0.0,0.0,0.0,1.0,6.0,0.0,0.0,0.0,0.0,0.0,2.0,1.0,0.0,0.0,0.0,0.0,0.0,10.0,0.0,10.0,14.6071,139.6104012,23.28070279311688,0.7409952156965006,0.2736485714285714,0.0329691215110714,161.0,-0.2721976569037656,0.0208749895070918,239.0,0.27278165,0.0256729560273458,400.0,3.4155381278671566,0.0053808961823829,0.0494784344482021,0.0116406803216978,22.292011894675248,0.6208515267530171,"Yes, there is a relationship between the TRMT2A gene and cancer. TRMT2A is involved in the methylation of adenosine residues in tRNA, which is crucial for proper protein translation and cellular function. Dysregulation of tRNA modification has been implicated in tumorigenesis, as it can affect the expression of oncogenes and tumor suppressor genes by altering the translational efficiency of specific mRNAs. Additionally, aberrant levels of TRMT2A have been observed in various cancer types, suggesting that its expression may correlate with cancer progression and prognosis. Potential mechanisms include the modulation of the cellular stress response, alteration of metabolic pathways, and influence on the epitranscriptome, which may contribute to the aberrant growth and survival of cancer cells.",0
HMGB3,603,0.2,0.0,0.0,0.6,0.0,1.0,0.2,0.0,1.0,0.0,1.5,2.0,1.0,1.0,0.3513703443429374,0.7188736822444346,226983.2,444.4009897808343,-0.00813833,3.860970651368741e-05,25.0,0.0,0.0,0.0,0.0,0.0,0.0,1.0,0.0,0.0,0.0,0.0,0.0,2.0,0.0,0.0,0.0,0.0,0.0,1.0,1.0,0.0,1.0,0.0,0.0,0.0,4.0,0.0,4.0,19.191,145.957924,26.2643699673755,2.142596481282099,0.280988962962963,0.033905545639215,135.0,-0.2727888596491227,0.0242091513712544,114.0,0.2772346987951808,0.0293674727556548,249.0,3.5058065214232608,0.0325964740845435,0.2290948677597144,0.062398762256851,15.946685302227404,2.184574026953429,"Yes, there is a relationship between the HMGB3 gene and cancer. HMGB3 (High-Mobility Group Box 3) is a member of the high-mobility group protein family, which is known to be involved in chromatin structure and gene regulation. Alterations in HMGB3 expression have been associated with various cancers, where it may act as an oncogene. Mechanistically, HMGB3 can influence cellular processes such as proliferation, differentiation, and apoptosis by interacting with transcription factors and modulating their activity. Additionally, its role in maintaining genome integrity and modulating inflammatory responses may contribute to tumorigenesis by promoting an environment conducive to cancer development and progression. Dysregulation of HMGB3 expression may thus facilitate malignancy through its effects on the underlying molecular pathways that govern cell cycle control and metastasis.",0
C1RL,1464,0.0,0.0,0.0,1.0,0.0,1.0,0.0,0.0,1.0,0.0,1.0,1.0,1.0,1.0,0.5393743257820928,0.8723546208973373,2422791.0,224.0,0.03803349,6.555644608024214e-07,2.0,0.0,0.0,0.0,0.0,0.0,0.0,0.0,0.0,0.0,0.0,0.0,7.0,1.0,0.0,0.0,0.0,0.0,0.0,0.0,0.0,0.0,2.0,0.0,0.0,0.0,6.0,0.0,8.0,17.44816667,100.1462242,24.1304907141644,0.9273342102225652,0.3323047302904566,0.067514263090031,241.0,-0.2692355905511811,0.0276481421073865,127.0,0.3105390217391305,0.0545447424388224,368.0,3.527731554513406,0.0078576808539,0.111514500398345,0.0145173604745375,15.427699792222944,1.514677661551862,"The C1RL gene encodes a protein that is part of the complement system, specifically functioning as a serine protease involved in immune response regulation. Dysregulation of the complement system, including components like C1RL, has been implicated in cancer through mechanisms such as immune evasion and promotion of tumor microenvironment alterations. Elevated activity of complement proteins, including those influenced by C1RL, can enhance tumor growth by modulating inflammation and promoting angiogenesis, which creates a favorable environment for cancer progression. Additionally, C1RL may influence immune cell composition and activity, further affecting tumor immunity and response to therapy. Understanding the precise role of C1RL in cancer biology could uncover potential pathways for therapeutic intervention.",0
DUSP12,1023,0.1666666666666666,0.0,0.0,0.8333333333333334,0.0,1.0,0.0,0.0,1.0,0.0,2.5,2.5,1.0,1.0,0.3513703443429374,0.7188736822444346,447958.2,504.0,0.02892556,2.3958569693351185e-05,14.0,0.0,0.0,0.0,0.0,0.0,0.0,0.0,0.0,0.0,0.0,0.0,0.0,5.0,0.0,0.0,0.0,0.0,0.0,1.0,0.0,0.0,0.0,0.0,0.0,0.0,6.0,0.0,6.0,20.71666667,43.28362667,23.259143471509308,0.3014422430349564,0.2903734000000001,0.0319023936911679,400.0,-0.187856,0.0067110392110344,30.0,0.2832210232558141,0.0308087935826334,430.0,3.3081555936184195,0.004099704256877,0.0361438758413533,0.0083574434034183,15.863611307949864,1.5120459923344352,"The DUSP12 gene encodes a member of the dual-specificity protein phosphatase family, which plays a role in dephosphorylating both tyrosine and serine/threonine residues. Alterations in the expression or activity of DUSP12 have been implicated in various cancer types, potentially through its involvement in regulating MAPK signaling pathways. Dysregulation of these pathways can lead to enhanced cell proliferation, survival, and migration, contributing to oncogenic processes. Additionally, DUSP12 may participate in the cellular response to stress and the regulation of inflammatory pathways, further influencing tumor microenvironment interactions and immune responses. Thus, the interplay between DUSP12 and critical signaling cascades highlights its potential relevance in cancer biology.",0
APBB3,1482,0.1578947368421052,0.0526315789473684,0.0,0.6842105263157895,0.0,1.0,0.0526315789473684,0.0,0.9410872157860573,0.0526315789473684,3.25,4.0,0.356887937187723,1.0,0.3328894806924101,0.6990495119513609,706371.1,319.0,0.0288983,3.77474567396152e-06,6.0,0.0,0.0,0.0,0.0,0.0,0.0,0.0,1.0,0.0,0.0,0.0,0.0,12.0,1.0,1.0,0.0,0.0,0.0,3.0,1.0,0.0,0.0,0.0,1.0,0.0,18.0,0.0,19.0,23.01966667,75.59094553,14.227167754016037,0.022072979889697,0.2586405524861877,0.0133599041085819,181.0,-0.2476887168141592,0.0162488264556794,226.0,0.2525591891891893,0.0149576937700306,407.0,3.2432318661202766,0.0114517697190201,0.070269702017962,0.0110019492061917,15.39100232879625,0.7102390809402621,"The APBB3 gene, which encodes a member of the amyloid precursor protein (APP) family, has been implicated in various cellular processes, including intracellular signaling and protein interactions. While specific research directly linking APBB3 to cancer is limited, its involvement in pathways related to cell adhesion, proliferation, and apoptosis suggests that alterations in APBB3 expression or function could contribute to tumorigenesis. Dysregulation of signaling pathways mediated by APBB3 may lead to aberrant cell behavior, potentially influencing cancer progression. Additionally, its role in the modulation of the cellular response to stress and its interactions with other proteins involved in cancer-related pathways could provide a mechanistic link worth further exploration.",0
DHRS4,837,0.0,0.0,0.0,0.5,0.0,1.0,0.5,0.0,1.0,0.0,1.0,2.0,1.0,1.0,0.4426737494466578,0.8034184318219858,984810.9,442.0,0.02294243,3.9534797389748e-05,15.0,0.0,0.0,0.0,0.0,0.0,0.0,1.0,0.0,0.0,0.0,0.0,0.0,1.0,0.0,0.0,0.0,0.0,0.0,0.0,0.0,0.0,1.0,0.0,0.0,0.0,1.0,0.0,2.0,15.49,0.0,25.76066739207086,0.7573629473610786,0.2575081176470587,0.0331411944721754,168.0,-0.2845925523012551,0.0225572411258113,237.0,0.2733349633251834,0.0270646020887854,405.0,3.316020307362064,0.0084174328977314,0.0440105393072845,0.0091531692932377,16.572946340017086,2.511684139406789,"The DHRS4 gene, a member of the short-chain dehydrogenase/reductase family, has been implicated in cancer through its role in steroid metabolism and cellular stress responses. Alterations in DHRS4 expression can affect the levels of steroid hormones and metabolites that influence cell proliferation, apoptosis, and differentiation. Additionally, the protein may participate in the detoxification of reactive oxygen species, which can affect tumorigenesis through oxidative stress modulation. Studies have suggested that dysregulation of DHRS4 can contribute to the altered metabolic landscape of cancer cells, promoting aggressive phenotypes and resistance to conventional therapies. Overall, the potential relationship between DHRS4 and cancer appears to be mediated through hormonal regulation and oxidative stress pathways, although further research is necessary to elucidate the precise mechanisms involved.",0
HSD17B8,786,0.25,0.0,0.0,0.5,0.0,1.0,0.0,0.25,1.0,0.0,1.0,1.5,1.0,1.0,0.5574136008918618,0.8831927333537372,1474628.0,377.0,0.02425104,1.1420490530202445e-05,12.0,0.0,1.0,0.0,0.0,0.0,0.0,0.0,0.0,0.0,1.0,0.0,0.0,2.0,0.0,0.0,0.0,0.0,0.0,1.0,0.0,0.0,1.0,0.0,0.0,0.0,4.0,0.0,4.0,15.6505,95.227867,24.89336522254337,0.4652373636866472,0.2469257222222221,0.0181617728335536,180.0,-0.2367156296296296,0.0149104021934438,135.0,0.2425499682539682,0.0167420161296168,315.0,3.1623160818003067,0.0176268844589271,0.0640330625913273,0.0095020992635638,14.729447995432436,1.6955257240603077,"The HSD17B8 gene encodes a member of the hydroxysteroid dehydrogenase family, which is involved in the metabolism of steroid hormones. Dysregulation of steroid hormone metabolism can influence cancer progression through various mechanisms, including the modulation of local hormone concentrations that affect cell proliferation and differentiation. Specifically, altered expression of HSD17B8 may impact the levels of androgens and estrogens, which are known to play critical roles in the development of hormone-related cancers such as breast and prostate cancer. Additionally, HSD17B8 may interact with signaling pathways that regulate cell survival and apoptosis, further implicating it in tumorigenesis. While direct links between HSD17B8 and specific cancer types require further investigation, its functions suggest a potential involvement in cancer biology.",0
DCD,333,0.0,0.0,0.25,0.75,0.0,1.0,0.0,0.0,1.0,0.0,3.0,4.0,0.3593244699964068,1.0,0.2629503023928478,0.6141967470276419,615189.2,494.0,0.03078335,0.0001532541788865,31.0,1.0,0.0,0.0,0.0,0.0,0.0,0.0,0.0,0.0,0.0,0.0,1.0,4.0,0.0,0.0,0.0,0.0,0.0,1.0,1.0,0.0,0.0,0.0,0.0,0.0,8.0,0.0,8.0,8.295875,61.44839641,25.80844370509091,6.174495804273813,0.2245882692307692,0.0164163349305335,156.0,-0.2400780530973451,0.0218323753336757,113.0,0.2310951301115241,0.0186771685489568,269.0,0.1766452752245983,0.3896548150568936,0.111514500398345,0.0145173604745375,20.060674391099585,2.322449260305919,"The DCD gene, which encodes for the protein dermatopontin, has been implicated in various cellular processes, including cell adhesion and extracellular matrix regulation. Dysregulation of DCD may contribute to cancer progression through mechanisms such as altered cell migration, invasion, and tumor microenvironment interactions. Overexpression or mutation of DCD can influence the behavior of cancer cells by modulating pathways associated with metastasis and tumor growth, thereby potentially affecting the overall malignancy and response to therapy. Moreover, the interaction of DCD with integrins and other extracellular matrix components may impact signaling pathways that promote tumorigenesis. Further research is necessary to elucidate the specific mechanisms by which DCD relates to different cancer types.",0
ZMYM6,3978,0.12,0.08,0.0,0.8,0.0,1.0,0.0,0.0,0.9827729376770644,0.0,5.0,5.5,0.6273525721455459,1.0,0.2172968274663189,0.5489984770997771,719158.5,490.0,0.0304108,5.850655344855391e-06,12.0,0.0,0.0,0.0,0.0,0.0,0.0,0.0,0.0,0.0,0.0,0.0,9.0,20.0,2.0,0.0,0.0,0.0,0.0,3.0,0.0,0.0,4.0,0.0,0.0,0.0,30.0,0.0,27.0,17.47733333,94.74697209,16.191634208813877,2.178543157134507,0.2609504379562042,0.041988984420395,137.0,-0.2413052298850576,0.016862723785785,174.0,0.2499592282958198,0.0279268863432735,311.0,3.411780055730232,0.0025884656807674,0.0792485578202861,0.0101194893205565,17.60606326971096,2.168509177292796,"The ZMYM6 gene, which encodes a zinc finger protein, has been implicated in various cancer-related processes, primarily through its role in chromatin remodeling and gene regulation. Abnormalities in the expression or function of ZMYM6 may affect the transcriptional regulation of oncogenes and tumor suppressor genes, potentially leading to altered cellular proliferation, differentiation, and apoptosis. Additionally, its involvement in DNA damage response mechanisms could influence the genomic stability of cells, thereby contributing to tumorigenesis. While the direct relationship between ZMYM6 and specific cancers remains an area of ongoing research, dysregulation of ZMYM6 has been associated with the progression of malignancies, suggesting its potential relevance in cancer biology.",0
MYO18A,6165,0.3061224489795918,0.0204081632653061,0.0,0.5714285714285714,0.0,1.0,0.0816326530612244,0.0204081632653061,0.9505321249902996,0.0,1.75,2.125,0.9560229445506692,1.0,0.6788866259334692,0.9418201883777958,1560056.0,159.0,0.03253165,0.0001311760860213,29.0,0.0,0.0,0.0,0.0,0.0,0.0,4.0,0.0,0.0,1.0,0.0,1.0,27.0,1.0,0.0,0.0,0.0,0.0,15.0,1.0,0.0,5.0,0.0,0.0,0.0,45.0,0.0,42.0,20.87251111,96.07768307,25.75695926428016,0.3071671080642373,0.2722902604166669,0.0337206228119737,192.0,-0.2566665425531916,0.0158017913468056,188.0,0.2645606315789474,0.0248516119331092,380.0,3.608352045060708,0.0100452075077107,0.0539643464568793,0.0108761232172767,26.55259800754705,3.433151944901136,"The MYO18A gene, which encodes a myosin motor protein, has been implicated in various cancer processes, particularly in relation to cell motility and invasion. Alterations in MYO18A expression can influence cytoskeletal dynamics and cell adhesion, potentially contributing to metastatic behavior in tumors. Additionally, MYO18A may play a role in the regulation of cellular proliferation and apoptosis, with dysregulation possibly leading to enhanced tumorigenesis. While specific oncogenic or tumor suppressive pathways involving MYO18A remain to be fully elucidated, its functional roles underscore its potential significance in cancer biology.",0
XRCC1,1902,0.1111111111111111,0.1111111111111111,0.1111111111111111,0.6666666666666666,0.0,1.0,0.0,0.0,0.9298966940476158,0.0,3.0,4.0,0.400320256204964,1.0,0.4512635379061372,0.8103356357784464,416043.2,209.0,-0.009930635,5.141470623913127e-05,41.0,0.0,0.0,1.0,0.0,0.0,0.0,0.0,0.0,0.0,0.0,0.0,1.0,6.0,1.0,0.0,0.0,0.0,0.0,1.0,1.0,0.0,0.0,0.0,0.0,0.0,11.0,0.0,11.0,22.83581818,87.59052376,24.766079364374203,0.490827090341458,0.2633362051282052,0.0247430827401638,195.0,-0.2546582692307693,0.0204307633718238,156.0,0.2594793447293447,0.0227812941249979,351.0,3.384118047202355,0.0038419750665361,0.0460134385213704,0.005520309882505,25.648727305316392,1.2820388751603398,"Yes, there is a relationship between the XRCC1 gene and cancer. XRCC1 (X-ray repair cross-complementing 1) is essential for the efficient repair of DNA single-strand breaks and is involved in the base excision repair pathway. Variants in the XRCC1 gene can lead to impaired DNA repair mechanisms, resulting in increased accumulation of DNA damage. This genotoxic stress can contribute to genomic instability, a hallmark of cancer, facilitating mutations and chromosomal aberrations that drive tumorigenesis. Moreover, altered expression levels of XRCC1 have been correlated with various types of cancer, suggesting that disruptions in its DNA repair function may play a role in cancer susceptibility and progression.",0
SMPX,267,0.25,0.25,0.0,0.5,0.0,1.0,0.0,0.0,1.0,0.0,1.0,1.5,0.5344735435595938,1.0,0.6153846153846154,0.914158655865662,93024.38,444.4009897808343,-0.0004376786,0.0,0.0,4.0,0.0,0.0,0.0,0.0,0.0,0.0,0.0,0.0,0.0,0.0,2.0,2.0,1.0,0.0,0.0,0.0,0.0,1.0,0.0,0.0,0.0,0.0,0.0,0.0,10.0,0.0,9.0,17.1714,88.36235982,20.835256046586235,6.443358870539213,0.218476375,0.0211977725828955,80.0,-0.2967056476683937,0.0451273832882502,193.0,0.2737813186813185,0.0392838193636958,273.0,1.4528685685617844,1.1112949002201709,0.111514500398345,0.0145173604745375,19.334683372948515,3.1831566372111206,"The SMPX gene has been implicated in various cellular processes that may relate to cancer, particularly through its role in modulating actin dynamics and cytoskeletal organization. Dysregulation of the SMPX gene has been associated with altered cell adhesion, motility, and proliferation, which are critical factors in cancer progression and metastasis. Moreover, its expression may influence the differentiation of cells within the tumor microenvironment, potentially affecting interactions between tumor cells and surrounding stromal cells. Further investigation into the specific mechanisms of SMPX in oncogenesis, including its potential involvement in signaling pathways and gene regulatory networks, is essential to better understand its role in cancer biology.",0
KRTAP10-9,879,0.25,0.0833333333333333,0.0,0.5,0.0,1.0,0.1666666666666666,0.0,0.8894714728255649,0.0,1.5,2.25,0.7662835249042146,1.0,0.407000407000407,0.7728697979401881,874479.9,461.0,0.0253729,0.000700603104339,165.0,0.0,0.0,0.0,0.0,0.0,0.0,2.0,0.0,0.0,0.0,0.0,0.0,6.0,1.0,0.0,0.0,0.0,1.0,3.0,0.0,0.0,2.0,0.0,0.0,0.0,11.0,0.0,13.0,13.43645455,101.1478303,21.88701420269522,1.8204614569819408,0.2589685263157895,0.0393816084595072,95.0,-0.2624057835820895,0.0202033793443275,268.0,0.2615062258953169,0.025129840163341,363.0,0.1414784164744272,0.161258205684336,0.111514500398345,0.0145173604745375,20.060674391099585,2.322449260305919,"The relationship between the KRTAP10-9 gene and cancer is currently unknown. Research into keratin-associated proteins (KRTAPs) primarily focuses on their roles in hair and skin biology, but potential mechanisms linking KRTAP10-9 to cancer could involve alterations in the structural integrity of tissues or modulation of cellular signaling pathways that influence differentiation and proliferation. Dysregulation of keratin-associated genes may impact the tumor microenvironment, potentially affecting cell adhesion, migration, and epithelial-mesenchymal transition, which are crucial processes in cancer development and metastasis. Nonetheless, specific connections between KRTAP10-9 and oncogenic processes remain to be elucidated in the scientific literature.",0
EYA1,1779,0.15,0.15,0.0,0.65,0.0,1.0,0.05,0.0,0.9074487147360965,0.0,3.25,4.25,0.2224199288256228,1.0,0.1807664497469269,0.4899763943966942,50978.77,967.0,-0.0028241629999999,3.33055819983884e-06,5.0,0.0,0.0,1.0,0.0,0.0,0.0,0.0,1.0,0.0,0.0,0.0,2.0,12.0,3.0,0.0,0.0,0.0,0.0,3.0,1.0,0.0,0.0,0.0,1.0,0.0,22.0,0.0,21.0,25.76063636,158.9617562,21.88701420269522,1.8204614569819408,0.3241099751243778,0.0497242590910218,402.0,-0.2493510144927536,0.0166554581416027,69.0,0.3131580254777068,0.0455343385337525,471.0,2.4723152509074584,0.4350428499699955,0.2814854501944284,0.0321590115526507,17.932692155399252,2.1740110500303813,"Yes, there is a relationship between the EYA1 gene and cancer. EYA1 encodes a transcriptional coactivator that is part of the Eyes Absent (EYA) protein family, which plays a crucial role in developmental processes and cellular differentiation. Dysregulation of EYA1 has been observed in various cancers, where it may contribute to tumorigenesis by promoting cell proliferation and inhibiting apoptosis. Mechanistically, EYA1 can enhance the transcription of target genes involved in the epithelial-to-mesenchymal transition (EMT), a process linked to increased metastatic potential. Furthermore, it interacts with signaling pathways such as the Wnt and Notch pathways, which are pivotal in cancer progression and maintenance of stem cell-like properties in tumors. Consequently, EYA1's aberrant expression can lead to enhanced tumor aggressiveness and a poor prognosis in several malignancies.",0
NCBP1,2373,0.1818181818181818,0.0,0.0,0.8181818181818182,0.0,1.0,0.0,0.0,1.0000000000000002,0.0,3.0,3.0,1.0,1.0,0.3214400514304082,0.6862565792078109,495483.3,358.0,0.03603528,0.0001857764048015,75.0,0.0,0.0,0.0,0.0,0.0,0.0,0.0,0.0,0.0,0.0,0.0,2.0,9.0,0.0,0.0,0.0,0.0,0.0,2.0,0.0,0.0,0.0,0.0,0.0,0.0,13.0,0.0,12.0,20.81176923,75.98443203,25.200659398657034,0.2425225879315356,0.2254413868613139,0.0126009485532095,137.0,-0.2423812741312741,0.017923775923564,259.0,0.2365207575757576,0.0161108248161334,396.0,3.590470088402283,0.0024217517713841,0.0435905180297194,0.0112756623772351,25.504800845213307,1.4448386388264831,"Yes, there is evidence suggesting a relationship between the NCBP1 gene and cancer. NCBP1 (nuclear cap-binding protein 1) plays a critical role in mRNA processing, stability, and translation by binding to the 5' cap of mRNA molecules. Dysregulation of mRNA metabolism is a well-established factor in oncogenesis. Altered expression levels or mutations in NCBP1 can affect the processing of key oncogenic and tumor-suppressive transcripts, potentially leading to aberrant cell proliferation and survival. Furthermore, NCBP1 is implicated in the regulation of various signaling pathways related to cell growth and apoptosis, thereby contributing to cancer development and progression through mechanisms such as the modulation of stress response and immune evasion.",0
CCDC152,765,0.125,0.0,0.0,0.75,0.0,1.0,0.125,0.0,1.0,0.0,3.0,3.5,1.0,1.0,0.1899335232668566,0.5054285176801405,649122.9543319192,444.4009897808343,0.0198885680771551,0.0,0.0,0.0,0.0,0.0,0.0,0.0,0.0,1.0,0.0,0.0,0.0,0.0,0.0,5.0,0.0,0.0,0.0,0.0,0.0,1.0,2.0,0.0,1.0,0.0,1.0,0.0,7.0,0.0,8.0,19.559,36.55499367,21.88701420269522,1.8204614569819408,0.3376259214501511,0.0649016000751332,331.0,-0.2436075362318841,0.0213800596276641,69.0,0.3214077500000001,0.0585866740896616,400.0,2.972737515762327,0.048182518350929,0.111514500398345,0.0145173604745375,20.060674391099585,2.322449260305919,"The relationship between the CCDC152 gene and cancer is not well-established, but emerging research suggests potential relevance in oncogenesis. CCDC152 is implicated in cellular processes such as cell adhesion and cytoskeletal organization, which are crucial for maintaining tissue architecture and regulating cell migration—key features in cancer progression and metastasis. Alterations in the expression or function of CCDC152 may disrupt these processes, potentially leading to increased invasiveness and tumorigenicity. Additionally, its interactions with other proteins involved in signaling pathways could influence cell proliferation and survival dynamics within the tumor microenvironment, further linking CCDC152 to cancer biology. However, definitive connections remain to be thoroughly elucidated through extensive studies.",0
UGT3A2,1572,0.1052631578947368,0.0526315789473684,0.0,0.7894736842105263,0.0,1.0,0.0526315789473684,0.0,0.9256603431473772,0.0,5.0,5.666666666666667,0.8143322475570033,1.0,0.5141388174807198,0.8561758236865858,173489.8,614.0,-0.0089891119999999,4.582067649858408e-07,3.0,0.0,0.0,0.0,0.0,0.0,0.0,1.0,0.0,0.0,0.0,0.0,1.0,15.0,2.0,0.0,0.0,0.0,0.0,2.0,0.0,0.0,1.0,1.0,0.0,0.0,19.0,0.0,20.0,16.41747368,74.82262782,16.090052742894326,0.7716491259500207,0.3404588538681948,0.06316803778374,349.0,-0.2641008620689655,0.0312751295273139,58.0,0.329577371007371,0.0592491120844507,407.0,1.456497288719082,0.7824555257850156,0.111514500398345,0.0145173604745375,20.060674391099585,2.322449260305919,"The UGT3A2 gene encodes a member of the UDP-glucuronosyltransferase (UGT) family, which is involved in the metabolic detoxification of various endogenous and exogenous compounds, including drugs and hormones. Alterations in UGT enzyme activity can impact the bioavailability and clearance of carcinogens and endocrine disruptors, potentially influencing cancer risk. For instance, reduced expression or functional polymorphisms in UGT3A2 may lead to decreased glucuronidation of toxic metabolites, resulting in enhanced cellular exposure to genotoxic agents. Additionally, aberrant regulation of UGT enzymes could affect levels of estrogens and other hormones, potentially modulating tumorigenic pathways. Therefore, while direct links between UGT3A2 and specific cancer types remain to be fully elucidated, its role in metabolic processes suggests plausible mechanisms by which it may contribute to cancer susceptibility.",0
PHOX2B,945,0.2,0.1,0.0,0.6,0.0,1.0,0.1,0.0,0.939794000867204,0.0,2.0,2.6666666666666665,0.173220162826953,1.0,0.2137208805300277,0.5435102397700535,308279.7,376.0,0.02197644,0.0,1.0,0.0,0.0,0.0,0.0,0.0,0.0,1.0,0.0,0.0,0.0,0.0,1.0,6.0,1.0,0.0,0.0,0.0,0.0,2.0,0.0,0.0,1.0,0.0,0.0,0.0,10.0,0.0,11.0,22.5868,144.113018,21.88701420269522,1.8204614569819408,0.2275886065573771,0.0134605546120918,121.0,-0.2592309821428571,0.018428054734457,224.0,0.248073843930636,0.0168616345101088,345.0,0.2518347309146346,0.3682992409731965,0.111514500398345,0.0145173604745375,20.060674391099585,2.322449260305919,"The PHOX2B gene, primarily known for its role in neural crest development and autonomic nervous system regulation, has been implicated in certain tumors, particularly neuroblastoma. Its expression is crucial for neuronal differentiation, and aberrations in PHOX2B can lead to disrupted cellular differentiation and proliferation, which may contribute to oncogenesis. Moreover, PHOX2B may interact with signaling pathways that regulate cell growth and survival, such as the neurotrophic factor signaling pathway. Alterations in PHOX2B or its regulatory networks could, therefore, influence tumorigenic processes by promoting undifferentiated cell states or by interacting with factors that affect apoptosis and cellular stress responses.",0
SURF2,771,0.1666666666666666,0.0,0.0,0.6666666666666666,0.0,1.0,0.1666666666666666,0.0,0.8710490642551527,0.0,2.0,2.5,1.0,1.0,0.7052186177715092,0.9515144062834524,1827885.0,416.0,0.02751607,0.0001022792756265,54.0,0.0,0.0,1.0,0.0,0.0,0.0,1.0,0.0,0.0,0.0,0.0,0.0,4.0,0.0,0.0,0.0,0.0,0.0,1.0,0.0,0.0,1.0,0.0,0.0,0.0,6.0,0.0,7.0,9.086833333,83.01411977,21.89754952053279,0.9904495237657788,0.2504748591549296,0.0162941972634552,142.0,-0.2446183524904215,0.0166985504507367,261.0,0.2466819354838711,0.0165230328793291,403.0,3.125805484795115,0.0100830057172324,0.034184651506498,0.0073440645734648,21.75879803294529,1.6623024193674871,"The SURF2 gene, involved in mitochondrial function and energy metabolism, has been implicated in cancer through its role in regulating oxidative stress and apoptosis. Dysregulation of SURF2 expression may lead to altered mitochondrial dynamics, potentially causing increased reactive oxygen species (ROS) production. Elevated ROS levels can contribute to genomic instability and promote cancer cell proliferation and survival. Furthermore, aberrant expression of SURF2 may affect the function of mitochondrial respiration complexes, thereby influencing metabolic pathways that support tumor growth. Understanding these mechanisms is crucial for elucidating the broader implications of SURF2 in cancer biology.",0
PSMC3,1320,0.1666666666666666,0.0,0.0,0.6666666666666666,0.0,1.0,0.1666666666666666,0.0,1.0,0.0,2.0,2.5,1.0,1.0,0.376081233546446,0.7438699181124042,1022438.0,245.0,0.04729541,0.0013597931330579,169.0,0.0,0.0,0.0,0.0,0.0,0.0,1.0,0.0,0.0,0.0,0.0,0.0,2.0,0.0,0.0,0.0,0.0,0.0,2.0,2.0,0.0,1.0,1.0,0.0,0.0,5.0,0.0,7.0,26.3614,221.8557498,27.302253786187457,0.2906423157985135,0.2038131159420289,0.0137560834464244,138.0,-0.2590241333333333,0.0219857433868277,150.0,0.2325688541666665,0.018744085813665,288.0,3.643896499631426,0.003204401969108,0.0758842973577711,0.0119815759833716,17.76690495845854,0.936112485060594,"The PSMC3 gene encodes a component of the proteasome, a multi-subunit complex responsible for degrading ubiquitinated proteins, which plays a crucial role in maintaining cellular homeostasis and regulating various signaling pathways. Dysregulation of the proteasome has been implicated in cancer progression, as it can lead to the aberrant degradation of tumor suppressor proteins and DNA damage response factors, ultimately promoting oncogenesis. Moreover, the altered expression of PSMC3 in certain malignancies may influence cellular proliferation and apoptosis, contributing to tumorigenesis and the development of resistance to therapies. Understanding the functional implications of PSMC3 in specific cancer contexts is essential for elucidating its potential role in tumor biology.",0
SLPI,399,0.0,0.0,0.0,0.5,0.0,1.0,0.5,0.0,1.0,0.0,1.0,2.0,1.0,1.0,0.3265839320705421,0.6920536568371952,842540.2,324.0,0.02535205,1.3655930308258038e-06,4.0,0.0,0.0,0.0,0.0,0.0,0.0,1.0,0.0,0.0,0.0,0.0,0.0,1.0,0.0,0.0,0.0,0.0,0.0,0.0,0.0,0.0,1.0,0.0,0.0,0.0,1.0,0.0,2.0,3.285,0.0,25.028781480731165,4.937465142392999,0.3323895738636364,0.0497271499345757,352.0,-0.2271932786885246,0.0205242898024043,61.0,0.3168521065375305,0.0467500616089012,413.0,3.454452748260428,0.2401319017470212,0.111514500398345,0.0145173604745375,17.817599622565012,9.027117163963029,"The SLPI (Secretory Leukocyte Protease Inhibitor) gene is implicated in various cancers due to its roles in modulating inflammatory responses and protease activity within the tumor microenvironment. SLPI functions as a serine protease inhibitor, regulating inflammation and cell migration, which are critical in tumor progression and metastasis. Elevated SLPI expression has been associated with tumor cell proliferation and survival, possibly facilitating cancer cell invasion and metastasis by inhibiting apoptotic pathways and promoting angiogenesis. Additionally, SLPI's interaction with immune cells may influence tumor immunology by modulating the local immune response, which can impact tumorigenesis and cancer progression. Thus, the SLPI gene may contribute to cancer development and progression through multiple interrelated mechanisms involving inflammation, cell survival, and immune modulation.",0
OR6C68,939,0.0,0.0,0.0,0.875,0.0,1.0,0.125,0.0,0.9166666666666666,0.0,7.0,8.0,1.0,1.0,0.0414886113761772,0.1735193259792247,802037.7,706.0,0.002542446,0.0,0.0,0.0,0.0,0.0,0.0,0.0,0.0,0.0,1.0,0.0,0.0,0.0,0.0,7.0,0.0,0.0,0.0,0.0,0.0,0.0,0.0,0.0,0.0,0.0,1.0,0.0,7.0,0.0,6.0,20.02,10.66103333,21.88701420269522,1.8204614569819408,0.2392522641509434,0.0230466340593981,159.0,-0.2363329999999999,0.0202520291881651,110.0,0.2380585130111523,0.0218260949925567,269.0,0.0430735654875976,0.0445538178183541,0.111514500398345,0.0145173604745375,20.060674391099585,2.322449260305919,"The OR6C68 gene encodes a member of the olfactory receptor gene family, which primarily plays a role in the detection of odors. While its direct relationship with cancer is not well-established, some studies suggest that the dysregulation of olfactory receptors could influence cancer progression. For instance, altered expression of olfactory receptors, including OR6C68, might affect tumor microenvironments by modulating cellular signaling pathways or immune responses. Additionally, there is emerging evidence that certain olfactory receptors can be involved in processes such as cell proliferation and apoptosis, potentially linking them to oncogenic pathways. However, specific mechanisms by which OR6C68 could influence cancer biology remain largely speculative at this time.",0
DNM1L,2211,0.1176470588235294,0.1176470588235294,0.0588235294117647,0.5882352941176471,0.0,1.0,0.1176470588235294,0.0,0.8329232449489022,0.0,3.333333333333333,5.0,0.1199616122840691,1.0,0.6920415224913494,0.9467884578300314,307287.6,308.0,-0.00497301,0.000449600355455,49.0,2.0,0.0,2.0,0.0,0.0,0.0,2.0,0.0,0.0,0.0,0.0,0.0,10.0,2.0,0.0,0.0,0.0,0.0,2.0,1.0,0.0,2.0,0.0,0.0,0.0,19.0,0.0,20.0,23.34368421,128.9381056,26.652578076461428,0.313019283548671,0.2995271485943774,0.061443170656756,247.0,-0.2350650000000001,0.0236535389048192,84.0,0.2832664264264263,0.0525968437441188,328.0,3.659323579086997,0.002440172894717,0.0415967982095026,0.0007305632249274,24.975477501096243,2.984208179129656,"DNM1L, or dynamin 1-like, is primarily known for its role in mitochondrial fission and dynamics, which are critical processes for maintaining mitochondrial function and cellular homeostasis. Dysregulation of mitochondrial dynamics has been implicated in various aspects of cancer biology, including alterations in energy metabolism, apoptosis, and the production of reactive oxygen species (ROS). Abnormal expression or activity of DNM1L may contribute to tumorigenesis by promoting a metabolic shift that favors cancer cell proliferation and survival. Additionally, impaired mitochondrial fission can lead to an accumulation of dysfunctional mitochondria, further influencing cancer progression and resistance to therapy. While there is emerging evidence suggesting a connection between DNM1L and cancer, the specific mechanisms and implications of this relationship require further investigation.",0
ARID1A,6858,0.0748299319727891,0.2176870748299319,0.0068027210884353,0.2925170068027211,0.0,1.0,0.4013605442176871,0.0068027210884353,0.4310325921690425,0.0,3.583333333333333,11.333333333333334,0.0,1.0,0.9478672985781992,0.9986168406900756,975965.1,182.0,0.02749164,0.0001071527173352,52.0,0.0,0.0,0.0,0.0,0.0,0.0,42.0,16.0,0.0,1.0,0.0,16.0,45.0,31.0,0.0,0.0,1.0,0.0,11.0,2.0,0.0,46.0,3.0,19.0,0.0,97.0,0.0,123.0,29.01776289,101.0115043,24.13852656722076,0.299827346673578,0.1986665591397849,0.009263473707597,93.0,-0.2603731538461536,0.0192534047058449,260.0,0.2441161756373937,0.0173286753378895,353.0,3.5841612790835247,0.0191741808512175,0.0594407128648638,0.0052875596697064,24.63563355276036,0.3107225670856146,"Yes, there is a relationship between the ARID1A gene and cancer. ARID1A encodes a key component of the SWI/SNF chromatin-remodeling complex, which is crucial for regulating gene expression and maintaining genomic stability. Mutations or loss of ARID1A function can lead to altered chromatin accessibility, resulting in the dysregulation of tumor suppressor genes and oncogenes. This disruption can promote cellular transformation and tumorigenesis. In various cancers, particularly ovarian clear cell carcinoma and gastric cancer, ARID1A mutations have been linked to both the initiation and progression of tumors, suggesting that ARID1A plays a significant role in the tumor microenvironment and influences cancer cell behavior through chromatin dynamics.",0
MRRF,789,0.2727272727272727,0.0,0.0,0.6363636363636364,0.0,1.0,0.0,0.0,1.0000000000000002,0.0909090909090909,1.75,2.0,0.6631299734748011,1.0,0.3980891719745223,0.7647608473749808,319049.0,597.0,0.01901801,0.000137129724272,22.0,0.0,0.0,0.0,0.0,0.0,0.0,0.0,0.0,0.0,0.0,0.0,0.0,7.0,0.0,1.0,0.0,0.0,0.0,3.0,0.0,0.0,0.0,0.0,0.0,0.0,11.0,0.0,11.0,16.0,106.8267432,24.26147285813369,0.3369919264291505,0.2403757553956835,0.0200082331840266,139.0,-0.2416328063241107,0.0178685982726488,253.0,0.2411870663265307,0.0185784263542871,392.0,3.472489119414826,0.0043259542888962,0.0306540761256769,0.0080460123987388,20.060674391099585,2.322449260305919,"The relationship between the MRRF gene and cancer is currently not well established, but some evidence suggests potential mechanisms linking them. MRRF (Mitochondrial RNA Regulation Factor) is involved in mitochondrial RNA processing and has been implicated in the regulation of mitochondrial dynamics, which play a crucial role in cellular metabolism and apoptosis. Dysregulation of mitochondrial function is often associated with tumorigenesis, as cancer cells frequently exhibit altered energy metabolism (the Warburg effect) and resistance to programmed cell death. Furthermore, MRRF's role in maintaining mitochondrial integrity could impact the overall cellular stress response, potentially influencing cancer cell proliferation and survival. However, further research is needed to elucidate the precise relationship between MRRF and cancer development or progression.",0
PPM1D,1818,0.0952380952380952,0.238095238095238,0.0,0.3809523809523809,0.0,1.0,0.2857142857142857,0.0,0.5874425606372468,0.0,2.6666666666666665,6.333333333333333,0.0321419388017485,1.0,0.5998800239952009,0.9064340754461048,288701.4,328.0,0.01501526,3.293547749005488e-06,6.0,0.0,0.0,0.0,0.0,0.0,0.0,5.0,1.0,0.0,0.0,0.0,1.0,8.0,5.0,0.0,0.0,0.0,0.0,2.0,0.0,0.0,5.0,0.0,1.0,0.0,16.0,0.0,21.0,26.3723125,127.3704826,18.443342696693065,1.8145516220816724,0.2723420869565219,0.0318207787091627,227.0,-0.2377447297297297,0.0167292162849604,148.0,0.258796031746032,0.0261377835327523,374.0,3.364417726870221,0.0047999337785224,0.0309281382044167,0.0043545486955715,16.778836955577216,1.496154052881518,"Yes, there is a relationship between the PPM1D gene and cancer. PPM1D (Protein Phosphatase, Mg2+/Mn2+ Dependent 1D) encodes a protein that functions as a serine/threonine phosphatase involved in the regulation of various signaling pathways, including those related to DNA damage response and cell cycle control. Mutations or amplifications in PPM1D can lead to its overexpression, which has been implicated in the attenuation of ATM-mediated signaling and the downregulation of p53 activity. This disruption can compromise the cellular response to genotoxic stress, allowing for unchecked cell proliferation and survival, ultimately contributing to tumorigenesis. Additionally, alterations in PPM1D expression may influence the tumor microenvironment and the immune response, further enhancing its roles in cancer development and progression.",0
LCTL,1704,0.2272727272727272,0.0454545454545454,0.0454545454545454,0.6818181818181818,0.0,1.0,0.0,0.0,0.979614197798402,0.0,2.5,2.833333333333333,0.5882352941176471,1.0,0.2351834430856068,0.5755854798870419,553329.5,219.0,0.05781129,0.0,0.0,0.0,0.0,0.0,0.0,0.0,0.0,0.0,0.0,0.0,0.0,0.0,0.0,16.0,1.0,0.0,0.0,0.0,0.0,4.0,2.0,0.0,0.0,1.0,0.0,0.0,22.0,0.0,17.0,18.46286364,137.6656984,21.88701420269522,1.8204614569819408,0.2113474999999999,0.0141220834840361,84.0,-0.2483472839506172,0.0183974793479644,243.0,0.2388427522935781,0.0175146554494568,327.0,2.394875937426405,0.1250734075725955,0.111514500398345,0.0145173604745375,20.060674391099585,2.322449260305919,"The LCTL gene, which encodes for the protein L-type calcium channel, has been implicated in various cellular processes, including calcium homeostasis, apoptosis, and cell proliferation. Dysregulation of calcium signaling is known to play a pivotal role in tumorigenesis and cancer progression. Overexpression or mutation of LCTL may contribute to malignancy by affecting pathways that regulate cell cycle dynamics and survival, as aberrant calcium signaling can promote oncogenic transformations. Furthermore, the potential interaction between LCTL and other signaling cascades involved in cancer, such as those related to growth factor signaling or inflammation, warrants further investigation to elucidate its specific role in cancer biology.",0
ITIH6,3942,0.2903225806451613,0.0161290322580645,0.0161290322580645,0.6451612903225806,0.0,1.0,0.032258064516129,0.0,0.9620760821709904,0.0,2.1052631578947367,2.3157894736842106,0.8136696501220505,1.0,0.0960614793467819,0.3211111318565683,257678.2,444.4009897808343,0.01888839,0.0,0.0,0.0,0.0,0.0,0.0,0.0,0.0,2.0,0.0,0.0,0.0,0.0,0.0,40.0,1.0,0.0,0.0,0.0,0.0,17.0,2.0,0.0,3.0,0.0,0.0,0.0,59.0,0.0,48.0,10.606,70.11167228,17.632695756734627,1.8954703176409933,0.2600019999999999,0.036670315137619,85.0,-0.2734511920529802,0.0351775842185695,151.0,0.2686072033898306,0.0356033251581031,236.0,1.5568614541829855,0.9392618691352388,0.111514500398345,0.0145173604745375,20.060674391099585,2.322449260305919,"The ITIH6 gene, which encodes inter-alpha trypsin inhibitor heavy chain 6, has been implicated in various cancer types through mechanisms such as modulation of the extracellular matrix and involvement in inflammatory processes. Alterations in the expression levels of ITIH6 may influence tumor progression and metastasis by affecting cell adhesion, migration, and the tumor microenvironment. Additionally, ITIH6 may play a role in immune response regulation, which can further impact tumorigenesis and cancer development. While the precise mechanisms connecting ITIH6 to cancer pathology are still being investigated, emerging evidence suggests that it could be involved in the intricate interplay between tumor cells and their surrounding environment.",0
LY96,483,0.0,0.25,0.0,0.5,0.0,1.0,0.25,0.0,0.75,0.0,2.0,4.0,0.3483106931382793,1.0,0.9000900090009001,0.9948339429860422,250078.5,468.0,0.02607075,1.980157693932662e-06,4.0,0.0,0.0,0.0,0.0,0.0,0.0,0.0,1.0,0.0,0.0,0.0,2.0,2.0,1.0,0.0,0.0,0.0,0.0,0.0,0.0,0.0,0.0,0.0,1.0,0.0,5.0,0.0,5.0,13.953,200.7923745,19.26568223160289,2.379249087894577,0.3257036407766989,0.0482034494597051,412.0,-0.2514380597014926,0.0182716607279963,67.0,0.3153157620041752,0.044634706316939,479.0,3.043896135909805,0.0386798159658567,0.111514500398345,0.0145173604745375,20.060674391099585,2.322449260305919,"The LY96 gene, which encodes the protein MD-2, is known to play a critical role in the immune response by functioning as a co-receptor for Toll-like receptor 4 (TLR4), mediating the recognition of lipopolysaccharides from Gram-negative bacteria. Emerging research suggests a potential relationship between LY96 and cancer, as TLR4 signaling has been implicated in various tumorigenic processes, including inflammation, angiogenesis, and immune evasion. Dysregulation of TLR4 signaling, often mediated by altered expression of LY96, may contribute to the pro-tumorigenic microenvironment, enhancing cancer cell proliferation and metastasis. Furthermore, the interaction of LY96 with immune cells can influence tumor-associated inflammation, potentially impacting therapeutic responses and overall disease progression in various cancer types.",0
FBXO10,2871,0.3181818181818182,0.0909090909090909,0.0,0.5454545454545454,0.0,1.0,0.0454545454545454,0.0,0.951533901945023,0.0,1.5,1.875,0.3661662394727206,1.0,0.8058017727639001,0.9797884820487268,511883.2,338.0,0.03361665,1.5912334046216855e-05,5.0,0.0,0.0,0.0,0.0,0.0,0.0,1.0,0.0,0.0,0.0,0.0,0.0,12.0,2.0,0.0,0.0,0.0,0.0,7.0,0.0,0.0,1.0,0.0,0.0,0.0,21.0,0.0,20.0,19.96995238,74.21300425,17.675330878151634,2.32200629856146,0.2700046927374301,0.0379706445598769,179.0,-0.2654286710963455,0.0275701677475614,300.0,0.2671351458333332,0.0313824123682458,479.0,3.2167896192856125,0.0139529243165015,0.1230372834470869,0.010799692352005,18.415146834747787,1.7093111141818444,"Yes, there is a relationship between the FBXO10 gene and cancer. FBXO10 encodes a protein that is part of the F-box protein family, which functions in the ubiquitin-proteasome pathway, a critical system for the degradation of proteins that regulate various cellular processes, including cell cycle and apoptosis. Alterations in FBXO10 expression can lead to dysregulation of these processes, resulting in abnormal cell proliferation and survival. In some cancers, FBXO10 has been shown to act as a tumor suppressor, with downregulation or mutation leading to the accumulation of oncogenic factors or the stabilization of pro-growth proteins. Additionally, FBXO10 may influence immune responses within the tumor microenvironment, further implicating its role in cancer development and progression.",0
FAHD1,747,0.2,0.2,0.0,0.6,0.0,1.0,0.0,0.0,1.0,0.0,1.5,2.0,0.2532928064842958,1.0,0.2905287623474724,0.6496376228324661,1604603.0,288.0,0.03598955,3.4267012220670726e-05,27.0,0.0,0.0,0.0,0.0,0.0,0.0,0.0,0.0,0.0,0.0,0.0,0.0,3.0,1.0,0.0,0.0,0.0,0.0,1.0,0.0,0.0,0.0,0.0,0.0,0.0,5.0,0.0,5.0,25.012,142.78047,25.56162669752484,2.103428049080056,0.2512129999999999,0.0211624404050251,200.0,-0.2387687162162161,0.0179295491541229,148.0,0.2459206034482758,0.0197698598938711,348.0,3.3773574648508777,0.0089997534876792,0.0867624524451901,0.0064816921545323,20.683403675171203,12.293343520460413,"The FAHD1 gene, which encodes a member of the short-chain dehydrogenase/reductase family, has been implicated in various cellular processes, including fatty acid metabolism and oxidative stress response. Dysregulation of metabolic pathways, including those involving fatty acids, has been associated with cancer cell proliferation and survival. Specifically, alterations in fatty acid oxidation and lipid metabolism can contribute to the Warburg effect, where cancer cells favor aerobic glycolysis over oxidative phosphorylation, facilitating rapid growth and proliferation. Additionally, FAHD1 may influence cellular signaling pathways that regulate apoptosis and cell cycle, further implicating its potential role in tumorigenesis. However, direct evidence linking FAHD1 to specific cancer types remains to be fully elucidated.",0
ADH6,1128,0.3333333333333333,0.1111111111111111,0.0,0.5555555555555556,0.0,1.0,0.0,0.0,1.0,0.0,1.25,1.5,0.5861664712778429,1.0,0.0414696856597827,0.1734590936673765,167883.6,786.0,-0.0026292409999999,1.3466017088436838e-06,8.0,0.0,0.0,0.0,0.0,0.0,0.0,0.0,0.0,0.0,0.0,0.0,0.0,5.0,1.0,0.0,0.0,0.0,0.0,3.0,0.0,0.0,0.0,0.0,0.0,0.0,9.0,0.0,9.0,16.67966667,128.0487808,21.709658808371017,8.029800767507304,0.2035258139534883,0.0131578253446238,86.0,-0.2569860569105691,0.0195546492541845,246.0,0.2431379216867472,0.0184030939313171,332.0,2.3976250159331114,0.6505901773077178,0.111514500398345,0.0145173604745375,20.060674391099585,2.322449260305919,"The relationship between the ADH6 gene and cancer is currently not well established, but some studies suggest potential links through metabolic pathways. ADH6 encodes an alcohol dehydrogenase enzyme involved in the metabolism of aliphatic alcohols and other substrates, including certain carcinogenic compounds. Dysregulation of ADH6 activity may lead to aberrant metabolism of these harmful substances, resulting in the accumulation of toxic metabolites that can induce cellular damage or promote genomic instability. Additionally, variations in ADH6 expression could influence the metabolic profile of tumor cells, potentially affecting their growth and survival. However, further research is needed to clarify these interactions and determine the gene's exact role in cancer biology.",0
STK32A,1191,0.1111111111111111,0.0,0.0,0.8888888888888888,0.0,1.0,0.0,0.0,1.0,0.0,4.0,4.0,1.0,1.0,0.0279900355473451,0.1280797913469915,95084.04,839.0,-0.0072974469999999,0.0,0.0,0.0,0.0,0.0,0.0,0.0,0.0,0.0,0.0,0.0,0.0,0.0,0.0,9.0,0.0,0.0,0.0,0.0,0.0,1.0,0.0,0.0,0.0,0.0,0.0,0.0,10.0,0.0,9.0,23.9468,86.16983751,19.137444915064844,1.5406625086797208,0.2695474736842104,0.0146775809501977,190.0,-0.2459091363636363,0.0154944091138625,220.0,0.2568634878048781,0.0152183515391502,410.0,2.8787102659017085,0.284298599759345,0.0645298519520941,0.009955884633183,17.184662840667723,0.3446912943660551,"The STK32A gene, which encodes a serine/threonine kinase, has been implicated in various cellular processes, including cell proliferation and apoptosis. While direct evidence linking STK32A to cancer is currently limited, serine/threonine kinases are known to play critical roles in signaling pathways that regulate cell cycle progression and survival. Dysregulation of such kinases can lead to aberrant growth signaling and resistance to apoptotic signals, potentially facilitating oncogenesis. Additionally, STK32A's involvement in modulating cellular responses to stress and inflammation may further influence tumor microenvironments and cancer progression. More research is needed to elucidate the specific mechanisms by which STK32A may contribute to cancer biology.",0
GPR52,1086,0.3636363636363636,0.0909090909090909,0.0,0.3636363636363636,0.0,1.0,0.1818181818181818,0.0,0.8750481154569111,0.0,0.8,1.4,0.2260908885371919,1.0,0.8163265306122449,0.981992525711584,649122.9543319192,444.4009897808343,0.0198885680771551,8.010869220994754e-05,29.0,0.0,0.0,0.0,0.0,0.0,0.0,1.0,1.0,0.0,0.0,0.0,0.0,4.0,1.0,0.0,0.0,0.0,0.0,4.0,0.0,0.0,1.0,0.0,1.0,0.0,9.0,0.0,10.0,20.64311111,143.8919429,21.88701420269522,1.8204614569819408,0.2784013076923077,0.025581834489031,390.0,-0.2175146875,0.0186043054837701,32.0,0.2737843127962087,0.0252676989072463,422.0,2.2669174019299354,1.418249065040665,0.111514500398345,0.0145173604745375,20.060674391099585,2.322449260305919,"The relationship between the GPR52 gene and cancer is still not fully understood, but emerging evidence suggests potential roles in tumor biology. GPR52, a member of the G protein-coupled receptor family, may influence cellular signaling pathways implicated in oncogenic processes, such as cell proliferation, apoptosis, and migration. Dysregulation of GPCRs, including those like GPR52, can lead to aberrant signaling that promotes tumorigenesis. Furthermore, GPR52 expression levels have been observed to vary in different cancer types, potentially correlating with tumor progression or response to the tumor microenvironment. Investigating these interactions may reveal insights into cancer pathogenesis and the complex signaling networks that support tumor growth and metastasis.",0
SLC6A13,1809,0.2608695652173913,0.0434782608695652,0.0,0.6521739130434783,0.0,1.0,0.0434782608695652,0.0,0.9807769800471736,0.0,2.142857142857143,2.4285714285714284,0.8271298593879239,1.0,0.0732064421669106,0.2646026247542199,316827.1,557.0,0.02846953,0.0,1.0,0.0,0.0,0.0,0.0,0.0,0.0,1.0,0.0,0.0,0.0,0.0,6.0,15.0,0.0,0.0,0.0,0.0,0.0,6.0,1.0,0.0,1.0,0.0,0.0,0.0,28.0,0.0,26.0,18.90192857,172.2389722,21.941093494717308,11.122974263142249,0.3474033582089554,0.0719962542725753,268.0,-0.2612592727272728,0.0325070134453377,110.0,0.3223349735449736,0.0619230994680365,378.0,2.0455239148464543,0.8968955344736493,0.111514500398345,0.0145173604745375,22.61251418443435,9.489390980713331,"The SLC6A13 gene encodes a sodium-dependent neurotransmitter transporter for the amino acid γ-aminobutyric acid (GABA). Alterations in GABAergic signaling have been implicated in various cancer types, as tumors can exploit neurotransmitter pathways to enhance survival, growth, and metastasis. Dysregulation of SLC6A13 may influence the extracellular levels of GABA, potentially affecting tumor microenvironments and modulating cancer cell proliferation or apoptosis. Furthermore, GABA has been shown to interact with cellular signaling pathways related to cancer progression, suggesting that variations in SLC6A13 expression or function could contribute to oncogenic processes. Thus, while the direct relationship between SLC6A13 and cancer is not definitively established, its involvement in neurotransmitter dynamics indicates potential mechanisms worth further investigation.",0
TAT,1365,0.25,0.0625,0.0,0.5625,0.0,1.0,0.125,0.0,0.9257048827786958,0.0,1.8,2.4,0.7158196134574087,1.0,0.4653327128897162,0.8213134563333521,446645.2,530.0,0.01017098,1.508841242124879e-07,5.0,0.0,0.0,0.0,0.0,0.0,0.0,1.0,1.0,0.0,0.0,0.0,1.0,9.0,1.0,0.0,0.0,0.0,0.0,4.0,0.0,0.0,1.0,0.0,1.0,0.0,15.0,0.0,15.0,19.03013333,120.3933696,21.440125673918143,1.5847899026344834,0.2449214999999999,0.0375026116794968,160.0,-0.3044848181818181,0.031750815640606,220.0,0.2794055263157896,0.0349471798611998,380.0,2.3436587273743057,0.3334543713559923,0.111514500398345,0.0145173604745375,19.93126733519389,3.759878148915413,"The TAT gene, which encodes the enzyme tyrosine aminotransferase, has been implicated in various metabolic processes, including the catabolism of amino acids. Some studies suggest that altered expression or activity of TAT may influence cancer metabolism, particularly in the context of amino acid availability and metabolic reprogramming in tumors. For instance, dysregulation of amino acid metabolism can lead to increased proliferation and survival of cancer cells. Furthermore, metabolic byproducts of TAT activity may affect signaling pathways involved in cell growth and apoptosis, potentially contributing to tumorigenesis. Therefore, while concrete links between TAT and specific cancer types are still being explored, changes in its function may have indirect consequences for cancer biology.",0
OR5M11,918,0.3157894736842105,0.0526315789473684,0.0,0.631578947368421,0.0,1.0,0.0,0.0,0.975220114382459,0.0,1.7142857142857142,1.8571428571428568,0.6993006993006993,1.0,0.7604562737642585,0.9686970841290706,649122.9543319192,444.4009897808343,0.0198885680771551,0.0,0.0,0.0,0.0,0.0,0.0,0.0,0.0,0.0,0.0,0.0,0.0,0.0,0.0,12.0,1.0,0.0,0.0,0.0,0.0,6.0,0.0,0.0,0.0,0.0,0.0,0.0,19.0,0.0,17.0,13.96947368,97.34241615,21.88701420269522,1.8204614569819408,0.2093256849315067,0.0199448815047,146.0,-0.2624211111111112,0.0265234562961685,117.0,0.2329460836501902,0.023480276635367,263.0,0.3516523115983527,0.4196249415502388,0.111514500398345,0.0145173604745375,20.060674391099585,2.322449260305919,"The OR5M11 gene encodes for an olfactory receptor protein, which primarily functions in the sensory perception of odorants. While olfactory receptors are not traditionally linked to cancer, emerging studies suggest that certain olfactory receptors may have roles in non-sensory functions, including modulating cellular signaling pathways and influencing cell growth and differentiation. Alterations in the expression of olfactory receptors, including OR5M11, could potentially affect tumor microenvironments or interact with signaling cascades that promote tumorigenesis. However, the specific mechanisms connecting OR5M11 to cancer remain to be elucidated, and further research is necessary to clarify any potential associations.",0
TIMM17B,669,0.25,0.0,0.0,0.5,0.0,1.0,0.25,0.0,1.0,0.0,1.0,1.5,1.0,1.0,0.7581501137225171,0.9680620725816358,834039.8,444.4009897808343,0.03832556,2.3964133354189504e-05,11.0,0.0,0.0,0.0,0.0,0.0,0.0,1.0,0.0,0.0,0.0,0.0,0.0,1.0,0.0,0.0,0.0,0.0,0.0,1.0,1.0,0.0,1.0,0.0,0.0,0.0,3.0,0.0,4.0,14.02333333,8.202133333,22.093329556077943,1.5733049104283316,0.2490034615384615,0.0421079277527972,78.0,-0.2829223353293414,0.043219601813188,167.0,0.2721236734693877,0.0429423477003847,245.0,3.365434539788292,0.0081924055035483,0.1996258606624022,0.0423050241231039,20.060674391099585,2.322449260305919,"The TIMM17B gene encodes a component of the mitochondrial translocase of the inner membrane, which is crucial for the import of proteins into the mitochondria. Dysregulation of mitochondrial function is increasingly recognized as a contributor to cancer development and progression. Alterations in TIMM17B expression may affect mitochondrial dynamics, leading to impaired apoptosis and altered metabolic pathways that support cancer cell proliferation and survival. Furthermore, variations in mitochondrial protein import could influence genomic stability and promote the oncogenic phenotype by facilitating ROS production or influencing metabolic reprogramming, thereby linking TIMM17B to potential tumorigenic processes in various cancer types.",0
PGPEP1L,591,0.1428571428571428,0.0,0.0,0.8571428571428571,0.0,1.0,0.0,0.0,1.0,0.0,3.0,3.0,1.0,1.0,0.8496176720475785,0.9880788685455733,217298.8,248.0,-0.01950739,0.0,0.0,0.0,0.0,1.0,0.0,0.0,0.0,0.0,0.0,0.0,0.0,0.0,0.0,6.0,0.0,0.0,0.0,0.0,0.0,1.0,0.0,0.0,0.0,0.0,0.0,0.0,8.0,0.0,7.0,6.561625,48.66293113,21.88701420269522,1.8204614569819408,0.2897450000000003,0.0422681683364661,134.0,-0.2559781516587678,0.019216344580853,211.0,0.269093391304348,0.0283445996387563,345.0,0.8535244308390002,0.6006852244792087,0.111514500398345,0.0145173604745375,20.060674391099585,2.322449260305919,"The PGPEP1L gene, also referred to as Prolyl Endopeptidase-Like protein, has been implicated in various biological processes, but its specific relationship with cancer is currently not well-defined in the literature. However, given that prolyl endopeptidases are involved in protein metabolism and regulation, there may be indirect connections through pathways related to tumor progression, such as the modulation of signaling peptides or the regulation of extracellular matrix components. Aberrant regulation of such processes can influence tumor microenvironment interactions, angiogenesis, and proliferation. Therefore, while direct evidence linking PGPEP1L to cancer is limited, the gene's functional role in cellular processes suggests that further investigation into its potential implications in oncogenesis is warranted.",0
DCUN1D5,714,0.3333333333333333,0.0,0.0,0.5555555555555556,0.0,1.0,0.0,0.1111111111111111,1.0,0.0,1.25,1.5,1.0,1.0,0.221141088014153,0.5548329000123349,166625.4,585.0,-0.008540757,4.075995278082461e-05,21.0,0.0,0.0,0.0,0.0,0.0,0.0,0.0,0.0,0.0,1.0,0.0,6.0,5.0,0.0,0.0,0.0,0.0,0.0,3.0,0.0,0.0,2.0,0.0,0.0,0.0,13.0,0.0,14.0,22.58753846,66.25262094,22.987041373852,0.6125279532463513,0.2749912676056337,0.0953715274693037,142.0,-0.2748417560975609,0.0195734192537637,204.0,0.2749029394812678,0.0504056785439356,346.0,3.464786312409301,0.0041598296399549,0.0652564884939989,0.0111216624497687,20.879174654970225,0.8575480990084683,"The DCUN1D5 gene is involved in the regulation of protein ubiquitination, a process crucial for various cellular functions, including cell cycle regulation, apoptosis, and DNA repair. Aberrations in ubiquitin-proteasome pathways can lead to the accumulation of oncoproteins or loss of tumor suppressors, potentially contributing to tumorigenesis. Alterations in the expression or function of DCUN1D5 may affect the stability of key regulatory proteins, thereby influencing cell proliferation and survival, which can promote cancer development and progression. However, specific links between DCUN1D5 and particular cancer types remain to be elucidated, warranting further investigation into its role in oncogenesis.",0
ZSCAN5A,1491,0.35,0.05,0.0,0.55,0.0,1.0,0.05,0.0,0.976862178684024,0.0,1.375,1.625,0.7278020378457059,1.0,0.4016064257028112,0.7679850242877977,486579.5,522.0,-0.03162898,0.0,1.0,0.0,0.0,0.0,0.0,0.0,0.0,1.0,0.0,0.0,0.0,0.0,0.0,11.0,1.0,0.0,0.0,0.0,0.0,7.0,0.0,0.0,1.0,0.0,0.0,0.0,19.0,0.0,19.0,6.977894737,82.1332741,16.149158755603576,0.5373938981318032,0.28865345,0.0474790558418065,200.0,-0.265678695652174,0.026464792596413,161.0,0.2784070914127424,0.0381382790062388,360.0,2.98010168650486,0.0134816540312485,0.1062855612907893,0.016371280161416,18.11229780674137,1.597241379487398,"The ZSCAN5A gene has been suggested to play a role in cancer through its involvement in regulating cell proliferation and differentiation. It encodes a zinc-finger transcription factor that may act as a tumor suppressor in certain contexts. Research indicates that ZSCAN5A might influence the cellular response to DNA damage and the maintenance of genomic stability. Aberrant expression or loss of ZSCAN5A has been associated with various malignancies, potentially leading to enhanced tumorigenic processes, including increased cell growth and survival. Additionally, its interaction with other key regulatory pathways involved in cell cycle control and apoptosis may contribute to the oncogenic transformation of cells. However, the specific mechanisms by which ZSCAN5A influences cancer development remain an area of active research.",0
TNIK,4083,0.2340425531914893,0.0851063829787234,0.0,0.6382978723404256,0.0,1.0,0.0425531914893617,0.0,0.9329296165215072,0.0,2.5,3.0,0.6119951040391677,1.0,0.3305785123966942,0.696499534374481,146464.2,805.0,0.02537374,7.660819673624964e-05,38.0,0.0,0.0,0.0,0.0,0.0,0.0,2.0,0.0,0.0,0.0,0.0,4.0,28.0,4.0,0.0,0.0,0.0,0.0,11.0,2.0,0.0,2.0,0.0,0.0,0.0,49.0,0.0,37.0,23.15616327,143.8095429,23.02803068618061,1.958663864711485,0.4454281704260651,0.1635217899571968,390.0,-0.2437337096774193,0.0239089484368323,61.0,0.418302234273319,0.1493980598530408,451.0,3.429393464235757,0.0452669074517175,0.0728196271620948,0.0092727396173869,25.997097977699383,1.097204342638078,"Yes, there is a relationship between the TNIK gene and cancer. TNIK (TRAF2 and NCK-interacting protein kinase) plays a role in several cellular processes, including cell proliferation, differentiation, and survival, primarily via its involvement in the Wnt signaling pathway. Dysregulation of TNIK can lead to aberrant Wnt signaling, which is known to be implicated in various cancers, including colorectal and breast cancer. TNIK has been shown to influence the expression of β-catenin and other key components of the Wnt pathway, potentially contributing to tumorigenesis by promoting uncontrolled cell growth and evasion of apoptosis. Moreover, TNIK's interactions with other signaling molecules could facilitate cancer cell migration and metastasis. Overall, the dysregulation of TNIK may disrupt normal cellular functions and contribute to cancer progression.",0
DSTYK,2790,0.2692307692307692,0.0384615384615384,0.0769230769230769,0.5384615384615384,0.0,1.0,0.0384615384615384,0.0384615384615384,0.9345396758297344,0.0,1.75,2.375,0.1216397031991242,1.0,1.0,1.0,715889.2,277.0,0.03876847,1.9520374033340016e-05,19.0,0.0,0.0,0.0,0.0,0.0,0.0,1.0,0.0,0.0,1.0,0.0,1.0,14.0,1.0,0.0,0.0,0.0,0.0,7.0,2.0,0.0,2.0,0.0,0.0,0.0,25.0,0.0,24.0,18.19608,116.922201,20.672126349157608,1.5783273740902697,0.2935884432717678,0.0357396967290516,379.0,-0.2205074285714286,0.0155149152373109,35.0,0.2874100966183575,0.0344025145326782,414.0,3.496141064330226,0.0085838665065744,0.0390121514970932,0.0048687443898561,19.683191177966805,2.849596889642161,"The DSTYK gene encodes a dual specificity protein kinase involved in various signaling pathways that regulate cell proliferation and apoptosis. Alterations in the expression or function of DSTYK have been implicated in cancer biology, potentially influencing tumorigenesis through mechanisms such as modulation of the cell cycle, apoptosis, and the response to external stress signals. Dysregulation may affect key signaling pathways, including those related to growth factors and hormonal signaling, thereby contributing to oncogenic transformation. Additionally, aberrant enzymatic activity of DSTYK could lead to altered phosphorylation states of target proteins, further affecting cellular processes pivotal in cancer progression. While the direct involvement of DSTYK in specific cancer types remains an area of ongoing research, its role in cellular signaling suggests a potential link to cancer outcomes.",0
MUCL1,273,1.0,0.0,0.0,0.0,0.0,1.0,0.0,0.0,1.0,0.0,0.0,0.0,1.0,1.0,1.0,1.0,590746.5,746.0,-0.004351336,4.261422607200453e-05,8.0,0.0,0.0,0.0,0.0,0.0,0.0,0.0,0.0,0.0,0.0,0.0,0.0,1.0,0.0,0.0,0.0,0.0,0.0,1.0,0.0,0.0,0.0,0.0,0.0,0.0,2.0,0.0,2.0,8.0925,52.1731125,23.20403900665628,12.355387981683098,0.2245882692307692,0.0164163349305335,156.0,-0.2400780530973451,0.0218323753336757,113.0,0.2310951301115241,0.0186771685489568,269.0,1.3823811865556184,1.5575241214904734,0.111514500398345,0.0145173604745375,20.060674391099585,2.322449260305919,"The MUCL1 gene, which encodes mucin-like proteins, has been implicated in various cancers, primarily due to its potential role in modulating cell adhesion, immune evasion, and tumor microenvironment interactions. Overexpression of MUCL1 can enhance tumor cell survival by fostering a protective microenvironment that facilitates evasion from immune surveillance and promotes metastatic potential. The mucin-like properties of the encoded proteins may also contribute to the alteration of the extracellular matrix, impacting cellular signaling pathways involved in proliferation and migration. Additionally, MUCL1's involvement in the regulation of mucin-associated pathways suggests a potential link to the progression of certain tumor types, highlighting its relevance in cancer biology.",0
NUDC,996,0.25,0.25,0.0,0.0,0.0,1.0,0.25,0.25,0.75,0.0,0.0,1.5,0.0828294541538971,1.0,1.0,1.0,1025094.0,188.0,0.03420872,0.0001080295931258,61.0,0.0,0.0,0.0,0.0,0.0,0.0,0.0,1.0,0.0,1.0,0.0,0.0,0.0,1.0,0.0,0.0,0.0,0.0,1.0,0.0,0.0,1.0,0.0,1.0,0.0,2.0,0.0,4.0,22.3985,551.2196045,27.364188141703973,0.3910345684473943,0.1986665591397849,0.009263473707597,93.0,-0.2584270270270269,0.0183394870411271,259.0,0.2426380397727271,0.0166045828192234,352.0,3.564608137231731,0.0029117637301055,0.0302024208311652,0.0060698136310648,24.74921178777976,0.9829052209826112,"The NUDC gene, which encodes a protein involved in various cellular processes such as mitosis and microtubule dynamics, has been implicated in cancer through its role in cell proliferation and genomic stability. Abnormal regulation of NUDC can lead to aneuploidy and altered mitotic progression, contributing to the malignant transformation of cells. Furthermore, NUDC may interact with key signaling pathways involved in cancer progression, potentially influencing tumor growth and metastasis. Its overexpression has been observed in several cancer types, suggesting that dysregulation of NUDC could play a role in tumorigenesis by promoting the survival and proliferation of cancer cells under stressful conditions.",0
TMEM167B,225,0.0,0.0,0.0,1.0,0.0,1.0,0.0,0.0,1.0,0.0,1.0,1.0,1.0,1.0,0.2091175240485152,0.5363569362267111,989912.7,215.0,0.0177891,0.0,1.0,0.0,0.0,0.0,0.0,0.0,0.0,0.0,0.0,0.0,0.0,0.0,0.0,1.0,0.0,0.0,0.0,0.0,0.0,0.0,0.0,0.0,0.0,0.0,0.0,0.0,1.0,0.0,1.0,28.8,0.0,22.19081541220027,1.3832241345505591,0.2032745762711864,0.0105730521310155,118.0,-0.2389482683982685,0.015056952317858,231.0,0.2268866762177648,0.0137917849567368,349.0,3.530947318381081,0.0030804029817608,0.0990819520315412,0.0063425044360596,20.060674391099585,2.322449260305919,"The relationship between the TMEM167B gene and cancer is not extensively characterized, but some studies suggest that alterations in TMEM167B expression may contribute to tumorigenesis through its role in cellular processes such as endosomal trafficking and autophagy. Dysregulation of these pathways can lead to aberrant signaling and influence cell proliferation, apoptosis, and the overall tumor microenvironment. Moreover, alterations in the TMEM167B gene may affect the immune response and tumor-stroma interactions, potentially impacting cancer progression and metastasis. However, further research is needed to clarify the exact mechanisms and implications of TMEM167B in various cancer contexts.",0
KRTAP12-4,339,0.0,0.0,0.0,0.75,0.0,1.0,0.25,0.0,1.0,0.0,3.0,4.0,1.0,1.0,0.1184693756663902,0.3711764938990146,874479.9,461.0,0.0253729,4.469639877783765e-06,9.0,0.0,0.0,0.0,0.0,0.0,0.0,0.0,1.0,0.0,0.0,0.0,0.0,3.0,0.0,0.0,0.0,0.0,0.0,0.0,0.0,0.0,0.0,0.0,1.0,0.0,3.0,0.0,4.0,11.20266667,111.1283413,21.88701420269522,1.8204614569819408,0.2589685263157895,0.0393816084595072,95.0,-0.2624057835820895,0.0202033793443275,268.0,0.2615062258953169,0.025129840163341,363.0,0.0544335699079851,0.0577189342406157,0.111514500398345,0.0145173604745375,20.060674391099585,2.322449260305919,"The KRTAP12-4 gene encodes a keratin-associated protein that is involved in the formation and maintenance of hair and skin structures. While specific direct associations between KRTAP12-4 and cancer remain uncertain, the broader family of keratin-associated proteins plays critical roles in epithelial integrity and cellular differentiation. Alterations in keratin gene expression or function can potentially impact processes such as apoptosis, cell adhesion, and signaling pathways integral to tumorigenesis. Changes in the expression of keratin-associated proteins, including those related to inflammatory and mechanical stress responses, might influence the tumor microenvironment, promoting conditions conducive to cancer progression. Further research is necessary to elucidate any direct links between KRTAP12-4 and specific cancer types.",0
SPOCD1,3651,0.217391304347826,0.0,0.0,0.6956521739130435,0.0,1.0,0.0869565217391304,0.0,0.9615539600943472,0.0,2.6666666666666665,3.0,1.0,1.0,0.0711237553342816,0.2591275879361677,1213493.0,183.0,0.0350688,0.0,2.0,0.0,0.0,0.0,0.0,0.0,0.0,2.0,0.0,0.0,0.0,0.0,3.0,15.0,0.0,0.0,0.0,0.0,1.0,6.0,1.0,0.0,2.0,0.0,0.0,0.0,26.0,0.0,25.0,9.326461538,68.74878906,22.50280895000828,2.3056423047140258,0.2279191199999998,0.0217198951887354,125.0,-0.2472579611650486,0.017092165592896,206.0,0.2399547734138972,0.0188674406019939,331.0,2.770603297799408,0.3188636278533217,0.111514500398345,0.0145173604745375,17.633396502928445,1.3246478900065637,"The SPOCD1 gene has been implicated in various cellular processes, including cell proliferation and apoptosis, which are critical in the context of cancer development. Alterations in SPOCD1 expression can influence pathways associated with tumorigenesis, potentially through modulation of the cell cycle and apoptosis regulation. For instance, aberrant expression of SPOCD1 may lead to dysregulation of signaling pathways, such as those involving p53 or other oncogenes and tumor suppressor genes. Moreover, its role in chromatin remodeling and genome stability could link it to processes such as DNA repair and response to cellular stress, both of which are vital for maintaining cellular integrity in cancer. Thus, while direct links may still require further investigation, SPOCD1's functional involvement suggests plausible mechanisms by which it could contribute to cancer biology.",0
KRT1,1935,0.1363636363636363,0.0454545454545454,0.0,0.8181818181818182,0.0,1.0,0.0,0.0,0.979614197798402,0.0,4.5,4.75,0.6544502617801047,1.0,0.6779661016949152,0.9414630439266326,1441383.0,464.0,0.02883117,0.000327797905824,68.0,0.0,0.0,0.0,0.0,0.0,0.0,0.0,0.0,0.0,0.0,0.0,0.0,18.0,1.0,0.0,0.0,0.0,0.0,3.0,0.0,0.0,0.0,0.0,0.0,0.0,22.0,0.0,21.0,17.73422727,83.23920237,21.88701420269522,1.8204614569819408,0.21985,0.0139365684352941,154.0,-0.25965,0.0276334653935999,126.0,0.2377599999999999,0.0204166742537634,280.0,1.4483338284530332,1.2367252732322866,0.111514500398345,0.0145173604745375,20.060674391099585,2.322449260305919,"The KRT1 gene encodes keratin 1, a structural protein that is a component of the skin's outer layer and plays a crucial role in maintaining the integrity of epithelial tissues. Abnormal expression or mutation of KRT1 has been implicated in various skin disorders and conditions, which may create a microenvironment conducive to tumorigenesis. Dysregulation of keratin proteins, including KRT1, can lead to altered cell proliferation, differentiation, and apoptosis, potentially contributing to the progression of tumors. Moreover, changes in keratin expression profiles can influence the behavior of cancer cells, including their invasiveness and metastatic capabilities, suggesting a plausible link between KRT1 and certain cancer types. Thus, while direct evidence linking KRT1 to cancer is still under investigation, its role in epithelial integrity and cellular behavior points to potential mechanisms through which it could impact cancer development.",0
NRG2,2577,0.3571428571428571,0.0714285714285714,0.0,0.5714285714285714,0.0,1.0,0.0,0.0,1.0000000000000004,0.0,1.3333333333333333,1.5,0.4128819157720892,1.0,0.589622641509434,0.9011040904302544,749093.9,290.0,0.0573255,3.517035324928256e-09,2.0,0.0,0.0,0.0,0.0,0.0,0.0,0.0,0.0,0.0,0.0,0.0,3.0,8.0,1.0,0.0,0.0,0.0,0.0,5.0,0.0,0.0,0.0,0.0,0.0,0.0,17.0,0.0,17.0,21.23,101.5651326,13.3976784788243,0.1222101315674897,0.2653955307262569,0.0192679692282279,179.0,-0.241975745614035,0.0149584727417323,228.0,0.2522758476658477,0.0169464812888732,406.0,2.282096460130498,0.369866123270802,0.0702499667011072,0.0126459912252935,15.870179854621536,1.2378721652621183,"The NRG2 gene, which encodes neuregulin 2, has been implicated in various cellular processes, including cell signaling, proliferation, and differentiation. Its role in cancer may be linked to its function in the epidermal growth factor receptor (EGFR) signaling pathway, which is often dysregulated in tumors. Aberrant NRG2 expression can influence tumor microenvironment interactions and contribute to processes such as epithelial-mesenchymal transition (EMT), promoting invasiveness and metastasis. Additionally, NRG2 may interact with neuronal and immune cell populations, potentially affecting the tumor's immune landscape and its response to therapies. Further research is needed to fully elucidate the mechanisms by which NRG2 might contribute to oncogenesis and cancer progression.",0
DUOX1,4656,0.1764705882352941,0.0,0.0,0.6470588235294118,0.0,1.0,0.1764705882352941,0.0,0.8987720601505887,0.0,3.142857142857143,4.0,1.0,1.0,0.0975609756097561,0.3246124590814065,667417.5,544.0,0.02743991,0.0,0.0,0.0,0.0,0.0,0.0,0.0,0.0,6.0,0.0,0.0,0.0,0.0,2.0,22.0,0.0,0.0,0.0,0.0,0.0,6.0,0.0,0.0,7.0,0.0,0.0,0.0,29.0,0.0,30.0,20.06186207,70.24546577,21.93072811997801,3.6983743477538,0.2027739393939392,0.0124605171503962,66.0,-0.2794138795986622,0.0250339841493277,299.0,0.2655556986301368,0.0235923787069968,365.0,3.050461185719273,0.1763520539671957,0.1378018109780955,0.0243941165258784,22.25286290614893,4.924676362955227,"The DUOX1 gene, which encodes a dual oxidase enzyme involved in the production of reactive oxygen species (ROS), has been implicated in cancer through several potential mechanisms. Elevated ROS levels can lead to oxidative stress, which is known to contribute to genomic instability, promoting tumorigenesis. Additionally, DUOX1 may influence cellular signaling pathways and immune responses, thus affecting tumor growth and metastasis. The enzyme also plays a role in the maintenance of epithelial barrier function, and dysregulation of this function can facilitate cancer progression. Furthermore, the interaction of DUOX1-derived ROS with specific signaling molecules may alter cellular communication and promote a tumor-promoting microenvironment, highlighting its potential relevance in various cancers.",0
PIK3AP1,2418,0.1666666666666666,0.0333333333333333,0.0,0.8,0.0,1.0,0.0,0.0,1.0,0.0,4.0,4.166666666666667,0.8,1.0,0.1764602082230457,0.4825586513477119,794261.5,622.0,0.0278903,7.078881694039778e-06,6.0,0.0,0.0,0.0,0.0,0.0,0.0,0.0,0.0,0.0,0.0,0.0,0.0,24.0,0.0,0.0,0.0,0.0,0.0,5.0,1.0,0.0,0.0,1.0,0.0,0.0,29.0,0.0,25.0,19.20927586,110.0589193,22.561650787346327,0.9628319744927848,0.2102359595959595,0.0125184260202432,99.0,-0.3365087936507937,0.045175839710642,313.0,0.3063131159420291,0.0402253776423255,411.0,3.5006089052998366,0.0202822379180195,0.077348275406784,0.0086842318321274,22.798701998026168,1.5966971303382662,"The PIK3AP1 gene, which encodes a protein that plays a role in the regulation of the AKT/mTOR signaling pathway, has been implicated in cancer through its influence on immune cell signaling and tumor microenvironments. Dysregulation of PIK3AP1 can lead to altered immune responses, potentially promoting tumorigenesis or affecting tumor progression by modulating the infiltration and activation of immune cells. Furthermore, since this gene is involved in the transmission of signals that affect cell survival and proliferation, aberrant expression or mutations in PIK3AP1 could contribute to oncogenic processes by enhancing the survival of malignant cells or facilitating their growth under stress conditions. Overall, its relationship with cancer underscores the importance of immune signaling in tumor biology.",0
LMAN2,1071,0.125,0.0,0.0,0.875,0.0,1.0,0.0,0.0,0.9166666666666666,0.0,3.5,3.5,1.0,1.0,0.3302509907529722,0.6961368347342147,942016.6,227.0,0.0534099,8.067066201166039e-05,28.0,0.0,0.0,0.0,0.0,0.0,0.0,0.0,0.0,0.0,0.0,0.0,0.0,7.0,0.0,0.0,0.0,0.0,0.0,1.0,0.0,0.0,0.0,0.0,0.0,0.0,8.0,0.0,8.0,22.001125,61.03187584,26.6816926787423,0.4613939249740649,0.2827962616822429,0.0193162326939405,214.0,-0.2446379047619047,0.0148229063094645,210.0,0.263897075471698,0.0174153040840982,424.0,3.6751046935323184,0.0041772797044752,0.0587906584736105,0.0158640182464749,17.618805627015025,6.249190502200633,"The LMAN2 gene encodes a protein involved in the secretory pathway and the transport of glycoproteins, particularly those requiring mannosylation for proper folding and function. Alterations in LMAN2 expression or function could potentially impact cancer progression through several mechanisms, including the dysregulation of glycoprotein maturation and trafficking, which may affect cell adhesion, invasion, and angiogenesis. Furthermore, aberrant glycosylation patterns are a hallmark of many cancers, influencing tumorigenesis and metastasis by altering immune recognition and cell signaling pathways. Consequently, while the precise relationship between LMAN2 and cancer remains to be fully elucidated, the gene's role in glycoprotein processing suggests a plausible link to oncogenic processes.",0
POP1,3075,0.375,0.0833333333333333,0.0833333333333333,0.375,0.0,1.0,0.0833333333333333,0.0,0.8590521459927658,0.0,0.9,1.5,0.2071251035625518,1.0,0.9784735812133072,0.999766626009308,635158.8,368.0,0.04357896,0.000122484284046,62.0,0.0,0.0,0.0,0.0,0.0,0.0,2.0,0.0,0.0,0.0,0.0,0.0,9.0,2.0,0.0,0.0,0.0,0.0,9.0,2.0,0.0,2.0,0.0,0.0,0.0,22.0,0.0,22.0,14.47672727,201.3617676,23.62385172000799,0.2025109596578297,0.3557032036613273,0.0587630889268689,437.0,-0.2543440983606557,0.0254230587112568,61.0,0.3432877309236948,0.0557263991205954,498.0,3.292961632228048,0.0078798862690003,0.0341972891859709,0.0073815220818634,23.98992919739247,0.6400001021257413,"The relationship between the POP1 gene and cancer is currently not well-characterized in the literature. However, if a connection were to be established, potential mechanisms could involve POP1's role in RNA processing and regulation, which are critical for maintaining cellular homeostasis and genomic integrity. Abnormalities in RNA metabolism can lead to the accumulation of oncogenic transcripts or the loss of tumor suppressor functions, thereby promoting tumorigenesis. Additionally, any alterations in the pathways involving POP1 could influence cell cycle regulation, apoptosis, or DNA repair mechanisms, contributing to the cancer phenotype. Further research would be necessary to elucidate any definitive links and mechanisms involved.",0
MS4A10,804,0.25,0.0,0.125,0.625,0.0,1.0,0.0,0.0,1.0,0.0,1.6666666666666667,2.0,0.5268703898840885,1.0,0.5595970900951315,0.8844645977489037,744778.9,621.0,0.02268635,0.0,0.0,0.0,0.0,0.0,0.0,0.0,0.0,0.0,0.0,0.0,0.0,0.0,0.0,5.0,0.0,0.0,0.0,0.0,0.0,2.0,1.0,0.0,0.0,0.0,0.0,0.0,8.0,0.0,8.0,10.903,49.24527343,11.98808123733346,0.7538935386951697,0.2118512230215826,0.0155238166137107,139.0,-0.2612012903225807,0.0237639055690532,124.0,0.2351189353612167,0.0199421971690912,263.0,1.967653310613673,1.3723146180643702,0.111514500398345,0.0145173604745375,17.096825622132332,1.0652777062451038,"The MS4A10 gene has been implicated in various processes that could relate to cancer, although the exact mechanisms remain under investigation. It is part of the membrane-spanning 4-domains, subfamily A (MS4A) family, which is known to play roles in immune responses and cell signaling. Alterations in the expression of MS4A10 can influence immune cell function and may contribute to tumor microenvironment modulation. Furthermore, dysregulation of immune pathways can affect tumor progression and metastasis, possibly allowing tumors to evade immune surveillance. While the precise connections between MS4A10 and specific cancer types are still being elucidated, its role in immune modulation highlights its potential relevance in oncogenic processes.",0
UPRT,930,0.0833333333333333,0.1666666666666666,0.1666666666666666,0.5,0.0,1.0,0.0833333333333333,0.0,0.6836405664006463,0.0,3.0,5.5,0.0118137677649532,1.0,0.4612546125461255,0.8181757765578412,145779.5,444.4009897808343,-0.005299761,1.5843506761162869e-06,6.0,0.0,0.0,0.0,0.0,0.0,0.0,1.0,0.0,0.0,0.0,0.0,2.0,5.0,2.0,0.0,0.0,0.0,0.0,1.0,3.0,0.0,2.0,0.0,0.0,0.0,12.0,0.0,12.0,25.36716667,89.46142361,21.845192747386488,1.6718880899828252,0.2155375757575757,0.0119536286756957,99.0,-0.2768636641221374,0.0271891475695478,131.0,0.2504667826086956,0.0214764623808695,229.0,3.269251622525548,0.0062778543124262,0.111514500398345,0.0145173604745375,14.331187882761125,1.853802908652738,"As of now, there is limited information directly linking the UPRT gene to cancer. UPRT (uridine phosphorylase 1) is primarily involved in pyrimidine metabolism, facilitating the recycling of nucleotides, which is crucial for DNA and RNA synthesis. Alterations in nucleotide metabolism can influence cellular proliferation and survival, potentially impacting tumorigenesis. However, the specific role of UPRT in cancer development or progression is not well-characterized, and any potential relationship remains to be fully elucidated. Further research is necessary to clarify its significance in oncogenic processes or as a target in cancer therapy.",0
IFNA1,570,0.5,0.0,0.0,0.5,0.0,1.0,0.0,0.0,1.0,0.0,0.6666666666666666,0.6666666666666666,1.0,1.0,0.4130524576621231,0.7782654597091786,242653.8,411.0,-0.005553245,0.0,1.0,0.0,0.0,0.0,0.0,0.0,0.0,0.0,0.0,0.0,0.0,0.0,0.0,2.0,0.0,0.0,0.0,0.0,0.0,2.0,0.0,0.0,0.0,0.0,0.0,0.0,4.0,0.0,4.0,10.263,56.959358,21.88701420269522,1.8204614569819408,0.2535038129496403,0.0197565025657908,139.0,-0.481712760290557,0.4273821446190614,413.0,0.4242471014492751,0.3343448207799676,552.0,0.6621269126341298,0.7627768547144422,0.111514500398345,0.0145173604745375,20.060674391099585,2.322449260305919,"The IFNA1 gene, which encodes the interferon-alpha 1 protein, plays a pivotal role in the immune response against viral infections and has been implicated in the modulation of tumor immunity. Its relationship with cancer is largely attributed to its function in promoting antiviral activity and influencing the tumor microenvironment. Specifically, interferons, including IFNA1, can activate several immune pathways, enhancing the anti-tumor immune response by stimulating the proliferation and activation of immune cells such as natural killer (NK) cells and T lymphocytes. Additionally, IFNA1's role in inducing apoptosis in cancer cells, along with its ability to inhibit angiogenesis, may further contribute to its potential effects on tumor progression and metastasis. Dysregulation of IFNA1 signaling could therefore impact cancer development and the efficacy of immune-based therapies, highlighting its significance in oncological research.",0
OR51B6,939,0.25,0.0,0.0,0.75,0.0,1.0,0.0,0.0,1.0,0.0,2.0,2.0,1.0,1.0,0.1440092165898617,0.4230815059559402,100115.4,1056.0,0.0009048171,0.0,0.0,0.0,0.0,0.0,0.0,0.0,0.0,0.0,0.0,0.0,0.0,0.0,0.0,7.0,0.0,0.0,0.0,0.0,0.0,2.0,0.0,0.0,0.0,1.0,0.0,0.0,8.0,0.0,9.0,14.952375,72.6589097,21.88701420269522,1.8204614569819408,0.1912441269841269,0.0060537827620317,126.0,-0.2511358666666665,0.0164900645145357,225.0,0.2296362678062675,0.013543480518888,351.0,1.1646723140807274,0.8767959177395025,0.111514500398345,0.0145173604745375,20.060674391099585,2.322449260305919,"The OR51B6 gene, part of the olfactory receptor family, has been implicated in various physiological processes, and emerging evidence suggests a potential relationship with cancer. One proposed mechanism involves its role in influencing cell migration and proliferation, which are key processes in tumorigenesis. Studies indicate that olfactory receptors can modulate signaling pathways associated with cancer progression, potentially affecting epithelial-mesenchymal transition (EMT) and metastasis. Additionally, the expression of OR51B6 in specific tumor types may be linked to altered tumor microenvironments, impacting tumor immune evasion and angiogenesis. However, the precise mechanisms and the extent of OR51B6's involvement in cancer are still under investigation.",0
PTGER4,1467,0.4444444444444444,0.0,0.0,0.5555555555555556,0.0,1.0,0.0,0.0,1.0,0.0,1.1111111111111112,1.1111111111111112,1.0,1.0,0.2332633543270352,0.5727985042257617,210761.2,496.0,-0.007948172,5.062069734234017e-07,3.0,0.0,0.0,0.0,0.0,0.0,0.0,0.0,0.0,0.0,0.0,0.0,0.0,10.0,0.0,0.0,0.0,0.0,0.0,8.0,0.0,0.0,0.0,0.0,0.0,0.0,18.0,0.0,14.0,17.6975,73.29351038,18.44338011834714,0.129552017470699,0.3361834017595309,0.0589807773936881,341.0,-0.2349472580645162,0.0207444238956372,62.0,0.3206086104218364,0.0543695017910991,403.0,3.2959807578993203,0.0259000264499553,0.0655241665792767,0.010379334371599,19.949925198525712,1.7401228223829732,"The PTGER4 gene encodes the prostaglandin E2 receptor subtype 4, which plays a significant role in various physiological processes, including inflammation and immune response modulation. Dysregulation of prostaglandin signaling, particularly through PTGER4, has been implicated in cancer development and progression. The receptor can enhance tumor growth and metastasis by promoting angiogenesis, inhibiting apoptosis, and modulating the immune environment. In particular, increased PTGER4 expression in tumor microenvironments may facilitate the infiltration of immunosuppressive cells, leading to tumor immune evasion. Additionally, the activation of PTGER4 has been associated with the upregulation of various pro-tumorigenic factors, indicating that it may contribute to the malignant phenotype in certain cancers.",0
GPR19,1248,0.0,0.0,0.0,0.6666666666666666,0.0,1.0,0.3333333333333333,0.0,0.8710490642551527,0.0,4.0,6.0,1.0,1.0,0.1022076860179885,0.3353177022061395,791330.5,136.0,0.04355617,0.0,0.0,0.0,0.0,0.0,0.0,0.0,0.0,1.0,1.0,0.0,0.0,0.0,0.0,4.0,0.0,0.0,0.0,0.0,0.0,0.0,0.0,0.0,1.0,0.0,1.0,0.0,4.0,0.0,6.0,21.1725,8.771025,21.88701420269522,1.8204614569819408,0.3055710480349344,0.0605894556524056,229.0,-0.2755500729927005,0.0367536032374946,137.0,0.2943336885245901,0.0517538097674534,365.0,2.516291601070696,0.1909688480136902,0.1458229259680827,0.0386139350285853,18.96351728399479,0.499165011046601,"The GPR19 gene encodes a G protein-coupled receptor that has been implicated in various physiological processes, including those related to the immune system and neuroprotection. While the direct relationship between GPR19 and cancer is not extensively characterized, emerging research suggests that its expression may influence tumor microenvironments and cell signaling pathways that are critical for tumor progression and metastasis. For instance, alterations in GPR19 signaling could potentially modulate inflammatory responses or affect the behavior of immune cells in the tumor context. Additionally, aberrant regulation of GPR19 might interact with pathways involved in cell proliferation and apoptosis, contributing to cancer cell survival and proliferation. However, more research is necessary to elucidate the underlying mechanisms linking GPR19 to specific cancer types.",0
TSPAN7,840,0.2857142857142857,0.2857142857142857,0.0,0.2857142857142857,0.0,1.0,0.1428571428571428,0.0,0.7580392711198943,0.0,0.6666666666666666,1.6666666666666667,0.0909008271975275,1.0,0.9784735812133072,0.999766626009308,99410.88,444.4009897808343,0.02335704,1.6725931840942038e-06,4.0,0.0,0.0,0.0,0.0,0.0,0.0,1.0,0.0,0.0,0.0,0.0,3.0,3.0,2.0,0.0,0.0,0.0,0.0,3.0,0.0,0.0,1.0,0.0,0.0,0.0,11.0,0.0,12.0,16.14909091,217.9688873,21.88701420269522,1.8204614569819408,0.2060404285714285,0.01036685480706,70.0,-0.2883821739130434,0.0446728899253029,184.0,0.2656895669291337,0.0364990704713532,254.0,3.228983781910508,0.0784235807547502,0.111514500398345,0.0145173604745375,20.060674391099585,2.322449260305919,"Yes, there is a relationship between the TSPAN7 gene and cancer. TSPAN7 encodes a tetraspanin protein involved in various cellular processes, including cell adhesion, migration, and signaling pathways. Dysregulation of TSPAN7 has been associated with altered cell behavior in cancer biology, where it may influence tumor progression and metastasis. Mechanistically, TSPAN7 can modulate the interactions between integrins and other cell surface proteins, potentially enhancing cancer cell motility and invasion. Additionally, TSPAN7 may play a role in the immune microenvironment of tumors by affecting the function of immune cells, thereby influencing tumor immunity and response to therapies. Overall, its involvement in key cellular processes underlines its potential significance in cancer development and progression.",0
FXYD1,279,0.6666666666666666,0.0,0.0,0.3333333333333333,0.0,1.0,0.0,0.0,1.0,0.0,0.3333333333333333,0.3333333333333333,1.0,1.0,0.8032128514056225,0.979225325234274,745516.2,357.0,-0.00920416,4.217099365619508e-08,3.0,0.0,0.0,0.0,0.0,0.0,0.0,0.0,0.0,0.0,0.0,0.0,0.0,1.0,0.0,0.0,0.0,0.0,0.0,2.0,0.0,0.0,0.0,0.0,0.0,0.0,3.0,0.0,3.0,16.73333333,1.239433333,20.225222169645043,4.704311207606862,0.3257406986899563,0.0660880939775798,229.0,-0.3051311842105262,0.0530085387681248,152.0,0.3175185301837268,0.0608188946136234,381.0,2.4480273101071752,0.4328622231520036,0.111514500398345,0.0145173604745375,23.252771906346137,2.929498292504582,"The FXYD1 gene, which encodes a membrane protein that associates with ion transporters, has been implicated in cancer through its potential role in modulating cellular ion homeostasis and membrane excitability. Alterations in FXYD1 expression can influence the activity of Na+/K+-ATPase and other ion channels, leading to changes in cellular signaling pathways, proliferation, and apoptosis in tumor cells. Additionally, dysregulation of ion transport has been associated with the metabolic reprogramming observed in cancer, where enhanced ion exchange contributes to the acidic tumor microenvironment, promoting tumor growth and invasion. However, the precise mechanisms by which FXYD1 may contribute to cancer progression require further investigation to clarify its role in cellular and molecular contexts.",0
TRUB2,996,0.4444444444444444,0.0,0.0,0.5555555555555556,0.0,1.0,0.0,0.0,1.0,0.0,1.0,1.0,1.0,1.0,0.5455537370430987,0.8761341892294424,1813435.0,201.0,0.04624323,9.421681766582386e-06,16.0,0.0,0.0,0.0,0.0,0.0,0.0,0.0,0.0,0.0,0.0,0.0,0.0,5.0,0.0,0.0,0.0,0.0,0.0,4.0,0.0,0.0,0.0,0.0,0.0,0.0,9.0,0.0,9.0,14.89944444,76.31736228,21.42626046428221,1.394297888174609,0.2403353284671532,0.0178367707838986,137.0,-0.2407456877323419,0.0180749836582006,269.0,0.2406072167487686,0.0179503993391479,406.0,3.4896837493944632,0.0030624813717625,0.0477865078654905,0.0139323644060784,20.060674391099585,2.322449260305919,"Yes, there is evidence suggesting a relationship between the TRUB2 gene and cancer. TRUB2 is involved in RNA processing, particularly in the regulation of RNA stability and splicing. Aberrant expression or mutations in TRUB2 may disrupt normal mRNA processing, leading to the accumulation of abnormal transcripts that can contribute to tumorigenesis. For instance, altered splicing patterns can result in the production of oncogenic isoforms or the loss of tumor suppressor isoforms, potentially promoting cell proliferation, evasion of apoptosis, and enhanced migratory behavior in cancer cells. Furthermore, the dysregulation of miRNA biogenesis, in which TRUB2 plays a part, may also affect the regulatory networks that control key oncogenic pathways. Thus, the TRUB2 gene may influence cancer development through multiple mechanisms related to RNA metabolism.",0
CA1,786,0.5,0.0,0.0,0.25,0.0,1.0,0.25,0.0,1.0,0.0,0.3333333333333333,0.6666666666666666,1.0,1.0,0.4842615012106538,0.8354141532266325,99296.23,1463.0,0.01461698,2.116075175000137e-06,3.0,0.0,0.0,0.0,0.0,0.0,0.0,1.0,0.0,0.0,0.0,0.0,0.0,1.0,0.0,0.0,0.0,0.0,0.0,2.0,0.0,0.0,1.0,0.0,0.0,0.0,3.0,0.0,3.0,12.24533333,60.25582233,17.89502556967722,2.0035768780352523,0.3389290909090907,0.0582046656169173,418.0,-0.2652338028169014,0.0255931497524748,71.0,0.3282289570552145,0.0540829502331313,489.0,2.147819511720438,0.9708887468947508,0.111514500398345,0.0145173604745375,20.060674391099585,2.322449260305919,"The CA1 gene, which encodes the enzyme carbonic anhydrase I, plays a role in regulating pH and maintaining acid-base balance within cells. Alterations in the expression or function of CA1 have been associated with tumor microenvironments, where disrupted pH homeostasis can contribute to cancer progression. Specifically, tumor cells may exploit altered carbonic anhydrase activity to enhance their survival and proliferation in acidic conditions. This can facilitate cancer cell invasion and metastasis by promoting extracellular matrix remodeling, and enhanced angiogenesis, as well as providing a survival advantage in hypoxic environments. Moreover, the metabolic shifts seen in cancer cells, often referred to as the Warburg effect, may also involve the regulation of carbonic anhydrases, further implicating CA1 in cancer biology.",0
MMP23B,1173,0.2222222222222222,0.1111111111111111,0.1111111111111111,0.3333333333333333,0.0,1.0,0.2222222222222222,0.0,0.7195867761904634,0.0,1.0,2.333333333333333,0.0583056381552096,1.0,0.9746588693957114,0.9996761664216158,1666776.0,248.0,0.03084701,0.0,1.0,0.0,0.0,0.0,0.0,0.0,0.0,0.0,2.0,0.0,0.0,0.0,0.0,3.0,1.0,0.0,0.0,0.0,0.0,2.0,1.0,0.0,0.0,0.0,2.0,0.0,7.0,0.0,9.0,16.14428571,93.09844724,20.716260580111555,2.687358680240965,0.2588795726495725,0.0287097729334364,117.0,-0.2544846861924686,0.017592990594754,239.0,0.255929073033708,0.0211802326022369,356.0,2.294900731619695,0.7089194278948108,0.2438569214697435,0.0284989466121219,20.060674391099585,2.322449260305919,"The MMP23B gene encodes a member of the matrix metalloproteinase (MMP) family, which is involved in the degradation of extracellular matrix components. Although the precise relationship between MMP23B and cancer is not fully elucidated, it is hypothesized that dysregulation of MMPs, including MMP23B, could impact tumor progression and metastasis. Elevated expression of MMPs can facilitate tumor invasion by breaking down the extracellular matrix, thus enhancing cancer cell motility and allowing for dissemination to distant sites. Furthermore, MMPs may influence the tumor microenvironment by modulating cell signaling pathways, altering the immune response, and promoting angiogenesis. Collectively, these mechanisms suggest that MMP23B may play a role in cancer biology, although further research is needed to clarify its specific contributions.",0
GYS2,2112,0.1904761904761904,0.0952380952380952,0.0,0.6666666666666666,0.0,1.0,0.0476190476190476,0.0,0.9484501704693526,0.0,2.8,3.4,0.6958942240779401,1.0,0.2994011976047904,0.6604703014935956,510830.3,830.0,-0.01715855,9.909446637132738e-07,6.0,0.0,0.0,1.0,0.0,0.0,0.0,1.0,0.0,0.0,0.0,0.0,0.0,14.0,2.0,0.0,0.0,0.0,0.0,4.0,0.0,0.0,1.0,0.0,0.0,0.0,21.0,0.0,18.0,21.87071429,116.4599574,19.07219595780629,2.681929020805154,0.3274842000000001,0.0710469210911245,250.0,-0.2489335135135135,0.0310125288902702,111.0,0.3033314958448754,0.0599343455627562,361.0,0.5745709653276269,0.7513048966985495,0.111514500398345,0.0145173604745375,14.39048649417806,2.554917072582365,"The GYS2 gene, which encodes glycogen synthase 2, plays a significant role in glycogen metabolism in the liver and is implicated in cellular energy homeostasis. Emerging research suggests that dysregulation of glycogen metabolism, including alterations in GYS2 expression, can influence cancer cell proliferation, survival, and metabolism. Cancer cells often exhibit altered metabolic states characterized by enhanced glycolysis and altered glycogen storage, which may facilitate tumor growth and adaptation to hypoxic conditions. Additionally, the interplay between glycogen and signaling pathways such as mTOR and AMPK could further link GYS2 to oncogenic processes, as glycogen stores can influence energy availability and metabolic flexibility in rapidly proliferating tumors. Thus, while direct associations between GYS2 and specific cancer types require further investigation, its role in metabolism could make it a critical player in the cancer biology landscape.",0
GALNT7,1974,0.24,0.04,0.0,0.72,0.0,1.0,0.0,0.0,0.9655458753541288,0.0,2.571428571428572,2.7142857142857144,0.8968609865470852,1.0,0.1792757260666905,0.4874202741493901,249233.8,381.0,0.01519954,2.9876446621407128e-05,13.0,0.0,0.0,0.0,0.0,0.0,0.0,0.0,0.0,0.0,0.0,0.0,0.0,18.0,1.0,0.0,0.0,0.0,0.0,6.0,0.0,0.0,0.0,0.0,0.0,0.0,25.0,0.0,21.0,23.31728,113.6735922,24.508539565002987,1.2390765664591612,0.2071080821917808,0.0198943294240486,73.0,-0.2855337248322149,0.0257740863897826,298.0,0.2701022641509435,0.025534977292157,371.0,3.5598830747166943,0.0194418636814659,0.111514500398345,0.0145173604745375,17.891073254892145,1.7476853741814984,"The GALNT7 gene encodes an enzyme that is part of the polylactosamine glycosylation pathway, which is involved in the addition of N-acetylgalactosamine (GalNAc) to serine and threonine residues of proteins, a modification that can influence cell signaling and adhesion. Aberrant glycosylation due to dysregulation of GALNT7 has been implicated in tumor progression and metastasis by altering the interaction of cancer cells with the extracellular matrix and modulating immune evasion mechanisms. Moreover, maladaptive changes in the glycosylation patterns of glycoproteins related to GALNT7 activity may contribute to the hallmarks of cancer, such as sustained proliferative signaling and escaping growth suppressors, thereby impacting tumor microenvironment interactions and facilitating oncogenesis. Further research is needed to clarify the specific roles and mechanisms of GALNT7 in various cancer types.",0
ZDHHC18,1167,0.2,0.2,0.0,0.6,0.0,1.0,0.0,0.0,1.0,0.0,1.5,2.0,0.3467406380027739,1.0,0.115393491807062,0.3645750430784349,1022828.0,188.0,0.02975314,1.272664876969325e-06,5.0,0.0,0.0,0.0,0.0,0.0,0.0,0.0,0.0,0.0,0.0,0.0,0.0,3.0,1.0,0.0,0.0,0.0,0.0,1.0,0.0,0.0,0.0,0.0,0.0,0.0,5.0,0.0,5.0,27.94,132.558,19.17998531704535,2.113058120570194,0.1986665591397849,0.009263473707597,93.0,-0.2603731538461536,0.0192534047058449,260.0,0.2441161756373937,0.0173286753378895,353.0,3.4063808190633065,0.0063489557252782,0.111514500398345,0.0145173604745375,19.94680650587492,1.5526584188510557,"The ZDHHC18 gene is involved in palmitoylation, a post-translational modification that affects protein localization, stability, and activity. Dysregulation of palmitoylation has been implicated in various cancers, as it can alter signaling pathways and cellular processes critical for tumor growth, invasion, and metastasis. Abnormal expression or activity of ZDHHC18 may lead to the aberrant modification of oncogenes or tumor suppressor proteins, potentially contributing to the initiation or progression of cancer. Additionally, its role in regulating membrane dynamics and protein interactions could influence the tumor microenvironment, further impacting cancer development and response to therapies.",0
WDR12,1272,0.3333333333333333,0.0,0.0,0.6666666666666666,0.0,1.0,0.0,0.0,1.0,0.0,1.3333333333333333,1.3333333333333333,1.0,1.0,0.9633911368015414,0.9993215652636772,596746.4,392.0,0.03067166,0.0001089435872924,60.0,0.0,0.0,0.0,0.0,0.0,0.0,0.0,0.0,0.0,0.0,0.0,0.0,4.0,0.0,0.0,0.0,0.0,0.0,2.0,0.0,0.0,0.0,0.0,0.0,0.0,6.0,0.0,6.0,14.57066667,28.77419467,24.618298499626693,0.2237840626356488,0.2275207185628741,0.0303587930308058,167.0,-0.2436249019607843,0.0196918874866239,102.0,0.2336271375464683,0.0262868017690146,269.0,3.484369955833252,0.0044476145104182,0.0435453719901101,0.0103197486663631,18.88055946803802,2.1278814713604786,"The WDR12 gene encodes a protein that is part of the WD-repeat protein family, which is involved in various cellular processes, including the regulation of gene expression and ribosome biogenesis. Aberrant expression or mutation of WDR12 has been implicated in certain cancer types. Potential mechanisms include its role in the regulation of spliceosomal complexes, which may lead to alterations in mRNA splicing that contribute to oncogenesis. Additionally, WDR12 is thought to be involved in the modulation of cell cycle progression and apoptosis, processes commonly dysregulated in cancer. These disruptions may foster an environment conducive to tumorigenesis, highlighting the gene's possible relevance in cancer biology. Further research is needed to elucidate the full spectrum of its involvement in oncogenic pathways.",0
POR,2043,0.631578947368421,0.0,0.0,0.3684210526315789,0.0,1.0,0.0,0.0,1.0,0.0,0.5384615384615384,0.5384615384615384,1.0,1.0,0.9606147934678194,0.9992140150171296,1063656.0,218.0,0.05358225,0.0004060184901985,28.0,0.0,0.0,0.0,0.0,0.0,0.0,0.0,0.0,0.0,0.0,0.0,3.0,7.0,0.0,0.0,0.0,0.0,0.0,12.0,0.0,0.0,0.0,0.0,0.0,0.0,22.0,0.0,20.0,11.06027273,115.1644554,26.625259337903405,0.7639644405689314,0.2995447397260277,0.0250918675832425,365.0,-0.2459406481481481,0.0205506469463049,108.0,0.2873053276955605,0.0245165872016402,473.0,3.5860319510988727,0.0059670895771452,0.0559700502161321,0.0066232831605194,19.099844738527423,1.7734771379196128,"Yes, there is a relationship between the POR gene, which encodes the enzyme NADPH-cytochrome P450 reductase, and cancer. Dysregulation of the POR gene can affect the function of cytochrome P450 enzymes, which play a crucial role in drug metabolism, the activation of procarcinogens, and the detoxification of harmful compounds. Alterations in POR activity can lead to increased bioactivation of carcinogens and modified responses to chemotherapy. Additionally, the expression levels of POR can influence the balance of reactive oxygen species (ROS), thereby affecting cellular signaling pathways related to proliferation, apoptosis, and ultimately tumorigenesis. Changes in POR expression and activity may thus contribute to cancer development and progression through these mechanisms.",0
CNKSR3,1668,0.0,0.0,0.0,1.0,0.0,1.0,0.0,0.0,1.0,0.0,9.0,9.0,1.0,1.0,0.3992015968063872,0.7657839259628056,109533.8,588.0,0.01414073,0.0,1.0,0.0,0.0,1.0,0.0,0.0,0.0,0.0,0.0,0.0,0.0,0.0,0.0,9.0,0.0,0.0,0.0,0.0,1.0,0.0,1.0,0.0,0.0,1.0,0.0,0.0,11.0,0.0,12.0,23.72090909,22.26988909,19.255776099814764,1.7405402037534117,0.2326183495145631,0.0247644179864648,103.0,-0.286634440433213,0.0253700438936169,277.0,0.2719932368421051,0.0257181296335585,380.0,3.477095415991996,0.0446539003276127,0.1102580459137071,0.0073730997961275,19.6621781227472,3.751766338746581,"The relationship between the CNKSR3 gene and cancer is an area of ongoing research, with some studies suggesting a role in various tumorigenic processes. CNKSR3 encodes a protein involved in signaling pathways, particularly those associated with cell proliferation and survival. Dysregulation of CNKSR3 can potentially influence pathways such as Wnt and MAPK, which are critical in cancer development. Moreover, alterations in its expression levels have been observed in certain cancers, suggesting that CNKSR3 may affect tumor biology by modulating cellular responses to growth factors, influencing cellular adhesion, or affecting the epithelial-mesenchymal transition (EMT), thereby contributing to metastasis. However, definitive mechanisms and the extent of its involvement in cancer biology require further investigation.",0
CALML5,441,0.4285714285714285,0.0,0.0,0.5714285714285714,0.0,1.0,0.0,0.0,1.0,0.0,1.0,1.0,1.0,1.0,0.0300210147102972,0.1352704188593691,769551.5,446.0,0.01667781,5.276211956409501e-05,23.0,0.0,0.0,0.0,0.0,0.0,0.0,0.0,0.0,0.0,0.0,0.0,0.0,3.0,0.0,0.0,0.0,0.0,0.0,3.0,0.0,0.0,0.0,0.0,0.0,0.0,6.0,0.0,6.0,12.0125,154.8530439,24.26253255527321,11.458660075827844,0.3177160377358489,0.0689899432544542,159.0,-0.3412439748953977,0.0485866031979994,239.0,0.331844623115578,0.0567175738385225,398.0,1.3880461004827824,1.9378364915742656,0.8386481998746125,0.0513315912894677,20.988347592238505,8.97547092334497,"Yes, there is a relationship between the CALML5 gene and cancer. CALML5, which encodes a member of the calmodulin superfamily of proteins, has been implicated in various malignancies through its role in regulating calcium-dependent signaling pathways, which are crucial for cell proliferation, migration, and apoptosis. Alterations in CALML5 expression have been associated with tumorigenesis, as it may influence key processes such as cell cycle progression and the modulation of cellular responses to stress. Moreover, CALML5 may interact with oncogenic pathways or tumor suppressor mechanisms, thereby contributing to the dysregulation of cellular homeostasis in cancer cells. Further elucidation of its functional role could enhance our understanding of its potential influence on tumor behavior and patient prognosis.",0
RFC2,1065,0.0,0.0,0.0,1.0,0.0,1.0,0.0,0.0,1.0,0.0,3.0,3.0,1.0,1.0,0.0528680941052075,0.2082979253547445,997452.2,202.0,0.05141922,9.38666734532372e-05,50.0,0.0,0.0,0.0,0.0,0.0,0.0,0.0,0.0,0.0,0.0,0.0,1.0,2.0,0.0,0.0,0.0,0.0,0.0,0.0,1.0,0.0,0.0,0.0,0.0,0.0,4.0,0.0,4.0,22.013,183.5009427,24.384956218749537,0.6113253236200789,0.2976497820163491,0.0245859893830124,367.0,-0.2428926851851851,0.0208324107600121,108.0,0.2851997473684214,0.0242146290100626,475.0,3.439187245545084,0.0049127660165885,0.0426895787929453,0.0134857207359511,17.016613806700747,1.226820943683953,"The RFC2 gene, which encodes a subunit of the replication factor C complex, plays a critical role in DNA replication and repair. Dysregulation of RFC2 has been associated with genomic instability, a hallmark of cancer progression. Overexpression or mutations in RFC2 can lead to impaired DNA repair mechanisms, particularly in the context of nucleotide excision repair and the maintenance of replication fork stability. This dysfunction may result in an accumulation of genetic lesions, promote cellular transformation, and contribute to tumorigenesis. Additionally, RFC2 interacts with various repair proteins, suggesting that alterations in its function may disrupt normal cellular responses to DNA damage, further enhancing cancer susceptibility.",0
CPT1B,2319,0.3529411764705882,0.0588235294117647,0.0,0.4705882352941176,0.0,1.0,0.0588235294117647,0.0,0.9027890065087104,0.0588235294117647,1.1428571428571428,1.5714285714285714,0.1569858712715855,1.0,0.8849557522123894,0.9931129493134948,649122.9543319192,444.4009897808343,0.0198885680771551,0.0,1.0,0.0,0.0,0.0,0.0,0.0,0.0,1.0,0.0,0.0,0.0,0.0,2.0,8.0,1.0,1.0,0.0,0.0,0.0,5.0,2.0,0.0,2.0,0.0,0.0,0.0,18.0,0.0,18.0,18.29527778,152.8480412,21.44842966301401,4.74884099437594,0.2638164016874681,0.0370683991865753,190.13201675643327,-0.2623792743604192,0.0349935889004216,187.6534410532616,0.2724842722630945,0.0397860230283488,377.6466786355476,3.2397517085367205,0.019720797531205,0.692084618763215,0.0274200484684641,15.153490414017115,1.5929273871626248,"The CPT1B gene encodes carnitine palmitoyltransferase 1B, an enzyme crucial for fatty acid oxidation. There is emerging evidence suggesting a potential relationship between CPT1B and cancer metabolism. Cancer cells often exhibit altered lipid metabolism to support rapid proliferation and survival in hostile tumor microenvironments. Upregulation of CPT1B may enhance the oxidation of long-chain fatty acids, providing energy substrates that promote tumor growth. Furthermore, the modulation of CPT1B could influence signaling pathways related to cell proliferation, apoptosis, and the epithelial-mesenchymal transition, which are critical in cancer progression. Therefore, the involvement of CPT1B in tumor metabolism and its potential impact on cancer biology warrant further investigation.",0
OTOF,5994,0.2131147540983606,0.0491803278688524,0.0163934426229508,0.7049180327868853,0.0,1.0,0.0,0.0163934426229508,0.9723585084115572,0.0,3.071428571428572,3.4285714285714284,0.3203074951953876,1.0,0.0203927646471032,0.0997731328426561,787642.6,408.0,0.04118837,0.0,1.0,4.0,0.0,0.0,0.0,0.0,0.0,0.0,0.0,0.0,1.0,0.0,6.0,40.0,3.0,0.0,0.0,0.0,0.0,13.0,4.0,0.0,1.0,0.0,0.0,0.0,70.0,0.0,56.0,21.7249,122.144537,21.88701420269522,1.8204614569819408,0.239287232142857,0.0185777228649503,224.0,-0.215007536231884,0.0164591996688405,69.0,0.2335694880546071,0.0181272417672027,293.0,2.055527732554172,0.3972001504967365,0.111514500398345,0.0145173604745375,20.060674391099585,2.322449260305919,"The OTOF gene encodes the protein otoferlin, which is primarily known for its role in auditory function, particularly in synaptic transmission in inner hair cells of the cochlea. Emerging studies suggest that OTOF may have implications in cancer biology, particularly through mechanisms related to cellular calcium signaling, synaptic vesicle release, and cellular differentiation. Aberrant expression of OTOF has been associated with certain tumor types, and alterations in calcium homeostasis and vesicular trafficking could influence tumor progression, metastasis, and the tumor microenvironment. Additionally, since otoferlin is involved in exocytosis, dysregulation of this process may affect the secretion of factors involved in tumor proliferation and immune evasion. However, further research is needed to elucidate the precise role of OTOF in different cancer contexts.",0
MBD4,1743,0.2727272727272727,0.0,0.0,0.3636363636363636,0.0,1.0,0.3636363636363636,0.0,0.7897710354051726,0.0,1.0,2.0,1.0,1.0,0.4506534474988734,0.8098497719470288,917610.9,355.0,0.05643583,0.0001540824344027,19.0,0.0,0.0,0.0,0.0,0.0,0.0,4.0,0.0,0.0,0.0,0.0,0.0,4.0,0.0,0.0,0.0,0.0,0.0,3.0,0.0,0.0,4.0,0.0,0.0,0.0,7.0,0.0,10.0,12.73785714,57.63389081,21.25920995963141,1.4041547125286775,0.2701529900332226,0.0271677758316965,301.0,-0.2444504301075269,0.0193191632998129,93.0,0.2640861421319796,0.0253807423998372,394.0,3.5133944149496807,0.0028927118011368,0.0601557477926899,0.011799821992986,21.218317053999115,0.8540295355294996,"Yes, there is a relationship between the MBD4 gene and cancer. MBD4 encodes a protein that is involved in DNA damage recognition and repair, specifically recognizing and excising mismatched bases in DNA. Mutations or methylation of the MBD4 gene can lead to impaired DNA repair mechanisms, resulting in genomic instability, accumulation of mutations, and ultimately contributing to tumorigenesis. Additionally, dysregulation of MBD4 may disrupt the balance of epigenetic modifications, further influencing gene expression profiles associated with cancer development. This interplay between MBD4 function, DNA repair fidelity, and epigenetic regulation underscores its potential role in several malignancies.",0
MYH4,5820,0.2613636363636363,0.0568181818181818,0.0113636363636363,0.6704545454545454,0.034090909090909,0.986300152343132,0.0,0.0,0.9643497649094778,0.0,2.458333333333333,2.708333333333333,0.8210180623973727,0.2067397146991936,0.6365515815588174,0.3984842535330027,77401.0,731.0,-0.05029342,1.0984544827731213e-05,11.0,0.0,0.0,0.0,0.0,0.0,0.0,0.0,0.0,0.0,0.0,0.0,0.0,56.0,5.0,0.0,0.0,0.0,0.0,23.0,3.0,0.0,0.0,1.0,0.0,0.0,86.0,0.0,57.0,21.58063953,99.38528348,22.23579664868149,9.560428878164029,0.2386551428571429,0.0235193588398343,70.0,-0.28210231292517,0.0205435256391836,441.0,0.2761506457925636,0.0211294552660526,511.0,1.1107407517461432,0.8607784073572472,0.111514500398345,0.0145173604745375,15.602817474586336,5.019039442912388,"The MYH4 gene encodes a myosin heavy chain protein predominantly expressed in fast-twitch skeletal muscle fibers. While direct evidence linking MYH4 to cancer is limited, alterations in muscle metabolism and myofiber composition can influence the tumor microenvironment, potentially affecting tumor growth and progression. Additionally, aberrant expression of muscle-related genes has been observed in various cancer types, suggesting a potential role in modulating cancer cell behavior or in the systemic effects of cancer cachexia, a syndrome characterized by muscle wasting associated with malignancy. Further research is needed to clarify the precise relationship between MYH4 and specific cancer processes.",0
ZNF606,2379,0.125,0.0,0.0,0.7916666666666666,0.0,1.0,0.0833333333333333,0.0,0.9636492846690782,0.0,4.75,5.25,1.0,1.0,0.00499,0.0314385936524013,1219985.0,694.0,-0.03034805,2.277916148647591e-07,5.0,0.0,2.0,4.0,0.0,0.0,0.0,2.0,0.0,0.0,0.0,0.0,11.0,19.0,0.0,0.0,0.0,0.0,0.0,3.0,0.0,0.0,2.0,0.0,0.0,0.0,39.0,0.0,33.0,16.18851282,96.99647547,16.95737162280604,0.4152216086353424,0.3087828251121076,0.0417069072419828,220.0,-0.2580946153846153,0.0243220791463027,155.0,0.2879190765171504,0.0350917683803618,373.0,3.354019160902644,0.0218387987373608,0.0919943967912217,0.0207522759365385,20.060674391099585,2.322449260305919,"There is emerging evidence suggesting a potential relationship between the ZNF606 gene and cancer, although the specifics are still under investigation. ZNF606 encodes a zinc-finger protein that is believed to play a role in gene regulation and chromatin remodeling. Dysregulation or mutations in ZNF606 may contribute to cancer by altering transcriptional networks essential for cellular differentiation, proliferation, and apoptosis. Additionally, ZNF606's interaction with other regulatory proteins could influence pathways related to oncogenesis, potentially impacting tumor microenvironment interactions and immune responses. Further research is needed to elucidate the precise mechanisms by which ZNF606 may be involved in various cancer types.",0
PDLIM4,993,0.3333333333333333,0.0,0.0,0.5555555555555556,0.0,1.0,0.1111111111111111,0.0,1.0,0.0,1.25,1.5,1.0,1.0,0.8703220191470844,0.9912027840440544,451605.4,191.0,0.03968746,1.613501525973063e-07,2.0,0.0,0.0,0.0,0.0,0.0,0.0,1.0,0.0,0.0,0.0,0.0,3.0,5.0,0.0,0.0,0.0,0.0,0.0,3.0,0.0,0.0,2.0,0.0,0.0,0.0,10.0,0.0,12.0,17.0466,111.4511523,26.05193329504566,0.8583744426141489,0.2606881286549706,0.0143970525647127,171.0,-0.2518912244897959,0.01802470958456,245.0,0.2555072596153847,0.0165140277197011,416.0,3.218757033346643,0.0527600506885024,0.111514500398345,0.0145173604745375,27.45627088357012,0.9375120099750476,"Yes, there is a relationship between the PDLIM4 gene and cancer. PDLIM4 encodes a protein that functions as a member of the PDZ-LIM domain protein family, which can play critical roles in cellular processes such as cell signaling, cytoskeletal organization, and gene regulation. In various cancers, altered expression or aberrant localization of PDLIM4 has been implicated in processes that contribute to tumor progression, such as enhanced cell proliferation, migration, and invasion. Additionally, PDLIM4 may interact with tumor suppressor proteins and influence pathways relevant to apoptosis and cell cycle regulation, thereby impacting cancer development and metastasis. These alterations in PDLIM4 function can disrupt normal cellular homeostasis, promoting oncogenic processes in specific tumor types.",0
PCED1A,1365,0.4666666666666667,0.0,0.0,0.5333333333333333,0.0,1.0,0.0,0.0,0.9658722633586914,0.0,1.0,1.0,1.0,1.0,0.3083564600678384,0.6711374737357944,766497.4,396.0,0.04419811,2.736771864877734e-06,7.0,0.0,0.0,0.0,0.0,0.0,0.0,0.0,0.0,0.0,0.0,0.0,0.0,8.0,0.0,0.0,0.0,0.0,0.0,7.0,0.0,0.0,0.0,0.0,0.0,0.0,15.0,0.0,14.0,19.17246667,72.76601555,21.88701420269522,1.8204614569819408,0.3042510273972601,0.0406171579714494,292.0,-0.2661412500000002,0.0237789631650925,136.0,0.2921413785046728,0.0355140745571116,428.0,3.380735232973095,0.0091284427032381,0.0632198700514197,0.0142843745647152,20.060674391099585,2.322449260305919,"The relationship between the PCED1A gene and cancer is currently not well-established, but preliminary findings suggest potential involvement in tumorigenesis. PCED1A has been implicated in various cellular processes such as apoptosis and membrane trafficking, both of which can influence cancer progression and metastasis. Alterations in the expression or function of PCED1A could disrupt normal cellular homeostasis, leading to enhanced cell survival and proliferation, characteristic of cancer cells. Additionally, aberrant regulation of this gene may interact with signaling pathways relevant to tumor behavior, although specific mechanistic links to distinct cancer types remain to be fully elucidated. Further research is warranted to clarify the role of PCED1A in oncogenesis.",0
SMIM1,237,0.0,0.0,0.0,1.0,0.0,1.0,0.0,0.0,1.0,0.0,3.0,3.0,1.0,1.0,0.1813565469713456,0.4909848227424022,649122.9543319192,444.4009897808343,0.0198885680771551,0.0,0.0,0.0,0.0,0.0,0.0,0.0,0.0,0.0,0.0,0.0,0.0,0.0,0.0,3.0,0.0,0.0,0.0,0.0,0.0,0.0,0.0,0.0,0.0,0.0,0.0,0.0,3.0,0.0,3.0,21.50666667,5.536133333,20.513394378266643,2.2561948366242723,0.2460577777777776,0.0278831851669781,108.0,-0.2535331836734695,0.01794596774638,245.0,0.2512460906515581,0.0209275729983099,353.0,2.391226965157065,0.2138772858386567,0.0781580018171678,0.0131899150234623,21.00300761597876,2.362024900718627,"The SMIM1 gene has been implicated in cancer through its role in erythropoiesis and potential involvement in cellular processes such as proliferation and apoptosis. Some studies suggest that altered expression of SMIM1 may influence hypoxia responses, which are critical in the tumor microenvironment, potentially affecting tumor growth and metastatic capabilities. Additionally, variations in SMIM1 expression might interact with signaling pathways that govern cell survival and differentiation, contributing to tumorigenesis. However, further research is necessary to elucidate the precise mechanisms linking SMIM1 to specific cancer types and its overall impact on oncogenic processes.",0
DTX4,1860,0.1666666666666666,0.0,0.0,0.6666666666666666,0.0,1.0,0.1666666666666666,0.0,0.9366510388806776,0.0,3.0,3.75,1.0,1.0,0.1495215311004784,0.4336595209004788,542222.1,686.0,0.008569645,0.0,3.0,0.0,0.0,0.0,0.0,0.0,0.0,3.0,0.0,0.0,0.0,0.0,0.0,12.0,0.0,0.0,0.0,0.0,0.0,3.0,0.0,0.0,3.0,0.0,0.0,0.0,15.0,0.0,16.0,23.4122,58.82477831,18.56795753913064,4.615680811838143,0.2122051048951048,0.0161945052702354,143.0,-0.2679044166666668,0.0293448997341106,120.0,0.2376192395437262,0.0228781925169767,263.0,3.473063415842044,0.0219410304060848,0.0432804441897479,0.0072927033238307,14.75409392257991,1.085227506074948,"The DTX4 gene encodes an E3 ubiquitin ligase that plays a role in regulating protein degradation and cellular homeostasis. Dysregulation of this gene may contribute to cancer progression through mechanisms such as the modulation of oncogenic pathways and the regulation of key tumor suppressors. Specifically, DTX4 can influence the stability of proteins involved in cell cycle regulation and apoptosis, potentially leading to enhanced cell proliferation and survival. Additionally, variations in DTX4 expression levels have been implicated in the response to cellular stress, which can further impact tumorigenesis and the tumor microenvironment. While direct associations with specific cancer types are still under investigation, the functional implications of DTX4 in cellular signaling pathways suggest it could play a role in cancer biology.",0
CLRN2,699,0.4117647058823529,0.0,0.0,0.5882352941176471,0.0,1.0,0.0,0.0,1.0,0.0,1.25,1.25,1.0,1.0,0.7012622720897616,0.950121544173986,271398.9,912.0,0.03727114,0.0,0.0,0.0,0.0,0.0,0.0,0.0,0.0,0.0,0.0,0.0,0.0,0.0,0.0,10.0,0.0,0.0,0.0,0.0,0.0,6.0,1.0,0.0,0.0,0.0,0.0,0.0,17.0,0.0,17.0,14.87541176,95.94071913,21.88701420269522,1.8204614569819408,0.2479166071428571,0.0223828553883848,112.0,-0.265154439834025,0.0208849726606223,241.0,0.2596852124645892,0.0213625320869575,353.0,0.0427789689382493,0.0469233467580758,0.111514500398345,0.0145173604745375,20.060674391099585,2.322449260305919,"The CLRN2 gene, known for its involvement in the development of the inner ear and neurological functions, has been implicated in certain cancer contexts, although the mechanisms remain incompletely understood. Alterations in CLRN2 expression may influence cellular pathways related to cell proliferation, apoptosis, and differentiation, potentially contributing to tumorigenesis in specific tissues. Moreover, the gene's role in cell signaling and interaction with other pathways could result in dysregulation of processes like angiogenesis and metastasis, which are critical in cancer progression. Further investigation into the precise molecular interactions and regulatory networks involving CLRN2 is needed to elucidate its potential role in cancer biology.",0
BYSL,1314,0.125,0.0,0.0,0.75,0.0,1.0,0.125,0.0,1.0,0.0,3.0,3.5,1.0,1.0,0.0434933890048712,0.1798515278939051,437075.2,225.0,0.04071216,0.0004982306054459,115.0,0.0,0.0,0.0,0.0,0.0,0.0,1.0,0.0,0.0,0.0,0.0,0.0,6.0,0.0,0.0,0.0,0.0,0.0,1.0,0.0,0.0,1.0,0.0,0.0,0.0,7.0,0.0,7.0,23.28,62.88986667,23.91761194324537,0.305293037285831,0.3318514438502673,0.1064837625382266,187.0,-0.24936808,0.0190293115607999,125.0,0.2988052243589743,0.0729110360494672,312.0,3.2648035322280067,0.0116999065342216,0.0738681642136454,0.0137295836613117,23.93821777309126,1.035041883588555,"The BYSL gene, known to play a role in the regulation of cellular processes such as ribosome biogenesis and DNA damage response, has been implicated in various cancer types through its potential involvement in maintaining genomic stability and regulating apoptosis. Dysregulation of BYSL may lead to accumulation of DNA damage, contributing to tumorigenesis. Additionally, its involvement in the cell cycle and response to stressors might facilitate uncontrolled cell proliferation and resistance to apoptosis in cancer cells. Therefore, aberrations in BYSL expression and function could be linked to the progression and aggressiveness of certain cancers, highlighting its relevance in oncological research.",0
CCPG1,2424,0.3333333333333333,0.1111111111111111,0.0,0.3888888888888889,0.0,1.0,0.1666666666666666,0.0,0.8453257489920054,0.0,1.0,1.7142857142857142,0.555247084952804,1.0,0.9000900090009001,0.9948339429860422,267069.2,396.0,0.01082177,0.0001965963451634,14.0,2.0,0.0,0.0,0.0,0.0,0.0,3.0,0.0,0.0,0.0,0.0,0.0,7.0,2.0,0.0,0.0,0.0,0.0,6.0,0.0,0.0,3.0,0.0,0.0,0.0,17.0,0.0,19.0,19.36223529,78.17411494,22.231197802209245,1.878151935545504,0.1987379104477611,0.0115195737349615,67.0,-0.2659240213523132,0.0203485200648423,280.0,0.2529887643678161,0.0193143690062497,347.0,3.663323470666414,0.0059292784637827,0.0386479267653655,0.0092500078669496,21.03796575812337,1.504781596267968,"The CCPG1 gene (Cell Cycle Progression 1) has been implicated in various types of cancer, particularly due to its role in cell cycle regulation and cellular proliferation. Overexpression of CCPG1 has been observed in certain tumors, suggesting a potential link to oncogenesis through mechanisms such as promoting mitotic progression and enhancing cellular growth. Dysregulation of CCPG1 may disrupt normal cell cycle checkpoints, allowing for unchecked cellular division and tumorigenesis. Additionally, CCPG1 has been associated with the modulation of apoptotic pathways, which may further contribute to cancer cell survival and resistance to therapies. Thus, investigating CCPG1 could provide insights into the molecular underpinnings of cancer development and progression.",0
CPNE7,1902,0.28,0.04,0.04,0.56,0.0,1.0,0.08,0.0,0.9310917507082572,0.0,1.75,2.25,0.3519887363604365,1.0,0.2283626398721169,0.5656132422514871,649122.9543319192,444.4009897808343,0.0198885680771551,6.410345616734818e-06,12.0,0.0,0.0,0.0,0.0,0.0,0.0,1.0,1.0,0.0,0.0,0.0,1.0,13.0,1.0,0.0,0.0,0.0,0.0,7.0,2.0,0.0,1.0,0.0,1.0,0.0,24.0,0.0,26.0,17.12533333,144.7646587,20.117338279316392,6.20681039570634,0.2516375324675323,0.024787256197793,153.0,-0.2938398387096775,0.0297272839092856,248.0,0.2776727860696518,0.0281902655278793,400.0,2.833759333698677,0.1930272030694493,0.1482281155889836,0.031064142778412,18.58629562504269,10.54759750706672,"The CPNE7 gene encodes a protein that is implicated in cellular processes such as membrane trafficking and signaling, which can influence cell proliferation and survival. Alterations in the expression or function of CPNE7 may disrupt these processes, potentially leading to tumorigenesis. For instance, dysregulation of proteins involved in cell adhesion and migration can facilitate metastasis, while changes in signaling pathways may contribute to uncontrolled cell growth. Additionally, CPNE7's interactions with other proteins could affect pathways such as apoptosis, further linking it to cancer development. Current research is still exploring the precise role of CPNE7 in various cancer types, and further studies are needed to elucidate its contributions to cancer pathology.",0
SHISA8,1194,0.5555555555555556,0.0,0.0,0.4444444444444444,0.0,1.0,0.0,0.0,1.0,0.0,0.6666666666666666,0.6666666666666666,1.0,1.0,0.8517887563884157,0.9884299160186582,649122.9543319192,444.4009897808343,0.0198885680771551,0.0,0.0,0.0,0.0,0.0,0.0,0.0,0.0,0.0,0.0,0.0,0.0,0.0,0.0,4.0,0.0,0.0,0.0,0.0,0.0,5.0,0.0,0.0,0.0,0.0,0.0,0.0,9.0,0.0,9.0,15.25111111,23.00213611,21.88701420269522,1.8204614569819408,0.2638164016874681,0.0370683991865753,190.13201675643327,-0.2623792743604192,0.0349935889004216,187.6534410532616,0.2724842722630945,0.0397860230283488,377.6466786355476,1.1261869389563408,0.7455871521779349,0.1924350924978712,0.0197703225438105,17.655626137333776,1.2338017007563484,"The SHISA8 gene has been implicated in various cellular processes, including neuronal differentiation and synaptic signaling, but its direct association with cancer is not well-established. However, emerging research suggests that SHISA8 may influence oncogenic pathways through its role in modulating the activity of the Wnt signaling pathway, which is critical for cell proliferation, migration, and differentiation. Dysregulation of Wnt signaling can lead to tumorigenesis, and variations in SHISA8 expression may alter the balance of this pathway, potentially contributing to cancer development. Further studies are needed to elucidate the precise mechanisms by which SHISA8 may be related to cancer pathology.",0
HYAL2,1422,0.375,0.0,0.0,0.625,0.0,1.0,0.0,0.0,1.0,0.0,1.25,1.25,1.0,1.0,0.1177995052420779,0.3697456953417164,843768.5,206.0,0.0514909,1.0940949000846086e-05,7.0,0.0,0.0,0.0,0.0,0.0,0.0,0.0,0.0,0.0,0.0,0.0,0.0,5.0,0.0,0.0,0.0,0.0,0.0,2.0,0.0,0.0,0.0,0.0,0.0,0.0,7.0,0.0,7.0,21.08471429,123.0866556,19.40416094111377,1.2863233701624666,0.2299361467889908,0.0225159137702004,109.0,-0.2774792343387473,0.0214074108642961,431.0,0.267882574074074,0.0219546404510612,540.0,3.561712629141597,0.0064410267897623,0.1103120612972538,0.0131705346929187,20.060674391099585,2.322449260305919,"The HYAL2 gene encodes for an enzyme involved in the degradation of hyaluronic acid, a component of the extracellular matrix that influences cell proliferation, migration, and apoptosis. Alterations in HYAL2 expression have been implicated in various cancer types, where dysregulation of hyaluronic acid metabolism can contribute to both tumor progression and metastasis. In particular, the accumulation of hyaluronic acid can create a tumor microenvironment that promotes inflammation and angiogenesis, facilitating cancer cell invasion. Moreover, HYAL2's role in modulating the interaction between tumor cells and their surrounding stroma may also influence immune evasion mechanisms, allowing cancers to grow and spread more effectively. Thus, the relationship between HYAL2 and cancer involves complex interactions between the tumor and its microenvironment, mediated through the regulation of hyaluronic acid turnover and its downstream effects on cellular behavior.",0
GPA33,960,0.25,0.0833333333333333,0.0,0.6666666666666666,0.0,1.0,0.0,0.0,0.953509509058145,0.0,2.0,2.25,0.6784260515603799,1.0,0.147666863555818,0.4301235180553589,287664.3,611.0,-0.0005239137,0.0,1.0,0.0,0.0,0.0,0.0,0.0,0.0,0.0,0.0,0.0,0.0,0.0,0.0,6.0,1.0,0.0,0.0,0.0,0.0,3.0,2.0,0.0,0.0,0.0,0.0,0.0,12.0,0.0,11.0,14.75875,142.3433749,21.42561880228067,11.28905748870233,0.2814484673366834,0.0262732711490304,398.0,-0.2156572727272727,0.0122601710204545,33.0,0.276411090487239,0.0254760867557847,431.0,2.245858125501748,0.6430955450393401,0.111514500398345,0.0145173604745375,22.78623667443832,14.576149131381865,"The GPA33 gene, encoding a glycoprotein that is commonly expressed in certain types of cancer, particularly colorectal cancer, is thought to be involved in tumor biology through various mechanisms. Its expression may be associated with processes such as cell adhesion, promoting oncogenic signaling pathways, and enhancing cell proliferation. Additionally, GPA33 may play a role in immune evasion by affecting the interaction between tumor cells and the immune system. Altered GPA33 expression has been linked to tumor aggressiveness and may correlate with clinical outcomes, highlighting its potential significance in cancer pathogenesis. However, the specific molecular pathways and the precise role of GPA33 in tumor biology are areas of ongoing research.",0
PLEKHF1,840,0.4285714285714285,0.0,0.0,0.5714285714285714,0.0,1.0,0.0,0.0,0.9624786378518296,0.0,1.1428571428571428,1.1428571428571428,1.0,1.0,0.2172496198131652,0.5489264099142089,222972.8,612.0,-0.06348262,2.2134628826001306e-07,3.0,0.0,0.0,3.0,0.0,0.0,0.0,0.0,0.0,0.0,0.0,0.0,0.0,8.0,0.0,0.0,0.0,0.0,0.0,5.0,0.0,0.0,0.0,0.0,0.0,0.0,16.0,0.0,14.0,14.8345625,101.7952623,23.21247442956472,1.0714166487964392,0.3598032407407406,0.1271735590889835,216.0,-0.2531277702702701,0.0333471108160829,148.0,0.3164296978021975,0.0915805768690544,364.0,3.1431016139281254,0.0297363502917247,0.0328436281726144,0.006067170672652,22.94875853885671,1.3303618952592715,"The PLEKHF1 gene has been implicated in various cellular processes that can influence tumorigenesis, although its exact relationship with cancer is not fully elucidated. This gene encodes a protein that is thought to interact with the cytoskeleton and participate in vesicular trafficking, processes that are crucial for maintaining cellular homeostasis and signaling. Alterations in these pathways can contribute to cancer development by affecting cell proliferation, migration, and survival. Additionally, PLEKHF1 may play a role in modulating the tumor microenvironment and influencing immune responses, which are critical factors in cancer progression and metastasis. Further research is needed to clarify its specific contributions to various cancer types and the underlying mechanisms involved.",0
HSCB,708,0.0,0.0,0.0,1.0,0.0,1.0,0.0,0.0,1.0,0.0,2.0,2.0,1.0,1.0,0.0895014767743667,0.3055133047136131,571394.0,219.0,-0.01009976,9.269165186228142e-07,5.0,0.0,0.0,0.0,0.0,0.0,0.0,0.0,0.0,0.0,0.0,0.0,0.0,2.0,0.0,0.0,0.0,0.0,0.0,0.0,0.0,0.0,0.0,0.0,0.0,0.0,2.0,0.0,2.0,23.9,12.5,22.901132332641584,0.3097386164940719,0.2591956521739131,0.0391111584700095,138.0,-0.2848893846153846,0.023677242266029,260.0,0.2759805025125629,0.0290935745337518,398.0,3.096679140960119,0.0071030444557662,0.0549634845068018,0.0099041814794959,16.2823453308951,1.1777495240047715,"The HSCB gene encodes a highly conserved protein that is part of the chaperone complex involved in mitochondrial iron-sulfur cluster biogenesis. Disturbances in iron-sulfur cluster metabolism can lead to impaired cellular processes and contribute to oncogenesis. It has been suggested that aberrations in iron metabolism and mitochondrial function can drive tumorigenesis by affecting pathways such as oxidative stress response, mitochondrial respiration, and survival signaling. Furthermore, alterations in HSCB expression may influence the stability and functionality of iron-sulfur proteins that play critical roles in cellular redox balance and DNA repair, potentially leading to genomic instability, a hallmark of cancer. Thus, while direct associations between HSCB and cancer remain to be fully elucidated, its involvement in crucial cellular mechanisms may position it as a relevant factor in tumor biology.",0
TJP3,2787,0.1818181818181818,0.0,0.0,0.7575757575757576,0.0,1.0,0.0606060606060606,0.0,0.963956388514444,0.0,3.571428571428572,3.857142857142857,1.0,1.0,0.3611412062116288,0.7289585569479324,2144458.0,206.0,0.03418776,5.795584761680296e-06,5.0,0.0,0.0,0.0,0.0,0.0,0.0,2.0,0.0,0.0,0.0,0.0,0.0,23.0,0.0,0.0,0.0,0.0,0.0,6.0,1.0,0.0,2.0,0.0,0.0,0.0,30.0,0.0,28.0,16.15613333,79.04178274,23.749410273663745,2.590458813258476,0.2385956097560977,0.0143160263215513,123.0,-0.2655914391143912,0.0256002709301435,270.0,0.2571638071065989,0.0221890173549346,393.0,3.056415547602468,0.40368444636155,0.1260626872547564,0.0126081651542432,25.581922997996354,2.276100043011376,"The TJP3 gene, which encodes tight junction protein 3, has been implicated in various cellular processes, including cell adhesion and epithelial barrier function. Alterations in TJP3 expression or function can disrupt tight junction integrity, potentially leading to increased cellular permeability and promoting tumorigenesis. In certain cancer types, such as colorectal cancer, downregulation of TJP3 has been associated with enhanced invasion and metastasis, suggesting that loss of tight junctions may facilitate the epithelial-mesenchymal transition (EMT). Additionally, the dysregulation of TJP3 may influence signaling pathways that are crucial for cell proliferation and survival, further contributing to cancer progression. Overall, while specific mechanisms linking TJP3 to cancer are still being elucidated, its roles in maintaining cellular architecture and signaling homeostasis underscore a potential relationship with oncogenic processes.",0
MPC2,384,0.0,0.0,0.0,1.0,0.0,1.0,0.0,0.0,1.0,0.0,3.0,3.0,1.0,1.0,0.4690431519699813,0.8241371980786107,535269.8,290.0,0.0141573999999999,3.691516471599486e-07,4.0,0.0,0.0,2.0,0.0,0.0,0.0,0.0,0.0,0.0,0.0,0.0,0.0,3.0,0.0,0.0,0.0,0.0,0.0,0.0,0.0,0.0,0.0,0.0,0.0,0.0,5.0,0.0,5.0,20.792,26.52532,23.533433167495847,0.9720203989731292,0.2801321265822784,0.0262405741406438,395.0,-0.2136894117647058,0.0120203148966131,34.0,0.2748662703962705,0.0254057437533472,429.0,3.5199000399201945,0.0119050035484997,0.0970981851341265,0.0123004616571419,20.060674391099585,2.322449260305919,"The MPC2 gene, which encodes a subunit of the mitochondrial pyruvate carrier, plays a crucial role in cellular metabolism by facilitating the transport of pyruvate into mitochondria, thus linking glycolysis to the tricarboxylic acid (TCA) cycle. Dysregulation of metabolic pathways, including those involving pyruvate metabolism, has been implicated in cancer progression and metabolic reprogramming in tumors. Altered expression of MPC2 could influence mitochondrial function, reactive oxygen species production, and overall cellular bioenergetics, potentially affecting tumor growth and survival. Research has suggested that cancer cells may adapt their metabolism to support rapid proliferation, and any aberrations in MPC2 function could contribute to these adaptations by modifying the balance between aerobic respiration and anaerobic glycolysis. However, the specific relationship between MPC2 and cancer remains an area of ongoing investigation.",0
SLC25A35,888,0.5,0.0,0.0,0.5,0.0,1.0,0.0,0.0,1.0,0.0,0.5,0.5,1.0,1.0,0.4768717215069146,0.8299989279541168,870949.7,218.0,0.0182434,5.845469288053247e-07,3.0,0.0,0.0,0.0,0.0,0.0,0.0,0.0,0.0,0.0,0.0,0.0,0.0,1.0,0.0,0.0,0.0,0.0,0.0,1.0,0.0,0.0,0.0,0.0,0.0,0.0,2.0,0.0,2.0,13.3815,349.4574845,20.968846749141527,2.7521891970859502,0.2477254545454546,0.027214940440909,77.0,-0.2776150114942528,0.0195136500868086,435.0,0.2731199023437501,0.0207352344976421,512.0,2.939079142289564,0.0564525927200766,0.0823938388531126,0.0057948035557081,18.385575932814096,1.89508371413945,"The relationship between the SLC25A35 gene and cancer is currently not well-established, but there are hypotheses regarding its potential involvement. SLC25A35 encodes a mitochondrial transporter implicated in the regulation of metabolic processes, specifically in transporting key metabolites and ions across the mitochondrial membrane. Dysregulation of mitochondrial metabolism can influence cellular energy production, reactive oxygen species (ROS) levels, and apoptosis, which are critical factors in cancer development and progression. Altered expression of SLC25A35 may lead to metabolic reprogramming in tumor cells, contributing to the Warburg effect or impairing oxidative phosphorylation. Additionally, cancer cells often exhibit abnormal mitochondrial dynamics, and SLC25A35 may play a role in these processes, warranting further investigation into its potential implications in oncogenesis and tumor metabolism.",0
FLNB,7902,0.4558823529411764,0.0441176470588235,0.0147058823529411,0.4411764705882353,0.0,1.0,0.0294117647058823,0.0147058823529411,0.9625320215527806,0.0,0.9375,1.15625,0.4182350480970305,1.0,0.9615384615384616,0.9992506857243092,760236.3,182.0,0.04258974,0.0002711712736477,77.0,0.0,0.0,0.0,0.0,0.0,0.0,1.0,1.0,0.0,1.0,0.0,0.0,30.0,3.0,0.0,0.0,0.0,0.0,30.0,1.0,0.0,2.0,0.0,1.0,0.0,64.0,0.0,45.0,17.68259375,134.5665768,28.163574350332944,0.8046239725376365,0.2208396551724138,0.0170347450103148,116.0,-0.2873801199040769,0.0347194391184952,417.0,0.2728985178236398,0.0315866706306937,532.0,3.8474670957224175,0.0146907894143687,0.0409720166876413,0.0090105715530979,25.442427415107232,2.543993549343761,"The FLNB (Filamin B) gene has been implicated in various cancers, primarily due to its role in cytoskeletal structure and cell signaling pathways. Alterations in FLNB expression or function can affect cellular processes such as migration, adhesion, and apoptosis, which are critical for tumor progression and metastasis. Dysregulation of FLNB may lead to changes in cell rigidity and shape, influencing how cancer cells interact with their microenvironment. Additionally, FLNB interacts with several signaling molecules, such as Rho GTPases and integrins, which are known to be involved in cancer-related pathways, thereby potentially contributing to oncogenic transformation and tumorigenesis. Moreover, mutations in the FLNB gene have been linked to developmental disorders, suggesting its pivotal role in maintaining cellular architecture and function, further underscoring its relevance in the context of cancer biology.",0
ZBTB9,1422,0.2,0.0,0.0,0.8,0.0,1.0,0.0,0.0,1.0,0.0,2.0,2.0,1.0,1.0,0.2290426019239579,0.5666164127640294,1397665.0,236.0,0.03057222,7.791570450416367e-05,35.0,0.0,0.0,0.0,0.0,0.0,0.0,0.0,0.0,0.0,0.0,0.0,0.0,4.0,0.0,0.0,0.0,0.0,0.0,1.0,0.0,0.0,0.0,0.0,0.0,0.0,5.0,0.0,5.0,19.198,86.92002,18.455382807019507,3.1586059165038303,0.2452221666666666,0.0162310956371787,180.0,-0.239486544117647,0.0165555360820424,136.0,0.2427536708860758,0.0163267047458468,316.0,3.219659791614881,0.0061245761071528,0.0545727510159717,0.0202063037509814,18.95997558616245,0.9504348940100588,"The ZBTB9 gene, a member of the Zinc Finger and BTB domain-containing protein family, has been implicated in various cellular processes, including transcriptional regulation and chromatin remodeling, which are critical in cancer biology. Alterations in ZBTB9 expression or function could potentially disrupt these processes, leading to dysregulated gene expression and tumorigenesis. Additionally, ZBTB9 has been shown to interact with other proteins involved in cell growth and differentiation, suggesting that its dysregulation may affect pathways such as cell cycle control and apoptosis. Current research is exploring these connections to elucidate the precise role of ZBTB9 in cancer progression and its potential involvement in oncogenic signaling networks.",0
KTN1,4074,0.1111111111111111,0.2222222222222222,0.0,0.6666666666666666,0.0,1.0,0.0,0.0,0.8667708519065936,0.0,4.0,5.333333333333333,0.3585514521333811,1.0,0.4336513443191674,0.7959732965511133,687928.8,308.0,0.02267919,0.0001354079702585,33.0,0.0,0.0,0.0,0.0,0.0,0.0,0.0,0.0,0.0,0.0,0.0,0.0,13.0,4.0,0.0,0.0,0.0,0.0,2.0,0.0,0.0,0.0,1.0,0.0,0.0,18.0,0.0,16.0,27.49183333,117.770244,27.207641172054128,0.6878844206681323,0.2297261676646706,0.0173255563671524,167.0,-0.2910502734374999,0.0229991782779641,256.0,0.266839574468085,0.0216135447410507,423.0,3.820462319299311,0.003242498299912,0.0491976674529311,0.0027560157548104,26.385019365521668,0.7600544034733215,"The KTN1 gene, also known as Karyopherin Beta 2, has been implicated in cancer through its role in nuclear transport and cellular signaling pathways. Alterations in the KTN1 gene or its expression levels may disrupt the transport of proteins involved in tumor suppression, DNA repair, and cell cycle regulation. This dysregulation can lead to uncontrolled cell proliferation and enhanced survival of cancerous cells. Additionally, KTN1 has been associated with alterations in the signaling pathways, such as those linked to the immune response and stress responses, which can further influence tumor microenvironment interactions and metastatic potential. Overall, the relationship between KTN1 and cancer underscores the complexity of gene regulation and its impact on oncogenesis.",0
GRIN2C,3702,0.4583333333333333,0.0,0.0,0.5,0.0,1.0,0.0416666666666666,0.0,1.0,0.0,1.0,1.0833333333333333,1.0,1.0,0.585480093676815,0.8989011096992846,1027517.0,320.0,0.02014327,3.8190070331044346e-07,4.0,0.0,0.0,2.0,0.0,0.0,0.0,0.0,1.0,0.0,0.0,0.0,0.0,12.0,0.0,0.0,0.0,0.0,0.0,11.0,0.0,0.0,0.0,0.0,1.0,0.0,25.0,0.0,23.0,15.15332,99.37410839,15.55533218900427,4.607014546745715,0.2713658227848103,0.025559496694765,237.0,-0.2248274814814814,0.0140979552652515,135.0,0.2544769086021509,0.0218529514068595,372.0,2.120062677401131,0.325226511576624,0.1413346206788125,0.0143653864586234,20.060674391099585,2.322449260305919,"The GRIN2C gene encodes a subunit of the NMDA receptor, which is critical for excitatory neurotransmission and synaptic plasticity. Dysregulation of glutamatergic signaling, mediated by NMDA receptors, has been implicated in various pathological conditions, including cancer. Alterations in GRIN2C expression or function may contribute to tumorigenesis through mechanisms such as modulation of the tumor microenvironment, influencing cell proliferation, apoptosis, and migration. Additionally, aberrant glutamate signaling may promote angiogenesis and metastasis by interacting with various signaling pathways and inflammatory responses, potentially affecting cancer progression and response to treatment. Thus, while the direct relationship between GRIN2C and cancer is an area of ongoing investigation, its role in cellular signaling dynamics suggests a potential involvement in cancer biology.",0
ANKRD33,1359,0.1764705882352941,0.0588235294117647,0.0588235294117647,0.5882352941176471,0.0,1.0,0.0,0.1176470588235294,0.9424351665604176,0.0,2.5,3.5,0.1795654516071108,1.0,0.7067137809187279,0.9520350043075624,570716.4,438.0,0.02227513,0.0,0.0,0.0,0.0,0.0,0.0,0.0,0.0,0.0,0.0,0.0,2.0,0.0,5.0,10.0,1.0,0.0,0.0,0.0,0.0,3.0,2.0,0.0,2.0,1.0,0.0,0.0,20.0,0.0,22.0,14.9813,90.10630696,21.88701420269522,1.8204614569819408,0.2207231097560975,0.0141681788375093,164.0,-0.258449203539823,0.0284127420359671,113.0,0.2361131768953067,0.0202422457449432,277.0,0.7976373121632246,0.637961607765804,0.111514500398345,0.0145173604745375,20.060674391099585,2.322449260305919,"The ANKRD33 gene has been implicated in various cancer-related processes, primarily through its role in modulating cellular signaling pathways and influencing immune responses. Alterations in ANKRD33 expression may affect the tumor microenvironment, including the recruitment and activation of immune cells, potentially impacting tumorigenesis and metastasis. Furthermore, its involvement in protein-protein interactions suggests that ANKRD33 may participate in the regulation of oncogenic pathways, contributing to cellular proliferation and survival. The exact mechanisms linking ANKRD33 to cancer remain an active area of research, necessitating further investigation to elucidate its specific roles in different cancer types and contexts.",0
ZNF391,1077,0.25,0.25,0.0,0.5,0.0,1.0,0.0,0.0,0.8894714728255649,0.0,1.5,2.25,0.2225189141076992,1.0,0.5518763796909493,0.8799289225280286,143919.9,645.0,0.01901962,6.130307831405928e-07,5.0,0.0,0.0,1.0,0.0,0.0,0.0,0.0,0.0,0.0,0.0,0.0,1.0,6.0,3.0,0.0,0.0,0.0,0.0,3.0,0.0,0.0,0.0,0.0,0.0,0.0,14.0,0.0,10.0,16.77407143,120.6941825,18.162469767658774,1.943668709112748,0.2559465934065935,0.0197516536833586,182.0,-0.2397839416058395,0.0157259303019965,137.0,0.2490052664576803,0.0180320580608564,319.0,3.0501694206140164,0.0340724096944435,0.111514500398345,0.0145173604745375,18.42803085061068,3.5068151187263785,"The ZNF391 gene encodes a zinc finger protein that has been implicated in various cellular processes, including transcriptional regulation, cell proliferation, and differentiation. Alterations in ZNF391 expression have been linked to oncogenic pathways, where its dysregulation may contribute to tumorigenesis. Potential mechanisms include modulation of gene expression involved in cell cycle regulation, apoptosis, and epithelial-mesenchymal transition (EMT), which are critical in cancer progression and metastasis. Additionally, the gene may interact with other oncogenes or tumor suppressor genes, further influencing signaling networks that promote cancer development. However, the specific role and mechanisms of ZNF391 in different cancer types require further investigation to elucidate its functional impact in oncogenesis.",0
GPR146,1002,0.4545454545454545,0.0,0.0,0.4545454545454545,0.0,1.0,0.0909090909090909,0.0,0.9474427588512933,0.0,0.8333333333333334,1.0,1.0,1.0,0.9354536950420954,0.9978705631832632,765059.6,346.0,0.03367729,0.0,0.0,0.0,0.0,0.0,0.0,0.0,0.0,1.0,0.0,0.0,0.0,0.0,0.0,5.0,0.0,0.0,0.0,0.0,0.0,5.0,0.0,0.0,1.0,0.0,0.0,0.0,10.0,0.0,9.0,9.3822,89.35375107,21.88701420269522,1.8204614569819408,0.3067867076167076,0.0292574883073601,407.0,-0.3062190082644628,0.0483218573790082,120.0,0.3066566098484847,0.0335430610964547,527.0,2.7626343101225133,0.2555296100248632,0.111514500398345,0.0145173604745375,20.060674391099585,2.322449260305919,"The GPR146 gene encodes a protein that is a member of the G protein-coupled receptor (GPCR) family, which plays critical roles in various cellular functions, including proliferation, apoptosis, and migration. Altered expression or dysfunction of GPCRs has been implicated in various cancer types, potentially influencing tumor microenvironment interactions and signaling pathways related to cancer progression. GPR146 may affect oncogenic signaling through its interactions with ligands and downstream effectors, possibly modulating pathways such as mitogen-activated protein kinase (MAPK) or phosphoinositide 3-kinase (PI3K), which are known to contribute to tumorigenesis. Furthermore, GPCR signaling can impact angiogenesis and immune cell recruitment, thus facilitating tumor growth and metastasis. However, the specific role of GPR146 in cancer remains to be fully elucidated.",0
HDC,1989,0.4736842105263157,0.0,0.0,0.5263157894736842,0.0,1.0,0.0,0.0,0.975220114382459,0.0,1.0,1.0,1.0,1.0,0.4670714619336759,0.8226403594617215,308337.8,282.0,0.004265097,2.8943202992997613e-08,2.0,0.0,0.0,0.0,0.0,0.0,0.0,0.0,0.0,0.0,0.0,0.0,3.0,9.0,0.0,0.0,0.0,0.0,0.0,9.0,1.0,0.0,0.0,0.0,0.0,0.0,22.0,0.0,19.0,16.69718182,92.82087539,16.695418060873894,0.4547886220075158,0.1981482089552237,0.0118476440240162,67.0,-0.2675630281690142,0.0201825442438013,284.0,0.254312905982906,0.0192994711429597,351.0,2.5629411271604714,0.3902033526528594,0.111514500398345,0.0145173604745375,16.539744396491454,3.822206440454388,"The HDC gene, which encodes the enzyme histidine decarboxylase, is involved in the synthesis of histamine from histidine. Histamine plays multifaceted roles in biological processes, including immune response, cell proliferation, and regulation of apoptosis. Dysregulation of histamine pathways has been implicated in various cancers, as histamine can influence tumor growth and the tumor microenvironment through its action on different receptors, such as H1 and H2 receptors. These interactions may promote angiogenesis, modulate inflammation, and affect the immune system's capacity to detect and eliminate cancerous cells. Additionally, altered expression of HDC may contribute to histamine-related signaling changes that facilitate oncogenic processes, suggesting a potential link between HDC and cancer, although the precise mechanisms and relevance in specific cancer types remain to be fully elucidated.",0
TM4SF18,606,0.0,0.0,0.0,1.0,0.0,1.0,0.0,0.0,1.0,0.0,1.0,1.0,1.0,1.0,0.5208333333333334,0.8605860343956719,529009.2,254.0,0.008357321,0.0,0.0,0.0,0.0,0.0,0.0,0.0,0.0,0.0,0.0,0.0,0.0,0.0,0.0,1.0,0.0,0.0,0.0,0.0,0.0,0.0,0.0,0.0,0.0,0.0,0.0,0.0,1.0,0.0,1.0,13.82,0.0,17.18150935049654,6.052825612111228,0.3446233707865172,0.0645387912421268,355.0,-0.2492627272727272,0.0214658803032167,66.0,0.3297091469194317,0.058937926331337,421.0,3.200409712358611,0.0471857975178345,0.111514500398345,0.0145173604745375,20.060674391099585,2.322449260305919,"The TM4SF18 gene (transmembrane 4 Lsix family member 18) has been implicated in various cellular processes, including cell proliferation and adhesion, which are critical in cancer progression. Emerging evidence suggests that alterations in TM4SF18 expression may contribute to tumorigenesis by affecting cell signaling pathways, such as those involved in the epithelial-mesenchymal transition (EMT) and angiogenesis. Dysregulation of TM4SF18 could lead to changes in cell motility and invasiveness, potentially enhancing metastatic capabilities in certain cancer types. Additionally, interactions with other transmembrane proteins may influence the tumor microenvironment, further modulating tumor behavior. However, the precise mechanisms linking TM4SF18 to specific cancers require further investigation to elucidate its role in oncogenesis.",0
CYSLTR2,1041,0.25,0.0,0.0,0.75,0.0,1.0,0.0,0.0,1.0,0.0,2.0,2.0,1.0,1.0,0.4088307440719542,0.7745110536651597,404942.5,430.0,0.04587105,0.0,1.0,0.0,0.0,0.0,0.0,0.0,0.0,0.0,0.0,0.0,0.0,0.0,0.0,6.0,0.0,0.0,0.0,0.0,0.0,2.0,0.0,0.0,0.0,0.0,0.0,0.0,8.0,0.0,7.0,14.914625,100.4089797,21.88701420269522,1.8204614569819408,0.291752251655629,0.0351697160882295,151.0,-0.3131854142011833,0.0361925144913709,338.0,0.3065669938650307,0.0359022158612315,489.0,2.9576528470598,0.0633605884329267,0.111514500398345,0.0145173604745375,20.060674391099585,2.322449260305919,"The CYSLTR2 gene encodes the cysteinyl leukotriene receptor 2, which is involved in inflammatory responses and has been implicated in various processes such as cell proliferation, apoptosis, and angiogenesis. Dysregulation of this receptor has been associated with certain cancer types, as it may enhance tumor growth and metastasis through mechanisms such as promoting a pro-inflammatory microenvironment, modulating immune cell infiltration, and altering cell signaling pathways that favor survival and proliferation of malignant cells. Additionally, the interaction of CYSLTR2 with other signaling molecules can contribute to the overall oncogenic landscape, potentially influencing cancer progression and response to treatment.",0
LRRC32,1989,0.4166666666666667,0.0,0.0,0.5416666666666666,0.0,1.0,0.0416666666666666,0.0,0.9818246423345388,0.0,1.181818181818182,1.2727272727272727,1.0,1.0,0.379794910748196,0.7474834335412731,269123.4,379.0,0.02612206,0.0,0.0,0.0,0.0,0.0,0.0,0.0,0.0,1.0,0.0,0.0,0.0,0.0,0.0,14.0,0.0,0.0,0.0,0.0,0.0,10.0,0.0,0.0,1.0,1.0,0.0,0.0,23.0,0.0,19.0,14.11395652,71.42271295,19.61626299648814,1.610578328679008,0.3278032142857142,0.1212809202526923,196.0,-0.2577568421052632,0.0215703118460127,133.0,0.2994865957446807,0.0819689694743514,329.0,3.3277988082477687,0.029096475714986,0.1033775400107469,0.0193669942420232,20.060674391099585,2.322449260305919,"The LRRC32 gene, also known as TGF-β receptor 2 (TGFBR2), is implicated in immune regulation and has been studied for its potential role in cancer biology. It encodes a protein that is involved in the modulation of immune responses and may influence tumor microenvironments. Elevated expression of LRRC32 has been associated with the evasion of immune surveillance in various cancers, potentially through its role in promoting the differentiation of regulatory T cells (Tregs) that suppress anti-tumor immunity. Additionally, aberrant signaling pathways related to TGF-β, modulated by LRRC32, can contribute to tumor progression, metastasis, and the induction of a pro-tumorigenic stroma. These mechanisms suggest that LRRC32 may play a significant role in tumor immune evasion and cancer development.",0
TUBGCP3,2724,0.3461538461538461,0.0,0.0769230769230769,0.5769230769230769,0.0,1.0,0.0,0.0,0.9836349189574336,0.0,1.5,1.7,0.5995203836930456,1.0,0.5037783375314862,0.8491782942766517,273357.5,399.0,0.01080907,0.0007844500046739,133.0,0.0,0.0,0.0,0.0,0.0,0.0,0.0,0.0,0.0,0.0,0.0,1.0,15.0,0.0,0.0,0.0,0.0,0.0,9.0,2.0,0.0,0.0,0.0,0.0,0.0,27.0,0.0,26.0,16.69762963,110.5549277,24.23231763635209,0.6629882200426626,0.3567294090909091,0.1241013413334391,219.0,-0.2994256854838709,0.0315870758853582,248.0,0.3263633333333333,0.0757238139665952,467.0,3.447785712614913,0.00476187063146,0.0420133414437093,0.0090949125027563,19.212274665070566,2.115125585939821,"The TUBGCP3 gene, which encodes a protein associated with the γ-tubulin complex involved in microtubule nucleation, has been implicated in various cellular processes, including cell division and organization of the mitotic spindle. Dysregulation of microtubule dynamics can lead to chromosomal instability, a hallmark of many cancers. Altered expression or mutation of TUBGCP3 may disrupt normal mitotic progression or centrosome function, potentially fostering an environment conducive to oncogenesis. Additionally, its interactions with other proteins involved in the cell cycle and cytoskeletal organization could influence tumor progression and metastasis, linking TUBGCP3 to the pathways that underlie cancer development.",0
TECR,927,0.25,0.0,0.0,0.75,0.0,1.0,0.0,0.0,1.0,0.0,1.5,1.5,1.0,1.0,0.3033060357901122,0.6651540685743387,1008795.0,204.0,0.0260921,7.047384721184285e-05,55.0,0.0,0.0,2.0,0.0,0.0,0.0,0.0,0.0,0.0,0.0,0.0,0.0,2.0,0.0,0.0,0.0,0.0,0.0,1.0,2.0,0.0,1.0,0.0,0.0,0.0,6.0,0.0,6.0,17.46516667,119.1713826,26.38017185782889,0.6869312382338694,0.3222649696969697,0.053459334026371,165.0,-0.2315273933649287,0.0164320649736493,211.0,0.2713457446808509,0.0346144314421105,375.0,3.504312384120235,0.0074090084905415,0.0538023440028277,0.0162794585988422,19.7454636399314,2.1639921834322595,"The TECR gene (Trans-2,3-Enoyl-CoA Reductase) has been implicated in cancer through its role in lipid metabolism and membrane composition, which are crucial processes in tumor biology. Aberrant lipid metabolism can lead to alterations in cell signaling pathways that promote cancer cell proliferation, survival, and metastasis. Additionally, TECR may affect the accumulation of bioactive lipid metabolites that influence the tumor microenvironment, potentially modulating immune responses and angiogenesis. Some studies suggest that dysregulation of TECR expression may correlate with certain cancer types, indicating a possible mechanism wherein changes in lipid metabolism consequentially affect cancer progression. However, the precise mechanisms and the extent of TECR's involvement in different cancers require further investigation.",0
SEMA4G,2532,0.25,0.0833333333333333,0.0,0.5833333333333334,0.0,1.0,0.0,0.0833333333333333,1.0,0.0,1.75,2.25,0.6752194463200539,1.0,0.9852216748768472,0.9998902586145326,1020226.0,247.0,0.04030881,1.1224465435473069e-05,7.0,2.0,0.0,0.0,0.0,0.0,0.0,0.0,0.0,0.0,1.0,0.0,0.0,7.0,1.0,0.0,0.0,0.0,0.0,3.0,0.0,0.0,1.0,0.0,0.0,0.0,13.0,0.0,12.0,17.45261538,102.9538721,16.99961259768796,5.862122087899444,0.209699081632653,0.0129879957156427,98.0,-0.3340386031746034,0.0444118929642846,315.0,0.304534309927361,0.0397105901274959,413.0,3.0791575710996044,0.046450384823104,0.111514500398345,0.0145173604745375,17.302354387447377,2.356927555297539,"The SEMA4G gene, part of the semaphorin family, plays a role in the modulation of cell signaling and interactions in the tumor microenvironment. Its protein product is involved in axon guidance and immune responses, which are critical in cancer progression. Alterations in SEMA4G expression have been linked to tumorigenesis, potentially influencing cell proliferation, migration, and immune evasion. Mechanistically, SEMA4G can affect the behavior of cancer-associated fibroblasts and the infiltration of immune cells, thereby contributing to a pro-tumorigenic landscape. Additionally, aberrant signaling through SEMA4G may lead to enhanced metastatic potential and resistance to anti-tumor therapies, highlighting its importance in cancer biology.",0
ARSI,1710,0.2352941176470588,0.0,0.0,0.6470588235294118,0.0,1.0,0.1176470588235294,0.0,0.9712175832802088,0.0,2.2,2.6,1.0,1.0,0.3585514521333811,0.7263116201668527,954043.8,220.0,0.04602906,0.0,1.0,0.0,0.0,0.0,0.0,0.0,0.0,2.0,0.0,0.0,0.0,0.0,0.0,11.0,0.0,0.0,0.0,0.0,0.0,4.0,0.0,0.0,2.0,0.0,0.0,0.0,15.0,0.0,16.0,20.71906667,86.79344107,17.109089639169547,0.4580697404869335,0.2785185638297872,0.015698880532151,188.0,-0.2428272558139535,0.0140796511994435,215.0,0.2594772952853599,0.0151156773108255,403.0,2.7618894649725245,0.2943777029669617,0.132194911001563,0.0233496380964776,20.060674391099585,2.322449260305919,"The ARSI gene, associated with various biological processes, may have potential links to cancer through its role in cellular regulation mechanisms. It has been implicated in pathways related to apoptosis, cell proliferation, and DNA repair, which are critical in the development and progression of tumors. Dysregulation of ARSI expression or function could lead to aberrant signaling cascades, contributing to tumorigenesis by promoting uncontrolled cell growth or evading programmed cell death. Additionally, any alterations in ARSI may affect the cellular response to oxidative stress and genomic stability, further implicating it in cancer pathophysiology. However, the specific relationship between ARSI and cancer, including its mechanisms of action, warrants further investigation.",0
DLL4,2058,0.4375,0.0,0.0,0.5625,0.0,1.0,0.0,0.0,1.0,0.0,1.125,1.125,1.0,1.0,0.9643201542912246,0.999355765908766,1049616.0,176.0,0.04988416,0.0,1.0,0.0,0.0,0.0,0.0,0.0,0.0,0.0,0.0,0.0,0.0,0.0,0.0,9.0,0.0,0.0,0.0,0.0,0.0,7.0,0.0,0.0,0.0,1.0,0.0,0.0,15.0,0.0,13.0,16.45673333,54.8342735,15.39370053128085,0.5981980777121423,0.1899181481481481,0.0111784607361285,54.0,-0.2860415555555554,0.0275345507399292,315.0,0.2719747154471542,0.0262615092967258,369.0,3.212977038733185,0.0357735530089845,0.0602735757179559,0.0135872280832568,20.060674391099585,2.322449260305919,"Yes, there is a relationship between the DLL4 gene and cancer. DLL4 encodes a ligand in the Delta/Notch signaling pathway, which plays a critical role in cell differentiation, angiogenesis, and vascular development. Abnormal DLL4 expression can enhance tumor angiogenesis and promote the growth of cancer stem cells, contributing to tumor progression and metastasis. In various cancers, elevated DLL4 levels have been associated with poor prognosis, as they can facilitate an immunosuppressive tumor microenvironment and resist anti-angiogenic therapies. Additionally, DLL4-Notch interactions may influence tumor cell proliferation and survival, highlighting its potential role as a key mediator in the crosstalk between cancer cells and their microenvironment.",0
COX15,1233,0.0,0.1666666666666666,0.0,0.8333333333333334,0.0,1.0,0.0,0.0,1.0,0.0,5.0,6.0,0.4029008863819501,1.0,0.0863707030575228,0.2979017745428237,422577.8,304.0,0.01196046,6.493137660868039e-07,12.0,0.0,0.0,0.0,0.0,0.0,0.0,0.0,0.0,0.0,0.0,0.0,0.0,5.0,1.0,0.0,0.0,0.0,0.0,0.0,0.0,0.0,0.0,0.0,0.0,0.0,6.0,0.0,6.0,28.71666667,26.63366667,21.196100087924023,2.5242171002785474,0.2157260606060605,0.0133351260894248,99.0,-0.3354976996805113,0.0444874714594351,313.0,0.3067176213592235,0.0395762921680509,412.0,3.518746958369641,0.0034510631922483,0.054792298879365,0.003314980061396,20.060674391099585,2.322449260305919,"The COX15 gene encodes a protein involved in the mitochondrial biosynthesis of heme, which is a critical cofactor for cytochrome c oxidase, a pivotal enzyme in the mitochondrial electron transport chain. Alterations in mitochondrial function and heme metabolism can lead to increased oxidative stress and energy dysregulation, both of which are implicated in cancer development and progression. Additionally, COX15 may play a role in maintaining mitochondrial integrity and cellular respiration, and disruptions in these processes can contribute to the Warburg effect, where cancer cells preferentially utilize glycolysis even in the presence of oxygen. Thus, while direct links between COX15 and specific cancer types are not fully elucidated, its involvement in mitochondrial function and bioenergetics suggests potential relevance in oncogenic processes.",0
SH3BP2,1857,0.1333333333333333,0.0666666666666666,0.0,0.7333333333333333,0.0,1.0,0.0666666666666666,0.0,0.9658722633586913,0.0,3.6666666666666665,4.333333333333333,0.5058168942842691,1.0,0.0047799999999999,0.0303210444212485,643290.7,228.0,0.0428961,7.93179921667428e-06,17.0,0.0,0.0,0.0,0.0,0.0,0.0,1.0,0.0,0.0,0.0,0.0,2.0,12.0,1.0,0.0,0.0,0.0,0.0,2.0,0.0,0.0,1.0,1.0,0.0,0.0,16.0,0.0,18.0,19.6270625,123.9128598,22.13607554071012,1.03934574112606,0.2759181896551724,0.0516711905401724,116.0,-0.2628816400000001,0.0218960034017172,249.0,0.2670134426229511,0.0312541311552392,364.0,3.596856091693934,0.0099037488388985,0.2240496564351385,0.0303902353306825,23.669638236172883,0.7359152384721679,"The SH3BP2 gene has been implicated in various cellular processes, including the regulation of signaling pathways related to cell growth and survival. Alterations in SH3BP2 expression or function can lead to dysregulated signaling, potentially contributing to cancer development. Notably, SH3BP2 has been associated with the modulating of Rho GTPase signaling, which plays a crucial role in cytoskeletal dynamics and cellular migration. Aberrant activation of these pathways can promote tumorigenesis by enhancing proliferation and metastasis. Additionally, SH3BP2's involvement in immune response and inflammation may also intersect with tumor microenvironment dynamics, further influencing cancer progression. Thus, while direct links to specific cancers may require further elucidation, the gene's regulatory roles suggest plausible mechanisms connecting SH3BP2 to cancer biology.",0
TPRX1,1236,1.0,0.0,0.0,0.0,0.0,1.0,0.0,0.0,1.0,0.0,0.0,0.0,1.0,1.0,1.0,1.0,881315.7,336.0,0.03904266,0.0,0.0,0.0,0.0,2.0,0.0,0.0,0.0,0.0,0.0,0.0,0.0,0.0,0.0,1.0,0.0,0.0,0.0,0.0,0.0,1.0,0.0,0.0,0.0,1.0,0.0,0.0,3.0,0.0,4.0,4.494333333,19.81140933,15.662302723246658,0.2907182621562497,0.2387744171779141,0.0149328573630841,163.0,-0.2646535714285714,0.0223259864705998,182.0,0.2524266086956522,0.0189468474207331,345.0,0.1813743072827134,0.1982849619205168,0.111514500398345,0.0145173604745375,20.060674391099585,2.322449260305919,"The TPRX1 gene has been implicated in various cancers, primarily through its role in cellular processes such as proliferation and apoptosis. Its expression levels may be altered in malignancies, potentially contributing to tumorigenesis. For instance, TPRX1 might interact with regulatory pathways that control cellular growth and survival, possibly influencing the tumor microenvironment and immune evasion. Furthermore, dysregulation of TPRX1 could affect the expression of downstream targets linked to cancer progression, suggesting that it may play a role in invasion and metastasis. However, the exact mechanisms and the extent of its involvement in cancer biology remain to be fully elucidated.",0
SYMPK,3825,0.2758620689655172,0.0344827586206896,0.0344827586206896,0.5862068965517241,0.0,1.0,0.0689655172413793,0.0,0.9432146669074662,0.0,1.8888888888888888,2.333333333333333,0.4708097928436911,1.0,0.0788581342165444,0.2791660602675469,883733.9,203.0,0.03867158,2.1821314764505466e-05,27.0,0.0,0.0,0.0,0.0,0.0,0.0,1.0,1.0,0.0,0.0,0.0,4.0,17.0,1.0,0.0,0.0,0.0,0.0,8.0,1.0,0.0,2.0,1.0,2.0,0.0,28.0,0.0,31.0,21.27628571,160.9146635,25.049685266247906,0.4117346844668527,0.246989526627219,0.0232792540628698,168.0,-0.2686032758620689,0.0246675506672413,173.0,0.2579539358600582,0.0240305582005455,341.0,3.551976411316379,0.0053574780935189,0.0815305703268023,0.0039976768057686,25.2585435945798,0.4271779364231035,"The SYMPK gene, which encodes a protein involved in various cellular processes, has been associated with cancer in some studies. Evidence suggests that SYMPK may play a role in modulating cellular signaling pathways, apoptosis, and cellular stress responses, which are critical in tumorigenesis. Dysregulation of SYMPK expression or function could potentially contribute to cancer progression by affecting cell proliferation, survival, and metastatic potential. Additionally, interactions with other molecular pathways may lead to changes in the tumor microenvironment, further influencing cancer development and progression. However, the specific mechanisms and the extent of the relationship between SYMPK and various cancer types require further investigation to elucidate its precise role in oncogenesis.",0
VPS37D,756,0.1666666666666666,0.0,0.0,0.6666666666666666,0.0,1.0,0.1666666666666666,0.0,1.0,0.0,2.0,2.5,1.0,1.0,0.7518796992481203,0.9662999565666636,1197825.0,214.0,0.05184103,0.0,1.0,0.0,0.0,0.0,0.0,0.0,0.0,1.0,0.0,0.0,0.0,0.0,0.0,4.0,0.0,0.0,0.0,0.0,0.0,1.0,0.0,0.0,1.0,0.0,0.0,0.0,5.0,0.0,5.0,21.658,37.96342,17.366736422722983,0.9577075414092174,0.2977478670360113,0.0245973482690489,361.0,-0.2440438888888888,0.0226095519903426,108.0,0.2853810660980814,0.0246026160103994,469.0,2.8115820338248545,0.1108487685092558,0.0757470864439946,0.0054421647450126,19.87917838121541,5.193684083781599,"The VPS37D gene is part of the endosomal-sorting complex required for transport (ESCRT) machinery, which is involved in various cellular processes including membrane trafficking, cytokinesis, and the regulation of protein degradation. Alterations in VPS37D expression or function can disrupt these mechanisms, potentially leading to the accumulation of oncogenic proteins and altered signaling pathways associated with cancer. For instance, impaired endosomal sorting may result in the prolonged activation of growth factor receptors or the stabilization of pro-survival factors, thus contributing to tumorigenesis. Additionally, deficiencies in ESCRT components can lead to defective autophagy and the evasion of apoptosis, creating a permissive environment for cancer cell proliferation and metastasis. While direct links between VPS37D and specific cancer types require further investigation, its role in critical regulatory pathways suggests a potential involvement in cancer pathophysiology.",0
RGSL1,3231,0.0952380952380952,0.0238095238095238,0.0476190476190476,0.8333333333333334,0.0,1.0,0.0,0.0,0.9701741121295976,0.0,7.0,7.6,0.7974481658692185,1.0,0.4389815627743634,0.8003941461918307,649122.9543319192,444.4009897808343,0.0198885680771551,2.214556943623248e-07,2.0,0.0,0.0,0.0,0.0,0.0,0.0,0.0,0.0,0.0,0.0,0.0,4.0,34.0,1.0,0.0,0.0,0.0,0.0,4.0,3.0,0.0,0.0,0.0,0.0,0.0,46.0,0.0,27.0,14.56302174,92.50243073,21.88701420269522,1.8204614569819408,0.2753927486910996,0.023652457066703,382.0,-0.2238333333333333,0.0156969985599999,36.0,0.2709522248803829,0.0231377465276519,418.0,0.5902203310709,0.6730894879476704,0.111514500398345,0.0145173604745375,20.060674391099585,2.322449260305919,"The RGSL1 gene has been implicated in various cellular processes that could relate to cancer development and progression, although its specific role remains an area of active research. RGSL1 may influence cell cycle regulation, apoptosis, and DNA repair mechanisms, which are critical for maintaining genomic integrity. Dysregulation of these pathways can lead to uncontrolled cell proliferation and tumorigenesis. Additionally, RGSL1's involvement in the cellular response to stress and damage could affect tumor microenvironment adaptation and metastasis. However, the exact mechanisms by which RGSL1 contributes to cancer pathology and its broader implications in oncogenic processes are still not fully elucidated.",0
CDH1,2649,0.1176470588235294,0.1764705882352941,0.0,0.4705882352941176,0.0,1.0,0.2352941176470588,0.0,0.717191392635433,0.0,2.6666666666666665,5.0,0.0223054960742326,1.0,0.0710580544304697,0.2589538881556477,924095.5,240.0,0.03016505,0.0003955852118762,86.0,1.0,0.0,0.0,0.0,0.0,0.0,3.0,1.0,0.0,0.0,0.0,0.0,9.0,3.0,0.0,0.0,0.0,0.0,2.0,2.0,0.0,6.0,1.0,1.0,0.0,13.0,0.0,20.0,25.59753846,122.6437763,25.844333799491,2.4687048483379472,0.2389495031055899,0.0205808208147515,161.0,-0.3133914761904763,0.032971076642308,209.0,0.2810864690026953,0.0288889311580389,370.0,3.7072736625080616,0.0904188026155718,0.1280289305188881,0.0077845142430242,19.976996645676856,1.0430641550826123,"Yes, there is a relationship between the CDH1 gene and cancer, particularly in hereditary diffuse gastric cancer (HDGC) and lobular breast cancer. CDH1 encodes the protein E-cadherin, which is crucial for cell–cell adhesion and maintaining epithelial integrity. Mutations or inactivation of CDH1 disrupt this adhesion, leading to increased cellular motility and invasion, hallmark features of cancer progression. The loss of E-cadherin function can also promote epithelial-to-mesenchymal transition (EMT), a process associated with enhanced metastatic potential. Additionally, aberrant E-cadherin expression can influence signaling pathways that regulate cell proliferation and survival, further contributing to tumorigenesis. Thus, alterations in CDH1 can significantly impact tumor initiation and progression, underscoring its role as a critical tumor suppressor gene.",0
SEC14L2,1212,0.4545454545454545,0.0,0.0,0.4545454545454545,0.0,1.0,0.0,0.0909090909090909,1.0000000000000002,0.0,0.8333333333333334,1.0,1.0,1.0,0.8741258741258742,0.991722808529376,676862.5,214.0,0.05249318,0.0,0.0,0.0,0.0,0.0,0.0,0.0,0.0,0.0,0.0,0.0,1.0,0.0,3.0,5.0,0.0,0.0,0.0,0.0,0.0,4.0,1.0,0.0,1.0,0.0,0.0,0.0,13.0,0.0,12.0,16.95869231,126.2549234,24.157786365382183,2.1419745418207654,0.2746978195488722,0.052115393174755,133.0,-0.2890385931558935,0.0247998295701506,263.0,0.2842221212121213,0.033911273835489,396.0,3.365927922991669,0.0298676926028652,0.0419446341045826,0.0066452904317182,21.14527042743624,3.610008617545144,"The SEC14L2 gene, which encodes a protein involved in lipid metabolism and cellular signaling, has been implicated in various cancer-related processes. Alterations in SEC14L2 expression can affect phospholipid composition and contribute to the dysregulation of signaling pathways such as PI3K/Akt and mTOR, which are crucial for cell growth and survival. Additionally, changes in lipid profiles due to SEC14L2 dysregulation may impact tumor microenvironment interactions and angiogenesis, further facilitating tumor progression. However, while these associations suggest potential mechanisms by which SEC14L2 could influence cancer biology, the extent and nature of its role in specific cancers remain an area for further investigation.",0
WDPCP,2241,0.3809523809523809,0.0476190476190476,0.0476190476190476,0.5238095238095238,0.0,1.0,0.0,0.0,0.9783171191717186,0.0,1.2222222222222223,1.4444444444444444,0.3055300947143293,1.0,0.6101281269066504,0.9115840755104896,334800.2,642.0,0.002547866,0.0,0.0,0.0,0.0,0.0,0.0,0.0,0.0,0.0,0.0,0.0,0.0,0.0,0.0,10.0,1.0,0.0,0.0,0.0,0.0,7.0,3.0,0.0,0.0,0.0,0.0,0.0,21.0,0.0,18.0,17.49047619,88.44068846,15.228708401538446,0.662875304928912,0.2521239393939393,0.0255634561274571,230.0,-0.2175214583333334,0.0249941041105939,48.0,0.2461708243727596,0.0255464103651453,277.0,3.5411564653776093,0.0906723191144852,0.082359618884478,0.0145777689388249,20.060674391099585,2.322449260305919,"The WDPCP gene (WД Repeat-Containing Protein) has been implicated in cellular processes such as ciliogenesis and cell signaling, which are crucial for maintaining tissue homeostasis. Dysregulation of WDPCP may influence cancer development through its role in the regulation of primary cilia and associated signaling pathways, such as Hedgehog and Wnt pathways. Abnormalities in these pathways can lead to altered cellular proliferation, migration, and differentiation, contributing to tumorigenesis. Furthermore, the expression levels of WDPCP could affect the epithelial-mesenchymal transition (EMT), a key process in cancer metastasis. Thus, while direct evidence linking WDPCP and cancer remains under investigation, its involvement in fundamental cellular functions suggests a potential relevance.",0
THOC2,4782,0.1568627450980392,0.0196078431372549,0.0392156862745098,0.7647058823529411,0.0,1.0,0.0196078431372549,0.0,0.951606272912856,0.0,4.333333333333333,4.777777777777778,0.8695652173913043,1.0,0.0666888962987662,0.2472635419940629,333292.0,444.4009897808343,0.004161829,3.1213927032439664e-05,39.0,0.0,0.0,0.0,0.0,0.0,0.0,0.0,1.0,0.0,0.0,0.0,0.0,39.0,1.0,0.0,0.0,0.0,0.0,7.0,3.0,0.0,0.0,0.0,1.0,0.0,50.0,0.0,33.0,22.95946,52.80314356,25.176636737062697,0.3330871914992844,0.2488398333333331,0.0301004531108963,120.0,-0.2757288495575221,0.025533843920986,113.0,0.2618804291845494,0.0279475098903322,233.0,3.6800523166452654,0.0024829378205924,0.2137272699937653,0.0482937289272537,24.59546269341841,0.5117041750050125,"The THOC2 gene is implicated in several cellular processes, including RNA metabolism and gene expression regulation. Alterations in THOC2 expression or function could potentially disrupt these processes, leading to aberrant gene expression profiles commonly associated with cancer. Studies suggest that dysfunctional RNA processing and splicing, which may involve THOC2, can contribute to oncogenic transformations by affecting the stability and translation of mRNAs that regulate cell proliferation and apoptosis. Additionally, changes in THOC2 could impact the cellular response to stress, furthering the potential for tumorigenesis. However, specific mechanisms linking THOC2 directly to cancer development remain an area of ongoing research.",0
TRIM23,1725,0.1538461538461538,0.0769230769230769,0.0769230769230769,0.4615384615384615,0.0,1.0,0.1538461538461538,0.0769230769230769,0.8336995972754957,0.0,2.0,3.6666666666666665,0.2392916965781287,1.0,0.5192107995846313,0.8595250848265492,421173.5,406.0,0.02806458,0.0007783757912474,145.0,0.0,0.0,0.0,0.0,0.0,0.0,1.0,1.0,0.0,1.0,0.0,0.0,6.0,1.0,0.0,0.0,0.0,0.0,2.0,1.0,0.0,2.0,0.0,1.0,0.0,10.0,0.0,13.0,24.7714,107.2634934,17.626377139608405,2.4940859005325366,0.2290891666666667,0.0104254631522408,120.0,-0.2700113879003559,0.0225897824219954,281.0,0.2577653366583544,0.0192664707549488,401.0,3.374858780467201,0.0090022273973968,0.0712493326418936,0.005519069464236,20.060674391099585,2.322449260305919,"Yes, there is a relationship between the TRIM23 gene and cancer. TRIM23 is part of the tripartite motif (TRIM) protein family, which is involved in various cellular processes, including ubiquitination, protein stabilization, and regulation of signaling pathways. Dysregulation of TRIM23 has been implicated in tumorigenesis, potentially through its roles in modulating the cell cycle, apoptosis, and immune responses. For instance, TRIM23 can influence the activity of key oncogenic pathways, such as the NF-κB signaling cascade, and may also affect p53 stability. Alterations in TRIM23 expression levels have been observed in various cancer types, suggesting a potential role in tumor progression and metastasis, though the precise mechanisms remain an area of active investigation.",0
NXF3,1596,0.2916666666666667,0.0,0.0,0.6666666666666666,0.0,1.0,0.0416666666666666,0.0,0.9818246423345388,0.0,2.0,2.125,1.0,1.0,0.78125,0.9741094358840046,456169.4,444.4009897808343,0.01587391,2.541113622486664e-06,7.0,0.0,0.0,0.0,0.0,0.0,0.0,1.0,0.0,0.0,0.0,0.0,0.0,16.0,0.0,0.0,0.0,0.0,0.0,7.0,0.0,0.0,1.0,0.0,0.0,0.0,23.0,0.0,22.0,5.168347826,35.16991878,21.88701420269522,1.8204614569819408,0.2297801724137929,0.0187033992243178,116.0,-0.280434358974359,0.025930736074801,117.0,0.2552159656652361,0.0228806642577919,233.0,1.953919254236976,0.4880789171516371,0.111514500398345,0.0145173604745375,13.066942469394071,1.8060194121352064,"The NXF3 gene, which encodes a nuclear export factor involved in mRNA transport, has been implicated in cancer through its role in the regulation of gene expression and the export of specific mRNAs. Dysregulation of NXF3 can lead to altered levels of transcripts that promote tumorigenesis or influence cancer progression by affecting pathways related to cell growth, apoptosis, and metastasis. Additionally, aberrant NXF3 activity may contribute to the molecular mechanisms governing the metastatic potential of cancer cells by modulating the expression of genes linked to invasiveness and survival in hostile environments. Thus, the interplay between NXF3 and cancer biology is an area of active investigation, highlighting the gene's potential significance in oncogenic processes.",0
DCTD,570,0.0,0.0,0.0,1.0,0.0,1.0,0.0,0.0,1.0,0.0,3.0,3.0,1.0,1.0,0.0100928542591844,0.0564788817583887,204483.1,431.0,-0.0123211,1.18218405219916e-05,12.0,0.0,0.0,0.0,0.0,0.0,0.0,0.0,0.0,0.0,0.0,0.0,0.0,3.0,0.0,0.0,0.0,0.0,0.0,0.0,0.0,0.0,0.0,0.0,0.0,0.0,3.0,0.0,3.0,27.56666667,3.253333333,25.493475065965946,0.5503497593475593,0.2050590410958903,0.0195587008865677,73.0,-0.2901688741721857,0.0299040390332798,302.0,0.2736008266666667,0.0289711057423629,375.0,3.5520067947334946,0.0034540327899196,0.0741752618864604,0.0119715113711186,16.872279435857685,2.8223005758945283,"The DCTD gene encodes the enzyme deoxycytidine triphosphate (dCTP) deaminase, which is involved in the regulation of nucleotide metabolism. Dysregulation of dCTP levels can lead to altered DNA synthesis and repair, potentially contributing to genomic instability—an established hallmark of cancer. Moreover, aberrant expression of DCTD might influence the balance of nucleotide pools, impacting DNA replication fidelity and the response to genotoxic stress. This imbalance can foster an environment conducive to tumor progression and maintenance, suggesting a potential role for DCTD in cancer development and progression, although further research is needed to fully elucidate its specific contributions.",0
DHX58,2037,0.3,0.1,0.0,0.6,0.0,1.0,0.0,0.0,1.0,0.0,1.5,1.75,0.339328130302002,1.0,0.1791151710549883,0.4871442354161247,2171374.0,206.0,0.03671371,8.375218802083402e-06,13.0,0.0,0.0,0.0,0.0,0.0,0.0,0.0,0.0,0.0,0.0,0.0,0.0,6.0,1.0,0.0,0.0,0.0,0.0,3.0,1.0,0.0,1.0,0.0,0.0,0.0,10.0,0.0,11.0,16.4272,131.9055208,22.074891457847755,1.3433882873283165,0.3094706153846156,0.1464624479047739,195.0,-0.2632799438202249,0.0197351751451945,178.0,0.2874278820375335,0.0863047951135129,373.0,3.3140927014894266,0.0128469644786885,0.111514500398345,0.0145173604745375,16.668724079343438,1.3890861178839171,"The DHX58 gene, also known as the melanoma differentiation associated gene 5 (MDA5), encodes a RNA helicase involved in the recognition of viral RNA and the initiation of antiviral immune responses. Its role in the immune system suggests a potential connection to cancer, as impaired immune surveillance can facilitate tumorigenesis. Additionally, DHX58 is involved in the regulation of innate immunity and apoptosis, which are crucial in preventing cancer development. Dysregulation of DHX58 may alter inflammatory responses and cellular stress mechanisms, contributing to the tumor microenvironment and potentially impacting cancer progression and response to therapy. Overall, while the exact relationship between DHX58 and cancer remains an area of ongoing research, its immunological functions indicate possible mechanisms through which it may influence carcinogenesis.",0
KLK13,834,0.0,0.0,0.0,1.0,0.0,1.0,0.0,0.0,1.0,0.0,5.0,5.0,1.0,1.0,0.3702332469455757,0.7381051739394588,490794.6,632.0,0.02179882,4.38183390045044e-07,4.0,0.0,0.0,0.0,0.0,0.0,0.0,0.0,0.0,0.0,0.0,0.0,1.0,5.0,0.0,0.0,0.0,0.0,0.0,0.0,0.0,0.0,0.0,0.0,1.0,0.0,5.0,0.0,6.0,18.206,9.97388,21.865889289317987,11.045168741922373,0.2725690909090911,0.039643014005083,187.0,-0.2567877976190477,0.0216432510771564,168.0,0.2651007605633802,0.0311018738369905,355.0,1.8674205977770872,1.3129142263597766,0.111514500398345,0.0145173604745375,20.060674391099585,2.322449260305919,"Yes, there is a relationship between the KLK13 gene and cancer. KLK13, also known as kallikrein-related peptidase 13, is part of the kallikrein gene family, which is implicated in various physiological processes, including tissue remodeling and cell signaling. Dysregulation of KLK13 expression has been associated with several cancer types, particularly in the context of prostate and breast cancers. Elevated levels of KLK13 may contribute to tumor progression by promoting angiogenesis, enhancing invasion, and altering the tumor microenvironment. Furthermore, KLK13 can influence the degradation of extracellular matrix components, thereby facilitating metastatic spread. The gene's expression profile and proteolytic activity may serve as biomarkers for cancer diagnosis and prognosis, highlighting its potential role in tumor biology.",0
QSOX1,2244,0.3,0.1,0.0,0.6,0.0,1.0,0.0,0.0,0.9397940008672035,0.0,1.5,1.75,0.3405994550408719,1.0,0.4194630872483221,0.7838841229878789,440830.7,254.0,0.009201651,9.274006006385637e-06,8.0,1.0,0.0,0.0,0.0,0.0,0.0,0.0,0.0,0.0,0.0,0.0,2.0,6.0,1.0,0.0,0.0,0.0,0.0,3.0,0.0,0.0,0.0,0.0,0.0,0.0,13.0,0.0,12.0,14.91807692,132.6822071,25.24728894636398,1.853059468239224,0.274431798941799,0.0236023218704952,378.0,-0.2293694444444444,0.0227977265368253,36.0,0.2705133333333335,0.0236385986251815,414.0,3.7166732435827066,0.0117428710694925,0.0308023769997654,0.0068681104686637,22.696445290007127,2.012595183494474,"Yes, there is a relationship between the QSOX1 gene and cancer. QSOX1 (quiescin sulfhydryl oxidase 1) has been implicated in several cancer types due to its role in redox regulation and extracellular matrix remodeling. It encodes an enzyme that catalyzes the formation of disulfide bonds, which is crucial for protein folding and stability, as well as in the modulation of reactive oxygen species (ROS) levels. Altered expression of QSOX1 has been associated with aggressive tumor phenotypes and poor prognosis, potentially due to its influence on tumor cell proliferation, invasion, and resistance to apoptosis. Additionally, QSOX1 can affect the tumor microenvironment by promoting angiogenesis and modulating immune responses, thereby impacting cancer progression and metastasis.",0
ZNF829,1542,0.2727272727272727,0.0909090909090909,0.0,0.5454545454545454,0.0,1.0,0.0909090909090909,0.0,0.8948855177025862,0.0,1.5,2.0,0.8554319931565441,1.0,0.1709693964780304,0.4729476331784731,308757.5,976.0,-0.03841842,1.7336313537839372e-06,6.0,0.0,0.0,5.0,0.0,0.0,0.0,0.0,1.0,0.0,0.0,0.0,2.0,6.0,1.0,0.0,0.0,0.0,0.0,2.0,0.0,0.0,1.0,0.0,1.0,0.0,15.0,0.0,16.0,12.11486667,118.8775558,16.126222521611556,0.2769961550041149,0.3476547297297296,0.0858111135933655,222.0,-0.3521581132075472,0.0827910266293288,159.0,0.3495340944881887,0.0843345189700331,381.0,3.1019622515368783,0.0389038694489815,0.189022531168985,0.0331150206688312,16.61619939239728,1.3928959912706222,"The ZNF829 gene, a member of the zinc finger protein family, has been implicated in various cellular processes, including transcription regulation and chromatin organization. Emerging evidence suggests a potential association between ZNF829 expression levels and cancer progression, particularly through mechanisms such as modulation of oncogenic pathways and regulation of tumor suppressor genes. Dysregulation of ZNF829 may influence cell proliferation, apoptosis, and genomic stability, contributing to tumorigenesis. Furthermore, its interactions with other regulatory proteins and non-coding RNAs could play a significant role in the epigenetic landscape of cancer cells, highlighting the need for further research to elucidate its precise contributions to cancer biology.",0
EOGT,1332,0.3,0.1,0.0,0.6,0.0,1.0,0.0,0.0,1.0,0.0,1.5,1.75,0.5219206680584552,1.0,0.9174311926605504,0.9964932993037178,263737.3,581.0,-0.00222394,1.937916577245459e-05,5.0,0.0,0.0,0.0,0.0,0.0,0.0,0.0,0.0,0.0,0.0,0.0,3.0,6.0,1.0,0.0,0.0,0.0,0.0,3.0,0.0,0.0,0.0,0.0,0.0,0.0,13.0,0.0,12.0,16.13653846,98.21151477,23.67650252659834,0.9671495576202332,0.2402768085106384,0.0208581443475987,141.0,-0.27862758974359,0.021465707639934,388.0,0.2684440489642187,0.0215521013414994,529.0,3.3977589106921826,0.011318028760259,0.0618417069377689,0.0091930749123243,20.060674391099585,2.322449260305919,"The EOGT (Episialin O-glycosyltransferase) gene encodes an enzyme involved in the modification of mucin-type O-glycans, which play crucial roles in cellular signaling and interaction. Alterations in glycosylation patterns, often mediated by enzymes like EOGT, have been implicated in cancer progression and metastasis. Aberrant expression or activity of O-glycosyltransferases can affect tumor cell behavior by influencing adhesion properties, immune evasion, and the response to extracellular signals. Additionally, altered glycosylation can modulate the stability and function of glycoproteins involved in cancer pathways, potentially contributing to tumorigenesis and poor prognoses in various malignancies. Thus, while specific links between EOGT and cancer require further investigation, its role in glycosylation suggests a possible involvement in tumor biology.",0
MAB21L3,1089,0.375,0.0,0.0,0.5,0.0,1.0,0.125,0.0,1.0,0.0,1.0,1.25,1.0,1.0,0.8936550491510277,0.9941335382750563,591845.0,538.0,0.01183669,2.857443618517952e-06,9.0,0.0,0.0,0.0,0.0,0.0,0.0,0.0,1.0,0.0,0.0,0.0,0.0,4.0,0.0,0.0,0.0,0.0,0.0,3.0,0.0,0.0,0.0,0.0,1.0,0.0,7.0,0.0,8.0,7.743,72.083502,21.88701420269522,1.8204614569819408,0.2099582222222222,0.0123891794460696,135.0,-0.2446233953488374,0.0188167623972962,215.0,0.2312525428571428,0.0165804880396471,350.0,2.322626283353467,0.5755098935836339,0.111514500398345,0.0145173604745375,20.060674391099585,2.322449260305919,"The MAB21L3 gene has been associated with certain types of cancers, although the precise mechanisms underlying this relationship are still under investigation. One proposed mechanism is that MAB21L3 may play a role in regulating cellular processes, such as apoptosis and differentiation, which are often disrupted in cancerous cells. Aberrations in the expression or function of this gene could potentially lead to altered signaling pathways that promote tumorigenesis. Additionally, MAB21L3 may interact with key transcription factors involved in oncogenic processes, thereby influencing tumor growth and metastasis. Further research is needed to elucidate the exact biological functions of MAB21L3 in the context of cancer.",0
OR4K5,972,0.2258064516129032,0.0,0.0,0.7096774193548387,0.0,1.0,0.064516129032258,0.0,0.9739549565700518,0.0,2.75,3.0,1.0,1.0,0.1382552191345223,0.4118144459929693,431653.9,854.0,-0.04865036,0.0,0.0,0.0,0.0,1.0,0.0,0.0,0.0,2.0,0.0,0.0,0.0,0.0,0.0,23.0,0.0,0.0,0.0,0.0,0.0,7.0,0.0,0.0,2.0,0.0,0.0,0.0,30.0,1.0,28.0,14.37263333,76.85116314,21.88701420269522,1.8204614569819408,0.2602932584269662,0.0475575116096616,178.0,-0.282441659574468,0.0235798058882596,235.0,0.2728958595641648,0.0339442689845142,413.0,0.0122919260150273,0.0135748768622892,0.111514500398345,0.0145173604745375,20.060674391099585,2.322449260305919,"The relationship between the OR4K5 gene and cancer is currently unclear. OR4K5 encodes an olfactory receptor, which is primarily involved in the sensory perception of smell. While some studies suggest that olfactory receptors may play a role in various biological processes, including cell signaling and proliferation, the specific mechanisms linking OR4K5 to cancer pathogenesis remain largely unexplored. Potential avenues for investigation could involve the modulation of signaling pathways that affect tumor growth or metastasis, as well as the interaction of olfactory receptors with non-canonical ligands that may impact cellular behavior in the tumor microenvironment. However, definitive evidence directly implicating OR4K5 in cancer development or progression is not yet established.",0
IK,1674,0.2,0.1,0.0,0.7,0.0,1.0,0.0,0.0,1.0,0.0,2.333333333333333,2.6666666666666665,0.6510416666666666,1.0,0.4585052728106373,0.8160401133514406,774470.0,356.0,0.03119387,0.0001037490024276,74.0,0.0,0.0,0.0,0.0,0.0,0.0,0.0,0.0,0.0,0.0,0.0,0.0,7.0,1.0,0.0,0.0,0.0,0.0,2.0,0.0,0.0,0.0,0.0,0.0,0.0,10.0,0.0,9.0,25.1609,75.09924366,25.192469183484704,0.2897010069692546,0.2586405524861877,0.0133599041085819,181.0,-0.2476887168141592,0.0162488264556794,226.0,0.2525591891891893,0.0149576937700306,407.0,3.648303724491144,0.0024963480271442,0.0891099356429959,0.0094705734334539,20.711096628391825,1.8995381250452403,"The IK gene, primarily known for its role in immune regulation and inflammation, has been implicated in various cancer contexts. Mechanistically, alterations in IK expression can influence pathways related to cell proliferation, apoptosis, and immune evasion. For instance, aberrant IK signaling may disrupt the balance of pro-inflammatory and anti-inflammatory cytokines, leading to an immune environment that favors tumor survival and growth. Additionally, the involvement of IK in the regulation of transcription factors, such as NF-κB, can further contribute to oncogenic processes by promoting the transcription of genes involved in cell survival, angiogenesis, and metastasis. Thus, the relationship between the IK gene and cancer appears to involve intricate interactions between immune modulation and tumor biology.",0
HAND1,648,0.25,0.0,0.0,0.5,0.0,1.0,0.25,0.0,1.0,0.0,1.0,1.5,1.0,1.0,0.3033060357901122,0.6651540685743387,581155.8,416.0,0.02929709,2.4241155072417744e-06,8.0,0.0,0.0,0.0,0.0,0.0,0.0,1.0,0.0,0.0,0.0,0.0,0.0,2.0,0.0,0.0,0.0,0.0,0.0,1.0,0.0,0.0,1.0,0.0,0.0,0.0,3.0,0.0,3.0,18.80766667,158.4569863,21.88701420269522,1.8204614569819408,0.2748803743315507,0.0155497557649128,187.0,-0.2429490410958903,0.0141373796564157,219.0,0.2576563300492612,0.0150050638267451,406.0,0.5208041543630976,0.7176137483138606,0.1865755736016966,0.0224587045605478,20.060674391099585,2.322449260305919,"The HAND1 gene, known for its role in cardiac and placental development, has been implicated in various cancers, although the mechanisms remain under investigation. HAND1 may influence tumorigenesis through pathways related to cell differentiation, proliferation, and apoptosis. Dysregulation of HAND1 expression has been observed in some malignancies, potentially leading to changes in the tumor microenvironment and affecting metastatic potential. For instance, HAND1 may modulate the expression of key signaling molecules and transcription factors involved in cancer progression. Additionally, its interaction with epigenetic regulatory mechanisms could contribute to altered gene expression patterns associated with oncogenesis. However, the precise role of HAND1 in cancer biology is still being elucidated.",0
ANGPTL7,1041,0.3333333333333333,0.3333333333333333,0.0,0.3333333333333333,0.0,1.0,0.0,0.0,1.0,0.0,0.5,1.0,0.3749531308586427,1.0,0.5515719801434087,0.8797478939728153,649122.9543319192,444.4009897808343,0.0198885680771551,0.0,3.0,0.0,0.0,0.0,0.0,0.0,0.0,0.0,0.0,0.0,0.0,0.0,0.0,1.0,1.0,0.0,0.0,0.0,0.0,1.0,0.0,0.0,0.0,0.0,0.0,0.0,3.0,0.0,3.0,24.34766667,211.6316163,18.74131363804036,1.9213313469841533,0.2295126041666666,0.0162689511247258,96.0,-0.2545861023622047,0.0169860472586614,254.0,0.2477088,0.0168676778581547,350.0,2.311307354168809,0.7552013911962377,0.111514500398345,0.0145173604745375,20.060674391099585,2.322449260305919,"The ANGPTL7 gene has been implicated in various cancer research studies, suggesting a potential relationship between its expression and tumorigenesis. ANGPTL7 is involved in the regulation of angiogenesis and lipid metabolism, both of which play critical roles in cancer development and progression. Altered expression of ANGPTL7 may influence the tumor microenvironment by affecting vascularization and cellular proliferation. Moreover, its interactions with signaling pathways related to inflammation and cell growth could contribute to the hallmarks of cancer, such as sustained proliferative signaling and evasion of growth suppressors. However, the precise mechanisms by which ANGPTL7 contributes to cancer are still under investigation, highlighting the need for further research to clarify its role in oncogenesis.",0
INSIG2,678,1.0,0.0,0.0,0.0,0.0,1.0,0.0,0.0,1.0,0.0,0.0,0.0,1.0,1.0,1.0,1.0,190880.1,537.0,0.007743495,2.468699157700453e-05,35.0,0.0,0.0,0.0,0.0,0.0,0.0,0.0,0.0,0.0,0.0,0.0,0.0,0.0,0.0,0.0,0.0,0.0,0.0,4.0,0.0,0.0,0.0,0.0,0.0,0.0,4.0,0.0,4.0,9.99725,4.280248917,18.912009229697983,1.871548404689012,0.2075284916201117,0.0103283739623187,179.0,-0.2503457142857143,0.0309754444668202,63.0,0.2186751239669422,0.015951697366997,242.0,3.44693514403334,0.008382929835698,0.025685150831064,0.0028974569670201,16.9661695782248,1.6143853577004204,"The INSIG2 gene has been linked to cancer through its role in the regulation of cholesterol metabolism and lipid biosynthesis, both of which are critical for cellular proliferation and tumor growth. INSIG2 encodes a protein that inhibits the activity of sterol regulatory element-binding proteins (SREBPs), which are transcription factors that promote lipogenic gene expression. Dysregulation of this pathway can lead to altered lipid homeostasis, supporting cancer cell survival, proliferation, and metastasis. Additionally, variations in the INSIG2 gene have been associated with susceptibility to certain cancer types, suggesting that genetic polymorphisms may influence cancer risk by affecting lipid metabolism and signaling pathways involved in tumorigenesis. Thus, the gene may act as a modulator of metabolic processes that contribute to the development and progression of cancer.",0
STH,387,0.75,0.0,0.0,0.25,0.0,1.0,0.0,0.0,1.0,0.0,0.25,0.25,1.0,1.0,0.940733772342427,0.9982079956348172,365924.6,469.0,0.01826449,0.0,0.0,0.0,0.0,0.0,0.0,0.0,0.0,0.0,0.0,0.0,0.0,0.0,0.0,1.0,0.0,0.0,0.0,0.0,0.0,3.0,0.0,0.0,0.0,0.0,0.0,0.0,4.0,0.0,3.0,6.041,33.515462,21.88701420269522,1.8204614569819408,0.2325754838709678,0.0131321101319267,186.0,-0.2609587845303869,0.0190343025907366,181.0,0.24657378746594,0.0162008633875284,367.0,0.5312361851589544,0.6330781444275677,0.111514500398345,0.0145173604745375,20.060674391099585,2.322449260305919,"The STH gene, which is involved in metabolic processes and cellular homeostasis, may have potential implications in cancer biology, though research on its direct role is still emerging. Abnormal expression levels of STH can lead to dysregulation of metabolic pathways, contributing to the altered energy metabolism often observed in cancer cells, a phenomenon known as the Warburg effect. Furthermore, STH's involvement in oxidative stress response could influence the tumor microenvironment, where high levels of reactive oxygen species might promote genomic instability and oncogenic transformations. These mechanisms suggest that variations in STH activity could be linked to tumorigenesis and cancer progression, but further investigations are necessary to elucidate the specific pathways and interactions involved.",0
LRRC31,1659,0.1666666666666666,0.0833333333333333,0.0833333333333333,0.6666666666666666,0.0,1.0,0.0,0.0,0.953509509058145,0.0,2.6666666666666665,3.333333333333333,0.3536067892503536,1.0,0.6112469437652812,0.9121358424086524,404284.6,689.0,0.0131907,0.0,0.0,1.0,0.0,0.0,0.0,0.0,0.0,0.0,0.0,0.0,0.0,0.0,0.0,8.0,1.0,0.0,0.0,0.0,0.0,2.0,1.0,0.0,0.0,0.0,0.0,0.0,13.0,0.0,13.0,17.09207692,91.66306274,17.185812694162312,2.021943968214626,0.4215293908629443,0.1214985389889411,394.0,-0.2382750909090908,0.0211444210773063,55.0,0.3990817594654789,0.1127488678614063,449.0,2.0999531911424887,1.2679229493844102,0.111514500398345,0.0145173604745375,14.37198505627588,2.4149967295611656,"The LRRC31 gene encodes a protein that is implicated in cell adhesion and signaling pathways, which are critical for various cellular processes including proliferation, migration, and differentiation. Dysregulation of these processes can lead to tumorigenesis. Some studies suggest that alterations in the expression levels of LRRC31 may influence tumor behavior and metastasis, potentially through modulation of epithelial-to-mesenchymal transition (EMT) markers or interaction with other signaling pathways like Wnt or Notch, which are known to play pivotal roles in cancer progression. However, the exact mechanisms by which LRRC31 contributes to cancer development and progression remain to be fully elucidated, indicating a need for further research in this area.",0
SCARF1,2493,0.1764705882352941,0.0,0.0,0.8235294117647058,0.0,1.0,0.0,0.0,1.0,0.0,3.5,3.5,1.0,1.0,0.7267441860465116,0.9587069327842672,1361271.0,198.0,0.02684971,0.0,0.0,0.0,0.0,0.0,0.0,0.0,0.0,0.0,0.0,0.0,0.0,0.0,0.0,15.0,0.0,0.0,0.0,0.0,0.0,3.0,0.0,0.0,0.0,1.0,0.0,0.0,17.0,0.0,16.0,12.74629412,61.77343097,20.24221869182693,2.7876136721408424,0.2374428409090909,0.0312799260642502,88.0,-0.2769316235294117,0.0206731562834428,425.0,0.2701577192982455,0.0226571415141241,513.0,3.16009827202714,0.0283376988313317,0.111514500398345,0.0145173604745375,22.9475375292778,1.776215314769252,"The SCARF1 (Scavenger receptor class F member 1) gene has gained attention in research related to cancer due to its role in regulating immune responses and inflammation. Dysregulated expression of SCARF1 may affect the tumor microenvironment, potentially influencing tumor progression and metastatic behavior. SCARF1 is involved in modulating the uptake of modified lipoproteins and apoptotic cells, which can alter the inflammatory milieu and immune evasion mechanisms utilized by tumors. Furthermore, its interaction with immune cells may play a crucial role in either promoting or suppressing tumor growth, depending on the context of its expression and the surrounding cellular environment. Thus, altered SCARF1 function could contribute to the complexities of cancer development and response to therapy.",0
HOXA6,702,0.375,0.125,0.0,0.5,0.0,1.0,0.0,0.0,1.0,0.0,1.0,1.25,0.3119151590767311,1.0,0.6246096189881324,0.9185686658429592,356045.0,385.0,0.02835226,0.0,0.0,0.0,3.0,0.0,0.0,0.0,0.0,0.0,0.0,0.0,0.0,0.0,0.0,4.0,1.0,0.0,0.0,0.0,0.0,3.0,0.0,0.0,0.0,0.0,0.0,0.0,11.0,0.0,10.0,21.64681818,92.20368136,21.88701420269522,1.8204614569819408,0.3087242380952382,0.0414975433901102,420.0,-0.2493647999999999,0.0179511670225945,75.0,0.2997303838383838,0.0383402479692855,495.0,2.261221118860871,0.5058119395432911,0.2845503817650976,0.0367434476729827,13.68102240724188,1.510046298334507,"Yes, there is evidence suggesting a relationship between the HOXA6 gene and cancer. HOXA6 is part of the homeobox gene family, which plays essential roles in regulation of gene expression during development and differentiation. In the context of cancer, dysregulation of HOXA6 has been implicated in promoting tumorigenesis by influencing processes such as cell proliferation, apoptosis, and invasion. Specifically, aberrant expression of HOXA6 may contribute to the epithelial-to-mesenchymal transition (EMT), a critical feature enabling cancer cells to acquire migratory and invasive capabilities. Additionally, HOXA6 can influence signaling pathways that modulate stemness and resistance to therapy, thereby enhancing the aggressiveness of certain malignancies. Overall, the mechanistic interplay between HOXA6 and various oncogenic pathways underscores its potential role in cancer biology.",0
TPK1,732,0.0,0.0909090909090909,0.0909090909090909,0.7272727272727273,0.0,1.0,0.0909090909090909,0.0,0.8224908743082041,0.0,8.0,11.0,0.2916302128900554,1.0,0.3972983710766786,0.7640316710978065,123029.1,998.0,-0.01662473,0.0,1.0,0.0,0.0,0.0,0.0,0.0,0.0,0.0,1.0,0.0,0.0,0.0,3.0,7.0,1.0,0.0,0.0,0.0,0.0,0.0,2.0,0.0,0.0,0.0,1.0,0.0,13.0,0.0,13.0,21.606,184.3585142,22.355256003162925,0.7817052498412098,0.299735415549598,0.0264279558958618,356.0,-0.2891193525179856,0.0456486151626212,129.0,0.2968533203124998,0.0315892778511849,480.0,3.088014105547487,0.0277697119458755,0.0612413236771814,0.0051264527869946,20.060674391099585,2.322449260305919,"The TPK1 gene, which encodes a key enzyme involved in the synthesis of thiamine triphosphate from thiamine and ATP, may have a relationship with cancer through its role in cellular metabolism and energy homeostasis. Alterations in thiamine metabolism can influence cellular processes such as proliferation, apoptosis, and oxidative stress responses, which are critical in cancer development and progression. Some studies suggest that dysregulated energy metabolism in cancer cells can promote tumor growth and resistance to therapy. Additionally, aberrations in metabolic pathways, including those regulated by TPK1, can lead to changes in metabolic signaling networks, potentially affecting tumor microenvironment interactions and immune evasion. However, the direct involvement of TPK1 in specific cancer types remains to be fully elucidated.",0
ZNF146,879,0.25,0.0,0.0,0.75,0.0,1.0,0.0,0.0,1.0,0.0,2.25,2.25,1.0,1.0,0.4145936981757877,0.7796253229124955,923126.5,419.0,-0.02638197,7.671489118305748e-06,11.0,0.0,0.0,0.0,0.0,0.0,0.0,0.0,0.0,0.0,0.0,0.0,0.0,8.0,0.0,0.0,0.0,0.0,0.0,3.0,0.0,0.0,0.0,0.0,0.0,0.0,11.0,0.0,9.0,17.67190909,51.42862129,19.99738075745444,1.215633100692474,0.3375973303167421,0.0858214478378403,220.0,-0.3494184905660378,0.0839964659306186,159.0,0.3425435526315789,0.0848682903179523,379.0,3.699904508937693,0.0036753339969276,0.0609497631405314,0.0138339522805526,15.589309657724009,1.5703148108838278,"The ZNF146 gene encodes a zinc finger protein that may play a role in gene regulation and cellular processes. Alterations in ZNF146 expression have been implicated in various cancers, suggesting a potential role in tumorigenesis. The mechanisms by which ZNF146 may contribute to cancer include its involvement in the regulation of target genes associated with cell proliferation, apoptosis, and the stress response. Additionally, ZNF146 may influence chromatin remodeling and gene expression patterns through its zinc finger motifs, which can impact oncogenic signaling pathways and cellular behavior. However, the precise role of ZNF146 in cancer biology remains an active area of research, and further investigation is needed to fully elucidate its contributions.",0
RPS6KA6,2238,0.2727272727272727,0.1363636363636363,0.0,0.5,0.0,1.0,0.0909090909090909,0.0,0.8816640828282336,0.0,1.5714285714285714,2.2857142857142856,0.2536783358701167,1.0,0.8250825082508251,0.983722679576834,19108.12,444.4009897808343,-0.02208107,0.0001632310846742,36.0,0.0,0.0,0.0,0.0,0.0,0.0,1.0,1.0,0.0,0.0,0.0,1.0,11.0,3.0,0.0,0.0,0.0,0.0,5.0,1.0,0.0,1.0,0.0,1.0,0.0,21.0,0.0,20.0,20.53752381,88.28278726,17.41788138812895,5.608193392382717,0.21204125,0.0093094182278947,96.0,-0.2783725954198472,0.0268181036439812,131.0,0.2503205726872247,0.0204181576417059,227.0,2.9797049541686693,0.1145348717291667,0.3397571912094158,0.0531768300664554,16.70267254920443,1.53052422532089,"The RPS6KA6 gene, which encodes a member of the ribosomal S6 kinase family, has been implicated in various cellular processes, including cell growth, proliferation, and survival, which are critical for cancer development. Aberrant expression or function of RPS6KA6 may influence key signaling pathways, such as the MAPK/ERK pathway, thereby affecting oncogenic transformation. Elevated activity of RPS6KA6 has been associated with enhanced cell proliferation and resistance to apoptosis, both of which are hallmarks of cancer. Additionally, its involvement in the regulation of mRNA translation and cytoskeletal dynamics may further contribute to tumorigenesis and metastasis by altering cellular morphology and motility. Thus, RPS6KA6 may play a significant role in cancer biology, though specific mechanisms and clinical implications remain to be fully elucidated.",0
C1ORF131,882,0.125,0.125,0.0,0.625,0.0,1.0,0.125,0.0,0.9166666666666666,0.0,2.5,3.5,0.5336179295624333,1.0,0.7267441860465116,0.9587069327842672,383865.9,603.0,0.01382773,0.0,1.0,0.0,0.0,0.0,0.0,0.0,0.0,1.0,0.0,0.0,0.0,0.0,0.0,5.0,1.0,0.0,0.0,0.0,0.0,1.0,0.0,0.0,1.0,0.0,0.0,0.0,7.0,0.0,8.0,14.631,70.834377,20.49251865345747,1.550514999973697,0.2895342587601078,0.0274165087612734,371.0,-0.2562635999999999,0.0279931878479999,50.0,0.2855828741092637,0.0275346381533865,421.0,3.2859130451328267,0.0066008431335971,0.0303408316326419,0.0030547256515295,20.060674391099585,2.322449260305919,"The relationship between the C1ORF131 gene and cancer is currently not well-established, but emerging research suggests potential involvement in tumor biology. C1ORF131 may play a role in cellular processes such as apoptosis, proliferation, and DNA repair, mechanisms that are often dysregulated in cancer. Alterations in the expression of this gene could therefore contribute to the neoplastic process, potentially influencing tumor growth and response to stressors like DNA damage. Additionally, if C1ORF131 is implicated in specific signaling pathways or interacts with oncogenes or tumor suppressor genes, this could further elucidate its relevance in cancer pathogenesis. However, definitive conclusions require more targeted studies.",0
GTF2H3,927,0.6666666666666666,0.0,0.0,0.1666666666666666,0.0,1.0,0.1666666666666666,0.0,1.0,0.0,0.2,0.4,1.0,1.0,0.9615384615384616,0.9992506857243092,871639.9,315.0,0.04018774,2.116963891824188e-05,16.0,0.0,0.0,0.0,0.0,0.0,0.0,0.0,1.0,0.0,0.0,0.0,1.0,1.0,0.0,0.0,0.0,0.0,0.0,3.0,1.0,0.0,0.0,0.0,1.0,0.0,6.0,0.0,7.0,11.74316667,82.93788017,22.93428018932323,1.1622144882245773,0.2236490780141843,0.0153759878198581,141.0,-0.2308506622516557,0.0177748653808918,151.0,0.2273731849315066,0.0165726791997869,292.0,3.452218810809308,0.0033398576601167,0.103250613715169,0.0079468400262953,13.065053979781116,0.7392701925649309,"The GTF2H3 gene, which encodes a subunit of the general transcription factor IIH complex, has been implicated in various cellular processes, including transcription initiation and DNA repair. Dysregulation or mutations in GTF2H3 can potentially compromise the cellular response to DNA damage, leading to genomic instability, a hallmark of cancer. Specifically, its involvement in nucleotide excision repair pathways suggests that alterations in GTF2H3 may impair the repair of UV-induced DNA lesions, contributing to carcinogenesis. Additionally, its role in modulating transcriptional responses to stressors may further influence tumor development and progression. However, the relationship between GTF2H3 and specific cancer types requires further investigation to elucidate the underlying mechanisms and clinical significance.",0
BMI1,981,0.5,0.125,0.0,0.375,0.0,1.0,0.0,0.0,1.0,0.0,0.6,0.8,0.3176620076238882,1.0,0.9460737937559128,0.9985191172072854,195914.8,462.0,0.02308682,0.0025866721006338,359.0,0.0,0.0,0.0,0.0,0.0,0.0,0.0,0.0,0.0,0.0,0.0,0.0,3.0,1.0,0.0,0.0,0.0,0.0,4.0,0.0,0.0,0.0,0.0,0.0,0.0,8.0,0.0,7.0,20.212,151.2722411,21.88701420269522,1.8204614569819408,0.2651467883211678,0.0275484591866681,137.0,-0.338767634854772,0.0775660030464661,241.0,0.3120849470899471,0.0605725519290423,378.0,3.533816339485792,0.0098021745344521,0.0794966664218599,0.0116181332065142,20.060674391099585,2.322449260305919,"Yes, there is a relationship between the BMI1 gene and cancer. BMI1 is a member of the Polycomb group (PcG) proteins, which are involved in the epigenetic regulation of gene expression through the modification of chromatin. It plays a crucial role in stem cell self-renewal and differentiation processes, and its overexpression has been implicated in various cancers. The mechanism underlying its oncogenic potential includes the suppression of tumor suppressor genes, such as p16INK4a and p19ARF, which are critical in regulating the cell cycle and cellular senescence. Additionally, BMI1 can influence pathways related to proliferation and survival, such as the Wnt and Hedgehog signaling pathways, thus contributing to tumorigenesis and the maintenance of cancer stem cell properties. The dysregulation of BMI1 has been associated with poor prognosis and resistance to therapy in several malignancies.",0
PARP4,5175,0.3103448275862069,0.0344827586206896,0.0,0.6206896551724138,0.0,1.0,0.0,0.0,0.9858036667268664,0.0344827586206896,1.8,2.0,0.6583278472679395,1.0,0.1039392994491217,0.3392524903210816,340064.6,606.0,0.03947655,2.9748693423574937e-06,7.0,0.0,0.0,0.0,0.0,0.0,0.0,0.0,0.0,0.0,0.0,0.0,0.0,18.0,1.0,0.0,0.0,0.0,0.0,9.0,1.0,0.0,0.0,0.0,0.0,0.0,29.0,0.0,25.0,14.462,118.6612585,25.545260424675405,0.5285075001542173,0.2971141530054644,0.0580906577815588,183.0,-0.2787016271186439,0.023017600461289,295.0,0.2857507740585772,0.0364317884046407,478.0,3.718572956672322,0.0062726680094941,0.111514500398345,0.0145173604745375,25.17606084948053,1.3057673891550796,"The PARP4 gene, which encodes a member of the poly(ADP-ribose) polymerase family, has been implicated in various cellular processes including DNA repair, chromatin remodeling, and regulation of transcription. Alterations in PARP4 expression and function may impact genomic stability, which is a hallmark of cancer. Specifically, the gene's involvement in modulating the response to DNA damage could influence tumorigenesis, as impaired DNA repair mechanisms may lead to the accumulation of mutations. Additionally, PARP4 has been linked to the regulation of cell cycle progression and apoptosis, further contributing to cancer cell proliferation and survival. Hence, dysregulation of PARP4 may play a role in both the initiation and progression of certain cancers through its effects on these critical cellular pathways.",0
CHMP1B,600,0.0,0.0,0.0,1.0,0.0,1.0,0.0,0.0,1.0,0.0,1.0,1.0,1.0,1.0,0.7993605115907274,0.9783718876776772,649122.9543319192,444.4009897808343,0.0198885680771551,6.612517692431458e-05,23.0,0.0,0.0,0.0,0.0,0.0,0.0,0.0,0.0,0.0,0.0,0.0,0.0,1.0,0.0,0.0,0.0,0.0,0.0,0.0,0.0,0.0,0.0,0.0,0.0,0.0,1.0,0.0,1.0,4.007,0.0,26.914983748472284,0.382115178771229,0.2590656250000001,0.0252413687590277,208.0,-0.2974926146788991,0.0266977253419798,218.0,0.2787301408450706,0.0262953989340977,426.0,3.6083480814606417,0.00357418143881,0.0684285842964205,0.00934581905608,15.306855464914598,1.2160950323074755,"The CHMP1B gene has been implicated in various cellular processes, including those that govern the endosomal sorting and degradation of membrane proteins, which can influence cell signaling and proliferation. Dysregulation of CHMP1B can potentially lead to aberrant cellular signaling pathways, contributing to tumorigenesis. Notably, mutations or altered expression levels of CHMP1B may affect the tumor microenvironment and promote cancer cell survival by facilitating the evasion of apoptosis, influencing autophagy, or modifying immune responses. Additionally, its role in the maintenance of genomic stability suggests that disruptions in CHMP1B function could lead to genomic instability, a hallmark of many cancers. However, specific mechanisms linking CHMP1B directly to cancer remain an area of active investigation.",0
ABCA5,4929,0.1555555555555555,0.1111111111111111,0.0222222222222222,0.5555555555555556,0.0,1.0,0.1555555555555555,0.0,0.8053451358179009,0.0,3.125,4.75,0.3260515161395499,1.0,0.6863417982155113,0.9446667997344322,52619.81,314.0,-0.04953827,4.015032852382306e-07,2.0,0.0,0.0,0.0,0.0,0.0,0.0,6.0,1.0,0.0,0.0,0.0,0.0,25.0,5.0,0.0,0.0,0.0,0.0,7.0,1.0,0.0,6.0,0.0,1.0,0.0,38.0,0.0,31.0,22.79181579,94.37305729,18.733612424711897,3.2468284567455123,0.2808362396694215,0.0377148465928551,242.0,-0.2243459259259259,0.0127804305183526,135.0,0.2606076127320957,0.0294638146730091,377.0,3.4857445105667533,0.0223562483505903,0.0878964145931281,0.0112734670991855,15.94522346283572,1.4639886437376537,"Yes, there is a relationship between the ABCA5 gene and cancer. ABCA5, an ATP-binding cassette transporter, has been implicated in cellular processes such as lipid metabolism, cellular signaling, and the regulation of tumor microenvironments. Altered expression levels of ABCA5 have been observed in various cancers, suggesting a role in tumorigenesis and cancer progression. Potential mechanisms include its involvement in modulating the metabolism of bioactive lipids, which can influence cell proliferation and apoptosis, and its potential interaction with key signaling pathways that regulate cancer cell survival and migration. Moreover, ABCA5 may affect the efflux of chemotherapeutic agents, thereby influencing drug resistance in cancer cells.",0
SYNDIG1,777,0.4,0.0,0.05,0.55,0.0,1.0,0.0,0.0,1.0,0.0,1.2222222222222223,1.3333333333333333,0.4697040864255519,1.0,0.6925207756232687,0.9469647094671984,178966.8,927.0,-0.03667065,4.026255660328593e-07,2.0,0.0,0.0,0.0,0.0,0.0,0.0,0.0,0.0,0.0,0.0,0.0,0.0,11.0,0.0,0.0,0.0,0.0,0.0,8.0,1.0,0.0,0.0,0.0,0.0,0.0,20.0,0.0,18.0,15.07615,108.6048357,20.290897398755,0.1744238095266614,0.3094139221556886,0.0419889566275134,334.0,-0.2431112345679012,0.0185921675659567,81.0,0.2964729156626507,0.0380586372337488,415.0,2.8956420943687684,0.1750854040765459,0.1808654464793741,0.0263899347810141,18.024333504128336,4.872585455742253,"The SYNDIG1 gene has been implicated in various cellular processes, and emerging research suggests a potential relationship between its expression and cancer progression. SYNDIG1 is believed to play a role in modulating cellular signaling pathways and influencing cellular adhesion, migration, and survival. Its dysregulation may contribute to cancer by promoting tumorigenic properties, including enhanced cell proliferation, invasion, and metastasis. Additionally, SYNDIG1 could interact with extracellular matrix components and participate in the epithelial-mesenchymal transition (EMT), a critical process in cancer metastasis. Overall, while the exact mechanisms linking SYNDIG1 to cancer are still being elucidated, its involvement in key biological pathways suggests that it may play a role in tumor development and progression.",0
CACNA1E,6942,0.2461538461538461,0.0153846153846153,0.0076923076923076,0.7,0.0,1.0,0.023076923076923,0.0076923076923076,0.9676749672891092,0.0,2.757575757575758,2.9696969696969697,0.9765625,1.0,0.0694589150517469,0.2547072203614793,111355.8,832.0,0.0096536219999999,4.110081547836592e-07,2.0,0.0,0.0,0.0,0.0,0.0,0.0,3.0,0.0,0.0,1.0,0.0,8.0,88.0,2.0,0.0,0.0,0.0,0.0,32.0,4.0,0.0,4.0,1.0,0.0,0.0,133.0,0.0,94.0,21.60690226,103.7832756,22.956975359651366,0.2336673589058437,0.2751157742782153,0.0242551559192015,381.0,-0.2192155555555555,0.0159095429968254,36.0,0.270289856115108,0.0237417682182484,416.0,2.6393443952852227,0.3618669625658839,0.3256439623537244,0.0378318620236279,24.01515410517071,0.5549458659911184,"The CACNA1E gene encodes the alpha-1E subunit of voltage-dependent calcium channels, which play a crucial role in regulating intracellular calcium levels that influence various cellular functions, including proliferation and apoptosis. Aberrant calcium signaling has been implicated in oncogenesis, as altered calcium influx can enhance cell survival and promote the proliferation of cancer cells. Furthermore, calcium channels like those encoded by CACNA1E may contribute to the tumor microenvironment by affecting cell-to-cell communication and modulating the behavior of adjacent stromal cells. Studies have suggested potential associations between altered expression of calcium channel genes and specific cancer types, indicating a need for further investigation into the precise mechanisms linking CACNA1E to tumor biology.",0
COL11A1,5457,0.1884057971014492,0.0869565217391304,0.0797101449275362,0.6304347826086957,0.0217391304347826,0.9915172499385684,0.0144927536231884,0.0,0.8747663089826194,0.0,3.2222222222222223,4.148148148148148,0.0132994640315995,0.5246589716684156,0.8971668415529905,0.82539360717455,37620.0,742.0,-0.01974511,0.0,1.0,0.0,0.0,0.0,0.0,0.0,0.0,2.0,0.0,0.0,0.0,0.0,5.0,85.0,12.0,0.0,0.0,0.0,0.0,25.0,21.0,0.0,2.0,2.0,0.0,0.0,145.0,1.0,97.0,25.11656552,129.1325293,24.36849710634784,4.70528070460929,0.2443909999999999,0.0432866984611764,119.0,-0.2465187341772154,0.0210978804772044,236.0,0.2458035294117646,0.0284566785616655,355.0,3.4198438169447147,0.2746436102017685,0.111514500398345,0.0145173604745375,17.492884236023677,3.179737858003372,"Yes, there is a relationship between the COL11A1 gene and cancer. COL11A1 encodes a collagen type that plays a significant role in extracellular matrix (ECM) composition and structure, and its dysregulation has been implicated in tumor progression. Elevated expression of COL11A1 has been associated with increased cell proliferation, migration, and invasion in various cancer types, possibly through mechanisms involving modulation of ECM stiffness and cellular signaling pathways. This dysregulated expression can enhance the epithelial-mesenchymal transition (EMT), a critical process in metastasis, leading to a more aggressive tumor phenotype. Additionally, COL11A1 may interact with growth factors and cytokines in the tumor microenvironment, further influencing cancer cell behavior and promoting tumorigenesis.",0
TTN,107976,0.2114093959731543,0.072986577181208,0.0033557046979865,0.6778523489932886,0.0,1.0,0.0302013422818791,0.0041946308724832,0.9221814205738876,0.0,3.1936758893280635,3.7154150197628457,0.3298153034300791,1.0,0.00172,0.0126685412996296,172693.3,713.0,0.02289211,0.0004407189879804,46.0,1.0,0.0,0.0,0.0,0.0,0.0,25.0,11.0,0.0,5.0,0.0,186.0,801.0,87.0,0.0,0.0,0.0,0.0,251.0,14.0,0.0,38.0,5.0,14.0,0.0,1324.0,0.0,438.0,19.14321375,160.7953071,24.3588279495047,2.787631008026461,0.2547972532188841,0.0273441285406985,232.0,-0.2152023076923077,0.0127444355805288,65.0,0.2461607718120804,0.0243742714280218,297.0,3.636468987836555,0.1077373733915817,0.111514500398345,0.0145173604745375,22.7114088454378,20.90395912263003,"Yes, there is a relationship between the TTN gene and cancer. The TTN gene encodes for titin, a large protein essential for sarcomere structure and function in muscle cells. Disruptions or mutations in the TTN gene can lead to alterations in cellular mechanics and signaling, which may contribute to tumorigenesis. Additionally, somatic mutations in TTN have been identified in various cancer types, potentially affecting cellular pathways related to cell proliferation, apoptosis, and differentiation. The protein's role in the integrity of the cytoskeleton and mechanotransduction also suggests that TTN mutations might influence the tumor microenvironment and metastasis, providing a link between its dysfunction and cancer progression.",0
DST,15516,0.2457627118644068,0.0762711864406779,0.0,0.5932203389830508,0.0,1.0,0.0847457627118644,0.0,0.9006212695427738,0.0,2.333333333333333,2.966666666666667,0.8976660682226212,1.0,0.9009009009009008,0.9949189327245428,403209.3,446.0,0.02327611,0.0003301431741445,42.0,0.0,0.0,0.0,0.0,0.0,0.0,7.0,3.0,0.0,0.0,0.0,54.0,113.0,15.0,0.0,0.0,0.0,0.0,38.0,3.0,0.0,13.0,1.0,5.0,0.0,214.0,0.0,124.0,16.85217757,101.9031858,25.556419400612,1.6393060204492955,0.2714240594059405,0.0306815493844342,196.0,-0.2460210399999999,0.0283124793884258,122.0,0.2617134250764525,0.0298391659992758,317.0,3.914211674422064,0.0322380538325118,0.0608933132306183,0.0138823493543669,22.77710378363317,1.3000343796920315,"The DST (Dystonin) gene, which encodes a protein involved in maintaining the structural integrity of cell membranes and the cytoskeleton, has been implicated in various cellular processes that could relate to cancer biology. Disruptions in cell adhesion, migration, and signaling pathways due to alterations in the DST gene may contribute to the metastatic potential of cancer cells. Furthermore, the protein's role in maintaining cellular architecture suggests that aberrations in DST expression or function could impact tumor microenvironment interactions, potentially influencing tumor growth and progression. Studies have indicated that dysregulation of cytoskeletal components can affect cellular responses to stress and apoptosis, providing additional pathways through which DST may interrelate with cancer development. However, the specific mechanisms are still under investigation, and further research is needed to elucidate the direct relationships between DST and various cancer types.",0
